============================================================
BR-LoRA PIPELINE: batch_0038
Started: Sun Aug 16 01:30:29 EDT 2026
============================================================


==============================================================================
BR-LoRA EXTERNAL EVALUATION CONSTRUCTION
==============================================================================

Evaluation
------------------------------------------------------------------------------
Evaluation name          : br_lora_external_evaluation
Checkpoint               : /Users/bhanugarg/Desktop/localized-medical-image-synthesis/checkpoints/br_lora_full_train/final.pt
Device                   : mps
Seed                     : 42
Posterior realizations   : 100
Fixed diffusion noise    : True
Timestep fraction        : 0.75
Resume mode              : False

External dataset
------------------------------------------------------------------------------
Specification            : /Users/bhanugarg/archive/BraTS2020_ValidationData/MICCAI_BraTS2020_ValidationData/validation_dataset.yaml
Dataset root             : /Users/bhanugarg/archive/BraTS2020_ValidationData/MICCAI_BraTS2020_ValidationData
Registered subjects      : 125

Evaluation manifest
------------------------------------------------------------------------------
Manifest                 : /Users/bhanugarg/Desktop/localized-medical-image-synthesis/downstream_evaluation/manifests/br_lora_library_design_10000/batches/batch_0038_external_evaluation_manifest.csv
Cases                    : 250

BR-LoRA
------------------------------------------------------------------------------
Variational modules      : 7
Variational parameters   : 36,104
Donor image channel      : 0

Provenance
------------------------------------------------------------------------------
Git commit               : 35f169f8d879ca3e8fff921419a96451e704ba28
Future output directory  : /Users/bhanugarg/archive/br_lora_library_staging/batch_0038

==============================================================================
CONSTRUCTION VERDICT: PASS
The fitted BR-LoRA checkpoint, registered external dataset, fixed evaluation manifest, and diffusion schedule were constructed successfully.
==============================================================================

==============================================================================
RUNNING EXTERNAL POSTERIOR INFERENCE
==============================================================================

[1/250] synthetic_009251
  Case seed              : 433255656
  External subject       : BraTS20_Validation_116
  External slice         : 21
  Donor mask pixels      : 366
  Posterior stack        : (100, 1, 1, 240, 240)
  Case output            : /Users/bhanugarg/archive/br_lora_library_staging/batch_0038/synthetic_009251
  Verdict                : PASS

[2/250] synthetic_009252
  Case seed              : 378752502
  External subject       : BraTS20_Validation_116
  External slice         : 21
  Donor mask pixels      : 934
  Posterior stack        : (100, 1, 1, 240, 240)
  Case output            : /Users/bhanugarg/archive/br_lora_library_staging/batch_0038/synthetic_009252
  Verdict                : PASS

[3/250] synthetic_009253
  Case seed              : 1704744226
  External subject       : BraTS20_Validation_116
  External slice         : 22
  Donor mask pixels      : 627
  Posterior stack        : (100, 1, 1, 240, 240)
  Case output            : /Users/bhanugarg/archive/br_lora_library_staging/batch_0038/synthetic_009253
  Verdict                : PASS

[4/250] synthetic_009254
  Case seed              : 2128760177
  External subject       : BraTS20_Validation_116
  External slice         : 22
  Donor mask pixels      : 786
  Posterior stack        : (100, 1, 1, 240, 240)
  Case output            : /Users/bhanugarg/archive/br_lora_library_staging/batch_0038/synthetic_009254
  Verdict                : PASS

[5/250] synthetic_009255
  Case seed              : 1727516177
  External subject       : BraTS20_Validation_116
  External slice         : 23
  Donor mask pixels      : 800
  Posterior stack        : (100, 1, 1, 240, 240)
  Case output            : /Users/bhanugarg/archive/br_lora_library_staging/batch_0038/synthetic_009255
  Verdict                : PASS

[6/250] synthetic_009256
  Case seed              : 1766867276
  External subject       : BraTS20_Validation_116
  External slice         : 23
  Donor mask pixels      : 1416
  Posterior stack        : (100, 1, 1, 240, 240)
  Case output            : /Users/bhanugarg/archive/br_lora_library_staging/batch_0038/synthetic_009256
  Verdict                : PASS

[7/250] synthetic_009257
  Case seed              : 2076304313
  External subject       : BraTS20_Validation_116
  External slice         : 24
  Donor mask pixels      : 1093
  Posterior stack        : (100, 1, 1, 240, 240)
  Case output            : /Users/bhanugarg/archive/br_lora_library_staging/batch_0038/synthetic_009257
  Verdict                : PASS

[8/250] synthetic_009258
  Case seed              : 222435399
  External subject       : BraTS20_Validation_116
  External slice         : 24
  Donor mask pixels      : 1210
  Posterior stack        : (100, 1, 1, 240, 240)
  Case output            : /Users/bhanugarg/archive/br_lora_library_staging/batch_0038/synthetic_009258
  Verdict                : PASS

[9/250] synthetic_009259
  Case seed              : 1597088287
  External subject       : BraTS20_Validation_116
  External slice         : 25
  Donor mask pixels      : 1308
  Posterior stack        : (100, 1, 1, 240, 240)
  Case output            : /Users/bhanugarg/archive/br_lora_library_staging/batch_0038/synthetic_009259
  Verdict                : PASS

[10/250] synthetic_009260
  Case seed              : 232546372
  External subject       : BraTS20_Validation_116
  External slice         : 25
  Donor mask pixels      : 303
  Posterior stack        : (100, 1, 1, 240, 240)
  Case output            : /Users/bhanugarg/archive/br_lora_library_staging/batch_0038/synthetic_009260
  Verdict                : PASS

[11/250] synthetic_009261
  Case seed              : 1247684734
  External subject       : BraTS20_Validation_116
  External slice         : 26
  Donor mask pixels      : 624
  Posterior stack        : (100, 1, 1, 240, 240)
  Case output            : /Users/bhanugarg/archive/br_lora_library_staging/batch_0038/synthetic_009261
  Verdict                : PASS

[12/250] synthetic_009262
  Case seed              : 1872528638
  External subject       : BraTS20_Validation_116
  External slice         : 26
  Donor mask pixels      : 1318
  Posterior stack        : (100, 1, 1, 240, 240)
  Case output            : /Users/bhanugarg/archive/br_lora_library_staging/batch_0038/synthetic_009262
  Verdict                : PASS

[13/250] synthetic_009263
  Case seed              : 11551572
  External subject       : BraTS20_Validation_116
  External slice         : 27
  Donor mask pixels      : 1643
  Posterior stack        : (100, 1, 1, 240, 240)
  Case output            : /Users/bhanugarg/archive/br_lora_library_staging/batch_0038/synthetic_009263
  Verdict                : PASS

[14/250] synthetic_009264
  Case seed              : 605279042
  External subject       : BraTS20_Validation_116
  External slice         : 27
  Donor mask pixels      : 1634
  Posterior stack        : (100, 1, 1, 240, 240)
  Case output            : /Users/bhanugarg/archive/br_lora_library_staging/batch_0038/synthetic_009264
  Verdict                : PASS

[15/250] synthetic_009265
  Case seed              : 424161280
  External subject       : BraTS20_Validation_116
  External slice         : 28
  Donor mask pixels      : 579
  Posterior stack        : (100, 1, 1, 240, 240)
  Case output            : /Users/bhanugarg/archive/br_lora_library_staging/batch_0038/synthetic_009265
  Verdict                : PASS

[16/250] synthetic_009266
  Case seed              : 42512010
  External subject       : BraTS20_Validation_116
  External slice         : 28
  Donor mask pixels      : 823
  Posterior stack        : (100, 1, 1, 240, 240)
  Case output            : /Users/bhanugarg/archive/br_lora_library_staging/batch_0038/synthetic_009266
  Verdict                : PASS

[17/250] synthetic_009267
  Case seed              : 1597331217
  External subject       : BraTS20_Validation_116
  External slice         : 29
  Donor mask pixels      : 473
  Posterior stack        : (100, 1, 1, 240, 240)
  Case output            : /Users/bhanugarg/archive/br_lora_library_staging/batch_0038/synthetic_009267
  Verdict                : PASS

[18/250] synthetic_009268
  Case seed              : 158493235
  External subject       : BraTS20_Validation_116
  External slice         : 29
  Donor mask pixels      : 1655
  Posterior stack        : (100, 1, 1, 240, 240)
  Case output            : /Users/bhanugarg/archive/br_lora_library_staging/batch_0038/synthetic_009268
  Verdict                : PASS

[19/250] synthetic_009269
  Case seed              : 1752897624
  External subject       : BraTS20_Validation_116
  External slice         : 30
  Donor mask pixels      : 411
  Posterior stack        : (100, 1, 1, 240, 240)
  Case output            : /Users/bhanugarg/archive/br_lora_library_staging/batch_0038/synthetic_009269
  Verdict                : PASS

[20/250] synthetic_009270
  Case seed              : 1027282880
  External subject       : BraTS20_Validation_116
  External slice         : 30
  Donor mask pixels      : 360
  Posterior stack        : (100, 1, 1, 240, 240)
  Case output            : /Users/bhanugarg/archive/br_lora_library_staging/batch_0038/synthetic_009270
  Verdict                : PASS

[21/250] synthetic_009271
  Case seed              : 956961986
  External subject       : BraTS20_Validation_116
  External slice         : 31
  Donor mask pixels      : 306
  Posterior stack        : (100, 1, 1, 240, 240)
  Case output            : /Users/bhanugarg/archive/br_lora_library_staging/batch_0038/synthetic_009271
  Verdict                : PASS

[22/250] synthetic_009272
  Case seed              : 423336273
  External subject       : BraTS20_Validation_116
  External slice         : 32
  Donor mask pixels      : 510
  Posterior stack        : (100, 1, 1, 240, 240)
  Case output            : /Users/bhanugarg/archive/br_lora_library_staging/batch_0038/synthetic_009272
  Verdict                : PASS

[23/250] synthetic_009273
  Case seed              : 1004842117
  External subject       : BraTS20_Validation_116
  External slice         : 32
  Donor mask pixels      : 1636
  Posterior stack        : (100, 1, 1, 240, 240)
  Case output            : /Users/bhanugarg/archive/br_lora_library_staging/batch_0038/synthetic_009273
  Verdict                : PASS

[24/250] synthetic_009274
  Case seed              : 561596664
  External subject       : BraTS20_Validation_116
  External slice         : 33
  Donor mask pixels      : 561
  Posterior stack        : (100, 1, 1, 240, 240)
  Case output            : /Users/bhanugarg/archive/br_lora_library_staging/batch_0038/synthetic_009274
  Verdict                : PASS

[25/250] synthetic_009275
  Case seed              : 1623151233
  External subject       : BraTS20_Validation_116
  External slice         : 33
  Donor mask pixels      : 366
  Posterior stack        : (100, 1, 1, 240, 240)
  Case output            : /Users/bhanugarg/archive/br_lora_library_staging/batch_0038/synthetic_009275
  Verdict                : PASS

[26/250] synthetic_009276
  Case seed              : 2014374076
  External subject       : BraTS20_Validation_116
  External slice         : 34
  Donor mask pixels      : 2899
  Posterior stack        : (100, 1, 1, 240, 240)
  Case output            : /Users/bhanugarg/archive/br_lora_library_staging/batch_0038/synthetic_009276
  Verdict                : PASS

[27/250] synthetic_009277
  Case seed              : 731610326
  External subject       : BraTS20_Validation_116
  External slice         : 34
  Donor mask pixels      : 2223
  Posterior stack        : (100, 1, 1, 240, 240)
  Case output            : /Users/bhanugarg/archive/br_lora_library_staging/batch_0038/synthetic_009277
  Verdict                : PASS

[28/250] synthetic_009278
  Case seed              : 1481817234
  External subject       : BraTS20_Validation_116
  External slice         : 35
  Donor mask pixels      : 1198
  Posterior stack        : (100, 1, 1, 240, 240)
  Case output            : /Users/bhanugarg/archive/br_lora_library_staging/batch_0038/synthetic_009278
  Verdict                : PASS

[29/250] synthetic_009279
  Case seed              : 354216526
  External subject       : BraTS20_Validation_116
  External slice         : 35
  Donor mask pixels      : 1409
  Posterior stack        : (100, 1, 1, 240, 240)
  Case output            : /Users/bhanugarg/archive/br_lora_library_staging/batch_0038/synthetic_009279
  Verdict                : PASS

[30/250] synthetic_009280
  Case seed              : 803121541
  External subject       : BraTS20_Validation_116
  External slice         : 36
  Donor mask pixels      : 2795
  Posterior stack        : (100, 1, 1, 240, 240)
  Case output            : /Users/bhanugarg/archive/br_lora_library_staging/batch_0038/synthetic_009280
  Verdict                : PASS

[31/250] synthetic_009281
  Case seed              : 653804041
  External subject       : BraTS20_Validation_116
  External slice         : 36
  Donor mask pixels      : 324
  Posterior stack        : (100, 1, 1, 240, 240)
  Case output            : /Users/bhanugarg/archive/br_lora_library_staging/batch_0038/synthetic_009281
  Verdict                : PASS

[32/250] synthetic_009282
  Case seed              : 1381930064
  External subject       : BraTS20_Validation_116
  External slice         : 37
  Donor mask pixels      : 1912
  Posterior stack        : (100, 1, 1, 240, 240)
  Case output            : /Users/bhanugarg/archive/br_lora_library_staging/batch_0038/synthetic_009282
  Verdict                : PASS

[33/250] synthetic_009283
  Case seed              : 322682503
  External subject       : BraTS20_Validation_116
  External slice         : 37
  Donor mask pixels      : 3713
  Posterior stack        : (100, 1, 1, 240, 240)
  Case output            : /Users/bhanugarg/archive/br_lora_library_staging/batch_0038/synthetic_009283
  Verdict                : PASS

[34/250] synthetic_009284
  Case seed              : 1805164700
  External subject       : BraTS20_Validation_116
  External slice         : 128
  Donor mask pixels      : 542
  Posterior stack        : (100, 1, 1, 240, 240)
  Case output            : /Users/bhanugarg/archive/br_lora_library_staging/batch_0038/synthetic_009284
  Verdict                : PASS

[35/250] synthetic_009285
  Case seed              : 1362481820
  External subject       : BraTS20_Validation_116
  External slice         : 128
  Donor mask pixels      : 2190
  Posterior stack        : (100, 1, 1, 240, 240)
  Case output            : /Users/bhanugarg/archive/br_lora_library_staging/batch_0038/synthetic_009285
  Verdict                : PASS

[36/250] synthetic_009286
  Case seed              : 358710345
  External subject       : BraTS20_Validation_116
  External slice         : 129
  Donor mask pixels      : 1695
  Posterior stack        : (100, 1, 1, 240, 240)
  Case output            : /Users/bhanugarg/archive/br_lora_library_staging/batch_0038/synthetic_009286
  Verdict                : PASS

[37/250] synthetic_009287
  Case seed              : 2088510319
  External subject       : BraTS20_Validation_116
  External slice         : 129
  Donor mask pixels      : 1567
  Posterior stack        : (100, 1, 1, 240, 240)
  Case output            : /Users/bhanugarg/archive/br_lora_library_staging/batch_0038/synthetic_009287
  Verdict                : PASS

[38/250] synthetic_009288
  Case seed              : 993648963
  External subject       : BraTS20_Validation_116
  External slice         : 130
  Donor mask pixels      : 874
  Posterior stack        : (100, 1, 1, 240, 240)
  Case output            : /Users/bhanugarg/archive/br_lora_library_staging/batch_0038/synthetic_009288
  Verdict                : PASS

[39/250] synthetic_009289
  Case seed              : 283231109
  External subject       : BraTS20_Validation_116
  External slice         : 130
  Donor mask pixels      : 1896
  Posterior stack        : (100, 1, 1, 240, 240)
  Case output            : /Users/bhanugarg/archive/br_lora_library_staging/batch_0038/synthetic_009289
  Verdict                : PASS

[40/250] synthetic_009290
  Case seed              : 1586091064
  External subject       : BraTS20_Validation_116
  External slice         : 131
  Donor mask pixels      : 1183
  Posterior stack        : (100, 1, 1, 240, 240)
  Case output            : /Users/bhanugarg/archive/br_lora_library_staging/batch_0038/synthetic_009290
  Verdict                : PASS

[41/250] synthetic_009291
  Case seed              : 858820037
  External subject       : BraTS20_Validation_116
  External slice         : 131
  Donor mask pixels      : 998
  Posterior stack        : (100, 1, 1, 240, 240)
  Case output            : /Users/bhanugarg/archive/br_lora_library_staging/batch_0038/synthetic_009291
  Verdict                : PASS

[42/250] synthetic_009292
  Case seed              : 356723401
  External subject       : BraTS20_Validation_116
  External slice         : 132
  Donor mask pixels      : 483
  Posterior stack        : (100, 1, 1, 240, 240)
  Case output            : /Users/bhanugarg/archive/br_lora_library_staging/batch_0038/synthetic_009292
  Verdict                : PASS

[43/250] synthetic_009293
  Case seed              : 167956653
  External subject       : BraTS20_Validation_116
  External slice         : 132
  Donor mask pixels      : 1634
  Posterior stack        : (100, 1, 1, 240, 240)
  Case output            : /Users/bhanugarg/archive/br_lora_library_staging/batch_0038/synthetic_009293
  Verdict                : PASS

[44/250] synthetic_009294
  Case seed              : 1509206142
  External subject       : BraTS20_Validation_116
  External slice         : 133
  Donor mask pixels      : 372
  Posterior stack        : (100, 1, 1, 240, 240)
  Case output            : /Users/bhanugarg/archive/br_lora_library_staging/batch_0038/synthetic_009294
  Verdict                : PASS

[45/250] synthetic_009295
  Case seed              : 1454055136
  External subject       : BraTS20_Validation_116
  External slice         : 133
  Donor mask pixels      : 859
  Posterior stack        : (100, 1, 1, 240, 240)
  Case output            : /Users/bhanugarg/archive/br_lora_library_staging/batch_0038/synthetic_009295
  Verdict                : PASS

[46/250] synthetic_009296
  Case seed              : 898304389
  External subject       : BraTS20_Validation_116
  External slice         : 134
  Donor mask pixels      : 719
  Posterior stack        : (100, 1, 1, 240, 240)
  Case output            : /Users/bhanugarg/archive/br_lora_library_staging/batch_0038/synthetic_009296
  Verdict                : PASS

[47/250] synthetic_009297
  Case seed              : 1042826932
  External subject       : BraTS20_Validation_116
  External slice         : 134
  Donor mask pixels      : 335
  Posterior stack        : (100, 1, 1, 240, 240)
  Case output            : /Users/bhanugarg/archive/br_lora_library_staging/batch_0038/synthetic_009297
  Verdict                : PASS

[48/250] synthetic_009298
  Case seed              : 1888533259
  External subject       : BraTS20_Validation_116
  External slice         : 135
  Donor mask pixels      : 603
  Posterior stack        : (100, 1, 1, 240, 240)
  Case output            : /Users/bhanugarg/archive/br_lora_library_staging/batch_0038/synthetic_009298
  Verdict                : PASS

[49/250] synthetic_009299
  Case seed              : 989532718
  External subject       : BraTS20_Validation_117
  External slice         : 5
  Donor mask pixels      : 990
  Posterior stack        : (100, 1, 1, 240, 240)
  Case output            : /Users/bhanugarg/archive/br_lora_library_staging/batch_0038/synthetic_009299
  Verdict                : PASS

[50/250] synthetic_009300
  Case seed              : 992997690
  External subject       : BraTS20_Validation_117
  External slice         : 6
  Donor mask pixels      : 772
  Posterior stack        : (100, 1, 1, 240, 240)
  Case output            : /Users/bhanugarg/archive/br_lora_library_staging/batch_0038/synthetic_009300
  Verdict                : PASS

[51/250] synthetic_009301
  Case seed              : 770262550
  External subject       : BraTS20_Validation_117
  External slice         : 7
  Donor mask pixels      : 599
  Posterior stack        : (100, 1, 1, 240, 240)
  Case output            : /Users/bhanugarg/archive/br_lora_library_staging/batch_0038/synthetic_009301
  Verdict                : PASS

[52/250] synthetic_009302
  Case seed              : 1312881236
  External subject       : BraTS20_Validation_117
  External slice         : 8
  Donor mask pixels      : 380
  Posterior stack        : (100, 1, 1, 240, 240)
  Case output            : /Users/bhanugarg/archive/br_lora_library_staging/batch_0038/synthetic_009302
  Verdict                : PASS

[53/250] synthetic_009303
  Case seed              : 1157033302
  External subject       : BraTS20_Validation_117
  External slice         : 9
  Donor mask pixels      : 993
  Posterior stack        : (100, 1, 1, 240, 240)
  Case output            : /Users/bhanugarg/archive/br_lora_library_staging/batch_0038/synthetic_009303
  Verdict                : PASS

[54/250] synthetic_009304
  Case seed              : 99481416
  External subject       : BraTS20_Validation_117
  External slice         : 10
  Donor mask pixels      : 1187
  Posterior stack        : (100, 1, 1, 240, 240)
  Case output            : /Users/bhanugarg/archive/br_lora_library_staging/batch_0038/synthetic_009304
  Verdict                : PASS

[55/250] synthetic_009305
  Case seed              : 441444299
  External subject       : BraTS20_Validation_117
  External slice         : 11
  Donor mask pixels      : 462
  Posterior stack        : (100, 1, 1, 240, 240)
  Case output            : /Users/bhanugarg/archive/br_lora_library_staging/batch_0038/synthetic_009305
  Verdict                : PASS

[56/250] synthetic_009306
  Case seed              : 1468109759
  External subject       : BraTS20_Validation_117
  External slice         : 12
  Donor mask pixels      : 367
  Posterior stack        : (100, 1, 1, 240, 240)
  Case output            : /Users/bhanugarg/archive/br_lora_library_staging/batch_0038/synthetic_009306
  Verdict                : PASS

[57/250] synthetic_009307
  Case seed              : 787075468
  External subject       : BraTS20_Validation_117
  External slice         : 13
  Donor mask pixels      : 324
  Posterior stack        : (100, 1, 1, 240, 240)
  Case output            : /Users/bhanugarg/archive/br_lora_library_staging/batch_0038/synthetic_009307
  Verdict                : PASS

[58/250] synthetic_009308
  Case seed              : 997410949
  External subject       : BraTS20_Validation_117
  External slice         : 14
  Donor mask pixels      : 1914
  Posterior stack        : (100, 1, 1, 240, 240)
  Case output            : /Users/bhanugarg/archive/br_lora_library_staging/batch_0038/synthetic_009308
  Verdict                : PASS

[59/250] synthetic_009309
  Case seed              : 58785160
  External subject       : BraTS20_Validation_117
  External slice         : 15
  Donor mask pixels      : 353
  Posterior stack        : (100, 1, 1, 240, 240)
  Case output            : /Users/bhanugarg/archive/br_lora_library_staging/batch_0038/synthetic_009309
  Verdict                : PASS

[60/250] synthetic_009310
  Case seed              : 314432369
  External subject       : BraTS20_Validation_117
  External slice         : 16
  Donor mask pixels      : 2189
  Posterior stack        : (100, 1, 1, 240, 240)
  Case output            : /Users/bhanugarg/archive/br_lora_library_staging/batch_0038/synthetic_009310
  Verdict                : PASS

[61/250] synthetic_009311
  Case seed              : 1897729952
  External subject       : BraTS20_Validation_117
  External slice         : 17
  Donor mask pixels      : 755
  Posterior stack        : (100, 1, 1, 240, 240)
  Case output            : /Users/bhanugarg/archive/br_lora_library_staging/batch_0038/synthetic_009311
  Verdict                : PASS

[62/250] synthetic_009312
  Case seed              : 365281255
  External subject       : BraTS20_Validation_117
  External slice         : 18
  Donor mask pixels      : 448
  Posterior stack        : (100, 1, 1, 240, 240)
  Case output            : /Users/bhanugarg/archive/br_lora_library_staging/batch_0038/synthetic_009312
  Verdict                : PASS

[63/250] synthetic_009313
  Case seed              : 84047106
  External subject       : BraTS20_Validation_117
  External slice         : 19
  Donor mask pixels      : 1101
  Posterior stack        : (100, 1, 1, 240, 240)
  Case output            : /Users/bhanugarg/archive/br_lora_library_staging/batch_0038/synthetic_009313
  Verdict                : PASS

[64/250] synthetic_009314
  Case seed              : 288327084
  External subject       : BraTS20_Validation_117
  External slice         : 20
  Donor mask pixels      : 2166
  Posterior stack        : (100, 1, 1, 240, 240)
  Case output            : /Users/bhanugarg/archive/br_lora_library_staging/batch_0038/synthetic_009314
  Verdict                : PASS

[65/250] synthetic_009315
  Case seed              : 563681185
  External subject       : BraTS20_Validation_117
  External slice         : 21
  Donor mask pixels      : 2389
  Posterior stack        : (100, 1, 1, 240, 240)
  Case output            : /Users/bhanugarg/archive/br_lora_library_staging/batch_0038/synthetic_009315
  Verdict                : PASS

[66/250] synthetic_009316
  Case seed              : 2003547052
  External subject       : BraTS20_Validation_117
  External slice         : 22
  Donor mask pixels      : 2091
  Posterior stack        : (100, 1, 1, 240, 240)
  Case output            : /Users/bhanugarg/archive/br_lora_library_staging/batch_0038/synthetic_009316
  Verdict                : PASS

[67/250] synthetic_009317
  Case seed              : 1822635603
  External subject       : BraTS20_Validation_117
  External slice         : 23
  Donor mask pixels      : 395
  Posterior stack        : (100, 1, 1, 240, 240)
  Case output            : /Users/bhanugarg/archive/br_lora_library_staging/batch_0038/synthetic_009317
  Verdict                : PASS

[68/250] synthetic_009318
  Case seed              : 2057748839
  External subject       : BraTS20_Validation_117
  External slice         : 24
  Donor mask pixels      : 2055
  Posterior stack        : (100, 1, 1, 240, 240)
  Case output            : /Users/bhanugarg/archive/br_lora_library_staging/batch_0038/synthetic_009318
  Verdict                : PASS

[69/250] synthetic_009319
  Case seed              : 854369175
  External subject       : BraTS20_Validation_117
  External slice         : 25
  Donor mask pixels      : 804
  Posterior stack        : (100, 1, 1, 240, 240)
  Case output            : /Users/bhanugarg/archive/br_lora_library_staging/batch_0038/synthetic_009319
  Verdict                : PASS

[70/250] synthetic_009320
  Case seed              : 1256536891
  External subject       : BraTS20_Validation_117
  External slice         : 26
  Donor mask pixels      : 1856
  Posterior stack        : (100, 1, 1, 240, 240)
  Case output            : /Users/bhanugarg/archive/br_lora_library_staging/batch_0038/synthetic_009320
  Verdict                : PASS

[71/250] synthetic_009321
  Case seed              : 409196135
  External subject       : BraTS20_Validation_117
  External slice         : 27
  Donor mask pixels      : 330
  Posterior stack        : (100, 1, 1, 240, 240)
  Case output            : /Users/bhanugarg/archive/br_lora_library_staging/batch_0038/synthetic_009321
  Verdict                : PASS

[72/250] synthetic_009322
  Case seed              : 1652953380
  External subject       : BraTS20_Validation_117
  External slice         : 28
  Donor mask pixels      : 318
  Posterior stack        : (100, 1, 1, 240, 240)
  Case output            : /Users/bhanugarg/archive/br_lora_library_staging/batch_0038/synthetic_009322
  Verdict                : PASS

[73/250] synthetic_009323
  Case seed              : 62134156
  External subject       : BraTS20_Validation_117
  External slice         : 29
  Donor mask pixels      : 554
  Posterior stack        : (100, 1, 1, 240, 240)
  Case output            : /Users/bhanugarg/archive/br_lora_library_staging/batch_0038/synthetic_009323
  Verdict                : PASS

[74/250] synthetic_009324
  Case seed              : 1845255207
  External subject       : BraTS20_Validation_117
  External slice         : 30
  Donor mask pixels      : 439
  Posterior stack        : (100, 1, 1, 240, 240)
  Case output            : /Users/bhanugarg/archive/br_lora_library_staging/batch_0038/synthetic_009324
  Verdict                : PASS

[75/250] synthetic_009325
  Case seed              : 402303630
  External subject       : BraTS20_Validation_117
  External slice         : 31
  Donor mask pixels      : 458
  Posterior stack        : (100, 1, 1, 240, 240)
  Case output            : /Users/bhanugarg/archive/br_lora_library_staging/batch_0038/synthetic_009325
  Verdict                : PASS

[76/250] synthetic_009326
  Case seed              : 891228772
  External subject       : BraTS20_Validation_117
  External slice         : 32
  Donor mask pixels      : 917
  Posterior stack        : (100, 1, 1, 240, 240)
  Case output            : /Users/bhanugarg/archive/br_lora_library_staging/batch_0038/synthetic_009326
  Verdict                : PASS

[77/250] synthetic_009327
  Case seed              : 1004378645
  External subject       : BraTS20_Validation_117
  External slice         : 33
  Donor mask pixels      : 1611
  Posterior stack        : (100, 1, 1, 240, 240)
  Case output            : /Users/bhanugarg/archive/br_lora_library_staging/batch_0038/synthetic_009327
  Verdict                : PASS

[78/250] synthetic_009328
  Case seed              : 1542315631
  External subject       : BraTS20_Validation_117
  External slice         : 33
  Donor mask pixels      : 2294
  Posterior stack        : (100, 1, 1, 240, 240)
  Case output            : /Users/bhanugarg/archive/br_lora_library_staging/batch_0038/synthetic_009328
  Verdict                : PASS

[79/250] synthetic_009329
  Case seed              : 1366675111
  External subject       : BraTS20_Validation_117
  External slice         : 34
  Donor mask pixels      : 516
  Posterior stack        : (100, 1, 1, 240, 240)
  Case output            : /Users/bhanugarg/archive/br_lora_library_staging/batch_0038/synthetic_009329
  Verdict                : PASS

[80/250] synthetic_009330
  Case seed              : 767734415
  External subject       : BraTS20_Validation_117
  External slice         : 34
  Donor mask pixels      : 4614
  Posterior stack        : (100, 1, 1, 240, 240)
  Case output            : /Users/bhanugarg/archive/br_lora_library_staging/batch_0038/synthetic_009330
  Verdict                : PASS

[81/250] synthetic_009331
  Case seed              : 1182403915
  External subject       : BraTS20_Validation_117
  External slice         : 35
  Donor mask pixels      : 815
  Posterior stack        : (100, 1, 1, 240, 240)
  Case output            : /Users/bhanugarg/archive/br_lora_library_staging/batch_0038/synthetic_009331
  Verdict                : PASS

[82/250] synthetic_009332
  Case seed              : 1478325002
  External subject       : BraTS20_Validation_117
  External slice         : 35
  Donor mask pixels      : 1219
  Posterior stack        : (100, 1, 1, 240, 240)
  Case output            : /Users/bhanugarg/archive/br_lora_library_staging/batch_0038/synthetic_009332
  Verdict                : PASS

[83/250] synthetic_009333
  Case seed              : 1892254289
  External subject       : BraTS20_Validation_117
  External slice         : 36
  Donor mask pixels      : 2329
  Posterior stack        : (100, 1, 1, 240, 240)
  Case output            : /Users/bhanugarg/archive/br_lora_library_staging/batch_0038/synthetic_009333
  Verdict                : PASS

[84/250] synthetic_009334
  Case seed              : 141677756
  External subject       : BraTS20_Validation_117
  External slice         : 37
  Donor mask pixels      : 817
  Posterior stack        : (100, 1, 1, 240, 240)
  Case output            : /Users/bhanugarg/archive/br_lora_library_staging/batch_0038/synthetic_009334
  Verdict                : PASS

[85/250] synthetic_009335
  Case seed              : 35962347
  External subject       : BraTS20_Validation_117
  External slice         : 37
  Donor mask pixels      : 3844
  Posterior stack        : (100, 1, 1, 240, 240)
  Case output            : /Users/bhanugarg/archive/br_lora_library_staging/batch_0038/synthetic_009335
  Verdict                : PASS

[86/250] synthetic_009336
  Case seed              : 1785838980
  External subject       : BraTS20_Validation_117
  External slice         : 38
  Donor mask pixels      : 456
  Posterior stack        : (100, 1, 1, 240, 240)
  Case output            : /Users/bhanugarg/archive/br_lora_library_staging/batch_0038/synthetic_009336
  Verdict                : PASS

[87/250] synthetic_009337
  Case seed              : 1974359292
  External subject       : BraTS20_Validation_117
  External slice         : 38
  Donor mask pixels      : 1526
  Posterior stack        : (100, 1, 1, 240, 240)
  Case output            : /Users/bhanugarg/archive/br_lora_library_staging/batch_0038/synthetic_009337
  Verdict                : PASS

[88/250] synthetic_009338
  Case seed              : 630344912
  External subject       : BraTS20_Validation_117
  External slice         : 39
  Donor mask pixels      : 2014
  Posterior stack        : (100, 1, 1, 240, 240)
  Case output            : /Users/bhanugarg/archive/br_lora_library_staging/batch_0038/synthetic_009338
  Verdict                : PASS

[89/250] synthetic_009339
  Case seed              : 1793552680
  External subject       : BraTS20_Validation_117
  External slice         : 39
  Donor mask pixels      : 1014
  Posterior stack        : (100, 1, 1, 240, 240)
  Case output            : /Users/bhanugarg/archive/br_lora_library_staging/batch_0038/synthetic_009339
  Verdict                : PASS

[90/250] synthetic_009340
  Case seed              : 511794190
  External subject       : BraTS20_Validation_117
  External slice         : 40
  Donor mask pixels      : 2318
  Posterior stack        : (100, 1, 1, 240, 240)
  Case output            : /Users/bhanugarg/archive/br_lora_library_staging/batch_0038/synthetic_009340
  Verdict                : PASS

[91/250] synthetic_009341
  Case seed              : 500507140
  External subject       : BraTS20_Validation_117
  External slice         : 41
  Donor mask pixels      : 915
  Posterior stack        : (100, 1, 1, 240, 240)
  Case output            : /Users/bhanugarg/archive/br_lora_library_staging/batch_0038/synthetic_009341
  Verdict                : PASS

[92/250] synthetic_009342
  Case seed              : 1837477926
  External subject       : BraTS20_Validation_117
  External slice         : 41
  Donor mask pixels      : 784
  Posterior stack        : (100, 1, 1, 240, 240)
  Case output            : /Users/bhanugarg/archive/br_lora_library_staging/batch_0038/synthetic_009342
  Verdict                : PASS

[93/250] synthetic_009343
  Case seed              : 1953739125
  External subject       : BraTS20_Validation_117
  External slice         : 42
  Donor mask pixels      : 825
  Posterior stack        : (100, 1, 1, 240, 240)
  Case output            : /Users/bhanugarg/archive/br_lora_library_staging/batch_0038/synthetic_009343
  Verdict                : PASS

[94/250] synthetic_009344
  Case seed              : 1910984893
  External subject       : BraTS20_Validation_117
  External slice         : 42
  Donor mask pixels      : 2348
  Posterior stack        : (100, 1, 1, 240, 240)
  Case output            : /Users/bhanugarg/archive/br_lora_library_staging/batch_0038/synthetic_009344
  Verdict                : PASS

[95/250] synthetic_009345
  Case seed              : 583066966
  External subject       : BraTS20_Validation_117
  External slice         : 43
  Donor mask pixels      : 1624
  Posterior stack        : (100, 1, 1, 240, 240)
  Case output            : /Users/bhanugarg/archive/br_lora_library_staging/batch_0038/synthetic_009345
  Verdict                : PASS

[96/250] synthetic_009346
  Case seed              : 1003279812
  External subject       : BraTS20_Validation_117
  External slice         : 43
  Donor mask pixels      : 867
  Posterior stack        : (100, 1, 1, 240, 240)
  Case output            : /Users/bhanugarg/archive/br_lora_library_staging/batch_0038/synthetic_009346
  Verdict                : PASS

[97/250] synthetic_009347
  Case seed              : 1950655542
  External subject       : BraTS20_Validation_117
  External slice         : 44
  Donor mask pixels      : 1003
  Posterior stack        : (100, 1, 1, 240, 240)
  Case output            : /Users/bhanugarg/archive/br_lora_library_staging/batch_0038/synthetic_009347
  Verdict                : PASS

[98/250] synthetic_009348
  Case seed              : 1860573568
  External subject       : BraTS20_Validation_117
  External slice         : 44
  Donor mask pixels      : 1733
  Posterior stack        : (100, 1, 1, 240, 240)
  Case output            : /Users/bhanugarg/archive/br_lora_library_staging/batch_0038/synthetic_009348
  Verdict                : PASS

[99/250] synthetic_009349
  Case seed              : 1951659952
  External subject       : BraTS20_Validation_117
  External slice         : 45
  Donor mask pixels      : 1781
  Posterior stack        : (100, 1, 1, 240, 240)
  Case output            : /Users/bhanugarg/archive/br_lora_library_staging/batch_0038/synthetic_009349
  Verdict                : PASS

[100/250] synthetic_009350
  Case seed              : 16742459
  External subject       : BraTS20_Validation_117
  External slice         : 45
  Donor mask pixels      : 2779
  Posterior stack        : (100, 1, 1, 240, 240)
  Case output            : /Users/bhanugarg/archive/br_lora_library_staging/batch_0038/synthetic_009350
  Verdict                : PASS

[101/250] synthetic_009351
  Case seed              : 697407095
  External subject       : BraTS20_Validation_117
  External slice         : 46
  Donor mask pixels      : 3396
  Posterior stack        : (100, 1, 1, 240, 240)
  Case output            : /Users/bhanugarg/archive/br_lora_library_staging/batch_0038/synthetic_009351
  Verdict                : PASS

[102/250] synthetic_009352
  Case seed              : 376521599
  External subject       : BraTS20_Validation_117
  External slice         : 46
  Donor mask pixels      : 563
  Posterior stack        : (100, 1, 1, 240, 240)
  Case output            : /Users/bhanugarg/archive/br_lora_library_staging/batch_0038/synthetic_009352
  Verdict                : PASS

[103/250] synthetic_009353
  Case seed              : 283801870
  External subject       : BraTS20_Validation_117
  External slice         : 47
  Donor mask pixels      : 1807
  Posterior stack        : (100, 1, 1, 240, 240)
  Case output            : /Users/bhanugarg/archive/br_lora_library_staging/batch_0038/synthetic_009353
  Verdict                : PASS

[104/250] synthetic_009354
  Case seed              : 1735507869
  External subject       : BraTS20_Validation_117
  External slice         : 47
  Donor mask pixels      : 3740
  Posterior stack        : (100, 1, 1, 240, 240)
  Case output            : /Users/bhanugarg/archive/br_lora_library_staging/batch_0038/synthetic_009354
  Verdict                : PASS

[105/250] synthetic_009355
  Case seed              : 316175362
  External subject       : BraTS20_Validation_117
  External slice         : 48
  Donor mask pixels      : 836
  Posterior stack        : (100, 1, 1, 240, 240)
  Case output            : /Users/bhanugarg/archive/br_lora_library_staging/batch_0038/synthetic_009355
  Verdict                : PASS

[106/250] synthetic_009356
  Case seed              : 1805310897
  External subject       : BraTS20_Validation_117
  External slice         : 48
  Donor mask pixels      : 1241
  Posterior stack        : (100, 1, 1, 240, 240)
  Case output            : /Users/bhanugarg/archive/br_lora_library_staging/batch_0038/synthetic_009356
  Verdict                : PASS

[107/250] synthetic_009357
  Case seed              : 533978758
  External subject       : BraTS20_Validation_117
  External slice         : 49
  Donor mask pixels      : 1544
  Posterior stack        : (100, 1, 1, 240, 240)
  Case output            : /Users/bhanugarg/archive/br_lora_library_staging/batch_0038/synthetic_009357
  Verdict                : PASS

[108/250] synthetic_009358
  Case seed              : 696017450
  External subject       : BraTS20_Validation_117
  External slice         : 49
  Donor mask pixels      : 2430
  Posterior stack        : (100, 1, 1, 240, 240)
  Case output            : /Users/bhanugarg/archive/br_lora_library_staging/batch_0038/synthetic_009358
  Verdict                : PASS

[109/250] synthetic_009359
  Case seed              : 1919794222
  External subject       : BraTS20_Validation_117
  External slice         : 50
  Donor mask pixels      : 4291
  Posterior stack        : (100, 1, 1, 240, 240)
  Case output            : /Users/bhanugarg/archive/br_lora_library_staging/batch_0038/synthetic_009359
  Verdict                : PASS

[110/250] synthetic_009360
  Case seed              : 1626351789
  External subject       : BraTS20_Validation_117
  External slice         : 50
  Donor mask pixels      : 4609
  Posterior stack        : (100, 1, 1, 240, 240)
  Case output            : /Users/bhanugarg/archive/br_lora_library_staging/batch_0038/synthetic_009360
  Verdict                : PASS

[111/250] synthetic_009361
  Case seed              : 2043356071
  External subject       : BraTS20_Validation_117
  External slice         : 51
  Donor mask pixels      : 2235
  Posterior stack        : (100, 1, 1, 240, 240)
  Case output            : /Users/bhanugarg/archive/br_lora_library_staging/batch_0038/synthetic_009361
  Verdict                : PASS

[112/250] synthetic_009362
  Case seed              : 1620408630
  External subject       : BraTS20_Validation_117
  External slice         : 51
  Donor mask pixels      : 601
  Posterior stack        : (100, 1, 1, 240, 240)
  Case output            : /Users/bhanugarg/archive/br_lora_library_staging/batch_0038/synthetic_009362
  Verdict                : PASS

[113/250] synthetic_009363
  Case seed              : 519230027
  External subject       : BraTS20_Validation_117
  External slice         : 52
  Donor mask pixels      : 546
  Posterior stack        : (100, 1, 1, 240, 240)
  Case output            : /Users/bhanugarg/archive/br_lora_library_staging/batch_0038/synthetic_009363
  Verdict                : PASS

[114/250] synthetic_009364
  Case seed              : 1264217258
  External subject       : BraTS20_Validation_117
  External slice         : 52
  Donor mask pixels      : 1192
  Posterior stack        : (100, 1, 1, 240, 240)
  Case output            : /Users/bhanugarg/archive/br_lora_library_staging/batch_0038/synthetic_009364
  Verdict                : PASS

[115/250] synthetic_009365
  Case seed              : 513193276
  External subject       : BraTS20_Validation_117
  External slice         : 88
  Donor mask pixels      : 3235
  Posterior stack        : (100, 1, 1, 240, 240)
  Case output            : /Users/bhanugarg/archive/br_lora_library_staging/batch_0038/synthetic_009365
  Verdict                : PASS

[116/250] synthetic_009366
  Case seed              : 433120547
  External subject       : BraTS20_Validation_117
  External slice         : 88
  Donor mask pixels      : 2870
  Posterior stack        : (100, 1, 1, 240, 240)
  Case output            : /Users/bhanugarg/archive/br_lora_library_staging/batch_0038/synthetic_009366
  Verdict                : PASS

[117/250] synthetic_009367
  Case seed              : 843524864
  External subject       : BraTS20_Validation_117
  External slice         : 89
  Donor mask pixels      : 4036
  Posterior stack        : (100, 1, 1, 240, 240)
  Case output            : /Users/bhanugarg/archive/br_lora_library_staging/batch_0038/synthetic_009367
  Verdict                : PASS

[118/250] synthetic_009368
  Case seed              : 2008622369
  External subject       : BraTS20_Validation_117
  External slice         : 89
  Donor mask pixels      : 3305
  Posterior stack        : (100, 1, 1, 240, 240)
  Case output            : /Users/bhanugarg/archive/br_lora_library_staging/batch_0038/synthetic_009368
  Verdict                : PASS

[119/250] synthetic_009369
  Case seed              : 411342053
  External subject       : BraTS20_Validation_117
  External slice         : 90
  Donor mask pixels      : 3198
  Posterior stack        : (100, 1, 1, 240, 240)
  Case output            : /Users/bhanugarg/archive/br_lora_library_staging/batch_0038/synthetic_009369
  Verdict                : PASS

[120/250] synthetic_009370
  Case seed              : 1224377993
  External subject       : BraTS20_Validation_117
  External slice         : 90
  Donor mask pixels      : 2577
  Posterior stack        : (100, 1, 1, 240, 240)
  Case output            : /Users/bhanugarg/archive/br_lora_library_staging/batch_0038/synthetic_009370
  Verdict                : PASS

[121/250] synthetic_009371
  Case seed              : 621841784
  External subject       : BraTS20_Validation_117
  External slice         : 91
  Donor mask pixels      : 2612
  Posterior stack        : (100, 1, 1, 240, 240)
  Case output            : /Users/bhanugarg/archive/br_lora_library_staging/batch_0038/synthetic_009371
  Verdict                : PASS

[122/250] synthetic_009372
  Case seed              : 472206999
  External subject       : BraTS20_Validation_117
  External slice         : 91
  Donor mask pixels      : 4352
  Posterior stack        : (100, 1, 1, 240, 240)
  Case output            : /Users/bhanugarg/archive/br_lora_library_staging/batch_0038/synthetic_009372
  Verdict                : PASS

[123/250] synthetic_009373
  Case seed              : 692232235
  External subject       : BraTS20_Validation_117
  External slice         : 92
  Donor mask pixels      : 2707
  Posterior stack        : (100, 1, 1, 240, 240)
  Case output            : /Users/bhanugarg/archive/br_lora_library_staging/batch_0038/synthetic_009373
  Verdict                : PASS

[124/250] synthetic_009374
  Case seed              : 961458085
  External subject       : BraTS20_Validation_117
  External slice         : 92
  Donor mask pixels      : 4394
  Posterior stack        : (100, 1, 1, 240, 240)
  Case output            : /Users/bhanugarg/archive/br_lora_library_staging/batch_0038/synthetic_009374
  Verdict                : PASS

[125/250] synthetic_009375
  Case seed              : 805351859
  External subject       : BraTS20_Validation_117
  External slice         : 93
  Donor mask pixels      : 1365
  Posterior stack        : (100, 1, 1, 240, 240)
  Case output            : /Users/bhanugarg/archive/br_lora_library_staging/batch_0038/synthetic_009375
  Verdict                : PASS

[126/250] synthetic_009376
  Case seed              : 773957618
  External subject       : BraTS20_Validation_117
  External slice         : 93
  Donor mask pixels      : 6261
  Posterior stack        : (100, 1, 1, 240, 240)
  Case output            : /Users/bhanugarg/archive/br_lora_library_staging/batch_0038/synthetic_009376
  Verdict                : PASS

[127/250] synthetic_009377
  Case seed              : 1380223008
  External subject       : BraTS20_Validation_118
  External slice         : 3
  Donor mask pixels      : 597
  Posterior stack        : (100, 1, 1, 240, 240)
  Case output            : /Users/bhanugarg/archive/br_lora_library_staging/batch_0038/synthetic_009377
  Verdict                : PASS

[128/250] synthetic_009378
  Case seed              : 455915257
  External subject       : BraTS20_Validation_118
  External slice         : 4
  Donor mask pixels      : 463
  Posterior stack        : (100, 1, 1, 240, 240)
  Case output            : /Users/bhanugarg/archive/br_lora_library_staging/batch_0038/synthetic_009378
  Verdict                : PASS

[129/250] synthetic_009379
  Case seed              : 662479635
  External subject       : BraTS20_Validation_118
  External slice         : 5
  Donor mask pixels      : 508
  Posterior stack        : (100, 1, 1, 240, 240)
  Case output            : /Users/bhanugarg/archive/br_lora_library_staging/batch_0038/synthetic_009379
  Verdict                : PASS

[130/250] synthetic_009380
  Case seed              : 1551597148
  External subject       : BraTS20_Validation_118
  External slice         : 6
  Donor mask pixels      : 737
  Posterior stack        : (100, 1, 1, 240, 240)
  Case output            : /Users/bhanugarg/archive/br_lora_library_staging/batch_0038/synthetic_009380
  Verdict                : PASS

[131/250] synthetic_009381
  Case seed              : 245915337
  External subject       : BraTS20_Validation_118
  External slice         : 7
  Donor mask pixels      : 530
  Posterior stack        : (100, 1, 1, 240, 240)
  Case output            : /Users/bhanugarg/archive/br_lora_library_staging/batch_0038/synthetic_009381
  Verdict                : PASS

[132/250] synthetic_009382
  Case seed              : 1894723542
  External subject       : BraTS20_Validation_118
  External slice         : 8
  Donor mask pixels      : 1479
  Posterior stack        : (100, 1, 1, 240, 240)
  Case output            : /Users/bhanugarg/archive/br_lora_library_staging/batch_0038/synthetic_009382
  Verdict                : PASS

[133/250] synthetic_009383
  Case seed              : 483206277
  External subject       : BraTS20_Validation_118
  External slice         : 9
  Donor mask pixels      : 678
  Posterior stack        : (100, 1, 1, 240, 240)
  Case output            : /Users/bhanugarg/archive/br_lora_library_staging/batch_0038/synthetic_009383
  Verdict                : PASS

[134/250] synthetic_009384
  Case seed              : 583967582
  External subject       : BraTS20_Validation_118
  External slice         : 10
  Donor mask pixels      : 1057
  Posterior stack        : (100, 1, 1, 240, 240)
  Case output            : /Users/bhanugarg/archive/br_lora_library_staging/batch_0038/synthetic_009384
  Verdict                : PASS

[135/250] synthetic_009385
  Case seed              : 1261776383
  External subject       : BraTS20_Validation_118
  External slice         : 11
  Donor mask pixels      : 659
  Posterior stack        : (100, 1, 1, 240, 240)
  Case output            : /Users/bhanugarg/archive/br_lora_library_staging/batch_0038/synthetic_009385
  Verdict                : PASS

[136/250] synthetic_009386
  Case seed              : 2143380944
  External subject       : BraTS20_Validation_118
  External slice         : 12
  Donor mask pixels      : 406
  Posterior stack        : (100, 1, 1, 240, 240)
  Case output            : /Users/bhanugarg/archive/br_lora_library_staging/batch_0038/synthetic_009386
  Verdict                : PASS

[137/250] synthetic_009387
  Case seed              : 122818157
  External subject       : BraTS20_Validation_118
  External slice         : 13
  Donor mask pixels      : 1125
  Posterior stack        : (100, 1, 1, 240, 240)
  Case output            : /Users/bhanugarg/archive/br_lora_library_staging/batch_0038/synthetic_009387
  Verdict                : PASS

[138/250] synthetic_009388
  Case seed              : 1319507254
  External subject       : BraTS20_Validation_118
  External slice         : 14
  Donor mask pixels      : 1201
  Posterior stack        : (100, 1, 1, 240, 240)
  Case output            : /Users/bhanugarg/archive/br_lora_library_staging/batch_0038/synthetic_009388
  Verdict                : PASS

[139/250] synthetic_009389
  Case seed              : 1411400577
  External subject       : BraTS20_Validation_118
  External slice         : 15
  Donor mask pixels      : 769
  Posterior stack        : (100, 1, 1, 240, 240)
  Case output            : /Users/bhanugarg/archive/br_lora_library_staging/batch_0038/synthetic_009389
  Verdict                : PASS

[140/250] synthetic_009390
  Case seed              : 2050309872
  External subject       : BraTS20_Validation_118
  External slice         : 16
  Donor mask pixels      : 1329
  Posterior stack        : (100, 1, 1, 240, 240)
  Case output            : /Users/bhanugarg/archive/br_lora_library_staging/batch_0038/synthetic_009390
  Verdict                : PASS

[141/250] synthetic_009391
  Case seed              : 1425787007
  External subject       : BraTS20_Validation_118
  External slice         : 17
  Donor mask pixels      : 858
  Posterior stack        : (100, 1, 1, 240, 240)
  Case output            : /Users/bhanugarg/archive/br_lora_library_staging/batch_0038/synthetic_009391
  Verdict                : PASS

[142/250] synthetic_009392
  Case seed              : 1182903075
  External subject       : BraTS20_Validation_118
  External slice         : 18
  Donor mask pixels      : 2220
  Posterior stack        : (100, 1, 1, 240, 240)
  Case output            : /Users/bhanugarg/archive/br_lora_library_staging/batch_0038/synthetic_009392
  Verdict                : PASS

[143/250] synthetic_009393
  Case seed              : 1524803416
  External subject       : BraTS20_Validation_118
  External slice         : 19
  Donor mask pixels      : 393
  Posterior stack        : (100, 1, 1, 240, 240)
  Case output            : /Users/bhanugarg/archive/br_lora_library_staging/batch_0038/synthetic_009393
  Verdict                : PASS

[144/250] synthetic_009394
  Case seed              : 343074669
  External subject       : BraTS20_Validation_118
  External slice         : 20
  Donor mask pixels      : 643
  Posterior stack        : (100, 1, 1, 240, 240)
  Case output            : /Users/bhanugarg/archive/br_lora_library_staging/batch_0038/synthetic_009394
  Verdict                : PASS

[145/250] synthetic_009395
  Case seed              : 1336679417
  External subject       : BraTS20_Validation_118
  External slice         : 21
  Donor mask pixels      : 1737
  Posterior stack        : (100, 1, 1, 240, 240)
  Case output            : /Users/bhanugarg/archive/br_lora_library_staging/batch_0038/synthetic_009395
  Verdict                : PASS

[146/250] synthetic_009396
  Case seed              : 16453245
  External subject       : BraTS20_Validation_118
  External slice         : 22
  Donor mask pixels      : 1034
  Posterior stack        : (100, 1, 1, 240, 240)
  Case output            : /Users/bhanugarg/archive/br_lora_library_staging/batch_0038/synthetic_009396
  Verdict                : PASS

[147/250] synthetic_009397
  Case seed              : 506790041
  External subject       : BraTS20_Validation_118
  External slice         : 99
  Donor mask pixels      : 3850
  Posterior stack        : (100, 1, 1, 240, 240)
  Case output            : /Users/bhanugarg/archive/br_lora_library_staging/batch_0038/synthetic_009397
  Verdict                : PASS

[148/250] synthetic_009398
  Case seed              : 851471837
  External subject       : BraTS20_Validation_118
  External slice         : 99
  Donor mask pixels      : 5940
  Posterior stack        : (100, 1, 1, 240, 240)
  Case output            : /Users/bhanugarg/archive/br_lora_library_staging/batch_0038/synthetic_009398
  Verdict                : PASS

[149/250] synthetic_009399
  Case seed              : 297555467
  External subject       : BraTS20_Validation_118
  External slice         : 100
  Donor mask pixels      : 1855
  Posterior stack        : (100, 1, 1, 240, 240)
  Case output            : /Users/bhanugarg/archive/br_lora_library_staging/batch_0038/synthetic_009399
  Verdict                : PASS

[150/250] synthetic_009400
  Case seed              : 1866501737
  External subject       : BraTS20_Validation_118
  External slice         : 100
  Donor mask pixels      : 2294
  Posterior stack        : (100, 1, 1, 240, 240)
  Case output            : /Users/bhanugarg/archive/br_lora_library_staging/batch_0038/synthetic_009400
  Verdict                : PASS

[151/250] synthetic_009401
  Case seed              : 1612358814
  External subject       : BraTS20_Validation_118
  External slice         : 101
  Donor mask pixels      : 1502
  Posterior stack        : (100, 1, 1, 240, 240)
  Case output            : /Users/bhanugarg/archive/br_lora_library_staging/batch_0038/synthetic_009401
  Verdict                : PASS

[152/250] synthetic_009402
  Case seed              : 659703596
  External subject       : BraTS20_Validation_118
  External slice         : 101
  Donor mask pixels      : 1941
  Posterior stack        : (100, 1, 1, 240, 240)
  Case output            : /Users/bhanugarg/archive/br_lora_library_staging/batch_0038/synthetic_009402
  Verdict                : PASS

[153/250] synthetic_009403
  Case seed              : 1926480009
  External subject       : BraTS20_Validation_118
  External slice         : 102
  Donor mask pixels      : 3400
  Posterior stack        : (100, 1, 1, 240, 240)
  Case output            : /Users/bhanugarg/archive/br_lora_library_staging/batch_0038/synthetic_009403
  Verdict                : PASS

[154/250] synthetic_009404
  Case seed              : 336886992
  External subject       : BraTS20_Validation_118
  External slice         : 102
  Donor mask pixels      : 2485
  Posterior stack        : (100, 1, 1, 240, 240)
  Case output            : /Users/bhanugarg/archive/br_lora_library_staging/batch_0038/synthetic_009404
  Verdict                : PASS

[155/250] synthetic_009405
  Case seed              : 1329739685
  External subject       : BraTS20_Validation_118
  External slice         : 103
  Donor mask pixels      : 1291
  Posterior stack        : (100, 1, 1, 240, 240)
  Case output            : /Users/bhanugarg/archive/br_lora_library_staging/batch_0038/synthetic_009405
  Verdict                : PASS

[156/250] synthetic_009406
  Case seed              : 1569672823
  External subject       : BraTS20_Validation_118
  External slice         : 103
  Donor mask pixels      : 974
  Posterior stack        : (100, 1, 1, 240, 240)
  Case output            : /Users/bhanugarg/archive/br_lora_library_staging/batch_0038/synthetic_009406
  Verdict                : PASS

[157/250] synthetic_009407
  Case seed              : 107170725
  External subject       : BraTS20_Validation_118
  External slice         : 104
  Donor mask pixels      : 2977
  Posterior stack        : (100, 1, 1, 240, 240)
  Case output            : /Users/bhanugarg/archive/br_lora_library_staging/batch_0038/synthetic_009407
  Verdict                : PASS

[158/250] synthetic_009408
  Case seed              : 534277044
  External subject       : BraTS20_Validation_118
  External slice         : 104
  Donor mask pixels      : 3960
  Posterior stack        : (100, 1, 1, 240, 240)
  Case output            : /Users/bhanugarg/archive/br_lora_library_staging/batch_0038/synthetic_009408
  Verdict                : PASS

[159/250] synthetic_009409
  Case seed              : 473592592
  External subject       : BraTS20_Validation_118
  External slice         : 105
  Donor mask pixels      : 2734
  Posterior stack        : (100, 1, 1, 240, 240)
  Case output            : /Users/bhanugarg/archive/br_lora_library_staging/batch_0038/synthetic_009409
  Verdict                : PASS

[160/250] synthetic_009410
  Case seed              : 291884857
  External subject       : BraTS20_Validation_118
  External slice         : 106
  Donor mask pixels      : 3631
  Posterior stack        : (100, 1, 1, 240, 240)
  Case output            : /Users/bhanugarg/archive/br_lora_library_staging/batch_0038/synthetic_009410
  Verdict                : PASS

[161/250] synthetic_009411
  Case seed              : 1186503722
  External subject       : BraTS20_Validation_118
  External slice         : 106
  Donor mask pixels      : 2202
  Posterior stack        : (100, 1, 1, 240, 240)
  Case output            : /Users/bhanugarg/archive/br_lora_library_staging/batch_0038/synthetic_009411
  Verdict                : PASS

[162/250] synthetic_009412
  Case seed              : 840376503
  External subject       : BraTS20_Validation_118
  External slice         : 107
  Donor mask pixels      : 1676
  Posterior stack        : (100, 1, 1, 240, 240)
  Case output            : /Users/bhanugarg/archive/br_lora_library_staging/batch_0038/synthetic_009412
  Verdict                : PASS

[163/250] synthetic_009413
  Case seed              : 220505847
  External subject       : BraTS20_Validation_118
  External slice         : 107
  Donor mask pixels      : 2698
  Posterior stack        : (100, 1, 1, 240, 240)
  Case output            : /Users/bhanugarg/archive/br_lora_library_staging/batch_0038/synthetic_009413
  Verdict                : PASS

[164/250] synthetic_009414
  Case seed              : 781243872
  External subject       : BraTS20_Validation_118
  External slice         : 108
  Donor mask pixels      : 3092
  Posterior stack        : (100, 1, 1, 240, 240)
  Case output            : /Users/bhanugarg/archive/br_lora_library_staging/batch_0038/synthetic_009414
  Verdict                : PASS

[165/250] synthetic_009415
  Case seed              : 167570919
  External subject       : BraTS20_Validation_118
  External slice         : 108
  Donor mask pixels      : 2851
  Posterior stack        : (100, 1, 1, 240, 240)
  Case output            : /Users/bhanugarg/archive/br_lora_library_staging/batch_0038/synthetic_009415
  Verdict                : PASS

[166/250] synthetic_009416
  Case seed              : 258227682
  External subject       : BraTS20_Validation_118
  External slice         : 109
  Donor mask pixels      : 647
  Posterior stack        : (100, 1, 1, 240, 240)
  Case output            : /Users/bhanugarg/archive/br_lora_library_staging/batch_0038/synthetic_009416
  Verdict                : PASS

[167/250] synthetic_009417
  Case seed              : 1753772798
  External subject       : BraTS20_Validation_118
  External slice         : 109
  Donor mask pixels      : 3206
  Posterior stack        : (100, 1, 1, 240, 240)
  Case output            : /Users/bhanugarg/archive/br_lora_library_staging/batch_0038/synthetic_009417
  Verdict                : PASS

[168/250] synthetic_009418
  Case seed              : 1706594852
  External subject       : BraTS20_Validation_118
  External slice         : 110
  Donor mask pixels      : 1307
  Posterior stack        : (100, 1, 1, 240, 240)
  Case output            : /Users/bhanugarg/archive/br_lora_library_staging/batch_0038/synthetic_009418
  Verdict                : PASS

[169/250] synthetic_009419
  Case seed              : 840810264
  External subject       : BraTS20_Validation_118
  External slice         : 110
  Donor mask pixels      : 1722
  Posterior stack        : (100, 1, 1, 240, 240)
  Case output            : /Users/bhanugarg/archive/br_lora_library_staging/batch_0038/synthetic_009419
  Verdict                : PASS

[170/250] synthetic_009420
  Case seed              : 677179868
  External subject       : BraTS20_Validation_118
  External slice         : 111
  Donor mask pixels      : 2876
  Posterior stack        : (100, 1, 1, 240, 240)
  Case output            : /Users/bhanugarg/archive/br_lora_library_staging/batch_0038/synthetic_009420
  Verdict                : PASS

[171/250] synthetic_009421
  Case seed              : 169018590
  External subject       : BraTS20_Validation_118
  External slice         : 111
  Donor mask pixels      : 1364
  Posterior stack        : (100, 1, 1, 240, 240)
  Case output            : /Users/bhanugarg/archive/br_lora_library_staging/batch_0038/synthetic_009421
  Verdict                : PASS

[172/250] synthetic_009422
  Case seed              : 1250534764
  External subject       : BraTS20_Validation_118
  External slice         : 112
  Donor mask pixels      : 2424
  Posterior stack        : (100, 1, 1, 240, 240)
  Case output            : /Users/bhanugarg/archive/br_lora_library_staging/batch_0038/synthetic_009422
  Verdict                : PASS

[173/250] synthetic_009423
  Case seed              : 958179640
  External subject       : BraTS20_Validation_118
  External slice         : 112
  Donor mask pixels      : 1762
  Posterior stack        : (100, 1, 1, 240, 240)
  Case output            : /Users/bhanugarg/archive/br_lora_library_staging/batch_0038/synthetic_009423
  Verdict                : PASS

[174/250] synthetic_009424
  Case seed              : 840469480
  External subject       : BraTS20_Validation_118
  External slice         : 113
  Donor mask pixels      : 2925
  Posterior stack        : (100, 1, 1, 240, 240)
  Case output            : /Users/bhanugarg/archive/br_lora_library_staging/batch_0038/synthetic_009424
  Verdict                : PASS

[175/250] synthetic_009425
  Case seed              : 1429176367
  External subject       : BraTS20_Validation_118
  External slice         : 113
  Donor mask pixels      : 2644
  Posterior stack        : (100, 1, 1, 240, 240)
  Case output            : /Users/bhanugarg/archive/br_lora_library_staging/batch_0038/synthetic_009425
  Verdict                : PASS

[176/250] synthetic_009426
  Case seed              : 1735318377
  External subject       : BraTS20_Validation_118
  External slice         : 114
  Donor mask pixels      : 3474
  Posterior stack        : (100, 1, 1, 240, 240)
  Case output            : /Users/bhanugarg/archive/br_lora_library_staging/batch_0038/synthetic_009426
  Verdict                : PASS

[177/250] synthetic_009427
  Case seed              : 986122337
  External subject       : BraTS20_Validation_118
  External slice         : 114
  Donor mask pixels      : 3963
  Posterior stack        : (100, 1, 1, 240, 240)
  Case output            : /Users/bhanugarg/archive/br_lora_library_staging/batch_0038/synthetic_009427
  Verdict                : PASS

[178/250] synthetic_009428
  Case seed              : 191700164
  External subject       : BraTS20_Validation_118
  External slice         : 115
  Donor mask pixels      : 1393
  Posterior stack        : (100, 1, 1, 240, 240)
  Case output            : /Users/bhanugarg/archive/br_lora_library_staging/batch_0038/synthetic_009428
  Verdict                : PASS

[179/250] synthetic_009429
  Case seed              : 1661511056
  External subject       : BraTS20_Validation_118
  External slice         : 115
  Donor mask pixels      : 2841
  Posterior stack        : (100, 1, 1, 240, 240)
  Case output            : /Users/bhanugarg/archive/br_lora_library_staging/batch_0038/synthetic_009429
  Verdict                : PASS

[180/250] synthetic_009430
  Case seed              : 2105790698
  External subject       : BraTS20_Validation_118
  External slice         : 116
  Donor mask pixels      : 939
  Posterior stack        : (100, 1, 1, 240, 240)
  Case output            : /Users/bhanugarg/archive/br_lora_library_staging/batch_0038/synthetic_009430
  Verdict                : PASS

[181/250] synthetic_009431
  Case seed              : 1525840779
  External subject       : BraTS20_Validation_118
  External slice         : 116
  Donor mask pixels      : 1354
  Posterior stack        : (100, 1, 1, 240, 240)
  Case output            : /Users/bhanugarg/archive/br_lora_library_staging/batch_0038/synthetic_009431
  Verdict                : PASS

[182/250] synthetic_009432
  Case seed              : 567251223
  External subject       : BraTS20_Validation_118
  External slice         : 117
  Donor mask pixels      : 1110
  Posterior stack        : (100, 1, 1, 240, 240)
  Case output            : /Users/bhanugarg/archive/br_lora_library_staging/batch_0038/synthetic_009432
  Verdict                : PASS

[183/250] synthetic_009433
  Case seed              : 395241929
  External subject       : BraTS20_Validation_118
  External slice         : 117
  Donor mask pixels      : 6103
  Posterior stack        : (100, 1, 1, 240, 240)
  Case output            : /Users/bhanugarg/archive/br_lora_library_staging/batch_0038/synthetic_009433
  Verdict                : PASS

[184/250] synthetic_009434
  Case seed              : 633196887
  External subject       : BraTS20_Validation_118
  External slice         : 118
  Donor mask pixels      : 1136
  Posterior stack        : (100, 1, 1, 240, 240)
  Case output            : /Users/bhanugarg/archive/br_lora_library_staging/batch_0038/synthetic_009434
  Verdict                : PASS

[185/250] synthetic_009435
  Case seed              : 24362411
  External subject       : BraTS20_Validation_118
  External slice         : 119
  Donor mask pixels      : 842
  Posterior stack        : (100, 1, 1, 240, 240)
  Case output            : /Users/bhanugarg/archive/br_lora_library_staging/batch_0038/synthetic_009435
  Verdict                : PASS

[186/250] synthetic_009436
  Case seed              : 1092716569
  External subject       : BraTS20_Validation_118
  External slice         : 120
  Donor mask pixels      : 785
  Posterior stack        : (100, 1, 1, 240, 240)
  Case output            : /Users/bhanugarg/archive/br_lora_library_staging/batch_0038/synthetic_009436
  Verdict                : PASS

[187/250] synthetic_009437
  Case seed              : 1647850994
  External subject       : BraTS20_Validation_118
  External slice         : 121
  Donor mask pixels      : 2016
  Posterior stack        : (100, 1, 1, 240, 240)
  Case output            : /Users/bhanugarg/archive/br_lora_library_staging/batch_0038/synthetic_009437
  Verdict                : PASS

[188/250] synthetic_009438
  Case seed              : 1535880028
  External subject       : BraTS20_Validation_118
  External slice         : 122
  Donor mask pixels      : 3918
  Posterior stack        : (100, 1, 1, 240, 240)
  Case output            : /Users/bhanugarg/archive/br_lora_library_staging/batch_0038/synthetic_009438
  Verdict                : PASS

[189/250] synthetic_009439
  Case seed              : 412923548
  External subject       : BraTS20_Validation_118
  External slice         : 123
  Donor mask pixels      : 1485
  Posterior stack        : (100, 1, 1, 240, 240)
  Case output            : /Users/bhanugarg/archive/br_lora_library_staging/batch_0038/synthetic_009439
  Verdict                : PASS

[190/250] synthetic_009440
  Case seed              : 691211351
  External subject       : BraTS20_Validation_118
  External slice         : 124
  Donor mask pixels      : 2467
  Posterior stack        : (100, 1, 1, 240, 240)
  Case output            : /Users/bhanugarg/archive/br_lora_library_staging/batch_0038/synthetic_009440
  Verdict                : PASS

[191/250] synthetic_009441
  Case seed              : 684501998
  External subject       : BraTS20_Validation_118
  External slice         : 125
  Donor mask pixels      : 740
  Posterior stack        : (100, 1, 1, 240, 240)
  Case output            : /Users/bhanugarg/archive/br_lora_library_staging/batch_0038/synthetic_009441
  Verdict                : PASS

[192/250] synthetic_009442
  Case seed              : 1203479091
  External subject       : BraTS20_Validation_118
  External slice         : 126
  Donor mask pixels      : 977
  Posterior stack        : (100, 1, 1, 240, 240)
  Case output            : /Users/bhanugarg/archive/br_lora_library_staging/batch_0038/synthetic_009442
  Verdict                : PASS

[193/250] synthetic_009443
  Case seed              : 1699983493
  External subject       : BraTS20_Validation_118
  External slice         : 127
  Donor mask pixels      : 1004
  Posterior stack        : (100, 1, 1, 240, 240)
  Case output            : /Users/bhanugarg/archive/br_lora_library_staging/batch_0038/synthetic_009443
  Verdict                : PASS

[194/250] synthetic_009444
  Case seed              : 250781376
  External subject       : BraTS20_Validation_118
  External slice         : 128
  Donor mask pixels      : 460
  Posterior stack        : (100, 1, 1, 240, 240)
  Case output            : /Users/bhanugarg/archive/br_lora_library_staging/batch_0038/synthetic_009444
  Verdict                : PASS

[195/250] synthetic_009445
  Case seed              : 800465723
  External subject       : BraTS20_Validation_118
  External slice         : 129
  Donor mask pixels      : 1115
  Posterior stack        : (100, 1, 1, 240, 240)
  Case output            : /Users/bhanugarg/archive/br_lora_library_staging/batch_0038/synthetic_009445
  Verdict                : PASS

[196/250] synthetic_009446
  Case seed              : 2095439301
  External subject       : BraTS20_Validation_118
  External slice         : 130
  Donor mask pixels      : 2168
  Posterior stack        : (100, 1, 1, 240, 240)
  Case output            : /Users/bhanugarg/archive/br_lora_library_staging/batch_0038/synthetic_009446
  Verdict                : PASS

[197/250] synthetic_009447
  Case seed              : 1884568088
  External subject       : BraTS20_Validation_118
  External slice         : 131
  Donor mask pixels      : 2242
  Posterior stack        : (100, 1, 1, 240, 240)
  Case output            : /Users/bhanugarg/archive/br_lora_library_staging/batch_0038/synthetic_009447
  Verdict                : PASS

[198/250] synthetic_009448
  Case seed              : 421048606
  External subject       : BraTS20_Validation_118
  External slice         : 132
  Donor mask pixels      : 637
  Posterior stack        : (100, 1, 1, 240, 240)
  Case output            : /Users/bhanugarg/archive/br_lora_library_staging/batch_0038/synthetic_009448
  Verdict                : PASS

[199/250] synthetic_009449
  Case seed              : 598021319
  External subject       : BraTS20_Validation_118
  External slice         : 133
  Donor mask pixels      : 571
  Posterior stack        : (100, 1, 1, 240, 240)
  Case output            : /Users/bhanugarg/archive/br_lora_library_staging/batch_0038/synthetic_009449
  Verdict                : PASS

[200/250] synthetic_009450
  Case seed              : 1646866569
  External subject       : BraTS20_Validation_118
  External slice         : 135
  Donor mask pixels      : 1308
  Posterior stack        : (100, 1, 1, 240, 240)
  Case output            : /Users/bhanugarg/archive/br_lora_library_staging/batch_0038/synthetic_009450
  Verdict                : PASS

[201/250] synthetic_009451
  Case seed              : 1264774373
  External subject       : BraTS20_Validation_118
  External slice         : 136
  Donor mask pixels      : 645
  Posterior stack        : (100, 1, 1, 240, 240)
  Case output            : /Users/bhanugarg/archive/br_lora_library_staging/batch_0038/synthetic_009451
  Verdict                : PASS

[202/250] synthetic_009452
  Case seed              : 464552156
  External subject       : BraTS20_Validation_118
  External slice         : 137
  Donor mask pixels      : 340
  Posterior stack        : (100, 1, 1, 240, 240)
  Case output            : /Users/bhanugarg/archive/br_lora_library_staging/batch_0038/synthetic_009452
  Verdict                : PASS

[203/250] synthetic_009453
  Case seed              : 548843860
  External subject       : BraTS20_Validation_118
  External slice         : 138
  Donor mask pixels      : 637
  Posterior stack        : (100, 1, 1, 240, 240)
  Case output            : /Users/bhanugarg/archive/br_lora_library_staging/batch_0038/synthetic_009453
  Verdict                : PASS

[204/250] synthetic_009454
  Case seed              : 773473430
  External subject       : BraTS20_Validation_118
  External slice         : 139
  Donor mask pixels      : 302
  Posterior stack        : (100, 1, 1, 240, 240)
  Case output            : /Users/bhanugarg/archive/br_lora_library_staging/batch_0038/synthetic_009454
  Verdict                : PASS

[205/250] synthetic_009455
  Case seed              : 682256273
  External subject       : BraTS20_Validation_119
  External slice         : 3
  Donor mask pixels      : 705
  Posterior stack        : (100, 1, 1, 240, 240)
  Case output            : /Users/bhanugarg/archive/br_lora_library_staging/batch_0038/synthetic_009455
  Verdict                : PASS

[206/250] synthetic_009456
  Case seed              : 1504637469
  External subject       : BraTS20_Validation_119
  External slice         : 4
  Donor mask pixels      : 673
  Posterior stack        : (100, 1, 1, 240, 240)
  Case output            : /Users/bhanugarg/archive/br_lora_library_staging/batch_0038/synthetic_009456
  Verdict                : PASS

[207/250] synthetic_009457
  Case seed              : 1020273895
  External subject       : BraTS20_Validation_119
  External slice         : 5
  Donor mask pixels      : 509
  Posterior stack        : (100, 1, 1, 240, 240)
  Case output            : /Users/bhanugarg/archive/br_lora_library_staging/batch_0038/synthetic_009457
  Verdict                : PASS

[208/250] synthetic_009458
  Case seed              : 1051571948
  External subject       : BraTS20_Validation_119
  External slice         : 6
  Donor mask pixels      : 409
  Posterior stack        : (100, 1, 1, 240, 240)
  Case output            : /Users/bhanugarg/archive/br_lora_library_staging/batch_0038/synthetic_009458
  Verdict                : PASS

[209/250] synthetic_009459
  Case seed              : 1079983291
  External subject       : BraTS20_Validation_119
  External slice         : 7
  Donor mask pixels      : 339
  Posterior stack        : (100, 1, 1, 240, 240)
  Case output            : /Users/bhanugarg/archive/br_lora_library_staging/batch_0038/synthetic_009459
  Verdict                : PASS

[210/250] synthetic_009460
  Case seed              : 1478571369
  External subject       : BraTS20_Validation_119
  External slice         : 8
  Donor mask pixels      : 1198
  Posterior stack        : (100, 1, 1, 240, 240)
  Case output            : /Users/bhanugarg/archive/br_lora_library_staging/batch_0038/synthetic_009460
  Verdict                : PASS

[211/250] synthetic_009461
  Case seed              : 550119779
  External subject       : BraTS20_Validation_119
  External slice         : 9
  Donor mask pixels      : 539
  Posterior stack        : (100, 1, 1, 240, 240)
  Case output            : /Users/bhanugarg/archive/br_lora_library_staging/batch_0038/synthetic_009461
  Verdict                : PASS

[212/250] synthetic_009462
  Case seed              : 798903937
  External subject       : BraTS20_Validation_119
  External slice         : 10
  Donor mask pixels      : 581
  Posterior stack        : (100, 1, 1, 240, 240)
  Case output            : /Users/bhanugarg/archive/br_lora_library_staging/batch_0038/synthetic_009462
  Verdict                : PASS

[213/250] synthetic_009463
  Case seed              : 1900806789
  External subject       : BraTS20_Validation_119
  External slice         : 11
  Donor mask pixels      : 1456
  Posterior stack        : (100, 1, 1, 240, 240)
  Case output            : /Users/bhanugarg/archive/br_lora_library_staging/batch_0038/synthetic_009463
  Verdict                : PASS

[214/250] synthetic_009464
  Case seed              : 37652359
  External subject       : BraTS20_Validation_119
  External slice         : 12
  Donor mask pixels      : 1448
  Posterior stack        : (100, 1, 1, 240, 240)
  Case output            : /Users/bhanugarg/archive/br_lora_library_staging/batch_0038/synthetic_009464
  Verdict                : PASS

[215/250] synthetic_009465
  Case seed              : 2117055953
  External subject       : BraTS20_Validation_119
  External slice         : 13
  Donor mask pixels      : 1483
  Posterior stack        : (100, 1, 1, 240, 240)
  Case output            : /Users/bhanugarg/archive/br_lora_library_staging/batch_0038/synthetic_009465
  Verdict                : PASS

[216/250] synthetic_009466
  Case seed              : 1779086254
  External subject       : BraTS20_Validation_119
  External slice         : 14
  Donor mask pixels      : 1061
  Posterior stack        : (100, 1, 1, 240, 240)
  Case output            : /Users/bhanugarg/archive/br_lora_library_staging/batch_0038/synthetic_009466
  Verdict                : PASS

[217/250] synthetic_009467
  Case seed              : 791242214
  External subject       : BraTS20_Validation_119
  External slice         : 15
  Donor mask pixels      : 827
  Posterior stack        : (100, 1, 1, 240, 240)
  Case output            : /Users/bhanugarg/archive/br_lora_library_staging/batch_0038/synthetic_009467
  Verdict                : PASS

[218/250] synthetic_009468
  Case seed              : 1821122634
  External subject       : BraTS20_Validation_119
  External slice         : 16
  Donor mask pixels      : 648
  Posterior stack        : (100, 1, 1, 240, 240)
  Case output            : /Users/bhanugarg/archive/br_lora_library_staging/batch_0038/synthetic_009468
  Verdict                : PASS

[219/250] synthetic_009469
  Case seed              : 689678175
  External subject       : BraTS20_Validation_119
  External slice         : 17
  Donor mask pixels      : 1541
  Posterior stack        : (100, 1, 1, 240, 240)
  Case output            : /Users/bhanugarg/archive/br_lora_library_staging/batch_0038/synthetic_009469
  Verdict                : PASS

[220/250] synthetic_009470
  Case seed              : 396825600
  External subject       : BraTS20_Validation_119
  External slice         : 18
  Donor mask pixels      : 2224
  Posterior stack        : (100, 1, 1, 240, 240)
  Case output            : /Users/bhanugarg/archive/br_lora_library_staging/batch_0038/synthetic_009470
  Verdict                : PASS

[221/250] synthetic_009471
  Case seed              : 453475535
  External subject       : BraTS20_Validation_119
  External slice         : 19
  Donor mask pixels      : 1332
  Posterior stack        : (100, 1, 1, 240, 240)
  Case output            : /Users/bhanugarg/archive/br_lora_library_staging/batch_0038/synthetic_009471
  Verdict                : PASS

[222/250] synthetic_009472
  Case seed              : 1728502948
  External subject       : BraTS20_Validation_119
  External slice         : 20
  Donor mask pixels      : 1182
  Posterior stack        : (100, 1, 1, 240, 240)
  Case output            : /Users/bhanugarg/archive/br_lora_library_staging/batch_0038/synthetic_009472
  Verdict                : PASS

[223/250] synthetic_009473
  Case seed              : 1436818871
  External subject       : BraTS20_Validation_119
  External slice         : 21
  Donor mask pixels      : 486
  Posterior stack        : (100, 1, 1, 240, 240)
  Case output            : /Users/bhanugarg/archive/br_lora_library_staging/batch_0038/synthetic_009473
  Verdict                : PASS

[224/250] synthetic_009474
  Case seed              : 330467135
  External subject       : BraTS20_Validation_119
  External slice         : 22
  Donor mask pixels      : 1059
  Posterior stack        : (100, 1, 1, 240, 240)
  Case output            : /Users/bhanugarg/archive/br_lora_library_staging/batch_0038/synthetic_009474
  Verdict                : PASS

[225/250] synthetic_009475
  Case seed              : 1899925867
  External subject       : BraTS20_Validation_119
  External slice         : 23
  Donor mask pixels      : 1111
  Posterior stack        : (100, 1, 1, 240, 240)
  Case output            : /Users/bhanugarg/archive/br_lora_library_staging/batch_0038/synthetic_009475
  Verdict                : PASS

[226/250] synthetic_009476
  Case seed              : 639216249
  External subject       : BraTS20_Validation_119
  External slice         : 24
  Donor mask pixels      : 989
  Posterior stack        : (100, 1, 1, 240, 240)
  Case output            : /Users/bhanugarg/archive/br_lora_library_staging/batch_0038/synthetic_009476
  Verdict                : PASS

[227/250] synthetic_009477
  Case seed              : 1885929882
  External subject       : BraTS20_Validation_119
  External slice         : 25
  Donor mask pixels      : 1673
  Posterior stack        : (100, 1, 1, 240, 240)
  Case output            : /Users/bhanugarg/archive/br_lora_library_staging/batch_0038/synthetic_009477
  Verdict                : PASS

[228/250] synthetic_009478
  Case seed              : 789759533
  External subject       : BraTS20_Validation_119
  External slice         : 26
  Donor mask pixels      : 573
  Posterior stack        : (100, 1, 1, 240, 240)
  Case output            : /Users/bhanugarg/archive/br_lora_library_staging/batch_0038/synthetic_009478
  Verdict                : PASS

[229/250] synthetic_009479
  Case seed              : 121691240
  External subject       : BraTS20_Validation_119
  External slice         : 27
  Donor mask pixels      : 386
  Posterior stack        : (100, 1, 1, 240, 240)
  Case output            : /Users/bhanugarg/archive/br_lora_library_staging/batch_0038/synthetic_009479
  Verdict                : PASS

[230/250] synthetic_009480
  Case seed              : 1844167066
  External subject       : BraTS20_Validation_119
  External slice         : 28
  Donor mask pixels      : 460
  Posterior stack        : (100, 1, 1, 240, 240)
  Case output            : /Users/bhanugarg/archive/br_lora_library_staging/batch_0038/synthetic_009480
  Verdict                : PASS

[231/250] synthetic_009481
  Case seed              : 916187085
  External subject       : BraTS20_Validation_119
  External slice         : 29
  Donor mask pixels      : 539
  Posterior stack        : (100, 1, 1, 240, 240)
  Case output            : /Users/bhanugarg/archive/br_lora_library_staging/batch_0038/synthetic_009481
  Verdict                : PASS

[232/250] synthetic_009482
  Case seed              : 739763782
  External subject       : BraTS20_Validation_119
  External slice         : 30
  Donor mask pixels      : 2562
  Posterior stack        : (100, 1, 1, 240, 240)
  Case output            : /Users/bhanugarg/archive/br_lora_library_staging/batch_0038/synthetic_009482
  Verdict                : PASS

[233/250] synthetic_009483
  Case seed              : 1684022838
  External subject       : BraTS20_Validation_119
  External slice         : 31
  Donor mask pixels      : 310
  Posterior stack        : (100, 1, 1, 240, 240)
  Case output            : /Users/bhanugarg/archive/br_lora_library_staging/batch_0038/synthetic_009483
  Verdict                : PASS

[234/250] synthetic_009484
  Case seed              : 271712721
  External subject       : BraTS20_Validation_119
  External slice         : 32
  Donor mask pixels      : 398
  Posterior stack        : (100, 1, 1, 240, 240)
  Case output            : /Users/bhanugarg/archive/br_lora_library_staging/batch_0038/synthetic_009484
  Verdict                : PASS

[235/250] synthetic_009485
  Case seed              : 214388499
  External subject       : BraTS20_Validation_119
  External slice         : 33
  Donor mask pixels      : 1110
  Posterior stack        : (100, 1, 1, 240, 240)
  Case output            : /Users/bhanugarg/archive/br_lora_library_staging/batch_0038/synthetic_009485
  Verdict                : PASS

[236/250] synthetic_009486
  Case seed              : 176615578
  External subject       : BraTS20_Validation_119
  External slice         : 34
  Donor mask pixels      : 830
  Posterior stack        : (100, 1, 1, 240, 240)
  Case output            : /Users/bhanugarg/archive/br_lora_library_staging/batch_0038/synthetic_009486
  Verdict                : PASS

[237/250] synthetic_009487
  Case seed              : 685031972
  External subject       : BraTS20_Validation_119
  External slice         : 35
  Donor mask pixels      : 744
  Posterior stack        : (100, 1, 1, 240, 240)
  Case output            : /Users/bhanugarg/archive/br_lora_library_staging/batch_0038/synthetic_009487
  Verdict                : PASS

[238/250] synthetic_009488
  Case seed              : 964002699
  External subject       : BraTS20_Validation_119
  External slice         : 36
  Donor mask pixels      : 523
  Posterior stack        : (100, 1, 1, 240, 240)
  Case output            : /Users/bhanugarg/archive/br_lora_library_staging/batch_0038/synthetic_009488
  Verdict                : PASS

[239/250] synthetic_009489
  Case seed              : 474429283
  External subject       : BraTS20_Validation_119
  External slice         : 37
  Donor mask pixels      : 1095
  Posterior stack        : (100, 1, 1, 240, 240)
  Case output            : /Users/bhanugarg/archive/br_lora_library_staging/batch_0038/synthetic_009489
  Verdict                : PASS

[240/250] synthetic_009490
  Case seed              : 374761169
  External subject       : BraTS20_Validation_119
  External slice         : 38
  Donor mask pixels      : 3557
  Posterior stack        : (100, 1, 1, 240, 240)
  Case output            : /Users/bhanugarg/archive/br_lora_library_staging/batch_0038/synthetic_009490
  Verdict                : PASS

[241/250] synthetic_009491
  Case seed              : 2139157537
  External subject       : BraTS20_Validation_119
  External slice         : 39
  Donor mask pixels      : 1430
  Posterior stack        : (100, 1, 1, 240, 240)
  Case output            : /Users/bhanugarg/archive/br_lora_library_staging/batch_0038/synthetic_009491
  Verdict                : PASS

[242/250] synthetic_009492
  Case seed              : 138633403
  External subject       : BraTS20_Validation_119
  External slice         : 40
  Donor mask pixels      : 3519
  Posterior stack        : (100, 1, 1, 240, 240)
  Case output            : /Users/bhanugarg/archive/br_lora_library_staging/batch_0038/synthetic_009492
  Verdict                : PASS

[243/250] synthetic_009493
  Case seed              : 1601553272
  External subject       : BraTS20_Validation_119
  External slice         : 41
  Donor mask pixels      : 2033
  Posterior stack        : (100, 1, 1, 240, 240)
  Case output            : /Users/bhanugarg/archive/br_lora_library_staging/batch_0038/synthetic_009493
  Verdict                : PASS

[244/250] synthetic_009494
  Case seed              : 1192238382
  External subject       : BraTS20_Validation_119
  External slice         : 42
  Donor mask pixels      : 2324
  Posterior stack        : (100, 1, 1, 240, 240)
  Case output            : /Users/bhanugarg/archive/br_lora_library_staging/batch_0038/synthetic_009494
  Verdict                : PASS

[245/250] synthetic_009495
  Case seed              : 1859860761
  External subject       : BraTS20_Validation_119
  External slice         : 43
  Donor mask pixels      : 1288
  Posterior stack        : (100, 1, 1, 240, 240)
  Case output            : /Users/bhanugarg/archive/br_lora_library_staging/batch_0038/synthetic_009495
  Verdict                : PASS

[246/250] synthetic_009496
  Case seed              : 655807170
  External subject       : BraTS20_Validation_119
  External slice         : 43
  Donor mask pixels      : 440
  Posterior stack        : (100, 1, 1, 240, 240)
  Case output            : /Users/bhanugarg/archive/br_lora_library_staging/batch_0038/synthetic_009496
  Verdict                : PASS

[247/250] synthetic_009497
  Case seed              : 1769491165
  External subject       : BraTS20_Validation_119
  External slice         : 44
  Donor mask pixels      : 1390
  Posterior stack        : (100, 1, 1, 240, 240)
  Case output            : /Users/bhanugarg/archive/br_lora_library_staging/batch_0038/synthetic_009497
  Verdict                : PASS

[248/250] synthetic_009498
  Case seed              : 759861930
  External subject       : BraTS20_Validation_119
  External slice         : 44
  Donor mask pixels      : 2806
  Posterior stack        : (100, 1, 1, 240, 240)
  Case output            : /Users/bhanugarg/archive/br_lora_library_staging/batch_0038/synthetic_009498
  Verdict                : PASS

[249/250] synthetic_009499
  Case seed              : 1263459223
  External subject       : BraTS20_Validation_119
  External slice         : 45
  Donor mask pixels      : 2356
  Posterior stack        : (100, 1, 1, 240, 240)
  Case output            : /Users/bhanugarg/archive/br_lora_library_staging/batch_0038/synthetic_009499
  Verdict                : PASS

[250/250] synthetic_009500
  Case seed              : 1020379893
  External subject       : BraTS20_Validation_119
  External slice         : 45
  Donor mask pixels      : 2182
  Posterior stack        : (100, 1, 1, 240, 240)
  Case output            : /Users/bhanugarg/archive/br_lora_library_staging/batch_0038/synthetic_009500
  Verdict                : PASS

==============================================================================
BR-LoRA EXTERNAL EVALUATION: PASS
Completed cases          : 250
Posterior realizations   : 100 per case
Evaluation summary       : /Users/bhanugarg/archive/br_lora_library_staging/batch_0038/evaluation_summary.json
==============================================================================

==============================================================================
BR-LoRA LIBRARY BATCH PRODUCTION
==============================================================================

Batch                    : batch_0038
Frozen design manifest   : /Users/bhanugarg/Desktop/localized-medical-image-synthesis/downstream_evaluation/manifests/br_lora_library_design_10000/batches/batch_0038_manifest.csv
Execution manifest       : /Users/bhanugarg/Desktop/localized-medical-image-synthesis/downstream_evaluation/manifests/br_lora_library_design_10000/batches/batch_0038_external_evaluation_manifest.csv
Checkpoint               : /Users/bhanugarg/Desktop/localized-medical-image-synthesis/checkpoints/br_lora_full_train/final.pt
Posterior samples        : 100
Evaluation seed          : 42
Device                   : mps
Output                   : /Users/bhanugarg/archive/br_lora_library_staging/batch_0038
Prepare only             : False
Resume                   : False

===== EXECUTION MANIFEST: PASS =====
Cases                    : 250
Case IDs                 : synthetic_009251 to synthetic_009500
External subjects        : 4
Unique base slices       : 182
Unique donor slices      : 250
Manifest SHA-256         : c4ec9bc746f33aa6a107c052127e468c825c3de49c305100550ed2379436cf9c

==============================================================================
LAUNCHING VALIDATED BR-LoRA INFERENCE ENGINE
==============================================================================

/opt/anaconda3/envs/brats-nnunet/bin/python /Users/bhanugarg/Desktop/localized-medical-image-synthesis/scripts/evaluate_br_lora_external.py --checkpoint /Users/bhanugarg/Desktop/localized-medical-image-synthesis/checkpoints/br_lora_full_train/final.pt --validation-dataset /Users/bhanugarg/archive/BraTS2020_ValidationData/MICCAI_BraTS2020_ValidationData/validation_dataset.yaml --evaluation-manifest /Users/bhanugarg/Desktop/localized-medical-image-synthesis/downstream_evaluation/manifests/br_lora_library_design_10000/batches/batch_0038_external_evaluation_manifest.csv --posterior-samples 100 --seed 42 --output-dir /Users/bhanugarg/archive/br_lora_library_staging/batch_0038 --device mps


==============================================================================
LOCAL PRODUCTION AUDIT: PASS
==============================================================================
Cases audited            : 250
Problems                 : 0
Files checksummed        : 1501
Production audit         : /Users/bhanugarg/archive/br_lora_library_staging/br_lora_batch_0038_production_audit.json
Mac checksum inventory   : /Users/bhanugarg/archive/br_lora_library_staging/br_lora_batch_0038_mac_sha256.txt

==============================================================================
READY FOR FALCON TRANSFER
==============================================================================

No Falcon state was modified.
No local production data was deleted.
Remote batch destination reset:
  /scratch/bhanug/br_lora_library/batches/batch_0038
Transfer starting: 1752 files
./
evaluation_summary.json
            856 100%    4.95MB/s   00:00:00 (xfer#1, to-check=1/1752)
synthetic_009251/
synthetic_009251/composite_mean.pt
         232026 100%   66.41MB/s   00:00:00 (xfer#2, to-check=3/1752)
synthetic_009251/metadata.json
           1798 100%    3.74MB/s   00:00:00 (xfer#3, to-check=4/1752)
synthetic_009251/posterior_mean.pt
         232026 100%   85.59MB/s   00:00:00 (xfer#4, to-check=5/1752)
synthetic_009251/posterior_samples.pt
        3047424  12%    5.64MB/s   00:00:03        4784128  19%    2.22MB/s   00:00:08        6127616  25%    2.36MB/s   00:00:07        7438336  30%    2.35MB/s   00:00:06        9011200  37%    2.88MB/s   00:00:05       10518528  43%    2.78MB/s   00:00:04       11698176  47%    2.23MB/s   00:00:05       13008896  53%    2.44MB/s   00:00:04       14450688  59%    2.34MB/s   00:00:04       15892480  64%    2.58MB/s   00:00:03       17334272  70%    2.66MB/s   00:00:02       18907136  77%    2.92MB/s   00:00:01       20480000  83%    2.74MB/s   00:00:01       22052864  89%    2.97MB/s   00:00:00       23625728  96%    2.96MB/s   00:00:00       24657317 100%    2.78MB/s   00:00:08 (xfer#5, to-check=6/1752)
synthetic_009251/posterior_std.pt
         232019 100%   10.34MB/s   00:00:00 (xfer#6, to-check=7/1752)
synthetic_009251/posterior_variance.pt
         232054 100%    4.42MB/s   00:00:00 (xfer#7, to-check=8/1752)
synthetic_009252/
synthetic_009252/composite_mean.pt
         232026 100%    3.47MB/s   00:00:00 (xfer#8, to-check=10/1752)
synthetic_009252/metadata.json
           1798 100%    5.32MB/s   00:00:00 (xfer#9, to-check=11/1752)
synthetic_009252/posterior_mean.pt
         232026 100%    3.77MB/s   00:00:00 (xfer#10, to-check=12/1752)
synthetic_009252/posterior_samples.pt
        1933312   8%    3.42MB/s   00:00:06        4030464  16%    3.98MB/s   00:00:04        6127616  25%    3.89MB/s   00:00:04        8355840  34%    4.22MB/s   00:00:03       10715136  43%    4.28MB/s   00:00:03       12681216  51%    3.69MB/s   00:00:03       14909440  60%    4.12MB/s   00:00:02       17006592  69%    3.73MB/s   00:00:01       19628032  80%    4.62MB/s   00:00:01       21266432  86%    3.12MB/s   00:00:01       23003136  93%    3.04MB/s   00:00:00       24281088  98%    2.23MB/s   00:00:00       24657317 100%    3.60MB/s   00:00:06 (xfer#11, to-check=13/1752)
synthetic_009252/posterior_std.pt
         232019 100%    3.26MB/s   00:00:00 (xfer#12, to-check=14/1752)
synthetic_009252/posterior_variance.pt
         232054 100%    4.07MB/s   00:00:00 (xfer#13, to-check=15/1752)
synthetic_009253/
synthetic_009253/composite_mean.pt
         232026 100%    1.97MB/s   00:00:00 (xfer#14, to-check=17/1752)
synthetic_009253/metadata.json
           1798 100%    4.76MB/s   00:00:00 (xfer#15, to-check=18/1752)
synthetic_009253/posterior_mean.pt
         232026 100%    1.99MB/s   00:00:00 (xfer#16, to-check=19/1752)
synthetic_009253/posterior_samples.pt
        1048576   4%    1.98MB/s   00:00:11        2359296  10%    2.35MB/s   00:00:09        3670016  15%    2.35MB/s   00:00:08        5111808  21%    2.57MB/s   00:00:07        6553600  27%    2.49MB/s   00:00:06        8126464  33%    2.85MB/s   00:00:05        9764864  40%    3.12MB/s   00:00:04       11141120  45%    2.52MB/s   00:00:05       13107200  53%    3.42MB/s   00:00:03       14942208  61%    3.47MB/s   00:00:02       16908288  69%    3.74MB/s   00:00:01       18743296  76%    3.34MB/s   00:00:01       20578304  83%    2.98MB/s   00:00:01       22937600  93%    4.12MB/s   00:00:00       24657317 100%    3.01MB/s   00:00:07 (xfer#17, to-check=20/1752)
synthetic_009253/posterior_std.pt
         232019 100%   10.00MB/s   00:00:00 (xfer#18, to-check=21/1752)
synthetic_009253/posterior_variance.pt
         232054 100%    3.97MB/s   00:00:00 (xfer#19, to-check=22/1752)
synthetic_009254/
synthetic_009254/composite_mean.pt
         232026 100%   12.48MB/s   00:00:00 (xfer#20, to-check=24/1752)
synthetic_009254/metadata.json
           1799 100%   19.29MB/s   00:00:00 (xfer#21, to-check=25/1752)
synthetic_009254/posterior_mean.pt
         232026 100%    3.98MB/s   00:00:00 (xfer#22, to-check=26/1752)
synthetic_009254/posterior_samples.pt
        1966080   8%    3.53MB/s   00:00:06        4456448  18%    4.70MB/s   00:00:04        6946816  28%    4.70MB/s   00:00:03        9568256  39%    4.58MB/s   00:00:03       12845056  52%    5.78MB/s   00:00:01       16515072  67%    6.58MB/s   00:00:01       19791872  80%    6.23MB/s   00:00:00       23855104  97%    7.64MB/s   00:00:00       24657317 100%    5.49MB/s   00:00:04 (xfer#23, to-check=27/1752)
synthetic_009254/posterior_std.pt
         232019 100%  125.09MB/s   00:00:00 (xfer#24, to-check=28/1752)
synthetic_009254/posterior_variance.pt
         232054 100%   12.69MB/s   00:00:00 (xfer#25, to-check=29/1752)
synthetic_009255/
synthetic_009255/composite_mean.pt
         232026 100%   30.63MB/s   00:00:00 (xfer#26, to-check=31/1752)
synthetic_009255/metadata.json
           1799 100%   27.68MB/s   00:00:00 (xfer#27, to-check=32/1752)
synthetic_009255/posterior_mean.pt
         232026 100%    5.21MB/s   00:00:00 (xfer#28, to-check=33/1752)
synthetic_009255/posterior_samples.pt
        4751360  19%    8.69MB/s   00:00:02        9601024  39%    9.13MB/s   00:00:01       14647296  59%    9.45MB/s   00:00:01       18972672  77%    8.19MB/s   00:00:00       23855104  97%    9.02MB/s   00:00:00       24657317 100%    8.08MB/s   00:00:02 (xfer#29, to-check=34/1752)
synthetic_009255/posterior_std.pt
         232019 100%   79.05MB/s   00:00:00 (xfer#30, to-check=35/1752)
synthetic_009255/posterior_variance.pt
         232054 100%    6.52MB/s   00:00:00 (xfer#31, to-check=36/1752)
synthetic_009256/
synthetic_009256/composite_mean.pt
         232026 100%    3.97MB/s   00:00:00 (xfer#32, to-check=38/1752)
synthetic_009256/metadata.json
           1800 100%   18.27MB/s   00:00:00 (xfer#33, to-check=39/1752)
synthetic_009256/posterior_mean.pt
         232026 100%   50.05MB/s   00:00:00 (xfer#34, to-check=40/1752)
synthetic_009256/posterior_samples.pt
        3375104  14%    6.41MB/s   00:00:03        5308416  22%    3.56MB/s   00:00:05        8192000  33%    5.39MB/s   00:00:02       11206656  45%    5.69MB/s   00:00:02       14483456  59%    6.23MB/s   00:00:01       17367040  70%    5.43MB/s   00:00:01       20643840  84%    6.16MB/s   00:00:00       23920640  97%    6.13MB/s   00:00:00       24657317 100%    5.60MB/s   00:00:04 (xfer#35, to-check=41/1752)
synthetic_009256/posterior_std.pt
         232019 100%   10.64MB/s   00:00:00 (xfer#36, to-check=42/1752)
synthetic_009256/posterior_variance.pt
         232054 100%   10.54MB/s   00:00:00 (xfer#37, to-check=43/1752)
synthetic_009257/
synthetic_009257/composite_mean.pt
         232026 100%    2.89MB/s   00:00:00 (xfer#38, to-check=45/1752)
synthetic_009257/metadata.json
           1798 100%    5.97MB/s   00:00:00 (xfer#39, to-check=46/1752)
synthetic_009257/posterior_mean.pt
         232026 100%    9.66MB/s   00:00:00 (xfer#40, to-check=47/1752)
synthetic_009257/posterior_samples.pt
        3276800  13%    6.15MB/s   00:00:03        6684672  27%    6.23MB/s   00:00:02        9830400  40%    5.70MB/s   00:00:02       13107200  53%    6.17MB/s   00:00:01       16121856  65%    5.58MB/s   00:00:01       19398656  79%    6.23MB/s   00:00:00       22413312  91%    5.58MB/s   00:00:00       24657317 100%    5.99MB/s   00:00:03 (xfer#41, to-check=48/1752)
synthetic_009257/posterior_std.pt
         232019 100%  135.51MB/s   00:00:00 (xfer#42, to-check=49/1752)
synthetic_009257/posterior_variance.pt
         232054 100%   62.57MB/s   00:00:00 (xfer#43, to-check=50/1752)
synthetic_009258/
synthetic_009258/composite_mean.pt
         232026 100%    6.90MB/s   00:00:00 (xfer#44, to-check=52/1752)
synthetic_009258/metadata.json
           1797 100%   22.53MB/s   00:00:00 (xfer#45, to-check=53/1752)
synthetic_009258/posterior_mean.pt
         232026 100%    4.81MB/s   00:00:00 (xfer#46, to-check=54/1752)
synthetic_009258/posterior_samples.pt
        3768320  15%    7.08MB/s   00:00:02        7569408  31%    7.12MB/s   00:00:02       11239424  46%    6.72MB/s   00:00:01       13762560  56%    4.68MB/s   00:00:02       15073280  61%    2.28MB/s   00:00:04       16515072  67%    2.74MB/s   00:00:02       17956864  73%    2.70MB/s   00:00:02       19922944  81%    3.61MB/s   00:00:01       21757952  88%    3.23MB/s   00:00:00       23724032  96%    3.70MB/s   00:00:00       24657317 100%    4.31MB/s   00:00:05 (xfer#47, to-check=55/1752)
synthetic_009258/posterior_std.pt
         232019 100%    9.50MB/s   00:00:00 (xfer#48, to-check=56/1752)
synthetic_009258/posterior_variance.pt
         232054 100%    6.44MB/s   00:00:00 (xfer#49, to-check=57/1752)
synthetic_009259/
synthetic_009259/composite_mean.pt
         232026 100%    3.17MB/s   00:00:00 (xfer#50, to-check=59/1752)
synthetic_009259/metadata.json
           1797 100%    4.77MB/s   00:00:00 (xfer#51, to-check=60/1752)
synthetic_009259/posterior_mean.pt
         232026 100%    2.15MB/s   00:00:00 (xfer#52, to-check=61/1752)
synthetic_009259/posterior_samples.pt
        1409024   6%    2.53MB/s   00:00:08        2654208  11%    2.11MB/s   00:00:09        4227072  17%    2.74MB/s   00:00:07        5931008  24%    3.18MB/s   00:00:05        8028160  33%    3.75MB/s   00:00:04        9601024  39%    2.95MB/s   00:00:04       11042816  45%    2.57MB/s   00:00:05       12877824  52%    3.14MB/s   00:00:03       14843904  60%    3.56MB/s   00:00:02       16416768  67%    2.83MB/s   00:00:02       17989632  73%    2.94MB/s   00:00:02       19955712  81%    3.49MB/s   00:00:01       21430272  87%    2.42MB/s   00:00:01       23003136  93%    2.79MB/s   00:00:00       24657317 100%    2.93MB/s   00:00:08 (xfer#53, to-check=62/1752)
synthetic_009259/posterior_std.pt
         232019 100%    4.46MB/s   00:00:00 (xfer#54, to-check=63/1752)
synthetic_009259/posterior_variance.pt
         232054 100%    2.25MB/s   00:00:00 (xfer#55, to-check=64/1752)
synthetic_009260/
synthetic_009260/composite_mean.pt
         232026 100%    3.53MB/s   00:00:00 (xfer#56, to-check=66/1752)
synthetic_009260/metadata.json
           1798 100%    3.59MB/s   00:00:00 (xfer#57, to-check=67/1752)
synthetic_009260/posterior_mean.pt
         232026 100%    9.60MB/s   00:00:00 (xfer#58, to-check=68/1752)
synthetic_009260/posterior_samples.pt
        1867776   8%    3.30MB/s   00:00:06        3932160  16%    3.86MB/s   00:00:05        5767168  23%    3.45MB/s   00:00:05        7733248  31%    3.66MB/s   00:00:04        9437184  38%    3.21MB/s   00:00:04       11272192  46%    3.38MB/s   00:00:03       13631488  55%    4.12MB/s   00:00:02       15859712  64%    4.09MB/s   00:00:02       17956864  73%    3.85MB/s   00:00:01       20054016  81%    3.66MB/s   00:00:01       22544384  91%    4.35MB/s   00:00:00       24657317 100%    3.76MB/s   00:00:06 (xfer#59, to-check=69/1752)
synthetic_009260/posterior_std.pt
         232019 100%    8.47MB/s   00:00:00 (xfer#60, to-check=70/1752)
synthetic_009260/posterior_variance.pt
         232054 100%    3.92MB/s   00:00:00 (xfer#61, to-check=71/1752)
synthetic_009261/
synthetic_009261/composite_mean.pt
         232026 100%    4.21MB/s   00:00:00 (xfer#62, to-check=73/1752)
synthetic_009261/metadata.json
           1798 100%    8.53MB/s   00:00:00 (xfer#63, to-check=74/1752)
synthetic_009261/posterior_mean.pt
         232026 100%   16.06MB/s   00:00:00 (xfer#64, to-check=75/1752)
synthetic_009261/posterior_samples.pt
        2424832  10%    4.46MB/s   00:00:04        5046272  20%    4.99MB/s   00:00:03        7405568  30%    4.34MB/s   00:00:03       10289152  42%    4.96MB/s   00:00:02       13402112  54%    5.44MB/s   00:00:01       16547840  67%    5.57MB/s   00:00:01       19431424  79%    4.98MB/s   00:00:01       22970368  93%    6.57MB/s   00:00:00       24657317 100%    5.24MB/s   00:00:04 (xfer#65, to-check=76/1752)
synthetic_009261/posterior_std.pt
         232019 100%  143.49MB/s   00:00:00 (xfer#66, to-check=77/1752)
synthetic_009261/posterior_variance.pt
         232054 100%   15.39MB/s   00:00:00 (xfer#67, to-check=78/1752)
synthetic_009262/
synthetic_009262/composite_mean.pt
         232026 100%    4.86MB/s   00:00:00 (xfer#68, to-check=80/1752)
synthetic_009262/metadata.json
           1799 100%   19.45MB/s   00:00:00 (xfer#69, to-check=81/1752)
synthetic_009262/posterior_mean.pt
         232026 100%   14.53MB/s   00:00:00 (xfer#70, to-check=82/1752)
synthetic_009262/posterior_samples.pt
        3047424  12%    5.74MB/s   00:00:03        6193152  25%    5.60MB/s   00:00:03        9207808  37%    5.55MB/s   00:00:02       12222464  50%    5.48MB/s   00:00:02       15892480  64%    6.99MB/s   00:00:01       19562496  79%    7.00MB/s   00:00:00       23461888  95%    7.30MB/s   00:00:00       24657317 100%    6.25MB/s   00:00:03 (xfer#71, to-check=83/1752)
synthetic_009262/posterior_std.pt
         232019 100%  123.20MB/s   00:00:00 (xfer#72, to-check=84/1752)
synthetic_009262/posterior_variance.pt
         232054 100%   23.29MB/s   00:00:00 (xfer#73, to-check=85/1752)
synthetic_009263/
synthetic_009263/composite_mean.pt
         232026 100%   16.50MB/s   00:00:00 (xfer#74, to-check=87/1752)
synthetic_009263/metadata.json
           1797 100%   31.81MB/s   00:00:00 (xfer#75, to-check=88/1752)
synthetic_009263/posterior_mean.pt
         232026 100%    4.46MB/s   00:00:00 (xfer#76, to-check=89/1752)
synthetic_009263/posterior_samples.pt
        4423680  18%    8.32MB/s   00:00:02        8486912  34%    7.62MB/s   00:00:02       12550144  51%    7.01MB/s   00:00:01       16875520  68%    8.20MB/s   00:00:00       20938752  85%    7.25MB/s   00:00:00       24657317 100%    7.68MB/s   00:00:03 (xfer#77, to-check=90/1752)
synthetic_009263/posterior_std.pt
         232019 100%  140.77MB/s   00:00:00 (xfer#78, to-check=91/1752)
synthetic_009263/posterior_variance.pt
         232054 100%    9.05MB/s   00:00:00 (xfer#79, to-check=92/1752)
synthetic_009264/
synthetic_009264/composite_mean.pt
         232026 100%    5.17MB/s   00:00:00 (xfer#80, to-check=94/1752)
synthetic_009264/metadata.json
           1798 100%   18.83MB/s   00:00:00 (xfer#81, to-check=95/1752)
synthetic_009264/posterior_mean.pt
         232026 100%   28.00MB/s   00:00:00 (xfer#82, to-check=96/1752)
synthetic_009264/posterior_samples.pt
        3964928  16%    7.34MB/s   00:00:02        8552448  35%    8.33MB/s   00:00:01       12222464  50%    6.86MB/s   00:00:01       16547840  67%    7.73MB/s   00:00:01       20873216  85%    7.96MB/s   00:00:00       24657317 100%    7.68MB/s   00:00:03 (xfer#83, to-check=97/1752)
synthetic_009264/posterior_std.pt
         232019 100%   86.20MB/s   00:00:00 (xfer#84, to-check=98/1752)
synthetic_009264/posterior_variance.pt
         232054 100%  244.52MB/s   00:00:00 (xfer#85, to-check=99/1752)
synthetic_009265/
synthetic_009265/composite_mean.pt
         232026 100%   10.02MB/s   00:00:00 (xfer#86, to-check=101/1752)
synthetic_009265/metadata.json
           1798 100%   22.27MB/s   00:00:00 (xfer#87, to-check=102/1752)
synthetic_009265/posterior_mean.pt
         232026 100%    7.66MB/s   00:00:00 (xfer#88, to-check=103/1752)
synthetic_009265/posterior_samples.pt
        4325376  18%    8.09MB/s   00:00:02        8781824  36%    8.39MB/s   00:00:01       13369344  54%    8.57MB/s   00:00:01       18087936  73%    8.55MB/s   00:00:00       22675456  92%    8.65MB/s   00:00:00       24657317 100%    8.46MB/s   00:00:02 (xfer#89, to-check=104/1752)
synthetic_009265/posterior_std.pt
         232019 100%  130.31MB/s   00:00:00 (xfer#90, to-check=105/1752)
synthetic_009265/posterior_variance.pt
         232054 100%   20.26MB/s   00:00:00 (xfer#91, to-check=106/1752)
synthetic_009266/
synthetic_009266/composite_mean.pt
         232026 100%   10.09MB/s   00:00:00 (xfer#92, to-check=108/1752)
synthetic_009266/metadata.json
           1797 100%   25.58MB/s   00:00:00 (xfer#93, to-check=109/1752)
synthetic_009266/posterior_mean.pt
         232026 100%    8.87MB/s   00:00:00 (xfer#94, to-check=110/1752)
synthetic_009266/posterior_samples.pt
        5013504  20%    9.55MB/s   00:00:01       10518528  43%   10.49MB/s   00:00:01       16285696  66%   10.62MB/s   00:00:00       22183936  90%   10.99MB/s   00:00:00       24657317 100%   10.28MB/s   00:00:02 (xfer#95, to-check=111/1752)
synthetic_009266/posterior_std.pt
         232019 100%  113.25MB/s   00:00:00 (xfer#96, to-check=112/1752)
synthetic_009266/posterior_variance.pt
         232054 100%  275.60MB/s   00:00:00 (xfer#97, to-check=113/1752)
synthetic_009267/
synthetic_009267/composite_mean.pt
         232026 100%    3.90MB/s   00:00:00 (xfer#98, to-check=115/1752)
synthetic_009267/metadata.json
           1798 100%   16.65MB/s   00:00:00 (xfer#99, to-check=116/1752)
synthetic_009267/posterior_mean.pt
         232026 100%   17.91MB/s   00:00:00 (xfer#100, to-check=117/1752)
synthetic_009267/posterior_samples.pt
        5537792  22%   10.55MB/s   00:00:01       10616832  43%    8.48MB/s   00:00:01       14811136  60%    7.90MB/s   00:00:01       19791872  80%    9.42MB/s   00:00:00       24657317 100%    9.15MB/s   00:00:02 (xfer#101, to-check=118/1752)
synthetic_009267/posterior_std.pt
         232019 100%    1.29MB/s   00:00:00 (xfer#102, to-check=119/1752)
synthetic_009267/posterior_variance.pt
         232054 100%    3.51MB/s   00:00:00 (xfer#103, to-check=120/1752)
synthetic_009268/
synthetic_009268/composite_mean.pt
         232026 100%   60.52MB/s   00:00:00 (xfer#104, to-check=122/1752)
synthetic_009268/metadata.json
           1798 100%   15.60MB/s   00:00:00 (xfer#105, to-check=123/1752)
synthetic_009268/posterior_mean.pt
         232026 100%    3.80MB/s   00:00:00 (xfer#106, to-check=124/1752)
synthetic_009268/posterior_samples.pt
        3112960  13%    5.61MB/s   00:00:03        7307264  30%    7.51MB/s   00:00:02       11698176  47%    8.37MB/s   00:00:01       16482304  67%    8.95MB/s   00:00:00       21331968  87%    9.08MB/s   00:00:00       24657317 100%    7.93MB/s   00:00:02 (xfer#107, to-check=125/1752)
synthetic_009268/posterior_std.pt
         232019 100%   77.69MB/s   00:00:00 (xfer#108, to-check=126/1752)
synthetic_009268/posterior_variance.pt
         232054 100%   58.64MB/s   00:00:00 (xfer#109, to-check=127/1752)
synthetic_009269/
synthetic_009269/composite_mean.pt
         232026 100%    7.55MB/s   00:00:00 (xfer#110, to-check=129/1752)
synthetic_009269/metadata.json
           1798 100%   25.96MB/s   00:00:00 (xfer#111, to-check=130/1752)
synthetic_009269/posterior_mean.pt
         232026 100%    9.41MB/s   00:00:00 (xfer#112, to-check=131/1752)
synthetic_009269/posterior_samples.pt
        4325376  18%    8.21MB/s   00:00:02        9306112  38%    9.43MB/s   00:00:01       14286848  58%    9.49MB/s   00:00:01       18317312  74%    7.20MB/s   00:00:00       20938752  85%    4.97MB/s   00:00:00       24657317 100%    7.67MB/s   00:00:03 (xfer#113, to-check=132/1752)
synthetic_009269/posterior_std.pt
         232019 100%   89.83MB/s   00:00:00 (xfer#114, to-check=133/1752)
synthetic_009269/posterior_variance.pt
         232054 100%   13.18MB/s   00:00:00 (xfer#115, to-check=134/1752)
synthetic_009270/
synthetic_009270/composite_mean.pt
         232026 100%    6.35MB/s   00:00:00 (xfer#116, to-check=136/1752)
synthetic_009270/metadata.json
           1799 100%   22.35MB/s   00:00:00 (xfer#117, to-check=137/1752)
synthetic_009270/posterior_mean.pt
         232026 100%   31.04MB/s   00:00:00 (xfer#118, to-check=138/1752)
synthetic_009270/posterior_samples.pt
        4456448  18%    8.13MB/s   00:00:02        8781824  36%    8.14MB/s   00:00:01       13631488  55%    8.98MB/s   00:00:01       18219008  74%    8.48MB/s   00:00:00       22839296  93%    8.81MB/s   00:00:00       24657317 100%    8.42MB/s   00:00:02 (xfer#119, to-check=139/1752)
synthetic_009270/posterior_std.pt
         232019 100%   17.30MB/s   00:00:00 (xfer#120, to-check=140/1752)
synthetic_009270/posterior_variance.pt
         232054 100%   23.38MB/s   00:00:00 (xfer#121, to-check=141/1752)
synthetic_009271/
synthetic_009271/composite_mean.pt
         232026 100%   43.06MB/s   00:00:00 (xfer#122, to-check=143/1752)
synthetic_009271/metadata.json
           1798 100%   29.48MB/s   00:00:00 (xfer#123, to-check=144/1752)
synthetic_009271/posterior_mean.pt
         232026 100%    4.70MB/s   00:00:00 (xfer#124, to-check=145/1752)
synthetic_009271/posterior_samples.pt
        4784128  19%    8.96MB/s   00:00:02        8847360  36%    7.68MB/s   00:00:01       11272192  46%    4.50MB/s   00:00:02       14024704  57%    5.19MB/s   00:00:01       16777216  68%    5.16MB/s   00:00:01       19791872  80%    5.48MB/s   00:00:00       22544384  91%    4.85MB/s   00:00:00       24657317 100%    5.88MB/s   00:00:03 (xfer#125, to-check=146/1752)
synthetic_009271/posterior_std.pt
         232019 100%  140.49MB/s   00:00:00 (xfer#126, to-check=147/1752)
synthetic_009271/posterior_variance.pt
         232054 100%    3.70MB/s   00:00:00 (xfer#127, to-check=148/1752)
synthetic_009272/
synthetic_009272/composite_mean.pt
         232026 100%   47.15MB/s   00:00:00 (xfer#128, to-check=150/1752)
synthetic_009272/metadata.json
           1799 100%   19.93MB/s   00:00:00 (xfer#129, to-check=151/1752)
synthetic_009272/posterior_mean.pt
         232026 100%    2.56MB/s   00:00:00 (xfer#130, to-check=152/1752)
synthetic_009272/posterior_samples.pt
        2621440  11%    4.92MB/s   00:00:04        5505024  22%    5.43MB/s   00:00:03        8650752  35%    5.62MB/s   00:00:02       11403264  46%    5.04MB/s   00:00:02       14548992  59%    5.98MB/s   00:00:01       17825792  72%    5.80MB/s   00:00:01       21102592  86%    5.79MB/s   00:00:00       24379392  99%    6.22MB/s   00:00:00       24657317 100%    5.59MB/s   00:00:04 (xfer#131, to-check=153/1752)
synthetic_009272/posterior_std.pt
         232019 100%   20.19MB/s   00:00:00 (xfer#132, to-check=154/1752)
synthetic_009272/posterior_variance.pt
         232054 100%    5.02MB/s   00:00:00 (xfer#133, to-check=155/1752)
synthetic_009273/
synthetic_009273/composite_mean.pt
         232026 100%   23.83MB/s   00:00:00 (xfer#134, to-check=157/1752)
synthetic_009273/metadata.json
           1799 100%   21.74MB/s   00:00:00 (xfer#135, to-check=158/1752)
synthetic_009273/posterior_mean.pt
         232026 100%    5.34MB/s   00:00:00 (xfer#136, to-check=159/1752)
synthetic_009273/posterior_samples.pt
        3604480  15%    6.65MB/s   00:00:03        6881280  28%    6.24MB/s   00:00:02       10551296  43%    7.00MB/s   00:00:01       14221312  58%    6.94MB/s   00:00:01       17924096  73%    7.06MB/s   00:00:00       21954560  89%    7.29MB/s   00:00:00       24657317 100%    6.93MB/s   00:00:03 (xfer#137, to-check=160/1752)
synthetic_009273/posterior_std.pt
         232019 100%   36.93MB/s   00:00:00 (xfer#138, to-check=161/1752)
synthetic_009273/posterior_variance.pt
         232054 100%   15.92MB/s   00:00:00 (xfer#139, to-check=162/1752)
synthetic_009274/
synthetic_009274/composite_mean.pt
         232026 100%    4.50MB/s   00:00:00 (xfer#140, to-check=164/1752)
synthetic_009274/metadata.json
           1798 100%   20.67MB/s   00:00:00 (xfer#141, to-check=165/1752)
synthetic_009274/posterior_mean.pt
         232026 100%    9.67MB/s   00:00:00 (xfer#142, to-check=166/1752)
synthetic_009274/posterior_samples.pt
        4227072  17%    8.01MB/s   00:00:02        8683520  35%    8.41MB/s   00:00:01       13271040  54%    8.70MB/s   00:00:01       18513920  75%    9.58MB/s   00:00:00       23756800  96%    9.98MB/s   00:00:00       24657317 100%    8.91MB/s   00:00:02 (xfer#143, to-check=167/1752)
synthetic_009274/posterior_std.pt
         232019 100%  139.08MB/s   00:00:00 (xfer#144, to-check=168/1752)
synthetic_009274/posterior_variance.pt
         232054 100%   26.86MB/s   00:00:00 (xfer#145, to-check=169/1752)
synthetic_009275/
synthetic_009275/composite_mean.pt
         232026 100%   18.41MB/s   00:00:00 (xfer#146, to-check=171/1752)
synthetic_009275/metadata.json
           1799 100%   26.75MB/s   00:00:00 (xfer#147, to-check=172/1752)
synthetic_009275/posterior_mean.pt
         232026 100%   14.25MB/s   00:00:00 (xfer#148, to-check=173/1752)
synthetic_009275/posterior_samples.pt
        4390912  18%    8.24MB/s   00:00:02        8716288  35%    8.19MB/s   00:00:01       13172736  53%    8.28MB/s   00:00:01       18415616  75%    9.82MB/s   00:00:00       23658496  96%    9.89MB/s   00:00:00       24657317 100%    8.76MB/s   00:00:02 (xfer#149, to-check=174/1752)
synthetic_009275/posterior_std.pt
         232019 100%  172.18MB/s   00:00:00 (xfer#150, to-check=175/1752)
synthetic_009275/posterior_variance.pt
         232054 100%    4.25MB/s   00:00:00 (xfer#151, to-check=176/1752)
synthetic_009276/
synthetic_009276/composite_mean.pt
         232026 100%   27.00MB/s   00:00:00 (xfer#152, to-check=178/1752)
synthetic_009276/metadata.json
           1800 100%   22.02MB/s   00:00:00 (xfer#153, to-check=179/1752)
synthetic_009276/posterior_mean.pt
         232026 100%    3.51MB/s   00:00:00 (xfer#154, to-check=180/1752)
synthetic_009276/posterior_samples.pt
        5570560  23%   10.40MB/s   00:00:01       11206656  45%   10.29MB/s   00:00:01       17367040  70%   11.73MB/s   00:00:00       22609920  92%    9.97MB/s   00:00:00       24657317 100%   10.54MB/s   00:00:02 (xfer#155, to-check=181/1752)
synthetic_009276/posterior_std.pt
         232019 100%  112.89MB/s   00:00:00 (xfer#156, to-check=182/1752)
synthetic_009276/posterior_variance.pt
         232054 100%   25.28MB/s   00:00:00 (xfer#157, to-check=183/1752)
synthetic_009277/
synthetic_009277/composite_mean.pt
         232026 100%   11.37MB/s   00:00:00 (xfer#158, to-check=185/1752)
synthetic_009277/metadata.json
           1798 100%   34.41MB/s   00:00:00 (xfer#159, to-check=186/1752)
synthetic_009277/posterior_mean.pt
         232026 100%   14.90MB/s   00:00:00 (xfer#160, to-check=187/1752)
synthetic_009277/posterior_samples.pt
        5767168  23%   10.84MB/s   00:00:01       11927552  48%   11.54MB/s   00:00:01       17301504  70%    9.78MB/s   00:00:00       22806528  92%   10.45MB/s   00:00:00       24657317 100%   10.65MB/s   00:00:02 (xfer#161, to-check=188/1752)
synthetic_009277/posterior_std.pt
         232019 100%   52.41MB/s   00:00:00 (xfer#162, to-check=189/1752)
synthetic_009277/posterior_variance.pt
         232054 100%   19.62MB/s   00:00:00 (xfer#163, to-check=190/1752)
synthetic_009278/
synthetic_009278/composite_mean.pt
         232026 100%   22.89MB/s   00:00:00 (xfer#164, to-check=192/1752)
synthetic_009278/metadata.json
           1800 100%   32.43MB/s   00:00:00 (xfer#165, to-check=193/1752)
synthetic_009278/posterior_mean.pt
         232026 100%   12.67MB/s   00:00:00 (xfer#166, to-check=194/1752)
synthetic_009278/posterior_samples.pt
        5963776  24%   11.37MB/s   00:00:01       11862016  48%   11.01MB/s   00:00:01       17891328  73%   11.46MB/s   00:00:00       23658496  96%   10.64MB/s   00:00:00       24657317 100%   11.07MB/s   00:00:02 (xfer#167, to-check=195/1752)
synthetic_009278/posterior_std.pt
         232019 100%  114.00MB/s   00:00:00 (xfer#168, to-check=196/1752)
synthetic_009278/posterior_variance.pt
         232054 100%   10.40MB/s   00:00:00 (xfer#169, to-check=197/1752)
synthetic_009279/
synthetic_009279/composite_mean.pt
         232026 100%   22.48MB/s   00:00:00 (xfer#170, to-check=199/1752)
synthetic_009279/metadata.json
           1798 100%   30.60MB/s   00:00:00 (xfer#171, to-check=200/1752)
synthetic_009279/posterior_mean.pt
         232026 100%   19.68MB/s   00:00:00 (xfer#172, to-check=201/1752)
synthetic_009279/posterior_samples.pt
        5701632  23%   10.70MB/s   00:00:01        8323072  34%    4.93MB/s   00:00:03       13172736  53%    8.86MB/s   00:00:01       17891328  73%    8.99MB/s   00:00:00       23003136  93%    9.73MB/s   00:00:00       24657317 100%    8.62MB/s   00:00:02 (xfer#173, to-check=202/1752)
synthetic_009279/posterior_std.pt
         232019 100%  133.31MB/s   00:00:00 (xfer#174, to-check=203/1752)
synthetic_009279/posterior_variance.pt
         232054 100%  217.43MB/s   00:00:00 (xfer#175, to-check=204/1752)
synthetic_009280/
synthetic_009280/composite_mean.pt
         232026 100%    7.76MB/s   00:00:00 (xfer#176, to-check=206/1752)
synthetic_009280/metadata.json
           1798 100%   26.84MB/s   00:00:00 (xfer#177, to-check=207/1752)
synthetic_009280/posterior_mean.pt
         232026 100%   10.75MB/s   00:00:00 (xfer#178, to-check=208/1752)
synthetic_009280/posterior_samples.pt
        5373952  22%   10.14MB/s   00:00:01       10878976  44%   10.48MB/s   00:00:01       16089088  65%    9.93MB/s   00:00:00       21495808  87%   10.23MB/s   00:00:00       24657317 100%   10.13MB/s   00:00:02 (xfer#179, to-check=209/1752)
synthetic_009280/posterior_std.pt
         232019 100%   88.44MB/s   00:00:00 (xfer#180, to-check=210/1752)
synthetic_009280/posterior_variance.pt
         232054 100%  251.21MB/s   00:00:00 (xfer#181, to-check=211/1752)
synthetic_009281/
synthetic_009281/composite_mean.pt
         232026 100%   13.13MB/s   00:00:00 (xfer#182, to-check=213/1752)
synthetic_009281/metadata.json
           1798 100%   22.55MB/s   00:00:00 (xfer#183, to-check=214/1752)
synthetic_009281/posterior_mean.pt
         232026 100%   23.79MB/s   00:00:00 (xfer#184, to-check=215/1752)
synthetic_009281/posterior_samples.pt
        5603328  23%   10.43MB/s   00:00:01       11632640  47%   11.41MB/s   00:00:01       17793024  72%   11.52MB/s   00:00:00       24084480  98%   11.87MB/s   00:00:00       24657317 100%   10.75MB/s   00:00:02 (xfer#185, to-check=216/1752)
synthetic_009281/posterior_std.pt
         232019 100%  130.46MB/s   00:00:00 (xfer#186, to-check=217/1752)
synthetic_009281/posterior_variance.pt
         232054 100%   29.76MB/s   00:00:00 (xfer#187, to-check=218/1752)
synthetic_009282/
synthetic_009282/composite_mean.pt
         232026 100%   27.03MB/s   00:00:00 (xfer#188, to-check=220/1752)
synthetic_009282/metadata.json
           1799 100%  388.15KB/s   00:00:00 (xfer#189, to-check=221/1752)
synthetic_009282/posterior_mean.pt
         232026 100%   69.19MB/s   00:00:00 (xfer#190, to-check=222/1752)
synthetic_009282/posterior_samples.pt
        3637248  15%    6.76MB/s   00:00:02        8093696  33%    8.14MB/s   00:00:01       13303808  54%    9.94MB/s   00:00:01       18120704  73%    9.18MB/s   00:00:00       23298048  94%    9.65MB/s   00:00:00       24657317 100%    8.68MB/s   00:00:02 (xfer#191, to-check=223/1752)
synthetic_009282/posterior_std.pt
         232019 100%   99.36MB/s   00:00:00 (xfer#192, to-check=224/1752)
synthetic_009282/posterior_variance.pt
         232054 100%  235.89MB/s   00:00:00 (xfer#193, to-check=225/1752)
synthetic_009283/
synthetic_009283/composite_mean.pt
         232026 100%   14.08MB/s   00:00:00 (xfer#194, to-check=227/1752)
synthetic_009283/metadata.json
           1798 100%   20.15MB/s   00:00:00 (xfer#195, to-check=228/1752)
synthetic_009283/posterior_mean.pt
         232026 100%   14.88MB/s   00:00:00 (xfer#196, to-check=229/1752)
synthetic_009283/posterior_samples.pt
        5210112  21%    9.80MB/s   00:00:01       11239424  46%   10.95MB/s   00:00:01       17268736  70%   11.04MB/s   00:00:00       23298048  94%   11.43MB/s   00:00:00       24657317 100%   10.67MB/s   00:00:02 (xfer#197, to-check=230/1752)
synthetic_009283/posterior_std.pt
         232019 100%  124.24MB/s   00:00:00 (xfer#198, to-check=231/1752)
synthetic_009283/posterior_variance.pt
         232054 100%   10.76MB/s   00:00:00 (xfer#199, to-check=232/1752)
synthetic_009284/
synthetic_009284/composite_mean.pt
         232026 100%    6.19MB/s   00:00:00 (xfer#200, to-check=234/1752)
synthetic_009284/metadata.json
           1799 100%   22.92MB/s   00:00:00 (xfer#201, to-check=235/1752)
synthetic_009284/posterior_mean.pt
         232026 100%   15.49MB/s   00:00:00 (xfer#202, to-check=236/1752)
synthetic_009284/posterior_samples.pt
        5406720  22%   10.20MB/s   00:00:01       11501568  47%   11.62MB/s   00:00:01       16416768  67%    8.90MB/s   00:00:00       22708224  92%   11.33MB/s   00:00:00       24657317 100%   10.55MB/s   00:00:02 (xfer#203, to-check=237/1752)
synthetic_009284/posterior_std.pt
         232019 100%   94.04MB/s   00:00:00 (xfer#204, to-check=238/1752)
synthetic_009284/posterior_variance.pt
         232054 100%    6.72MB/s   00:00:00 (xfer#205, to-check=239/1752)
synthetic_009285/
synthetic_009285/composite_mean.pt
         232026 100%    3.58MB/s   00:00:00 (xfer#206, to-check=241/1752)
synthetic_009285/metadata.json
           1800 100%    7.03MB/s   00:00:00 (xfer#207, to-check=242/1752)
synthetic_009285/posterior_mean.pt
         232026 100%   28.51MB/s   00:00:00 (xfer#208, to-check=243/1752)
synthetic_009285/posterior_samples.pt
        2260992   9%    4.21MB/s   00:00:05        6684672  27%    8.43MB/s   00:00:02       11665408  47%    9.17MB/s   00:00:01       16908288  69%    9.70MB/s   00:00:00       22413312  91%   10.13MB/s   00:00:00       24657317 100%    8.23MB/s   00:00:02 (xfer#209, to-check=244/1752)
synthetic_009285/posterior_std.pt
         232019 100%  141.39MB/s   00:00:00 (xfer#210, to-check=245/1752)
synthetic_009285/posterior_variance.pt
         232054 100%  218.46MB/s   00:00:00 (xfer#211, to-check=246/1752)
synthetic_009286/
synthetic_009286/composite_mean.pt
         232026 100%   12.76MB/s   00:00:00 (xfer#212, to-check=248/1752)
synthetic_009286/metadata.json
           1800 100%   26.77MB/s   00:00:00 (xfer#213, to-check=249/1752)
synthetic_009286/posterior_mean.pt
         232026 100%   18.58MB/s   00:00:00 (xfer#214, to-check=250/1752)
synthetic_009286/posterior_samples.pt
        5177344  21%    9.79MB/s   00:00:01       10813440  44%   10.73MB/s   00:00:01       16809984  68%   11.09MB/s   00:00:00       22708224  92%   11.23MB/s   00:00:00       24657317 100%   10.72MB/s   00:00:02 (xfer#215, to-check=251/1752)
synthetic_009286/posterior_std.pt
         232019 100%  160.34MB/s   00:00:00 (xfer#216, to-check=252/1752)
synthetic_009286/posterior_variance.pt
         232054 100%   37.75MB/s   00:00:00 (xfer#217, to-check=253/1752)
synthetic_009287/
synthetic_009287/composite_mean.pt
         232026 100%    8.00MB/s   00:00:00 (xfer#218, to-check=255/1752)
synthetic_009287/metadata.json
           1801 100%   28.59MB/s   00:00:00 (xfer#219, to-check=256/1752)
synthetic_009287/posterior_mean.pt
         232026 100%    7.91MB/s   00:00:00 (xfer#220, to-check=257/1752)
synthetic_009287/posterior_samples.pt
        5570560  23%    9.64MB/s   00:00:01        9502720  39%    7.50MB/s   00:00:01       13991936  57%    8.42MB/s   00:00:01       18710528  76%    8.37MB/s   00:00:00       23920640  97%    9.47MB/s   00:00:00       24657317 100%    8.60MB/s   00:00:02 (xfer#221, to-check=258/1752)
synthetic_009287/posterior_std.pt
         232019 100%  125.79MB/s   00:00:00 (xfer#222, to-check=259/1752)
synthetic_009287/posterior_variance.pt
         232054 100%   16.34MB/s   00:00:00 (xfer#223, to-check=260/1752)
synthetic_009288/
synthetic_009288/composite_mean.pt
         232026 100%    8.34MB/s   00:00:00 (xfer#224, to-check=262/1752)
synthetic_009288/metadata.json
           1799 100%   19.09MB/s   00:00:00 (xfer#225, to-check=263/1752)
synthetic_009288/posterior_mean.pt
         232026 100%  157.60MB/s   00:00:00 (xfer#226, to-check=264/1752)
synthetic_009288/posterior_samples.pt
        4030464  16%    7.64MB/s   00:00:02        8814592  36%    9.11MB/s   00:00:01       12877824  52%    7.59MB/s   00:00:01       18120704  73%    9.99MB/s   00:00:00       23232512  94%    9.73MB/s   00:00:00       24657317 100%    8.77MB/s   00:00:02 (xfer#227, to-check=265/1752)
synthetic_009288/posterior_std.pt
         232019 100%  152.49MB/s   00:00:00 (xfer#228, to-check=266/1752)
synthetic_009288/posterior_variance.pt
         232054 100%   15.04MB/s   00:00:00 (xfer#229, to-check=267/1752)
synthetic_009289/
synthetic_009289/composite_mean.pt
         232026 100%    9.07MB/s   00:00:00 (xfer#230, to-check=269/1752)
synthetic_009289/metadata.json
           1798 100%   12.34MB/s   00:00:00 (xfer#231, to-check=270/1752)
synthetic_009289/posterior_mean.pt
         232026 100%   15.06MB/s   00:00:00 (xfer#232, to-check=271/1752)
synthetic_009289/posterior_samples.pt
        3997696  16%    7.43MB/s   00:00:02        8912896  36%    9.36MB/s   00:00:01       14155776  57%    9.75MB/s   00:00:01       18874368  77%    8.97MB/s   00:00:00       24248320  98%    9.62MB/s   00:00:00       24657317 100%    9.06MB/s   00:00:02 (xfer#233, to-check=272/1752)
synthetic_009289/posterior_std.pt
         232019 100%    9.43MB/s   00:00:00 (xfer#234, to-check=273/1752)
synthetic_009289/posterior_variance.pt
         232054 100%   20.88MB/s   00:00:00 (xfer#235, to-check=274/1752)
synthetic_009290/
synthetic_009290/composite_mean.pt
         232026 100%   35.06MB/s   00:00:00 (xfer#236, to-check=276/1752)
synthetic_009290/metadata.json
           1800 100%   38.10MB/s   00:00:00 (xfer#237, to-check=277/1752)
synthetic_009290/posterior_mean.pt
         232026 100%    5.15MB/s   00:00:00 (xfer#238, to-check=278/1752)
synthetic_009290/posterior_samples.pt
        5406720  22%    9.98MB/s   00:00:01       10518528  43%    9.61MB/s   00:00:01       15892480  64%    9.92MB/s   00:00:00       21659648  88%   10.90MB/s   00:00:00       24657317 100%    9.98MB/s   00:00:02 (xfer#239, to-check=279/1752)
synthetic_009290/posterior_std.pt
         232019 100%   98.21MB/s   00:00:00 (xfer#240, to-check=280/1752)
synthetic_009290/posterior_variance.pt
         232054 100%   67.74MB/s   00:00:00 (xfer#241, to-check=281/1752)
synthetic_009291/
synthetic_009291/composite_mean.pt
         232026 100%    9.69MB/s   00:00:00 (xfer#242, to-check=283/1752)
synthetic_009291/metadata.json
           1800 100%   13.51MB/s   00:00:00 (xfer#243, to-check=284/1752)
synthetic_009291/posterior_mean.pt
         232026 100%    8.01MB/s   00:00:00 (xfer#244, to-check=285/1752)
synthetic_009291/posterior_samples.pt
        5570560  23%   10.41MB/s   00:00:01        9142272  37%    6.68MB/s   00:00:02       12681216  51%    6.73MB/s   00:00:01       17268736  70%    8.71MB/s   00:00:00       21987328  89%    8.78MB/s   00:00:00       24657317 100%    8.32MB/s   00:00:02 (xfer#245, to-check=286/1752)
synthetic_009291/posterior_std.pt
         232019 100%  105.68MB/s   00:00:00 (xfer#246, to-check=287/1752)
synthetic_009291/posterior_variance.pt
         232054 100%   19.81MB/s   00:00:00 (xfer#247, to-check=288/1752)
synthetic_009292/
synthetic_009292/composite_mean.pt
         232026 100%    5.40MB/s   00:00:00 (xfer#248, to-check=290/1752)
synthetic_009292/metadata.json
           1800 100%   22.29MB/s   00:00:00 (xfer#249, to-check=291/1752)
synthetic_009292/posterior_mean.pt
         232026 100%   15.15MB/s   00:00:00 (xfer#250, to-check=292/1752)
synthetic_009292/posterior_samples.pt
        5144576  21%    9.41MB/s   00:00:01        8945664  36%    6.93MB/s   00:00:02       13008896  53%    7.69MB/s   00:00:01       15663104  64%    4.77MB/s   00:00:01       18677760  76%    5.35MB/s   00:00:01       21954560  89%    6.18MB/s   00:00:00       24657317 100%    6.59MB/s   00:00:03 (xfer#251, to-check=293/1752)
synthetic_009292/posterior_std.pt
         232019 100%  122.60MB/s   00:00:00 (xfer#252, to-check=294/1752)
synthetic_009292/posterior_variance.pt
         232054 100%    7.02MB/s   00:00:00 (xfer#253, to-check=295/1752)
synthetic_009293/
synthetic_009293/composite_mean.pt
         232026 100%    3.44MB/s   00:00:00 (xfer#254, to-check=297/1752)
synthetic_009293/metadata.json
           1800 100%   18.46MB/s   00:00:00 (xfer#255, to-check=298/1752)
synthetic_009293/posterior_mean.pt
         232026 100%   17.05MB/s   00:00:00 (xfer#256, to-check=299/1752)
synthetic_009293/posterior_samples.pt
        3276800  13%    6.24MB/s   00:00:03        6684672  27%    6.45MB/s   00:00:02       10092544  41%    6.44MB/s   00:00:02       13369344  54%    6.05MB/s   00:00:01       16777216  68%    6.41MB/s   00:00:01       20185088  82%    6.48MB/s   00:00:00       23592960  96%    6.37MB/s   00:00:00       24657317 100%    6.30MB/s   00:00:03 (xfer#257, to-check=300/1752)
synthetic_009293/posterior_std.pt
         232019 100%   31.52MB/s   00:00:00 (xfer#258, to-check=301/1752)
synthetic_009293/posterior_variance.pt
         232054 100%   15.29MB/s   00:00:00 (xfer#259, to-check=302/1752)
synthetic_009294/
synthetic_009294/composite_mean.pt
         232026 100%    8.65MB/s   00:00:00 (xfer#260, to-check=304/1752)
synthetic_009294/metadata.json
           1800 100%   23.15MB/s   00:00:00 (xfer#261, to-check=305/1752)
synthetic_009294/posterior_mean.pt
         232026 100%    7.06MB/s   00:00:00 (xfer#262, to-check=306/1752)
synthetic_009294/posterior_samples.pt
        3538944  14%    6.70MB/s   00:00:03        7208960  29%    6.89MB/s   00:00:02       10485760  43%    6.23MB/s   00:00:02       14417920  58%    7.45MB/s   00:00:01       18350080  74%    7.32MB/s   00:00:00       22151168  90%    7.01MB/s   00:00:00       24657317 100%    6.94MB/s   00:00:03 (xfer#263, to-check=307/1752)
synthetic_009294/posterior_std.pt
         232019 100%  111.35MB/s   00:00:00 (xfer#264, to-check=308/1752)
synthetic_009294/posterior_variance.pt
         232054 100%   11.14MB/s   00:00:00 (xfer#265, to-check=309/1752)
synthetic_009295/
synthetic_009295/composite_mean.pt
         232026 100%   37.27MB/s   00:00:00 (xfer#266, to-check=311/1752)
synthetic_009295/metadata.json
           1800 100%   25.99MB/s   00:00:00 (xfer#267, to-check=312/1752)
synthetic_009295/posterior_mean.pt
         232026 100%    4.72MB/s   00:00:00 (xfer#268, to-check=313/1752)
synthetic_009295/posterior_samples.pt
        4292608  17%    8.17MB/s   00:00:02        8224768  33%    7.42MB/s   00:00:02       12681216  51%    8.48MB/s   00:00:01       15925248  65%    5.60MB/s   00:00:01       19070976  77%    5.95MB/s   00:00:00       22609920  92%    6.23MB/s   00:00:00       24657317 100%    6.92MB/s   00:00:03 (xfer#269, to-check=314/1752)
synthetic_009295/posterior_std.pt
         232019 100%   13.72MB/s   00:00:00 (xfer#270, to-check=315/1752)
synthetic_009295/posterior_variance.pt
         232054 100%   13.14MB/s   00:00:00 (xfer#271, to-check=316/1752)
synthetic_009296/
synthetic_009296/composite_mean.pt
         232026 100%    5.11MB/s   00:00:00 (xfer#272, to-check=318/1752)
synthetic_009296/metadata.json
           1800 100%   22.02MB/s   00:00:00 (xfer#273, to-check=319/1752)
synthetic_009296/posterior_mean.pt
         232026 100%    5.90MB/s   00:00:00 (xfer#274, to-check=320/1752)
synthetic_009296/posterior_samples.pt
        4227072  17%    8.04MB/s   00:00:02        8290304  34%    7.31MB/s   00:00:02       12189696  49%    7.06MB/s   00:00:01       15073280  61%    5.42MB/s   00:00:01       18087936  73%    5.68MB/s   00:00:01       21233664  86%    6.00MB/s   00:00:00       24657317 100%    6.51MB/s   00:00:03 (xfer#275, to-check=321/1752)
synthetic_009296/posterior_std.pt
         232019 100%   22.65MB/s   00:00:00 (xfer#276, to-check=322/1752)
synthetic_009296/posterior_variance.pt
         232054 100%   10.20MB/s   00:00:00 (xfer#277, to-check=323/1752)
synthetic_009297/
synthetic_009297/composite_mean.pt
         232026 100%   24.62MB/s   00:00:00 (xfer#278, to-check=325/1752)
synthetic_009297/metadata.json
           1801 100%   16.34MB/s   00:00:00 (xfer#279, to-check=326/1752)
synthetic_009297/posterior_mean.pt
         232026 100%    4.61MB/s   00:00:00 (xfer#280, to-check=327/1752)
synthetic_009297/posterior_samples.pt
        3538944  14%    6.72MB/s   00:00:02        6291456  26%    5.11MB/s   00:00:03        9699328  39%    6.42MB/s   00:00:02       13238272  54%    6.57MB/s   00:00:01       16908288  69%    6.84MB/s   00:00:01       20185088  82%    6.19MB/s   00:00:00       23724032  96%    6.71MB/s   00:00:00       24657317 100%    6.32MB/s   00:00:03 (xfer#281, to-check=328/1752)
synthetic_009297/posterior_std.pt
         232019 100%    9.47MB/s   00:00:00 (xfer#282, to-check=329/1752)
synthetic_009297/posterior_variance.pt
         232054 100%    4.00MB/s   00:00:00 (xfer#283, to-check=330/1752)
synthetic_009298/
synthetic_009298/composite_mean.pt
         232026 100%   15.06MB/s   00:00:00 (xfer#284, to-check=332/1752)
synthetic_009298/metadata.json
           1800 100%   15.19MB/s   00:00:00 (xfer#285, to-check=333/1752)
synthetic_009298/posterior_mean.pt
         232026 100%    3.58MB/s   00:00:00 (xfer#286, to-check=334/1752)
synthetic_009298/posterior_samples.pt
        2850816  12%    5.04MB/s   00:00:04        5996544  24%    5.69MB/s   00:00:03        9273344  38%    6.22MB/s   00:00:02       12550144  51%    6.16MB/s   00:00:01       15564800  63%    5.65MB/s   00:00:01       19234816  78%    6.22MB/s   00:00:00       22249472  90%    5.64MB/s   00:00:00       24657317 100%    5.84MB/s   00:00:04 (xfer#287, to-check=335/1752)
synthetic_009298/posterior_std.pt
         232019 100%    7.30MB/s   00:00:00 (xfer#288, to-check=336/1752)
synthetic_009298/posterior_variance.pt
         232054 100%   16.07MB/s   00:00:00 (xfer#289, to-check=337/1752)
synthetic_009299/
synthetic_009299/composite_mean.pt
         232026 100%    3.75MB/s   00:00:00 (xfer#290, to-check=339/1752)
synthetic_009299/metadata.json
           1797 100%   19.48MB/s   00:00:00 (xfer#291, to-check=340/1752)
synthetic_009299/posterior_mean.pt
         232026 100%   33.99MB/s   00:00:00 (xfer#292, to-check=341/1752)
synthetic_009299/posterior_samples.pt
        2883584  12%    5.41MB/s   00:00:03        6029312  24%    5.90MB/s   00:00:03        9568256  39%    6.74MB/s   00:00:02       13107200  53%    6.61MB/s   00:00:01       16646144  68%    6.74MB/s   00:00:01       20578304  83%    7.08MB/s   00:00:00       23986176  97%    6.26MB/s   00:00:00       24657317 100%    6.33MB/s   00:00:03 (xfer#293, to-check=342/1752)
synthetic_009299/posterior_std.pt
         232019 100%  112.62MB/s   00:00:00 (xfer#294, to-check=343/1752)
synthetic_009299/posterior_variance.pt
         232054 100%    7.48MB/s   00:00:00 (xfer#295, to-check=344/1752)
synthetic_009300/
synthetic_009300/composite_mean.pt
         232026 100%    8.63MB/s   00:00:00 (xfer#296, to-check=346/1752)
synthetic_009300/metadata.json
           1797 100%   22.53MB/s   00:00:00 (xfer#297, to-check=347/1752)
synthetic_009300/posterior_mean.pt
         232026 100%    6.06MB/s   00:00:00 (xfer#298, to-check=348/1752)
synthetic_009300/posterior_samples.pt
        3506176  14%    6.64MB/s   00:00:03        6914048  28%    6.42MB/s   00:00:02       10452992  42%    5.71MB/s   00:00:02       13074432  53%    4.41MB/s   00:00:02       15826944  64%    5.22MB/s   00:00:01       18841600  76%    5.73MB/s   00:00:00       21987328  89%    5.97MB/s   00:00:00       24657317 100%    5.76MB/s   00:00:04 (xfer#299, to-check=349/1752)
synthetic_009300/posterior_std.pt
         232019 100%   31.04MB/s   00:00:00 (xfer#300, to-check=350/1752)
synthetic_009300/posterior_variance.pt
         232054 100%   11.22MB/s   00:00:00 (xfer#301, to-check=351/1752)
synthetic_009301/
synthetic_009301/composite_mean.pt
         232026 100%    5.32MB/s   00:00:00 (xfer#302, to-check=353/1752)
synthetic_009301/metadata.json
           1798 100%  476.09KB/s   00:00:00 (xfer#303, to-check=354/1752)
synthetic_009301/posterior_mean.pt
         232026 100%    7.55MB/s   00:00:00 (xfer#304, to-check=355/1752)
synthetic_009301/posterior_samples.pt
        3211264  13%    5.91MB/s   00:00:03        6750208  27%    6.55MB/s   00:00:02       10420224  42%    6.78MB/s   00:00:02       13697024  56%    6.07MB/s   00:00:01       17629184  71%    7.49MB/s   00:00:00       20643840  84%    5.45MB/s   00:00:00       24412160  99%    7.19MB/s   00:00:00       24657317 100%    6.39MB/s   00:00:03 (xfer#305, to-check=356/1752)
synthetic_009301/posterior_std.pt
         232019 100%  140.75MB/s   00:00:00 (xfer#306, to-check=357/1752)
synthetic_009301/posterior_variance.pt
         232054 100%    5.63MB/s   00:00:00 (xfer#307, to-check=358/1752)
synthetic_009302/
synthetic_009302/composite_mean.pt
         232026 100%    4.14MB/s   00:00:00 (xfer#308, to-check=360/1752)
synthetic_009302/metadata.json
           1798 100%    6.44MB/s   00:00:00 (xfer#309, to-check=361/1752)
synthetic_009302/posterior_mean.pt
         232026 100%   28.78MB/s   00:00:00 (xfer#310, to-check=362/1752)
synthetic_009302/posterior_samples.pt
        2883584  12%    5.36MB/s   00:00:03        6029312  24%    5.45MB/s   00:00:03        8323072  34%    3.93MB/s   00:00:03       11075584  45%    5.19MB/s   00:00:02       14090240  57%    5.48MB/s   00:00:01       17235968  70%    5.95MB/s   00:00:01       20119552  82%    5.06MB/s   00:00:00       23265280  94%    5.99MB/s   00:00:00       24657317 100%    5.30MB/s   00:00:04 (xfer#311, to-check=363/1752)
synthetic_009302/posterior_std.pt
         232019 100%  157.81MB/s   00:00:00 (xfer#312, to-check=364/1752)
synthetic_009302/posterior_variance.pt
         232054 100%    9.29MB/s   00:00:00 (xfer#313, to-check=365/1752)
synthetic_009303/
synthetic_009303/composite_mean.pt
         232026 100%    3.60MB/s   00:00:00 (xfer#314, to-check=367/1752)
synthetic_009303/metadata.json
           1797 100%    6.49MB/s   00:00:00 (xfer#315, to-check=368/1752)
synthetic_009303/posterior_mean.pt
         232026 100%   28.73MB/s   00:00:00 (xfer#316, to-check=369/1752)
synthetic_009303/posterior_samples.pt
        3244032  13%    6.12MB/s   00:00:03        6127616  25%    5.39MB/s   00:00:03        7962624  32%    3.21MB/s   00:00:04       10190848  41%    4.22MB/s   00:00:03       12550144  51%    4.33MB/s   00:00:02       14024704  57%    2.66MB/s   00:00:03       15073280  61%    1.71MB/s   00:00:05       17825792  72%    5.01MB/s   00:00:01       20971520  85%    5.55MB/s   00:00:00       23724032  96%    5.24MB/s   00:00:00       24657317 100%    4.20MB/s   00:00:05 (xfer#317, to-check=370/1752)
synthetic_009303/posterior_std.pt
         232019 100%    3.08MB/s   00:00:00 (xfer#318, to-check=371/1752)
synthetic_009303/posterior_variance.pt
         232054 100%   31.23MB/s   00:00:00 (xfer#319, to-check=372/1752)
synthetic_009304/
synthetic_009304/composite_mean.pt
         232026 100%    3.97MB/s   00:00:00 (xfer#320, to-check=374/1752)
synthetic_009304/metadata.json
           1797 100%    3.35MB/s   00:00:00 (xfer#321, to-check=375/1752)
synthetic_009304/posterior_mean.pt
         232026 100%    4.60MB/s   00:00:00 (xfer#322, to-check=376/1752)
synthetic_009304/posterior_samples.pt
        3407872  14%    5.51MB/s   00:00:03        6422528  26%    5.23MB/s   00:00:03        9961472  40%    6.36MB/s   00:00:02       13762560  56%    7.03MB/s   00:00:01       17432576  71%    6.89MB/s   00:00:00       21233664  86%    6.77MB/s   00:00:00       24379392  99%    5.93MB/s   00:00:00       24657317 100%    6.17MB/s   00:00:03 (xfer#323, to-check=377/1752)
synthetic_009304/posterior_std.pt
         232019 100%  138.98MB/s   00:00:00 (xfer#324, to-check=378/1752)
synthetic_009304/posterior_variance.pt
         232054 100%  219.75MB/s   00:00:00 (xfer#325, to-check=379/1752)
synthetic_009305/
synthetic_009305/composite_mean.pt
         232026 100%    7.06MB/s   00:00:00 (xfer#326, to-check=381/1752)
synthetic_009305/metadata.json
           1798 100%    7.55MB/s   00:00:00 (xfer#327, to-check=382/1752)
synthetic_009305/posterior_mean.pt
         232026 100%    4.82MB/s   00:00:00 (xfer#328, to-check=383/1752)
synthetic_009305/posterior_samples.pt
        3833856  16%    7.06MB/s   00:00:02        7503872  30%    6.94MB/s   00:00:02       11173888  45%    6.84MB/s   00:00:01       14974976  61%    7.10MB/s   00:00:01       18513920  75%    6.68MB/s   00:00:00       22708224  92%    7.91MB/s   00:00:00       24657317 100%    7.02MB/s   00:00:03 (xfer#329, to-check=384/1752)
synthetic_009305/posterior_std.pt
         232019 100%  136.00MB/s   00:00:00 (xfer#330, to-check=385/1752)
synthetic_009305/posterior_variance.pt
         232054 100%  169.20MB/s   00:00:00 (xfer#331, to-check=386/1752)
synthetic_009306/
synthetic_009306/composite_mean.pt
         232026 100%    5.37MB/s   00:00:00 (xfer#332, to-check=388/1752)
synthetic_009306/metadata.json
           1798 100%   29.12MB/s   00:00:00 (xfer#333, to-check=389/1752)
synthetic_009306/posterior_mean.pt
         232026 100%    8.86MB/s   00:00:00 (xfer#334, to-check=390/1752)
synthetic_009306/posterior_samples.pt
        3538944  14%    6.12MB/s   00:00:03        6553600  27%    5.62MB/s   00:00:03        9830400  40%    5.88MB/s   00:00:02       13336576  54%    6.61MB/s   00:00:01       17137664  70%    6.84MB/s   00:00:01       20414464  83%    5.92MB/s   00:00:00       24608768 100%    7.54MB/s   00:00:00       24657317 100%    6.31MB/s   00:00:03 (xfer#335, to-check=391/1752)
synthetic_009306/posterior_std.pt
         232019 100%   86.20MB/s   00:00:00 (xfer#336, to-check=392/1752)
synthetic_009306/posterior_variance.pt
         232054 100%    9.94MB/s   00:00:00 (xfer#337, to-check=393/1752)
synthetic_009307/
synthetic_009307/composite_mean.pt
         232026 100%    7.04MB/s   00:00:00 (xfer#338, to-check=395/1752)
synthetic_009307/metadata.json
           1798 100%   23.20MB/s   00:00:00 (xfer#339, to-check=396/1752)
synthetic_009307/posterior_mean.pt
         232026 100%    9.99MB/s   00:00:00 (xfer#340, to-check=397/1752)
synthetic_009307/posterior_samples.pt
        3309568  13%    5.99MB/s   00:00:03        7241728  29%    7.23MB/s   00:00:02       11173888  45%    7.00MB/s   00:00:01       13795328  56%    4.84MB/s   00:00:02       16023552  65%    4.20MB/s   00:00:01       19300352  78%    5.56MB/s   00:00:00       22183936  90%    5.11MB/s   00:00:00       24657317 100%    5.70MB/s   00:00:04 (xfer#341, to-check=398/1752)
synthetic_009307/posterior_std.pt
         232019 100%  183.05MB/s   00:00:00 (xfer#342, to-check=399/1752)
synthetic_009307/posterior_variance.pt
         232054 100%    3.47MB/s   00:00:00 (xfer#343, to-check=400/1752)
synthetic_009308/
synthetic_009308/composite_mean.pt
         232026 100%   68.53MB/s   00:00:00 (xfer#344, to-check=402/1752)
synthetic_009308/metadata.json
           1798 100%   21.15MB/s   00:00:00 (xfer#345, to-check=403/1752)
synthetic_009308/posterior_mean.pt
         232026 100%    2.81MB/s   00:00:00 (xfer#346, to-check=404/1752)
synthetic_009308/posterior_samples.pt
        2883584  12%    5.37MB/s   00:00:03        6160384  25%    6.08MB/s   00:00:02        9043968  37%    5.48MB/s   00:00:02       11403264  46%    4.22MB/s   00:00:02       14942208  61%    6.70MB/s   00:00:01       18874368  77%    7.24MB/s   00:00:00       22806528  92%    7.26MB/s   00:00:00       24657317 100%    6.12MB/s   00:00:03 (xfer#347, to-check=405/1752)
synthetic_009308/posterior_std.pt
         232019 100%  120.97MB/s   00:00:00 (xfer#348, to-check=406/1752)
synthetic_009308/posterior_variance.pt
         232054 100%   15.06MB/s   00:00:00 (xfer#349, to-check=407/1752)
synthetic_009309/
synthetic_009309/composite_mean.pt
         232026 100%   10.10MB/s   00:00:00 (xfer#350, to-check=409/1752)
synthetic_009309/metadata.json
           1797 100%   19.48MB/s   00:00:00 (xfer#351, to-check=410/1752)
synthetic_009309/posterior_mean.pt
         232026 100%    8.20MB/s   00:00:00 (xfer#352, to-check=411/1752)
synthetic_009309/posterior_samples.pt
        3964928  16%    7.27MB/s   00:00:02        6979584  28%    5.58MB/s   00:00:03       10518528  43%    6.56MB/s   00:00:02       13926400  56%    5.94MB/s   00:00:01       17596416  71%    6.97MB/s   00:00:00       22839296  93%    9.72MB/s   00:00:00       24657317 100%    7.12MB/s   00:00:03 (xfer#353, to-check=412/1752)
synthetic_009309/posterior_std.pt
         232019 100%   77.91MB/s   00:00:00 (xfer#354, to-check=413/1752)
synthetic_009309/posterior_variance.pt
         232054 100%  246.41MB/s   00:00:00 (xfer#355, to-check=414/1752)
synthetic_009310/
synthetic_009310/composite_mean.pt
         232026 100%    6.01MB/s   00:00:00 (xfer#356, to-check=416/1752)
synthetic_009310/metadata.json
           1797 100%   24.20MB/s   00:00:00 (xfer#357, to-check=417/1752)
synthetic_009310/posterior_mean.pt
         232026 100%  112.78MB/s   00:00:00 (xfer#358, to-check=418/1752)
synthetic_009310/posterior_samples.pt
        4685824  19%    8.55MB/s   00:00:02       11239424  46%   12.45MB/s   00:00:01       18448384  75%   13.64MB/s   00:00:00       24657317 100%   11.61MB/s   00:00:02 (xfer#359, to-check=419/1752)
synthetic_009310/posterior_std.pt
         232019 100%   73.63MB/s   00:00:00 (xfer#360, to-check=420/1752)
synthetic_009310/posterior_variance.pt
         232054 100%   18.91MB/s   00:00:00 (xfer#361, to-check=421/1752)
synthetic_009311/
synthetic_009311/composite_mean.pt
         232026 100%    8.59MB/s   00:00:00 (xfer#362, to-check=423/1752)
synthetic_009311/metadata.json
           1798 100%   12.71MB/s   00:00:00 (xfer#363, to-check=424/1752)
synthetic_009311/posterior_mean.pt
         232026 100%   14.84MB/s   00:00:00 (xfer#364, to-check=425/1752)
synthetic_009311/posterior_samples.pt
        6586368  27%   12.46MB/s   00:00:01       13402112  54%   12.51MB/s   00:00:00       20348928  83%   13.07MB/s   00:00:00       24657317 100%   11.71MB/s   00:00:02 (xfer#365, to-check=426/1752)
synthetic_009311/posterior_std.pt
         232019 100%   89.58MB/s   00:00:00 (xfer#366, to-check=427/1752)
synthetic_009311/posterior_variance.pt
         232054 100%  274.86MB/s   00:00:00 (xfer#367, to-check=428/1752)
synthetic_009312/
synthetic_009312/composite_mean.pt
         232026 100%  219.10MB/s   00:00:00 (xfer#368, to-check=430/1752)
synthetic_009312/metadata.json
           1797 100%   24.53MB/s   00:00:00 (xfer#369, to-check=431/1752)
synthetic_009312/posterior_mean.pt
         232026 100%   13.75MB/s   00:00:00 (xfer#370, to-check=432/1752)
synthetic_009312/posterior_samples.pt
        7077888  29%   13.21MB/s   00:00:01       14024704  57%   11.90MB/s   00:00:00       18874368  77%    9.19MB/s   00:00:00       24379392  99%   10.46MB/s   00:00:00       24657317 100%   11.03MB/s   00:00:02 (xfer#371, to-check=433/1752)
synthetic_009312/posterior_std.pt
         232019 100%   82.32MB/s   00:00:00 (xfer#372, to-check=434/1752)
synthetic_009312/posterior_variance.pt
         232054 100%  205.68MB/s   00:00:00 (xfer#373, to-check=435/1752)
synthetic_009313/
synthetic_009313/composite_mean.pt
         232026 100%  146.25MB/s   00:00:00 (xfer#374, to-check=437/1752)
synthetic_009313/metadata.json
           1797 100%   28.52MB/s   00:00:00 (xfer#375, to-check=438/1752)
synthetic_009313/posterior_mean.pt
         232026 100%    6.24MB/s   00:00:00 (xfer#376, to-check=439/1752)
synthetic_009313/posterior_samples.pt
        4489216  18%    8.18MB/s   00:00:02        8650752  35%    7.47MB/s   00:00:02       13893632  56%    9.85MB/s   00:00:01       18481152  75%    8.37MB/s   00:00:00       23330816  95%    9.11MB/s   00:00:00       24657317 100%    8.53MB/s   00:00:02 (xfer#377, to-check=440/1752)
synthetic_009313/posterior_std.pt
         232019 100%  231.21MB/s   00:00:00 (xfer#378, to-check=441/1752)
synthetic_009313/posterior_variance.pt
         232054 100%   34.05MB/s   00:00:00 (xfer#379, to-check=442/1752)
synthetic_009314/
synthetic_009314/composite_mean.pt
         232026 100%    8.81MB/s   00:00:00 (xfer#380, to-check=444/1752)
synthetic_009314/metadata.json
           1798 100%   34.25MB/s   00:00:00 (xfer#381, to-check=445/1752)
synthetic_009314/posterior_mean.pt
         232026 100%   15.26MB/s   00:00:00 (xfer#382, to-check=446/1752)
synthetic_009314/posterior_samples.pt
        5242880  21%    9.98MB/s   00:00:01       10354688  42%    9.51MB/s   00:00:01       16252928  66%   11.17MB/s   00:00:00       22675456  92%   11.98MB/s   00:00:00       24657317 100%   10.40MB/s   00:00:02 (xfer#383, to-check=447/1752)
synthetic_009314/posterior_std.pt
         232019 100%   11.94MB/s   00:00:00 (xfer#384, to-check=448/1752)
synthetic_009314/posterior_variance.pt
         232054 100%   40.62MB/s   00:00:00 (xfer#385, to-check=449/1752)
synthetic_009315/
synthetic_009315/composite_mean.pt
         232026 100%   70.18MB/s   00:00:00 (xfer#386, to-check=451/1752)
synthetic_009315/metadata.json
           1798 100%   26.74MB/s   00:00:00 (xfer#387, to-check=452/1752)
synthetic_009315/posterior_mean.pt
         232026 100%    5.87MB/s   00:00:00 (xfer#388, to-check=453/1752)
synthetic_009315/posterior_samples.pt
        5013504  20%    9.24MB/s   00:00:02        9994240  41%    9.30MB/s   00:00:01       16154624  66%   11.02MB/s   00:00:00       21266432  86%    9.66MB/s   00:00:00       24657317 100%    9.89MB/s   00:00:02 (xfer#389, to-check=454/1752)
synthetic_009315/posterior_std.pt
         232019 100%  136.92MB/s   00:00:00 (xfer#390, to-check=455/1752)
synthetic_009315/posterior_variance.pt
         232054 100%  220.64MB/s   00:00:00 (xfer#391, to-check=456/1752)
synthetic_009316/
synthetic_009316/composite_mean.pt
         232026 100%    7.70MB/s   00:00:00 (xfer#392, to-check=458/1752)
synthetic_009316/metadata.json
           1799 100%   23.44MB/s   00:00:00 (xfer#393, to-check=459/1752)
synthetic_009316/posterior_mean.pt
         232026 100%    5.13MB/s   00:00:00 (xfer#394, to-check=460/1752)
synthetic_009316/posterior_samples.pt
        5013504  20%    9.56MB/s   00:00:01       11042816  45%   10.81MB/s   00:00:01       16547840  67%   10.35MB/s   00:00:00       22183936  90%   10.73MB/s   00:00:00       24657317 100%   10.17MB/s   00:00:02 (xfer#395, to-check=461/1752)
synthetic_009316/posterior_std.pt
         232019 100%  136.58MB/s   00:00:00 (xfer#396, to-check=462/1752)
synthetic_009316/posterior_variance.pt
         232054 100%  214.67MB/s   00:00:00 (xfer#397, to-check=463/1752)
synthetic_009317/
synthetic_009317/composite_mean.pt
         232026 100%   10.65MB/s   00:00:00 (xfer#398, to-check=465/1752)
synthetic_009317/metadata.json
           1798 100%   21.99MB/s   00:00:00 (xfer#399, to-check=466/1752)
synthetic_009317/posterior_mean.pt
         232026 100%   16.84MB/s   00:00:00 (xfer#400, to-check=467/1752)
synthetic_009317/posterior_samples.pt
        5505024  22%   10.05MB/s   00:00:01       11796480  48%   11.97MB/s   00:00:01       17563648  71%   10.97MB/s   00:00:00       22151168  90%    8.66MB/s   00:00:00       24657317 100%    9.79MB/s   00:00:02 (xfer#401, to-check=468/1752)
synthetic_009317/posterior_std.pt
         232019 100%  119.80MB/s   00:00:00 (xfer#402, to-check=469/1752)
synthetic_009317/posterior_variance.pt
         232054 100%    8.01MB/s   00:00:00 (xfer#403, to-check=470/1752)
synthetic_009318/
synthetic_009318/composite_mean.pt
         232026 100%   15.18MB/s   00:00:00 (xfer#404, to-check=472/1752)
synthetic_009318/metadata.json
           1799 100%   26.36MB/s   00:00:00 (xfer#405, to-check=473/1752)
synthetic_009318/posterior_mean.pt
         232026 100%   18.05MB/s   00:00:00 (xfer#406, to-check=474/1752)
synthetic_009318/posterior_samples.pt
        4947968  20%    8.87MB/s   00:00:02       10584064  43%   10.63MB/s   00:00:01       16482304  67%   11.23MB/s   00:00:00       22249472  90%   10.93MB/s   00:00:00       24657317 100%   10.42MB/s   00:00:02 (xfer#407, to-check=475/1752)
synthetic_009318/posterior_std.pt
         232019 100%  134.68MB/s   00:00:00 (xfer#408, to-check=476/1752)
synthetic_009318/posterior_variance.pt
         232054 100%    9.62MB/s   00:00:00 (xfer#409, to-check=477/1752)
synthetic_009319/
synthetic_009319/composite_mean.pt
         232026 100%   25.01MB/s   00:00:00 (xfer#410, to-check=479/1752)
synthetic_009319/metadata.json
           1797 100%   35.06MB/s   00:00:00 (xfer#411, to-check=480/1752)
synthetic_009319/posterior_mean.pt
         232026 100%   13.37MB/s   00:00:00 (xfer#412, to-check=481/1752)
synthetic_009319/posterior_samples.pt
        5570560  23%   10.55MB/s   00:00:01       12124160  49%   12.07MB/s   00:00:00       18546688  75%   12.22MB/s   00:00:00       24657317 100%   11.59MB/s   00:00:02 (xfer#413, to-check=482/1752)
synthetic_009319/posterior_std.pt
         232019 100%  157.03MB/s   00:00:00 (xfer#414, to-check=483/1752)
synthetic_009319/posterior_variance.pt
         232054 100%  301.56MB/s   00:00:00 (xfer#415, to-check=484/1752)
synthetic_009320/
synthetic_009320/composite_mean.pt
         232026 100%   15.69MB/s   00:00:00 (xfer#416, to-check=486/1752)
synthetic_009320/metadata.json
           1800 100%   32.43MB/s   00:00:00 (xfer#417, to-check=487/1752)
synthetic_009320/posterior_mean.pt
         232026 100%   10.34MB/s   00:00:00 (xfer#418, to-check=488/1752)
synthetic_009320/posterior_samples.pt
        5832704  24%   10.74MB/s   00:00:01       12124160  49%   11.94MB/s   00:00:01       18284544  74%   11.74MB/s   00:00:00       24051712  98%   10.33MB/s   00:00:00       24657317 100%   11.02MB/s   00:00:02 (xfer#419, to-check=489/1752)
synthetic_009320/posterior_std.pt
         232019 100%  127.17MB/s   00:00:00 (xfer#420, to-check=490/1752)
synthetic_009320/posterior_variance.pt
         232054 100%    3.49MB/s   00:00:00 (xfer#421, to-check=491/1752)
synthetic_009321/
synthetic_009321/composite_mean.pt
         232026 100%   38.50MB/s   00:00:00 (xfer#422, to-check=493/1752)
synthetic_009321/metadata.json
           1798 100%   32.84MB/s   00:00:00 (xfer#423, to-check=494/1752)
synthetic_009321/posterior_mean.pt
         232026 100%   45.69MB/s   00:00:00 (xfer#424, to-check=495/1752)
synthetic_009321/posterior_samples.pt
        3768320  15%    7.12MB/s   00:00:02        7569408  31%    6.98MB/s   00:00:02       12681216  51%    9.56MB/s   00:00:01       17924096  73%    9.99MB/s   00:00:00       23691264  96%   10.78MB/s   00:00:00       24657317 100%    8.86MB/s   00:00:02 (xfer#425, to-check=496/1752)
synthetic_009321/posterior_std.pt
         232019 100%  121.44MB/s   00:00:00 (xfer#426, to-check=497/1752)
synthetic_009321/posterior_variance.pt
         232054 100%   20.98MB/s   00:00:00 (xfer#427, to-check=498/1752)
synthetic_009322/
synthetic_009322/composite_mean.pt
         232026 100%   13.07MB/s   00:00:00 (xfer#428, to-check=500/1752)
synthetic_009322/metadata.json
           1800 100%   27.69MB/s   00:00:00 (xfer#429, to-check=501/1752)
synthetic_009322/posterior_mean.pt
         232026 100%   46.54MB/s   00:00:00 (xfer#430, to-check=502/1752)
synthetic_009322/posterior_samples.pt
        6029312  24%   10.89MB/s   00:00:01       12091392  49%   11.56MB/s   00:00:01       18612224  75%   12.39MB/s   00:00:00       24657317 100%   11.46MB/s   00:00:02 (xfer#431, to-check=503/1752)
synthetic_009322/posterior_std.pt
         232019 100%  190.26MB/s   00:00:00 (xfer#432, to-check=504/1752)
synthetic_009322/posterior_variance.pt
         232054 100%    5.22MB/s   00:00:00 (xfer#433, to-check=505/1752)
synthetic_009323/
synthetic_009323/composite_mean.pt
         232026 100%   33.82MB/s   00:00:00 (xfer#434, to-check=507/1752)
synthetic_009323/metadata.json
           1796 100%   30.70MB/s   00:00:00 (xfer#435, to-check=508/1752)
synthetic_009323/posterior_mean.pt
         232026 100%    8.03MB/s   00:00:00 (xfer#436, to-check=509/1752)
synthetic_009323/posterior_samples.pt
        7012352  28%   13.26MB/s   00:00:01       13959168  57%   13.06MB/s   00:00:00       20643840  84%   12.75MB/s   00:00:00       24657317 100%   12.70MB/s   00:00:01 (xfer#437, to-check=510/1752)
synthetic_009323/posterior_std.pt
         232019 100%  147.22MB/s   00:00:00 (xfer#438, to-check=511/1752)
synthetic_009323/posterior_variance.pt
         232054 100%  201.70MB/s   00:00:00 (xfer#439, to-check=512/1752)
synthetic_009324/
synthetic_009324/composite_mean.pt
         232026 100%   21.91MB/s   00:00:00 (xfer#440, to-check=514/1752)
synthetic_009324/metadata.json
           1799 100%   22.56MB/s   00:00:00 (xfer#441, to-check=515/1752)
synthetic_009324/posterior_mean.pt
         232026 100%   12.30MB/s   00:00:00 (xfer#442, to-check=516/1752)
synthetic_009324/posterior_samples.pt
        6815744  28%   12.79MB/s   00:00:01       13500416  55%   12.50MB/s   00:00:00       20316160  82%   12.38MB/s   00:00:00       24657317 100%   11.65MB/s   00:00:02 (xfer#443, to-check=517/1752)
synthetic_009324/posterior_std.pt
         232019 100%  136.68MB/s   00:00:00 (xfer#444, to-check=518/1752)
synthetic_009324/posterior_variance.pt
         232054 100%  202.49MB/s   00:00:00 (xfer#445, to-check=519/1752)
synthetic_009325/
synthetic_009325/composite_mean.pt
         232026 100%   15.39MB/s   00:00:00 (xfer#446, to-check=521/1752)
synthetic_009325/metadata.json
           1798 100%   21.99MB/s   00:00:00 (xfer#447, to-check=522/1752)
synthetic_009325/posterior_mean.pt
         232026 100%   13.03MB/s   00:00:00 (xfer#448, to-check=523/1752)
synthetic_009325/posterior_samples.pt
        5799936  24%   11.06MB/s   00:00:01       10059776  41%    8.12MB/s   00:00:01       13008896  53%    5.51MB/s   00:00:02       16809984  68%    6.96MB/s   00:00:01       20873216  85%    7.65MB/s   00:00:00       24657317 100%    7.66MB/s   00:00:03 (xfer#449, to-check=524/1752)
synthetic_009325/posterior_std.pt
         232019 100%   19.95MB/s   00:00:00 (xfer#450, to-check=525/1752)
synthetic_009325/posterior_variance.pt
         232054 100%   34.27MB/s   00:00:00 (xfer#451, to-check=526/1752)
synthetic_009326/
synthetic_009326/composite_mean.pt
         232026 100%    4.85MB/s   00:00:00 (xfer#452, to-check=528/1752)
synthetic_009326/metadata.json
           1798 100%   21.40MB/s   00:00:00 (xfer#453, to-check=529/1752)
synthetic_009326/posterior_mean.pt
         232026 100%   21.68MB/s   00:00:00 (xfer#454, to-check=530/1752)
synthetic_009326/posterior_samples.pt
        4096000  17%    7.76MB/s   00:00:02        8421376  34%    8.01MB/s   00:00:01       12877824  52%    8.07MB/s   00:00:01       16678912  68%    7.17MB/s   00:00:01       20611072  84%    7.48MB/s   00:00:00       24657317 100%    7.66MB/s   00:00:03 (xfer#455, to-check=531/1752)
synthetic_009326/posterior_std.pt
         232019 100%  125.08MB/s   00:00:00 (xfer#456, to-check=532/1752)
synthetic_009326/posterior_variance.pt
         232054 100%   13.62MB/s   00:00:00 (xfer#457, to-check=533/1752)
synthetic_009327/
synthetic_009327/composite_mean.pt
         232026 100%   17.63MB/s   00:00:00 (xfer#458, to-check=535/1752)
synthetic_009327/metadata.json
           1799 100%   25.98MB/s   00:00:00 (xfer#459, to-check=536/1752)
synthetic_009327/posterior_mean.pt
         232026 100%    4.13MB/s   00:00:00 (xfer#460, to-check=537/1752)
synthetic_009327/posterior_samples.pt
        4325376  18%    8.23MB/s   00:00:02        8257536  33%    7.38MB/s   00:00:02       12582912  51%    7.85MB/s   00:00:01       17170432  70%    8.20MB/s   00:00:00       21757952  88%    8.63MB/s   00:00:00       24657317 100%    7.94MB/s   00:00:02 (xfer#461, to-check=538/1752)
synthetic_009327/posterior_std.pt
         232019 100%  126.60MB/s   00:00:00 (xfer#462, to-check=539/1752)
synthetic_009327/posterior_variance.pt
         232054 100%   16.51MB/s   00:00:00 (xfer#463, to-check=540/1752)
synthetic_009328/
synthetic_009328/composite_mean.pt
         232026 100%    6.01MB/s   00:00:00 (xfer#464, to-check=542/1752)
synthetic_009328/metadata.json
           1799 100%   25.61MB/s   00:00:00 (xfer#465, to-check=543/1752)
synthetic_009328/posterior_mean.pt
         232026 100%   11.52MB/s   00:00:00 (xfer#466, to-check=544/1752)
synthetic_009328/posterior_samples.pt
        4587520  19%    8.58MB/s   00:00:02        9175040  37%    8.23MB/s   00:00:01       12320768  50%    5.41MB/s   00:00:02       14974976  61%    4.93MB/s   00:00:01       17596416  71%    4.87MB/s   00:00:01       19890176  81%    4.33MB/s   00:00:01       21987328  89%    3.84MB/s   00:00:00       24346624  99%    4.11MB/s   00:00:00       24657317 100%    5.48MB/s   00:00:04 (xfer#467, to-check=545/1752)
synthetic_009328/posterior_std.pt
         232019 100%   11.63MB/s   00:00:00 (xfer#468, to-check=546/1752)
synthetic_009328/posterior_variance.pt
         232054 100%    3.91MB/s   00:00:00 (xfer#469, to-check=547/1752)
synthetic_009329/
synthetic_009329/composite_mean.pt
         232026 100%    3.69MB/s   00:00:00 (xfer#470, to-check=549/1752)
synthetic_009329/metadata.json
           1800 100%    5.03MB/s   00:00:00 (xfer#471, to-check=550/1752)
synthetic_009329/posterior_mean.pt
         232026 100%   20.97MB/s   00:00:00 (xfer#472, to-check=551/1752)
synthetic_009329/posterior_samples.pt
        2228224   9%    4.03MB/s   00:00:05        4718592  19%    4.59MB/s   00:00:04        7208960  29%    4.68MB/s   00:00:03        9568256  39%    4.20MB/s   00:00:03       12058624  49%    4.68MB/s   00:00:02       14548992  59%    4.46MB/s   00:00:02       17039360  69%    4.63MB/s   00:00:01       19791872  80%    5.03MB/s   00:00:00       22675456  92%    5.18MB/s   00:00:00       24657317 100%    4.65MB/s   00:00:05 (xfer#473, to-check=552/1752)
synthetic_009329/posterior_std.pt
         232019 100%   24.72MB/s   00:00:00 (xfer#474, to-check=553/1752)
synthetic_009329/posterior_variance.pt
         232054 100%    4.19MB/s   00:00:00 (xfer#475, to-check=554/1752)
synthetic_009330/
synthetic_009330/composite_mean.pt
         232026 100%    9.49MB/s   00:00:00 (xfer#476, to-check=556/1752)
synthetic_009330/metadata.json
           1798 100%    7.48MB/s   00:00:00 (xfer#477, to-check=557/1752)
synthetic_009330/posterior_mean.pt
         232026 100%    5.49MB/s   00:00:00 (xfer#478, to-check=558/1752)
synthetic_009330/posterior_samples.pt
        2621440  11%    4.85MB/s   00:00:04        5668864  23%    5.81MB/s   00:00:03        8912896  36%    5.76MB/s   00:00:02       12189696  49%    6.20MB/s   00:00:01       15335424  62%    5.86MB/s   00:00:01       19005440  77%    6.67MB/s   00:00:00       22675456  92%    6.48MB/s   00:00:00       24657317 100%    5.99MB/s   00:00:03 (xfer#479, to-check=559/1752)
synthetic_009330/posterior_std.pt
         232019 100%    8.18MB/s   00:00:00 (xfer#480, to-check=560/1752)
synthetic_009330/posterior_variance.pt
         232054 100%    6.11MB/s   00:00:00 (xfer#481, to-check=561/1752)
synthetic_009331/
synthetic_009331/composite_mean.pt
         232026 100%   10.19MB/s   00:00:00 (xfer#482, to-check=563/1752)
synthetic_009331/metadata.json
           1799 100%   13.08MB/s   00:00:00 (xfer#483, to-check=564/1752)
synthetic_009331/posterior_mean.pt
         232026 100%   13.84MB/s   00:00:00 (xfer#484, to-check=565/1752)
synthetic_009331/posterior_samples.pt
        3571712  14%    6.65MB/s   00:00:03        7634944  31%    7.10MB/s   00:00:02       11698176  47%    7.64MB/s   00:00:01       16285696  66%    8.69MB/s   00:00:00       21135360  86%    9.08MB/s   00:00:00       24657317 100%    8.03MB/s   00:00:02 (xfer#485, to-check=566/1752)
synthetic_009331/posterior_std.pt
         232019 100%  148.11MB/s   00:00:00 (xfer#486, to-check=567/1752)
synthetic_009331/posterior_variance.pt
         232054 100%    7.26MB/s   00:00:00 (xfer#487, to-check=568/1752)
synthetic_009332/
synthetic_009332/composite_mean.pt
         232026 100%  136.17MB/s   00:00:00 (xfer#488, to-check=570/1752)
synthetic_009332/metadata.json
           1800 100%   30.13MB/s   00:00:00 (xfer#489, to-check=571/1752)
synthetic_009332/posterior_mean.pt
         232026 100%    7.80MB/s   00:00:00 (xfer#490, to-check=572/1752)
synthetic_009332/posterior_samples.pt
        3932160  16%    7.17MB/s   00:00:02        8388608  34%    8.20MB/s   00:00:01       12976128  53%    8.65MB/s   00:00:01       17694720  72%    8.39MB/s   00:00:00       22937600  93%    9.90MB/s   00:00:00       24657317 100%    8.44MB/s   00:00:02 (xfer#491, to-check=573/1752)
synthetic_009332/posterior_std.pt
         232019 100%   90.61MB/s   00:00:00 (xfer#492, to-check=574/1752)
synthetic_009332/posterior_variance.pt
         232054 100%  151.15MB/s   00:00:00 (xfer#493, to-check=575/1752)
synthetic_009333/
synthetic_009333/composite_mean.pt
         232026 100%    7.31MB/s   00:00:00 (xfer#494, to-check=577/1752)
synthetic_009333/metadata.json
           1799 100%   24.56MB/s   00:00:00 (xfer#495, to-check=578/1752)
synthetic_009333/posterior_mean.pt
         232026 100%   23.05MB/s   00:00:00 (xfer#496, to-check=579/1752)
synthetic_009333/posterior_samples.pt
        4849664  20%    9.25MB/s   00:00:02       10125312  41%    9.65MB/s   00:00:01       15499264  63%   10.20MB/s   00:00:00       21004288  85%   10.30MB/s   00:00:00       24657317 100%    9.88MB/s   00:00:02 (xfer#497, to-check=580/1752)
synthetic_009333/posterior_std.pt
         232019 100%  107.11MB/s   00:00:00 (xfer#498, to-check=581/1752)
synthetic_009333/posterior_variance.pt
         232054 100%   14.05MB/s   00:00:00 (xfer#499, to-check=582/1752)
synthetic_009334/
synthetic_009334/composite_mean.pt
         232026 100%   13.79MB/s   00:00:00 (xfer#500, to-check=584/1752)
synthetic_009334/metadata.json
           1798 100%   42.81MB/s   00:00:00 (xfer#501, to-check=585/1752)
synthetic_009334/posterior_mean.pt
         232026 100%   16.95MB/s   00:00:00 (xfer#502, to-check=586/1752)
synthetic_009334/posterior_samples.pt
        5734400  23%   10.88MB/s   00:00:01       10846208  44%    9.65MB/s   00:00:01       16318464  66%   10.42MB/s   00:00:00       22216704  90%   10.71MB/s   00:00:00       24657317 100%   10.39MB/s   00:00:02 (xfer#503, to-check=587/1752)
synthetic_009334/posterior_std.pt
         232019 100%   95.26MB/s   00:00:00 (xfer#504, to-check=588/1752)
synthetic_009334/posterior_variance.pt
         232054 100%   13.73MB/s   00:00:00 (xfer#505, to-check=589/1752)
synthetic_009335/
synthetic_009335/composite_mean.pt
         232026 100%   11.45MB/s   00:00:00 (xfer#506, to-check=591/1752)
synthetic_009335/metadata.json
           1797 100%   34.89MB/s   00:00:00 (xfer#507, to-check=592/1752)
synthetic_009335/posterior_mean.pt
         232026 100%   28.69MB/s   00:00:00 (xfer#508, to-check=593/1752)
synthetic_009335/posterior_samples.pt
        5406720  22%   10.24MB/s   00:00:01       10518528  43%    9.73MB/s   00:00:01       15761408  64%    9.94MB/s   00:00:00       21528576  87%   10.91MB/s   00:00:00       24657317 100%   10.02MB/s   00:00:02 (xfer#509, to-check=594/1752)
synthetic_009335/posterior_std.pt
         232019 100%  165.61MB/s   00:00:00 (xfer#510, to-check=595/1752)
synthetic_009335/posterior_variance.pt
         232054 100%  237.94MB/s   00:00:00 (xfer#511, to-check=596/1752)
synthetic_009336/
synthetic_009336/composite_mean.pt
         232026 100%    8.59MB/s   00:00:00 (xfer#512, to-check=598/1752)
synthetic_009336/metadata.json
           1799 100%   37.28MB/s   00:00:00 (xfer#513, to-check=599/1752)
synthetic_009336/posterior_mean.pt
         232026 100%   18.13MB/s   00:00:00 (xfer#514, to-check=600/1752)
synthetic_009336/posterior_samples.pt
        5767168  23%   10.90MB/s   00:00:01       11272192  46%   10.36MB/s   00:00:01       16777216  68%    9.80MB/s   00:00:00       22937600  93%   11.69MB/s   00:00:00       24657317 100%   10.67MB/s   00:00:02 (xfer#515, to-check=601/1752)
synthetic_009336/posterior_std.pt
         232019 100%   53.36MB/s   00:00:00 (xfer#516, to-check=602/1752)
synthetic_009336/posterior_variance.pt
         232054 100%   14.63MB/s   00:00:00 (xfer#517, to-check=603/1752)
synthetic_009337/
synthetic_009337/composite_mean.pt
         232026 100%   40.56MB/s   00:00:00 (xfer#518, to-check=605/1752)
synthetic_009337/metadata.json
           1799 100%   31.29MB/s   00:00:00 (xfer#519, to-check=606/1752)
synthetic_009337/posterior_mean.pt
         232026 100%    5.65MB/s   00:00:00 (xfer#520, to-check=607/1752)
synthetic_009337/posterior_samples.pt
        5865472  24%   11.09MB/s   00:00:01       10747904  44%    9.19MB/s   00:00:01       14811136  60%    7.42MB/s   00:00:01       19529728  79%    8.86MB/s   00:00:00       24657317 100%    9.16MB/s   00:00:02 (xfer#521, to-check=608/1752)
synthetic_009337/posterior_std.pt
         232019 100%   90.65MB/s   00:00:00 (xfer#522, to-check=609/1752)
synthetic_009337/posterior_variance.pt
         232054 100%    5.67MB/s   00:00:00 (xfer#523, to-check=610/1752)
synthetic_009338/
synthetic_009338/composite_mean.pt
         232026 100%   37.95MB/s   00:00:00 (xfer#524, to-check=612/1752)
synthetic_009338/metadata.json
           1799 100%   31.29MB/s   00:00:00 (xfer#525, to-check=613/1752)
synthetic_009338/posterior_mean.pt
         232026 100%   16.57MB/s   00:00:00 (xfer#526, to-check=614/1752)
synthetic_009338/posterior_samples.pt
        5242880  21%    9.92MB/s   00:00:01        9240576  37%    7.43MB/s   00:00:01       13565952  55%    8.01MB/s   00:00:01       18022400  73%    8.48MB/s   00:00:00       22740992  92%    8.82MB/s   00:00:00       24657317 100%    8.45MB/s   00:00:02 (xfer#527, to-check=615/1752)
synthetic_009338/posterior_std.pt
         232019 100%  109.04MB/s   00:00:00 (xfer#528, to-check=616/1752)
synthetic_009338/posterior_variance.pt
         232054 100%   23.76MB/s   00:00:00 (xfer#529, to-check=617/1752)
synthetic_009339/
synthetic_009339/composite_mean.pt
         232026 100%   10.64MB/s   00:00:00 (xfer#530, to-check=619/1752)
synthetic_009339/metadata.json
           1799 100%   23.21MB/s   00:00:00 (xfer#531, to-check=620/1752)
synthetic_009339/posterior_mean.pt
         232026 100%    5.63MB/s   00:00:00 (xfer#532, to-check=621/1752)
synthetic_009339/posterior_samples.pt
        4227072  17%    8.03MB/s   00:00:02        8552448  35%    8.08MB/s   00:00:01       13271040  54%    8.71MB/s   00:00:01       18120704  73%    9.19MB/s   00:00:00       22315008  91%    7.94MB/s   00:00:00       24657317 100%    8.08MB/s   00:00:02 (xfer#533, to-check=622/1752)
synthetic_009339/posterior_std.pt
         232019 100%   74.65MB/s   00:00:00 (xfer#534, to-check=623/1752)
synthetic_009339/posterior_variance.pt
         232054 100%    7.45MB/s   00:00:00 (xfer#535, to-check=624/1752)
synthetic_009340/
synthetic_009340/composite_mean.pt
         232026 100%   29.13MB/s   00:00:00 (xfer#536, to-check=626/1752)
synthetic_009340/metadata.json
           1798 100%   25.59MB/s   00:00:00 (xfer#537, to-check=627/1752)
synthetic_009340/posterior_mean.pt
         232026 100%    4.99MB/s   00:00:00 (xfer#538, to-check=628/1752)
synthetic_009340/posterior_samples.pt
        3604480  15%    6.74MB/s   00:00:02        7667712  31%    7.69MB/s   00:00:02       11862016  48%    7.75MB/s   00:00:01       16318464  66%    7.93MB/s   00:00:01       20774912  84%    8.47MB/s   00:00:00       22740992  92%    3.70MB/s   00:00:00       24657317 100%    6.91MB/s   00:00:03 (xfer#539, to-check=629/1752)
synthetic_009340/posterior_std.pt
         232019 100%  118.32MB/s   00:00:00 (xfer#540, to-check=630/1752)
synthetic_009340/posterior_variance.pt
         232054 100%   12.53MB/s   00:00:00 (xfer#541, to-check=631/1752)
synthetic_009341/
synthetic_009341/composite_mean.pt
         232026 100%   13.17MB/s   00:00:00 (xfer#542, to-check=633/1752)
synthetic_009341/metadata.json
           1798 100%   20.67MB/s   00:00:00 (xfer#543, to-check=634/1752)
synthetic_009341/posterior_mean.pt
         232026 100%    4.76MB/s   00:00:00 (xfer#544, to-check=635/1752)
synthetic_009341/posterior_samples.pt
        3309568  13%    6.31MB/s   00:00:03        6946816  28%    6.81MB/s   00:00:02       10616832  43%    6.55MB/s   00:00:02       14548992  59%    7.34MB/s   00:00:01       18481152  75%    7.49MB/s   00:00:00       22282240  90%    7.08MB/s   00:00:00       24657317 100%    6.89MB/s   00:00:03 (xfer#545, to-check=636/1752)
synthetic_009341/posterior_std.pt
         232019 100%  118.57MB/s   00:00:00 (xfer#546, to-check=637/1752)
synthetic_009341/posterior_variance.pt
         232054 100%    9.24MB/s   00:00:00 (xfer#547, to-check=638/1752)
synthetic_009342/
synthetic_009342/composite_mean.pt
         232026 100%   32.13MB/s   00:00:00 (xfer#548, to-check=640/1752)
synthetic_009342/metadata.json
           1799 100%   26.75MB/s   00:00:00 (xfer#549, to-check=641/1752)
synthetic_009342/posterior_mean.pt
         232026 100%    4.48MB/s   00:00:00 (xfer#550, to-check=642/1752)
synthetic_009342/posterior_samples.pt
        3670016  15%    6.85MB/s   00:00:02        7733248  31%    7.71MB/s   00:00:02       11403264  46%    6.78MB/s   00:00:01       15138816  61%    7.12MB/s   00:00:01       19005440  77%    7.37MB/s   00:00:00       22937600  93%    7.17MB/s   00:00:00       24657317 100%    7.17MB/s   00:00:03 (xfer#551, to-check=643/1752)
synthetic_009342/posterior_std.pt
         232019 100%   40.54MB/s   00:00:00 (xfer#552, to-check=644/1752)
synthetic_009342/posterior_variance.pt
         232054 100%   10.55MB/s   00:00:00 (xfer#553, to-check=645/1752)
synthetic_009343/
synthetic_009343/composite_mean.pt
         232026 100%   16.03MB/s   00:00:00 (xfer#554, to-check=647/1752)
synthetic_009343/metadata.json
           1799 100%   23.83MB/s   00:00:00 (xfer#555, to-check=648/1752)
synthetic_009343/posterior_mean.pt
         232026 100%    6.05MB/s   00:00:00 (xfer#556, to-check=649/1752)
synthetic_009343/posterior_samples.pt
        3670016  15%    6.95MB/s   00:00:02        7733248  31%    7.72MB/s   00:00:02       12189696  49%    8.27MB/s   00:00:01       16515072  67%    8.24MB/s   00:00:00       20971520  85%    8.41MB/s   00:00:00       24641536 100%    6.96MB/s   00:00:00       24657317 100%    7.67MB/s   00:00:03 (xfer#557, to-check=650/1752)
synthetic_009343/posterior_std.pt
         232019 100%   88.57MB/s   00:00:00 (xfer#558, to-check=651/1752)
synthetic_009343/posterior_variance.pt
         232054 100%   10.84MB/s   00:00:00 (xfer#559, to-check=652/1752)
synthetic_009344/
synthetic_009344/composite_mean.pt
         232026 100%    8.66MB/s   00:00:00 (xfer#560, to-check=654/1752)
synthetic_009344/metadata.json
           1799 100%   19.99MB/s   00:00:00 (xfer#561, to-check=655/1752)
synthetic_009344/posterior_mean.pt
         232026 100%   26.26MB/s   00:00:00 (xfer#562, to-check=656/1752)
synthetic_009344/posterior_samples.pt
        4849664  20%    8.48MB/s   00:00:02        9699328  39%    8.59MB/s   00:00:01       15073280  61%   10.07MB/s   00:00:00       20447232  83%    9.87MB/s   00:00:00       24657317 100%    9.26MB/s   00:00:02 (xfer#563, to-check=657/1752)
synthetic_009344/posterior_std.pt
         232019 100%  122.99MB/s   00:00:00 (xfer#564, to-check=658/1752)
synthetic_009344/posterior_variance.pt
         232054 100%   21.64MB/s   00:00:00 (xfer#565, to-check=659/1752)
synthetic_009345/
synthetic_009345/composite_mean.pt
         232026 100%   21.46MB/s   00:00:00 (xfer#566, to-check=661/1752)
synthetic_009345/metadata.json
           1798 100%   28.09MB/s   00:00:00 (xfer#567, to-check=662/1752)
synthetic_009345/posterior_mean.pt
         232026 100%   18.41MB/s   00:00:00 (xfer#568, to-check=663/1752)
synthetic_009345/posterior_samples.pt
        5996544  24%   11.32MB/s   00:00:01       12812288  52%   12.68MB/s   00:00:00       19496960  79%   12.64MB/s   00:00:00       24657317 100%   12.39MB/s   00:00:01 (xfer#569, to-check=664/1752)
synthetic_009345/posterior_std.pt
         232019 100%  201.54MB/s   00:00:00 (xfer#570, to-check=665/1752)
synthetic_009345/posterior_variance.pt
         232054 100%   17.87MB/s   00:00:00 (xfer#571, to-check=666/1752)
synthetic_009346/
synthetic_009346/composite_mean.pt
         232026 100%   11.34MB/s   00:00:00 (xfer#572, to-check=668/1752)
synthetic_009346/metadata.json
           1799 100%   26.07MB/s   00:00:00 (xfer#573, to-check=669/1752)
synthetic_009346/posterior_mean.pt
         232026 100%   21.03MB/s   00:00:00 (xfer#574, to-check=670/1752)
synthetic_009346/posterior_samples.pt
        4030464  16%    7.57MB/s   00:00:02        9797632  40%   10.79MB/s   00:00:01       15826944  64%   11.12MB/s   00:00:00       22642688  92%   12.81MB/s   00:00:00       24657317 100%   10.51MB/s   00:00:02 (xfer#575, to-check=671/1752)
synthetic_009346/posterior_std.pt
         232019 100%  128.79MB/s   00:00:00 (xfer#576, to-check=672/1752)
synthetic_009346/posterior_variance.pt
         232054 100%  179.92MB/s   00:00:00 (xfer#577, to-check=673/1752)
synthetic_009347/
synthetic_009347/composite_mean.pt
         232026 100%    9.55MB/s   00:00:00 (xfer#578, to-check=675/1752)
synthetic_009347/metadata.json
           1799 100%   27.68MB/s   00:00:00 (xfer#579, to-check=676/1752)
synthetic_009347/posterior_mean.pt
         232026 100%   30.48MB/s   00:00:00 (xfer#580, to-check=677/1752)
synthetic_009347/posterior_samples.pt
        6651904  27%   12.40MB/s   00:00:01       13598720  55%   13.25MB/s   00:00:00       20676608  84%   13.25MB/s   00:00:00       24657317 100%   12.75MB/s   00:00:01 (xfer#581, to-check=678/1752)
synthetic_009347/posterior_std.pt
         232019 100%   81.74MB/s   00:00:00 (xfer#582, to-check=679/1752)
synthetic_009347/posterior_variance.pt
         232054 100%   24.53MB/s   00:00:00 (xfer#583, to-check=680/1752)
synthetic_009348/
synthetic_009348/composite_mean.pt
         232026 100%   10.98MB/s   00:00:00 (xfer#584, to-check=682/1752)
synthetic_009348/metadata.json
           1799 100%   21.67MB/s   00:00:00 (xfer#585, to-check=683/1752)
synthetic_009348/posterior_mean.pt
         232026 100%   33.94MB/s   00:00:00 (xfer#586, to-check=684/1752)
synthetic_009348/posterior_samples.pt
        4784128  19%    8.70MB/s   00:00:02       10420224  42%   10.16MB/s   00:00:01       15925248  65%   10.44MB/s   00:00:00       21561344  87%   10.68MB/s   00:00:00       24657317 100%   10.05MB/s   00:00:02 (xfer#587, to-check=685/1752)
synthetic_009348/posterior_std.pt
         232019 100%  163.42MB/s   00:00:00 (xfer#588, to-check=686/1752)
synthetic_009348/posterior_variance.pt
         232054 100%   48.19MB/s   00:00:00 (xfer#589, to-check=687/1752)
synthetic_009349/
synthetic_009349/composite_mean.pt
         232026 100%    9.02MB/s   00:00:00 (xfer#590, to-check=689/1752)
synthetic_009349/metadata.json
           1799 100%   30.62MB/s   00:00:00 (xfer#591, to-check=690/1752)
synthetic_009349/posterior_mean.pt
         232026 100%    8.50MB/s   00:00:00 (xfer#592, to-check=691/1752)
synthetic_009349/posterior_samples.pt
        4915200  20%    8.58MB/s   00:00:02        7962624  32%    5.53MB/s   00:00:02       10321920  42%    4.30MB/s   00:00:03       12681216  51%    4.12MB/s   00:00:02       15433728  63%    5.14MB/s   00:00:01       17989632  73%    4.87MB/s   00:00:01       20545536  83%    4.78MB/s   00:00:00       23298048  94%    5.21MB/s   00:00:00       24657317 100%    5.28MB/s   00:00:04 (xfer#593, to-check=692/1752)
synthetic_009349/posterior_std.pt
         232019 100%   11.90MB/s   00:00:00 (xfer#594, to-check=693/1752)
synthetic_009349/posterior_variance.pt
         232054 100%    6.42MB/s   00:00:00 (xfer#595, to-check=694/1752)
synthetic_009350/
synthetic_009350/composite_mean.pt
         232026 100%    6.45MB/s   00:00:00 (xfer#596, to-check=696/1752)
synthetic_009350/metadata.json
           1797 100%   20.13MB/s   00:00:00 (xfer#597, to-check=697/1752)
synthetic_009350/posterior_mean.pt
         232026 100%    4.51MB/s   00:00:00 (xfer#598, to-check=698/1752)
synthetic_009350/posterior_samples.pt
        2850816  12%    5.32MB/s   00:00:03        5865472  24%    5.36MB/s   00:00:03        8617984  35%    5.24MB/s   00:00:02       11370496  46%    5.22MB/s   00:00:02       14385152  58%    5.64MB/s   00:00:01       17661952  72%    6.15MB/s   00:00:01       20807680  84%    5.99MB/s   00:00:00       23429120  95%    4.86MB/s   00:00:00       24657317 100%    5.47MB/s   00:00:04 (xfer#599, to-check=699/1752)
synthetic_009350/posterior_std.pt
         232019 100%   19.56MB/s   00:00:00 (xfer#600, to-check=700/1752)
synthetic_009350/posterior_variance.pt
         232054 100%   12.55MB/s   00:00:00 (xfer#601, to-check=701/1752)
synthetic_009351/
synthetic_009351/composite_mean.pt
         232026 100%    4.10MB/s   00:00:00 (xfer#602, to-check=703/1752)
synthetic_009351/metadata.json
           1798 100%    8.45MB/s   00:00:00 (xfer#603, to-check=704/1752)
synthetic_009351/posterior_mean.pt
         232026 100%   49.77MB/s   00:00:00 (xfer#604, to-check=705/1752)
synthetic_009351/posterior_samples.pt
        3375104  14%    6.01MB/s   00:00:03        5537792  22%    3.99MB/s   00:00:04        8290304  34%    5.17MB/s   00:00:03       10911744  44%    4.93MB/s   00:00:02       13533184  55%    4.85MB/s   00:00:02       16875520  68%    6.37MB/s   00:00:01       20086784  81%    6.05MB/s   00:00:00       23625728  96%    6.58MB/s   00:00:00       24657317 100%    5.24MB/s   00:00:04 (xfer#605, to-check=706/1752)
synthetic_009351/posterior_std.pt
         232019 100%  137.78MB/s   00:00:00 (xfer#606, to-check=707/1752)
synthetic_009351/posterior_variance.pt
         232054 100%    9.33MB/s   00:00:00 (xfer#607, to-check=708/1752)
synthetic_009352/
synthetic_009352/composite_mean.pt
         232026 100%    3.95MB/s   00:00:00 (xfer#608, to-check=710/1752)
synthetic_009352/metadata.json
           1798 100%   21.22MB/s   00:00:00 (xfer#609, to-check=711/1752)
synthetic_009352/posterior_mean.pt
         232026 100%    3.73MB/s   00:00:00 (xfer#610, to-check=712/1752)
synthetic_009352/posterior_samples.pt
        2752512  11%    4.94MB/s   00:00:04        5373952  22%    4.70MB/s   00:00:03        8388608  34%    5.27MB/s   00:00:02       11403264  46%    5.36MB/s   00:00:02       14286848  58%    5.44MB/s   00:00:01       16908288  69%    4.97MB/s   00:00:01       19922944  81%    5.32MB/s   00:00:00       22806528  92%    5.35MB/s   00:00:00       24657317 100%    5.12MB/s   00:00:04 (xfer#611, to-check=713/1752)
synthetic_009352/posterior_std.pt
         232019 100%   11.34MB/s   00:00:00 (xfer#612, to-check=714/1752)
synthetic_009352/posterior_variance.pt
         232054 100%    6.72MB/s   00:00:00 (xfer#613, to-check=715/1752)
synthetic_009353/
synthetic_009353/composite_mean.pt
         232026 100%    7.90MB/s   00:00:00 (xfer#614, to-check=717/1752)
synthetic_009353/metadata.json
           1798 100%   19.08MB/s   00:00:00 (xfer#615, to-check=718/1752)
synthetic_009353/posterior_mean.pt
         232026 100%    3.98MB/s   00:00:00 (xfer#616, to-check=719/1752)
synthetic_009353/posterior_samples.pt
        2949120  12%    5.22MB/s   00:00:03        5636096  23%    5.10MB/s   00:00:03        7602176  31%    3.57MB/s   00:00:04       10223616  41%    4.65MB/s   00:00:02       12976128  53%    5.24MB/s   00:00:02       15728640  64%    5.03MB/s   00:00:01       18743296  76%    5.55MB/s   00:00:01       21889024  89%    5.94MB/s   00:00:00       24641536 100%    5.19MB/s   00:00:00       24657317 100%    5.01MB/s   00:00:04 (xfer#617, to-check=720/1752)
synthetic_009353/posterior_std.pt
         232019 100%   80.40MB/s   00:00:00 (xfer#618, to-check=721/1752)
synthetic_009353/posterior_variance.pt
         232054 100%    8.69MB/s   00:00:00 (xfer#619, to-check=722/1752)
synthetic_009354/
synthetic_009354/composite_mean.pt
         232026 100%   20.19MB/s   00:00:00 (xfer#620, to-check=724/1752)
synthetic_009354/metadata.json
           1799 100%   20.44MB/s   00:00:00 (xfer#621, to-check=725/1752)
synthetic_009354/posterior_mean.pt
         232026 100%    4.06MB/s   00:00:00 (xfer#622, to-check=726/1752)
synthetic_009354/posterior_samples.pt
        3145728  13%    5.89MB/s   00:00:03        6291456  26%    5.49MB/s   00:00:03        9043968  37%    4.74MB/s   00:00:03       12156928  49%    5.94MB/s   00:00:02       15335424  62%    5.95MB/s   00:00:01       18481152  75%    5.87MB/s   00:00:01       21495808  87%    5.65MB/s   00:00:00       24641536 100%    5.93MB/s   00:00:00       24657317 100%    5.62MB/s   00:00:04 (xfer#623, to-check=727/1752)
synthetic_009354/posterior_std.pt
         232019 100%  122.39MB/s   00:00:00 (xfer#624, to-check=728/1752)
synthetic_009354/posterior_variance.pt
         232054 100%   11.81MB/s   00:00:00 (xfer#625, to-check=729/1752)
synthetic_009355/
synthetic_009355/composite_mean.pt
         232026 100%   17.26MB/s   00:00:00 (xfer#626, to-check=731/1752)
synthetic_009355/metadata.json
           1798 100%   28.54MB/s   00:00:00 (xfer#627, to-check=732/1752)
synthetic_009355/posterior_mean.pt
         232026 100%    4.31MB/s   00:00:00 (xfer#628, to-check=733/1752)
synthetic_009355/posterior_samples.pt
        2883584  12%    5.40MB/s   00:00:03        6291456  26%    5.85MB/s   00:00:02        9961472  40%    6.61MB/s   00:00:02       12845056  52%    5.49MB/s   00:00:02       16121856  65%    6.23MB/s   00:00:01       19922944  81%    7.14MB/s   00:00:00       23724032  96%    7.21MB/s   00:00:00       24657317 100%    6.29MB/s   00:00:03 (xfer#629, to-check=734/1752)
synthetic_009355/posterior_std.pt
         232019 100%   87.05MB/s   00:00:00 (xfer#630, to-check=735/1752)
synthetic_009355/posterior_variance.pt
         232054 100%   24.03MB/s   00:00:00 (xfer#631, to-check=736/1752)
synthetic_009356/
synthetic_009356/composite_mean.pt
         232026 100%    3.36MB/s   00:00:00 (xfer#632, to-check=738/1752)
synthetic_009356/metadata.json
           1799 100%   14.90MB/s   00:00:00 (xfer#633, to-check=739/1752)
synthetic_009356/posterior_mean.pt
         232026 100%   19.90MB/s   00:00:00 (xfer#634, to-check=740/1752)
synthetic_009356/posterior_samples.pt
        3833856  16%    7.26MB/s   00:00:02        5636096  23%    3.43MB/s   00:00:05        7864320  32%    4.20MB/s   00:00:03       10354688  42%    4.38MB/s   00:00:03       12713984  52%    4.42MB/s   00:00:02       15204352  62%    4.73MB/s   00:00:01       17694720  72%    4.54MB/s   00:00:01       20185088  82%    4.68MB/s   00:00:00       22839296  93%    5.06MB/s   00:00:00       24657317 100%    4.69MB/s   00:00:05 (xfer#635, to-check=741/1752)
synthetic_009356/posterior_std.pt
         232019 100%  126.30MB/s   00:00:00 (xfer#636, to-check=742/1752)
synthetic_009356/posterior_variance.pt
         232054 100%   10.63MB/s   00:00:00 (xfer#637, to-check=743/1752)
synthetic_009357/
synthetic_009357/composite_mean.pt
         232026 100%    3.58MB/s   00:00:00 (xfer#638, to-check=745/1752)
synthetic_009357/metadata.json
           1798 100%   21.15MB/s   00:00:00 (xfer#639, to-check=746/1752)
synthetic_009357/posterior_mean.pt
         232026 100%    5.51MB/s   00:00:00 (xfer#640, to-check=747/1752)
synthetic_009357/posterior_samples.pt
        2621440  11%    5.00MB/s   00:00:04        5439488  22%    5.14MB/s   00:00:03        8323072  34%    5.32MB/s   00:00:02       10813440  44%    4.60MB/s   00:00:02       13828096  56%    5.49MB/s   00:00:01       16973824  69%    5.98MB/s   00:00:01       20250624  82%    5.94MB/s   00:00:00       23527424  95%    6.10MB/s   00:00:00       24657317 100%    5.46MB/s   00:00:04 (xfer#641, to-check=748/1752)
synthetic_009357/posterior_std.pt
         232019 100%   62.97MB/s   00:00:00 (xfer#642, to-check=749/1752)
synthetic_009357/posterior_variance.pt
         232054 100%    4.33MB/s   00:00:00 (xfer#643, to-check=750/1752)
synthetic_009358/
synthetic_009358/composite_mean.pt
         232026 100%    8.47MB/s   00:00:00 (xfer#644, to-check=752/1752)
synthetic_009358/metadata.json
           1798 100%   10.86MB/s   00:00:00 (xfer#645, to-check=753/1752)
synthetic_009358/posterior_mean.pt
         232026 100%    4.99MB/s   00:00:00 (xfer#646, to-check=754/1752)
synthetic_009358/posterior_samples.pt
        3440640  14%    6.55MB/s   00:00:03        6979584  28%    6.75MB/s   00:00:02       10649600  43%    6.96MB/s   00:00:01       14450688  59%    7.13MB/s   00:00:01       18251776  74%    6.83MB/s   00:00:00       22183936  90%    7.49MB/s   00:00:00       24657317 100%    6.92MB/s   00:00:03 (xfer#647, to-check=755/1752)
synthetic_009358/posterior_std.pt
         232019 100%  157.38MB/s   00:00:00 (xfer#648, to-check=756/1752)
synthetic_009358/posterior_variance.pt
         232054 100%  185.94MB/s   00:00:00 (xfer#649, to-check=757/1752)
synthetic_009359/
synthetic_009359/composite_mean.pt
         232026 100%    7.63MB/s   00:00:00 (xfer#650, to-check=759/1752)
synthetic_009359/metadata.json
           1799 100%    8.37MB/s   00:00:00 (xfer#651, to-check=760/1752)
synthetic_009359/posterior_mean.pt
         232026 100%   10.34MB/s   00:00:00 (xfer#652, to-check=761/1752)
synthetic_009359/posterior_samples.pt
        3997696  16%    7.02MB/s   00:00:02        8978432  36%    8.79MB/s   00:00:01       13828096  56%    9.18MB/s   00:00:01       19464192  79%    9.38MB/s   00:00:00       24657317 100%    9.06MB/s   00:00:02 (xfer#653, to-check=762/1752)
synthetic_009359/posterior_std.pt
         232019 100%  208.14MB/s   00:00:00 (xfer#654, to-check=763/1752)
synthetic_009359/posterior_variance.pt
         232054 100%  107.06MB/s   00:00:00 (xfer#655, to-check=764/1752)
synthetic_009360/
synthetic_009360/composite_mean.pt
         232026 100%   10.70MB/s   00:00:00 (xfer#656, to-check=766/1752)
synthetic_009360/metadata.json
           1799 100%    9.17MB/s   00:00:00 (xfer#657, to-check=767/1752)
synthetic_009360/posterior_mean.pt
         232026 100%    8.08MB/s   00:00:00 (xfer#658, to-check=768/1752)
synthetic_009360/posterior_samples.pt
        5046272  20%    8.65MB/s   00:00:02        8519680  35%    6.46MB/s   00:00:02       11534336  47%    5.44MB/s   00:00:02       15204352  62%    6.92MB/s   00:00:01       19398656  79%    7.85MB/s   00:00:00       23855104  97%    8.50MB/s   00:00:00       24657317 100%    7.27MB/s   00:00:03 (xfer#659, to-check=769/1752)
synthetic_009360/posterior_std.pt
         232019 100%  157.38MB/s   00:00:00 (xfer#660, to-check=770/1752)
synthetic_009360/posterior_variance.pt
         232054 100%   28.26MB/s   00:00:00 (xfer#661, to-check=771/1752)
synthetic_009361/
synthetic_009361/composite_mean.pt
         232026 100%    5.75MB/s   00:00:00 (xfer#662, to-check=773/1752)
synthetic_009361/metadata.json
           1799 100%    7.39MB/s   00:00:00 (xfer#663, to-check=774/1752)
synthetic_009361/posterior_mean.pt
         232026 100%   11.95MB/s   00:00:00 (xfer#664, to-check=775/1752)
synthetic_009361/posterior_samples.pt
        4751360  19%    8.76MB/s   00:00:02        8814592  36%    7.39MB/s   00:00:02       13533184  55%    8.92MB/s   00:00:01       18251776  74%    8.81MB/s   00:00:00       22970368  93%    8.70MB/s   00:00:00       24657317 100%    8.46MB/s   00:00:02 (xfer#665, to-check=776/1752)
synthetic_009361/posterior_std.pt
         232019 100%  177.42MB/s   00:00:00 (xfer#666, to-check=777/1752)
synthetic_009361/posterior_variance.pt
         232054 100%  186.58MB/s   00:00:00 (xfer#667, to-check=778/1752)
synthetic_009362/
synthetic_009362/composite_mean.pt
         232026 100%    8.73MB/s   00:00:00 (xfer#668, to-check=780/1752)
synthetic_009362/metadata.json
           1800 100%    8.76MB/s   00:00:00 (xfer#669, to-check=781/1752)
synthetic_009362/posterior_mean.pt
         232026 100%    9.52MB/s   00:00:00 (xfer#670, to-check=782/1752)
synthetic_009362/posterior_samples.pt
        3735552  15%    6.91MB/s   00:00:02        8585216  35%    9.15MB/s   00:00:01       12877824  52%    8.11MB/s   00:00:01       17858560  72%    8.92MB/s   00:00:00       22577152  92%    8.84MB/s   00:00:00       24657317 100%    8.38MB/s   00:00:02 (xfer#671, to-check=783/1752)
synthetic_009362/posterior_std.pt
         232019 100%  151.15MB/s   00:00:00 (xfer#672, to-check=784/1752)
synthetic_009362/posterior_variance.pt
         232054 100%   15.90MB/s   00:00:00 (xfer#673, to-check=785/1752)
synthetic_009363/
synthetic_009363/composite_mean.pt
         232026 100%   15.70MB/s   00:00:00 (xfer#674, to-check=787/1752)
synthetic_009363/metadata.json
           1798 100%    7.52MB/s   00:00:00 (xfer#675, to-check=788/1752)
synthetic_009363/posterior_mean.pt
         232026 100%    5.44MB/s   00:00:00 (xfer#676, to-check=789/1752)
synthetic_009363/posterior_samples.pt
        4653056  19%    8.66MB/s   00:00:02       10027008  41%   10.09MB/s   00:00:01       15138816  61%    9.64MB/s   00:00:00       19595264  79%    8.38MB/s   00:00:00       24657317 100%    9.24MB/s   00:00:02 (xfer#677, to-check=790/1752)
synthetic_009363/posterior_std.pt
         232019 100%  122.73MB/s   00:00:00 (xfer#678, to-check=791/1752)
synthetic_009363/posterior_variance.pt
         232054 100%  189.78MB/s   00:00:00 (xfer#679, to-check=792/1752)
synthetic_009364/
synthetic_009364/composite_mean.pt
         232026 100%   10.23MB/s   00:00:00 (xfer#680, to-check=794/1752)
synthetic_009364/metadata.json
           1799 100%   28.22MB/s   00:00:00 (xfer#681, to-check=795/1752)
synthetic_009364/posterior_mean.pt
         232026 100%   19.13MB/s   00:00:00 (xfer#682, to-check=796/1752)
synthetic_009364/posterior_samples.pt
        4915200  20%    9.08MB/s   00:00:02       10420224  42%   10.45MB/s   00:00:01       15794176  64%    9.97MB/s   00:00:00       21954560  89%   11.74MB/s   00:00:00       24657317 100%   10.21MB/s   00:00:02 (xfer#683, to-check=797/1752)
synthetic_009364/posterior_std.pt
         232019 100%  149.30MB/s   00:00:00 (xfer#684, to-check=798/1752)
synthetic_009364/posterior_variance.pt
         232054 100%  141.50MB/s   00:00:00 (xfer#685, to-check=799/1752)
synthetic_009365/
synthetic_009365/composite_mean.pt
         232026 100%  188.98MB/s   00:00:00 (xfer#686, to-check=801/1752)
synthetic_009365/metadata.json
           1798 100%   31.13MB/s   00:00:00 (xfer#687, to-check=802/1752)
synthetic_009365/posterior_mean.pt
         232026 100%   10.50MB/s   00:00:00 (xfer#688, to-check=803/1752)
synthetic_009365/posterior_samples.pt
        2490368  10%    4.51MB/s   00:00:04        7340032  30%    9.21MB/s   00:00:01       12713984  52%    9.88MB/s   00:00:01       18087936  73%   10.16MB/s   00:00:00       23986176  97%   11.00MB/s   00:00:00       24657317 100%    8.87MB/s   00:00:02 (xfer#689, to-check=804/1752)
synthetic_009365/posterior_std.pt
         232019 100%   76.04MB/s   00:00:00 (xfer#690, to-check=805/1752)
synthetic_009365/posterior_variance.pt
         232054 100%   60.83MB/s   00:00:00 (xfer#691, to-check=806/1752)
synthetic_009366/
synthetic_009366/composite_mean.pt
         232026 100%   96.76MB/s   00:00:00 (xfer#692, to-check=808/1752)
synthetic_009366/metadata.json
           1799 100%   31.84MB/s   00:00:00 (xfer#693, to-check=809/1752)
synthetic_009366/posterior_mean.pt
         232026 100%    6.23MB/s   00:00:00 (xfer#694, to-check=810/1752)
synthetic_009366/posterior_samples.pt
        5767168  23%   10.94MB/s   00:00:01       11665408  47%   10.79MB/s   00:00:01       17825792  72%   11.69MB/s   00:00:00       23592960  96%   10.68MB/s   00:00:00       24657317 100%   10.88MB/s   00:00:02 (xfer#695, to-check=811/1752)
synthetic_009366/posterior_std.pt
         232019 100%  142.85MB/s   00:00:00 (xfer#696, to-check=812/1752)
synthetic_009366/posterior_variance.pt
         232054 100%    8.13MB/s   00:00:00 (xfer#697, to-check=813/1752)
synthetic_009367/
synthetic_009367/composite_mean.pt
         232026 100%   61.55MB/s   00:00:00 (xfer#698, to-check=815/1752)
synthetic_009367/metadata.json
           1798 100%   26.34MB/s   00:00:00 (xfer#699, to-check=816/1752)
synthetic_009367/posterior_mean.pt
         232026 100%    5.49MB/s   00:00:00 (xfer#700, to-check=817/1752)
synthetic_009367/posterior_samples.pt
        5799936  24%   10.72MB/s   00:00:01       12091392  49%   11.75MB/s   00:00:01       18644992  76%   12.27MB/s   00:00:00       24657317 100%   11.56MB/s   00:00:02 (xfer#701, to-check=818/1752)
synthetic_009367/posterior_std.pt
         232019 100%  123.74MB/s   00:00:00 (xfer#702, to-check=819/1752)
synthetic_009367/posterior_variance.pt
         232054 100%  199.75MB/s   00:00:00 (xfer#703, to-check=820/1752)
synthetic_009368/
synthetic_009368/composite_mean.pt
         232026 100%    5.07MB/s   00:00:00 (xfer#704, to-check=822/1752)
synthetic_009368/metadata.json
           1800 100%   27.17MB/s   00:00:00 (xfer#705, to-check=823/1752)
synthetic_009368/posterior_mean.pt
         232026 100%   14.54MB/s   00:00:00 (xfer#706, to-check=824/1752)
synthetic_009368/posterior_samples.pt
        6619136  27%   12.44MB/s   00:00:01       13041664  53%   12.25MB/s   00:00:00       19857408  81%   12.94MB/s   00:00:00       24657317 100%   12.35MB/s   00:00:01 (xfer#707, to-check=825/1752)
synthetic_009368/posterior_std.pt
         232019 100%   72.45MB/s   00:00:00 (xfer#708, to-check=826/1752)
synthetic_009368/posterior_variance.pt
         232054 100%   10.01MB/s   00:00:00 (xfer#709, to-check=827/1752)
synthetic_009369/
synthetic_009369/composite_mean.pt
         232026 100%   47.97MB/s   00:00:00 (xfer#710, to-check=829/1752)
synthetic_009369/metadata.json
           1798 100%   23.50MB/s   00:00:00 (xfer#711, to-check=830/1752)
synthetic_009369/posterior_mean.pt
         232026 100%   13.11MB/s   00:00:00 (xfer#712, to-check=831/1752)
synthetic_009369/posterior_samples.pt
        6520832  26%   12.44MB/s   00:00:01       12451840  50%   11.21MB/s   00:00:01       16547840  67%    7.61MB/s   00:00:01       21135360  86%    8.74MB/s   00:00:00       24657317 100%    9.95MB/s   00:00:02 (xfer#713, to-check=832/1752)
synthetic_009369/posterior_std.pt
         232019 100%   76.28MB/s   00:00:00 (xfer#714, to-check=833/1752)
synthetic_009369/posterior_variance.pt
         232054 100%   51.06MB/s   00:00:00 (xfer#715, to-check=834/1752)
synthetic_009370/
synthetic_009370/composite_mean.pt
         232026 100%    9.54MB/s   00:00:00 (xfer#716, to-check=836/1752)
synthetic_009370/metadata.json
           1799 100%   20.44MB/s   00:00:00 (xfer#717, to-check=837/1752)
synthetic_009370/posterior_mean.pt
         232026 100%    4.45MB/s   00:00:00 (xfer#718, to-check=838/1752)
synthetic_009370/posterior_samples.pt
        4816896  20%    9.01MB/s   00:00:02        9666560  39%    8.82MB/s   00:00:01       15695872  64%   11.13MB/s   00:00:00       20938752  85%    9.83MB/s   00:00:00       24657317 100%    9.95MB/s   00:00:02 (xfer#719, to-check=839/1752)
synthetic_009370/posterior_std.pt
         232019 100%  186.10MB/s   00:00:00 (xfer#720, to-check=840/1752)
synthetic_009370/posterior_variance.pt
         232054 100%   15.56MB/s   00:00:00 (xfer#721, to-check=841/1752)
synthetic_009371/
synthetic_009371/composite_mean.pt
         232026 100%    8.68MB/s   00:00:00 (xfer#722, to-check=843/1752)
synthetic_009371/metadata.json
           1798 100%   37.26MB/s   00:00:00 (xfer#723, to-check=844/1752)
synthetic_009371/posterior_mean.pt
         232026 100%   23.55MB/s   00:00:00 (xfer#724, to-check=845/1752)
synthetic_009371/posterior_samples.pt
        5308416  22%   10.12MB/s   00:00:01       11337728  46%   11.30MB/s   00:00:01       16973824  69%   10.37MB/s   00:00:00       22740992  92%   10.64MB/s   00:00:00       24657317 100%   10.66MB/s   00:00:02 (xfer#725, to-check=846/1752)
synthetic_009371/posterior_std.pt
         232019 100%  127.47MB/s   00:00:00 (xfer#726, to-check=847/1752)
synthetic_009371/posterior_variance.pt
         232054 100%  378.25MB/s   00:00:00 (xfer#727, to-check=848/1752)
synthetic_009372/
synthetic_009372/composite_mean.pt
         232026 100%    9.92MB/s   00:00:00 (xfer#728, to-check=850/1752)
synthetic_009372/metadata.json
           1798 100%   34.41MB/s   00:00:00 (xfer#729, to-check=851/1752)
synthetic_009372/posterior_mean.pt
         232026 100%    8.63MB/s   00:00:00 (xfer#730, to-check=852/1752)
synthetic_009372/posterior_samples.pt
        6914048  28%   13.19MB/s   00:00:01       12189696  49%    9.85MB/s   00:00:01       18743296  76%   12.35MB/s   00:00:00       23855104  97%    9.02MB/s   00:00:00       24657317 100%   10.91MB/s   00:00:02 (xfer#731, to-check=853/1752)
synthetic_009372/posterior_std.pt
         232019 100%   80.70MB/s   00:00:00 (xfer#732, to-check=854/1752)
synthetic_009372/posterior_variance.pt
         232054 100%   14.60MB/s   00:00:00 (xfer#733, to-check=855/1752)
synthetic_009373/
synthetic_009373/composite_mean.pt
         232026 100%   42.95MB/s   00:00:00 (xfer#734, to-check=857/1752)
synthetic_009373/metadata.json
           1798 100%   21.99MB/s   00:00:00 (xfer#735, to-check=858/1752)
synthetic_009373/posterior_mean.pt
         232026 100%   22.56MB/s   00:00:00 (xfer#736, to-check=859/1752)
synthetic_009373/posterior_samples.pt
        6455296  26%   12.06MB/s   00:00:01       11042816  45%    8.73MB/s   00:00:01       17072128  69%   11.13MB/s   00:00:00       22970368  93%   11.10MB/s   00:00:00       24657317 100%   10.75MB/s   00:00:02 (xfer#737, to-check=860/1752)
synthetic_009373/posterior_std.pt
         232019 100%  106.22MB/s   00:00:00 (xfer#738, to-check=861/1752)
synthetic_009373/posterior_variance.pt
         232054 100%  171.67MB/s   00:00:00 (xfer#739, to-check=862/1752)
synthetic_009374/
synthetic_009374/composite_mean.pt
         232026 100%   16.59MB/s   00:00:00 (xfer#740, to-check=864/1752)
synthetic_009374/metadata.json
           1798 100%   32.40MB/s   00:00:00 (xfer#741, to-check=865/1752)
synthetic_009374/posterior_mean.pt
         232026 100%    9.83MB/s   00:00:00 (xfer#742, to-check=866/1752)
synthetic_009374/posterior_samples.pt
        5537792  22%   10.41MB/s   00:00:01       10911744  44%   10.13MB/s   00:00:01       17334272  70%   12.08MB/s   00:00:00       23101440  94%   10.19MB/s   00:00:00       24657317 100%   10.80MB/s   00:00:02 (xfer#743, to-check=867/1752)
synthetic_009374/posterior_std.pt
         232019 100%   19.24MB/s   00:00:00 (xfer#744, to-check=868/1752)
synthetic_009374/posterior_variance.pt
         232054 100%   12.06MB/s   00:00:00 (xfer#745, to-check=869/1752)
synthetic_009375/
synthetic_009375/composite_mean.pt
         232026 100%   23.01MB/s   00:00:00 (xfer#746, to-check=871/1752)
synthetic_009375/metadata.json
           1798 100%   21.66MB/s   00:00:00 (xfer#747, to-check=872/1752)
synthetic_009375/posterior_mean.pt
         232026 100%   10.75MB/s   00:00:00 (xfer#748, to-check=873/1752)
synthetic_009375/posterior_samples.pt
        6291456  26%   11.92MB/s   00:00:01       12058624  49%   10.83MB/s   00:00:01       18219008  74%   11.74MB/s   00:00:00       24117248  98%   11.20MB/s   00:00:00       24657317 100%   11.27MB/s   00:00:02 (xfer#749, to-check=874/1752)
synthetic_009375/posterior_std.pt
         232019 100%  200.80MB/s   00:00:00 (xfer#750, to-check=875/1752)
synthetic_009375/posterior_variance.pt
         232054 100%  284.47MB/s   00:00:00 (xfer#751, to-check=876/1752)
synthetic_009376/
synthetic_009376/composite_mean.pt
         232026 100%   48.16MB/s   00:00:00 (xfer#752, to-check=878/1752)
synthetic_009376/metadata.json
           1798 100%   32.40MB/s   00:00:00 (xfer#753, to-check=879/1752)
synthetic_009376/posterior_mean.pt
         232026 100%    8.84MB/s   00:00:00 (xfer#754, to-check=880/1752)
synthetic_009376/posterior_samples.pt
        6586368  27%   12.21MB/s   00:00:01       13139968  53%   12.43MB/s   00:00:00       18907136  77%   10.80MB/s   00:00:00       24657317 100%   11.74MB/s   00:00:02 (xfer#755, to-check=881/1752)
synthetic_009376/posterior_std.pt
         232019 100%   97.35MB/s   00:00:00 (xfer#756, to-check=882/1752)
synthetic_009376/posterior_variance.pt
         232054 100%  259.13MB/s   00:00:00 (xfer#757, to-check=883/1752)
synthetic_009377/
synthetic_009377/composite_mean.pt
         232026 100%   13.67MB/s   00:00:00 (xfer#758, to-check=885/1752)
synthetic_009377/metadata.json
           1798 100%   27.24MB/s   00:00:00 (xfer#759, to-check=886/1752)
synthetic_009377/posterior_mean.pt
         232026 100%   10.77MB/s   00:00:00 (xfer#760, to-check=887/1752)
synthetic_009377/posterior_samples.pt
        6717440  27%   12.66MB/s   00:00:01       11599872  47%    8.34MB/s   00:00:01       18022400  73%   12.13MB/s   00:00:00       23920640  97%   10.65MB/s   00:00:00       24657317 100%   10.96MB/s   00:00:02 (xfer#761, to-check=888/1752)
synthetic_009377/posterior_std.pt
         232019 100%   93.44MB/s   00:00:00 (xfer#762, to-check=889/1752)
synthetic_009377/posterior_variance.pt
         232054 100%   13.04MB/s   00:00:00 (xfer#763, to-check=890/1752)
synthetic_009378/
synthetic_009378/composite_mean.pt
         232026 100%   24.61MB/s   00:00:00 (xfer#764, to-check=892/1752)
synthetic_009378/metadata.json
           1798 100%   46.10MB/s   00:00:00 (xfer#765, to-check=893/1752)
synthetic_009378/posterior_mean.pt
         232026 100%   14.74MB/s   00:00:00 (xfer#766, to-check=894/1752)
synthetic_009378/posterior_samples.pt
        6160384  25%   11.50MB/s   00:00:01       13369344  54%   13.68MB/s   00:00:00       19791872  80%   12.03MB/s   00:00:00       24657317 100%   12.31MB/s   00:00:01 (xfer#767, to-check=895/1752)
synthetic_009378/posterior_std.pt
         232019 100%  238.21MB/s   00:00:00 (xfer#768, to-check=896/1752)
synthetic_009378/posterior_variance.pt
         232054 100%   36.97MB/s   00:00:00 (xfer#769, to-check=897/1752)
synthetic_009379/
synthetic_009379/composite_mean.pt
         232026 100%   10.93MB/s   00:00:00 (xfer#770, to-check=899/1752)
synthetic_009379/metadata.json
           1798 100%   30.09MB/s   00:00:00 (xfer#771, to-check=900/1752)
synthetic_009379/posterior_mean.pt
         232026 100%    8.57MB/s   00:00:00 (xfer#772, to-check=901/1752)
synthetic_009379/posterior_samples.pt
        6455296  26%   12.17MB/s   00:00:01       13008896  53%   12.29MB/s   00:00:00       19693568  80%   12.29MB/s   00:00:00       24657317 100%   12.06MB/s   00:00:01 (xfer#773, to-check=902/1752)
synthetic_009379/posterior_std.pt
         232019 100%  173.67MB/s   00:00:00 (xfer#774, to-check=903/1752)
synthetic_009379/posterior_variance.pt
         232054 100%   25.88MB/s   00:00:00 (xfer#775, to-check=904/1752)
synthetic_009380/
synthetic_009380/composite_mean.pt
         232026 100%   17.47MB/s   00:00:00 (xfer#776, to-check=906/1752)
synthetic_009380/metadata.json
           1798 100%   32.99MB/s   00:00:00 (xfer#777, to-check=907/1752)
synthetic_009380/posterior_mean.pt
         232026 100%   10.19MB/s   00:00:00 (xfer#778, to-check=908/1752)
synthetic_009380/posterior_samples.pt
        6062080  25%   11.39MB/s   00:00:01       10518528  43%    8.37MB/s   00:00:01       17465344  71%   13.16MB/s   00:00:00       24281088  98%   12.74MB/s   00:00:00       24657317 100%   11.25MB/s   00:00:02 (xfer#779, to-check=909/1752)
synthetic_009380/posterior_std.pt
         232019 100%   76.04MB/s   00:00:00 (xfer#780, to-check=910/1752)
synthetic_009380/posterior_variance.pt
         232054 100%  213.58MB/s   00:00:00 (xfer#781, to-check=911/1752)
synthetic_009381/
synthetic_009381/composite_mean.pt
         232026 100%   14.85MB/s   00:00:00 (xfer#782, to-check=913/1752)
synthetic_009381/metadata.json
           1797 100%   25.95MB/s   00:00:00 (xfer#783, to-check=914/1752)
synthetic_009381/posterior_mean.pt
         232026 100%   12.66MB/s   00:00:00 (xfer#784, to-check=915/1752)
synthetic_009381/posterior_samples.pt
        6684672  27%   12.71MB/s   00:00:01       13369344  54%   12.70MB/s   00:00:00       20054016  81%   12.70MB/s   00:00:00       24657317 100%   12.47MB/s   00:00:01 (xfer#785, to-check=916/1752)
synthetic_009381/posterior_std.pt
         232019 100%  113.71MB/s   00:00:00 (xfer#786, to-check=917/1752)
synthetic_009381/posterior_variance.pt
         232054 100%  162.13MB/s   00:00:00 (xfer#787, to-check=918/1752)
synthetic_009382/
synthetic_009382/composite_mean.pt
         232026 100%   51.38MB/s   00:00:00 (xfer#788, to-check=920/1752)
synthetic_009382/metadata.json
           1798 100%   31.68MB/s   00:00:00 (xfer#789, to-check=921/1752)
synthetic_009382/posterior_mean.pt
         232026 100%   10.45MB/s   00:00:00 (xfer#790, to-check=922/1752)
synthetic_009382/posterior_samples.pt
        6750208  27%   12.64MB/s   00:00:01       13565952  55%   12.81MB/s   00:00:00       20381696  83%   12.74MB/s   00:00:00       24657317 100%   12.41MB/s   00:00:01 (xfer#791, to-check=923/1752)
synthetic_009382/posterior_std.pt
         232019 100%  300.64MB/s   00:00:00 (xfer#792, to-check=924/1752)
synthetic_009382/posterior_variance.pt
         232054 100%   23.72MB/s   00:00:00 (xfer#793, to-check=925/1752)
synthetic_009383/
synthetic_009383/composite_mean.pt
         232026 100%   11.38MB/s   00:00:00 (xfer#794, to-check=927/1752)
synthetic_009383/metadata.json
           1796 100%   16.63MB/s   00:00:00 (xfer#795, to-check=928/1752)
synthetic_009383/posterior_mean.pt
         232026 100%    9.54MB/s   00:00:00 (xfer#796, to-check=929/1752)
synthetic_009383/posterior_samples.pt
        6782976  28%   12.86MB/s   00:00:01       13533184  55%   12.87MB/s   00:00:00       20119552  82%   12.56MB/s   00:00:00       24657317 100%   12.56MB/s   00:00:01 (xfer#797, to-check=930/1752)
synthetic_009383/posterior_std.pt
         232019 100%   71.31MB/s   00:00:00 (xfer#798, to-check=931/1752)
synthetic_009383/posterior_variance.pt
         232054 100%  196.03MB/s   00:00:00 (xfer#799, to-check=932/1752)
synthetic_009384/
synthetic_009384/composite_mean.pt
         232026 100%   12.49MB/s   00:00:00 (xfer#800, to-check=934/1752)
synthetic_009384/metadata.json
           1799 100%   30.11MB/s   00:00:00 (xfer#801, to-check=935/1752)
synthetic_009384/posterior_mean.pt
         232026 100%   20.07MB/s   00:00:00 (xfer#802, to-check=936/1752)
synthetic_009384/posterior_samples.pt
        6717440  27%   12.67MB/s   00:00:01       12681216  51%   11.34MB/s   00:00:01       18448384  75%   10.95MB/s   00:00:00       24657317 100%   11.79MB/s   00:00:01 (xfer#803, to-check=937/1752)
synthetic_009384/posterior_std.pt
         232019 100%   96.88MB/s   00:00:00 (xfer#804, to-check=938/1752)
synthetic_009384/posterior_variance.pt
         232054 100%   98.06MB/s   00:00:00 (xfer#805, to-check=939/1752)
synthetic_009385/
synthetic_009385/composite_mean.pt
         232026 100%   43.35MB/s   00:00:00 (xfer#806, to-check=941/1752)
synthetic_009385/metadata.json
           1799 100%    7.27MB/s   00:00:00 (xfer#807, to-check=942/1752)
synthetic_009385/posterior_mean.pt
         232026 100%    7.14MB/s   00:00:00 (xfer#808, to-check=943/1752)
synthetic_009385/posterior_samples.pt
        7012352  28%   13.22MB/s   00:00:01       13959168  57%   13.04MB/s   00:00:00       20643840  84%   12.72MB/s   00:00:00       24657317 100%   12.77MB/s   00:00:01 (xfer#809, to-check=944/1752)
synthetic_009385/posterior_std.pt
         232019 100%  164.03MB/s   00:00:00 (xfer#810, to-check=945/1752)
synthetic_009385/posterior_variance.pt
         232054 100%   67.49MB/s   00:00:00 (xfer#811, to-check=946/1752)
synthetic_009386/
synthetic_009386/composite_mean.pt
         232026 100%   11.85MB/s   00:00:00 (xfer#812, to-check=948/1752)
synthetic_009386/metadata.json
           1798 100%    9.80MB/s   00:00:00 (xfer#813, to-check=949/1752)
synthetic_009386/posterior_mean.pt
         232026 100%   10.61MB/s   00:00:00 (xfer#814, to-check=950/1752)
synthetic_009386/posterior_samples.pt
        6815744  28%   12.79MB/s   00:00:01       13565952  55%   12.87MB/s   00:00:00       20185088  82%   12.60MB/s   00:00:00       24657317 100%   11.94MB/s   00:00:01 (xfer#815, to-check=951/1752)
synthetic_009386/posterior_std.pt
         232019 100%  161.04MB/s   00:00:00 (xfer#816, to-check=952/1752)
synthetic_009386/posterior_variance.pt
         232054 100%    8.60MB/s   00:00:00 (xfer#817, to-check=953/1752)
synthetic_009387/
synthetic_009387/composite_mean.pt
         232026 100%   19.63MB/s   00:00:00 (xfer#818, to-check=955/1752)
synthetic_009387/metadata.json
           1799 100%    7.06MB/s   00:00:00 (xfer#819, to-check=956/1752)
synthetic_009387/posterior_mean.pt
         232026 100%   31.82MB/s   00:00:00 (xfer#820, to-check=957/1752)
synthetic_009387/posterior_samples.pt
        5799936  24%   10.54MB/s   00:00:01       12484608  51%   12.15MB/s   00:00:00       19431424  79%   13.15MB/s   00:00:00       24657317 100%   11.81MB/s   00:00:01 (xfer#821, to-check=958/1752)
synthetic_009387/posterior_std.pt
         232019 100%  163.80MB/s   00:00:00 (xfer#822, to-check=959/1752)
synthetic_009387/posterior_variance.pt
         232054 100%  139.98MB/s   00:00:00 (xfer#823, to-check=960/1752)
synthetic_009388/
synthetic_009388/composite_mean.pt
         232026 100%  211.12MB/s   00:00:00 (xfer#824, to-check=962/1752)
synthetic_009388/metadata.json
           1799 100%   25.61MB/s   00:00:00 (xfer#825, to-check=963/1752)
synthetic_009388/posterior_mean.pt
         232026 100%    8.04MB/s   00:00:00 (xfer#826, to-check=964/1752)
synthetic_009388/posterior_samples.pt
        6586368  27%   12.55MB/s   00:00:01       13533184  55%   13.24MB/s   00:00:00       20086784  81%   12.35MB/s   00:00:00       24657317 100%   12.63MB/s   00:00:01 (xfer#827, to-check=965/1752)
synthetic_009388/posterior_std.pt
         232019 100%  145.49MB/s   00:00:00 (xfer#828, to-check=966/1752)
synthetic_009388/posterior_variance.pt
         232054 100%  179.92MB/s   00:00:00 (xfer#829, to-check=967/1752)
synthetic_009389/
synthetic_009389/composite_mean.pt
         232026 100%   12.00MB/s   00:00:00 (xfer#830, to-check=969/1752)
synthetic_009389/metadata.json
           1800 100%   29.03MB/s   00:00:00 (xfer#831, to-check=970/1752)
synthetic_009389/posterior_mean.pt
         232026 100%   11.45MB/s   00:00:00 (xfer#832, to-check=971/1752)
synthetic_009389/posterior_samples.pt
        6782976  28%   12.72MB/s   00:00:01       13336576  54%   12.22MB/s   00:00:00       19234816  78%   11.25MB/s   00:00:00       24657317 100%   12.27MB/s   00:00:01 (xfer#833, to-check=972/1752)
synthetic_009389/posterior_std.pt
         232019 100%  113.76MB/s   00:00:00 (xfer#834, to-check=973/1752)
synthetic_009389/posterior_variance.pt
         232054 100%   79.66MB/s   00:00:00 (xfer#835, to-check=974/1752)
synthetic_009390/
synthetic_009390/composite_mean.pt
         232026 100%   10.30MB/s   00:00:00 (xfer#836, to-check=976/1752)
synthetic_009390/metadata.json
           1798 100%   27.66MB/s   00:00:00 (xfer#837, to-check=977/1752)
synthetic_009390/posterior_mean.pt
         232026 100%   20.20MB/s   00:00:00 (xfer#838, to-check=978/1752)
synthetic_009390/posterior_samples.pt
        6684672  27%   12.64MB/s   00:00:01       13238272  54%   12.47MB/s   00:00:00       20054016  81%   12.96MB/s   00:00:00       24657317 100%   12.49MB/s   00:00:01 (xfer#839, to-check=979/1752)
synthetic_009390/posterior_std.pt
         232019 100%   96.66MB/s   00:00:00 (xfer#840, to-check=980/1752)
synthetic_009390/posterior_variance.pt
         232054 100%  120.33MB/s   00:00:00 (xfer#841, to-check=981/1752)
synthetic_009391/
synthetic_009391/composite_mean.pt
         232026 100%   20.88MB/s   00:00:00 (xfer#842, to-check=983/1752)
synthetic_009391/metadata.json
           1798 100%   38.88MB/s   00:00:00 (xfer#843, to-check=984/1752)
synthetic_009391/posterior_mean.pt
         232026 100%   11.33MB/s   00:00:00 (xfer#844, to-check=985/1752)
synthetic_009391/posterior_samples.pt
        6455296  26%   11.98MB/s   00:00:01       13402112  54%   13.11MB/s   00:00:00       20217856  82%   12.98MB/s   00:00:00       24657317 100%   12.45MB/s   00:00:01 (xfer#845, to-check=986/1752)
synthetic_009391/posterior_std.pt
         232019 100%   75.71MB/s   00:00:00 (xfer#846, to-check=987/1752)
synthetic_009391/posterior_variance.pt
         232054 100%  134.29MB/s   00:00:00 (xfer#847, to-check=988/1752)
synthetic_009392/
synthetic_009392/composite_mean.pt
         232026 100%   30.53MB/s   00:00:00 (xfer#848, to-check=990/1752)
synthetic_009392/metadata.json
           1800 100%   26.87MB/s   00:00:00 (xfer#849, to-check=991/1752)
synthetic_009392/posterior_mean.pt
         232026 100%   10.01MB/s   00:00:00 (xfer#850, to-check=992/1752)
synthetic_009392/posterior_samples.pt
        6684672  27%   12.74MB/s   00:00:01       13434880  54%   12.87MB/s   00:00:00       20054016  81%   12.57MB/s   00:00:00       24657317 100%   12.57MB/s   00:00:01 (xfer#851, to-check=993/1752)
synthetic_009392/posterior_std.pt
         232019 100%  254.34MB/s   00:00:00 (xfer#852, to-check=994/1752)
synthetic_009392/posterior_variance.pt
         232054 100%   20.48MB/s   00:00:00 (xfer#853, to-check=995/1752)
synthetic_009393/
synthetic_009393/composite_mean.pt
         232026 100%   22.10MB/s   00:00:00 (xfer#854, to-check=997/1752)
synthetic_009393/metadata.json
           1798 100%   39.09MB/s   00:00:00 (xfer#855, to-check=998/1752)
synthetic_009393/posterior_mean.pt
         232026 100%   10.38MB/s   00:00:00 (xfer#856, to-check=999/1752)
synthetic_009393/posterior_samples.pt
        6651904  27%   12.61MB/s   00:00:01       13074432  53%   12.15MB/s   00:00:00       19759104  80%   12.74MB/s   00:00:00       24657317 100%   12.41MB/s   00:00:01 (xfer#857, to-check=1000/1752)
synthetic_009393/posterior_std.pt
         232019 100%  198.43MB/s   00:00:00 (xfer#858, to-check=1001/1752)
synthetic_009393/posterior_variance.pt
         232054 100%   17.58MB/s   00:00:00 (xfer#859, to-check=1002/1752)
synthetic_009394/
synthetic_009394/composite_mean.pt
         232026 100%   10.86MB/s   00:00:00 (xfer#860, to-check=1004/1752)
synthetic_009394/metadata.json
           1797 100%   39.93MB/s   00:00:00 (xfer#861, to-check=1005/1752)
synthetic_009394/posterior_mean.pt
         232026 100%   27.51MB/s   00:00:00 (xfer#862, to-check=1006/1752)
synthetic_009394/posterior_samples.pt
        6586368  27%   12.55MB/s   00:00:01       13303808  54%   12.81MB/s   00:00:00       20021248  81%   12.81MB/s   00:00:00       24657317 100%   12.48MB/s   00:00:01 (xfer#863, to-check=1007/1752)
synthetic_009394/posterior_std.pt
         232019 100%  197.93MB/s   00:00:00 (xfer#864, to-check=1008/1752)
synthetic_009394/posterior_variance.pt
         232054 100%   26.07MB/s   00:00:00 (xfer#865, to-check=1009/1752)
synthetic_009395/
synthetic_009395/composite_mean.pt
         232026 100%   14.41MB/s   00:00:00 (xfer#866, to-check=1011/1752)
synthetic_009395/metadata.json
           1798 100%   22.27MB/s   00:00:00 (xfer#867, to-check=1012/1752)
synthetic_009395/posterior_mean.pt
         232026 100%   14.82MB/s   00:00:00 (xfer#868, to-check=1013/1752)
synthetic_009395/posterior_samples.pt
        5505024  22%   10.43MB/s   00:00:01       11927552  48%   12.04MB/s   00:00:01       18612224  75%   12.67MB/s   00:00:00       24657317 100%   11.76MB/s   00:00:01 (xfer#869, to-check=1014/1752)
synthetic_009395/posterior_std.pt
         232019 100%  140.13MB/s   00:00:00 (xfer#870, to-check=1015/1752)
synthetic_009395/posterior_variance.pt
         232054 100%  121.86MB/s   00:00:00 (xfer#871, to-check=1016/1752)
synthetic_009396/
synthetic_009396/composite_mean.pt
         232026 100%   15.04MB/s   00:00:00 (xfer#872, to-check=1018/1752)
synthetic_009396/metadata.json
           1796 100%   25.94MB/s   00:00:00 (xfer#873, to-check=1019/1752)
synthetic_009396/posterior_mean.pt
         232026 100%   15.39MB/s   00:00:00 (xfer#874, to-check=1020/1752)
synthetic_009396/posterior_samples.pt
        6750208  27%   12.66MB/s   00:00:01       13565952  55%   12.72MB/s   00:00:00       20381696  83%   12.78MB/s   00:00:00       24657317 100%   12.51MB/s   00:00:01 (xfer#875, to-check=1021/1752)
synthetic_009396/posterior_std.pt
         232019 100%  156.93MB/s   00:00:00 (xfer#876, to-check=1022/1752)
synthetic_009396/posterior_variance.pt
         232054 100%  223.29MB/s   00:00:00 (xfer#877, to-check=1023/1752)
synthetic_009397/
synthetic_009397/composite_mean.pt
         232026 100%   14.46MB/s   00:00:00 (xfer#878, to-check=1025/1752)
synthetic_009397/metadata.json
           1798 100%   38.88MB/s   00:00:00 (xfer#879, to-check=1026/1752)
synthetic_009397/posterior_mean.pt
         232026 100%   11.19MB/s   00:00:00 (xfer#880, to-check=1027/1752)
synthetic_009397/posterior_samples.pt
        6815744  28%   12.78MB/s   00:00:01       13500416  55%   12.71MB/s   00:00:00       20316160  82%   12.82MB/s   00:00:00       24657317 100%   12.61MB/s   00:00:01 (xfer#881, to-check=1028/1752)
synthetic_009397/posterior_std.pt
         232019 100%  107.67MB/s   00:00:00 (xfer#882, to-check=1029/1752)
synthetic_009397/posterior_variance.pt
         232054 100%   17.91MB/s   00:00:00 (xfer#883, to-check=1030/1752)
synthetic_009398/
synthetic_009398/composite_mean.pt
         232026 100%   19.52MB/s   00:00:00 (xfer#884, to-check=1032/1752)
synthetic_009398/metadata.json
           1798 100%   41.81MB/s   00:00:00 (xfer#885, to-check=1033/1752)
synthetic_009398/posterior_mean.pt
         232026 100%   12.05MB/s   00:00:00 (xfer#886, to-check=1034/1752)
synthetic_009398/posterior_samples.pt
        6684672  27%   12.65MB/s   00:00:01       13107200  53%   12.06MB/s   00:00:00       19791872  80%   12.75MB/s   00:00:00       24657317 100%   12.38MB/s   00:00:01 (xfer#887, to-check=1035/1752)
synthetic_009398/posterior_std.pt
         232019 100%  116.27MB/s   00:00:00 (xfer#888, to-check=1036/1752)
synthetic_009398/posterior_variance.pt
         232054 100%   14.85MB/s   00:00:00 (xfer#889, to-check=1037/1752)
synthetic_009399/
synthetic_009399/composite_mean.pt
         232026 100%   47.95MB/s   00:00:00 (xfer#890, to-check=1039/1752)
synthetic_009399/metadata.json
           1799 100%   33.63MB/s   00:00:00 (xfer#891, to-check=1040/1752)
synthetic_009399/posterior_mean.pt
         232026 100%    8.18MB/s   00:00:00 (xfer#892, to-check=1041/1752)
synthetic_009399/posterior_samples.pt
        6815744  28%   12.80MB/s   00:00:01       13500416  55%   12.73MB/s   00:00:00       20185088  82%   12.74MB/s   00:00:00       24657317 100%   12.57MB/s   00:00:01 (xfer#893, to-check=1042/1752)
synthetic_009399/posterior_std.pt
         232019 100%  222.40MB/s   00:00:00 (xfer#894, to-check=1043/1752)
synthetic_009399/posterior_variance.pt
         232054 100%  250.87MB/s   00:00:00 (xfer#895, to-check=1044/1752)
synthetic_009400/
synthetic_009400/composite_mean.pt
         232026 100%   12.92MB/s   00:00:00 (xfer#896, to-check=1046/1752)
synthetic_009400/metadata.json
           1800 100%   40.91MB/s   00:00:00 (xfer#897, to-check=1047/1752)
synthetic_009400/posterior_mean.pt
         232026 100%   11.91MB/s   00:00:00 (xfer#898, to-check=1048/1752)
synthetic_009400/posterior_samples.pt
        6684672  27%   12.48MB/s   00:00:01       13631488  55%   13.02MB/s   00:00:00       19398656  79%   10.50MB/s   00:00:00       24657317 100%   11.37MB/s   00:00:02 (xfer#899, to-check=1049/1752)
synthetic_009400/posterior_std.pt
         232019 100%  130.55MB/s   00:00:00 (xfer#900, to-check=1050/1752)
synthetic_009400/posterior_variance.pt
         232054 100%   46.33MB/s   00:00:00 (xfer#901, to-check=1051/1752)
synthetic_009401/
synthetic_009401/composite_mean.pt
         232026 100%   31.04MB/s   00:00:00 (xfer#902, to-check=1053/1752)
synthetic_009401/metadata.json
           1801 100%   27.71MB/s   00:00:00 (xfer#903, to-check=1054/1752)
synthetic_009401/posterior_mean.pt
         232026 100%   22.94MB/s   00:00:00 (xfer#904, to-check=1055/1752)
synthetic_009401/posterior_samples.pt
        6848512  28%   12.97MB/s   00:00:01       13565952  55%   12.81MB/s   00:00:00       20348928  83%   12.55MB/s   00:00:00       24657317 100%   12.10MB/s   00:00:01 (xfer#905, to-check=1056/1752)
synthetic_009401/posterior_std.pt
         232019 100%  116.65MB/s   00:00:00 (xfer#906, to-check=1057/1752)
synthetic_009401/posterior_variance.pt
         232054 100%    7.82MB/s   00:00:00 (xfer#907, to-check=1058/1752)
synthetic_009402/
synthetic_009402/composite_mean.pt
         232026 100%   11.70MB/s   00:00:00 (xfer#908, to-check=1060/1752)
synthetic_009402/metadata.json
           1800 100%   30.13MB/s   00:00:00 (xfer#909, to-check=1061/1752)
synthetic_009402/posterior_mean.pt
         232026 100%   41.77MB/s   00:00:00 (xfer#910, to-check=1062/1752)
synthetic_009402/posterior_samples.pt
        6455296  26%   12.29MB/s   00:00:01       13139968  53%   12.71MB/s   00:00:00       20185088  82%   13.15MB/s   00:00:00       24657317 100%   12.59MB/s   00:00:01 (xfer#911, to-check=1063/1752)
synthetic_009402/posterior_std.pt
         232019 100%  133.54MB/s   00:00:00 (xfer#912, to-check=1064/1752)
synthetic_009402/posterior_variance.pt
         232054 100%   36.88MB/s   00:00:00 (xfer#913, to-check=1065/1752)
synthetic_009403/
synthetic_009403/composite_mean.pt
         232026 100%   11.88MB/s   00:00:00 (xfer#914, to-check=1067/1752)
synthetic_009403/metadata.json
           1800 100%   29.63MB/s   00:00:00 (xfer#915, to-check=1068/1752)
synthetic_009403/posterior_mean.pt
         232026 100%   10.40MB/s   00:00:00 (xfer#916, to-check=1069/1752)
synthetic_009403/posterior_samples.pt
        6782976  28%   12.77MB/s   00:00:01       13205504  54%   12.24MB/s   00:00:00       19890176  81%   12.55MB/s   00:00:00       24657317 100%   12.34MB/s   00:00:01 (xfer#917, to-check=1070/1752)
synthetic_009403/posterior_std.pt
         232019 100%   94.08MB/s   00:00:00 (xfer#918, to-check=1071/1752)
synthetic_009403/posterior_variance.pt
         232054 100%  223.13MB/s   00:00:00 (xfer#919, to-check=1072/1752)
synthetic_009404/
synthetic_009404/composite_mean.pt
         232026 100%   12.68MB/s   00:00:00 (xfer#920, to-check=1074/1752)
synthetic_009404/metadata.json
           1799 100%   28.11MB/s   00:00:00 (xfer#921, to-check=1075/1752)
synthetic_009404/posterior_mean.pt
         232026 100%   20.93MB/s   00:00:00 (xfer#922, to-check=1076/1752)
synthetic_009404/posterior_samples.pt
        6291456  26%   11.97MB/s   00:00:01       13369344  54%   13.34MB/s   00:00:00       20054016  81%   12.70MB/s   00:00:00       24657317 100%    8.64MB/s   00:00:00       24657317 100%   11.44MB/s   00:00:02 (xfer#923, to-check=1077/1752)
synthetic_009404/posterior_std.pt
         232019 100%   89.73MB/s   00:00:00 (xfer#924, to-check=1078/1752)
synthetic_009404/posterior_variance.pt
         232054 100%  164.90MB/s   00:00:00 (xfer#925, to-check=1079/1752)
synthetic_009405/
synthetic_009405/composite_mean.pt
         232026 100%   12.02MB/s   00:00:00 (xfer#926, to-check=1081/1752)
synthetic_009405/metadata.json
           1800 100%   26.47MB/s   00:00:00 (xfer#927, to-check=1082/1752)
synthetic_009405/posterior_mean.pt
         232026 100%   17.34MB/s   00:00:00 (xfer#928, to-check=1083/1752)
synthetic_009405/posterior_samples.pt
        5505024  22%   10.04MB/s   00:00:01       11796480  48%   11.36MB/s   00:00:01       18087936  73%   11.97MB/s   00:00:00       24117248  98%   11.35MB/s   00:00:00       24657317 100%   11.08MB/s   00:00:02 (xfer#929, to-check=1084/1752)
synthetic_009405/posterior_std.pt
         232019 100%  103.15MB/s   00:00:00 (xfer#930, to-check=1085/1752)
synthetic_009405/posterior_variance.pt
         232054 100%   67.24MB/s   00:00:00 (xfer#931, to-check=1086/1752)
synthetic_009406/
synthetic_009406/composite_mean.pt
         232026 100%   39.68MB/s   00:00:00 (xfer#932, to-check=1088/1752)
synthetic_009406/metadata.json
           1800 100%   36.36MB/s   00:00:00 (xfer#933, to-check=1089/1752)
synthetic_009406/posterior_mean.pt
         232026 100%    7.42MB/s   00:00:00 (xfer#934, to-check=1090/1752)
synthetic_009406/posterior_samples.pt
        6520832  26%   12.39MB/s   00:00:01       12812288  52%   11.81MB/s   00:00:00       19234816  78%   12.03MB/s   00:00:00       24657317 100%   12.06MB/s   00:00:01 (xfer#935, to-check=1091/1752)
synthetic_009406/posterior_std.pt
         232019 100%  153.12MB/s   00:00:00 (xfer#936, to-check=1092/1752)
synthetic_009406/posterior_variance.pt
         232054 100%   14.85MB/s   00:00:00 (xfer#937, to-check=1093/1752)
synthetic_009407/
synthetic_009407/composite_mean.pt
         232026 100%   13.09MB/s   00:00:00 (xfer#938, to-check=1095/1752)
synthetic_009407/metadata.json
           1799 100%   45.26MB/s   00:00:00 (xfer#939, to-check=1096/1752)
synthetic_009407/posterior_mean.pt
         232026 100%   83.44MB/s   00:00:00 (xfer#940, to-check=1097/1752)
synthetic_009407/posterior_samples.pt
        6586368  27%   12.40MB/s   00:00:01       12288000  50%   10.87MB/s   00:00:01       18907136  77%   12.57MB/s   00:00:00       24657317 100%   11.99MB/s   00:00:01 (xfer#941, to-check=1098/1752)
synthetic_009407/posterior_std.pt
         232019 100%  148.90MB/s   00:00:00 (xfer#942, to-check=1099/1752)
synthetic_009407/posterior_variance.pt
         232054 100%   48.77MB/s   00:00:00 (xfer#943, to-check=1100/1752)
synthetic_009408/
synthetic_009408/composite_mean.pt
         232026 100%    9.41MB/s   00:00:00 (xfer#944, to-check=1102/1752)
synthetic_009408/metadata.json
           1799 100%   41.84MB/s   00:00:00 (xfer#945, to-check=1103/1752)
synthetic_009408/posterior_mean.pt
         232026 100%   41.36MB/s   00:00:00 (xfer#946, to-check=1104/1752)
synthetic_009408/posterior_samples.pt
        6848512  28%   12.98MB/s   00:00:01       13008896  53%   11.59MB/s   00:00:00       19824640  80%   12.58MB/s   00:00:00       24657317 100%   12.38MB/s   00:00:01 (xfer#947, to-check=1105/1752)
synthetic_009408/posterior_std.pt
         232019 100%  159.66MB/s   00:00:00 (xfer#948, to-check=1106/1752)
synthetic_009408/posterior_variance.pt
         232054 100%  291.62MB/s   00:00:00 (xfer#949, to-check=1107/1752)
synthetic_009409/
synthetic_009409/composite_mean.pt
         232026 100%    8.66MB/s   00:00:00 (xfer#950, to-check=1109/1752)
synthetic_009409/metadata.json
           1799 100%   35.10MB/s   00:00:00 (xfer#951, to-check=1110/1752)
synthetic_009409/posterior_mean.pt
         232026 100%   16.04MB/s   00:00:00 (xfer#952, to-check=1111/1752)
synthetic_009409/posterior_samples.pt
        6324224  26%   11.97MB/s   00:00:01       12615680  51%   11.83MB/s   00:00:00       19431424  79%   12.96MB/s   00:00:00       24657317 100%   12.23MB/s   00:00:01 (xfer#953, to-check=1112/1752)
synthetic_009409/posterior_std.pt
         232019 100%  108.04MB/s   00:00:00 (xfer#954, to-check=1113/1752)
synthetic_009409/posterior_variance.pt
         232054 100%   14.24MB/s   00:00:00 (xfer#955, to-check=1114/1752)
synthetic_009410/
synthetic_009410/composite_mean.pt
         232026 100%   18.41MB/s   00:00:00 (xfer#956, to-check=1116/1752)
synthetic_009410/metadata.json
           1799 100%    7.98MB/s   00:00:00 (xfer#957, to-check=1117/1752)
synthetic_009410/posterior_mean.pt
         232026 100%   26.60MB/s   00:00:00 (xfer#958, to-check=1118/1752)
synthetic_009410/posterior_samples.pt
        5505024  22%   10.49MB/s   00:00:01       10092544  41%    8.74MB/s   00:00:01       15073280  61%    9.49MB/s   00:00:00       20840448  85%   10.95MB/s   00:00:00       24657317 100%   10.00MB/s   00:00:02 (xfer#959, to-check=1119/1752)
synthetic_009410/posterior_std.pt
         232019 100%   39.64MB/s   00:00:00 (xfer#960, to-check=1120/1752)
synthetic_009410/posterior_variance.pt
         232054 100%   19.59MB/s   00:00:00 (xfer#961, to-check=1121/1752)
synthetic_009411/
synthetic_009411/composite_mean.pt
         232026 100%   28.30MB/s   00:00:00 (xfer#962, to-check=1123/1752)
synthetic_009411/metadata.json
           1800 100%    8.67MB/s   00:00:00 (xfer#963, to-check=1124/1752)
synthetic_009411/posterior_mean.pt
         232026 100%   18.55MB/s   00:00:00 (xfer#964, to-check=1125/1752)
synthetic_009411/posterior_samples.pt
        5636096  23%   10.23MB/s   00:00:01       11796480  48%   11.47MB/s   00:00:01       17825792  72%   11.45MB/s   00:00:00       24379392  99%   12.31MB/s   00:00:00       24657317 100%   11.23MB/s   00:00:02 (xfer#965, to-check=1126/1752)
synthetic_009411/posterior_std.pt
         232019 100%  141.13MB/s   00:00:00 (xfer#966, to-check=1127/1752)
synthetic_009411/posterior_variance.pt
         232054 100%   31.35MB/s   00:00:00 (xfer#967, to-check=1128/1752)
synthetic_009412/
synthetic_009412/composite_mean.pt
         232026 100%   43.30MB/s   00:00:00 (xfer#968, to-check=1130/1752)
synthetic_009412/metadata.json
           1799 100%    7.31MB/s   00:00:00 (xfer#969, to-check=1131/1752)
synthetic_009412/posterior_mean.pt
         232026 100%   28.79MB/s   00:00:00 (xfer#970, to-check=1132/1752)
synthetic_009412/posterior_samples.pt
        4947968  20%    9.34MB/s   00:00:02       11501568  47%   12.18MB/s   00:00:01       12288000  50%  839.74KB/s   00:00:14       20512768  83%   15.56MB/s   00:00:00       24657317 100%    8.47MB/s   00:00:02 (xfer#971, to-check=1133/1752)
synthetic_009412/posterior_std.pt
         232019 100%  150.64MB/s   00:00:00 (xfer#972, to-check=1134/1752)
synthetic_009412/posterior_variance.pt
         232054 100%  280.51MB/s   00:00:00 (xfer#973, to-check=1135/1752)
synthetic_009413/
synthetic_009413/composite_mean.pt
         232026 100%   18.22MB/s   00:00:00 (xfer#974, to-check=1137/1752)
synthetic_009413/metadata.json
           1799 100%    7.59MB/s   00:00:00 (xfer#975, to-check=1138/1752)
synthetic_009413/posterior_mean.pt
         232026 100%   21.85MB/s   00:00:00 (xfer#976, to-check=1139/1752)
synthetic_009413/posterior_samples.pt
        4456448  18%    8.45MB/s   00:00:02        9830400  40%   10.14MB/s   00:00:01       15204352  62%   10.00MB/s   00:00:00       19791872  80%    8.74MB/s   00:00:00       24657317 100%    9.61MB/s   00:00:02 (xfer#977, to-check=1140/1752)
synthetic_009413/posterior_std.pt
         232019 100%  155.17MB/s   00:00:00 (xfer#978, to-check=1141/1752)
synthetic_009413/posterior_variance.pt
         232054 100%   14.70MB/s   00:00:00 (xfer#979, to-check=1142/1752)
synthetic_009414/
synthetic_009414/composite_mean.pt
         232026 100%   35.25MB/s   00:00:00 (xfer#980, to-check=1144/1752)
synthetic_009414/metadata.json
           1799 100%    8.41MB/s   00:00:00 (xfer#981, to-check=1145/1752)
synthetic_009414/posterior_mean.pt
         232026 100%    7.89MB/s   00:00:00 (xfer#982, to-check=1146/1752)
synthetic_009414/posterior_samples.pt
        5931008  24%   11.30MB/s   00:00:01       12288000  50%   12.03MB/s   00:00:00       18972672  77%   12.28MB/s   00:00:00       24657317 100%   11.87MB/s   00:00:01 (xfer#983, to-check=1147/1752)
synthetic_009414/posterior_std.pt
         232019 100%   19.19MB/s   00:00:00 (xfer#984, to-check=1148/1752)
synthetic_009414/posterior_variance.pt
         232054 100%   22.90MB/s   00:00:00 (xfer#985, to-check=1149/1752)
synthetic_009415/
synthetic_009415/composite_mean.pt
         232026 100%   15.25MB/s   00:00:00 (xfer#986, to-check=1151/1752)
synthetic_009415/metadata.json
           1799 100%    9.23MB/s   00:00:00 (xfer#987, to-check=1152/1752)
synthetic_009415/posterior_mean.pt
         232026 100%  121.53MB/s   00:00:00 (xfer#988, to-check=1153/1752)
synthetic_009415/posterior_samples.pt
        4718592  19%    8.91MB/s   00:00:02        9830400  40%    9.74MB/s   00:00:01       15073280  61%    9.60MB/s   00:00:00       20316160  82%    9.84MB/s   00:00:00       24657317 100%    9.56MB/s   00:00:02 (xfer#989, to-check=1154/1752)
synthetic_009415/posterior_std.pt
         232019 100%  157.38MB/s   00:00:00 (xfer#990, to-check=1155/1752)
synthetic_009415/posterior_variance.pt
         232054 100%   10.64MB/s   00:00:00 (xfer#991, to-check=1156/1752)
synthetic_009416/
synthetic_009416/composite_mean.pt
         232026 100%   87.39MB/s   00:00:00 (xfer#992, to-check=1158/1752)
synthetic_009416/metadata.json
           1799 100%    7.49MB/s   00:00:00 (xfer#993, to-check=1159/1752)
synthetic_009416/posterior_mean.pt
         232026 100%    9.49MB/s   00:00:00 (xfer#994, to-check=1160/1752)
synthetic_009416/posterior_samples.pt
        5111808  21%    9.58MB/s   00:00:01       10878976  44%   10.82MB/s   00:00:01       16384000  66%   10.50MB/s   00:00:00       22151168  90%   10.72MB/s   00:00:00       24657317 100%   10.33MB/s   00:00:02 (xfer#995, to-check=1161/1752)
synthetic_009416/posterior_std.pt
         232019 100%  149.59MB/s   00:00:00 (xfer#996, to-check=1162/1752)
synthetic_009416/posterior_variance.pt
         232054 100%    9.47MB/s   00:00:00 (xfer#997, to-check=1163/1752)
synthetic_009417/
synthetic_009417/composite_mean.pt
         232026 100%   37.88MB/s   00:00:00 (xfer#998, to-check=1165/1752)
synthetic_009417/metadata.json
           1800 100%    6.43MB/s   00:00:00 (xfer#999, to-check=1166/1752)
synthetic_009417/posterior_mean.pt
         232026 100%   13.98MB/s   00:00:00 (xfer#1000, to-check=1167/1752)
synthetic_009417/posterior_samples.pt
        4423680  18%    8.33MB/s   00:00:02        8749056  35%    8.25MB/s   00:00:01       14123008  57%    9.17MB/s   00:00:01       19759104  80%   10.56MB/s   00:00:00       24657317 100%    9.14MB/s   00:00:02 (xfer#1001, to-check=1168/1752)
synthetic_009417/posterior_std.pt
         232019 100%  169.95MB/s   00:00:00 (xfer#1002, to-check=1169/1752)
synthetic_009417/posterior_variance.pt
         232054 100%   15.36MB/s   00:00:00 (xfer#1003, to-check=1170/1752)
synthetic_009418/
synthetic_009418/composite_mean.pt
         232026 100%    9.58MB/s   00:00:00 (xfer#1004, to-check=1172/1752)
synthetic_009418/metadata.json
           1800 100%    9.44MB/s   00:00:00 (xfer#1005, to-check=1173/1752)
synthetic_009418/posterior_mean.pt
         232026 100%   36.29MB/s   00:00:00 (xfer#1006, to-check=1174/1752)
synthetic_009418/posterior_samples.pt
        5373952  22%    9.94MB/s   00:00:01       10813440  44%   10.37MB/s   00:00:01       15073280  61%    8.11MB/s   00:00:01       21102592  86%   11.40MB/s   00:00:00       24657317 100%   10.03MB/s   00:00:02 (xfer#1007, to-check=1175/1752)
synthetic_009418/posterior_std.pt
         232019 100%  163.42MB/s   00:00:00 (xfer#1008, to-check=1176/1752)
synthetic_009418/posterior_variance.pt
         232054 100%   28.68MB/s   00:00:00 (xfer#1009, to-check=1177/1752)
synthetic_009419/
synthetic_009419/composite_mean.pt
         232026 100%   10.92MB/s   00:00:00 (xfer#1010, to-check=1179/1752)
synthetic_009419/metadata.json
           1800 100%    7.40MB/s   00:00:00 (xfer#1011, to-check=1180/1752)
synthetic_009419/posterior_mean.pt
         232026 100%    7.78MB/s   00:00:00 (xfer#1012, to-check=1181/1752)
synthetic_009419/posterior_samples.pt
        5931008  24%   11.27MB/s   00:00:01       12091392  49%   11.60MB/s   00:00:01       16973824  69%    8.02MB/s   00:00:00       21430272  87%    8.47MB/s   00:00:00       24657317 100%    9.58MB/s   00:00:02 (xfer#1013, to-check=1182/1752)
synthetic_009419/posterior_std.pt
         232019 100%  144.34MB/s   00:00:00 (xfer#1014, to-check=1183/1752)
synthetic_009419/posterior_variance.pt
         232054 100%  175.37MB/s   00:00:00 (xfer#1015, to-check=1184/1752)
synthetic_009420/
synthetic_009420/composite_mean.pt
         232026 100%    5.61MB/s   00:00:00 (xfer#1016, to-check=1186/1752)
synthetic_009420/metadata.json
           1800 100%    7.83MB/s   00:00:00 (xfer#1017, to-check=1187/1752)
synthetic_009420/posterior_mean.pt
         232026 100%   24.23MB/s   00:00:00 (xfer#1018, to-check=1188/1752)
synthetic_009420/posterior_samples.pt
        4980736  20%    9.06MB/s   00:00:02       10354688  42%   10.13MB/s   00:00:01       15990784  65%   10.62MB/s   00:00:00       21757952  88%   10.97MB/s   00:00:00       24657317 100%   10.19MB/s   00:00:02 (xfer#1019, to-check=1189/1752)
synthetic_009420/posterior_std.pt
         232019 100%  169.42MB/s   00:00:00 (xfer#1020, to-check=1190/1752)
synthetic_009420/posterior_variance.pt
         232054 100%   18.40MB/s   00:00:00 (xfer#1021, to-check=1191/1752)
synthetic_009421/
synthetic_009421/composite_mean.pt
         232026 100%    2.89MB/s   00:00:00 (xfer#1022, to-check=1193/1752)
synthetic_009421/metadata.json
           1799 100%    6.19MB/s   00:00:00 (xfer#1023, to-check=1194/1752)
synthetic_009421/posterior_mean.pt
         232026 100%   10.77MB/s   00:00:00 (xfer#1024, to-check=1195/1752)
synthetic_009421/posterior_samples.pt
        5373952  22%   10.01MB/s   00:00:01       11534336  47%   11.40MB/s   00:00:01       17956864  73%   11.88MB/s   00:00:00       24248320  98%   11.87MB/s   00:00:00       24657317 100%   11.12MB/s   00:00:02 (xfer#1025, to-check=1196/1752)
synthetic_009421/posterior_std.pt
         232019 100%  180.07MB/s   00:00:00 (xfer#1026, to-check=1197/1752)
synthetic_009421/posterior_variance.pt
         232054 100%  108.11MB/s   00:00:00 (xfer#1027, to-check=1198/1752)
synthetic_009422/
synthetic_009422/composite_mean.pt
         232026 100%    8.50MB/s   00:00:00 (xfer#1028, to-check=1200/1752)
synthetic_009422/metadata.json
           1801 100%    8.63MB/s   00:00:00 (xfer#1029, to-check=1201/1752)
synthetic_009422/posterior_mean.pt
         232026 100%   20.10MB/s   00:00:00 (xfer#1030, to-check=1202/1752)
synthetic_009422/posterior_samples.pt
        6324224  26%   11.83MB/s   00:00:01       12615680  51%   11.79MB/s   00:00:00       18382848  75%   10.71MB/s   00:00:00       24657317 100%   11.46MB/s   00:00:00       24657317 100%   11.28MB/s   00:00:02 (xfer#1031, to-check=1203/1752)
synthetic_009422/posterior_std.pt
         232019 100%  130.62MB/s   00:00:00 (xfer#1032, to-check=1204/1752)
synthetic_009422/posterior_variance.pt
         232054 100%  217.84MB/s   00:00:00 (xfer#1033, to-check=1205/1752)
synthetic_009423/
synthetic_009423/composite_mean.pt
         232026 100%  218.02MB/s   00:00:00 (xfer#1034, to-check=1207/1752)
synthetic_009423/metadata.json
           1800 100%    8.67MB/s   00:00:00 (xfer#1035, to-check=1208/1752)
synthetic_009423/posterior_mean.pt
         232026 100%    4.56MB/s   00:00:00 (xfer#1036, to-check=1209/1752)
synthetic_009423/posterior_samples.pt
        6324224  26%   11.34MB/s   00:00:01       11567104  47%    9.71MB/s   00:00:01       17858560  72%   11.61MB/s   00:00:00       22839296  93%    9.34MB/s   00:00:00       24657317 100%   10.35MB/s   00:00:02 (xfer#1037, to-check=1210/1752)
synthetic_009423/posterior_std.pt
         232019 100%  161.04MB/s   00:00:00 (xfer#1038, to-check=1211/1752)
synthetic_009423/posterior_variance.pt
         232054 100%   64.03MB/s   00:00:00 (xfer#1039, to-check=1212/1752)
synthetic_009424/
synthetic_009424/composite_mean.pt
         232026 100%   23.12MB/s   00:00:00 (xfer#1040, to-check=1214/1752)
synthetic_009424/metadata.json
           1799 100%   11.37MB/s   00:00:00 (xfer#1041, to-check=1215/1752)
synthetic_009424/posterior_mean.pt
         232026 100%   10.56MB/s   00:00:00 (xfer#1042, to-check=1216/1752)
synthetic_009424/posterior_samples.pt
        6193152  25%   11.76MB/s   00:00:01       12615680  51%   11.97MB/s   00:00:00       19169280  78%   11.79MB/s   00:00:00       23887872  97%    9.00MB/s   00:00:00       24657317 100%   11.02MB/s   00:00:02 (xfer#1043, to-check=1217/1752)
synthetic_009424/posterior_std.pt
         232019 100%  164.87MB/s   00:00:00 (xfer#1044, to-check=1218/1752)
synthetic_009424/posterior_variance.pt
         232054 100%  325.92MB/s   00:00:00 (xfer#1045, to-check=1219/1752)
synthetic_009425/
synthetic_009425/composite_mean.pt
         232026 100%   14.91MB/s   00:00:00 (xfer#1046, to-check=1221/1752)
synthetic_009425/metadata.json
           1800 100%    7.73MB/s   00:00:00 (xfer#1047, to-check=1222/1752)
synthetic_009425/posterior_mean.pt
         232026 100%   24.16MB/s   00:00:00 (xfer#1048, to-check=1223/1752)
synthetic_009425/posterior_samples.pt
        6422528  26%   12.05MB/s   00:00:01       13893632  56%   13.48MB/s   00:00:00       20316160  82%   12.20MB/s   00:00:00       24657317 100%   12.28MB/s   00:00:01 (xfer#1049, to-check=1224/1752)
synthetic_009425/posterior_std.pt
         232019 100%   11.25MB/s   00:00:00 (xfer#1050, to-check=1225/1752)
synthetic_009425/posterior_variance.pt
         232054 100%   24.60MB/s   00:00:00 (xfer#1051, to-check=1226/1752)
synthetic_009426/
synthetic_009426/composite_mean.pt
         232026 100%   23.72MB/s   00:00:00 (xfer#1052, to-check=1228/1752)
synthetic_009426/metadata.json
           1801 100%   10.53MB/s   00:00:00 (xfer#1053, to-check=1229/1752)
synthetic_009426/posterior_mean.pt
         232026 100%    4.57MB/s   00:00:00 (xfer#1054, to-check=1230/1752)
synthetic_009426/posterior_samples.pt
        5570560  23%   10.32MB/s   00:00:01       11075584  45%   10.48MB/s   00:00:01       17498112  71%   12.21MB/s   00:00:00       23789568  96%   11.96MB/s   00:00:00       24657317 100%   11.10MB/s   00:00:02 (xfer#1055, to-check=1231/1752)
synthetic_009426/posterior_std.pt
         232019 100%  158.16MB/s   00:00:00 (xfer#1056, to-check=1232/1752)
synthetic_009426/posterior_variance.pt
         232054 100%  222.17MB/s   00:00:00 (xfer#1057, to-check=1233/1752)
synthetic_009427/
synthetic_009427/composite_mean.pt
         232026 100%    7.95MB/s   00:00:00 (xfer#1058, to-check=1235/1752)
synthetic_009427/metadata.json
           1800 100%    8.37MB/s   00:00:00 (xfer#1059, to-check=1236/1752)
synthetic_009427/posterior_mean.pt
         232026 100%    9.31MB/s   00:00:00 (xfer#1060, to-check=1237/1752)
synthetic_009427/posterior_samples.pt
        5799936  24%   10.54MB/s   00:00:01       11108352  45%    9.48MB/s   00:00:01       16220160  66%    9.55MB/s   00:00:00       21200896  86%    9.48MB/s   00:00:00       24657317 100%    9.68MB/s   00:00:02 (xfer#1061, to-check=1238/1752)
synthetic_009427/posterior_std.pt
         232019 100%  215.43MB/s   00:00:00 (xfer#1062, to-check=1239/1752)
synthetic_009427/posterior_variance.pt
         232054 100%    6.54MB/s   00:00:00 (xfer#1063, to-check=1240/1752)
synthetic_009428/
synthetic_009428/composite_mean.pt
         232026 100%   34.62MB/s   00:00:00 (xfer#1064, to-check=1242/1752)
synthetic_009428/metadata.json
           1799 100%   10.34MB/s   00:00:00 (xfer#1065, to-check=1243/1752)
synthetic_009428/posterior_mean.pt
         232026 100%   21.80MB/s   00:00:00 (xfer#1066, to-check=1244/1752)
synthetic_009428/posterior_samples.pt
        4751360  19%    9.06MB/s   00:00:02        9043968  37%    8.16MB/s   00:00:01       13893632  56%    8.70MB/s   00:00:01       19628032  80%    9.56MB/s   00:00:00       24657317 100%    9.22MB/s   00:00:02 (xfer#1067, to-check=1245/1752)
synthetic_009428/posterior_std.pt
         232019 100%  151.77MB/s   00:00:00 (xfer#1068, to-check=1246/1752)
synthetic_009428/posterior_variance.pt
         232054 100%   24.75MB/s   00:00:00 (xfer#1069, to-check=1247/1752)
synthetic_009429/
synthetic_009429/composite_mean.pt
         232026 100%   18.73MB/s   00:00:00 (xfer#1070, to-check=1249/1752)
synthetic_009429/metadata.json
           1800 100%    7.87MB/s   00:00:00 (xfer#1071, to-check=1250/1752)
synthetic_009429/posterior_mean.pt
         232026 100%   13.54MB/s   00:00:00 (xfer#1072, to-check=1251/1752)
synthetic_009429/posterior_samples.pt
        3997696  16%    6.32MB/s   00:00:03        8486912  34%    7.52MB/s   00:00:02       11599872  47%    5.70MB/s   00:00:02       14483456  59%    5.41MB/s   00:00:01       18022400  73%    6.57MB/s   00:00:00       21299200  86%    5.86MB/s   00:00:00       24657317 100%    6.36MB/s   00:00:03 (xfer#1073, to-check=1252/1752)
synthetic_009429/posterior_std.pt
         232019 100%   11.48MB/s   00:00:00 (xfer#1074, to-check=1253/1752)
synthetic_009429/posterior_variance.pt
         232054 100%    4.12MB/s   00:00:00 (xfer#1075, to-check=1254/1752)
synthetic_009430/
synthetic_009430/composite_mean.pt
         232026 100%    8.14MB/s   00:00:00 (xfer#1076, to-check=1256/1752)
synthetic_009430/metadata.json
           1801 100%    5.76MB/s   00:00:00 (xfer#1077, to-check=1257/1752)
synthetic_009430/posterior_mean.pt
         232026 100%    3.95MB/s   00:00:00 (xfer#1078, to-check=1258/1752)
synthetic_009430/posterior_samples.pt
        3768320  15%    7.06MB/s   00:00:02        7438336  30%    6.86MB/s   00:00:02       10846208  44%    6.49MB/s   00:00:02       14385152  58%    6.56MB/s   00:00:01       18055168  73%    6.73MB/s   00:00:00       21987328  89%    7.35MB/s   00:00:00       24657317 100%    6.89MB/s   00:00:03 (xfer#1079, to-check=1259/1752)
synthetic_009430/posterior_std.pt
         232019 100%   16.73MB/s   00:00:00 (xfer#1080, to-check=1260/1752)
synthetic_009430/posterior_variance.pt
         232054 100%    4.59MB/s   00:00:00 (xfer#1081, to-check=1261/1752)
synthetic_009431/
synthetic_009431/composite_mean.pt
         232026 100%   37.95MB/s   00:00:00 (xfer#1082, to-check=1263/1752)
synthetic_009431/metadata.json
           1800 100%    9.54MB/s   00:00:00 (xfer#1083, to-check=1264/1752)
synthetic_009431/posterior_mean.pt
         232026 100%   14.60MB/s   00:00:00 (xfer#1084, to-check=1265/1752)
synthetic_009431/posterior_samples.pt
        3571712  14%    6.77MB/s   00:00:02        7602176  31%    7.55MB/s   00:00:02       11272192  46%    6.75MB/s   00:00:01       15204352  62%    7.15MB/s   00:00:01       19529728  79%    8.15MB/s   00:00:00       23068672  94%    6.56MB/s   00:00:00       24657317 100%    7.11MB/s   00:00:03 (xfer#1085, to-check=1266/1752)
synthetic_009431/posterior_std.pt
         232019 100%  177.76MB/s   00:00:00 (xfer#1086, to-check=1267/1752)
synthetic_009431/posterior_variance.pt
         232054 100%   65.99MB/s   00:00:00 (xfer#1087, to-check=1268/1752)
synthetic_009432/
synthetic_009432/composite_mean.pt
         232026 100%    6.81MB/s   00:00:00 (xfer#1088, to-check=1270/1752)
synthetic_009432/metadata.json
           1799 100%   10.04MB/s   00:00:00 (xfer#1089, to-check=1271/1752)
synthetic_009432/posterior_mean.pt
         232026 100%    4.99MB/s   00:00:00 (xfer#1090, to-check=1272/1752)
synthetic_009432/posterior_samples.pt
        3932160  16%    7.49MB/s   00:00:02        8388608  34%    8.01MB/s   00:00:01       12845056  52%    8.41MB/s   00:00:01       17006592  69%    7.83MB/s   00:00:00       21725184  88%    8.58MB/s   00:00:00       24657317 100%    8.09MB/s   00:00:02 (xfer#1091, to-check=1273/1752)
synthetic_009432/posterior_std.pt
         232019 100%   10.57MB/s   00:00:00 (xfer#1092, to-check=1274/1752)
synthetic_009432/posterior_variance.pt
         232054 100%    9.91MB/s   00:00:00 (xfer#1093, to-check=1275/1752)
synthetic_009433/
synthetic_009433/composite_mean.pt
         232026 100%    2.42MB/s   00:00:00 (xfer#1094, to-check=1277/1752)
synthetic_009433/metadata.json
           1799 100%    3.41MB/s   00:00:00 (xfer#1095, to-check=1278/1752)
synthetic_009433/posterior_mean.pt
         232026 100%  103.70MB/s   00:00:00 (xfer#1096, to-check=1279/1752)
synthetic_009433/posterior_samples.pt
        3571712  14%    6.12MB/s   00:00:03        7503872  30%    7.42MB/s   00:00:02       11042816  45%    6.29MB/s   00:00:02       14974976  61%    7.35MB/s   00:00:01       19169280  78%    7.87MB/s   00:00:00       23724032  96%    8.61MB/s   00:00:00       24657317 100%    7.21MB/s   00:00:03 (xfer#1097, to-check=1280/1752)
synthetic_009433/posterior_std.pt
         232019 100%  217.14MB/s   00:00:00 (xfer#1098, to-check=1281/1752)
synthetic_009433/posterior_variance.pt
         232054 100%   13.15MB/s   00:00:00 (xfer#1099, to-check=1282/1752)
synthetic_009434/
synthetic_009434/composite_mean.pt
         232026 100%   24.71MB/s   00:00:00 (xfer#1100, to-check=1284/1752)
synthetic_009434/metadata.json
           1799 100%    8.09MB/s   00:00:00 (xfer#1101, to-check=1285/1752)
synthetic_009434/posterior_mean.pt
         232026 100%    7.52MB/s   00:00:00 (xfer#1102, to-check=1286/1752)
synthetic_009434/posterior_samples.pt
        4227072  17%    7.64MB/s   00:00:02        8290304  34%    7.44MB/s   00:00:02       13533184  55%    9.11MB/s   00:00:01       17596416  71%    7.08MB/s   00:00:00       22839296  93%    9.50MB/s   00:00:00       24657317 100%    8.19MB/s   00:00:02 (xfer#1103, to-check=1287/1752)
synthetic_009434/posterior_std.pt
         232019 100%  138.91MB/s   00:00:00 (xfer#1104, to-check=1288/1752)
synthetic_009434/posterior_variance.pt
         232054 100%  196.53MB/s   00:00:00 (xfer#1105, to-check=1289/1752)
synthetic_009435/
synthetic_009435/composite_mean.pt
         232026 100%    7.74MB/s   00:00:00 (xfer#1106, to-check=1291/1752)
synthetic_009435/metadata.json
           1798 100%    6.40MB/s   00:00:00 (xfer#1107, to-check=1292/1752)
synthetic_009435/posterior_mean.pt
         232026 100%   15.06MB/s   00:00:00 (xfer#1108, to-check=1293/1752)
synthetic_009435/posterior_samples.pt
        4358144  18%    8.20MB/s   00:00:02        7569408  31%    5.88MB/s   00:00:02       11370496  46%    6.84MB/s   00:00:01       15433728  63%    7.74MB/s   00:00:01       19759104  80%    7.82MB/s   00:00:00       23298048  94%    6.33MB/s   00:00:00       24657317 100%    7.00MB/s   00:00:03 (xfer#1109, to-check=1294/1752)
synthetic_009435/posterior_std.pt
         232019 100%   16.83MB/s   00:00:00 (xfer#1110, to-check=1295/1752)
synthetic_009435/posterior_variance.pt
         232054 100%   13.49MB/s   00:00:00 (xfer#1111, to-check=1296/1752)
synthetic_009436/
synthetic_009436/composite_mean.pt
         232026 100%    4.28MB/s   00:00:00 (xfer#1112, to-check=1298/1752)
synthetic_009436/metadata.json
           1801 100%   20.01MB/s   00:00:00 (xfer#1113, to-check=1299/1752)
synthetic_009436/posterior_mean.pt
         232026 100%   28.83MB/s   00:00:00 (xfer#1114, to-check=1300/1752)
synthetic_009436/posterior_samples.pt
        3440640  14%    6.22MB/s   00:00:03        6848512  28%    5.37MB/s   00:00:03        9601024  39%    4.87MB/s   00:00:02       11829248  48%    3.97MB/s   00:00:03       14712832  60%    5.10MB/s   00:00:01       17858560  72%    5.61MB/s   00:00:01       21004288  85%    5.99MB/s   00:00:00       23920640  97%    5.56MB/s   00:00:00       24657317 100%    5.27MB/s   00:00:04 (xfer#1115, to-check=1301/1752)
synthetic_009436/posterior_std.pt
         232019 100%   15.81MB/s   00:00:00 (xfer#1116, to-check=1302/1752)
synthetic_009436/posterior_variance.pt
         232054 100%    4.28MB/s   00:00:00 (xfer#1117, to-check=1303/1752)
synthetic_009437/
synthetic_009437/composite_mean.pt
         232026 100%   13.55MB/s   00:00:00 (xfer#1118, to-check=1305/1752)
synthetic_009437/metadata.json
           1800 100%   18.85MB/s   00:00:00 (xfer#1119, to-check=1306/1752)
synthetic_009437/posterior_mean.pt
         232026 100%    2.95MB/s   00:00:00 (xfer#1120, to-check=1307/1752)
synthetic_009437/posterior_samples.pt
        3014656  12%    5.68MB/s   00:00:03        6160384  25%    5.84MB/s   00:00:03        9306112  38%    5.95MB/s   00:00:02       12582912  51%    5.66MB/s   00:00:02       15466496  63%    5.15MB/s   00:00:01       17825792  72%    4.46MB/s   00:00:01       21233664  86%    6.27MB/s   00:00:00       24412160  99%    5.67MB/s   00:00:00       24657317 100%    5.51MB/s   00:00:04 (xfer#1121, to-check=1308/1752)
synthetic_009437/posterior_std.pt
         232019 100%    9.91MB/s   00:00:00 (xfer#1122, to-check=1309/1752)
synthetic_009437/posterior_variance.pt
         232054 100%    2.77MB/s   00:00:00 (xfer#1123, to-check=1310/1752)
synthetic_009438/
synthetic_009438/composite_mean.pt
         232026 100%    3.87MB/s   00:00:00 (xfer#1124, to-check=1312/1752)
synthetic_009438/metadata.json
           1800 100%    4.73MB/s   00:00:00 (xfer#1125, to-check=1313/1752)
synthetic_009438/posterior_mean.pt
         232026 100%    3.85MB/s   00:00:00 (xfer#1126, to-check=1314/1752)
synthetic_009438/posterior_samples.pt
        2654208  11%    4.85MB/s   00:00:04        5799936  24%    5.56MB/s   00:00:03        8945664  36%    5.58MB/s   00:00:02       12091392  49%    5.96MB/s   00:00:02       15499264  63%    6.27MB/s   00:00:01       18513920  75%    5.39MB/s   00:00:01       22052864  89%    6.53MB/s   00:00:00       24657317 100%    5.76MB/s   00:00:04 (xfer#1127, to-check=1315/1752)
synthetic_009438/posterior_std.pt
         232019 100%  141.39MB/s   00:00:00 (xfer#1128, to-check=1316/1752)
synthetic_009438/posterior_variance.pt
         232054 100%    8.59MB/s   00:00:00 (xfer#1129, to-check=1317/1752)
synthetic_009439/
synthetic_009439/composite_mean.pt
         232026 100%    6.91MB/s   00:00:00 (xfer#1130, to-check=1319/1752)
synthetic_009439/metadata.json
           1799 100%    5.86MB/s   00:00:00 (xfer#1131, to-check=1320/1752)
synthetic_009439/posterior_mean.pt
         232026 100%    4.84MB/s   00:00:00 (xfer#1132, to-check=1321/1752)
synthetic_009439/posterior_samples.pt
        3145728  13%    5.86MB/s   00:00:03        6684672  27%    6.34MB/s   00:00:02        9568256  39%    5.21MB/s   00:00:02       13238272  54%    6.52MB/s   00:00:01       16908288  69%    6.70MB/s   00:00:01       20578304  83%    6.44MB/s   00:00:00       24248320  98%    6.61MB/s   00:00:00       24657317 100%    6.23MB/s   00:00:03 (xfer#1133, to-check=1322/1752)
synthetic_009439/posterior_std.pt
         232019 100%   32.70MB/s   00:00:00 (xfer#1134, to-check=1323/1752)
synthetic_009439/posterior_variance.pt
         232054 100%   22.07MB/s   00:00:00 (xfer#1135, to-check=1324/1752)
synthetic_009440/
synthetic_009440/composite_mean.pt
         232026 100%    4.44MB/s   00:00:00 (xfer#1136, to-check=1326/1752)
synthetic_009440/metadata.json
           1800 100%    6.98MB/s   00:00:00 (xfer#1137, to-check=1327/1752)
synthetic_009440/posterior_mean.pt
         232026 100%    2.48MB/s   00:00:00 (xfer#1138, to-check=1328/1752)
synthetic_009440/posterior_samples.pt
        3440640  14%    6.29MB/s   00:00:03        6979584  28%    6.73MB/s   00:00:02       10649600  43%    6.70MB/s   00:00:01       14450688  59%    7.12MB/s   00:00:01       18382848  75%    7.14MB/s   00:00:00       22315008  91%    7.43MB/s   00:00:00       24657317 100%    6.96MB/s   00:00:03 (xfer#1139, to-check=1329/1752)
synthetic_009440/posterior_std.pt
         232019 100%  145.67MB/s   00:00:00 (xfer#1140, to-check=1330/1752)
synthetic_009440/posterior_variance.pt
         232054 100%   19.39MB/s   00:00:00 (xfer#1141, to-check=1331/1752)
synthetic_009441/
synthetic_009441/composite_mean.pt
         232026 100%    5.90MB/s   00:00:00 (xfer#1142, to-check=1333/1752)
synthetic_009441/metadata.json
           1799 100%    8.09MB/s   00:00:00 (xfer#1143, to-check=1334/1752)
synthetic_009441/posterior_mean.pt
         232026 100%   11.06MB/s   00:00:00 (xfer#1144, to-check=1335/1752)
synthetic_009441/posterior_samples.pt
        4161536  17%    7.73MB/s   00:00:02        6881280  28%    4.85MB/s   00:00:03       10551296  43%    6.65MB/s   00:00:02       14221312  58%    6.90MB/s   00:00:01       18284544  74%    7.57MB/s   00:00:00       22347776  91%    7.73MB/s   00:00:00       24657317 100%    6.91MB/s   00:00:03 (xfer#1145, to-check=1336/1752)
synthetic_009441/posterior_std.pt
         232019 100%  134.35MB/s   00:00:00 (xfer#1146, to-check=1337/1752)
synthetic_009441/posterior_variance.pt
         232054 100%    9.16MB/s   00:00:00 (xfer#1147, to-check=1338/1752)
synthetic_009442/
synthetic_009442/composite_mean.pt
         232026 100%    9.64MB/s   00:00:00 (xfer#1148, to-check=1340/1752)
synthetic_009442/metadata.json
           1801 100%    7.28MB/s   00:00:00 (xfer#1149, to-check=1341/1752)
synthetic_009442/posterior_mean.pt
         232026 100%    4.29MB/s   00:00:00 (xfer#1150, to-check=1342/1752)
synthetic_009442/posterior_samples.pt
        3997696  16%    7.52MB/s   00:00:02        8060928  33%    7.74MB/s   00:00:02       12517376  51%    7.96MB/s   00:00:01       16711680  68%    7.63MB/s   00:00:00       21168128  86%    8.28MB/s   00:00:00       24657317 100%    7.84MB/s   00:00:02 (xfer#1151, to-check=1343/1752)
synthetic_009442/posterior_std.pt
         232019 100%  141.30MB/s   00:00:00 (xfer#1152, to-check=1344/1752)
synthetic_009442/posterior_variance.pt
         232054 100%   13.80MB/s   00:00:00 (xfer#1153, to-check=1345/1752)
synthetic_009443/
synthetic_009443/composite_mean.pt
         232026 100%   13.65MB/s   00:00:00 (xfer#1154, to-check=1347/1752)
synthetic_009443/metadata.json
           1801 100%    7.95MB/s   00:00:00 (xfer#1155, to-check=1348/1752)
synthetic_009443/posterior_mean.pt
         232026 100%    4.41MB/s   00:00:00 (xfer#1156, to-check=1349/1752)
synthetic_009443/posterior_samples.pt
        4423680  18%    8.42MB/s   00:00:02        9011200  37%    8.39MB/s   00:00:01       13729792  56%    8.57MB/s   00:00:01       18186240  74%    8.11MB/s   00:00:00       22642688  92%    7.91MB/s   00:00:00       24657317 100%    8.27MB/s   00:00:02 (xfer#1157, to-check=1350/1752)
synthetic_009443/posterior_std.pt
         232019 100%  153.65MB/s   00:00:00 (xfer#1158, to-check=1351/1752)
synthetic_009443/posterior_variance.pt
         232054 100%    9.47MB/s   00:00:00 (xfer#1159, to-check=1352/1752)
synthetic_009444/
synthetic_009444/composite_mean.pt
         232026 100%   46.28MB/s   00:00:00 (xfer#1160, to-check=1354/1752)
synthetic_009444/metadata.json
           1800 100%    8.54MB/s   00:00:00 (xfer#1161, to-check=1355/1752)
synthetic_009444/posterior_mean.pt
         232026 100%    4.55MB/s   00:00:00 (xfer#1162, to-check=1356/1752)
synthetic_009444/posterior_samples.pt
        4587520  19%    8.61MB/s   00:00:02        8323072  34%    6.89MB/s   00:00:02       11468800  47%    5.96MB/s   00:00:02       15138816  61%    6.71MB/s   00:00:01       18939904  77%    7.08MB/s   00:00:00       23265280  94%    7.69MB/s   00:00:00       24657317 100%    7.15MB/s   00:00:03 (xfer#1163, to-check=1357/1752)
synthetic_009444/posterior_std.pt
         232019 100%   22.63MB/s   00:00:00 (xfer#1164, to-check=1358/1752)
synthetic_009444/posterior_variance.pt
         232054 100%   22.08MB/s   00:00:00 (xfer#1165, to-check=1359/1752)
synthetic_009445/
synthetic_009445/composite_mean.pt
         232026 100%    4.38MB/s   00:00:00 (xfer#1166, to-check=1361/1752)
synthetic_009445/metadata.json
           1800 100%    7.64MB/s   00:00:00 (xfer#1167, to-check=1362/1752)
synthetic_009445/posterior_mean.pt
         232026 100%   21.37MB/s   00:00:00 (xfer#1168, to-check=1363/1752)
synthetic_009445/posterior_samples.pt
        4358144  18%    7.67MB/s   00:00:02        8814592  36%    8.37MB/s   00:00:01       13271040  54%    7.79MB/s   00:00:01       17563648  71%    7.92MB/s   00:00:00       22151168  90%    8.73MB/s   00:00:00       24657317 100%    8.02MB/s   00:00:02 (xfer#1169, to-check=1364/1752)
synthetic_009445/posterior_std.pt
         232019 100%   20.36MB/s   00:00:00 (xfer#1170, to-check=1365/1752)
synthetic_009445/posterior_variance.pt
         232054 100%   60.75MB/s   00:00:00 (xfer#1171, to-check=1366/1752)
synthetic_009446/
synthetic_009446/composite_mean.pt
         232026 100%   20.66MB/s   00:00:00 (xfer#1172, to-check=1368/1752)
synthetic_009446/metadata.json
           1801 100%   20.70MB/s   00:00:00 (xfer#1173, to-check=1369/1752)
synthetic_009446/posterior_mean.pt
         232026 100%    4.73MB/s   00:00:00 (xfer#1174, to-check=1370/1752)
synthetic_009446/posterior_samples.pt
        4423680  18%    8.34MB/s   00:00:02        9142272  37%    8.75MB/s   00:00:01       13991936  57%    8.96MB/s   00:00:01       18448384  75%    8.32MB/s   00:00:00       23035904  93%    8.55MB/s   00:00:00       24657317 100%    8.26MB/s   00:00:02 (xfer#1175, to-check=1371/1752)
synthetic_009446/posterior_std.pt
         232019 100%  128.21MB/s   00:00:00 (xfer#1176, to-check=1372/1752)
synthetic_009446/posterior_variance.pt
         232054 100%   14.84MB/s   00:00:00 (xfer#1177, to-check=1373/1752)
synthetic_009447/
synthetic_009447/composite_mean.pt
         232026 100%    3.22MB/s   00:00:00 (xfer#1178, to-check=1375/1752)
synthetic_009447/metadata.json
           1801 100%   18.28MB/s   00:00:00 (xfer#1179, to-check=1376/1752)
synthetic_009447/posterior_mean.pt
         232026 100%   78.69MB/s   00:00:00 (xfer#1180, to-check=1377/1752)
synthetic_009447/posterior_samples.pt
        3342336  14%    5.87MB/s   00:00:03        6881280  28%    6.43MB/s   00:00:02       10682368  43%    7.20MB/s   00:00:01       14614528  59%    7.47MB/s   00:00:01       17891328  73%    6.04MB/s   00:00:01       22216704  90%    8.15MB/s   00:00:00       24657317 100%    6.89MB/s   00:00:03 (xfer#1181, to-check=1378/1752)
synthetic_009447/posterior_std.pt
         232019 100%  116.29MB/s   00:00:00 (xfer#1182, to-check=1379/1752)
synthetic_009447/posterior_variance.pt
         232054 100%  185.83MB/s   00:00:00 (xfer#1183, to-check=1380/1752)
synthetic_009448/
synthetic_009448/composite_mean.pt
         232026 100%    8.96MB/s   00:00:00 (xfer#1184, to-check=1382/1752)
synthetic_009448/metadata.json
           1800 100%   25.62MB/s   00:00:00 (xfer#1185, to-check=1383/1752)
synthetic_009448/posterior_mean.pt
         232026 100%   12.98MB/s   00:00:00 (xfer#1186, to-check=1384/1752)
synthetic_009448/posterior_samples.pt
        3932160  16%    7.42MB/s   00:00:02        8585216  35%    8.82MB/s   00:00:01       11730944  48%    5.67MB/s   00:00:02       14876672  60%    5.77MB/s   00:00:01       18284544  74%    6.22MB/s   00:00:00       21823488  89%    6.65MB/s   00:00:00       24657317 100%    6.71MB/s   00:00:03 (xfer#1187, to-check=1385/1752)
synthetic_009448/posterior_std.pt
         232019 100%   93.41MB/s   00:00:00 (xfer#1188, to-check=1386/1752)
synthetic_009448/posterior_variance.pt
         232054 100%    9.85MB/s   00:00:00 (xfer#1189, to-check=1387/1752)
synthetic_009449/
synthetic_009449/composite_mean.pt
         232026 100%    5.92MB/s   00:00:00 (xfer#1190, to-check=1389/1752)
synthetic_009449/metadata.json
           1799 100%    4.24MB/s   00:00:00 (xfer#1191, to-check=1390/1752)
synthetic_009449/posterior_mean.pt
         232026 100%    7.88MB/s   00:00:00 (xfer#1192, to-check=1391/1752)
synthetic_009449/posterior_samples.pt
        3538944  14%    6.50MB/s   00:00:03        7471104  30%    7.35MB/s   00:00:02       11403264  46%    7.48MB/s   00:00:01       15335424  62%    7.38MB/s   00:00:01       19136512  78%    7.24MB/s   00:00:00       23068672  94%    7.48MB/s   00:00:00       24657317 100%    7.12MB/s   00:00:03 (xfer#1193, to-check=1392/1752)
synthetic_009449/posterior_std.pt
         232019 100%  153.02MB/s   00:00:00 (xfer#1194, to-check=1393/1752)
synthetic_009449/posterior_variance.pt
         232054 100%   11.81MB/s   00:00:00 (xfer#1195, to-check=1394/1752)
synthetic_009450/
synthetic_009450/composite_mean.pt
         232026 100%   16.56MB/s   00:00:00 (xfer#1196, to-check=1396/1752)
synthetic_009450/metadata.json
           1800 100%    8.17MB/s   00:00:00 (xfer#1197, to-check=1397/1752)
synthetic_009450/posterior_mean.pt
         232026 100%    4.59MB/s   00:00:00 (xfer#1198, to-check=1398/1752)
synthetic_009450/posterior_samples.pt
        3964928  16%    7.50MB/s   00:00:02        7864320  32%    7.16MB/s   00:00:02       12058624  49%    7.66MB/s   00:00:01       16121856  65%    7.74MB/s   00:00:01       20185088  82%    7.50MB/s   00:00:00       24510464  99%    8.16MB/s   00:00:00       24657317 100%    7.56MB/s   00:00:03 (xfer#1199, to-check=1399/1752)
synthetic_009450/posterior_std.pt
         232019 100%   38.85MB/s   00:00:00 (xfer#1200, to-check=1400/1752)
synthetic_009450/posterior_variance.pt
         232054 100%   14.51MB/s   00:00:00 (xfer#1201, to-check=1401/1752)
synthetic_009451/
synthetic_009451/composite_mean.pt
         232026 100%    5.69MB/s   00:00:00 (xfer#1202, to-check=1403/1752)
synthetic_009451/metadata.json
           1801 100%    4.54MB/s   00:00:00 (xfer#1203, to-check=1404/1752)
synthetic_009451/posterior_mean.pt
         232026 100%   10.45MB/s   00:00:00 (xfer#1204, to-check=1405/1752)
synthetic_009451/posterior_samples.pt
        4358144  18%    7.92MB/s   00:00:02        8945664  36%    8.54MB/s   00:00:01       11894784  48%    5.38MB/s   00:00:02       14811136  60%    5.28MB/s   00:00:01       16449536  67%    2.84MB/s   00:00:02       18415616  75%    3.60MB/s   00:00:01       20381696  83%    3.69MB/s   00:00:01       22347776  91%    3.71MB/s   00:00:00       24576000 100%    3.93MB/s   00:00:00       24657317 100%    4.94MB/s   00:00:04 (xfer#1205, to-check=1406/1752)
synthetic_009451/posterior_std.pt
         232019 100%   21.48MB/s   00:00:00 (xfer#1206, to-check=1407/1752)
synthetic_009451/posterior_variance.pt
         232054 100%    3.72MB/s   00:00:00 (xfer#1207, to-check=1408/1752)
synthetic_009452/
synthetic_009452/composite_mean.pt
         232026 100%    3.09MB/s   00:00:00 (xfer#1208, to-check=1410/1752)
synthetic_009452/metadata.json
           1800 100%    1.37MB/s   00:00:00 (xfer#1209, to-check=1411/1752)
synthetic_009452/posterior_mean.pt
         232026 100%    2.83MB/s   00:00:00 (xfer#1210, to-check=1412/1752)
synthetic_009452/posterior_samples.pt
        2260992   9%    3.96MB/s   00:00:05        4620288  19%    4.28MB/s   00:00:04        6979584  28%    4.29MB/s   00:00:03        9338880  38%    4.43MB/s   00:00:03       11698176  47%    4.16MB/s   00:00:02       14319616  58%    4.81MB/s   00:00:02       16941056  69%    4.85MB/s   00:00:01       19693568  80%    5.07MB/s   00:00:00       21921792  89%    4.15MB/s   00:00:00       24657317 100%    4.49MB/s   00:00:05 (xfer#1211, to-check=1413/1752)
synthetic_009452/posterior_std.pt
         232019 100%   11.53MB/s   00:00:00 (xfer#1212, to-check=1414/1752)
synthetic_009452/posterior_variance.pt
         232054 100%   46.49MB/s   00:00:00 (xfer#1213, to-check=1415/1752)
synthetic_009453/
synthetic_009453/composite_mean.pt
         232026 100%    3.64MB/s   00:00:00 (xfer#1214, to-check=1417/1752)
synthetic_009453/metadata.json
           1798 100%    6.86MB/s   00:00:00 (xfer#1215, to-check=1418/1752)
synthetic_009453/posterior_mean.pt
         232026 100%    4.18MB/s   00:00:00 (xfer#1216, to-check=1419/1752)
synthetic_009453/posterior_samples.pt
        3112960  13%    5.81MB/s   00:00:03        6258688  25%    6.00MB/s   00:00:02        9535488  39%    6.16MB/s   00:00:02       12025856  49%    4.48MB/s   00:00:02       15564800  63%    6.47MB/s   00:00:01       18219008  74%    4.91MB/s   00:00:01       20840448  85%    4.99MB/s   00:00:00       23855104  97%    5.41MB/s   00:00:00       24657317 100%    5.48MB/s   00:00:04 (xfer#1217, to-check=1420/1752)
synthetic_009453/posterior_std.pt
         232019 100%   21.96MB/s   00:00:00 (xfer#1218, to-check=1421/1752)
synthetic_009453/posterior_variance.pt
         232054 100%    8.68MB/s   00:00:00 (xfer#1219, to-check=1422/1752)
synthetic_009454/
synthetic_009454/composite_mean.pt
         232026 100%    6.39MB/s   00:00:00 (xfer#1220, to-check=1424/1752)
synthetic_009454/metadata.json
           1800 100%    7.53MB/s   00:00:00 (xfer#1221, to-check=1425/1752)
synthetic_009454/posterior_mean.pt
         232026 100%    3.92MB/s   00:00:00 (xfer#1222, to-check=1426/1752)
synthetic_009454/posterior_samples.pt
        3145728  13%    5.95MB/s   00:00:03        6422528  26%    5.90MB/s   00:00:02        9830400  40%    6.03MB/s   00:00:02       13369344  54%    6.42MB/s   00:00:01       16908288  69%    6.73MB/s   00:00:01       20185088  82%    6.17MB/s   00:00:00       23592960  96%    6.21MB/s   00:00:00       24657317 100%    6.11MB/s   00:00:03 (xfer#1223, to-check=1427/1752)
synthetic_009454/posterior_std.pt
         232019 100%   27.99MB/s   00:00:00 (xfer#1224, to-check=1428/1752)
synthetic_009454/posterior_variance.pt
         232054 100%    4.02MB/s   00:00:00 (xfer#1225, to-check=1429/1752)
synthetic_009455/
synthetic_009455/composite_mean.pt
         232026 100%   34.31MB/s   00:00:00 (xfer#1226, to-check=1431/1752)
synthetic_009455/metadata.json
           1797 100%    7.93MB/s   00:00:00 (xfer#1227, to-check=1432/1752)
synthetic_009455/posterior_mean.pt
         232026 100%    3.85MB/s   00:00:00 (xfer#1228, to-check=1433/1752)
synthetic_009455/posterior_samples.pt
        3276800  13%    6.16MB/s   00:00:03        6684672  27%    6.06MB/s   00:00:02       10354688  42%    6.58MB/s   00:00:02       13762560  56%    6.37MB/s   00:00:01       17301504  70%    6.63MB/s   00:00:01       20709376  84%    6.18MB/s   00:00:00       24379392  99%    6.80MB/s   00:00:00       24657317 100%    6.36MB/s   00:00:03 (xfer#1229, to-check=1434/1752)
synthetic_009455/posterior_std.pt
         232019 100%   14.03MB/s   00:00:00 (xfer#1230, to-check=1435/1752)
synthetic_009455/posterior_variance.pt
         232054 100%    6.39MB/s   00:00:00 (xfer#1231, to-check=1436/1752)
synthetic_009456/
synthetic_009456/composite_mean.pt
         232026 100%    7.67MB/s   00:00:00 (xfer#1232, to-check=1438/1752)
synthetic_009456/metadata.json
           1798 100%    9.12MB/s   00:00:00 (xfer#1233, to-check=1439/1752)
synthetic_009456/posterior_mean.pt
         232026 100%    7.59MB/s   00:00:00 (xfer#1234, to-check=1440/1752)
synthetic_009456/posterior_samples.pt
        3538944  14%    6.41MB/s   00:00:03        7372800  30%    7.31MB/s   00:00:02       10747904  44%    6.32MB/s   00:00:02       14516224  59%    7.19MB/s   00:00:01       18481152  75%    7.44MB/s   00:00:00       22806528  92%    8.24MB/s   00:00:00       24657317 100%    7.19MB/s   00:00:03 (xfer#1235, to-check=1441/1752)
synthetic_009456/posterior_std.pt
         232019 100%   57.12MB/s   00:00:00 (xfer#1236, to-check=1442/1752)
synthetic_009456/posterior_variance.pt
         232054 100%   15.96MB/s   00:00:00 (xfer#1237, to-check=1443/1752)
synthetic_009457/
synthetic_009457/composite_mean.pt
         232026 100%   19.33MB/s   00:00:00 (xfer#1238, to-check=1445/1752)
synthetic_009457/metadata.json
           1798 100%    7.00MB/s   00:00:00 (xfer#1239, to-check=1446/1752)
synthetic_009457/posterior_mean.pt
         232026 100%    6.53MB/s   00:00:00 (xfer#1240, to-check=1447/1752)
synthetic_009457/posterior_samples.pt
        4423680  18%    8.22MB/s   00:00:02        9535488  39%    9.68MB/s   00:00:01       15040512  61%   10.44MB/s   00:00:00       21168128  86%   11.68MB/s   00:00:00       24657317 100%   10.11MB/s   00:00:02 (xfer#1241, to-check=1448/1752)
synthetic_009457/posterior_std.pt
         232019 100%  127.90MB/s   00:00:00 (xfer#1242, to-check=1449/1752)
synthetic_009457/posterior_variance.pt
         232054 100%  169.32MB/s   00:00:00 (xfer#1243, to-check=1450/1752)
synthetic_009458/
synthetic_009458/composite_mean.pt
         232026 100%   18.10MB/s   00:00:00 (xfer#1244, to-check=1452/1752)
synthetic_009458/metadata.json
           1798 100%   21.99MB/s   00:00:00 (xfer#1245, to-check=1453/1752)
synthetic_009458/posterior_mean.pt
         232026 100%    8.15MB/s   00:00:00 (xfer#1246, to-check=1454/1752)
synthetic_009458/posterior_samples.pt
        6062080  25%   11.07MB/s   00:00:01       13664256  55%   14.20MB/s   00:00:00       20480000  83%   12.79MB/s   00:00:00       24657317 100%   12.46MB/s   00:00:01 (xfer#1247, to-check=1455/1752)
synthetic_009458/posterior_std.pt
         232019 100%   79.23MB/s   00:00:00 (xfer#1248, to-check=1456/1752)
synthetic_009458/posterior_variance.pt
         232054 100%  187.86MB/s   00:00:00 (xfer#1249, to-check=1457/1752)
synthetic_009459/
synthetic_009459/composite_mean.pt
         232026 100%   21.07MB/s   00:00:00 (xfer#1250, to-check=1459/1752)
synthetic_009459/metadata.json
           1798 100%   18.83MB/s   00:00:00 (xfer#1251, to-check=1460/1752)
synthetic_009459/posterior_mean.pt
         232026 100%   11.53MB/s   00:00:00 (xfer#1252, to-check=1461/1752)
synthetic_009459/posterior_samples.pt
        6619136  27%   12.58MB/s   00:00:01       13434880  54%   12.96MB/s   00:00:00       19136512  78%   10.20MB/s   00:00:00       24657317 100%   11.90MB/s   00:00:01 (xfer#1253, to-check=1462/1752)
synthetic_009459/posterior_std.pt
         232019 100%  104.67MB/s   00:00:00 (xfer#1254, to-check=1463/1752)
synthetic_009459/posterior_variance.pt
         232054 100%   70.26MB/s   00:00:00 (xfer#1255, to-check=1464/1752)
synthetic_009460/
synthetic_009460/composite_mean.pt
         232026 100%   16.47MB/s   00:00:00 (xfer#1256, to-check=1466/1752)
synthetic_009460/metadata.json
           1798 100%   24.46MB/s   00:00:00 (xfer#1257, to-check=1467/1752)
synthetic_009460/posterior_mean.pt
         232026 100%   14.16MB/s   00:00:00 (xfer#1258, to-check=1468/1752)
synthetic_009460/posterior_samples.pt
        6684672  27%   12.72MB/s   00:00:01       13500416  55%   12.79MB/s   00:00:00       20185088  82%   12.71MB/s   00:00:00       24657317 100%   11.60MB/s   00:00:02 (xfer#1259, to-check=1469/1752)
synthetic_009460/posterior_std.pt
         232019 100%   79.48MB/s   00:00:00 (xfer#1260, to-check=1470/1752)
synthetic_009460/posterior_variance.pt
         232054 100%   87.37MB/s   00:00:00 (xfer#1261, to-check=1471/1752)
synthetic_009461/
synthetic_009461/composite_mean.pt
         232026 100%   19.56MB/s   00:00:00 (xfer#1262, to-check=1473/1752)
synthetic_009461/metadata.json
           1797 100%   32.97MB/s   00:00:00 (xfer#1263, to-check=1474/1752)
synthetic_009461/posterior_mean.pt
         232026 100%   18.38MB/s   00:00:00 (xfer#1264, to-check=1475/1752)
synthetic_009461/posterior_samples.pt
        6553600  27%   12.38MB/s   00:00:01       12877824  52%   12.06MB/s   00:00:00       19922944  81%   13.28MB/s   00:00:00       24657317 100%   12.57MB/s   00:00:01 (xfer#1265, to-check=1476/1752)
synthetic_009461/posterior_std.pt
         232019 100%  138.37MB/s   00:00:00 (xfer#1266, to-check=1477/1752)
synthetic_009461/posterior_variance.pt
         232054 100%  180.06MB/s   00:00:00 (xfer#1267, to-check=1478/1752)
synthetic_009462/
synthetic_009462/composite_mean.pt
         232026 100%   23.91MB/s   00:00:00 (xfer#1268, to-check=1480/1752)
synthetic_009462/metadata.json
           1798 100%   24.89MB/s   00:00:00 (xfer#1269, to-check=1481/1752)
synthetic_009462/posterior_mean.pt
         232026 100%   10.68MB/s   00:00:00 (xfer#1270, to-check=1482/1752)
synthetic_009462/posterior_samples.pt
        6750208  27%   12.69MB/s   00:00:01       13434880  54%   12.75MB/s   00:00:00       20119552  82%   12.72MB/s   00:00:00       24657317 100%   11.81MB/s   00:00:01 (xfer#1271, to-check=1483/1752)
synthetic_009462/posterior_std.pt
         232019 100%   75.42MB/s   00:00:00 (xfer#1272, to-check=1484/1752)
synthetic_009462/posterior_variance.pt
         232054 100%  259.71MB/s   00:00:00 (xfer#1273, to-check=1485/1752)
synthetic_009463/
synthetic_009463/composite_mean.pt
         232026 100%   15.31MB/s   00:00:00 (xfer#1274, to-check=1487/1752)
synthetic_009463/metadata.json
           1798 100%  415.38KB/s   00:00:00 (xfer#1275, to-check=1488/1752)
synthetic_009463/posterior_mean.pt
         232026 100%   31.67MB/s   00:00:00 (xfer#1276, to-check=1489/1752)
synthetic_009463/posterior_samples.pt
        5996544  24%   11.27MB/s   00:00:01       11370496  46%    9.98MB/s   00:00:01       18055168  73%   12.14MB/s   00:00:00       24608768 100%   12.35MB/s   00:00:00       24657317 100%   11.29MB/s   00:00:02 (xfer#1277, to-check=1490/1752)
synthetic_009463/posterior_std.pt
         232019 100%  134.17MB/s   00:00:00 (xfer#1278, to-check=1491/1752)
synthetic_009463/posterior_variance.pt
         232054 100%  225.57MB/s   00:00:00 (xfer#1279, to-check=1492/1752)
synthetic_009464/
synthetic_009464/composite_mean.pt
         232026 100%    8.09MB/s   00:00:00 (xfer#1280, to-check=1494/1752)
synthetic_009464/metadata.json
           1796 100%  626.61KB/s   00:00:00 (xfer#1281, to-check=1495/1752)
synthetic_009464/posterior_mean.pt
         232026 100%   32.38MB/s   00:00:00 (xfer#1282, to-check=1496/1752)
synthetic_009464/posterior_samples.pt
        6389760  26%   12.18MB/s   00:00:01       12288000  50%   10.96MB/s   00:00:01       18579456  75%   11.99MB/s   00:00:00       24657317 100%   11.69MB/s   00:00:02 (xfer#1283, to-check=1497/1752)
synthetic_009464/posterior_std.pt
         232019 100%   14.62MB/s   00:00:00 (xfer#1284, to-check=1498/1752)
synthetic_009464/posterior_variance.pt
         232054 100%   21.78MB/s   00:00:00 (xfer#1285, to-check=1499/1752)
synthetic_009465/
synthetic_009465/composite_mean.pt
         232026 100%   53.54MB/s   00:00:00 (xfer#1286, to-check=1501/1752)
synthetic_009465/metadata.json
           1798 100%   33.77MB/s   00:00:00 (xfer#1287, to-check=1502/1752)
synthetic_009465/posterior_mean.pt
         232026 100%   25.61MB/s   00:00:00 (xfer#1288, to-check=1503/1752)
synthetic_009465/posterior_samples.pt
        5079040  21%    9.14MB/s   00:00:02       10059776  41%    9.48MB/s   00:00:01       15171584  62%    9.73MB/s   00:00:00       19496960  79%    7.69MB/s   00:00:00       23396352  95%    7.30MB/s   00:00:00       24657317 100%    8.55MB/s   00:00:02 (xfer#1289, to-check=1504/1752)
synthetic_009465/posterior_std.pt
         232019 100%   44.90MB/s   00:00:00 (xfer#1290, to-check=1505/1752)
synthetic_009465/posterior_variance.pt
         232054 100%    6.82MB/s   00:00:00 (xfer#1291, to-check=1506/1752)
synthetic_009466/
synthetic_009466/composite_mean.pt
         232026 100%    8.02MB/s   00:00:00 (xfer#1292, to-check=1508/1752)
synthetic_009466/metadata.json
           1800 100%   14.43MB/s   00:00:00 (xfer#1293, to-check=1509/1752)
synthetic_009466/posterior_mean.pt
         232026 100%    6.57MB/s   00:00:00 (xfer#1294, to-check=1510/1752)
synthetic_009466/posterior_samples.pt
        3964928  16%    7.51MB/s   00:00:02        8421376  34%    8.44MB/s   00:00:01       13008896  53%    8.47MB/s   00:00:01       15794176  64%    5.25MB/s   00:00:01       18284544  74%    4.46MB/s   00:00:01       20905984  85%    4.74MB/s   00:00:00       23658496  96%    5.07MB/s   00:00:00       24657317 100%    6.16MB/s   00:00:03 (xfer#1295, to-check=1511/1752)
synthetic_009466/posterior_std.pt
         232019 100%   18.92MB/s   00:00:00 (xfer#1296, to-check=1512/1752)
synthetic_009466/posterior_variance.pt
         232054 100%    4.38MB/s   00:00:00 (xfer#1297, to-check=1513/1752)
synthetic_009467/
synthetic_009467/composite_mean.pt
         232026 100%    4.13MB/s   00:00:00 (xfer#1298, to-check=1515/1752)
synthetic_009467/metadata.json
           1797 100%   14.04MB/s   00:00:00 (xfer#1299, to-check=1516/1752)
synthetic_009467/posterior_mean.pt
         232026 100%    8.65MB/s   00:00:00 (xfer#1300, to-check=1517/1752)
synthetic_009467/posterior_samples.pt
        2326528   9%    4.27MB/s   00:00:04        5177344  21%    5.14MB/s   00:00:03        6979584  28%    3.34MB/s   00:00:05        8093696  33%    1.95MB/s   00:00:08        9142272  37%    1.99MB/s   00:00:07       10321920  42%    2.11MB/s   00:00:06       11534336  47%    2.31MB/s   00:00:05       12681216  51%    2.13MB/s   00:00:05       13860864  56%    2.16MB/s   00:00:04       15302656  62%    2.62MB/s   00:00:03       16875520  68%    2.91MB/s   00:00:02       18448384  75%    2.65MB/s   00:00:02       20152320  82%    3.20MB/s   00:00:01       22118400  90%    3.47MB/s   00:00:00       24084480  98%    3.62MB/s   00:00:00       24657317 100%    2.94MB/s   00:00:08 (xfer#1301, to-check=1518/1752)
synthetic_009467/posterior_std.pt
         232019 100%    7.45MB/s   00:00:00 (xfer#1302, to-check=1519/1752)
synthetic_009467/posterior_variance.pt
         232054 100%    2.01MB/s   00:00:00 (xfer#1303, to-check=1520/1752)
synthetic_009468/
synthetic_009468/composite_mean.pt
         232026 100%    4.14MB/s   00:00:00 (xfer#1304, to-check=1522/1752)
synthetic_009468/metadata.json
           1800 100%   11.92MB/s   00:00:00 (xfer#1305, to-check=1523/1752)
synthetic_009468/posterior_mean.pt
         232026 100%    1.64MB/s   00:00:00 (xfer#1306, to-check=1524/1752)
synthetic_009468/posterior_samples.pt
        1802240   7%    3.37MB/s   00:00:06        3571712  14%    3.08MB/s   00:00:06        5668864  23%    3.89MB/s   00:00:04        8028160  33%    4.10MB/s   00:00:03       10518528  43%    4.55MB/s   00:00:02       13008896  53%    4.72MB/s   00:00:02       15597568  63%    4.87MB/s   00:00:01       18350080  74%    5.25MB/s   00:00:01       21626880  88%    5.44MB/s   00:00:00       24281088  98%    4.74MB/s   00:00:00       24657317 100%    4.33MB/s   00:00:05 (xfer#1307, to-check=1525/1752)
synthetic_009468/posterior_std.pt
         232019 100%    2.65MB/s   00:00:00 (xfer#1308, to-check=1526/1752)
synthetic_009468/posterior_variance.pt
         232054 100%    2.76MB/s   00:00:00 (xfer#1309, to-check=1527/1752)
synthetic_009469/
synthetic_009469/composite_mean.pt
         232026 100%    1.73MB/s   00:00:00 (xfer#1310, to-check=1529/1752)
synthetic_009469/metadata.json
           1797 100%    9.42MB/s   00:00:00 (xfer#1311, to-check=1530/1752)
synthetic_009469/posterior_mean.pt
         232026 100%    1.21MB/s   00:00:00 (xfer#1312, to-check=1531/1752)
synthetic_009469/posterior_samples.pt
         688128   3%    1.31MB/s   00:00:17        1736704   7%    1.93MB/s   00:00:11        2785280  11%    1.99MB/s   00:00:10        3833856  16%    1.92MB/s   00:00:10        5013504  20%    2.14MB/s   00:00:08        6324224  26%    2.31MB/s   00:00:07        7766016  31%    2.36MB/s   00:00:06        8519680  35%    1.36MB/s   00:00:11        9601024  39%    1.70MB/s   00:00:08       10518528  43%    1.62MB/s   00:00:08       11206656  45%    1.30MB/s   00:00:09       11993088  49%    1.34MB/s   00:00:09       12779520  52%    1.31MB/s   00:00:08       13434880  54%    1.08MB/s   00:00:09       13959168  57%  700.69KB/s   00:00:14       14254080  58%  381.81KB/s   00:00:26       14516224  59%  451.26KB/s   00:00:21       14909440  60%  605.28KB/s   00:00:15       15171584  62%  424.92KB/s   00:00:21       15433728  63%  392.37KB/s   00:00:22       15826944  64%  581.02KB/s   00:00:14       16220160  66%  535.58KB/s   00:00:15       16613376  67%  656.31KB/s   00:00:11       17006592  69%  748.70KB/s   00:00:09       17530880  71% 1020.05KB/s   00:00:06       18087936  73%  929.62KB/s   00:00:06       18612224  75% 1020.31KB/s   00:00:05       19267584  78%    1.04MB/s   00:00:04       20054016  81%    1.28MB/s   00:00:03       20840448  85%    1.32MB/s   00:00:02       21757952  88%    1.63MB/s   00:00:01       22675456  92%    1.73MB/s   00:00:01       23822336  97%    2.05MB/s   00:00:00       24657317 100%    1.22MB/s   00:00:19 (xfer#1313, to-check=1532/1752)
synthetic_009469/posterior_std.pt
         232019 100%    2.77MB/s   00:00:00 (xfer#1314, to-check=1533/1752)
synthetic_009469/posterior_variance.pt
         232054 100%    3.36MB/s   00:00:00 (xfer#1315, to-check=1534/1752)
synthetic_009470/
synthetic_009470/composite_mean.pt
         232026 100%    3.62MB/s   00:00:00 (xfer#1316, to-check=1536/1752)
synthetic_009470/metadata.json
           1797 100%    5.71MB/s   00:00:00 (xfer#1317, to-check=1537/1752)
synthetic_009470/posterior_mean.pt
         232026 100%    1.91MB/s   00:00:00 (xfer#1318, to-check=1538/1752)
synthetic_009470/posterior_samples.pt
        1277952   5%    2.28MB/s   00:00:09        2719744  11%    2.72MB/s   00:00:07        4292608  17%    2.75MB/s   00:00:07        5996544  24%    3.04MB/s   00:00:05        7831552  32%    3.26MB/s   00:00:04        9306112  38%    2.59MB/s   00:00:05       10452992  42%    2.08MB/s   00:00:06       11632640  47%    2.15MB/s   00:00:05       12812288  52%    2.16MB/s   00:00:05       13991936  57%    2.17MB/s   00:00:04       15302656  62%    2.41MB/s   00:00:03       16744448  68%    2.17MB/s   00:00:03       17956864  73%    2.19MB/s   00:00:02       19136512  78%    2.10MB/s   00:00:02       20447232  83%    2.27MB/s   00:00:01       21757952  88%    2.34MB/s   00:00:01       23199744  94%    2.55MB/s   00:00:00       24510464  99%    2.43MB/s   00:00:00       24657317 100%    2.41MB/s   00:00:09 (xfer#1319, to-check=1539/1752)
synthetic_009470/posterior_std.pt
         232019 100%    5.38MB/s   00:00:00 (xfer#1320, to-check=1540/1752)
synthetic_009470/posterior_variance.pt
         232054 100%    2.18MB/s   00:00:00 (xfer#1321, to-check=1541/1752)
synthetic_009471/
synthetic_009471/composite_mean.pt
         232026 100%    3.88MB/s   00:00:00 (xfer#1322, to-check=1543/1752)
synthetic_009471/metadata.json
           1797 100%    2.87MB/s   00:00:00 (xfer#1323, to-check=1544/1752)
synthetic_009471/posterior_mean.pt
         232026 100%    3.10MB/s   00:00:00 (xfer#1324, to-check=1545/1752)
synthetic_009471/posterior_samples.pt
        1409024   6%    2.58MB/s   00:00:08        2850816  12%    2.48MB/s   00:00:08        4423680  18%    2.74MB/s   00:00:07        6127616  25%    3.16MB/s   00:00:05        7831552  32%    3.11MB/s   00:00:05        9666560  39%    3.31MB/s   00:00:04       11501568  47%    3.44MB/s   00:00:03       13467648  55%    3.62MB/s   00:00:02       15302656  62%    3.32MB/s   00:00:02       16482304  67%    2.11MB/s   00:00:03       18448384  75%    3.54MB/s   00:00:01       20414464  83%    3.75MB/s   00:00:01       21692416  88%    2.37MB/s   00:00:01       22872064  93%    2.16MB/s   00:00:00       24444928  99%    2.86MB/s   00:00:00       24657317 100%    2.95MB/s   00:00:07 (xfer#1325, to-check=1546/1752)
synthetic_009471/posterior_std.pt
         232019 100%   95.41MB/s   00:00:00 (xfer#1326, to-check=1547/1752)
synthetic_009471/posterior_variance.pt
         232054 100%    4.99MB/s   00:00:00 (xfer#1327, to-check=1548/1752)
synthetic_009472/
synthetic_009472/composite_mean.pt
         232026 100%    2.14MB/s   00:00:00 (xfer#1328, to-check=1550/1752)
synthetic_009472/metadata.json
           1799 100%    6.65MB/s   00:00:00 (xfer#1329, to-check=1551/1752)
synthetic_009472/posterior_mean.pt
         232026 100%    3.49MB/s   00:00:00 (xfer#1330, to-check=1552/1752)
synthetic_009472/posterior_samples.pt
        1507328   6%    2.77MB/s   00:00:07        3080192  12%    2.88MB/s   00:00:07        4521984  18%    2.67MB/s   00:00:07        6225920  25%    3.13MB/s   00:00:05        7798784  32%    2.97MB/s   00:00:05        9371648  38%    2.42MB/s   00:00:06       10682368  43%    2.35MB/s   00:00:05       12255232  50%    2.89MB/s   00:00:04       13959168  57%    3.11MB/s   00:00:03       16056320  65%    3.80MB/s   00:00:02       18415616  75%    4.22MB/s   00:00:01       20512768  83%    3.84MB/s   00:00:01       22740992  92%    4.17MB/s   00:00:00       24657317 100%    3.22MB/s   00:00:07 (xfer#1331, to-check=1553/1752)
synthetic_009472/posterior_std.pt
         232019 100%   11.82MB/s   00:00:00 (xfer#1332, to-check=1554/1752)
synthetic_009472/posterior_variance.pt
         232054 100%    3.00MB/s   00:00:00 (xfer#1333, to-check=1555/1752)
synthetic_009473/
synthetic_009473/composite_mean.pt
         232026 100%    3.69MB/s   00:00:00 (xfer#1334, to-check=1557/1752)
synthetic_009473/metadata.json
           1799 100%    2.64MB/s   00:00:00 (xfer#1335, to-check=1558/1752)
synthetic_009473/posterior_mean.pt
         232026 100%    7.27MB/s   00:00:00 (xfer#1336, to-check=1559/1752)
synthetic_009473/posterior_samples.pt
        1736704   7%    3.22MB/s   00:00:06        3538944  14%    3.19MB/s   00:00:06        5111808  21%    2.75MB/s   00:00:06        6684672  27%    2.94MB/s   00:00:05        8257536  33%    3.00MB/s   00:00:05        9961472  40%    3.02MB/s   00:00:04       11403264  46%    2.66MB/s   00:00:04       12845056  52%    2.72MB/s   00:00:04       14417920  58%    2.82MB/s   00:00:03       15597568  63%    1.91MB/s   00:00:04       16908288  69%    2.31MB/s   00:00:03       18087936  73%    2.25MB/s   00:00:02       18874368  77%    1.17MB/s   00:00:04       20185088  82%    1.91MB/s   00:00:02       21757952  88%    2.56MB/s   00:00:01       23068672  94%    2.42MB/s   00:00:00       24379392  99%    2.48MB/s   00:00:00       24657317 100%    2.49MB/s   00:00:09 (xfer#1337, to-check=1560/1752)
synthetic_009473/posterior_std.pt
         232019 100%  788.38KB/s   00:00:00 (xfer#1338, to-check=1561/1752)
synthetic_009473/posterior_variance.pt
         232054 100%    1.14MB/s   00:00:00 (xfer#1339, to-check=1562/1752)
synthetic_009474/
synthetic_009474/composite_mean.pt
         232026 100%    2.95MB/s   00:00:00 (xfer#1340, to-check=1564/1752)
synthetic_009474/metadata.json
           1797 100%    2.10MB/s   00:00:00 (xfer#1341, to-check=1565/1752)
synthetic_009474/posterior_mean.pt
         232026 100%    1.20MB/s   00:00:00 (xfer#1342, to-check=1566/1752)
synthetic_009474/posterior_samples.pt
         917504   4%    1.61MB/s   00:00:14        1703936   7%    1.20MB/s   00:00:18        3276800  13%    2.95MB/s   00:00:06        4063232  16%    1.46MB/s   00:00:13        5144576  21%    2.06MB/s   00:00:09        6553600  27%    2.58MB/s   00:00:06        7995392  32%    2.74MB/s   00:00:05        9437184  38%    2.57MB/s   00:00:05       11010048  45%    2.68MB/s   00:00:04       12845056  52%    3.49MB/s   00:00:03       14417920  58%    2.91MB/s   00:00:03       16121856  65%    2.89MB/s   00:00:02       18087936  73%    3.45MB/s   00:00:01       20054016  81%    3.43MB/s   00:00:01       22151168  90%    3.97MB/s   00:00:00       24379392  99%    3.98MB/s   00:00:00       24657317 100%    2.73MB/s   00:00:08 (xfer#1343, to-check=1567/1752)
synthetic_009474/posterior_std.pt
         232019 100%   10.23MB/s   00:00:00 (xfer#1344, to-check=1568/1752)
synthetic_009474/posterior_variance.pt
         232054 100%    3.75MB/s   00:00:00 (xfer#1345, to-check=1569/1752)
synthetic_009475/
synthetic_009475/composite_mean.pt
         232026 100%   25.10MB/s   00:00:00 (xfer#1346, to-check=1571/1752)
synthetic_009475/metadata.json
           1800 100%    7.95MB/s   00:00:00 (xfer#1347, to-check=1572/1752)
synthetic_009475/posterior_mean.pt
         232026 100%    3.79MB/s   00:00:00 (xfer#1348, to-check=1573/1752)
synthetic_009475/posterior_samples.pt
        2293760   9%    4.33MB/s   00:00:04        4653056  19%    4.48MB/s   00:00:04        7143424  29%    4.73MB/s   00:00:03        9633792  39%    4.65MB/s   00:00:03       12648448  51%    5.50MB/s   00:00:02       15925248  65%    5.83MB/s   00:00:01       19333120  78%    6.25MB/s   00:00:00       23265280  94%    7.44MB/s   00:00:00       24657317 100%    5.45MB/s   00:00:04 (xfer#1349, to-check=1574/1752)
synthetic_009475/posterior_std.pt
         232019 100%  142.65MB/s   00:00:00 (xfer#1350, to-check=1575/1752)
synthetic_009475/posterior_variance.pt
         232054 100%   12.02MB/s   00:00:00 (xfer#1351, to-check=1576/1752)
synthetic_009476/
synthetic_009476/composite_mean.pt
         232026 100%   20.16MB/s   00:00:00 (xfer#1352, to-check=1578/1752)
synthetic_009476/metadata.json
           1798 100%   10.20MB/s   00:00:00 (xfer#1353, to-check=1579/1752)
synthetic_009476/posterior_mean.pt
         232026 100%    4.93MB/s   00:00:00 (xfer#1354, to-check=1580/1752)
synthetic_009476/posterior_samples.pt
        3637248  15%    6.87MB/s   00:00:02        7634944  31%    7.53MB/s   00:00:02       11567104  47%    7.40MB/s   00:00:01       15368192  62%    7.14MB/s   00:00:01       19300352  78%    7.22MB/s   00:00:00       23363584  95%    7.51MB/s   00:00:00       24657317 100%    7.03MB/s   00:00:03 (xfer#1355, to-check=1581/1752)
synthetic_009476/posterior_std.pt
         232019 100%   92.20MB/s   00:00:00 (xfer#1356, to-check=1582/1752)
synthetic_009476/posterior_variance.pt
         232054 100%   10.65MB/s   00:00:00 (xfer#1357, to-check=1583/1752)
synthetic_009477/
synthetic_009477/composite_mean.pt
         232026 100%   21.26MB/s   00:00:00 (xfer#1358, to-check=1585/1752)
synthetic_009477/metadata.json
           1799 100%    8.33MB/s   00:00:00 (xfer#1359, to-check=1586/1752)
synthetic_009477/posterior_mean.pt
         232026 100%    4.01MB/s   00:00:00 (xfer#1360, to-check=1587/1752)
synthetic_009477/posterior_samples.pt
        3309568  13%    6.26MB/s   00:00:03        5242880  21%    3.65MB/s   00:00:05        7897088  32%    5.06MB/s   00:00:03       10616832  43%    4.58MB/s   00:00:02       13107200  53%    4.21MB/s   00:00:02       15990784  65%    5.35MB/s   00:00:01       18612224  75%    4.67MB/s   00:00:01       21233664  86%    4.57MB/s   00:00:00       24117248  98%    5.37MB/s   00:00:00       24657317 100%    4.74MB/s   00:00:04 (xfer#1361, to-check=1588/1752)
synthetic_009477/posterior_std.pt
         232019 100%  134.84MB/s   00:00:00 (xfer#1362, to-check=1589/1752)
synthetic_009477/posterior_variance.pt
         232054 100%    5.80MB/s   00:00:00 (xfer#1363, to-check=1590/1752)
synthetic_009478/
synthetic_009478/composite_mean.pt
         232026 100%    6.57MB/s   00:00:00 (xfer#1364, to-check=1592/1752)
synthetic_009478/metadata.json
           1798 100%   16.02MB/s   00:00:00 (xfer#1365, to-check=1593/1752)
synthetic_009478/posterior_mean.pt
         232026 100%    8.57MB/s   00:00:00 (xfer#1366, to-check=1594/1752)
synthetic_009478/posterior_samples.pt
        3014656  12%    5.46MB/s   00:00:03        6029312  24%    5.71MB/s   00:00:03        9175040  37%    5.70MB/s   00:00:02       12189696  49%    5.48MB/s   00:00:02       15073280  61%    5.35MB/s   00:00:01       18350080  74%    6.21MB/s   00:00:00       20840448  85%    4.45MB/s   00:00:00       24248320  98%    6.45MB/s   00:00:00       24657317 100%    5.56MB/s   00:00:04 (xfer#1367, to-check=1595/1752)
synthetic_009478/posterior_std.pt
         232019 100%   16.03MB/s   00:00:00 (xfer#1368, to-check=1596/1752)
synthetic_009478/posterior_variance.pt
         232054 100%   14.94MB/s   00:00:00 (xfer#1369, to-check=1597/1752)
synthetic_009479/
synthetic_009479/composite_mean.pt
         232026 100%    5.90MB/s   00:00:00 (xfer#1370, to-check=1599/1752)
synthetic_009479/metadata.json
           1798 100%   16.16MB/s   00:00:00 (xfer#1371, to-check=1600/1752)
synthetic_009479/posterior_mean.pt
         232026 100%    8.83MB/s   00:00:00 (xfer#1372, to-check=1601/1752)
synthetic_009479/posterior_samples.pt
        3244032  13%    6.12MB/s   00:00:03        7045120  29%    7.03MB/s   00:00:02       10321920  42%    6.06MB/s   00:00:02       14254080  58%    7.22MB/s   00:00:01       18448384  75%    7.59MB/s   00:00:00       21987328  89%    6.50MB/s   00:00:00       24657317 100%    6.48MB/s   00:00:03 (xfer#1373, to-check=1602/1752)
synthetic_009479/posterior_std.pt
         232019 100%  117.51MB/s   00:00:00 (xfer#1374, to-check=1603/1752)
synthetic_009479/posterior_variance.pt
         232054 100%    8.57MB/s   00:00:00 (xfer#1375, to-check=1604/1752)
synthetic_009480/
synthetic_009480/composite_mean.pt
         232026 100%   10.04MB/s   00:00:00 (xfer#1376, to-check=1606/1752)
synthetic_009480/metadata.json
           1799 100%   26.85MB/s   00:00:00 (xfer#1377, to-check=1607/1752)
synthetic_009480/posterior_mean.pt
         232026 100%   19.81MB/s   00:00:00 (xfer#1378, to-check=1608/1752)
synthetic_009480/posterior_samples.pt
        3145728  13%    5.40MB/s   00:00:03        5111808  21%    3.51MB/s   00:00:05        8126464  33%    5.34MB/s   00:00:02       11403264  46%    6.15MB/s   00:00:02       15335424  62%    7.24MB/s   00:00:01       18350080  74%    5.60MB/s   00:00:01       21889024  89%    6.62MB/s   00:00:00       24657317 100%    5.72MB/s   00:00:04 (xfer#1379, to-check=1609/1752)
synthetic_009480/posterior_std.pt
         232019 100%  121.25MB/s   00:00:00 (xfer#1380, to-check=1610/1752)
synthetic_009480/posterior_variance.pt
         232054 100%   11.46MB/s   00:00:00 (xfer#1381, to-check=1611/1752)
synthetic_009481/
synthetic_009481/composite_mean.pt
         232026 100%   13.44MB/s   00:00:00 (xfer#1382, to-check=1613/1752)
synthetic_009481/metadata.json
           1798 100%   24.13MB/s   00:00:00 (xfer#1383, to-check=1614/1752)
synthetic_009481/posterior_mean.pt
         232026 100%    5.58MB/s   00:00:00 (xfer#1384, to-check=1615/1752)
synthetic_009481/posterior_samples.pt
        4063232  16%    7.73MB/s   00:00:02        8388608  34%    8.17MB/s   00:00:01       12451840  50%    7.25MB/s   00:00:01       16646144  68%    7.78MB/s   00:00:00       21626880  88%    8.38MB/s   00:00:00       24657317 100%    7.74MB/s   00:00:03 (xfer#1385, to-check=1616/1752)
synthetic_009481/posterior_std.pt
         232019 100%  116.21MB/s   00:00:00 (xfer#1386, to-check=1617/1752)
synthetic_009481/posterior_variance.pt
         232054 100%   13.87MB/s   00:00:00 (xfer#1387, to-check=1618/1752)
synthetic_009482/
synthetic_009482/composite_mean.pt
         232026 100%   66.09MB/s   00:00:00 (xfer#1388, to-check=1620/1752)
synthetic_009482/metadata.json
           1799 100%   25.61MB/s   00:00:00 (xfer#1389, to-check=1621/1752)
synthetic_009482/posterior_mean.pt
         232026 100%    2.43MB/s   00:00:00 (xfer#1390, to-check=1622/1752)
synthetic_009482/posterior_samples.pt
        3997696  16%    7.48MB/s   00:00:02        8454144  34%    8.46MB/s   00:00:01       12648448  51%    7.95MB/s   00:00:01       16973824  69%    8.21MB/s   00:00:00       19202048  78%    4.02MB/s   00:00:01       23265280  94%    7.42MB/s   00:00:00       24657317 100%    7.25MB/s   00:00:03 (xfer#1391, to-check=1623/1752)
synthetic_009482/posterior_std.pt
         232019 100%   72.97MB/s   00:00:00 (xfer#1392, to-check=1624/1752)
synthetic_009482/posterior_variance.pt
         232054 100%  231.48MB/s   00:00:00 (xfer#1393, to-check=1625/1752)
synthetic_009483/
synthetic_009483/composite_mean.pt
         232026 100%    8.75MB/s   00:00:00 (xfer#1394, to-check=1627/1752)
synthetic_009483/metadata.json
           1798 100%    7.42MB/s   00:00:00 (xfer#1395, to-check=1628/1752)
synthetic_009483/posterior_mean.pt
         232026 100%    4.03MB/s   00:00:00 (xfer#1396, to-check=1629/1752)
synthetic_009483/posterior_samples.pt
        2654208  11%    5.04MB/s   00:00:04        6356992  26%    7.04MB/s   00:00:02        9699328  39%    6.37MB/s   00:00:02       11993088  49%    4.36MB/s   00:00:02       15138816  61%    5.95MB/s   00:00:01       18415616  75%    5.26MB/s   00:00:01       22872064  93%    8.49MB/s   00:00:00       24657317 100%    6.03MB/s   00:00:03 (xfer#1397, to-check=1630/1752)
synthetic_009483/posterior_std.pt
         232019 100%  112.03MB/s   00:00:00 (xfer#1398, to-check=1631/1752)
synthetic_009483/posterior_variance.pt
         232054 100%  172.60MB/s   00:00:00 (xfer#1399, to-check=1632/1752)
synthetic_009484/
synthetic_009484/composite_mean.pt
         232026 100%    2.77MB/s   00:00:00 (xfer#1400, to-check=1634/1752)
synthetic_009484/metadata.json
           1798 100%   18.88MB/s   00:00:00 (xfer#1401, to-check=1635/1752)
synthetic_009484/posterior_mean.pt
         232026 100%  128.21MB/s   00:00:00 (xfer#1402, to-check=1636/1752)
synthetic_009484/posterior_samples.pt
        3702784  15%    6.96MB/s   00:00:02        7307264  30%    6.86MB/s   00:00:02       10846208  44%    6.73MB/s   00:00:01       15302656  62%    8.42MB/s   00:00:01       20283392  82%    8.97MB/s   00:00:00       24657317 100%    7.80MB/s   00:00:03 (xfer#1403, to-check=1637/1752)
synthetic_009484/posterior_std.pt
         232019 100%   26.31MB/s   00:00:00 (xfer#1404, to-check=1638/1752)
synthetic_009484/posterior_variance.pt
         232054 100%   24.21MB/s   00:00:00 (xfer#1405, to-check=1639/1752)
synthetic_009485/
synthetic_009485/composite_mean.pt
         232026 100%   15.10MB/s   00:00:00 (xfer#1406, to-check=1641/1752)
synthetic_009485/metadata.json
           1797 100%   28.52MB/s   00:00:00 (xfer#1407, to-check=1642/1752)
synthetic_009485/posterior_mean.pt
         232026 100%   12.26MB/s   00:00:00 (xfer#1408, to-check=1643/1752)
synthetic_009485/posterior_samples.pt
        5996544  24%   11.20MB/s   00:00:01       11141120  45%    8.81MB/s   00:00:01       15204352  62%    7.65MB/s   00:00:01       19267584  78%    7.71MB/s   00:00:00       23724032  96%    8.36MB/s   00:00:00       24657317 100%    8.69MB/s   00:00:02 (xfer#1409, to-check=1644/1752)
synthetic_009485/posterior_std.pt
         232019 100%   67.66MB/s   00:00:00 (xfer#1410, to-check=1645/1752)
synthetic_009485/posterior_variance.pt
         232054 100%   10.70MB/s   00:00:00 (xfer#1411, to-check=1646/1752)
synthetic_009486/
synthetic_009486/composite_mean.pt
         232026 100%   11.80MB/s   00:00:00 (xfer#1412, to-check=1648/1752)
synthetic_009486/metadata.json
           1798 100%   13.94MB/s   00:00:00 (xfer#1413, to-check=1649/1752)
synthetic_009486/posterior_mean.pt
         232026 100%    8.67MB/s   00:00:00 (xfer#1414, to-check=1650/1752)
synthetic_009486/posterior_samples.pt
        4456448  18%    8.50MB/s   00:00:02        8519680  35%    7.72MB/s   00:00:01       13631488  55%    9.71MB/s   00:00:01       18350080  74%    8.81MB/s   00:00:00       22806528  92%    8.46MB/s   00:00:00       24657317 100%    8.60MB/s   00:00:02 (xfer#1415, to-check=1651/1752)
synthetic_009486/posterior_std.pt
         232019 100%  150.22MB/s   00:00:00 (xfer#1416, to-check=1652/1752)
synthetic_009486/posterior_variance.pt
         232054 100%  175.90MB/s   00:00:00 (xfer#1417, to-check=1653/1752)
synthetic_009487/
synthetic_009487/composite_mean.pt
         232026 100%    9.07MB/s   00:00:00 (xfer#1418, to-check=1655/1752)
synthetic_009487/metadata.json
           1797 100%   18.82MB/s   00:00:00 (xfer#1419, to-check=1656/1752)
synthetic_009487/posterior_mean.pt
         232026 100%    9.58MB/s   00:00:00 (xfer#1420, to-check=1657/1752)
synthetic_009487/posterior_samples.pt
        4325376  18%    8.16MB/s   00:00:02        9437184  38%    9.72MB/s   00:00:01       14024704  57%    8.51MB/s   00:00:01       18219008  74%    7.95MB/s   00:00:00       23068672  94%    8.12MB/s   00:00:00       24657317 100%    8.32MB/s   00:00:02 (xfer#1421, to-check=1658/1752)
synthetic_009487/posterior_std.pt
         232019 100%   85.11MB/s   00:00:00 (xfer#1422, to-check=1659/1752)
synthetic_009487/posterior_variance.pt
         232054 100%   23.57MB/s   00:00:00 (xfer#1423, to-check=1660/1752)
synthetic_009488/
synthetic_009488/composite_mean.pt
         232026 100%    5.20MB/s   00:00:00 (xfer#1424, to-check=1662/1752)
synthetic_009488/metadata.json
           1798 100%    8.49MB/s   00:00:00 (xfer#1425, to-check=1663/1752)
synthetic_009488/posterior_mean.pt
         232026 100%    4.99MB/s   00:00:00 (xfer#1426, to-check=1664/1752)
synthetic_009488/posterior_samples.pt
        3932160  16%    7.48MB/s   00:00:02        7864320  32%    7.32MB/s   00:00:02       12451840  50%    8.14MB/s   00:00:01       16908288  69%    8.45MB/s   00:00:00       21495808  87%    8.69MB/s   00:00:00       24657317 100%    8.05MB/s   00:00:02 (xfer#1427, to-check=1665/1752)
synthetic_009488/posterior_std.pt
         232019 100%  152.62MB/s   00:00:00 (xfer#1428, to-check=1666/1752)
synthetic_009488/posterior_variance.pt
         232054 100%  292.72MB/s   00:00:00 (xfer#1429, to-check=1667/1752)
synthetic_009489/
synthetic_009489/composite_mean.pt
         232026 100%    3.61MB/s   00:00:00 (xfer#1430, to-check=1669/1752)
synthetic_009489/metadata.json
           1799 100%    4.24MB/s   00:00:00 (xfer#1431, to-check=1670/1752)
synthetic_009489/posterior_mean.pt
         232026 100%   18.77MB/s   00:00:00 (xfer#1432, to-check=1671/1752)
synthetic_009489/posterior_samples.pt
        3276800  13%    6.20MB/s   00:00:03        8388608  34%    8.69MB/s   00:00:01       13238272  54%    9.21MB/s   00:00:01       17039360  69%    7.12MB/s   00:00:01       20971520  85%    7.23MB/s   00:00:00       24657317 100%    7.70MB/s   00:00:03 (xfer#1433, to-check=1672/1752)
synthetic_009489/posterior_std.pt
         232019 100%  150.61MB/s   00:00:00 (xfer#1434, to-check=1673/1752)
synthetic_009489/posterior_variance.pt
         232054 100%   13.23MB/s   00:00:00 (xfer#1435, to-check=1674/1752)
synthetic_009490/
synthetic_009490/composite_mean.pt
         232026 100%   15.29MB/s   00:00:00 (xfer#1436, to-check=1676/1752)
synthetic_009490/metadata.json
           1798 100%    8.98MB/s   00:00:00 (xfer#1437, to-check=1677/1752)
synthetic_009490/posterior_mean.pt
         232026 100%    4.81MB/s   00:00:00 (xfer#1438, to-check=1678/1752)
synthetic_009490/posterior_samples.pt
        3964928  16%    7.51MB/s   00:00:02        7897088  32%    7.37MB/s   00:00:02       11698176  47%    7.12MB/s   00:00:01       14974976  61%    5.82MB/s   00:00:01       19169280  78%    7.96MB/s   00:00:00       22970368  93%    7.22MB/s   00:00:00       24657317 100%    7.10MB/s   00:00:03 (xfer#1439, to-check=1679/1752)
synthetic_009490/posterior_std.pt
         232019 100%   90.20MB/s   00:00:00 (xfer#1440, to-check=1680/1752)
synthetic_009490/posterior_variance.pt
         232054 100%  209.39MB/s   00:00:00 (xfer#1441, to-check=1681/1752)
synthetic_009491/
synthetic_009491/composite_mean.pt
         232026 100%    5.53MB/s   00:00:00 (xfer#1442, to-check=1683/1752)
synthetic_009491/metadata.json
           1799 100%    6.91MB/s   00:00:00 (xfer#1443, to-check=1684/1752)
synthetic_009491/posterior_mean.pt
         232026 100%   13.21MB/s   00:00:00 (xfer#1444, to-check=1685/1752)
synthetic_009491/posterior_samples.pt
        4259840  17%    7.75MB/s   00:00:02        8585216  35%    7.79MB/s   00:00:01       13303808  54%    8.86MB/s   00:00:01       16416768  67%    5.88MB/s   00:00:01       19693568  80%    6.05MB/s   00:00:00       23232512  94%    6.75MB/s   00:00:00       24657317 100%    7.19MB/s   00:00:03 (xfer#1445, to-check=1686/1752)
synthetic_009491/posterior_std.pt
         232019 100%  146.52MB/s   00:00:00 (xfer#1446, to-check=1687/1752)
synthetic_009491/posterior_variance.pt
         232054 100%   13.61MB/s   00:00:00 (xfer#1447, to-check=1688/1752)
synthetic_009492/
synthetic_009492/composite_mean.pt
         232026 100%    6.65MB/s   00:00:00 (xfer#1448, to-check=1690/1752)
synthetic_009492/metadata.json
           1798 100%    7.15MB/s   00:00:00 (xfer#1449, to-check=1691/1752)
synthetic_009492/posterior_mean.pt
         232026 100%    5.91MB/s   00:00:00 (xfer#1450, to-check=1692/1752)
synthetic_009492/posterior_samples.pt
        4358144  18%    8.24MB/s   00:00:02        8683520  35%    8.03MB/s   00:00:01       12615680  51%    7.49MB/s   00:00:01       16154624  66%    6.67MB/s   00:00:01       19562496  79%    6.15MB/s   00:00:00       24150016  98%    8.75MB/s   00:00:00       24657317 100%    7.47MB/s   00:00:03 (xfer#1451, to-check=1693/1752)
synthetic_009492/posterior_std.pt
         232019 100%  173.12MB/s   00:00:00 (xfer#1452, to-check=1694/1752)
synthetic_009492/posterior_variance.pt
         232054 100%  106.19MB/s   00:00:00 (xfer#1453, to-check=1695/1752)
synthetic_009493/
synthetic_009493/composite_mean.pt
         232026 100%    7.61MB/s   00:00:00 (xfer#1454, to-check=1697/1752)
synthetic_009493/metadata.json
           1798 100%    6.30MB/s   00:00:00 (xfer#1455, to-check=1698/1752)
synthetic_009493/posterior_mean.pt
         232026 100%   16.86MB/s   00:00:00 (xfer#1456, to-check=1699/1752)
synthetic_009493/posterior_samples.pt
        4489216  18%    8.54MB/s   00:00:02       10387456  42%   11.05MB/s   00:00:01       15990784  65%   10.56MB/s   00:00:00       19922944  81%    7.45MB/s   00:00:00       24657317 100%    9.55MB/s   00:00:02 (xfer#1457, to-check=1700/1752)
synthetic_009493/posterior_std.pt
         232019 100%   36.18MB/s   00:00:00 (xfer#1458, to-check=1701/1752)
synthetic_009493/posterior_variance.pt
         232054 100%   28.91MB/s   00:00:00 (xfer#1459, to-check=1702/1752)
synthetic_009494/
synthetic_009494/composite_mean.pt
         232026 100%    9.15MB/s   00:00:00 (xfer#1460, to-check=1704/1752)
synthetic_009494/metadata.json
           1799 100%    6.55MB/s   00:00:00 (xfer#1461, to-check=1705/1752)
synthetic_009494/posterior_mean.pt
         232026 100%    4.94MB/s   00:00:00 (xfer#1462, to-check=1706/1752)
synthetic_009494/posterior_samples.pt
        4816896  20%    8.85MB/s   00:00:02        9404416  38%    8.56MB/s   00:00:01       14680064  60%   10.06MB/s   00:00:00       19628032  80%    9.30MB/s   00:00:00       24657317 100%    9.25MB/s   00:00:02 (xfer#1463, to-check=1707/1752)
synthetic_009494/posterior_std.pt
         232019 100%  134.19MB/s   00:00:00 (xfer#1464, to-check=1708/1752)
synthetic_009494/posterior_variance.pt
         232054 100%  246.47MB/s   00:00:00 (xfer#1465, to-check=1709/1752)
synthetic_009495/
synthetic_009495/composite_mean.pt
         232026 100%    8.46MB/s   00:00:00 (xfer#1466, to-check=1711/1752)
synthetic_009495/metadata.json
           1800 100%    7.40MB/s   00:00:00 (xfer#1467, to-check=1712/1752)
synthetic_009495/posterior_mean.pt
         232026 100%   43.42MB/s   00:00:00 (xfer#1468, to-check=1713/1752)
synthetic_009495/posterior_samples.pt
        5734400  23%   10.94MB/s   00:00:01       11173888  45%   10.15MB/s   00:00:01       16941056  69%   10.96MB/s   00:00:00       21397504  87%    8.49MB/s   00:00:00       24657317 100%    9.91MB/s   00:00:02 (xfer#1469, to-check=1714/1752)
synthetic_009495/posterior_std.pt
         232019 100%  167.73MB/s   00:00:00 (xfer#1470, to-check=1715/1752)
synthetic_009495/posterior_variance.pt
         232054 100%  206.64MB/s   00:00:00 (xfer#1471, to-check=1716/1752)
synthetic_009496/
synthetic_009496/composite_mean.pt
         232026 100%   23.33MB/s   00:00:00 (xfer#1472, to-check=1718/1752)
synthetic_009496/metadata.json
           1798 100%   10.93MB/s   00:00:00 (xfer#1473, to-check=1719/1752)
synthetic_009496/posterior_mean.pt
         232026 100%    5.79MB/s   00:00:00 (xfer#1474, to-check=1720/1752)
synthetic_009496/posterior_samples.pt
        4653056  19%    8.76MB/s   00:00:02        9502720  39%    9.14MB/s   00:00:01       14876672  60%   10.14MB/s   00:00:00       20774912  84%   10.50MB/s   00:00:00       24657317 100%    9.69MB/s   00:00:02 (xfer#1475, to-check=1721/1752)
synthetic_009496/posterior_std.pt
         232019 100%  124.81MB/s   00:00:00 (xfer#1476, to-check=1722/1752)
synthetic_009496/posterior_variance.pt
         232054 100%    3.51MB/s   00:00:00 (xfer#1477, to-check=1723/1752)
synthetic_009497/
synthetic_009497/composite_mean.pt
         232026 100%   13.45MB/s   00:00:00 (xfer#1478, to-check=1725/1752)
synthetic_009497/metadata.json
           1799 100%    6.60MB/s   00:00:00 (xfer#1479, to-check=1726/1752)
synthetic_009497/posterior_mean.pt
         232026 100%   17.52MB/s   00:00:00 (xfer#1480, to-check=1727/1752)
synthetic_009497/posterior_samples.pt
        6979584  28%   13.09MB/s   00:00:01       14057472  57%   13.39MB/s   00:00:00       19300352  78%    9.98MB/s   00:00:00       24657317 100%   12.33MB/s   00:00:01 (xfer#1481, to-check=1728/1752)
synthetic_009497/posterior_std.pt
         232019 100%  136.50MB/s   00:00:00 (xfer#1482, to-check=1729/1752)
synthetic_009497/posterior_variance.pt
         232054 100%  227.73MB/s   00:00:00 (xfer#1483, to-check=1730/1752)
synthetic_009498/
synthetic_009498/composite_mean.pt
         232026 100%   30.61MB/s   00:00:00 (xfer#1484, to-check=1732/1752)
synthetic_009498/metadata.json
           1798 100%    8.88MB/s   00:00:00 (xfer#1485, to-check=1733/1752)
synthetic_009498/posterior_mean.pt
         232026 100%   12.05MB/s   00:00:00 (xfer#1486, to-check=1734/1752)
synthetic_009498/posterior_samples.pt
        6717440  27%   12.76MB/s   00:00:01       13402112  54%   12.36MB/s   00:00:00       20348928  83%   13.08MB/s   00:00:00       24657317 100%   12.26MB/s   00:00:01 (xfer#1487, to-check=1735/1752)
synthetic_009498/posterior_std.pt
         232019 100%  148.49MB/s   00:00:00 (xfer#1488, to-check=1736/1752)
synthetic_009498/posterior_variance.pt
         232054 100%  195.50MB/s   00:00:00 (xfer#1489, to-check=1737/1752)
synthetic_009499/
synthetic_009499/composite_mean.pt
         232026 100%  190.58MB/s   00:00:00 (xfer#1490, to-check=1739/1752)
synthetic_009499/metadata.json
           1799 100%    6.22MB/s   00:00:00 (xfer#1491, to-check=1740/1752)
synthetic_009499/posterior_mean.pt
         232026 100%   10.95MB/s   00:00:00 (xfer#1492, to-check=1741/1752)
synthetic_009499/posterior_samples.pt
        6422528  26%   12.07MB/s   00:00:01       12058624  49%    9.84MB/s   00:00:01       19136512  78%   13.47MB/s   00:00:00       24657317 100%   11.73MB/s   00:00:02 (xfer#1493, to-check=1742/1752)
synthetic_009499/posterior_std.pt
         232019 100%  160.71MB/s   00:00:00 (xfer#1494, to-check=1743/1752)
synthetic_009499/posterior_variance.pt
         232054 100%  199.02MB/s   00:00:00 (xfer#1495, to-check=1744/1752)
synthetic_009500/
synthetic_009500/composite_mean.pt
         232026 100%   27.72MB/s   00:00:00 (xfer#1496, to-check=1746/1752)
synthetic_009500/metadata.json
           1799 100%    8.94MB/s   00:00:00 (xfer#1497, to-check=1747/1752)
synthetic_009500/posterior_mean.pt
         232026 100%   13.55MB/s   00:00:00 (xfer#1498, to-check=1748/1752)
synthetic_009500/posterior_samples.pt
        5242880  21%    8.71MB/s   00:00:02       11599872  47%   11.50MB/s   00:00:01       17235968  70%    9.89MB/s   00:00:00       22839296  93%   10.63MB/s   00:00:00       24657317 100%    9.75MB/s   00:00:02 (xfer#1499, to-check=1749/1752)
synthetic_009500/posterior_std.pt
         232019 100%   81.20MB/s   00:00:00 (xfer#1500, to-check=1750/1752)
synthetic_009500/posterior_variance.pt
         232054 100%   22.60MB/s   00:00:00 (xfer#1501, to-check=1751/1752)

sent 6398M bytes  received 34548 bytes  7908k bytes/sec
total size is 6397M  speedup is 1.00
Transfer starting: 2 files
batch_0038_external_evaluation_manifest.csv
batch_0038_manifest.csv

sent 92753 bytes  received 64 bytes  350k bytes/sec
total size is 92484  speedup is 1.00
Transfer starting: 2 files
br_lora_batch_0038_mac_sha256.txt
br_lora_batch_0038_production_audit.json

sent 156k bytes  received 64 bytes  395k bytes/sec
total size is 156k  speedup is 1.00

===== FALCON TRANSFER VERIFICATION =====
Case directories : 250
Files checksummed: 1501
Mac/Falcon SHA256: IDENTICAL

==============================================================================
BR-LoRA FALCON BATCH ACCEPTANCE
==============================================================================

Batch                    : batch_0038
Batch directory          : /scratch/bhanug/br_lora_library/batches/batch_0038
Current master           : /scratch/bhanug/br_lora_library/manifests/br_lora_library_manifest.csv

===== TRANSFER CHECK =====
Files                    : 1501
Mac/Falcon SHA-256       : IDENTICAL

===== MAC PRODUCTION AUDIT =====
Status                   : PASS
Cases                    : 250
Posterior samples        : 100
Evaluation seed          : 42
Execution manifest hash  : MATCH

===== MASTER PRE-STATE =====
Rows                     : 9250
Library IDs              : synthetic_000001 to synthetic_009250
Current master SHA-256   : a5c4a173c03b54c0fc06d7317c708c9700a417f80133e7c1b7330300f8221aad

==============================================================================
BATCH ACCEPTANCE: PASS
==============================================================================

Accepted batch           : batch_0038
Accepted cases           : 250
Master rows before       : 9250
Master rows after        : 9500
Library IDs              : synthetic_000001 to synthetic_009500
Unique pair keys         : 9500
Unique donor slices      : 9500
Unique external bases    : 7724
Master SHA-256           : e6000e47b2172ad98a17abfe3ff1874fae8b6768dd9a43a60c086261af7bff3f
Acceptance audit         : /scratch/bhanug/br_lora_library/audits/br_lora_batch_0038_acceptance.json
Pre-promotion snapshot   : /scratch/bhanug/br_lora_library/manifests/br_lora_library_manifest_09250_pre_batch_0038.csv

SAFE TO DELETE LOCAL MAC BATCH AFTER THIS PASS.

==============================================================================
BR-LoRA FROZEN LIBRARY PIPELINE
==============================================================================

Batch                    : batch_0038
Frozen design            : /Users/bhanugarg/Desktop/localized-medical-image-synthesis/downstream_evaluation/manifests/br_lora_library_design_10000/batches/batch_0038_manifest.csv
Local staging            : /Users/bhanugarg/archive/br_lora_library_staging/batch_0038
Falcon library           : /scratch/bhanug/br_lora_library
Falcon acceptance        : True
Cleanup                  : True

==============================================================================
STAGE 1 — LOCAL GENERATION + PRODUCTION AUDIT
==============================================================================

/opt/anaconda3/envs/brats-nnunet/bin/python /Users/bhanugarg/Desktop/localized-medical-image-synthesis/scripts/run_br_lora_library_batch.py --batch batch_0038


==============================================================================
STAGE 2 — PREPARE FALCON BATCH DESTINATION
==============================================================================

ssh falcon bash -s


==============================================================================
STAGE 2 — TRANSFER BATCH TO FALCON
==============================================================================

rsync -avh --partial --progress --inplace /Users/bhanugarg/archive/br_lora_library_staging/batch_0038/ falcon:/scratch/bhanug/br_lora_library/batches/batch_0038/


==============================================================================
STAGE 3 — TRANSFER MANIFESTS
==============================================================================

rsync -avh --partial /Users/bhanugarg/Desktop/localized-medical-image-synthesis/downstream_evaluation/manifests/br_lora_library_design_10000/batches/batch_0038_manifest.csv /Users/bhanugarg/Desktop/localized-medical-image-synthesis/downstream_evaluation/manifests/br_lora_library_design_10000/batches/batch_0038_external_evaluation_manifest.csv falcon:/scratch/bhanug/br_lora_library/manifests/


==============================================================================
STAGE 3 — TRANSFER AUDIT RECORDS
==============================================================================

rsync -avh --partial /Users/bhanugarg/archive/br_lora_library_staging/br_lora_batch_0038_production_audit.json /Users/bhanugarg/archive/br_lora_library_staging/br_lora_batch_0038_mac_sha256.txt falcon:/scratch/bhanug/br_lora_library/audits/


==============================================================================
STAGE 4 — FALCON SHA-256 VERIFICATION
==============================================================================

ssh falcon bash -s


==============================================================================
STAGE 5 — FALCON ACCEPTANCE
==============================================================================

ssh falcon bash -s


==============================================================================
LOCAL CLEANUP COMPLETE
==============================================================================

Deleted: /Users/bhanugarg/archive/br_lora_library_staging/batch_0038

==============================================================================
PIPELINE STAGE COMPLETE
==============================================================================

Batch                    : batch_0038
Local production         : PASS
Transfer                 : PASS
Mac/Falcon SHA-256       : IDENTICAL
Falcon acceptance        : PASS
Local cleanup            : COMPLETE
Next batch               : batch_0039

============================================================
COMPLETED: batch_0038
Finished: Sun Aug 16 01:48:00 EDT 2026
============================================================
