============================================================
BR-LoRA PIPELINE: batch_0007
Started: Sat Aug 15 15:50:10 EDT 2026
============================================================


==============================================================================
BR-LoRA EXTERNAL EVALUATION CONSTRUCTION
==============================================================================

Evaluation
------------------------------------------------------------------------------
Evaluation name          : br_lora_external_evaluation
Checkpoint               : /Users/bhanugarg/Desktop/localized-medical-image-synthesis/checkpoints/br_lora_full_train/final.pt
Device                   : mps
Seed                     : 42
Posterior realizations   : 100
Fixed diffusion noise    : True
Timestep fraction        : 0.75
Resume mode              : False

External dataset
------------------------------------------------------------------------------
Specification            : /Users/bhanugarg/archive/BraTS2020_ValidationData/MICCAI_BraTS2020_ValidationData/validation_dataset.yaml
Dataset root             : /Users/bhanugarg/archive/BraTS2020_ValidationData/MICCAI_BraTS2020_ValidationData
Registered subjects      : 125

Evaluation manifest
------------------------------------------------------------------------------
Manifest                 : /Users/bhanugarg/Desktop/localized-medical-image-synthesis/downstream_evaluation/manifests/br_lora_library_design_10000/batches/batch_0007_external_evaluation_manifest.csv
Cases                    : 250

BR-LoRA
------------------------------------------------------------------------------
Variational modules      : 7
Variational parameters   : 36,104
Donor image channel      : 0

Provenance
------------------------------------------------------------------------------
Git commit               : ff3a42b385986eaaa7bc976ef0108f612ffd3760
Future output directory  : /Users/bhanugarg/archive/br_lora_library_staging/batch_0007

==============================================================================
CONSTRUCTION VERDICT: PASS
The fitted BR-LoRA checkpoint, registered external dataset, fixed evaluation manifest, and diffusion schedule were constructed successfully.
==============================================================================

==============================================================================
RUNNING EXTERNAL POSTERIOR INFERENCE
==============================================================================

[1/250] synthetic_001501
  Case seed              : 875227780
  External subject       : BraTS20_Validation_017
  External slice         : 11
  Donor mask pixels      : 440
  Posterior stack        : (100, 1, 1, 240, 240)
  Case output            : /Users/bhanugarg/archive/br_lora_library_staging/batch_0007/synthetic_001501
  Verdict                : PASS

[2/250] synthetic_001502
  Case seed              : 922708362
  External subject       : BraTS20_Validation_017
  External slice         : 12
  Donor mask pixels      : 577
  Posterior stack        : (100, 1, 1, 240, 240)
  Case output            : /Users/bhanugarg/archive/br_lora_library_staging/batch_0007/synthetic_001502
  Verdict                : PASS

[3/250] synthetic_001503
  Case seed              : 866778297
  External subject       : BraTS20_Validation_017
  External slice         : 13
  Donor mask pixels      : 488
  Posterior stack        : (100, 1, 1, 240, 240)
  Case output            : /Users/bhanugarg/archive/br_lora_library_staging/batch_0007/synthetic_001503
  Verdict                : PASS

[4/250] synthetic_001504
  Case seed              : 887066707
  External subject       : BraTS20_Validation_017
  External slice         : 14
  Donor mask pixels      : 569
  Posterior stack        : (100, 1, 1, 240, 240)
  Case output            : /Users/bhanugarg/archive/br_lora_library_staging/batch_0007/synthetic_001504
  Verdict                : PASS

[5/250] synthetic_001505
  Case seed              : 1207220865
  External subject       : BraTS20_Validation_017
  External slice         : 15
  Donor mask pixels      : 763
  Posterior stack        : (100, 1, 1, 240, 240)
  Case output            : /Users/bhanugarg/archive/br_lora_library_staging/batch_0007/synthetic_001505
  Verdict                : PASS

[6/250] synthetic_001506
  Case seed              : 144854332
  External subject       : BraTS20_Validation_017
  External slice         : 16
  Donor mask pixels      : 510
  Posterior stack        : (100, 1, 1, 240, 240)
  Case output            : /Users/bhanugarg/archive/br_lora_library_staging/batch_0007/synthetic_001506
  Verdict                : PASS

[7/250] synthetic_001507
  Case seed              : 802010429
  External subject       : BraTS20_Validation_017
  External slice         : 17
  Donor mask pixels      : 922
  Posterior stack        : (100, 1, 1, 240, 240)
  Case output            : /Users/bhanugarg/archive/br_lora_library_staging/batch_0007/synthetic_001507
  Verdict                : PASS

[8/250] synthetic_001508
  Case seed              : 2116710796
  External subject       : BraTS20_Validation_017
  External slice         : 18
  Donor mask pixels      : 795
  Posterior stack        : (100, 1, 1, 240, 240)
  Case output            : /Users/bhanugarg/archive/br_lora_library_staging/batch_0007/synthetic_001508
  Verdict                : PASS

[9/250] synthetic_001509
  Case seed              : 526551644
  External subject       : BraTS20_Validation_017
  External slice         : 19
  Donor mask pixels      : 1975
  Posterior stack        : (100, 1, 1, 240, 240)
  Case output            : /Users/bhanugarg/archive/br_lora_library_staging/batch_0007/synthetic_001509
  Verdict                : PASS

[10/250] synthetic_001510
  Case seed              : 857757899
  External subject       : BraTS20_Validation_017
  External slice         : 20
  Donor mask pixels      : 2049
  Posterior stack        : (100, 1, 1, 240, 240)
  Case output            : /Users/bhanugarg/archive/br_lora_library_staging/batch_0007/synthetic_001510
  Verdict                : PASS

[11/250] synthetic_001511
  Case seed              : 1717397990
  External subject       : BraTS20_Validation_017
  External slice         : 21
  Donor mask pixels      : 1755
  Posterior stack        : (100, 1, 1, 240, 240)
  Case output            : /Users/bhanugarg/archive/br_lora_library_staging/batch_0007/synthetic_001511
  Verdict                : PASS

[12/250] synthetic_001512
  Case seed              : 1328131418
  External subject       : BraTS20_Validation_017
  External slice         : 22
  Donor mask pixels      : 1367
  Posterior stack        : (100, 1, 1, 240, 240)
  Case output            : /Users/bhanugarg/archive/br_lora_library_staging/batch_0007/synthetic_001512
  Verdict                : PASS

[13/250] synthetic_001513
  Case seed              : 1262286593
  External subject       : BraTS20_Validation_017
  External slice         : 23
  Donor mask pixels      : 938
  Posterior stack        : (100, 1, 1, 240, 240)
  Case output            : /Users/bhanugarg/archive/br_lora_library_staging/batch_0007/synthetic_001513
  Verdict                : PASS

[14/250] synthetic_001514
  Case seed              : 1194828424
  External subject       : BraTS20_Validation_017
  External slice         : 24
  Donor mask pixels      : 968
  Posterior stack        : (100, 1, 1, 240, 240)
  Case output            : /Users/bhanugarg/archive/br_lora_library_staging/batch_0007/synthetic_001514
  Verdict                : PASS

[15/250] synthetic_001515
  Case seed              : 1161748987
  External subject       : BraTS20_Validation_017
  External slice         : 25
  Donor mask pixels      : 1216
  Posterior stack        : (100, 1, 1, 240, 240)
  Case output            : /Users/bhanugarg/archive/br_lora_library_staging/batch_0007/synthetic_001515
  Verdict                : PASS

[16/250] synthetic_001516
  Case seed              : 1217254587
  External subject       : BraTS20_Validation_017
  External slice         : 26
  Donor mask pixels      : 1046
  Posterior stack        : (100, 1, 1, 240, 240)
  Case output            : /Users/bhanugarg/archive/br_lora_library_staging/batch_0007/synthetic_001516
  Verdict                : PASS

[17/250] synthetic_001517
  Case seed              : 1748678743
  External subject       : BraTS20_Validation_017
  External slice         : 27
  Donor mask pixels      : 1005
  Posterior stack        : (100, 1, 1, 240, 240)
  Case output            : /Users/bhanugarg/archive/br_lora_library_staging/batch_0007/synthetic_001517
  Verdict                : PASS

[18/250] synthetic_001518
  Case seed              : 237572029
  External subject       : BraTS20_Validation_017
  External slice         : 28
  Donor mask pixels      : 714
  Posterior stack        : (100, 1, 1, 240, 240)
  Case output            : /Users/bhanugarg/archive/br_lora_library_staging/batch_0007/synthetic_001518
  Verdict                : PASS

[19/250] synthetic_001519
  Case seed              : 402177882
  External subject       : BraTS20_Validation_017
  External slice         : 29
  Donor mask pixels      : 1349
  Posterior stack        : (100, 1, 1, 240, 240)
  Case output            : /Users/bhanugarg/archive/br_lora_library_staging/batch_0007/synthetic_001519
  Verdict                : PASS

[20/250] synthetic_001520
  Case seed              : 1670108967
  External subject       : BraTS20_Validation_017
  External slice         : 30
  Donor mask pixels      : 503
  Posterior stack        : (100, 1, 1, 240, 240)
  Case output            : /Users/bhanugarg/archive/br_lora_library_staging/batch_0007/synthetic_001520
  Verdict                : PASS

[21/250] synthetic_001521
  Case seed              : 1584794943
  External subject       : BraTS20_Validation_017
  External slice         : 31
  Donor mask pixels      : 472
  Posterior stack        : (100, 1, 1, 240, 240)
  Case output            : /Users/bhanugarg/archive/br_lora_library_staging/batch_0007/synthetic_001521
  Verdict                : PASS

[22/250] synthetic_001522
  Case seed              : 1597415287
  External subject       : BraTS20_Validation_017
  External slice         : 32
  Donor mask pixels      : 1119
  Posterior stack        : (100, 1, 1, 240, 240)
  Case output            : /Users/bhanugarg/archive/br_lora_library_staging/batch_0007/synthetic_001522
  Verdict                : PASS

[23/250] synthetic_001523
  Case seed              : 1295982158
  External subject       : BraTS20_Validation_017
  External slice         : 33
  Donor mask pixels      : 831
  Posterior stack        : (100, 1, 1, 240, 240)
  Case output            : /Users/bhanugarg/archive/br_lora_library_staging/batch_0007/synthetic_001523
  Verdict                : PASS

[24/250] synthetic_001524
  Case seed              : 1995473878
  External subject       : BraTS20_Validation_017
  External slice         : 34
  Donor mask pixels      : 384
  Posterior stack        : (100, 1, 1, 240, 240)
  Case output            : /Users/bhanugarg/archive/br_lora_library_staging/batch_0007/synthetic_001524
  Verdict                : PASS

[25/250] synthetic_001525
  Case seed              : 1764436190
  External subject       : BraTS20_Validation_017
  External slice         : 35
  Donor mask pixels      : 958
  Posterior stack        : (100, 1, 1, 240, 240)
  Case output            : /Users/bhanugarg/archive/br_lora_library_staging/batch_0007/synthetic_001525
  Verdict                : PASS

[26/250] synthetic_001526
  Case seed              : 578970686
  External subject       : BraTS20_Validation_017
  External slice         : 36
  Donor mask pixels      : 496
  Posterior stack        : (100, 1, 1, 240, 240)
  Case output            : /Users/bhanugarg/archive/br_lora_library_staging/batch_0007/synthetic_001526
  Verdict                : PASS

[27/250] synthetic_001527
  Case seed              : 515354756
  External subject       : BraTS20_Validation_017
  External slice         : 37
  Donor mask pixels      : 1184
  Posterior stack        : (100, 1, 1, 240, 240)
  Case output            : /Users/bhanugarg/archive/br_lora_library_staging/batch_0007/synthetic_001527
  Verdict                : PASS

[28/250] synthetic_001528
  Case seed              : 556211518
  External subject       : BraTS20_Validation_017
  External slice         : 38
  Donor mask pixels      : 957
  Posterior stack        : (100, 1, 1, 240, 240)
  Case output            : /Users/bhanugarg/archive/br_lora_library_staging/batch_0007/synthetic_001528
  Verdict                : PASS

[29/250] synthetic_001529
  Case seed              : 207419880
  External subject       : BraTS20_Validation_017
  External slice         : 39
  Donor mask pixels      : 900
  Posterior stack        : (100, 1, 1, 240, 240)
  Case output            : /Users/bhanugarg/archive/br_lora_library_staging/batch_0007/synthetic_001529
  Verdict                : PASS

[30/250] synthetic_001530
  Case seed              : 830839733
  External subject       : BraTS20_Validation_017
  External slice         : 40
  Donor mask pixels      : 1184
  Posterior stack        : (100, 1, 1, 240, 240)
  Case output            : /Users/bhanugarg/archive/br_lora_library_staging/batch_0007/synthetic_001530
  Verdict                : PASS

[31/250] synthetic_001531
  Case seed              : 1561927666
  External subject       : BraTS20_Validation_017
  External slice         : 40
  Donor mask pixels      : 1717
  Posterior stack        : (100, 1, 1, 240, 240)
  Case output            : /Users/bhanugarg/archive/br_lora_library_staging/batch_0007/synthetic_001531
  Verdict                : PASS

[32/250] synthetic_001532
  Case seed              : 535601361
  External subject       : BraTS20_Validation_017
  External slice         : 41
  Donor mask pixels      : 2540
  Posterior stack        : (100, 1, 1, 240, 240)
  Case output            : /Users/bhanugarg/archive/br_lora_library_staging/batch_0007/synthetic_001532
  Verdict                : PASS

[33/250] synthetic_001533
  Case seed              : 1834852241
  External subject       : BraTS20_Validation_017
  External slice         : 41
  Donor mask pixels      : 2239
  Posterior stack        : (100, 1, 1, 240, 240)
  Case output            : /Users/bhanugarg/archive/br_lora_library_staging/batch_0007/synthetic_001533
  Verdict                : PASS

[34/250] synthetic_001534
  Case seed              : 976948265
  External subject       : BraTS20_Validation_017
  External slice         : 42
  Donor mask pixels      : 903
  Posterior stack        : (100, 1, 1, 240, 240)
  Case output            : /Users/bhanugarg/archive/br_lora_library_staging/batch_0007/synthetic_001534
  Verdict                : PASS

[35/250] synthetic_001535
  Case seed              : 1279856690
  External subject       : BraTS20_Validation_017
  External slice         : 42
  Donor mask pixels      : 2275
  Posterior stack        : (100, 1, 1, 240, 240)
  Case output            : /Users/bhanugarg/archive/br_lora_library_staging/batch_0007/synthetic_001535
  Verdict                : PASS

[36/250] synthetic_001536
  Case seed              : 2003552453
  External subject       : BraTS20_Validation_017
  External slice         : 43
  Donor mask pixels      : 303
  Posterior stack        : (100, 1, 1, 240, 240)
  Case output            : /Users/bhanugarg/archive/br_lora_library_staging/batch_0007/synthetic_001536
  Verdict                : PASS

[37/250] synthetic_001537
  Case seed              : 463536079
  External subject       : BraTS20_Validation_017
  External slice         : 43
  Donor mask pixels      : 1128
  Posterior stack        : (100, 1, 1, 240, 240)
  Case output            : /Users/bhanugarg/archive/br_lora_library_staging/batch_0007/synthetic_001537
  Verdict                : PASS

[38/250] synthetic_001538
  Case seed              : 598923614
  External subject       : BraTS20_Validation_017
  External slice         : 44
  Donor mask pixels      : 1235
  Posterior stack        : (100, 1, 1, 240, 240)
  Case output            : /Users/bhanugarg/archive/br_lora_library_staging/batch_0007/synthetic_001538
  Verdict                : PASS

[39/250] synthetic_001539
  Case seed              : 1794413945
  External subject       : BraTS20_Validation_017
  External slice         : 44
  Donor mask pixels      : 846
  Posterior stack        : (100, 1, 1, 240, 240)
  Case output            : /Users/bhanugarg/archive/br_lora_library_staging/batch_0007/synthetic_001539
  Verdict                : PASS

[40/250] synthetic_001540
  Case seed              : 1976071563
  External subject       : BraTS20_Validation_017
  External slice         : 45
  Donor mask pixels      : 865
  Posterior stack        : (100, 1, 1, 240, 240)
  Case output            : /Users/bhanugarg/archive/br_lora_library_staging/batch_0007/synthetic_001540
  Verdict                : PASS

[41/250] synthetic_001541
  Case seed              : 591960969
  External subject       : BraTS20_Validation_017
  External slice         : 45
  Donor mask pixels      : 645
  Posterior stack        : (100, 1, 1, 240, 240)
  Case output            : /Users/bhanugarg/archive/br_lora_library_staging/batch_0007/synthetic_001541
  Verdict                : PASS

[42/250] synthetic_001542
  Case seed              : 1161854826
  External subject       : BraTS20_Validation_017
  External slice         : 46
  Donor mask pixels      : 2274
  Posterior stack        : (100, 1, 1, 240, 240)
  Case output            : /Users/bhanugarg/archive/br_lora_library_staging/batch_0007/synthetic_001542
  Verdict                : PASS

[43/250] synthetic_001543
  Case seed              : 611710135
  External subject       : BraTS20_Validation_017
  External slice         : 46
  Donor mask pixels      : 2416
  Posterior stack        : (100, 1, 1, 240, 240)
  Case output            : /Users/bhanugarg/archive/br_lora_library_staging/batch_0007/synthetic_001543
  Verdict                : PASS

[44/250] synthetic_001544
  Case seed              : 750898114
  External subject       : BraTS20_Validation_017
  External slice         : 47
  Donor mask pixels      : 2755
  Posterior stack        : (100, 1, 1, 240, 240)
  Case output            : /Users/bhanugarg/archive/br_lora_library_staging/batch_0007/synthetic_001544
  Verdict                : PASS

[45/250] synthetic_001545
  Case seed              : 1644280546
  External subject       : BraTS20_Validation_017
  External slice         : 47
  Donor mask pixels      : 2174
  Posterior stack        : (100, 1, 1, 240, 240)
  Case output            : /Users/bhanugarg/archive/br_lora_library_staging/batch_0007/synthetic_001545
  Verdict                : PASS

[46/250] synthetic_001546
  Case seed              : 1770553919
  External subject       : BraTS20_Validation_017
  External slice         : 48
  Donor mask pixels      : 2137
  Posterior stack        : (100, 1, 1, 240, 240)
  Case output            : /Users/bhanugarg/archive/br_lora_library_staging/batch_0007/synthetic_001546
  Verdict                : PASS

[47/250] synthetic_001547
  Case seed              : 1457032218
  External subject       : BraTS20_Validation_017
  External slice         : 48
  Donor mask pixels      : 791
  Posterior stack        : (100, 1, 1, 240, 240)
  Case output            : /Users/bhanugarg/archive/br_lora_library_staging/batch_0007/synthetic_001547
  Verdict                : PASS

[48/250] synthetic_001548
  Case seed              : 78913025
  External subject       : BraTS20_Validation_017
  External slice         : 49
  Donor mask pixels      : 1755
  Posterior stack        : (100, 1, 1, 240, 240)
  Case output            : /Users/bhanugarg/archive/br_lora_library_staging/batch_0007/synthetic_001548
  Verdict                : PASS

[49/250] synthetic_001549
  Case seed              : 722807401
  External subject       : BraTS20_Validation_017
  External slice         : 49
  Donor mask pixels      : 1810
  Posterior stack        : (100, 1, 1, 240, 240)
  Case output            : /Users/bhanugarg/archive/br_lora_library_staging/batch_0007/synthetic_001549
  Verdict                : PASS

[50/250] synthetic_001550
  Case seed              : 546352297
  External subject       : BraTS20_Validation_017
  External slice         : 50
  Donor mask pixels      : 2040
  Posterior stack        : (100, 1, 1, 240, 240)
  Case output            : /Users/bhanugarg/archive/br_lora_library_staging/batch_0007/synthetic_001550
  Verdict                : PASS

[51/250] synthetic_001551
  Case seed              : 477452765
  External subject       : BraTS20_Validation_017
  External slice         : 50
  Donor mask pixels      : 2879
  Posterior stack        : (100, 1, 1, 240, 240)
  Case output            : /Users/bhanugarg/archive/br_lora_library_staging/batch_0007/synthetic_001551
  Verdict                : PASS

[52/250] synthetic_001552
  Case seed              : 1340625180
  External subject       : BraTS20_Validation_017
  External slice         : 51
  Donor mask pixels      : 395
  Posterior stack        : (100, 1, 1, 240, 240)
  Case output            : /Users/bhanugarg/archive/br_lora_library_staging/batch_0007/synthetic_001552
  Verdict                : PASS

[53/250] synthetic_001553
  Case seed              : 1293031328
  External subject       : BraTS20_Validation_017
  External slice         : 51
  Donor mask pixels      : 1528
  Posterior stack        : (100, 1, 1, 240, 240)
  Case output            : /Users/bhanugarg/archive/br_lora_library_staging/batch_0007/synthetic_001553
  Verdict                : PASS

[54/250] synthetic_001554
  Case seed              : 425228944
  External subject       : BraTS20_Validation_017
  External slice         : 52
  Donor mask pixels      : 989
  Posterior stack        : (100, 1, 1, 240, 240)
  Case output            : /Users/bhanugarg/archive/br_lora_library_staging/batch_0007/synthetic_001554
  Verdict                : PASS

[55/250] synthetic_001555
  Case seed              : 1496160976
  External subject       : BraTS20_Validation_017
  External slice         : 52
  Donor mask pixels      : 1372
  Posterior stack        : (100, 1, 1, 240, 240)
  Case output            : /Users/bhanugarg/archive/br_lora_library_staging/batch_0007/synthetic_001555
  Verdict                : PASS

[56/250] synthetic_001556
  Case seed              : 1955195925
  External subject       : BraTS20_Validation_017
  External slice         : 116
  Donor mask pixels      : 887
  Posterior stack        : (100, 1, 1, 240, 240)
  Case output            : /Users/bhanugarg/archive/br_lora_library_staging/batch_0007/synthetic_001556
  Verdict                : PASS

[57/250] synthetic_001557
  Case seed              : 1873265903
  External subject       : BraTS20_Validation_017
  External slice         : 116
  Donor mask pixels      : 624
  Posterior stack        : (100, 1, 1, 240, 240)
  Case output            : /Users/bhanugarg/archive/br_lora_library_staging/batch_0007/synthetic_001557
  Verdict                : PASS

[58/250] synthetic_001558
  Case seed              : 1766497403
  External subject       : BraTS20_Validation_017
  External slice         : 117
  Donor mask pixels      : 1528
  Posterior stack        : (100, 1, 1, 240, 240)
  Case output            : /Users/bhanugarg/archive/br_lora_library_staging/batch_0007/synthetic_001558
  Verdict                : PASS

[59/250] synthetic_001559
  Case seed              : 86322905
  External subject       : BraTS20_Validation_017
  External slice         : 117
  Donor mask pixels      : 574
  Posterior stack        : (100, 1, 1, 240, 240)
  Case output            : /Users/bhanugarg/archive/br_lora_library_staging/batch_0007/synthetic_001559
  Verdict                : PASS

[60/250] synthetic_001560
  Case seed              : 717698553
  External subject       : BraTS20_Validation_017
  External slice         : 118
  Donor mask pixels      : 1142
  Posterior stack        : (100, 1, 1, 240, 240)
  Case output            : /Users/bhanugarg/archive/br_lora_library_staging/batch_0007/synthetic_001560
  Verdict                : PASS

[61/250] synthetic_001561
  Case seed              : 164502082
  External subject       : BraTS20_Validation_017
  External slice         : 118
  Donor mask pixels      : 3068
  Posterior stack        : (100, 1, 1, 240, 240)
  Case output            : /Users/bhanugarg/archive/br_lora_library_staging/batch_0007/synthetic_001561
  Verdict                : PASS

[62/250] synthetic_001562
  Case seed              : 1532101143
  External subject       : BraTS20_Validation_017
  External slice         : 119
  Donor mask pixels      : 1047
  Posterior stack        : (100, 1, 1, 240, 240)
  Case output            : /Users/bhanugarg/archive/br_lora_library_staging/batch_0007/synthetic_001562
  Verdict                : PASS

[63/250] synthetic_001563
  Case seed              : 136715256
  External subject       : BraTS20_Validation_017
  External slice         : 120
  Donor mask pixels      : 1022
  Posterior stack        : (100, 1, 1, 240, 240)
  Case output            : /Users/bhanugarg/archive/br_lora_library_staging/batch_0007/synthetic_001563
  Verdict                : PASS

[64/250] synthetic_001564
  Case seed              : 773800205
  External subject       : BraTS20_Validation_017
  External slice         : 121
  Donor mask pixels      : 1061
  Posterior stack        : (100, 1, 1, 240, 240)
  Case output            : /Users/bhanugarg/archive/br_lora_library_staging/batch_0007/synthetic_001564
  Verdict                : PASS

[65/250] synthetic_001565
  Case seed              : 543509446
  External subject       : BraTS20_Validation_017
  External slice         : 122
  Donor mask pixels      : 1786
  Posterior stack        : (100, 1, 1, 240, 240)
  Case output            : /Users/bhanugarg/archive/br_lora_library_staging/batch_0007/synthetic_001565
  Verdict                : PASS

[66/250] synthetic_001566
  Case seed              : 1721759691
  External subject       : BraTS20_Validation_017
  External slice         : 124
  Donor mask pixels      : 2748
  Posterior stack        : (100, 1, 1, 240, 240)
  Case output            : /Users/bhanugarg/archive/br_lora_library_staging/batch_0007/synthetic_001566
  Verdict                : PASS

[67/250] synthetic_001567
  Case seed              : 537841421
  External subject       : BraTS20_Validation_017
  External slice         : 125
  Donor mask pixels      : 705
  Posterior stack        : (100, 1, 1, 240, 240)
  Case output            : /Users/bhanugarg/archive/br_lora_library_staging/batch_0007/synthetic_001567
  Verdict                : PASS

[68/250] synthetic_001568
  Case seed              : 835186713
  External subject       : BraTS20_Validation_017
  External slice         : 126
  Donor mask pixels      : 670
  Posterior stack        : (100, 1, 1, 240, 240)
  Case output            : /Users/bhanugarg/archive/br_lora_library_staging/batch_0007/synthetic_001568
  Verdict                : PASS

[69/250] synthetic_001569
  Case seed              : 1928352778
  External subject       : BraTS20_Validation_017
  External slice         : 127
  Donor mask pixels      : 2137
  Posterior stack        : (100, 1, 1, 240, 240)
  Case output            : /Users/bhanugarg/archive/br_lora_library_staging/batch_0007/synthetic_001569
  Verdict                : PASS

[70/250] synthetic_001570
  Case seed              : 989847423
  External subject       : BraTS20_Validation_017
  External slice         : 128
  Donor mask pixels      : 1044
  Posterior stack        : (100, 1, 1, 240, 240)
  Case output            : /Users/bhanugarg/archive/br_lora_library_staging/batch_0007/synthetic_001570
  Verdict                : PASS

[71/250] synthetic_001571
  Case seed              : 108216721
  External subject       : BraTS20_Validation_017
  External slice         : 129
  Donor mask pixels      : 1188
  Posterior stack        : (100, 1, 1, 240, 240)
  Case output            : /Users/bhanugarg/archive/br_lora_library_staging/batch_0007/synthetic_001571
  Verdict                : PASS

[72/250] synthetic_001572
  Case seed              : 1508839213
  External subject       : BraTS20_Validation_017
  External slice         : 130
  Donor mask pixels      : 315
  Posterior stack        : (100, 1, 1, 240, 240)
  Case output            : /Users/bhanugarg/archive/br_lora_library_staging/batch_0007/synthetic_001572
  Verdict                : PASS

[73/250] synthetic_001573
  Case seed              : 777218127
  External subject       : BraTS20_Validation_017
  External slice         : 131
  Donor mask pixels      : 418
  Posterior stack        : (100, 1, 1, 240, 240)
  Case output            : /Users/bhanugarg/archive/br_lora_library_staging/batch_0007/synthetic_001573
  Verdict                : PASS

[74/250] synthetic_001574
  Case seed              : 1053925447
  External subject       : BraTS20_Validation_017
  External slice         : 132
  Donor mask pixels      : 878
  Posterior stack        : (100, 1, 1, 240, 240)
  Case output            : /Users/bhanugarg/archive/br_lora_library_staging/batch_0007/synthetic_001574
  Verdict                : PASS

[75/250] synthetic_001575
  Case seed              : 1184693878
  External subject       : BraTS20_Validation_017
  External slice         : 133
  Donor mask pixels      : 371
  Posterior stack        : (100, 1, 1, 240, 240)
  Case output            : /Users/bhanugarg/archive/br_lora_library_staging/batch_0007/synthetic_001575
  Verdict                : PASS

[76/250] synthetic_001576
  Case seed              : 1731539411
  External subject       : BraTS20_Validation_017
  External slice         : 134
  Donor mask pixels      : 517
  Posterior stack        : (100, 1, 1, 240, 240)
  Case output            : /Users/bhanugarg/archive/br_lora_library_staging/batch_0007/synthetic_001576
  Verdict                : PASS

[77/250] synthetic_001577
  Case seed              : 1207749432
  External subject       : BraTS20_Validation_018
  External slice         : 4
  Donor mask pixels      : 378
  Posterior stack        : (100, 1, 1, 240, 240)
  Case output            : /Users/bhanugarg/archive/br_lora_library_staging/batch_0007/synthetic_001577
  Verdict                : PASS

[78/250] synthetic_001578
  Case seed              : 985076777
  External subject       : BraTS20_Validation_018
  External slice         : 5
  Donor mask pixels      : 440
  Posterior stack        : (100, 1, 1, 240, 240)
  Case output            : /Users/bhanugarg/archive/br_lora_library_staging/batch_0007/synthetic_001578
  Verdict                : PASS

[79/250] synthetic_001579
  Case seed              : 229643076
  External subject       : BraTS20_Validation_018
  External slice         : 6
  Donor mask pixels      : 409
  Posterior stack        : (100, 1, 1, 240, 240)
  Case output            : /Users/bhanugarg/archive/br_lora_library_staging/batch_0007/synthetic_001579
  Verdict                : PASS

[80/250] synthetic_001580
  Case seed              : 1476389242
  External subject       : BraTS20_Validation_018
  External slice         : 7
  Donor mask pixels      : 1542
  Posterior stack        : (100, 1, 1, 240, 240)
  Case output            : /Users/bhanugarg/archive/br_lora_library_staging/batch_0007/synthetic_001580
  Verdict                : PASS

[81/250] synthetic_001581
  Case seed              : 1239365296
  External subject       : BraTS20_Validation_018
  External slice         : 8
  Donor mask pixels      : 520
  Posterior stack        : (100, 1, 1, 240, 240)
  Case output            : /Users/bhanugarg/archive/br_lora_library_staging/batch_0007/synthetic_001581
  Verdict                : PASS

[82/250] synthetic_001582
  Case seed              : 2048623232
  External subject       : BraTS20_Validation_018
  External slice         : 9
  Donor mask pixels      : 427
  Posterior stack        : (100, 1, 1, 240, 240)
  Case output            : /Users/bhanugarg/archive/br_lora_library_staging/batch_0007/synthetic_001582
  Verdict                : PASS

[83/250] synthetic_001583
  Case seed              : 1954299272
  External subject       : BraTS20_Validation_018
  External slice         : 10
  Donor mask pixels      : 886
  Posterior stack        : (100, 1, 1, 240, 240)
  Case output            : /Users/bhanugarg/archive/br_lora_library_staging/batch_0007/synthetic_001583
  Verdict                : PASS

[84/250] synthetic_001584
  Case seed              : 1018408471
  External subject       : BraTS20_Validation_018
  External slice         : 11
  Donor mask pixels      : 451
  Posterior stack        : (100, 1, 1, 240, 240)
  Case output            : /Users/bhanugarg/archive/br_lora_library_staging/batch_0007/synthetic_001584
  Verdict                : PASS

[85/250] synthetic_001585
  Case seed              : 286295430
  External subject       : BraTS20_Validation_018
  External slice         : 12
  Donor mask pixels      : 1158
  Posterior stack        : (100, 1, 1, 240, 240)
  Case output            : /Users/bhanugarg/archive/br_lora_library_staging/batch_0007/synthetic_001585
  Verdict                : PASS

[86/250] synthetic_001586
  Case seed              : 393756991
  External subject       : BraTS20_Validation_018
  External slice         : 13
  Donor mask pixels      : 1187
  Posterior stack        : (100, 1, 1, 240, 240)
  Case output            : /Users/bhanugarg/archive/br_lora_library_staging/batch_0007/synthetic_001586
  Verdict                : PASS

[87/250] synthetic_001587
  Case seed              : 176492449
  External subject       : BraTS20_Validation_018
  External slice         : 14
  Donor mask pixels      : 1932
  Posterior stack        : (100, 1, 1, 240, 240)
  Case output            : /Users/bhanugarg/archive/br_lora_library_staging/batch_0007/synthetic_001587
  Verdict                : PASS

[88/250] synthetic_001588
  Case seed              : 517592220
  External subject       : BraTS20_Validation_018
  External slice         : 15
  Donor mask pixels      : 1262
  Posterior stack        : (100, 1, 1, 240, 240)
  Case output            : /Users/bhanugarg/archive/br_lora_library_staging/batch_0007/synthetic_001588
  Verdict                : PASS

[89/250] synthetic_001589
  Case seed              : 1186305290
  External subject       : BraTS20_Validation_018
  External slice         : 16
  Donor mask pixels      : 853
  Posterior stack        : (100, 1, 1, 240, 240)
  Case output            : /Users/bhanugarg/archive/br_lora_library_staging/batch_0007/synthetic_001589
  Verdict                : PASS

[90/250] synthetic_001590
  Case seed              : 122108339
  External subject       : BraTS20_Validation_018
  External slice         : 17
  Donor mask pixels      : 1111
  Posterior stack        : (100, 1, 1, 240, 240)
  Case output            : /Users/bhanugarg/archive/br_lora_library_staging/batch_0007/synthetic_001590
  Verdict                : PASS

[91/250] synthetic_001591
  Case seed              : 1736341506
  External subject       : BraTS20_Validation_018
  External slice         : 18
  Donor mask pixels      : 636
  Posterior stack        : (100, 1, 1, 240, 240)
  Case output            : /Users/bhanugarg/archive/br_lora_library_staging/batch_0007/synthetic_001591
  Verdict                : PASS

[92/250] synthetic_001592
  Case seed              : 97904395
  External subject       : BraTS20_Validation_018
  External slice         : 19
  Donor mask pixels      : 641
  Posterior stack        : (100, 1, 1, 240, 240)
  Case output            : /Users/bhanugarg/archive/br_lora_library_staging/batch_0007/synthetic_001592
  Verdict                : PASS

[93/250] synthetic_001593
  Case seed              : 1298999194
  External subject       : BraTS20_Validation_018
  External slice         : 20
  Donor mask pixels      : 712
  Posterior stack        : (100, 1, 1, 240, 240)
  Case output            : /Users/bhanugarg/archive/br_lora_library_staging/batch_0007/synthetic_001593
  Verdict                : PASS

[94/250] synthetic_001594
  Case seed              : 345959084
  External subject       : BraTS20_Validation_018
  External slice         : 21
  Donor mask pixels      : 1718
  Posterior stack        : (100, 1, 1, 240, 240)
  Case output            : /Users/bhanugarg/archive/br_lora_library_staging/batch_0007/synthetic_001594
  Verdict                : PASS

[95/250] synthetic_001595
  Case seed              : 1582047206
  External subject       : BraTS20_Validation_018
  External slice         : 22
  Donor mask pixels      : 1803
  Posterior stack        : (100, 1, 1, 240, 240)
  Case output            : /Users/bhanugarg/archive/br_lora_library_staging/batch_0007/synthetic_001595
  Verdict                : PASS

[96/250] synthetic_001596
  Case seed              : 1432833006
  External subject       : BraTS20_Validation_018
  External slice         : 23
  Donor mask pixels      : 2286
  Posterior stack        : (100, 1, 1, 240, 240)
  Case output            : /Users/bhanugarg/archive/br_lora_library_staging/batch_0007/synthetic_001596
  Verdict                : PASS

[97/250] synthetic_001597
  Case seed              : 1340372918
  External subject       : BraTS20_Validation_018
  External slice         : 24
  Donor mask pixels      : 1433
  Posterior stack        : (100, 1, 1, 240, 240)
  Case output            : /Users/bhanugarg/archive/br_lora_library_staging/batch_0007/synthetic_001597
  Verdict                : PASS

[98/250] synthetic_001598
  Case seed              : 943864497
  External subject       : BraTS20_Validation_018
  External slice         : 26
  Donor mask pixels      : 1352
  Posterior stack        : (100, 1, 1, 240, 240)
  Case output            : /Users/bhanugarg/archive/br_lora_library_staging/batch_0007/synthetic_001598
  Verdict                : PASS

[99/250] synthetic_001599
  Case seed              : 1696754108
  External subject       : BraTS20_Validation_018
  External slice         : 27
  Donor mask pixels      : 1971
  Posterior stack        : (100, 1, 1, 240, 240)
  Case output            : /Users/bhanugarg/archive/br_lora_library_staging/batch_0007/synthetic_001599
  Verdict                : PASS

[100/250] synthetic_001600
  Case seed              : 968074940
  External subject       : BraTS20_Validation_018
  External slice         : 28
  Donor mask pixels      : 718
  Posterior stack        : (100, 1, 1, 240, 240)
  Case output            : /Users/bhanugarg/archive/br_lora_library_staging/batch_0007/synthetic_001600
  Verdict                : PASS

[101/250] synthetic_001601
  Case seed              : 1926872277
  External subject       : BraTS20_Validation_018
  External slice         : 29
  Donor mask pixels      : 1584
  Posterior stack        : (100, 1, 1, 240, 240)
  Case output            : /Users/bhanugarg/archive/br_lora_library_staging/batch_0007/synthetic_001601
  Verdict                : PASS

[102/250] synthetic_001602
  Case seed              : 2138516800
  External subject       : BraTS20_Validation_018
  External slice         : 30
  Donor mask pixels      : 1302
  Posterior stack        : (100, 1, 1, 240, 240)
  Case output            : /Users/bhanugarg/archive/br_lora_library_staging/batch_0007/synthetic_001602
  Verdict                : PASS

[103/250] synthetic_001603
  Case seed              : 427003955
  External subject       : BraTS20_Validation_018
  External slice         : 31
  Donor mask pixels      : 610
  Posterior stack        : (100, 1, 1, 240, 240)
  Case output            : /Users/bhanugarg/archive/br_lora_library_staging/batch_0007/synthetic_001603
  Verdict                : PASS

[104/250] synthetic_001604
  Case seed              : 370780079
  External subject       : BraTS20_Validation_018
  External slice         : 32
  Donor mask pixels      : 654
  Posterior stack        : (100, 1, 1, 240, 240)
  Case output            : /Users/bhanugarg/archive/br_lora_library_staging/batch_0007/synthetic_001604
  Verdict                : PASS

[105/250] synthetic_001605
  Case seed              : 1753067138
  External subject       : BraTS20_Validation_018
  External slice         : 33
  Donor mask pixels      : 869
  Posterior stack        : (100, 1, 1, 240, 240)
  Case output            : /Users/bhanugarg/archive/br_lora_library_staging/batch_0007/synthetic_001605
  Verdict                : PASS

[106/250] synthetic_001606
  Case seed              : 1210748688
  External subject       : BraTS20_Validation_018
  External slice         : 34
  Donor mask pixels      : 846
  Posterior stack        : (100, 1, 1, 240, 240)
  Case output            : /Users/bhanugarg/archive/br_lora_library_staging/batch_0007/synthetic_001606
  Verdict                : PASS

[107/250] synthetic_001607
  Case seed              : 1825493127
  External subject       : BraTS20_Validation_018
  External slice         : 35
  Donor mask pixels      : 474
  Posterior stack        : (100, 1, 1, 240, 240)
  Case output            : /Users/bhanugarg/archive/br_lora_library_staging/batch_0007/synthetic_001607
  Verdict                : PASS

[108/250] synthetic_001608
  Case seed              : 1740815425
  External subject       : BraTS20_Validation_018
  External slice         : 37
  Donor mask pixels      : 781
  Posterior stack        : (100, 1, 1, 240, 240)
  Case output            : /Users/bhanugarg/archive/br_lora_library_staging/batch_0007/synthetic_001608
  Verdict                : PASS

[109/250] synthetic_001609
  Case seed              : 1906012942
  External subject       : BraTS20_Validation_018
  External slice         : 38
  Donor mask pixels      : 2321
  Posterior stack        : (100, 1, 1, 240, 240)
  Case output            : /Users/bhanugarg/archive/br_lora_library_staging/batch_0007/synthetic_001609
  Verdict                : PASS

[110/250] synthetic_001610
  Case seed              : 742383757
  External subject       : BraTS20_Validation_018
  External slice         : 39
  Donor mask pixels      : 2528
  Posterior stack        : (100, 1, 1, 240, 240)
  Case output            : /Users/bhanugarg/archive/br_lora_library_staging/batch_0007/synthetic_001610
  Verdict                : PASS

[111/250] synthetic_001611
  Case seed              : 82306189
  External subject       : BraTS20_Validation_018
  External slice         : 40
  Donor mask pixels      : 823
  Posterior stack        : (100, 1, 1, 240, 240)
  Case output            : /Users/bhanugarg/archive/br_lora_library_staging/batch_0007/synthetic_001611
  Verdict                : PASS

[112/250] synthetic_001612
  Case seed              : 633464680
  External subject       : BraTS20_Validation_018
  External slice         : 41
  Donor mask pixels      : 2515
  Posterior stack        : (100, 1, 1, 240, 240)
  Case output            : /Users/bhanugarg/archive/br_lora_library_staging/batch_0007/synthetic_001612
  Verdict                : PASS

[113/250] synthetic_001613
  Case seed              : 2065246475
  External subject       : BraTS20_Validation_018
  External slice         : 42
  Donor mask pixels      : 2688
  Posterior stack        : (100, 1, 1, 240, 240)
  Case output            : /Users/bhanugarg/archive/br_lora_library_staging/batch_0007/synthetic_001613
  Verdict                : PASS

[114/250] synthetic_001614
  Case seed              : 592730121
  External subject       : BraTS20_Validation_018
  External slice         : 43
  Donor mask pixels      : 2881
  Posterior stack        : (100, 1, 1, 240, 240)
  Case output            : /Users/bhanugarg/archive/br_lora_library_staging/batch_0007/synthetic_001614
  Verdict                : PASS

[115/250] synthetic_001615
  Case seed              : 861915875
  External subject       : BraTS20_Validation_018
  External slice         : 44
  Donor mask pixels      : 3047
  Posterior stack        : (100, 1, 1, 240, 240)
  Case output            : /Users/bhanugarg/archive/br_lora_library_staging/batch_0007/synthetic_001615
  Verdict                : PASS

[116/250] synthetic_001616
  Case seed              : 1123723193
  External subject       : BraTS20_Validation_018
  External slice         : 45
  Donor mask pixels      : 836
  Posterior stack        : (100, 1, 1, 240, 240)
  Case output            : /Users/bhanugarg/archive/br_lora_library_staging/batch_0007/synthetic_001616
  Verdict                : PASS

[117/250] synthetic_001617
  Case seed              : 379262729
  External subject       : BraTS20_Validation_018
  External slice         : 46
  Donor mask pixels      : 1524
  Posterior stack        : (100, 1, 1, 240, 240)
  Case output            : /Users/bhanugarg/archive/br_lora_library_staging/batch_0007/synthetic_001617
  Verdict                : PASS

[118/250] synthetic_001618
  Case seed              : 1647528649
  External subject       : BraTS20_Validation_018
  External slice         : 47
  Donor mask pixels      : 5080
  Posterior stack        : (100, 1, 1, 240, 240)
  Case output            : /Users/bhanugarg/archive/br_lora_library_staging/batch_0007/synthetic_001618
  Verdict                : PASS

[119/250] synthetic_001619
  Case seed              : 1720320074
  External subject       : BraTS20_Validation_018
  External slice         : 48
  Donor mask pixels      : 1652
  Posterior stack        : (100, 1, 1, 240, 240)
  Case output            : /Users/bhanugarg/archive/br_lora_library_staging/batch_0007/synthetic_001619
  Verdict                : PASS

[120/250] synthetic_001620
  Case seed              : 1839965892
  External subject       : BraTS20_Validation_018
  External slice         : 49
  Donor mask pixels      : 482
  Posterior stack        : (100, 1, 1, 240, 240)
  Case output            : /Users/bhanugarg/archive/br_lora_library_staging/batch_0007/synthetic_001620
  Verdict                : PASS

[121/250] synthetic_001621
  Case seed              : 776053396
  External subject       : BraTS20_Validation_018
  External slice         : 50
  Donor mask pixels      : 2360
  Posterior stack        : (100, 1, 1, 240, 240)
  Case output            : /Users/bhanugarg/archive/br_lora_library_staging/batch_0007/synthetic_001621
  Verdict                : PASS

[122/250] synthetic_001622
  Case seed              : 642978507
  External subject       : BraTS20_Validation_018
  External slice         : 51
  Donor mask pixels      : 2525
  Posterior stack        : (100, 1, 1, 240, 240)
  Case output            : /Users/bhanugarg/archive/br_lora_library_staging/batch_0007/synthetic_001622
  Verdict                : PASS

[123/250] synthetic_001623
  Case seed              : 704559590
  External subject       : BraTS20_Validation_018
  External slice         : 52
  Donor mask pixels      : 1761
  Posterior stack        : (100, 1, 1, 240, 240)
  Case output            : /Users/bhanugarg/archive/br_lora_library_staging/batch_0007/synthetic_001623
  Verdict                : PASS

[124/250] synthetic_001624
  Case seed              : 1284220127
  External subject       : BraTS20_Validation_018
  External slice         : 53
  Donor mask pixels      : 3858
  Posterior stack        : (100, 1, 1, 240, 240)
  Case output            : /Users/bhanugarg/archive/br_lora_library_staging/batch_0007/synthetic_001624
  Verdict                : PASS

[125/250] synthetic_001625
  Case seed              : 856761459
  External subject       : BraTS20_Validation_018
  External slice         : 54
  Donor mask pixels      : 975
  Posterior stack        : (100, 1, 1, 240, 240)
  Case output            : /Users/bhanugarg/archive/br_lora_library_staging/batch_0007/synthetic_001625
  Verdict                : PASS

[126/250] synthetic_001626
  Case seed              : 808233890
  External subject       : BraTS20_Validation_018
  External slice         : 111
  Donor mask pixels      : 1861
  Posterior stack        : (100, 1, 1, 240, 240)
  Case output            : /Users/bhanugarg/archive/br_lora_library_staging/batch_0007/synthetic_001626
  Verdict                : PASS

[127/250] synthetic_001627
  Case seed              : 825594396
  External subject       : BraTS20_Validation_018
  External slice         : 112
  Donor mask pixels      : 1726
  Posterior stack        : (100, 1, 1, 240, 240)
  Case output            : /Users/bhanugarg/archive/br_lora_library_staging/batch_0007/synthetic_001627
  Verdict                : PASS

[128/250] synthetic_001628
  Case seed              : 649105365
  External subject       : BraTS20_Validation_018
  External slice         : 113
  Donor mask pixels      : 781
  Posterior stack        : (100, 1, 1, 240, 240)
  Case output            : /Users/bhanugarg/archive/br_lora_library_staging/batch_0007/synthetic_001628
  Verdict                : PASS

[129/250] synthetic_001629
  Case seed              : 1009077779
  External subject       : BraTS20_Validation_018
  External slice         : 114
  Donor mask pixels      : 966
  Posterior stack        : (100, 1, 1, 240, 240)
  Case output            : /Users/bhanugarg/archive/br_lora_library_staging/batch_0007/synthetic_001629
  Verdict                : PASS

[130/250] synthetic_001630
  Case seed              : 1448762525
  External subject       : BraTS20_Validation_018
  External slice         : 115
  Donor mask pixels      : 2743
  Posterior stack        : (100, 1, 1, 240, 240)
  Case output            : /Users/bhanugarg/archive/br_lora_library_staging/batch_0007/synthetic_001630
  Verdict                : PASS

[131/250] synthetic_001631
  Case seed              : 1706706033
  External subject       : BraTS20_Validation_018
  External slice         : 116
  Donor mask pixels      : 1311
  Posterior stack        : (100, 1, 1, 240, 240)
  Case output            : /Users/bhanugarg/archive/br_lora_library_staging/batch_0007/synthetic_001631
  Verdict                : PASS

[132/250] synthetic_001632
  Case seed              : 1400054009
  External subject       : BraTS20_Validation_018
  External slice         : 117
  Donor mask pixels      : 361
  Posterior stack        : (100, 1, 1, 240, 240)
  Case output            : /Users/bhanugarg/archive/br_lora_library_staging/batch_0007/synthetic_001632
  Verdict                : PASS

[133/250] synthetic_001633
  Case seed              : 1944563944
  External subject       : BraTS20_Validation_018
  External slice         : 118
  Donor mask pixels      : 1475
  Posterior stack        : (100, 1, 1, 240, 240)
  Case output            : /Users/bhanugarg/archive/br_lora_library_staging/batch_0007/synthetic_001633
  Verdict                : PASS

[134/250] synthetic_001634
  Case seed              : 493880824
  External subject       : BraTS20_Validation_018
  External slice         : 119
  Donor mask pixels      : 1853
  Posterior stack        : (100, 1, 1, 240, 240)
  Case output            : /Users/bhanugarg/archive/br_lora_library_staging/batch_0007/synthetic_001634
  Verdict                : PASS

[135/250] synthetic_001635
  Case seed              : 1380491022
  External subject       : BraTS20_Validation_018
  External slice         : 120
  Donor mask pixels      : 912
  Posterior stack        : (100, 1, 1, 240, 240)
  Case output            : /Users/bhanugarg/archive/br_lora_library_staging/batch_0007/synthetic_001635
  Verdict                : PASS

[136/250] synthetic_001636
  Case seed              : 1162787526
  External subject       : BraTS20_Validation_018
  External slice         : 121
  Donor mask pixels      : 2799
  Posterior stack        : (100, 1, 1, 240, 240)
  Case output            : /Users/bhanugarg/archive/br_lora_library_staging/batch_0007/synthetic_001636
  Verdict                : PASS

[137/250] synthetic_001637
  Case seed              : 2039771763
  External subject       : BraTS20_Validation_018
  External slice         : 122
  Donor mask pixels      : 1217
  Posterior stack        : (100, 1, 1, 240, 240)
  Case output            : /Users/bhanugarg/archive/br_lora_library_staging/batch_0007/synthetic_001637
  Verdict                : PASS

[138/250] synthetic_001638
  Case seed              : 985932437
  External subject       : BraTS20_Validation_018
  External slice         : 123
  Donor mask pixels      : 1643
  Posterior stack        : (100, 1, 1, 240, 240)
  Case output            : /Users/bhanugarg/archive/br_lora_library_staging/batch_0007/synthetic_001638
  Verdict                : PASS

[139/250] synthetic_001639
  Case seed              : 930570053
  External subject       : BraTS20_Validation_018
  External slice         : 124
  Donor mask pixels      : 1231
  Posterior stack        : (100, 1, 1, 240, 240)
  Case output            : /Users/bhanugarg/archive/br_lora_library_staging/batch_0007/synthetic_001639
  Verdict                : PASS

[140/250] synthetic_001640
  Case seed              : 1046611107
  External subject       : BraTS20_Validation_018
  External slice         : 125
  Donor mask pixels      : 954
  Posterior stack        : (100, 1, 1, 240, 240)
  Case output            : /Users/bhanugarg/archive/br_lora_library_staging/batch_0007/synthetic_001640
  Verdict                : PASS

[141/250] synthetic_001641
  Case seed              : 752952274
  External subject       : BraTS20_Validation_018
  External slice         : 126
  Donor mask pixels      : 1508
  Posterior stack        : (100, 1, 1, 240, 240)
  Case output            : /Users/bhanugarg/archive/br_lora_library_staging/batch_0007/synthetic_001641
  Verdict                : PASS

[142/250] synthetic_001642
  Case seed              : 2053657767
  External subject       : BraTS20_Validation_018
  External slice         : 127
  Donor mask pixels      : 840
  Posterior stack        : (100, 1, 1, 240, 240)
  Case output            : /Users/bhanugarg/archive/br_lora_library_staging/batch_0007/synthetic_001642
  Verdict                : PASS

[143/250] synthetic_001643
  Case seed              : 660212208
  External subject       : BraTS20_Validation_018
  External slice         : 128
  Donor mask pixels      : 1283
  Posterior stack        : (100, 1, 1, 240, 240)
  Case output            : /Users/bhanugarg/archive/br_lora_library_staging/batch_0007/synthetic_001643
  Verdict                : PASS

[144/250] synthetic_001644
  Case seed              : 1028033719
  External subject       : BraTS20_Validation_018
  External slice         : 129
  Donor mask pixels      : 409
  Posterior stack        : (100, 1, 1, 240, 240)
  Case output            : /Users/bhanugarg/archive/br_lora_library_staging/batch_0007/synthetic_001644
  Verdict                : PASS

[145/250] synthetic_001645
  Case seed              : 1754033367
  External subject       : BraTS20_Validation_018
  External slice         : 130
  Donor mask pixels      : 469
  Posterior stack        : (100, 1, 1, 240, 240)
  Case output            : /Users/bhanugarg/archive/br_lora_library_staging/batch_0007/synthetic_001645
  Verdict                : PASS

[146/250] synthetic_001646
  Case seed              : 398499704
  External subject       : BraTS20_Validation_018
  External slice         : 131
  Donor mask pixels      : 904
  Posterior stack        : (100, 1, 1, 240, 240)
  Case output            : /Users/bhanugarg/archive/br_lora_library_staging/batch_0007/synthetic_001646
  Verdict                : PASS

[147/250] synthetic_001647
  Case seed              : 657148782
  External subject       : BraTS20_Validation_018
  External slice         : 132
  Donor mask pixels      : 631
  Posterior stack        : (100, 1, 1, 240, 240)
  Case output            : /Users/bhanugarg/archive/br_lora_library_staging/batch_0007/synthetic_001647
  Verdict                : PASS

[148/250] synthetic_001648
  Case seed              : 1824082999
  External subject       : BraTS20_Validation_018
  External slice         : 133
  Donor mask pixels      : 362
  Posterior stack        : (100, 1, 1, 240, 240)
  Case output            : /Users/bhanugarg/archive/br_lora_library_staging/batch_0007/synthetic_001648
  Verdict                : PASS

[149/250] synthetic_001649
  Case seed              : 526932274
  External subject       : BraTS20_Validation_018
  External slice         : 134
  Donor mask pixels      : 490
  Posterior stack        : (100, 1, 1, 240, 240)
  Case output            : /Users/bhanugarg/archive/br_lora_library_staging/batch_0007/synthetic_001649
  Verdict                : PASS

[150/250] synthetic_001650
  Case seed              : 813752243
  External subject       : BraTS20_Validation_018
  External slice         : 135
  Donor mask pixels      : 1328
  Posterior stack        : (100, 1, 1, 240, 240)
  Case output            : /Users/bhanugarg/archive/br_lora_library_staging/batch_0007/synthetic_001650
  Verdict                : PASS

[151/250] synthetic_001651
  Case seed              : 1519036435
  External subject       : BraTS20_Validation_018
  External slice         : 136
  Donor mask pixels      : 363
  Posterior stack        : (100, 1, 1, 240, 240)
  Case output            : /Users/bhanugarg/archive/br_lora_library_staging/batch_0007/synthetic_001651
  Verdict                : PASS

[152/250] synthetic_001652
  Case seed              : 38402587
  External subject       : BraTS20_Validation_018
  External slice         : 137
  Donor mask pixels      : 560
  Posterior stack        : (100, 1, 1, 240, 240)
  Case output            : /Users/bhanugarg/archive/br_lora_library_staging/batch_0007/synthetic_001652
  Verdict                : PASS

[153/250] synthetic_001653
  Case seed              : 1649209787
  External subject       : BraTS20_Validation_018
  External slice         : 138
  Donor mask pixels      : 629
  Posterior stack        : (100, 1, 1, 240, 240)
  Case output            : /Users/bhanugarg/archive/br_lora_library_staging/batch_0007/synthetic_001653
  Verdict                : PASS

[154/250] synthetic_001654
  Case seed              : 2025060817
  External subject       : BraTS20_Validation_018
  External slice         : 139
  Donor mask pixels      : 365
  Posterior stack        : (100, 1, 1, 240, 240)
  Case output            : /Users/bhanugarg/archive/br_lora_library_staging/batch_0007/synthetic_001654
  Verdict                : PASS

[155/250] synthetic_001655
  Case seed              : 435589515
  External subject       : BraTS20_Validation_019
  External slice         : 16
  Donor mask pixels      : 528
  Posterior stack        : (100, 1, 1, 240, 240)
  Case output            : /Users/bhanugarg/archive/br_lora_library_staging/batch_0007/synthetic_001655
  Verdict                : PASS

[156/250] synthetic_001656
  Case seed              : 1728881246
  External subject       : BraTS20_Validation_019
  External slice         : 17
  Donor mask pixels      : 602
  Posterior stack        : (100, 1, 1, 240, 240)
  Case output            : /Users/bhanugarg/archive/br_lora_library_staging/batch_0007/synthetic_001656
  Verdict                : PASS

[157/250] synthetic_001657
  Case seed              : 1655065101
  External subject       : BraTS20_Validation_019
  External slice         : 18
  Donor mask pixels      : 1083
  Posterior stack        : (100, 1, 1, 240, 240)
  Case output            : /Users/bhanugarg/archive/br_lora_library_staging/batch_0007/synthetic_001657
  Verdict                : PASS

[158/250] synthetic_001658
  Case seed              : 761202860
  External subject       : BraTS20_Validation_019
  External slice         : 19
  Donor mask pixels      : 1094
  Posterior stack        : (100, 1, 1, 240, 240)
  Case output            : /Users/bhanugarg/archive/br_lora_library_staging/batch_0007/synthetic_001658
  Verdict                : PASS

[159/250] synthetic_001659
  Case seed              : 1473340792
  External subject       : BraTS20_Validation_019
  External slice         : 20
  Donor mask pixels      : 708
  Posterior stack        : (100, 1, 1, 240, 240)
  Case output            : /Users/bhanugarg/archive/br_lora_library_staging/batch_0007/synthetic_001659
  Verdict                : PASS

[160/250] synthetic_001660
  Case seed              : 568224909
  External subject       : BraTS20_Validation_019
  External slice         : 21
  Donor mask pixels      : 570
  Posterior stack        : (100, 1, 1, 240, 240)
  Case output            : /Users/bhanugarg/archive/br_lora_library_staging/batch_0007/synthetic_001660
  Verdict                : PASS

[161/250] synthetic_001661
  Case seed              : 161697307
  External subject       : BraTS20_Validation_019
  External slice         : 22
  Donor mask pixels      : 1102
  Posterior stack        : (100, 1, 1, 240, 240)
  Case output            : /Users/bhanugarg/archive/br_lora_library_staging/batch_0007/synthetic_001661
  Verdict                : PASS

[162/250] synthetic_001662
  Case seed              : 531254527
  External subject       : BraTS20_Validation_019
  External slice         : 23
  Donor mask pixels      : 746
  Posterior stack        : (100, 1, 1, 240, 240)
  Case output            : /Users/bhanugarg/archive/br_lora_library_staging/batch_0007/synthetic_001662
  Verdict                : PASS

[163/250] synthetic_001663
  Case seed              : 1541800595
  External subject       : BraTS20_Validation_019
  External slice         : 24
  Donor mask pixels      : 2177
  Posterior stack        : (100, 1, 1, 240, 240)
  Case output            : /Users/bhanugarg/archive/br_lora_library_staging/batch_0007/synthetic_001663
  Verdict                : PASS

[164/250] synthetic_001664
  Case seed              : 543930119
  External subject       : BraTS20_Validation_019
  External slice         : 25
  Donor mask pixels      : 1848
  Posterior stack        : (100, 1, 1, 240, 240)
  Case output            : /Users/bhanugarg/archive/br_lora_library_staging/batch_0007/synthetic_001664
  Verdict                : PASS

[165/250] synthetic_001665
  Case seed              : 59111907
  External subject       : BraTS20_Validation_019
  External slice         : 26
  Donor mask pixels      : 573
  Posterior stack        : (100, 1, 1, 240, 240)
  Case output            : /Users/bhanugarg/archive/br_lora_library_staging/batch_0007/synthetic_001665
  Verdict                : PASS

[166/250] synthetic_001666
  Case seed              : 984415400
  External subject       : BraTS20_Validation_019
  External slice         : 27
  Donor mask pixels      : 770
  Posterior stack        : (100, 1, 1, 240, 240)
  Case output            : /Users/bhanugarg/archive/br_lora_library_staging/batch_0007/synthetic_001666
  Verdict                : PASS

[167/250] synthetic_001667
  Case seed              : 1515889610
  External subject       : BraTS20_Validation_019
  External slice         : 28
  Donor mask pixels      : 426
  Posterior stack        : (100, 1, 1, 240, 240)
  Case output            : /Users/bhanugarg/archive/br_lora_library_staging/batch_0007/synthetic_001667
  Verdict                : PASS

[168/250] synthetic_001668
  Case seed              : 1675416992
  External subject       : BraTS20_Validation_019
  External slice         : 29
  Donor mask pixels      : 1284
  Posterior stack        : (100, 1, 1, 240, 240)
  Case output            : /Users/bhanugarg/archive/br_lora_library_staging/batch_0007/synthetic_001668
  Verdict                : PASS

[169/250] synthetic_001669
  Case seed              : 753536388
  External subject       : BraTS20_Validation_019
  External slice         : 30
  Donor mask pixels      : 2069
  Posterior stack        : (100, 1, 1, 240, 240)
  Case output            : /Users/bhanugarg/archive/br_lora_library_staging/batch_0007/synthetic_001669
  Verdict                : PASS

[170/250] synthetic_001670
  Case seed              : 288962657
  External subject       : BraTS20_Validation_019
  External slice         : 31
  Donor mask pixels      : 950
  Posterior stack        : (100, 1, 1, 240, 240)
  Case output            : /Users/bhanugarg/archive/br_lora_library_staging/batch_0007/synthetic_001670
  Verdict                : PASS

[171/250] synthetic_001671
  Case seed              : 1843423785
  External subject       : BraTS20_Validation_019
  External slice         : 32
  Donor mask pixels      : 476
  Posterior stack        : (100, 1, 1, 240, 240)
  Case output            : /Users/bhanugarg/archive/br_lora_library_staging/batch_0007/synthetic_001671
  Verdict                : PASS

[172/250] synthetic_001672
  Case seed              : 279580800
  External subject       : BraTS20_Validation_019
  External slice         : 33
  Donor mask pixels      : 301
  Posterior stack        : (100, 1, 1, 240, 240)
  Case output            : /Users/bhanugarg/archive/br_lora_library_staging/batch_0007/synthetic_001672
  Verdict                : PASS

[173/250] synthetic_001673
  Case seed              : 863733134
  External subject       : BraTS20_Validation_019
  External slice         : 34
  Donor mask pixels      : 1524
  Posterior stack        : (100, 1, 1, 240, 240)
  Case output            : /Users/bhanugarg/archive/br_lora_library_staging/batch_0007/synthetic_001673
  Verdict                : PASS

[174/250] synthetic_001674
  Case seed              : 511254956
  External subject       : BraTS20_Validation_019
  External slice         : 35
  Donor mask pixels      : 1043
  Posterior stack        : (100, 1, 1, 240, 240)
  Case output            : /Users/bhanugarg/archive/br_lora_library_staging/batch_0007/synthetic_001674
  Verdict                : PASS

[175/250] synthetic_001675
  Case seed              : 1146942439
  External subject       : BraTS20_Validation_019
  External slice         : 36
  Donor mask pixels      : 466
  Posterior stack        : (100, 1, 1, 240, 240)
  Case output            : /Users/bhanugarg/archive/br_lora_library_staging/batch_0007/synthetic_001675
  Verdict                : PASS

[176/250] synthetic_001676
  Case seed              : 1639195792
  External subject       : BraTS20_Validation_019
  External slice         : 37
  Donor mask pixels      : 1532
  Posterior stack        : (100, 1, 1, 240, 240)
  Case output            : /Users/bhanugarg/archive/br_lora_library_staging/batch_0007/synthetic_001676
  Verdict                : PASS

[177/250] synthetic_001677
  Case seed              : 1646920333
  External subject       : BraTS20_Validation_019
  External slice         : 38
  Donor mask pixels      : 2023
  Posterior stack        : (100, 1, 1, 240, 240)
  Case output            : /Users/bhanugarg/archive/br_lora_library_staging/batch_0007/synthetic_001677
  Verdict                : PASS

[178/250] synthetic_001678
  Case seed              : 1652446409
  External subject       : BraTS20_Validation_019
  External slice         : 39
  Donor mask pixels      : 1158
  Posterior stack        : (100, 1, 1, 240, 240)
  Case output            : /Users/bhanugarg/archive/br_lora_library_staging/batch_0007/synthetic_001678
  Verdict                : PASS

[179/250] synthetic_001679
  Case seed              : 668035294
  External subject       : BraTS20_Validation_019
  External slice         : 40
  Donor mask pixels      : 1297
  Posterior stack        : (100, 1, 1, 240, 240)
  Case output            : /Users/bhanugarg/archive/br_lora_library_staging/batch_0007/synthetic_001679
  Verdict                : PASS

[180/250] synthetic_001680
  Case seed              : 446558097
  External subject       : BraTS20_Validation_019
  External slice         : 101
  Donor mask pixels      : 1603
  Posterior stack        : (100, 1, 1, 240, 240)
  Case output            : /Users/bhanugarg/archive/br_lora_library_staging/batch_0007/synthetic_001680
  Verdict                : PASS

[181/250] synthetic_001681
  Case seed              : 265311180
  External subject       : BraTS20_Validation_019
  External slice         : 101
  Donor mask pixels      : 2324
  Posterior stack        : (100, 1, 1, 240, 240)
  Case output            : /Users/bhanugarg/archive/br_lora_library_staging/batch_0007/synthetic_001681
  Verdict                : PASS

[182/250] synthetic_001682
  Case seed              : 1353256785
  External subject       : BraTS20_Validation_019
  External slice         : 102
  Donor mask pixels      : 1215
  Posterior stack        : (100, 1, 1, 240, 240)
  Case output            : /Users/bhanugarg/archive/br_lora_library_staging/batch_0007/synthetic_001682
  Verdict                : PASS

[183/250] synthetic_001683
  Case seed              : 1534842340
  External subject       : BraTS20_Validation_019
  External slice         : 102
  Donor mask pixels      : 1493
  Posterior stack        : (100, 1, 1, 240, 240)
  Case output            : /Users/bhanugarg/archive/br_lora_library_staging/batch_0007/synthetic_001683
  Verdict                : PASS

[184/250] synthetic_001684
  Case seed              : 861072362
  External subject       : BraTS20_Validation_019
  External slice         : 103
  Donor mask pixels      : 920
  Posterior stack        : (100, 1, 1, 240, 240)
  Case output            : /Users/bhanugarg/archive/br_lora_library_staging/batch_0007/synthetic_001684
  Verdict                : PASS

[185/250] synthetic_001685
  Case seed              : 1527374930
  External subject       : BraTS20_Validation_019
  External slice         : 103
  Donor mask pixels      : 3553
  Posterior stack        : (100, 1, 1, 240, 240)
  Case output            : /Users/bhanugarg/archive/br_lora_library_staging/batch_0007/synthetic_001685
  Verdict                : PASS

[186/250] synthetic_001686
  Case seed              : 1366160462
  External subject       : BraTS20_Validation_019
  External slice         : 104
  Donor mask pixels      : 1774
  Posterior stack        : (100, 1, 1, 240, 240)
  Case output            : /Users/bhanugarg/archive/br_lora_library_staging/batch_0007/synthetic_001686
  Verdict                : PASS

[187/250] synthetic_001687
  Case seed              : 153789487
  External subject       : BraTS20_Validation_019
  External slice         : 104
  Donor mask pixels      : 494
  Posterior stack        : (100, 1, 1, 240, 240)
  Case output            : /Users/bhanugarg/archive/br_lora_library_staging/batch_0007/synthetic_001687
  Verdict                : PASS

[188/250] synthetic_001688
  Case seed              : 33992912
  External subject       : BraTS20_Validation_019
  External slice         : 105
  Donor mask pixels      : 663
  Posterior stack        : (100, 1, 1, 240, 240)
  Case output            : /Users/bhanugarg/archive/br_lora_library_staging/batch_0007/synthetic_001688
  Verdict                : PASS

[189/250] synthetic_001689
  Case seed              : 1531898112
  External subject       : BraTS20_Validation_019
  External slice         : 105
  Donor mask pixels      : 2129
  Posterior stack        : (100, 1, 1, 240, 240)
  Case output            : /Users/bhanugarg/archive/br_lora_library_staging/batch_0007/synthetic_001689
  Verdict                : PASS

[190/250] synthetic_001690
  Case seed              : 535667312
  External subject       : BraTS20_Validation_019
  External slice         : 106
  Donor mask pixels      : 2686
  Posterior stack        : (100, 1, 1, 240, 240)
  Case output            : /Users/bhanugarg/archive/br_lora_library_staging/batch_0007/synthetic_001690
  Verdict                : PASS

[191/250] synthetic_001691
  Case seed              : 225062917
  External subject       : BraTS20_Validation_019
  External slice         : 106
  Donor mask pixels      : 311
  Posterior stack        : (100, 1, 1, 240, 240)
  Case output            : /Users/bhanugarg/archive/br_lora_library_staging/batch_0007/synthetic_001691
  Verdict                : PASS

[192/250] synthetic_001692
  Case seed              : 453815155
  External subject       : BraTS20_Validation_019
  External slice         : 107
  Donor mask pixels      : 3470
  Posterior stack        : (100, 1, 1, 240, 240)
  Case output            : /Users/bhanugarg/archive/br_lora_library_staging/batch_0007/synthetic_001692
  Verdict                : PASS

[193/250] synthetic_001693
  Case seed              : 1254140729
  External subject       : BraTS20_Validation_019
  External slice         : 107
  Donor mask pixels      : 1444
  Posterior stack        : (100, 1, 1, 240, 240)
  Case output            : /Users/bhanugarg/archive/br_lora_library_staging/batch_0007/synthetic_001693
  Verdict                : PASS

[194/250] synthetic_001694
  Case seed              : 839064919
  External subject       : BraTS20_Validation_019
  External slice         : 108
  Donor mask pixels      : 1127
  Posterior stack        : (100, 1, 1, 240, 240)
  Case output            : /Users/bhanugarg/archive/br_lora_library_staging/batch_0007/synthetic_001694
  Verdict                : PASS

[195/250] synthetic_001695
  Case seed              : 635451916
  External subject       : BraTS20_Validation_019
  External slice         : 108
  Donor mask pixels      : 335
  Posterior stack        : (100, 1, 1, 240, 240)
  Case output            : /Users/bhanugarg/archive/br_lora_library_staging/batch_0007/synthetic_001695
  Verdict                : PASS

[196/250] synthetic_001696
  Case seed              : 1286230947
  External subject       : BraTS20_Validation_019
  External slice         : 109
  Donor mask pixels      : 2339
  Posterior stack        : (100, 1, 1, 240, 240)
  Case output            : /Users/bhanugarg/archive/br_lora_library_staging/batch_0007/synthetic_001696
  Verdict                : PASS

[197/250] synthetic_001697
  Case seed              : 1549849025
  External subject       : BraTS20_Validation_019
  External slice         : 109
  Donor mask pixels      : 1411
  Posterior stack        : (100, 1, 1, 240, 240)
  Case output            : /Users/bhanugarg/archive/br_lora_library_staging/batch_0007/synthetic_001697
  Verdict                : PASS

[198/250] synthetic_001698
  Case seed              : 1791462804
  External subject       : BraTS20_Validation_019
  External slice         : 110
  Donor mask pixels      : 1522
  Posterior stack        : (100, 1, 1, 240, 240)
  Case output            : /Users/bhanugarg/archive/br_lora_library_staging/batch_0007/synthetic_001698
  Verdict                : PASS

[199/250] synthetic_001699
  Case seed              : 1531508421
  External subject       : BraTS20_Validation_019
  External slice         : 110
  Donor mask pixels      : 2328
  Posterior stack        : (100, 1, 1, 240, 240)
  Case output            : /Users/bhanugarg/archive/br_lora_library_staging/batch_0007/synthetic_001699
  Verdict                : PASS

[200/250] synthetic_001700
  Case seed              : 1243735318
  External subject       : BraTS20_Validation_019
  External slice         : 111
  Donor mask pixels      : 2939
  Posterior stack        : (100, 1, 1, 240, 240)
  Case output            : /Users/bhanugarg/archive/br_lora_library_staging/batch_0007/synthetic_001700
  Verdict                : PASS

[201/250] synthetic_001701
  Case seed              : 779053509
  External subject       : BraTS20_Validation_019
  External slice         : 111
  Donor mask pixels      : 3571
  Posterior stack        : (100, 1, 1, 240, 240)
  Case output            : /Users/bhanugarg/archive/br_lora_library_staging/batch_0007/synthetic_001701
  Verdict                : PASS

[202/250] synthetic_001702
  Case seed              : 1969570839
  External subject       : BraTS20_Validation_019
  External slice         : 112
  Donor mask pixels      : 357
  Posterior stack        : (100, 1, 1, 240, 240)
  Case output            : /Users/bhanugarg/archive/br_lora_library_staging/batch_0007/synthetic_001702
  Verdict                : PASS

[203/250] synthetic_001703
  Case seed              : 1455571861
  External subject       : BraTS20_Validation_019
  External slice         : 112
  Donor mask pixels      : 2341
  Posterior stack        : (100, 1, 1, 240, 240)
  Case output            : /Users/bhanugarg/archive/br_lora_library_staging/batch_0007/synthetic_001703
  Verdict                : PASS

[204/250] synthetic_001704
  Case seed              : 361125717
  External subject       : BraTS20_Validation_019
  External slice         : 113
  Donor mask pixels      : 1979
  Posterior stack        : (100, 1, 1, 240, 240)
  Case output            : /Users/bhanugarg/archive/br_lora_library_staging/batch_0007/synthetic_001704
  Verdict                : PASS

[205/250] synthetic_001705
  Case seed              : 1389577517
  External subject       : BraTS20_Validation_019
  External slice         : 113
  Donor mask pixels      : 2699
  Posterior stack        : (100, 1, 1, 240, 240)
  Case output            : /Users/bhanugarg/archive/br_lora_library_staging/batch_0007/synthetic_001705
  Verdict                : PASS

[206/250] synthetic_001706
  Case seed              : 1337420813
  External subject       : BraTS20_Validation_019
  External slice         : 114
  Donor mask pixels      : 2234
  Posterior stack        : (100, 1, 1, 240, 240)
  Case output            : /Users/bhanugarg/archive/br_lora_library_staging/batch_0007/synthetic_001706
  Verdict                : PASS

[207/250] synthetic_001707
  Case seed              : 256062488
  External subject       : BraTS20_Validation_019
  External slice         : 114
  Donor mask pixels      : 473
  Posterior stack        : (100, 1, 1, 240, 240)
  Case output            : /Users/bhanugarg/archive/br_lora_library_staging/batch_0007/synthetic_001707
  Verdict                : PASS

[208/250] synthetic_001708
  Case seed              : 1623764945
  External subject       : BraTS20_Validation_019
  External slice         : 115
  Donor mask pixels      : 545
  Posterior stack        : (100, 1, 1, 240, 240)
  Case output            : /Users/bhanugarg/archive/br_lora_library_staging/batch_0007/synthetic_001708
  Verdict                : PASS

[209/250] synthetic_001709
  Case seed              : 602577066
  External subject       : BraTS20_Validation_019
  External slice         : 115
  Donor mask pixels      : 1424
  Posterior stack        : (100, 1, 1, 240, 240)
  Case output            : /Users/bhanugarg/archive/br_lora_library_staging/batch_0007/synthetic_001709
  Verdict                : PASS

[210/250] synthetic_001710
  Case seed              : 1054944277
  External subject       : BraTS20_Validation_019
  External slice         : 116
  Donor mask pixels      : 2141
  Posterior stack        : (100, 1, 1, 240, 240)
  Case output            : /Users/bhanugarg/archive/br_lora_library_staging/batch_0007/synthetic_001710
  Verdict                : PASS

[211/250] synthetic_001711
  Case seed              : 562658981
  External subject       : BraTS20_Validation_019
  External slice         : 116
  Donor mask pixels      : 815
  Posterior stack        : (100, 1, 1, 240, 240)
  Case output            : /Users/bhanugarg/archive/br_lora_library_staging/batch_0007/synthetic_001711
  Verdict                : PASS

[212/250] synthetic_001712
  Case seed              : 1244056123
  External subject       : BraTS20_Validation_019
  External slice         : 117
  Donor mask pixels      : 1998
  Posterior stack        : (100, 1, 1, 240, 240)
  Case output            : /Users/bhanugarg/archive/br_lora_library_staging/batch_0007/synthetic_001712
  Verdict                : PASS

[213/250] synthetic_001713
  Case seed              : 2139246503
  External subject       : BraTS20_Validation_019
  External slice         : 118
  Donor mask pixels      : 548
  Posterior stack        : (100, 1, 1, 240, 240)
  Case output            : /Users/bhanugarg/archive/br_lora_library_staging/batch_0007/synthetic_001713
  Verdict                : PASS

[214/250] synthetic_001714
  Case seed              : 2102737274
  External subject       : BraTS20_Validation_019
  External slice         : 119
  Donor mask pixels      : 1754
  Posterior stack        : (100, 1, 1, 240, 240)
  Case output            : /Users/bhanugarg/archive/br_lora_library_staging/batch_0007/synthetic_001714
  Verdict                : PASS

[215/250] synthetic_001715
  Case seed              : 1245057091
  External subject       : BraTS20_Validation_019
  External slice         : 120
  Donor mask pixels      : 1387
  Posterior stack        : (100, 1, 1, 240, 240)
  Case output            : /Users/bhanugarg/archive/br_lora_library_staging/batch_0007/synthetic_001715
  Verdict                : PASS

[216/250] synthetic_001716
  Case seed              : 189581646
  External subject       : BraTS20_Validation_019
  External slice         : 121
  Donor mask pixels      : 1265
  Posterior stack        : (100, 1, 1, 240, 240)
  Case output            : /Users/bhanugarg/archive/br_lora_library_staging/batch_0007/synthetic_001716
  Verdict                : PASS

[217/250] synthetic_001717
  Case seed              : 632373408
  External subject       : BraTS20_Validation_019
  External slice         : 122
  Donor mask pixels      : 3009
  Posterior stack        : (100, 1, 1, 240, 240)
  Case output            : /Users/bhanugarg/archive/br_lora_library_staging/batch_0007/synthetic_001717
  Verdict                : PASS

[218/250] synthetic_001718
  Case seed              : 910988094
  External subject       : BraTS20_Validation_019
  External slice         : 123
  Donor mask pixels      : 2053
  Posterior stack        : (100, 1, 1, 240, 240)
  Case output            : /Users/bhanugarg/archive/br_lora_library_staging/batch_0007/synthetic_001718
  Verdict                : PASS

[219/250] synthetic_001719
  Case seed              : 1141926740
  External subject       : BraTS20_Validation_019
  External slice         : 124
  Donor mask pixels      : 1203
  Posterior stack        : (100, 1, 1, 240, 240)
  Case output            : /Users/bhanugarg/archive/br_lora_library_staging/batch_0007/synthetic_001719
  Verdict                : PASS

[220/250] synthetic_001720
  Case seed              : 1454712629
  External subject       : BraTS20_Validation_019
  External slice         : 125
  Donor mask pixels      : 1158
  Posterior stack        : (100, 1, 1, 240, 240)
  Case output            : /Users/bhanugarg/archive/br_lora_library_staging/batch_0007/synthetic_001720
  Verdict                : PASS

[221/250] synthetic_001721
  Case seed              : 1513254064
  External subject       : BraTS20_Validation_019
  External slice         : 127
  Donor mask pixels      : 452
  Posterior stack        : (100, 1, 1, 240, 240)
  Case output            : /Users/bhanugarg/archive/br_lora_library_staging/batch_0007/synthetic_001721
  Verdict                : PASS

[222/250] synthetic_001722
  Case seed              : 1568527536
  External subject       : BraTS20_Validation_019
  External slice         : 128
  Donor mask pixels      : 468
  Posterior stack        : (100, 1, 1, 240, 240)
  Case output            : /Users/bhanugarg/archive/br_lora_library_staging/batch_0007/synthetic_001722
  Verdict                : PASS

[223/250] synthetic_001723
  Case seed              : 666932547
  External subject       : BraTS20_Validation_019
  External slice         : 129
  Donor mask pixels      : 2069
  Posterior stack        : (100, 1, 1, 240, 240)
  Case output            : /Users/bhanugarg/archive/br_lora_library_staging/batch_0007/synthetic_001723
  Verdict                : PASS

[224/250] synthetic_001724
  Case seed              : 1514767054
  External subject       : BraTS20_Validation_019
  External slice         : 130
  Donor mask pixels      : 620
  Posterior stack        : (100, 1, 1, 240, 240)
  Case output            : /Users/bhanugarg/archive/br_lora_library_staging/batch_0007/synthetic_001724
  Verdict                : PASS

[225/250] synthetic_001725
  Case seed              : 1667205687
  External subject       : BraTS20_Validation_019
  External slice         : 131
  Donor mask pixels      : 1493
  Posterior stack        : (100, 1, 1, 240, 240)
  Case output            : /Users/bhanugarg/archive/br_lora_library_staging/batch_0007/synthetic_001725
  Verdict                : PASS

[226/250] synthetic_001726
  Case seed              : 1479455088
  External subject       : BraTS20_Validation_019
  External slice         : 132
  Donor mask pixels      : 494
  Posterior stack        : (100, 1, 1, 240, 240)
  Case output            : /Users/bhanugarg/archive/br_lora_library_staging/batch_0007/synthetic_001726
  Verdict                : PASS

[227/250] synthetic_001727
  Case seed              : 1933437579
  External subject       : BraTS20_Validation_019
  External slice         : 133
  Donor mask pixels      : 393
  Posterior stack        : (100, 1, 1, 240, 240)
  Case output            : /Users/bhanugarg/archive/br_lora_library_staging/batch_0007/synthetic_001727
  Verdict                : PASS

[228/250] synthetic_001728
  Case seed              : 265876448
  External subject       : BraTS20_Validation_019
  External slice         : 134
  Donor mask pixels      : 720
  Posterior stack        : (100, 1, 1, 240, 240)
  Case output            : /Users/bhanugarg/archive/br_lora_library_staging/batch_0007/synthetic_001728
  Verdict                : PASS

[229/250] synthetic_001729
  Case seed              : 1289729030
  External subject       : BraTS20_Validation_019
  External slice         : 135
  Donor mask pixels      : 323
  Posterior stack        : (100, 1, 1, 240, 240)
  Case output            : /Users/bhanugarg/archive/br_lora_library_staging/batch_0007/synthetic_001729
  Verdict                : PASS

[230/250] synthetic_001730
  Case seed              : 1720995670
  External subject       : BraTS20_Validation_019
  External slice         : 136
  Donor mask pixels      : 481
  Posterior stack        : (100, 1, 1, 240, 240)
  Case output            : /Users/bhanugarg/archive/br_lora_library_staging/batch_0007/synthetic_001730
  Verdict                : PASS

[231/250] synthetic_001731
  Case seed              : 548520281
  External subject       : BraTS20_Validation_019
  External slice         : 137
  Donor mask pixels      : 434
  Posterior stack        : (100, 1, 1, 240, 240)
  Case output            : /Users/bhanugarg/archive/br_lora_library_staging/batch_0007/synthetic_001731
  Verdict                : PASS

[232/250] synthetic_001732
  Case seed              : 818302748
  External subject       : BraTS20_Validation_019
  External slice         : 138
  Donor mask pixels      : 357
  Posterior stack        : (100, 1, 1, 240, 240)
  Case output            : /Users/bhanugarg/archive/br_lora_library_staging/batch_0007/synthetic_001732
  Verdict                : PASS

[233/250] synthetic_001733
  Case seed              : 194460112
  External subject       : BraTS20_Validation_020
  External slice         : 13
  Donor mask pixels      : 552
  Posterior stack        : (100, 1, 1, 240, 240)
  Case output            : /Users/bhanugarg/archive/br_lora_library_staging/batch_0007/synthetic_001733
  Verdict                : PASS

[234/250] synthetic_001734
  Case seed              : 1654061894
  External subject       : BraTS20_Validation_020
  External slice         : 14
  Donor mask pixels      : 368
  Posterior stack        : (100, 1, 1, 240, 240)
  Case output            : /Users/bhanugarg/archive/br_lora_library_staging/batch_0007/synthetic_001734
  Verdict                : PASS

[235/250] synthetic_001735
  Case seed              : 1408141035
  External subject       : BraTS20_Validation_020
  External slice         : 15
  Donor mask pixels      : 414
  Posterior stack        : (100, 1, 1, 240, 240)
  Case output            : /Users/bhanugarg/archive/br_lora_library_staging/batch_0007/synthetic_001735
  Verdict                : PASS

[236/250] synthetic_001736
  Case seed              : 1781713512
  External subject       : BraTS20_Validation_020
  External slice         : 16
  Donor mask pixels      : 345
  Posterior stack        : (100, 1, 1, 240, 240)
  Case output            : /Users/bhanugarg/archive/br_lora_library_staging/batch_0007/synthetic_001736
  Verdict                : PASS

[237/250] synthetic_001737
  Case seed              : 2114675348
  External subject       : BraTS20_Validation_020
  External slice         : 17
  Donor mask pixels      : 391
  Posterior stack        : (100, 1, 1, 240, 240)
  Case output            : /Users/bhanugarg/archive/br_lora_library_staging/batch_0007/synthetic_001737
  Verdict                : PASS

[238/250] synthetic_001738
  Case seed              : 1868281536
  External subject       : BraTS20_Validation_020
  External slice         : 18
  Donor mask pixels      : 498
  Posterior stack        : (100, 1, 1, 240, 240)
  Case output            : /Users/bhanugarg/archive/br_lora_library_staging/batch_0007/synthetic_001738
  Verdict                : PASS

[239/250] synthetic_001739
  Case seed              : 1728049487
  External subject       : BraTS20_Validation_020
  External slice         : 19
  Donor mask pixels      : 417
  Posterior stack        : (100, 1, 1, 240, 240)
  Case output            : /Users/bhanugarg/archive/br_lora_library_staging/batch_0007/synthetic_001739
  Verdict                : PASS

[240/250] synthetic_001740
  Case seed              : 329897116
  External subject       : BraTS20_Validation_020
  External slice         : 20
  Donor mask pixels      : 509
  Posterior stack        : (100, 1, 1, 240, 240)
  Case output            : /Users/bhanugarg/archive/br_lora_library_staging/batch_0007/synthetic_001740
  Verdict                : PASS

[241/250] synthetic_001741
  Case seed              : 1415551568
  External subject       : BraTS20_Validation_020
  External slice         : 21
  Donor mask pixels      : 340
  Posterior stack        : (100, 1, 1, 240, 240)
  Case output            : /Users/bhanugarg/archive/br_lora_library_staging/batch_0007/synthetic_001741
  Verdict                : PASS

[242/250] synthetic_001742
  Case seed              : 614800134
  External subject       : BraTS20_Validation_020
  External slice         : 22
  Donor mask pixels      : 494
  Posterior stack        : (100, 1, 1, 240, 240)
  Case output            : /Users/bhanugarg/archive/br_lora_library_staging/batch_0007/synthetic_001742
  Verdict                : PASS

[243/250] synthetic_001743
  Case seed              : 369705501
  External subject       : BraTS20_Validation_020
  External slice         : 23
  Donor mask pixels      : 502
  Posterior stack        : (100, 1, 1, 240, 240)
  Case output            : /Users/bhanugarg/archive/br_lora_library_staging/batch_0007/synthetic_001743
  Verdict                : PASS

[244/250] synthetic_001744
  Case seed              : 2032178035
  External subject       : BraTS20_Validation_020
  External slice         : 24
  Donor mask pixels      : 354
  Posterior stack        : (100, 1, 1, 240, 240)
  Case output            : /Users/bhanugarg/archive/br_lora_library_staging/batch_0007/synthetic_001744
  Verdict                : PASS

[245/250] synthetic_001745
  Case seed              : 11481526
  External subject       : BraTS20_Validation_020
  External slice         : 25
  Donor mask pixels      : 1064
  Posterior stack        : (100, 1, 1, 240, 240)
  Case output            : /Users/bhanugarg/archive/br_lora_library_staging/batch_0007/synthetic_001745
  Verdict                : PASS

[246/250] synthetic_001746
  Case seed              : 1490855599
  External subject       : BraTS20_Validation_020
  External slice         : 26
  Donor mask pixels      : 423
  Posterior stack        : (100, 1, 1, 240, 240)
  Case output            : /Users/bhanugarg/archive/br_lora_library_staging/batch_0007/synthetic_001746
  Verdict                : PASS

[247/250] synthetic_001747
  Case seed              : 320673356
  External subject       : BraTS20_Validation_020
  External slice         : 27
  Donor mask pixels      : 1033
  Posterior stack        : (100, 1, 1, 240, 240)
  Case output            : /Users/bhanugarg/archive/br_lora_library_staging/batch_0007/synthetic_001747
  Verdict                : PASS

[248/250] synthetic_001748
  Case seed              : 118264781
  External subject       : BraTS20_Validation_020
  External slice         : 28
  Donor mask pixels      : 928
  Posterior stack        : (100, 1, 1, 240, 240)
  Case output            : /Users/bhanugarg/archive/br_lora_library_staging/batch_0007/synthetic_001748
  Verdict                : PASS

[249/250] synthetic_001749
  Case seed              : 1120674649
  External subject       : BraTS20_Validation_020
  External slice         : 29
  Donor mask pixels      : 1176
  Posterior stack        : (100, 1, 1, 240, 240)
  Case output            : /Users/bhanugarg/archive/br_lora_library_staging/batch_0007/synthetic_001749
  Verdict                : PASS

[250/250] synthetic_001750
  Case seed              : 1879235990
  External subject       : BraTS20_Validation_020
  External slice         : 30
  Donor mask pixels      : 1562
  Posterior stack        : (100, 1, 1, 240, 240)
  Case output            : /Users/bhanugarg/archive/br_lora_library_staging/batch_0007/synthetic_001750
  Verdict                : PASS

==============================================================================
BR-LoRA EXTERNAL EVALUATION: PASS
Completed cases          : 250
Posterior realizations   : 100 per case
Evaluation summary       : /Users/bhanugarg/archive/br_lora_library_staging/batch_0007/evaluation_summary.json
==============================================================================

==============================================================================
BR-LoRA LIBRARY BATCH PRODUCTION
==============================================================================

Batch                    : batch_0007
Frozen design manifest   : /Users/bhanugarg/Desktop/localized-medical-image-synthesis/downstream_evaluation/manifests/br_lora_library_design_10000/batches/batch_0007_manifest.csv
Execution manifest       : /Users/bhanugarg/Desktop/localized-medical-image-synthesis/downstream_evaluation/manifests/br_lora_library_design_10000/batches/batch_0007_external_evaluation_manifest.csv
Checkpoint               : /Users/bhanugarg/Desktop/localized-medical-image-synthesis/checkpoints/br_lora_full_train/final.pt
Posterior samples        : 100
Evaluation seed          : 42
Device                   : mps
Output                   : /Users/bhanugarg/archive/br_lora_library_staging/batch_0007
Prepare only             : False
Resume                   : False

===== EXECUTION MANIFEST: PASS =====
Cases                    : 250
Case IDs                 : synthetic_001501 to synthetic_001750
External subjects        : 4
Unique base slices       : 218
Unique donor slices      : 250
Manifest SHA-256         : d5dd2ef526e82115bb6651209e90e9c4db0d1ecad14d0ad62b14e51e4704fbbe

==============================================================================
LAUNCHING VALIDATED BR-LoRA INFERENCE ENGINE
==============================================================================

/opt/anaconda3/envs/brats-nnunet/bin/python /Users/bhanugarg/Desktop/localized-medical-image-synthesis/scripts/evaluate_br_lora_external.py --checkpoint /Users/bhanugarg/Desktop/localized-medical-image-synthesis/checkpoints/br_lora_full_train/final.pt --validation-dataset /Users/bhanugarg/archive/BraTS2020_ValidationData/MICCAI_BraTS2020_ValidationData/validation_dataset.yaml --evaluation-manifest /Users/bhanugarg/Desktop/localized-medical-image-synthesis/downstream_evaluation/manifests/br_lora_library_design_10000/batches/batch_0007_external_evaluation_manifest.csv --posterior-samples 100 --seed 42 --output-dir /Users/bhanugarg/archive/br_lora_library_staging/batch_0007 --device mps


==============================================================================
LOCAL PRODUCTION AUDIT: PASS
==============================================================================
Cases audited            : 250
Problems                 : 0
Files checksummed        : 1501
Production audit         : /Users/bhanugarg/archive/br_lora_library_staging/br_lora_batch_0007_production_audit.json
Mac checksum inventory   : /Users/bhanugarg/archive/br_lora_library_staging/br_lora_batch_0007_mac_sha256.txt

==============================================================================
READY FOR FALCON TRANSFER
==============================================================================

No Falcon state was modified.
No local production data was deleted.
Transfer starting: 1752 files
created directory /scratch/bhanug/br_lora_library/batches/batch_0007
./
evaluation_summary.json
            856 100%    4.04MB/s   00:00:00 (xfer#1, to-check=1/1752)
synthetic_001501/
synthetic_001501/composite_mean.pt
         232026 100%  117.26MB/s   00:00:00 (xfer#2, to-check=3/1752)
synthetic_001501/metadata.json
           1796 100%    7.14MB/s   00:00:00 (xfer#3, to-check=4/1752)
synthetic_001501/posterior_mean.pt
         232026 100%   96.04MB/s   00:00:00 (xfer#4, to-check=5/1752)
synthetic_001501/posterior_samples.pt
        6094848  25%   11.41MB/s   00:00:01       13828096  56%   14.68MB/s   00:00:00       20021248  81%   10.12MB/s   00:00:00       24657317 100%   11.63MB/s   00:00:02 (xfer#5, to-check=6/1752)
synthetic_001501/posterior_std.pt
         232019 100%  205.46MB/s   00:00:00 (xfer#6, to-check=7/1752)
synthetic_001501/posterior_variance.pt
         232054 100%  246.21MB/s   00:00:00 (xfer#7, to-check=8/1752)
synthetic_001502/
synthetic_001502/composite_mean.pt
         232026 100%  165.00MB/s   00:00:00 (xfer#8, to-check=10/1752)
synthetic_001502/metadata.json
           1796 100%   23.79MB/s   00:00:00 (xfer#9, to-check=11/1752)
synthetic_001502/posterior_mean.pt
         232026 100%   10.06MB/s   00:00:00 (xfer#10, to-check=12/1752)
synthetic_001502/posterior_samples.pt
        5308416  22%    9.98MB/s   00:00:01       12484608  51%   13.35MB/s   00:00:00       18907136  77%   11.28MB/s   00:00:00       24657317 100%   11.54MB/s   00:00:02 (xfer#11, to-check=13/1752)
synthetic_001502/posterior_std.pt
         232019 100%  326.90MB/s   00:00:00 (xfer#12, to-check=14/1752)
synthetic_001502/posterior_variance.pt
         232054 100%   37.09MB/s   00:00:00 (xfer#13, to-check=15/1752)
synthetic_001503/
synthetic_001503/composite_mean.pt
         232026 100%   24.37MB/s   00:00:00 (xfer#14, to-check=17/1752)
synthetic_001503/metadata.json
           1798 100%   27.66MB/s   00:00:00 (xfer#15, to-check=18/1752)
synthetic_001503/posterior_mean.pt
         232026 100%   11.08MB/s   00:00:00 (xfer#16, to-check=19/1752)
synthetic_001503/posterior_samples.pt
        7077888  29%   13.40MB/s   00:00:01       13500416  55%   12.25MB/s   00:00:00       19628032  80%   11.62MB/s   00:00:00       24313856  99%    8.57MB/s   00:00:00       24657317 100%   11.37MB/s   00:00:02 (xfer#17, to-check=20/1752)
synthetic_001503/posterior_std.pt
         232019 100%   22.10MB/s   00:00:00 (xfer#18, to-check=21/1752)
synthetic_001503/posterior_variance.pt
         232054 100%   43.07MB/s   00:00:00 (xfer#19, to-check=22/1752)
synthetic_001504/
synthetic_001504/composite_mean.pt
         232026 100%    5.35MB/s   00:00:00 (xfer#20, to-check=24/1752)
synthetic_001504/metadata.json
           1797 100%   15.69MB/s   00:00:00 (xfer#21, to-check=25/1752)
synthetic_001504/posterior_mean.pt
         232026 100%  210.55MB/s   00:00:00 (xfer#22, to-check=26/1752)
synthetic_001504/posterior_samples.pt
        5373952  22%   10.09MB/s   00:00:01        9568256  39%    7.95MB/s   00:00:01       15466496  63%   11.22MB/s   00:00:00       21495808  87%   11.47MB/s   00:00:00       24657317 100%   10.30MB/s   00:00:02 (xfer#23, to-check=27/1752)
synthetic_001504/posterior_std.pt
         232019 100%   35.07MB/s   00:00:00 (xfer#24, to-check=28/1752)
synthetic_001504/posterior_variance.pt
         232054 100%   35.88MB/s   00:00:00 (xfer#25, to-check=29/1752)
synthetic_001505/
synthetic_001505/composite_mean.pt
         232026 100%    7.38MB/s   00:00:00 (xfer#26, to-check=31/1752)
synthetic_001505/metadata.json
           1798 100%   21.47MB/s   00:00:00 (xfer#27, to-check=32/1752)
synthetic_001505/posterior_mean.pt
         232026 100%   18.94MB/s   00:00:00 (xfer#28, to-check=33/1752)
synthetic_001505/posterior_samples.pt
        6488064  26%   12.02MB/s   00:00:01       12779520  52%   11.87MB/s   00:00:00       19595264  79%   12.89MB/s   00:00:00       24657317 100%   11.85MB/s   00:00:01 (xfer#29, to-check=34/1752)
synthetic_001505/posterior_std.pt
         232019 100%  279.37MB/s   00:00:00 (xfer#30, to-check=35/1752)
synthetic_001505/posterior_variance.pt
         232054 100%  337.41MB/s   00:00:00 (xfer#31, to-check=36/1752)
synthetic_001506/
synthetic_001506/composite_mean.pt
         232026 100%   53.32MB/s   00:00:00 (xfer#32, to-check=38/1752)
synthetic_001506/metadata.json
           1797 100%   31.67MB/s   00:00:00 (xfer#33, to-check=39/1752)
synthetic_001506/posterior_mean.pt
         232026 100%   10.82MB/s   00:00:00 (xfer#34, to-check=40/1752)
synthetic_001506/posterior_samples.pt
        6062080  25%   10.89MB/s   00:00:01       11960320  49%   11.15MB/s   00:00:01       17858560  72%   11.14MB/s   00:00:00       22839296  93%    9.39MB/s   00:00:00       24657317 100%   10.65MB/s   00:00:02 (xfer#35, to-check=41/1752)
synthetic_001506/posterior_std.pt
         232019 100%  231.96MB/s   00:00:00 (xfer#36, to-check=42/1752)
synthetic_001506/posterior_variance.pt
         232054 100%  297.51MB/s   00:00:00 (xfer#37, to-check=43/1752)
synthetic_001507/
synthetic_001507/composite_mean.pt
         232026 100%  279.72MB/s   00:00:00 (xfer#38, to-check=45/1752)
synthetic_001507/metadata.json
           1796 100%   17.83MB/s   00:00:00 (xfer#39, to-check=46/1752)
synthetic_001507/posterior_mean.pt
         232026 100%    8.64MB/s   00:00:00 (xfer#40, to-check=47/1752)
synthetic_001507/posterior_samples.pt
        7143424  29%   13.55MB/s   00:00:01       13795328  56%   12.68MB/s   00:00:00       20250624  82%   12.29MB/s   00:00:00       24657317 100%   12.39MB/s   00:00:01 (xfer#41, to-check=48/1752)
synthetic_001507/posterior_std.pt
         232019 100%  258.52MB/s   00:00:00 (xfer#42, to-check=49/1752)
synthetic_001507/posterior_variance.pt
         232054 100%  316.15MB/s   00:00:00 (xfer#43, to-check=50/1752)
synthetic_001508/
synthetic_001508/composite_mean.pt
         232026 100%   88.20MB/s   00:00:00 (xfer#44, to-check=52/1752)
synthetic_001508/metadata.json
           1798 100%   27.66MB/s   00:00:00 (xfer#45, to-check=53/1752)
synthetic_001508/posterior_mean.pt
         232026 100%    9.58MB/s   00:00:00 (xfer#46, to-check=54/1752)
synthetic_001508/posterior_samples.pt
        6946816  28%   12.95MB/s   00:00:01       13631488  55%   12.62MB/s   00:00:00       20316160  82%   12.55MB/s   00:00:00       24657317 100%   12.43MB/s   00:00:01 (xfer#47, to-check=55/1752)
synthetic_001508/posterior_std.pt
         232019 100%  260.99MB/s   00:00:00 (xfer#48, to-check=56/1752)
synthetic_001508/posterior_variance.pt
         232054 100%  224.86MB/s   00:00:00 (xfer#49, to-check=57/1752)
synthetic_001509/
synthetic_001509/composite_mean.pt
         232026 100%   18.75MB/s   00:00:00 (xfer#50, to-check=59/1752)
synthetic_001509/metadata.json
           1796 100%   25.94MB/s   00:00:00 (xfer#51, to-check=60/1752)
synthetic_001509/posterior_mean.pt
         232026 100%   12.37MB/s   00:00:00 (xfer#52, to-check=61/1752)
synthetic_001509/posterior_samples.pt
        6356992  26%   12.10MB/s   00:00:01       13172736  53%   12.81MB/s   00:00:00       19857408  81%   12.60MB/s   00:00:00       24657317 100%   12.22MB/s   00:00:01 (xfer#53, to-check=62/1752)
synthetic_001509/posterior_std.pt
         232019 100%  255.81MB/s   00:00:00 (xfer#54, to-check=63/1752)
synthetic_001509/posterior_variance.pt
         232054 100%  318.86MB/s   00:00:00 (xfer#55, to-check=64/1752)
synthetic_001510/
synthetic_001510/composite_mean.pt
         232026 100%   27.32MB/s   00:00:00 (xfer#56, to-check=66/1752)
synthetic_001510/metadata.json
           1796 100%   26.71MB/s   00:00:00 (xfer#57, to-check=67/1752)
synthetic_001510/posterior_mean.pt
         232026 100%   10.91MB/s   00:00:00 (xfer#58, to-check=68/1752)
synthetic_001510/posterior_samples.pt
        6684672  27%   12.60MB/s   00:00:01       13369344  54%   12.54MB/s   00:00:00       20054016  81%   12.57MB/s   00:00:00       24657317 100%   12.34MB/s   00:00:01 (xfer#59, to-check=69/1752)
synthetic_001510/posterior_std.pt
         232019 100%  257.01MB/s   00:00:00 (xfer#60, to-check=70/1752)
synthetic_001510/posterior_variance.pt
         232054 100%  184.90MB/s   00:00:00 (xfer#61, to-check=71/1752)
synthetic_001511/
synthetic_001511/composite_mean.pt
         232026 100%   21.68MB/s   00:00:00 (xfer#62, to-check=73/1752)
synthetic_001511/metadata.json
           1798 100%   27.66MB/s   00:00:00 (xfer#63, to-check=74/1752)
synthetic_001511/posterior_mean.pt
         232026 100%   12.59MB/s   00:00:00 (xfer#64, to-check=75/1752)
synthetic_001511/posterior_samples.pt
        6586368  27%   12.44MB/s   00:00:01       13008896  53%   10.91MB/s   00:00:01       20578304  83%   14.25MB/s   00:00:00       24657317 100%   12.21MB/s   00:00:01 (xfer#65, to-check=76/1752)
synthetic_001511/posterior_std.pt
         232019 100%  264.03MB/s   00:00:00 (xfer#66, to-check=77/1752)
synthetic_001511/posterior_variance.pt
         232054 100%   23.55MB/s   00:00:00 (xfer#67, to-check=78/1752)
synthetic_001512/
synthetic_001512/composite_mean.pt
         232026 100%   36.22MB/s   00:00:00 (xfer#68, to-check=80/1752)
synthetic_001512/metadata.json
           1797 100%   16.79MB/s   00:00:00 (xfer#69, to-check=81/1752)
synthetic_001512/posterior_mean.pt
         232026 100%   10.39MB/s   00:00:00 (xfer#70, to-check=82/1752)
synthetic_001512/posterior_samples.pt
        4849664  20%    9.15MB/s   00:00:02       11894784  48%   13.44MB/s   00:00:00       18350080  74%   12.31MB/s   00:00:00       23724032  96%    9.58MB/s   00:00:00       24657317 100%   10.99MB/s   00:00:02 (xfer#71, to-check=83/1752)
synthetic_001512/posterior_std.pt
         232019 100%  266.00MB/s   00:00:00 (xfer#72, to-check=84/1752)
synthetic_001512/posterior_variance.pt
         232054 100%   39.31MB/s   00:00:00 (xfer#73, to-check=85/1752)
synthetic_001513/
synthetic_001513/composite_mean.pt
         232026 100%    9.66MB/s   00:00:00 (xfer#74, to-check=87/1752)
synthetic_001513/metadata.json
           1797 100%   13.82MB/s   00:00:00 (xfer#75, to-check=88/1752)
synthetic_001513/posterior_mean.pt
         232026 100%   10.97MB/s   00:00:00 (xfer#76, to-check=89/1752)
synthetic_001513/posterior_samples.pt
        5570560  23%   10.60MB/s   00:00:01       11730944  48%   11.13MB/s   00:00:01       17760256  72%   11.30MB/s   00:00:00       24182784  98%   11.88MB/s   00:00:00       24657317 100%   11.04MB/s   00:00:02 (xfer#77, to-check=90/1752)
synthetic_001513/posterior_std.pt
         232019 100%  239.26MB/s   00:00:00 (xfer#78, to-check=91/1752)
synthetic_001513/posterior_variance.pt
         232054 100%  297.41MB/s   00:00:00 (xfer#79, to-check=92/1752)
synthetic_001514/
synthetic_001514/composite_mean.pt
         232026 100%   14.26MB/s   00:00:00 (xfer#80, to-check=94/1752)
synthetic_001514/metadata.json
           1798 100%   21.73MB/s   00:00:00 (xfer#81, to-check=95/1752)
synthetic_001514/posterior_mean.pt
         232026 100%   33.50MB/s   00:00:00 (xfer#82, to-check=96/1752)
synthetic_001514/posterior_samples.pt
        6750208  27%   12.79MB/s   00:00:01       12517376  51%   10.81MB/s   00:00:01       18808832  76%   11.61MB/s   00:00:00       24657317 100%   11.66MB/s   00:00:02 (xfer#83, to-check=97/1752)
synthetic_001514/posterior_std.pt
         232019 100%  245.85MB/s   00:00:00 (xfer#84, to-check=98/1752)
synthetic_001514/posterior_variance.pt
         232054 100%  278.74MB/s   00:00:00 (xfer#85, to-check=99/1752)
synthetic_001515/
synthetic_001515/composite_mean.pt
         232026 100%  300.65MB/s   00:00:00 (xfer#86, to-check=101/1752)
synthetic_001515/metadata.json
           1797 100%   27.65MB/s   00:00:00 (xfer#87, to-check=102/1752)
synthetic_001515/posterior_mean.pt
         232026 100%    9.12MB/s   00:00:00 (xfer#88, to-check=103/1752)
synthetic_001515/posterior_samples.pt
        7077888  29%   13.41MB/s   00:00:01       13631488  55%   12.46MB/s   00:00:00       19529728  79%   10.92MB/s   00:00:00       24657317 100%   12.18MB/s   00:00:01 (xfer#89, to-check=104/1752)
synthetic_001515/posterior_std.pt
         232019 100%  265.62MB/s   00:00:00 (xfer#90, to-check=105/1752)
synthetic_001515/posterior_variance.pt
         232054 100%   75.20MB/s   00:00:00 (xfer#91, to-check=106/1752)
synthetic_001516/
synthetic_001516/composite_mean.pt
         232026 100%   88.26MB/s   00:00:00 (xfer#92, to-check=108/1752)
synthetic_001516/metadata.json
           1798 100%   27.66MB/s   00:00:00 (xfer#93, to-check=109/1752)
synthetic_001516/posterior_mean.pt
         232026 100%   13.21MB/s   00:00:00 (xfer#94, to-check=110/1752)
synthetic_001516/posterior_samples.pt
        7012352  28%   13.28MB/s   00:00:01       13434880  54%   12.03MB/s   00:00:00       20381696  83%   13.00MB/s   00:00:00       24657317 100%   12.21MB/s   00:00:01 (xfer#95, to-check=111/1752)
synthetic_001516/posterior_std.pt
         232019 100%  239.19MB/s   00:00:00 (xfer#96, to-check=112/1752)
synthetic_001516/posterior_variance.pt
         232054 100%  294.30MB/s   00:00:00 (xfer#97, to-check=113/1752)
synthetic_001517/
synthetic_001517/composite_mean.pt
         232026 100%   47.05MB/s   00:00:00 (xfer#98, to-check=115/1752)
synthetic_001517/metadata.json
           1797 100%   28.08MB/s   00:00:00 (xfer#99, to-check=116/1752)
synthetic_001517/posterior_mean.pt
         232026 100%   19.44MB/s   00:00:00 (xfer#100, to-check=117/1752)
synthetic_001517/posterior_samples.pt
        6750208  27%   12.81MB/s   00:00:01       13434880  54%   12.72MB/s   00:00:00       20119552  82%   12.59MB/s   00:00:00       24657317 100%   12.38MB/s   00:00:01 (xfer#101, to-check=118/1752)
synthetic_001517/posterior_std.pt
         232019 100%  260.92MB/s   00:00:00 (xfer#102, to-check=119/1752)
synthetic_001517/posterior_variance.pt
         232054 100%  317.01MB/s   00:00:00 (xfer#103, to-check=120/1752)
synthetic_001518/
synthetic_001518/composite_mean.pt
         232026 100%   23.54MB/s   00:00:00 (xfer#104, to-check=122/1752)
synthetic_001518/metadata.json
           1795 100%   27.51MB/s   00:00:00 (xfer#105, to-check=123/1752)
synthetic_001518/posterior_mean.pt
         232026 100%   10.76MB/s   00:00:00 (xfer#106, to-check=124/1752)
synthetic_001518/posterior_samples.pt
        6553600  27%   12.48MB/s   00:00:01       12779520  52%   11.10MB/s   00:00:01       18939904  77%   11.57MB/s   00:00:00       24657317 100%   11.50MB/s   00:00:02 (xfer#107, to-check=125/1752)
synthetic_001518/posterior_std.pt
         232019 100%  260.33MB/s   00:00:00 (xfer#108, to-check=126/1752)
synthetic_001518/posterior_variance.pt
         232054 100%   68.56MB/s   00:00:00 (xfer#109, to-check=127/1752)
synthetic_001519/
synthetic_001519/composite_mean.pt
         232026 100%   10.64MB/s   00:00:00 (xfer#110, to-check=129/1752)
synthetic_001519/metadata.json
           1796 100%   25.94MB/s   00:00:00 (xfer#111, to-check=130/1752)
synthetic_001519/posterior_mean.pt
         232026 100%   16.66MB/s   00:00:00 (xfer#112, to-check=131/1752)
synthetic_001519/posterior_samples.pt
        6946816  28%   13.23MB/s   00:00:01       12845056  52%   10.13MB/s   00:00:01       20054016  81%   13.66MB/s   00:00:00       24657317 100%   12.08MB/s   00:00:01 (xfer#113, to-check=132/1752)
synthetic_001519/posterior_std.pt
         232019 100%  254.06MB/s   00:00:00 (xfer#114, to-check=133/1752)
synthetic_001519/posterior_variance.pt
         232054 100%  301.47MB/s   00:00:00 (xfer#115, to-check=134/1752)
synthetic_001520/
synthetic_001520/composite_mean.pt
         232026 100%   25.07MB/s   00:00:00 (xfer#116, to-check=136/1752)
synthetic_001520/metadata.json
           1798 100%   26.84MB/s   00:00:00 (xfer#117, to-check=137/1752)
synthetic_001520/posterior_mean.pt
         232026 100%   10.45MB/s   00:00:00 (xfer#118, to-check=138/1752)
synthetic_001520/posterior_samples.pt
        6619136  27%   12.56MB/s   00:00:01       13271040  54%   12.68MB/s   00:00:00       19726336  80%   12.30MB/s   00:00:00       24657317 100%   12.33MB/s   00:00:01 (xfer#119, to-check=139/1752)
synthetic_001520/posterior_std.pt
         232019 100%  274.90MB/s   00:00:00 (xfer#120, to-check=140/1752)
synthetic_001520/posterior_variance.pt
         232054 100%   58.50MB/s   00:00:00 (xfer#121, to-check=141/1752)
synthetic_001521/
synthetic_001521/composite_mean.pt
         232026 100%    9.07MB/s   00:00:00 (xfer#122, to-check=143/1752)
synthetic_001521/metadata.json
           1798 100%   18.21MB/s   00:00:00 (xfer#123, to-check=144/1752)
synthetic_001521/posterior_mean.pt
         232026 100%   13.06MB/s   00:00:00 (xfer#124, to-check=145/1752)
synthetic_001521/posterior_samples.pt
        6750208  27%   12.74MB/s   00:00:01       13041664  53%   11.93MB/s   00:00:00       19595264  79%   12.50MB/s   00:00:00       24657317 100%   12.38MB/s   00:00:01 (xfer#125, to-check=146/1752)
synthetic_001521/posterior_std.pt
         232019 100%  252.06MB/s   00:00:00 (xfer#126, to-check=147/1752)
synthetic_001521/posterior_variance.pt
         232054 100%   60.00MB/s   00:00:00 (xfer#127, to-check=148/1752)
synthetic_001522/
synthetic_001522/composite_mean.pt
         232026 100%   11.83MB/s   00:00:00 (xfer#128, to-check=150/1752)
synthetic_001522/metadata.json
           1797 100%   19.48MB/s   00:00:00 (xfer#129, to-check=151/1752)
synthetic_001522/posterior_mean.pt
         232026 100%   10.71MB/s   00:00:00 (xfer#130, to-check=152/1752)
synthetic_001522/posterior_samples.pt
        6193152  25%   11.72MB/s   00:00:01       12877824  52%   12.53MB/s   00:00:00       19562496  79%   12.59MB/s   00:00:00       24657317 100%   12.08MB/s   00:00:01 (xfer#131, to-check=153/1752)
synthetic_001522/posterior_std.pt
         232019 100%  277.95MB/s   00:00:00 (xfer#132, to-check=154/1752)
synthetic_001522/posterior_variance.pt
         232054 100%  323.98MB/s   00:00:00 (xfer#133, to-check=155/1752)
synthetic_001523/
synthetic_001523/composite_mean.pt
         232026 100%   26.02MB/s   00:00:00 (xfer#134, to-check=157/1752)
synthetic_001523/metadata.json
           1798 100%   21.15MB/s   00:00:00 (xfer#135, to-check=158/1752)
synthetic_001523/posterior_mean.pt
         232026 100%    9.45MB/s   00:00:00 (xfer#136, to-check=159/1752)
synthetic_001523/posterior_samples.pt
        6651904  27%   12.69MB/s   00:00:01       13271040  54%   12.49MB/s   00:00:00       19824640  80%   12.48MB/s   00:00:00       24657317 100%   12.27MB/s   00:00:01 (xfer#137, to-check=160/1752)
synthetic_001523/posterior_std.pt
         232019 100%  245.91MB/s   00:00:00 (xfer#138, to-check=161/1752)
synthetic_001523/posterior_variance.pt
         232054 100%  309.51MB/s   00:00:00 (xfer#139, to-check=162/1752)
synthetic_001524/
synthetic_001524/composite_mean.pt
         232026 100%   45.31MB/s   00:00:00 (xfer#140, to-check=164/1752)
synthetic_001524/metadata.json
           1799 100%   26.36MB/s   00:00:00 (xfer#141, to-check=165/1752)
synthetic_001524/posterior_mean.pt
         232026 100%   10.73MB/s   00:00:00 (xfer#142, to-check=166/1752)
synthetic_001524/posterior_samples.pt
        6422528  26%   11.95MB/s   00:00:01       11960320  49%   10.37MB/s   00:00:01       18907136  77%   12.92MB/s   00:00:00       24657317 100%   11.87MB/s   00:00:01 (xfer#143, to-check=167/1752)
synthetic_001524/posterior_std.pt
         232019 100%  247.22MB/s   00:00:00 (xfer#144, to-check=168/1752)
synthetic_001524/posterior_variance.pt
         232054 100%  269.20MB/s   00:00:00 (xfer#145, to-check=169/1752)
synthetic_001525/
synthetic_001525/composite_mean.pt
         232026 100%  145.20MB/s   00:00:00 (xfer#146, to-check=171/1752)
synthetic_001525/metadata.json
           1798 100%   28.09MB/s   00:00:00 (xfer#147, to-check=172/1752)
synthetic_001525/posterior_mean.pt
         232026 100%   13.68MB/s   00:00:00 (xfer#148, to-check=173/1752)
synthetic_001525/posterior_samples.pt
        6717440  27%   12.57MB/s   00:00:01       13402112  54%   12.63MB/s   00:00:00       19922944  81%   12.43MB/s   00:00:00       24657317 100%   12.31MB/s   00:00:01 (xfer#149, to-check=174/1752)
synthetic_001525/posterior_std.pt
         232019 100%  233.65MB/s   00:00:00 (xfer#150, to-check=175/1752)
synthetic_001525/posterior_variance.pt
         232054 100%  291.89MB/s   00:00:00 (xfer#151, to-check=176/1752)
synthetic_001526/
synthetic_001526/composite_mean.pt
         232026 100%   18.74MB/s   00:00:00 (xfer#152, to-check=178/1752)
synthetic_001526/metadata.json
           1798 100%   23.81MB/s   00:00:00 (xfer#153, to-check=179/1752)
synthetic_001526/posterior_mean.pt
         232026 100%   12.13MB/s   00:00:00 (xfer#154, to-check=180/1752)
synthetic_001526/posterior_samples.pt
        6586368  27%   12.53MB/s   00:00:01       13008896  53%   12.20MB/s   00:00:00       19300352  78%   11.91MB/s   00:00:00       24657317 100%   12.10MB/s   00:00:01 (xfer#155, to-check=181/1752)
synthetic_001526/posterior_std.pt
         232019 100%  264.03MB/s   00:00:00 (xfer#156, to-check=182/1752)
synthetic_001526/posterior_variance.pt
         232054 100%  319.74MB/s   00:00:00 (xfer#157, to-check=183/1752)
synthetic_001527/
synthetic_001527/composite_mean.pt
         232026 100%   24.66MB/s   00:00:00 (xfer#158, to-check=185/1752)
synthetic_001527/metadata.json
           1797 100%   25.13MB/s   00:00:00 (xfer#159, to-check=186/1752)
synthetic_001527/posterior_mean.pt
         232026 100%   73.47MB/s   00:00:00 (xfer#160, to-check=187/1752)
synthetic_001527/posterior_samples.pt
        6160384  25%   11.12MB/s   00:00:01       12713984  52%   12.27MB/s   00:00:00       18874368  77%   11.50MB/s   00:00:00       24657317 100%   11.76MB/s   00:00:01 (xfer#161, to-check=188/1752)
synthetic_001527/posterior_std.pt
         232019 100%  240.50MB/s   00:00:00 (xfer#162, to-check=189/1752)
synthetic_001527/posterior_variance.pt
         232054 100%  149.64MB/s   00:00:00 (xfer#163, to-check=190/1752)
synthetic_001528/
synthetic_001528/composite_mean.pt
         232026 100%   39.75MB/s   00:00:00 (xfer#164, to-check=192/1752)
synthetic_001528/metadata.json
           1796 100%   25.94MB/s   00:00:00 (xfer#165, to-check=193/1752)
synthetic_001528/posterior_mean.pt
         232026 100%    7.61MB/s   00:00:00 (xfer#166, to-check=194/1752)
synthetic_001528/posterior_samples.pt
        5898240  24%   11.22MB/s   00:00:01       12451840  50%   12.44MB/s   00:00:00       19529728  79%   13.49MB/s   00:00:00       24657317 100%   12.15MB/s   00:00:01 (xfer#167, to-check=195/1752)
synthetic_001528/posterior_std.pt
         232019 100%  217.35MB/s   00:00:00 (xfer#168, to-check=196/1752)
synthetic_001528/posterior_variance.pt
         232054 100%  320.30MB/s   00:00:00 (xfer#169, to-check=197/1752)
synthetic_001529/
synthetic_001529/composite_mean.pt
         232026 100%   26.61MB/s   00:00:00 (xfer#170, to-check=199/1752)
synthetic_001529/metadata.json
           1797 100%   21.65MB/s   00:00:00 (xfer#171, to-check=200/1752)
synthetic_001529/posterior_mean.pt
         232026 100%   12.83MB/s   00:00:00 (xfer#172, to-check=201/1752)
synthetic_001529/posterior_samples.pt
        6062080  25%   11.02MB/s   00:00:01       11436032  46%   10.09MB/s   00:00:01       16941056  69%   10.45MB/s   00:00:00       22839296  93%   11.15MB/s   00:00:00       24657317 100%   10.62MB/s   00:00:02 (xfer#173, to-check=202/1752)
synthetic_001529/posterior_std.pt
         232019 100%  360.28MB/s   00:00:00 (xfer#174, to-check=203/1752)
synthetic_001529/posterior_variance.pt
         232054 100%  383.56MB/s   00:00:00 (xfer#175, to-check=204/1752)
synthetic_001530/
synthetic_001530/composite_mean.pt
         232026 100%    9.98MB/s   00:00:00 (xfer#176, to-check=206/1752)
synthetic_001530/metadata.json
           1796 100%   16.14MB/s   00:00:00 (xfer#177, to-check=207/1752)
synthetic_001530/posterior_mean.pt
         232026 100%   15.92MB/s   00:00:00 (xfer#178, to-check=208/1752)
synthetic_001530/posterior_samples.pt
        6455296  26%   12.31MB/s   00:00:01       12746752  52%   11.80MB/s   00:00:00       19169280  78%   11.51MB/s   00:00:00       24657317 100%   11.89MB/s   00:00:01 (xfer#179, to-check=209/1752)
synthetic_001530/posterior_std.pt
         232019 100%  377.57MB/s   00:00:00 (xfer#180, to-check=210/1752)
synthetic_001530/posterior_variance.pt
         232054 100%  449.72MB/s   00:00:00 (xfer#181, to-check=211/1752)
synthetic_001531/
synthetic_001531/composite_mean.pt
         232026 100%   10.53MB/s   00:00:00 (xfer#182, to-check=213/1752)
synthetic_001531/metadata.json
           1798 100%   16.35MB/s   00:00:00 (xfer#183, to-check=214/1752)
synthetic_001531/posterior_mean.pt
         232026 100%   12.00MB/s   00:00:00 (xfer#184, to-check=215/1752)
synthetic_001531/posterior_samples.pt
        4653056  19%    8.79MB/s   00:00:02       10551296  43%   10.93MB/s   00:00:01       16056320  65%   10.20MB/s   00:00:00       22609920  92%   12.23MB/s   00:00:00       24657317 100%   10.43MB/s   00:00:02 (xfer#185, to-check=216/1752)
synthetic_001531/posterior_std.pt
         232019 100%  261.80MB/s   00:00:00 (xfer#186, to-check=217/1752)
synthetic_001531/posterior_variance.pt
         232054 100%   37.43MB/s   00:00:00 (xfer#187, to-check=218/1752)
synthetic_001532/
synthetic_001532/composite_mean.pt
         232026 100%    8.77MB/s   00:00:00 (xfer#188, to-check=220/1752)
synthetic_001532/metadata.json
           1797 100%   24.45MB/s   00:00:00 (xfer#189, to-check=221/1752)
synthetic_001532/posterior_mean.pt
         232026 100%   27.31MB/s   00:00:00 (xfer#190, to-check=222/1752)
synthetic_001532/posterior_samples.pt
        6815744  28%   12.92MB/s   00:00:01       13631488  55%   12.85MB/s   00:00:00       20447232  83%   13.00MB/s   00:00:00       24657317 100%   12.69MB/s   00:00:01 (xfer#191, to-check=223/1752)
synthetic_001532/posterior_std.pt
         232019 100%  388.80MB/s   00:00:00 (xfer#192, to-check=224/1752)
synthetic_001532/posterior_variance.pt
         232054 100%   13.48MB/s   00:00:00 (xfer#193, to-check=225/1752)
synthetic_001533/
synthetic_001533/composite_mean.pt
         232026 100%   25.91MB/s   00:00:00 (xfer#194, to-check=227/1752)
synthetic_001533/metadata.json
           1798 100%   18.07MB/s   00:00:00 (xfer#195, to-check=228/1752)
synthetic_001533/posterior_mean.pt
         232026 100%   12.28MB/s   00:00:00 (xfer#196, to-check=229/1752)
synthetic_001533/posterior_samples.pt
        6553600  27%   12.45MB/s   00:00:01       12124160  49%   10.49MB/s   00:00:01       15859712  64%    6.96MB/s   00:00:01       19529728  79%    6.46MB/s   00:00:00       23461888  95%    7.26MB/s   00:00:00       24657317 100%    8.39MB/s   00:00:02 (xfer#197, to-check=230/1752)
synthetic_001533/posterior_std.pt
         232019 100%  246.44MB/s   00:00:00 (xfer#198, to-check=231/1752)
synthetic_001533/posterior_variance.pt
         232054 100%    9.57MB/s   00:00:00 (xfer#199, to-check=232/1752)
synthetic_001534/
synthetic_001534/composite_mean.pt
         232026 100%   75.89MB/s   00:00:00 (xfer#200, to-check=234/1752)
synthetic_001534/metadata.json
           1796 100%   16.98MB/s   00:00:00 (xfer#201, to-check=235/1752)
synthetic_001534/posterior_mean.pt
         232026 100%    6.10MB/s   00:00:00 (xfer#202, to-check=236/1752)
synthetic_001534/posterior_samples.pt
        4587520  19%    8.61MB/s   00:00:02        9306112  38%    8.76MB/s   00:00:01       14024704  57%    8.94MB/s   00:00:01       17367040  70%    6.10MB/s   00:00:01       20905984  85%    6.44MB/s   00:00:00       24657317 100%    7.13MB/s   00:00:00       24657317 100%    7.56MB/s   00:00:03 (xfer#203, to-check=237/1752)
synthetic_001534/posterior_std.pt
         232019 100%  288.49MB/s   00:00:00 (xfer#204, to-check=238/1752)
synthetic_001534/posterior_variance.pt
         232054 100%    8.31MB/s   00:00:00 (xfer#205, to-check=239/1752)
synthetic_001535/
synthetic_001535/composite_mean.pt
         232026 100%    5.39MB/s   00:00:00 (xfer#206, to-check=241/1752)
synthetic_001535/metadata.json
           1798 100%   19.49MB/s   00:00:00 (xfer#207, to-check=242/1752)
synthetic_001535/posterior_mean.pt
         232026 100%   14.05MB/s   00:00:00 (xfer#208, to-check=243/1752)
synthetic_001535/posterior_samples.pt
        3932160  16%    7.39MB/s   00:00:02        7602176  31%    6.79MB/s   00:00:02       11534336  47%    7.20MB/s   00:00:01       15597568  63%    7.63MB/s   00:00:01       19660800  80%    7.58MB/s   00:00:00       23986176  97%    7.83MB/s   00:00:00       24657317 100%    7.39MB/s   00:00:03 (xfer#209, to-check=244/1752)
synthetic_001535/posterior_std.pt
         232019 100%  230.01MB/s   00:00:00 (xfer#210, to-check=245/1752)
synthetic_001535/posterior_variance.pt
         232054 100%    6.98MB/s   00:00:00 (xfer#211, to-check=246/1752)
synthetic_001536/
synthetic_001536/composite_mean.pt
         232026 100%   96.51MB/s   00:00:00 (xfer#212, to-check=248/1752)
synthetic_001536/metadata.json
           1797 100%   20.19MB/s   00:00:00 (xfer#213, to-check=249/1752)
synthetic_001536/posterior_mean.pt
         232026 100%    5.06MB/s   00:00:00 (xfer#214, to-check=250/1752)
synthetic_001536/posterior_samples.pt
        3997696  16%    7.52MB/s   00:00:02        8978432  36%    9.15MB/s   00:00:01       14090240  57%    9.61MB/s   00:00:01       19202048  78%    9.63MB/s   00:00:00       24313856  99%    9.49MB/s   00:00:00       24657317 100%    8.94MB/s   00:00:02 (xfer#215, to-check=251/1752)
synthetic_001536/posterior_std.pt
         232019 100%  239.50MB/s   00:00:00 (xfer#216, to-check=252/1752)
synthetic_001536/posterior_variance.pt
         232054 100%  284.47MB/s   00:00:00 (xfer#217, to-check=253/1752)
synthetic_001537/
synthetic_001537/composite_mean.pt
         232026 100%    7.17MB/s   00:00:00 (xfer#218, to-check=255/1752)
synthetic_001537/metadata.json
           1797 100%   19.91MB/s   00:00:00 (xfer#219, to-check=256/1752)
synthetic_001537/posterior_mean.pt
         232026 100%   30.63MB/s   00:00:00 (xfer#220, to-check=257/1752)
synthetic_001537/posterior_samples.pt
        4784128  19%    8.77MB/s   00:00:02       10551296  43%   10.96MB/s   00:00:01       16449536  67%   11.12MB/s   00:00:00       22609920  92%   11.56MB/s   00:00:00       24657317 100%   10.42MB/s   00:00:02 (xfer#221, to-check=258/1752)
synthetic_001537/posterior_std.pt
         232019 100%  231.44MB/s   00:00:00 (xfer#222, to-check=259/1752)
synthetic_001537/posterior_variance.pt
         232054 100%  295.52MB/s   00:00:00 (xfer#223, to-check=260/1752)
synthetic_001538/
synthetic_001538/composite_mean.pt
         232026 100%   23.61MB/s   00:00:00 (xfer#224, to-check=262/1752)
synthetic_001538/metadata.json
           1796 100%   28.51MB/s   00:00:00 (xfer#225, to-check=263/1752)
synthetic_001538/posterior_mean.pt
         232026 100%   12.10MB/s   00:00:00 (xfer#226, to-check=264/1752)
synthetic_001538/posterior_samples.pt
        6488064  26%   12.28MB/s   00:00:01       13041664  53%   11.99MB/s   00:00:00       19693568  80%   12.68MB/s   00:00:00       21528576  87%    3.47MB/s   00:00:00       22904832  93%    2.61MB/s   00:00:00       24150016  98%    2.22MB/s   00:00:00       24657317 100%    7.02MB/s   00:00:03 (xfer#227, to-check=265/1752)
synthetic_001538/posterior_std.pt
         232019 100%    4.99MB/s   00:00:00 (xfer#228, to-check=266/1752)
synthetic_001538/posterior_variance.pt
         232054 100%    5.27MB/s   00:00:00 (xfer#229, to-check=267/1752)
synthetic_001539/
synthetic_001539/composite_mean.pt
         232026 100%    2.81MB/s   00:00:00 (xfer#230, to-check=269/1752)
synthetic_001539/metadata.json
           1797 100%    5.24MB/s   00:00:00 (xfer#231, to-check=270/1752)
synthetic_001539/posterior_mean.pt
         232026 100%    2.66MB/s   00:00:00 (xfer#232, to-check=271/1752)
synthetic_001539/posterior_samples.pt
        1802240   7%    3.23MB/s   00:00:06        3768320  15%    3.50MB/s   00:00:05        5865472  24%    3.83MB/s   00:00:04        8224768  33%    4.45MB/s   00:00:03       10846208  44%    4.83MB/s   00:00:02       13467648  55%    4.87MB/s   00:00:02       16351232  66%    5.35MB/s   00:00:01       19103744  77%    5.11MB/s   00:00:01       22478848  91%    6.44MB/s   00:00:00       24657317 100%    4.64MB/s   00:00:05 (xfer#233, to-check=272/1752)
synthetic_001539/posterior_std.pt
         232019 100%  238.15MB/s   00:00:00 (xfer#234, to-check=273/1752)
synthetic_001539/posterior_variance.pt
         232054 100%    6.94MB/s   00:00:00 (xfer#235, to-check=274/1752)
synthetic_001540/
synthetic_001540/composite_mean.pt
         232026 100%   10.96MB/s   00:00:00 (xfer#236, to-check=276/1752)
synthetic_001540/metadata.json
           1797 100%   24.12MB/s   00:00:00 (xfer#237, to-check=277/1752)
synthetic_001540/posterior_mean.pt
         232026 100%    7.95MB/s   00:00:00 (xfer#238, to-check=278/1752)
synthetic_001540/posterior_samples.pt
        3735552  15%    6.81MB/s   00:00:02        7372800  30%    6.48MB/s   00:00:02       10256384  42%    5.44MB/s   00:00:02       13664256  55%    6.16MB/s   00:00:01       17203200  70%    6.54MB/s   00:00:01       20873216  85%    6.72MB/s   00:00:00       24657317 100%    7.05MB/s   00:00:00       24657317 100%    6.39MB/s   00:00:03 (xfer#239, to-check=279/1752)
synthetic_001540/posterior_std.pt
         232019 100%  254.34MB/s   00:00:00 (xfer#240, to-check=280/1752)
synthetic_001540/posterior_variance.pt
         232054 100%   54.37MB/s   00:00:00 (xfer#241, to-check=281/1752)
synthetic_001541/
synthetic_001541/composite_mean.pt
         232026 100%    6.47MB/s   00:00:00 (xfer#242, to-check=283/1752)
synthetic_001541/metadata.json
           1796 100%   22.88MB/s   00:00:00 (xfer#243, to-check=284/1752)
synthetic_001541/posterior_mean.pt
         232026 100%    6.10MB/s   00:00:00 (xfer#244, to-check=285/1752)
synthetic_001541/posterior_samples.pt
        3571712  14%    6.70MB/s   00:00:03        7241728  29%    6.66MB/s   00:00:02       11304960  46%    7.36MB/s   00:00:01       15106048  61%    7.22MB/s   00:00:01       19038208  77%    7.42MB/s   00:00:00       22708224  92%    7.00MB/s   00:00:00       24657317 100%    7.05MB/s   00:00:03 (xfer#245, to-check=286/1752)
synthetic_001541/posterior_std.pt
         232019 100%  242.57MB/s   00:00:00 (xfer#246, to-check=287/1752)
synthetic_001541/posterior_variance.pt
         232054 100%   18.33MB/s   00:00:00 (xfer#247, to-check=288/1752)
synthetic_001542/
synthetic_001542/composite_mean.pt
         232026 100%    9.42MB/s   00:00:00 (xfer#248, to-check=290/1752)
synthetic_001542/metadata.json
           1797 100%   17.16MB/s   00:00:00 (xfer#249, to-check=291/1752)
synthetic_001542/posterior_mean.pt
         232026 100%    6.89MB/s   00:00:00 (xfer#250, to-check=292/1752)
synthetic_001542/posterior_samples.pt
        4325376  18%    8.07MB/s   00:00:02        8781824  36%    8.34MB/s   00:00:01       13205504  54%    8.44MB/s   00:00:01       17956864  73%    8.98MB/s   00:00:00       22806528  92%    8.50MB/s   00:00:00       24657317 100%    8.41MB/s   00:00:02 (xfer#251, to-check=293/1752)
synthetic_001542/posterior_std.pt
         232019 100%  280.13MB/s   00:00:00 (xfer#252, to-check=294/1752)
synthetic_001542/posterior_variance.pt
         232054 100%  294.67MB/s   00:00:00 (xfer#253, to-check=295/1752)
synthetic_001543/
synthetic_001543/composite_mean.pt
         232026 100%   51.30MB/s   00:00:00 (xfer#254, to-check=297/1752)
synthetic_001543/metadata.json
           1796 100%   31.79MB/s   00:00:00 (xfer#255, to-check=298/1752)
synthetic_001543/posterior_mean.pt
         232026 100%    4.33MB/s   00:00:00 (xfer#256, to-check=299/1752)
synthetic_001543/posterior_samples.pt
        5668864  23%   10.38MB/s   00:00:01       11304960  46%   10.50MB/s   00:00:01       17203200  70%   11.18MB/s   00:00:00       23101440  94%   10.87MB/s   00:00:00       24657317 100%   10.55MB/s   00:00:02 (xfer#257, to-check=300/1752)
synthetic_001543/posterior_std.pt
         232019 100%  250.36MB/s   00:00:00 (xfer#258, to-check=301/1752)
synthetic_001543/posterior_variance.pt
         232054 100%  313.48MB/s   00:00:00 (xfer#259, to-check=302/1752)
synthetic_001544/
synthetic_001544/composite_mean.pt
         232026 100%   88.12MB/s   00:00:00 (xfer#260, to-check=304/1752)
synthetic_001544/metadata.json
           1797 100%   29.46MB/s   00:00:00 (xfer#261, to-check=305/1752)
synthetic_001544/posterior_mean.pt
         232026 100%    7.28MB/s   00:00:00 (xfer#262, to-check=306/1752)
synthetic_001544/posterior_samples.pt
        6029312  24%   11.50MB/s   00:00:01       10092544  41%    7.56MB/s   00:00:01       14942208  61%    9.16MB/s   00:00:01       20054016  81%    9.33MB/s   00:00:00       24657317 100%    9.25MB/s   00:00:02 (xfer#263, to-check=307/1752)
synthetic_001544/posterior_std.pt
         232019 100%   45.68MB/s   00:00:00 (xfer#264, to-check=308/1752)
synthetic_001544/posterior_variance.pt
         232054 100%   10.93MB/s   00:00:00 (xfer#265, to-check=309/1752)
synthetic_001545/
synthetic_001545/composite_mean.pt
         232026 100%   10.77MB/s   00:00:00 (xfer#266, to-check=311/1752)
synthetic_001545/metadata.json
           1798 100%   20.43MB/s   00:00:00 (xfer#267, to-check=312/1752)
synthetic_001545/posterior_mean.pt
         232026 100%    9.90MB/s   00:00:00 (xfer#268, to-check=313/1752)
synthetic_001545/posterior_samples.pt
        5832704  24%   10.47MB/s   00:00:01       11501568  47%   10.81MB/s   00:00:01       17104896  69%   10.68MB/s   00:00:00       23527424  95%   12.11MB/s   00:00:00       24657317 100%   10.86MB/s   00:00:02 (xfer#269, to-check=314/1752)
synthetic_001545/posterior_std.pt
         232019 100%  214.83MB/s   00:00:00 (xfer#270, to-check=315/1752)
synthetic_001545/posterior_variance.pt
         232054 100%  300.30MB/s   00:00:00 (xfer#271, to-check=316/1752)
synthetic_001546/
synthetic_001546/composite_mean.pt
         232026 100%   29.12MB/s   00:00:00 (xfer#272, to-check=318/1752)
synthetic_001546/metadata.json
           1797 100%   21.91MB/s   00:00:00 (xfer#273, to-check=319/1752)
synthetic_001546/posterior_mean.pt
         232026 100%    6.93MB/s   00:00:00 (xfer#274, to-check=320/1752)
synthetic_001546/posterior_samples.pt
        6553600  27%   12.50MB/s   00:00:01       12845056  52%   11.91MB/s   00:00:00       19005440  77%   11.62MB/s   00:00:00       24657317 100%   11.86MB/s   00:00:01 (xfer#275, to-check=321/1752)
synthetic_001546/posterior_std.pt
         232019 100%  253.43MB/s   00:00:00 (xfer#276, to-check=322/1752)
synthetic_001546/posterior_variance.pt
         232054 100%  119.17MB/s   00:00:00 (xfer#277, to-check=323/1752)
synthetic_001547/
synthetic_001547/composite_mean.pt
         232026 100%  282.96MB/s   00:00:00 (xfer#278, to-check=325/1752)
synthetic_001547/metadata.json
           1797 100%   32.23MB/s   00:00:00 (xfer#279, to-check=326/1752)
synthetic_001547/posterior_mean.pt
         232026 100%    7.57MB/s   00:00:00 (xfer#280, to-check=327/1752)
synthetic_001547/posterior_samples.pt
        5668864  23%   10.57MB/s   00:00:01       11829248  48%   11.56MB/s   00:00:01       17334272  70%   10.32MB/s   00:00:00       23625728  96%   11.74MB/s   00:00:00       24657317 100%   10.91MB/s   00:00:02 (xfer#281, to-check=328/1752)
synthetic_001547/posterior_std.pt
         232019 100%  257.87MB/s   00:00:00 (xfer#282, to-check=329/1752)
synthetic_001547/posterior_variance.pt
         232054 100%   28.87MB/s   00:00:00 (xfer#283, to-check=330/1752)
synthetic_001548/
synthetic_001548/composite_mean.pt
         232026 100%   12.92MB/s   00:00:00 (xfer#284, to-check=332/1752)
synthetic_001548/metadata.json
           1795 100%   27.20MB/s   00:00:00 (xfer#285, to-check=333/1752)
synthetic_001548/posterior_mean.pt
         232026 100%   11.10MB/s   00:00:00 (xfer#286, to-check=334/1752)
synthetic_001548/posterior_samples.pt
        5439488  22%    9.98MB/s   00:00:01       12255232  50%   12.78MB/s   00:00:00       19070976  77%   12.86MB/s   00:00:00       24657317 100%   11.41MB/s   00:00:02 (xfer#287, to-check=335/1752)
synthetic_001548/posterior_std.pt
         232019 100%  237.91MB/s   00:00:00 (xfer#288, to-check=336/1752)
synthetic_001548/posterior_variance.pt
         232054 100%  304.43MB/s   00:00:00 (xfer#289, to-check=337/1752)
synthetic_001549/
synthetic_001549/composite_mean.pt
         232026 100%   22.65MB/s   00:00:00 (xfer#290, to-check=339/1752)
synthetic_001549/metadata.json
           1796 100%   26.32MB/s   00:00:00 (xfer#291, to-check=340/1752)
synthetic_001549/posterior_mean.pt
         232026 100%   12.27MB/s   00:00:00 (xfer#292, to-check=341/1752)
synthetic_001549/posterior_samples.pt
        5799936  24%   10.33MB/s   00:00:01       11337728  46%   10.56MB/s   00:00:01       17072128  69%   10.91MB/s   00:00:00       23232512  94%   11.53MB/s   00:00:00       24657317 100%   10.73MB/s   00:00:02 (xfer#293, to-check=342/1752)
synthetic_001549/posterior_std.pt
         232019 100%  257.58MB/s   00:00:00 (xfer#294, to-check=343/1752)
synthetic_001549/posterior_variance.pt
         232054 100%  313.06MB/s   00:00:00 (xfer#295, to-check=344/1752)
synthetic_001550/
synthetic_001550/composite_mean.pt
         232026 100%   14.84MB/s   00:00:00 (xfer#296, to-check=346/1752)
synthetic_001550/metadata.json
           1796 100%   24.11MB/s   00:00:00 (xfer#297, to-check=347/1752)
synthetic_001550/posterior_mean.pt
         232026 100%   12.28MB/s   00:00:00 (xfer#298, to-check=348/1752)
synthetic_001550/posterior_samples.pt
        6291456  26%   11.67MB/s   00:00:01       12582912  51%   11.47MB/s   00:00:01       19529728  79%   13.16MB/s   00:00:00       24657317 100%   12.05MB/s   00:00:01 (xfer#299, to-check=349/1752)
synthetic_001550/posterior_std.pt
         232019 100%  233.13MB/s   00:00:00 (xfer#300, to-check=350/1752)
synthetic_001550/posterior_variance.pt
         232054 100%  308.99MB/s   00:00:00 (xfer#301, to-check=351/1752)
synthetic_001551/
synthetic_001551/composite_mean.pt
         232026 100%   39.48MB/s   00:00:00 (xfer#302, to-check=353/1752)
synthetic_001551/metadata.json
           1796 100%   26.32MB/s   00:00:00 (xfer#303, to-check=354/1752)
synthetic_001551/posterior_mean.pt
         232026 100%   11.19MB/s   00:00:00 (xfer#304, to-check=355/1752)
synthetic_001551/posterior_samples.pt
        6782976  28%   12.76MB/s   00:00:01       13434880  54%   12.69MB/s   00:00:00       19890176  81%   12.21MB/s   00:00:00       24657317 100%   12.33MB/s   00:00:01 (xfer#305, to-check=356/1752)
synthetic_001551/posterior_std.pt
         232019 100%  230.75MB/s   00:00:00 (xfer#306, to-check=357/1752)
synthetic_001551/posterior_variance.pt
         232054 100%   60.72MB/s   00:00:00 (xfer#307, to-check=358/1752)
synthetic_001552/
synthetic_001552/composite_mean.pt
         232026 100%   13.26MB/s   00:00:00 (xfer#308, to-check=360/1752)
synthetic_001552/metadata.json
           1798 100%   24.89MB/s   00:00:00 (xfer#309, to-check=361/1752)
synthetic_001552/posterior_mean.pt
         232026 100%   19.75MB/s   00:00:00 (xfer#310, to-check=362/1752)
synthetic_001552/posterior_samples.pt
        6553600  27%   12.36MB/s   00:00:01       13107200  53%   12.47MB/s   00:00:00       18579456  75%   10.41MB/s   00:00:00       24084480  98%   10.16MB/s   00:00:00       24657317 100%   11.14MB/s   00:00:02 (xfer#311, to-check=363/1752)
synthetic_001552/posterior_std.pt
         232019 100%  236.39MB/s   00:00:00 (xfer#312, to-check=364/1752)
synthetic_001552/posterior_variance.pt
         232054 100%   35.56MB/s   00:00:00 (xfer#313, to-check=365/1752)
synthetic_001553/
synthetic_001553/composite_mean.pt
         232026 100%   49.84MB/s   00:00:00 (xfer#314, to-check=367/1752)
synthetic_001553/metadata.json
           1798 100%  785.56KB/s   00:00:00 (xfer#315, to-check=368/1752)
synthetic_001553/posterior_mean.pt
         232026 100%    6.69MB/s   00:00:00 (xfer#316, to-check=369/1752)
synthetic_001553/posterior_samples.pt
        5701632  23%   10.81MB/s   00:00:01       11862016  48%   11.43MB/s   00:00:01       18284544  74%   12.08MB/s   00:00:00       24657317 100%   11.44MB/s   00:00:02 (xfer#317, to-check=370/1752)
synthetic_001553/posterior_std.pt
         232019 100%  267.23MB/s   00:00:00 (xfer#318, to-check=371/1752)
synthetic_001553/posterior_variance.pt
         232054 100%    7.74MB/s   00:00:00 (xfer#319, to-check=372/1752)
synthetic_001554/
synthetic_001554/composite_mean.pt
         232026 100%   15.99MB/s   00:00:00 (xfer#320, to-check=374/1752)
synthetic_001554/metadata.json
           1796 100%   18.42MB/s   00:00:00 (xfer#321, to-check=375/1752)
synthetic_001554/posterior_mean.pt
         232026 100%    5.98MB/s   00:00:00 (xfer#322, to-check=376/1752)
synthetic_001554/posterior_samples.pt
        6422528  26%   11.81MB/s   00:00:01       13631488  55%   13.69MB/s   00:00:00       20316160  82%   12.63MB/s   00:00:00       24657317 100%   12.31MB/s   00:00:01 (xfer#323, to-check=377/1752)
synthetic_001554/posterior_std.pt
         232019 100%  253.43MB/s   00:00:00 (xfer#324, to-check=378/1752)
synthetic_001554/posterior_variance.pt
         232054 100%  330.33MB/s   00:00:00 (xfer#325, to-check=379/1752)
synthetic_001555/
synthetic_001555/composite_mean.pt
         232026 100%   55.32MB/s   00:00:00 (xfer#326, to-check=381/1752)
synthetic_001555/metadata.json
           1797 100%   29.95MB/s   00:00:00 (xfer#327, to-check=382/1752)
synthetic_001555/posterior_mean.pt
         232026 100%   19.35MB/s   00:00:00 (xfer#328, to-check=383/1752)
synthetic_001555/posterior_samples.pt
        6553600  27%   12.46MB/s   00:00:01       13107200  53%   12.49MB/s   00:00:00       19660800  80%   12.49MB/s   00:00:00       24657317 100%   12.11MB/s   00:00:01 (xfer#329, to-check=384/1752)
synthetic_001555/posterior_std.pt
         232019 100%  273.20MB/s   00:00:00 (xfer#330, to-check=385/1752)
synthetic_001555/posterior_variance.pt
         232054 100%  303.54MB/s   00:00:00 (xfer#331, to-check=386/1752)
synthetic_001556/
synthetic_001556/composite_mean.pt
         232026 100%   70.38MB/s   00:00:00 (xfer#332, to-check=388/1752)
synthetic_001556/metadata.json
           1799 100%   27.26MB/s   00:00:00 (xfer#333, to-check=389/1752)
synthetic_001556/posterior_mean.pt
         232026 100%   28.77MB/s   00:00:00 (xfer#334, to-check=390/1752)
synthetic_001556/posterior_samples.pt
        6422528  26%   12.25MB/s   00:00:01       12845056  52%   12.07MB/s   00:00:00       19660800  80%   11.97MB/s   00:00:00       23494656  95%    7.12MB/s   00:00:00       24657317 100%   10.62MB/s   00:00:02 (xfer#335, to-check=391/1752)
synthetic_001556/posterior_std.pt
         232019 100%  245.59MB/s   00:00:00 (xfer#336, to-check=392/1752)
synthetic_001556/posterior_variance.pt
         232054 100%  272.52MB/s   00:00:00 (xfer#337, to-check=393/1752)
synthetic_001557/
synthetic_001557/composite_mean.pt
         232026 100%   11.85MB/s   00:00:00 (xfer#338, to-check=395/1752)
synthetic_001557/metadata.json
           1799 100%   20.68MB/s   00:00:00 (xfer#339, to-check=396/1752)
synthetic_001557/posterior_mean.pt
         232026 100%    7.84MB/s   00:00:00 (xfer#340, to-check=397/1752)
synthetic_001557/posterior_samples.pt
        4292608  17%    8.08MB/s   00:00:02        8486912  34%    7.64MB/s   00:00:02       13074432  53%    8.22MB/s   00:00:01       17924096  73%    9.04MB/s   00:00:00       22642688  92%    8.72MB/s   00:00:00       24657317 100%    8.26MB/s   00:00:02 (xfer#341, to-check=398/1752)
synthetic_001557/posterior_std.pt
         232019 100%  257.58MB/s   00:00:00 (xfer#342, to-check=399/1752)
synthetic_001557/posterior_variance.pt
         232054 100%   17.31MB/s   00:00:00 (xfer#343, to-check=400/1752)
synthetic_001558/
synthetic_001558/composite_mean.pt
         232026 100%    8.98MB/s   00:00:00 (xfer#344, to-check=402/1752)
synthetic_001558/metadata.json
           1800 100%   21.75MB/s   00:00:00 (xfer#345, to-check=403/1752)
synthetic_001558/posterior_mean.pt
         232026 100%    7.97MB/s   00:00:00 (xfer#346, to-check=404/1752)
synthetic_001558/posterior_samples.pt
        4784128  19%    9.11MB/s   00:00:02        8847360  36%    7.69MB/s   00:00:01       13434880  54%    8.56MB/s   00:00:01       18382848  75%    9.35MB/s   00:00:00       23363584  95%    9.42MB/s   00:00:00       24657317 100%    8.75MB/s   00:00:02 (xfer#347, to-check=405/1752)
synthetic_001558/posterior_std.pt
         232019 100%  256.94MB/s   00:00:00 (xfer#348, to-check=406/1752)
synthetic_001558/posterior_variance.pt
         232054 100%  324.44MB/s   00:00:00 (xfer#349, to-check=407/1752)
synthetic_001559/
synthetic_001559/composite_mean.pt
         232026 100%   12.49MB/s   00:00:00 (xfer#350, to-check=409/1752)
synthetic_001559/metadata.json
           1797 100%   27.65MB/s   00:00:00 (xfer#351, to-check=410/1752)
synthetic_001559/posterior_mean.pt
         232026 100%    5.76MB/s   00:00:00 (xfer#352, to-check=411/1752)
synthetic_001559/posterior_samples.pt
        3964928  16%    7.33MB/s   00:00:02        8159232  33%    7.85MB/s   00:00:02       12746752  52%    8.44MB/s   00:00:01       17596416  71%    8.76MB/s   00:00:00       22577152  92%    8.97MB/s   00:00:00       24657317 100%    7.94MB/s   00:00:02 (xfer#353, to-check=412/1752)
synthetic_001559/posterior_std.pt
         232019 100%    2.75MB/s   00:00:00 (xfer#354, to-check=413/1752)
synthetic_001559/posterior_variance.pt
         232054 100%    2.56MB/s   00:00:00 (xfer#355, to-check=414/1752)
synthetic_001560/
synthetic_001560/composite_mean.pt
         232026 100%    2.43MB/s   00:00:00 (xfer#356, to-check=416/1752)
synthetic_001560/metadata.json
           1797 100%   10.20MB/s   00:00:00 (xfer#357, to-check=417/1752)
synthetic_001560/posterior_mean.pt
         232026 100%    3.13MB/s   00:00:00 (xfer#358, to-check=418/1752)
synthetic_001560/posterior_samples.pt
        1376256   6%    2.51MB/s   00:00:08        2949120  12%    2.85MB/s   00:00:07        4784128  19%    3.30MB/s   00:00:05        6619136  27%    3.50MB/s   00:00:04        8716288  35%    3.80MB/s   00:00:04       10420224  42%    3.03MB/s   00:00:04       12386304  50%    3.52MB/s   00:00:03       14483456  59%    3.78MB/s   00:00:02       16580608  67%    3.79MB/s   00:00:02       18808832  76%    3.99MB/s   00:00:01       21037056  85%    3.96MB/s   00:00:00       23265280  94%    4.16MB/s   00:00:00       24657317 100%    3.52MB/s   00:00:06 (xfer#359, to-check=419/1752)
synthetic_001560/posterior_std.pt
         232019 100%  258.81MB/s   00:00:00 (xfer#360, to-check=420/1752)
synthetic_001560/posterior_variance.pt
         232054 100%    5.88MB/s   00:00:00 (xfer#361, to-check=421/1752)
synthetic_001561/
synthetic_001561/composite_mean.pt
         232026 100%    4.93MB/s   00:00:00 (xfer#362, to-check=423/1752)
synthetic_001561/metadata.json
           1799 100%   15.48MB/s   00:00:00 (xfer#363, to-check=424/1752)
synthetic_001561/posterior_mean.pt
         232026 100%    6.06MB/s   00:00:00 (xfer#364, to-check=425/1752)
synthetic_001561/posterior_samples.pt
        2621440  11%    4.87MB/s   00:00:04        5373952  22%    5.21MB/s   00:00:03        8519680  35%    5.70MB/s   00:00:02       11665408  47%    5.97MB/s   00:00:02       15073280  61%    6.33MB/s   00:00:01       18481152  75%    6.03MB/s   00:00:00       21397504  87%    5.26MB/s   00:00:00       23887872  97%    4.63MB/s   00:00:00       24657317 100%    5.46MB/s   00:00:04 (xfer#365, to-check=426/1752)
synthetic_001561/posterior_std.pt
         232019 100%  257.94MB/s   00:00:00 (xfer#366, to-check=427/1752)
synthetic_001561/posterior_variance.pt
         232054 100%    6.41MB/s   00:00:00 (xfer#367, to-check=428/1752)
synthetic_001562/
synthetic_001562/composite_mean.pt
         232026 100%    5.06MB/s   00:00:00 (xfer#368, to-check=430/1752)
synthetic_001562/metadata.json
           1798 100%   19.92MB/s   00:00:00 (xfer#369, to-check=431/1752)
synthetic_001562/posterior_mean.pt
         232026 100%    3.12MB/s   00:00:00 (xfer#370, to-check=432/1752)
synthetic_001562/posterior_samples.pt
        3276800  13%    6.08MB/s   00:00:03        6946816  28%    6.60MB/s   00:00:02       10616832  43%    6.63MB/s   00:00:02       14286848  58%    6.84MB/s   00:00:01       17956864  73%    6.64MB/s   00:00:00       21757952  88%    6.82MB/s   00:00:00       24657317 100%    6.51MB/s   00:00:03 (xfer#371, to-check=433/1752)
synthetic_001562/posterior_std.pt
         232019 100%  254.90MB/s   00:00:00 (xfer#372, to-check=434/1752)
synthetic_001562/posterior_variance.pt
         232054 100%   19.03MB/s   00:00:00 (xfer#373, to-check=435/1752)
synthetic_001563/
synthetic_001563/composite_mean.pt
         232026 100%    7.09MB/s   00:00:00 (xfer#374, to-check=437/1752)
synthetic_001563/metadata.json
           1797 100%   18.24MB/s   00:00:00 (xfer#375, to-check=438/1752)
synthetic_001563/posterior_mean.pt
         232026 100%    6.87MB/s   00:00:00 (xfer#376, to-check=439/1752)
synthetic_001563/posterior_samples.pt
        3506176  14%    6.36MB/s   00:00:03        7045120  29%    6.52MB/s   00:00:02       10059776  41%    5.71MB/s   00:00:02       12419072  50%    4.48MB/s   00:00:02       15564800  63%    5.90MB/s   00:00:01       18841600  76%    5.88MB/s   00:00:00       22380544  91%    6.60MB/s   00:00:00       24657317 100%    5.84MB/s   00:00:04 (xfer#377, to-check=440/1752)
synthetic_001563/posterior_std.pt
         232019 100%    7.64MB/s   00:00:00 (xfer#378, to-check=441/1752)
synthetic_001563/posterior_variance.pt
         232054 100%    5.55MB/s   00:00:00 (xfer#379, to-check=442/1752)
synthetic_001564/
synthetic_001564/composite_mean.pt
         232026 100%    5.74MB/s   00:00:00 (xfer#380, to-check=444/1752)
synthetic_001564/metadata.json
           1799 100%    6.52MB/s   00:00:00 (xfer#381, to-check=445/1752)
synthetic_001564/posterior_mean.pt
         232026 100%   29.96MB/s   00:00:00 (xfer#382, to-check=446/1752)
synthetic_001564/posterior_samples.pt
        2752512  11%    5.06MB/s   00:00:04        5767168  23%    5.47MB/s   00:00:03        8781824  36%    5.56MB/s   00:00:02       11665408  47%    5.24MB/s   00:00:02       15073280  61%    6.49MB/s   00:00:01       18710528  76%    6.94MB/s   00:00:00       22413312  91%    6.90MB/s   00:00:00       24657317 100%    5.95MB/s   00:00:03 (xfer#383, to-check=447/1752)
synthetic_001564/posterior_std.pt
         232019 100%  113.87MB/s   00:00:00 (xfer#384, to-check=448/1752)
synthetic_001564/posterior_variance.pt
         232054 100%   18.65MB/s   00:00:00 (xfer#385, to-check=449/1752)
synthetic_001565/
synthetic_001565/composite_mean.pt
         232026 100%    4.81MB/s   00:00:00 (xfer#386, to-check=451/1752)
synthetic_001565/metadata.json
           1797 100%   21.72MB/s   00:00:00 (xfer#387, to-check=452/1752)
synthetic_001565/posterior_mean.pt
         232026 100%   10.00MB/s   00:00:00 (xfer#388, to-check=453/1752)
synthetic_001565/posterior_samples.pt
        4030464  16%    7.53MB/s   00:00:02        8093696  33%    7.69MB/s   00:00:02       12681216  51%    8.66MB/s   00:00:01       16744448  68%    7.70MB/s   00:00:00       21594112  88%    8.62MB/s   00:00:00       24657317 100%    7.96MB/s   00:00:02 (xfer#389, to-check=454/1752)
synthetic_001565/posterior_std.pt
         232019 100%  245.33MB/s   00:00:00 (xfer#390, to-check=455/1752)
synthetic_001565/posterior_variance.pt
         232054 100%   16.20MB/s   00:00:00 (xfer#391, to-check=456/1752)
synthetic_001566/
synthetic_001566/composite_mean.pt
         232026 100%   11.01MB/s   00:00:00 (xfer#392, to-check=458/1752)
synthetic_001566/metadata.json
           1800 100%   25.26MB/s   00:00:00 (xfer#393, to-check=459/1752)
synthetic_001566/posterior_mean.pt
         232026 100%    9.92MB/s   00:00:00 (xfer#394, to-check=460/1752)
synthetic_001566/posterior_samples.pt
        3801088  15%    6.85MB/s   00:00:02        7864320  32%    7.74MB/s   00:00:02       11665408  47%    7.10MB/s   00:00:01       15990784  65%    8.18MB/s   00:00:01       20840448  85%    9.19MB/s   00:00:00       24657317 100%    7.77MB/s   00:00:03 (xfer#395, to-check=461/1752)
synthetic_001566/posterior_std.pt
         232019 100%  218.42MB/s   00:00:00 (xfer#396, to-check=462/1752)
synthetic_001566/posterior_variance.pt
         232054 100%   17.16MB/s   00:00:00 (xfer#397, to-check=463/1752)
synthetic_001567/
synthetic_001567/composite_mean.pt
         232026 100%   18.73MB/s   00:00:00 (xfer#398, to-check=465/1752)
synthetic_001567/metadata.json
           1798 100%   18.21MB/s   00:00:00 (xfer#399, to-check=466/1752)
synthetic_001567/posterior_mean.pt
         232026 100%    9.05MB/s   00:00:00 (xfer#400, to-check=467/1752)
synthetic_001567/posterior_samples.pt
        4980736  20%    9.13MB/s   00:00:02        9699328  39%    9.00MB/s   00:00:01       14417920  58%    8.95MB/s   00:00:01       19660800  80%    9.99MB/s   00:00:00       24510464  99%    9.19MB/s   00:00:00       24657317 100%    9.15MB/s   00:00:02 (xfer#401, to-check=468/1752)
synthetic_001567/posterior_std.pt
         232019 100%  253.16MB/s   00:00:00 (xfer#402, to-check=469/1752)
synthetic_001567/posterior_variance.pt
         232054 100%   62.43MB/s   00:00:00 (xfer#403, to-check=470/1752)
synthetic_001568/
synthetic_001568/composite_mean.pt
         232026 100%    8.68MB/s   00:00:00 (xfer#404, to-check=472/1752)
synthetic_001568/metadata.json
           1798 100%   22.83MB/s   00:00:00 (xfer#405, to-check=473/1752)
synthetic_001568/posterior_mean.pt
         232026 100%    8.27MB/s   00:00:00 (xfer#406, to-check=474/1752)
synthetic_001568/posterior_samples.pt
        5242880  21%    9.44MB/s   00:00:01       10354688  42%    9.74MB/s   00:00:01       15532032  63%    9.87MB/s   00:00:00       20578304  83%    9.53MB/s   00:00:00       24657317 100%    9.55MB/s   00:00:02 (xfer#407, to-check=475/1752)
synthetic_001568/posterior_std.pt
         232019 100%  260.04MB/s   00:00:00 (xfer#408, to-check=476/1752)
synthetic_001568/posterior_variance.pt
         232054 100%  272.84MB/s   00:00:00 (xfer#409, to-check=477/1752)
synthetic_001569/
synthetic_001569/composite_mean.pt
         232026 100%   96.67MB/s   00:00:00 (xfer#410, to-check=479/1752)
synthetic_001569/metadata.json
           1799 100%   26.36MB/s   00:00:00 (xfer#411, to-check=480/1752)
synthetic_001569/posterior_mean.pt
         232026 100%    8.02MB/s   00:00:00 (xfer#412, to-check=481/1752)
synthetic_001569/posterior_samples.pt
        3014656  12%    5.59MB/s   00:00:03        5898240  24%    5.50MB/s   00:00:03        9043968  37%    5.69MB/s   00:00:02       12582912  51%    6.50MB/s   00:00:01       15859712  64%    6.20MB/s   00:00:01       18874368  77%    5.73MB/s   00:00:00       22151168  90%    6.10MB/s   00:00:00       24657317 100%    5.89MB/s   00:00:03 (xfer#413, to-check=482/1752)
synthetic_001569/posterior_std.pt
         232019 100%  135.27MB/s   00:00:00 (xfer#414, to-check=483/1752)
synthetic_001569/posterior_variance.pt
         232054 100%    5.76MB/s   00:00:00 (xfer#415, to-check=484/1752)
synthetic_001570/
synthetic_001570/composite_mean.pt
         232026 100%   14.50MB/s   00:00:00 (xfer#416, to-check=486/1752)
synthetic_001570/metadata.json
           1797 100%   23.19MB/s   00:00:00 (xfer#417, to-check=487/1752)
synthetic_001570/posterior_mean.pt
         232026 100%    4.89MB/s   00:00:00 (xfer#418, to-check=488/1752)
synthetic_001570/posterior_samples.pt
        4063232  16%    7.37MB/s   00:00:02        7864320  32%    7.06MB/s   00:00:02       11927552  48%    7.38MB/s   00:00:01       16515072  67%    8.50MB/s   00:00:00       21102592  86%    8.57MB/s   00:00:00       24657317 100%    7.81MB/s   00:00:03 (xfer#419, to-check=489/1752)
synthetic_001570/posterior_std.pt
         232019 100%  264.03MB/s   00:00:00 (xfer#420, to-check=490/1752)
synthetic_001570/posterior_variance.pt
         232054 100%   12.90MB/s   00:00:00 (xfer#421, to-check=491/1752)
synthetic_001571/
synthetic_001571/composite_mean.pt
         232026 100%   14.96MB/s   00:00:00 (xfer#422, to-check=493/1752)
synthetic_001571/metadata.json
           1798 100%   25.15MB/s   00:00:00 (xfer#423, to-check=494/1752)
synthetic_001571/posterior_mean.pt
         232026 100%    6.26MB/s   00:00:00 (xfer#424, to-check=495/1752)
synthetic_001571/posterior_samples.pt
        4980736  20%    9.50MB/s   00:00:01       10092544  41%    9.63MB/s   00:00:01       15728640  64%   10.40MB/s   00:00:00       21233664  86%   10.00MB/s   00:00:00       24657317 100%    9.71MB/s   00:00:02 (xfer#425, to-check=496/1752)
synthetic_001571/posterior_std.pt
         232019 100%  260.99MB/s   00:00:00 (xfer#426, to-check=497/1752)
synthetic_001571/posterior_variance.pt
         232054 100%   78.20MB/s   00:00:00 (xfer#427, to-check=498/1752)
synthetic_001572/
synthetic_001572/composite_mean.pt
         232026 100%    6.96MB/s   00:00:00 (xfer#428, to-check=500/1752)
synthetic_001572/metadata.json
           1799 100%   23.52MB/s   00:00:00 (xfer#429, to-check=501/1752)
synthetic_001572/posterior_mean.pt
         232026 100%   30.23MB/s   00:00:00 (xfer#430, to-check=502/1752)
synthetic_001572/posterior_samples.pt
        5505024  22%   10.50MB/s   00:00:01       10977280  45%   10.15MB/s   00:00:01       16613376  67%   10.70MB/s   00:00:00       22773760  92%   11.36MB/s   00:00:00       24657317 100%   10.56MB/s   00:00:02 (xfer#431, to-check=503/1752)
synthetic_001572/posterior_std.pt
         232019 100%   41.51MB/s   00:00:00 (xfer#432, to-check=504/1752)
synthetic_001572/posterior_variance.pt
         232054 100%   38.92MB/s   00:00:00 (xfer#433, to-check=505/1752)
synthetic_001573/
synthetic_001573/composite_mean.pt
         232026 100%    7.93MB/s   00:00:00 (xfer#434, to-check=507/1752)
synthetic_001573/metadata.json
           1797 100%   22.53MB/s   00:00:00 (xfer#435, to-check=508/1752)
synthetic_001573/posterior_mean.pt
         232026 100%   32.59MB/s   00:00:00 (xfer#436, to-check=509/1752)
synthetic_001573/posterior_samples.pt
        6455296  26%   12.10MB/s   00:00:01       11993088  49%    9.95MB/s   00:00:01       14974976  61%    5.53MB/s   00:00:01       18644992  76%    6.82MB/s   00:00:00       22315008  91%    6.88MB/s   00:00:00       24657317 100%    8.05MB/s   00:00:02 (xfer#437, to-check=510/1752)
synthetic_001573/posterior_std.pt
         232019 100%   13.45MB/s   00:00:00 (xfer#438, to-check=511/1752)
synthetic_001573/posterior_variance.pt
         232054 100%   91.68MB/s   00:00:00 (xfer#439, to-check=512/1752)
synthetic_001574/
synthetic_001574/composite_mean.pt
         232026 100%    3.88MB/s   00:00:00 (xfer#440, to-check=514/1752)
synthetic_001574/metadata.json
           1800 100%   20.93MB/s   00:00:00 (xfer#441, to-check=515/1752)
synthetic_001574/posterior_mean.pt
         232026 100%    4.20MB/s   00:00:00 (xfer#442, to-check=516/1752)
synthetic_001574/posterior_samples.pt
        3735552  15%    6.90MB/s   00:00:02        7536640  31%    7.16MB/s   00:00:02       11075584  45%    6.60MB/s   00:00:01       14614528  59%    6.59MB/s   00:00:01       18939904  77%    8.18MB/s   00:00:00       23265280  94%    8.19MB/s   00:00:00       24657317 100%    7.18MB/s   00:00:03 (xfer#443, to-check=517/1752)
synthetic_001574/posterior_std.pt
         232019 100%   32.42MB/s   00:00:00 (xfer#444, to-check=518/1752)
synthetic_001574/posterior_variance.pt
         232054 100%    3.48MB/s   00:00:00 (xfer#445, to-check=519/1752)
synthetic_001575/
synthetic_001575/composite_mean.pt
         232026 100%    6.75MB/s   00:00:00 (xfer#446, to-check=521/1752)
synthetic_001575/metadata.json
           1800 100%   17.52MB/s   00:00:00 (xfer#447, to-check=522/1752)
synthetic_001575/posterior_mean.pt
         232026 100%   20.23MB/s   00:00:00 (xfer#448, to-check=523/1752)
synthetic_001575/posterior_samples.pt
        4685824  19%    8.58MB/s   00:00:02        9273344  38%    8.52MB/s   00:00:01       14385152  58%    9.54MB/s   00:00:01       19365888  79%    8.99MB/s   00:00:00       24608768 100%    9.78MB/s   00:00:00       24657317 100%    9.02MB/s   00:00:02 (xfer#449, to-check=524/1752)
synthetic_001575/posterior_std.pt
         232019 100%  373.77MB/s   00:00:00 (xfer#450, to-check=525/1752)
synthetic_001575/posterior_variance.pt
         232054 100%   12.65MB/s   00:00:00 (xfer#451, to-check=526/1752)
synthetic_001576/
synthetic_001576/composite_mean.pt
         232026 100%   24.45MB/s   00:00:00 (xfer#452, to-check=528/1752)
synthetic_001576/metadata.json
           1800 100%   19.05MB/s   00:00:00 (xfer#453, to-check=529/1752)
synthetic_001576/posterior_mean.pt
         232026 100%    8.48MB/s   00:00:00 (xfer#454, to-check=530/1752)
synthetic_001576/posterior_samples.pt
        5373952  22%   10.24MB/s   00:00:01       11141120  45%   10.74MB/s   00:00:01       17039360  69%   10.95MB/s   00:00:00       22675456  92%   10.59MB/s   00:00:00       24657317 100%   10.58MB/s   00:00:02 (xfer#455, to-check=531/1752)
synthetic_001576/posterior_std.pt
         232019 100%  257.30MB/s   00:00:00 (xfer#456, to-check=532/1752)
synthetic_001576/posterior_variance.pt
         232054 100%  254.10MB/s   00:00:00 (xfer#457, to-check=533/1752)
synthetic_001577/
synthetic_001577/composite_mean.pt
         232026 100%   49.27MB/s   00:00:00 (xfer#458, to-check=535/1752)
synthetic_001577/metadata.json
           1797 100%   28.98MB/s   00:00:00 (xfer#459, to-check=536/1752)
synthetic_001577/posterior_mean.pt
         232026 100%    9.47MB/s   00:00:00 (xfer#460, to-check=537/1752)
synthetic_001577/posterior_samples.pt
        6586368  27%   12.30MB/s   00:00:01       12353536  50%   10.99MB/s   00:00:01       18513920  75%   11.67MB/s   00:00:00       24657317 100%   11.72MB/s   00:00:02 (xfer#461, to-check=538/1752)
synthetic_001577/posterior_std.pt
         232019 100%  243.14MB/s   00:00:00 (xfer#462, to-check=539/1752)
synthetic_001577/posterior_variance.pt
         232054 100%  311.80MB/s   00:00:00 (xfer#463, to-check=540/1752)
synthetic_001578/
synthetic_001578/composite_mean.pt
         232026 100%    9.51MB/s   00:00:00 (xfer#464, to-check=542/1752)
synthetic_001578/metadata.json
           1797 100%   25.22MB/s   00:00:00 (xfer#465, to-check=543/1752)
synthetic_001578/posterior_mean.pt
         232026 100%   36.50MB/s   00:00:00 (xfer#466, to-check=544/1752)
synthetic_001578/posterior_samples.pt
        6193152  25%   11.75MB/s   00:00:01       11173888  45%    9.45MB/s   00:00:01       18382848  75%   13.65MB/s   00:00:00       24657317 100%   11.68MB/s   00:00:02 (xfer#467, to-check=545/1752)
synthetic_001578/posterior_std.pt
         232019 100%  299.86MB/s   00:00:00 (xfer#468, to-check=546/1752)
synthetic_001578/posterior_variance.pt
         232054 100%  342.64MB/s   00:00:00 (xfer#469, to-check=547/1752)
synthetic_001579/
synthetic_001579/composite_mean.pt
         232026 100%   11.68MB/s   00:00:00 (xfer#470, to-check=549/1752)
synthetic_001579/metadata.json
           1796 100%   24.86MB/s   00:00:00 (xfer#471, to-check=550/1752)
synthetic_001579/posterior_mean.pt
         232026 100%   11.30MB/s   00:00:00 (xfer#472, to-check=551/1752)
synthetic_001579/posterior_samples.pt
        6651904  27%   12.51MB/s   00:00:01       13336576  54%   12.59MB/s   00:00:00       20021248  81%   12.57MB/s   00:00:00       24657317 100%   11.73MB/s   00:00:02 (xfer#473, to-check=552/1752)
synthetic_001579/posterior_std.pt
         232019 100%  335.77MB/s   00:00:00 (xfer#474, to-check=553/1752)
synthetic_001579/posterior_variance.pt
         232054 100%   16.38MB/s   00:00:00 (xfer#475, to-check=554/1752)
synthetic_001580/
synthetic_001580/composite_mean.pt
         232026 100%   12.78MB/s   00:00:00 (xfer#476, to-check=556/1752)
synthetic_001580/metadata.json
           1796 100%   16.98MB/s   00:00:00 (xfer#477, to-check=557/1752)
synthetic_001580/posterior_mean.pt
         232026 100%   34.04MB/s   00:00:00 (xfer#478, to-check=558/1752)
synthetic_001580/posterior_samples.pt
        7176192  29%   13.58MB/s   00:00:01       13860864  56%   12.67MB/s   00:00:00       19693568  80%   10.85MB/s   00:00:00       24657317 100%   12.09MB/s   00:00:01 (xfer#479, to-check=559/1752)
synthetic_001580/posterior_std.pt
         232019 100%  266.92MB/s   00:00:00 (xfer#480, to-check=560/1752)
synthetic_001580/posterior_variance.pt
         232054 100%  318.86MB/s   00:00:00 (xfer#481, to-check=561/1752)
synthetic_001581/
synthetic_001581/composite_mean.pt
         232026 100%   27.75MB/s   00:00:00 (xfer#482, to-check=563/1752)
synthetic_001581/metadata.json
           1796 100%   25.21MB/s   00:00:00 (xfer#483, to-check=564/1752)
synthetic_001581/posterior_mean.pt
         232026 100%   16.84MB/s   00:00:00 (xfer#484, to-check=565/1752)
synthetic_001581/posterior_samples.pt
        7012352  28%   13.34MB/s   00:00:01       11829248  48%    7.82MB/s   00:00:01       13664256  55%    3.47MB/s   00:00:03       15499264  63%    3.38MB/s   00:00:02       17465344  71%    3.68MB/s   00:00:01       19431424  79%    3.56MB/s   00:00:01       21397504  87%    3.28MB/s   00:00:00       23625728  96%    4.21MB/s   00:00:00       24657317 100%    5.26MB/s   00:00:04 (xfer#485, to-check=566/1752)
synthetic_001581/posterior_std.pt
         232019 100%   50.42MB/s   00:00:00 (xfer#486, to-check=567/1752)
synthetic_001581/posterior_variance.pt
         232054 100%    4.84MB/s   00:00:00 (xfer#487, to-check=568/1752)
synthetic_001582/
synthetic_001582/composite_mean.pt
         232026 100%    4.69MB/s   00:00:00 (xfer#488, to-check=570/1752)
synthetic_001582/metadata.json
           1796 100%   15.16MB/s   00:00:00 (xfer#489, to-check=571/1752)
synthetic_001582/posterior_mean.pt
         232026 100%    5.18MB/s   00:00:00 (xfer#490, to-check=572/1752)
synthetic_001582/posterior_samples.pt
        2129920   9%    3.94MB/s   00:00:05        4489216  18%    4.35MB/s   00:00:04        7372800  30%    5.44MB/s   00:00:03       10780672  44%    6.42MB/s   00:00:02       13926400  56%    5.91MB/s   00:00:01       17465344  71%    6.40MB/s   00:00:01       21266432  86%    7.20MB/s   00:00:00       24657317 100%    5.81MB/s   00:00:04 (xfer#491, to-check=573/1752)
synthetic_001582/posterior_std.pt
         232019 100%  239.75MB/s   00:00:00 (xfer#492, to-check=574/1752)
synthetic_001582/posterior_variance.pt
         232054 100%  293.83MB/s   00:00:00 (xfer#493, to-check=575/1752)
synthetic_001583/
synthetic_001583/composite_mean.pt
         232026 100%    6.66MB/s   00:00:00 (xfer#494, to-check=577/1752)
synthetic_001583/metadata.json
           1798 100%   25.24MB/s   00:00:00 (xfer#495, to-check=578/1752)
synthetic_001583/posterior_mean.pt
         232026 100%    6.76MB/s   00:00:00 (xfer#496, to-check=579/1752)
synthetic_001583/posterior_samples.pt
        4030464  16%    7.43MB/s   00:00:02        7798784  32%    7.19MB/s   00:00:02       11632640  47%    6.45MB/s   00:00:01       15171584  62%    6.69MB/s   00:00:01       20021248  81%    9.14MB/s   00:00:00       24215552  98%    7.73MB/s   00:00:00       24657317 100%    7.39MB/s   00:00:03 (xfer#497, to-check=580/1752)
synthetic_001583/posterior_std.pt
         232019 100%  255.18MB/s   00:00:00 (xfer#498, to-check=581/1752)
synthetic_001583/posterior_variance.pt
         232054 100%   10.32MB/s   00:00:00 (xfer#499, to-check=582/1752)
synthetic_001584/
synthetic_001584/composite_mean.pt
         232026 100%   39.56MB/s   00:00:00 (xfer#500, to-check=584/1752)
synthetic_001584/metadata.json
           1797 100%   25.95MB/s   00:00:00 (xfer#501, to-check=585/1752)
synthetic_001584/posterior_mean.pt
         232026 100%    6.63MB/s   00:00:00 (xfer#502, to-check=586/1752)
synthetic_001584/posterior_samples.pt
        4751360  19%    9.05MB/s   00:00:02       10125312  41%   10.18MB/s   00:00:01       15761408  64%   10.68MB/s   00:00:00       21790720  88%   11.47MB/s   00:00:00       24657317 100%   10.43MB/s   00:00:02 (xfer#503, to-check=587/1752)
synthetic_001584/posterior_std.pt
         232019 100%  249.42MB/s   00:00:00 (xfer#504, to-check=588/1752)
synthetic_001584/posterior_variance.pt
         232054 100%  319.30MB/s   00:00:00 (xfer#505, to-check=589/1752)
synthetic_001585/
synthetic_001585/composite_mean.pt
         232026 100%   48.73MB/s   00:00:00 (xfer#506, to-check=591/1752)
synthetic_001585/metadata.json
           1796 100%   24.86MB/s   00:00:00 (xfer#507, to-check=592/1752)
synthetic_001585/posterior_mean.pt
         232026 100%   19.16MB/s   00:00:00 (xfer#508, to-check=593/1752)
synthetic_001585/posterior_samples.pt
        6324224  26%   11.29MB/s   00:00:01       11173888  45%    9.15MB/s   00:00:01       16154624  66%    9.45MB/s   00:00:00       22446080  91%   11.71MB/s   00:00:00       24657317 100%   10.07MB/s   00:00:02 (xfer#509, to-check=594/1752)
synthetic_001585/posterior_std.pt
         232019 100%  249.15MB/s   00:00:00 (xfer#510, to-check=595/1752)
synthetic_001585/posterior_variance.pt
         232054 100%  294.67MB/s   00:00:00 (xfer#511, to-check=596/1752)
synthetic_001586/
synthetic_001586/composite_mean.pt
         232026 100%   24.00MB/s   00:00:00 (xfer#512, to-check=598/1752)
synthetic_001586/metadata.json
           1797 100%   27.65MB/s   00:00:00 (xfer#513, to-check=599/1752)
synthetic_001586/posterior_mean.pt
         232026 100%    6.35MB/s   00:00:00 (xfer#514, to-check=600/1752)
synthetic_001586/posterior_samples.pt
        5046272  20%    9.58MB/s   00:00:01        9895936  40%    9.17MB/s   00:00:01       14319616  58%    8.12MB/s   00:00:01       19693568  80%   10.24MB/s   00:00:00       24657317 100%    9.30MB/s   00:00:02 (xfer#515, to-check=601/1752)
synthetic_001586/posterior_std.pt
         232019 100%  226.69MB/s   00:00:00 (xfer#516, to-check=602/1752)
synthetic_001586/posterior_variance.pt
         232054 100%    5.48MB/s   00:00:00 (xfer#517, to-check=603/1752)
synthetic_001587/
synthetic_001587/composite_mean.pt
         232026 100%   35.29MB/s   00:00:00 (xfer#518, to-check=605/1752)
synthetic_001587/metadata.json
           1797 100%   20.90MB/s   00:00:00 (xfer#519, to-check=606/1752)
synthetic_001587/posterior_mean.pt
         232026 100%    5.96MB/s   00:00:00 (xfer#520, to-check=607/1752)
synthetic_001587/posterior_samples.pt
        5668864  23%   10.28MB/s   00:00:01       11304960  46%   10.74MB/s   00:00:01       16941056  69%   10.37MB/s   00:00:00       22544384  91%   10.45MB/s   00:00:00       24657317 100%   10.16MB/s   00:00:02 (xfer#521, to-check=608/1752)
synthetic_001587/posterior_std.pt
         232019 100%  255.81MB/s   00:00:00 (xfer#522, to-check=609/1752)
synthetic_001587/posterior_variance.pt
         232054 100%  312.11MB/s   00:00:00 (xfer#523, to-check=610/1752)
synthetic_001588/
synthetic_001588/composite_mean.pt
         232026 100%    9.35MB/s   00:00:00 (xfer#524, to-check=612/1752)
synthetic_001588/metadata.json
           1796 100%   25.94MB/s   00:00:00 (xfer#525, to-check=613/1752)
synthetic_001588/posterior_mean.pt
         232026 100%    3.42MB/s   00:00:00 (xfer#526, to-check=614/1752)
synthetic_001588/posterior_samples.pt
        5636096  23%   10.32MB/s   00:00:01       11567104  47%   11.31MB/s   00:00:01       17825792  72%   11.78MB/s   00:00:00       23724032  96%   11.21MB/s   00:00:00       24657317 100%   10.99MB/s   00:00:02 (xfer#527, to-check=615/1752)
synthetic_001588/posterior_std.pt
         232019 100%  245.00MB/s   00:00:00 (xfer#528, to-check=616/1752)
synthetic_001588/posterior_variance.pt
         232054 100%  159.32MB/s   00:00:00 (xfer#529, to-check=617/1752)
synthetic_001589/
synthetic_001589/composite_mean.pt
         232026 100%    9.74MB/s   00:00:00 (xfer#530, to-check=619/1752)
synthetic_001589/metadata.json
           1799 100%   25.61MB/s   00:00:00 (xfer#531, to-check=620/1752)
synthetic_001589/posterior_mean.pt
         232026 100%   31.21MB/s   00:00:00 (xfer#532, to-check=621/1752)
synthetic_001589/posterior_samples.pt
        5865472  24%   11.05MB/s   00:00:01       11894784  48%   11.45MB/s   00:00:01       18579456  75%   12.67MB/s   00:00:00       23789568  96%    9.85MB/s   00:00:00       24657317 100%   10.95MB/s   00:00:02 (xfer#533, to-check=622/1752)
synthetic_001589/posterior_std.pt
         232019 100%  263.73MB/s   00:00:00 (xfer#534, to-check=623/1752)
synthetic_001589/posterior_variance.pt
         232054 100%   94.74MB/s   00:00:00 (xfer#535, to-check=624/1752)
synthetic_001590/
synthetic_001590/composite_mean.pt
         232026 100%   16.63MB/s   00:00:00 (xfer#536, to-check=626/1752)
synthetic_001590/metadata.json
           1796 100%   26.71MB/s   00:00:00 (xfer#537, to-check=627/1752)
synthetic_001590/posterior_mean.pt
         232026 100%    6.91MB/s   00:00:00 (xfer#538, to-check=628/1752)
synthetic_001590/posterior_samples.pt
        4816896  20%    8.76MB/s   00:00:02       10452992  42%   10.73MB/s   00:00:01       16613376  67%   11.73MB/s   00:00:00       23166976  94%   11.74MB/s   00:00:00       24657317 100%   10.68MB/s   00:00:02 (xfer#539, to-check=629/1752)
synthetic_001590/posterior_std.pt
         232019 100%  257.30MB/s   00:00:00 (xfer#540, to-check=630/1752)
synthetic_001590/posterior_variance.pt
         232054 100%  313.06MB/s   00:00:00 (xfer#541, to-check=631/1752)
synthetic_001591/
synthetic_001591/composite_mean.pt
         232026 100%   18.34MB/s   00:00:00 (xfer#542, to-check=633/1752)
synthetic_001591/metadata.json
           1796 100%   22.52MB/s   00:00:00 (xfer#543, to-check=634/1752)
synthetic_001591/posterior_mean.pt
         232026 100%   52.41MB/s   00:00:00 (xfer#544, to-check=635/1752)
synthetic_001591/posterior_samples.pt
        6029312  24%   11.50MB/s   00:00:01       12189696  49%   11.68MB/s   00:00:01       15532032  63%    6.25MB/s   00:00:01       20054016  81%    8.50MB/s   00:00:00       24510464  99%    8.43MB/s   00:00:00       24657317 100%    9.08MB/s   00:00:02 (xfer#545, to-check=636/1752)
synthetic_001591/posterior_std.pt
         232019 100%  248.35MB/s   00:00:00 (xfer#546, to-check=637/1752)
synthetic_001591/posterior_variance.pt
         232054 100%   10.47MB/s   00:00:00 (xfer#547, to-check=638/1752)
synthetic_001592/
synthetic_001592/composite_mean.pt
         232026 100%   21.84MB/s   00:00:00 (xfer#548, to-check=640/1752)
synthetic_001592/metadata.json
           1796 100%   24.52MB/s   00:00:00 (xfer#549, to-check=641/1752)
synthetic_001592/posterior_mean.pt
         232026 100%    3.44MB/s   00:00:00 (xfer#550, to-check=642/1752)
synthetic_001592/posterior_samples.pt
        5046272  20%    9.42MB/s   00:00:01       10158080  41%    9.58MB/s   00:00:01       15663104  64%   10.09MB/s   00:00:00       21037056  85%   10.12MB/s   00:00:00       24657317 100%    9.65MB/s   00:00:02 (xfer#551, to-check=643/1752)
synthetic_001592/posterior_std.pt
         232019 100%  235.43MB/s   00:00:00 (xfer#552, to-check=644/1752)
synthetic_001592/posterior_variance.pt
         232054 100%  305.64MB/s   00:00:00 (xfer#553, to-check=645/1752)
synthetic_001593/
synthetic_001593/composite_mean.pt
         232026 100%  129.39MB/s   00:00:00 (xfer#554, to-check=647/1752)
synthetic_001593/metadata.json
           1796 100%   30.06MB/s   00:00:00 (xfer#555, to-check=648/1752)
synthetic_001593/posterior_mean.pt
         232026 100%    5.50MB/s   00:00:00 (xfer#556, to-check=649/1752)
synthetic_001593/posterior_samples.pt
        5799936  24%   10.79MB/s   00:00:01       11304960  46%   10.41MB/s   00:00:01       16809984  68%   10.13MB/s   00:00:00       20905984  85%    7.79MB/s   00:00:00       24657317 100%    9.43MB/s   00:00:02 (xfer#557, to-check=650/1752)
synthetic_001593/posterior_std.pt
         232019 100%  281.92MB/s   00:00:00 (xfer#558, to-check=651/1752)
synthetic_001593/posterior_variance.pt
         232054 100%   20.93MB/s   00:00:00 (xfer#559, to-check=652/1752)
synthetic_001594/
synthetic_001594/composite_mean.pt
         232026 100%   15.02MB/s   00:00:00 (xfer#560, to-check=654/1752)
synthetic_001594/metadata.json
           1796 100%   16.48MB/s   00:00:00 (xfer#561, to-check=655/1752)
synthetic_001594/posterior_mean.pt
         232026 100%    5.74MB/s   00:00:00 (xfer#562, to-check=656/1752)
synthetic_001594/posterior_samples.pt
        4653056  19%    8.49MB/s   00:00:02        9633792  39%    9.25MB/s   00:00:01       14745600  60%    9.15MB/s   00:00:01       20152320  82%   10.31MB/s   00:00:00       24657317 100%    9.40MB/s   00:00:02 (xfer#563, to-check=657/1752)
synthetic_001594/posterior_std.pt
         232019 100%  226.25MB/s   00:00:00 (xfer#564, to-check=658/1752)
synthetic_001594/posterior_variance.pt
         232054 100%   62.90MB/s   00:00:00 (xfer#565, to-check=659/1752)
synthetic_001595/
synthetic_001595/composite_mean.pt
         232026 100%    8.19MB/s   00:00:00 (xfer#566, to-check=661/1752)
synthetic_001595/metadata.json
           1797 100%   10.45MB/s   00:00:00 (xfer#567, to-check=662/1752)
synthetic_001595/posterior_mean.pt
         232026 100%    7.85MB/s   00:00:00 (xfer#568, to-check=663/1752)
synthetic_001595/posterior_samples.pt
        5111808  21%    9.64MB/s   00:00:01       10485760  43%    9.88MB/s   00:00:01       16121856  65%   10.10MB/s   00:00:00       21364736  87%    9.81MB/s   00:00:00       24657317 100%    9.79MB/s   00:00:02 (xfer#569, to-check=664/1752)
synthetic_001595/posterior_std.pt
         232019 100%  249.75MB/s   00:00:00 (xfer#570, to-check=665/1752)
synthetic_001595/posterior_variance.pt
         232054 100%   98.05MB/s   00:00:00 (xfer#571, to-check=666/1752)
synthetic_001596/
synthetic_001596/composite_mean.pt
         232026 100%    8.18MB/s   00:00:00 (xfer#572, to-check=668/1752)
synthetic_001596/metadata.json
           1798 100%   25.96MB/s   00:00:00 (xfer#573, to-check=669/1752)
synthetic_001596/posterior_mean.pt
         232026 100%    7.01MB/s   00:00:00 (xfer#574, to-check=670/1752)
synthetic_001596/posterior_samples.pt
        5472256  22%   10.37MB/s   00:00:01       11108352  45%   10.75MB/s   00:00:01       16613376  67%    9.88MB/s   00:00:00       22380544  91%   10.82MB/s   00:00:00       24657317 100%   10.28MB/s   00:00:02 (xfer#575, to-check=671/1752)
synthetic_001596/posterior_std.pt
         232019 100%  234.13MB/s   00:00:00 (xfer#576, to-check=672/1752)
synthetic_001596/posterior_variance.pt
         232054 100%   48.54MB/s   00:00:00 (xfer#577, to-check=673/1752)
synthetic_001597/
synthetic_001597/composite_mean.pt
         232026 100%    7.52MB/s   00:00:00 (xfer#578, to-check=675/1752)
synthetic_001597/metadata.json
           1798 100%   23.81MB/s   00:00:00 (xfer#579, to-check=676/1752)
synthetic_001597/posterior_mean.pt
         232026 100%   92.51MB/s   00:00:00 (xfer#580, to-check=677/1752)
synthetic_001597/posterior_samples.pt
        5832704  24%   10.94MB/s   00:00:01       11468800  47%   10.22MB/s   00:00:01       17760256  72%   11.43MB/s   00:00:00       23265280  94%    9.57MB/s   00:00:00       24657317 100%   10.46MB/s   00:00:02 (xfer#581, to-check=678/1752)
synthetic_001597/posterior_std.pt
         232019 100%  287.33MB/s   00:00:00 (xfer#582, to-check=679/1752)
synthetic_001597/posterior_variance.pt
         232054 100%  332.22MB/s   00:00:00 (xfer#583, to-check=680/1752)
synthetic_001598/
synthetic_001598/composite_mean.pt
         232026 100%    5.36MB/s   00:00:00 (xfer#584, to-check=682/1752)
synthetic_001598/metadata.json
           1796 100%   16.33MB/s   00:00:00 (xfer#585, to-check=683/1752)
synthetic_001598/posterior_mean.pt
         232026 100%   19.70MB/s   00:00:00 (xfer#586, to-check=684/1752)
synthetic_001598/posterior_samples.pt
        6455296  26%   12.28MB/s   00:00:01       12091392  49%   10.70MB/s   00:00:01       19300352  78%   13.52MB/s   00:00:00       24657317 100%   12.07MB/s   00:00:01 (xfer#587, to-check=685/1752)
synthetic_001598/posterior_std.pt
         232019 100%  252.88MB/s   00:00:00 (xfer#588, to-check=686/1752)
synthetic_001598/posterior_variance.pt
         232054 100%  325.01MB/s   00:00:00 (xfer#589, to-check=687/1752)
synthetic_001599/
synthetic_001599/composite_mean.pt
         232026 100%   22.29MB/s   00:00:00 (xfer#590, to-check=689/1752)
synthetic_001599/metadata.json
           1797 100%   18.43MB/s   00:00:00 (xfer#591, to-check=690/1752)
synthetic_001599/posterior_mean.pt
         232026 100%   10.65MB/s   00:00:00 (xfer#592, to-check=691/1752)
synthetic_001599/posterior_samples.pt
        6291456  26%   11.93MB/s   00:00:01       13238272  54%   13.10MB/s   00:00:00       19398656  79%   11.72MB/s   00:00:00       24657317 100%   12.18MB/s   00:00:01 (xfer#593, to-check=692/1752)
synthetic_001599/posterior_std.pt
         232019 100%  252.06MB/s   00:00:00 (xfer#594, to-check=693/1752)
synthetic_001599/posterior_variance.pt
         232054 100%    5.36MB/s   00:00:00 (xfer#595, to-check=694/1752)
synthetic_001600/
synthetic_001600/composite_mean.pt
         232026 100%    5.77MB/s   00:00:00 (xfer#596, to-check=696/1752)
synthetic_001600/metadata.json
           1797 100%   14.40MB/s   00:00:00 (xfer#597, to-check=697/1752)
synthetic_001600/posterior_mean.pt
         232026 100%    4.55MB/s   00:00:00 (xfer#598, to-check=698/1752)
synthetic_001600/posterior_samples.pt
        4718592  19%    8.36MB/s   00:00:02        9043968  37%    8.03MB/s   00:00:01       13631488  55%    8.41MB/s   00:00:01       18481152  75%    9.14MB/s   00:00:00       23330816  95%    9.04MB/s   00:00:00       24657317 100%    8.50MB/s   00:00:02 (xfer#599, to-check=699/1752)
synthetic_001600/posterior_std.pt
         232019 100%  199.89MB/s   00:00:00 (xfer#600, to-check=700/1752)
synthetic_001600/posterior_variance.pt
         232054 100%  298.27MB/s   00:00:00 (xfer#601, to-check=701/1752)
synthetic_001601/
synthetic_001601/composite_mean.pt
         232026 100%   27.34MB/s   00:00:00 (xfer#602, to-check=703/1752)
synthetic_001601/metadata.json
           1797 100%   25.58MB/s   00:00:00 (xfer#603, to-check=704/1752)
synthetic_001601/posterior_mean.pt
         232026 100%    7.53MB/s   00:00:00 (xfer#604, to-check=705/1752)
synthetic_001601/posterior_samples.pt
        4587520  19%    8.73MB/s   00:00:02        9437184  38%    9.21MB/s   00:00:01       14417920  58%    9.42MB/s   00:00:01       19922944  81%    9.77MB/s   00:00:00       24657317 100%    9.27MB/s   00:00:02 (xfer#605, to-check=706/1752)
synthetic_001601/posterior_std.pt
         232019 100%  249.48MB/s   00:00:00 (xfer#606, to-check=707/1752)
synthetic_001601/posterior_variance.pt
         232054 100%   17.63MB/s   00:00:00 (xfer#607, to-check=708/1752)
synthetic_001602/
synthetic_001602/composite_mean.pt
         232026 100%    9.11MB/s   00:00:00 (xfer#608, to-check=710/1752)
synthetic_001602/metadata.json
           1797 100%   17.66MB/s   00:00:00 (xfer#609, to-check=711/1752)
synthetic_001602/posterior_mean.pt
         232026 100%   13.17MB/s   00:00:00 (xfer#610, to-check=712/1752)
synthetic_001602/posterior_samples.pt
        4489216  18%    8.46MB/s   00:00:02       10256384  42%   10.78MB/s   00:00:01       16285696  66%   11.03MB/s   00:00:00       22446080  91%   11.55MB/s   00:00:00       24657317 100%   10.27MB/s   00:00:02 (xfer#611, to-check=713/1752)
synthetic_001602/posterior_std.pt
         232019 100%  261.28MB/s   00:00:00 (xfer#612, to-check=714/1752)
synthetic_001602/posterior_variance.pt
         232054 100%  317.56MB/s   00:00:00 (xfer#613, to-check=715/1752)
synthetic_001603/
synthetic_001603/composite_mean.pt
         232026 100%   18.78MB/s   00:00:00 (xfer#614, to-check=717/1752)
synthetic_001603/metadata.json
           1797 100%   22.89MB/s   00:00:00 (xfer#615, to-check=718/1752)
synthetic_001603/posterior_mean.pt
         232026 100%   18.92MB/s   00:00:00 (xfer#616, to-check=719/1752)
synthetic_001603/posterior_samples.pt
        5308416  22%    9.88MB/s   00:00:01        9764864  40%    8.32MB/s   00:00:01       14614528  59%    9.09MB/s   00:00:01       19333120  78%    8.65MB/s   00:00:00       24444928  99%    9.72MB/s   00:00:00       24657317 100%    9.07MB/s   00:00:02 (xfer#617, to-check=720/1752)
synthetic_001603/posterior_std.pt
         232019 100%  226.03MB/s   00:00:00 (xfer#618, to-check=721/1752)
synthetic_001603/posterior_variance.pt
         232054 100%   21.77MB/s   00:00:00 (xfer#619, to-check=722/1752)
synthetic_001604/
synthetic_001604/composite_mean.pt
         232026 100%    7.05MB/s   00:00:00 (xfer#620, to-check=724/1752)
synthetic_001604/metadata.json
           1797 100%   22.60MB/s   00:00:00 (xfer#621, to-check=725/1752)
synthetic_001604/posterior_mean.pt
         232026 100%    6.54MB/s   00:00:00 (xfer#622, to-check=726/1752)
synthetic_001604/posterior_samples.pt
        5636096  23%   10.70MB/s   00:00:01       10747904  44%    9.35MB/s   00:00:01       15990784  65%    9.73MB/s   00:00:00       22151168  90%   11.23MB/s   00:00:00       24657317 100%   10.23MB/s   00:00:02 (xfer#623, to-check=727/1752)
synthetic_001604/posterior_std.pt
         232019 100%  252.33MB/s   00:00:00 (xfer#624, to-check=728/1752)
synthetic_001604/posterior_variance.pt
         232054 100%  323.98MB/s   00:00:00 (xfer#625, to-check=729/1752)
synthetic_001605/
synthetic_001605/composite_mean.pt
         232026 100%   11.46MB/s   00:00:00 (xfer#626, to-check=731/1752)
synthetic_001605/metadata.json
           1798 100%   27.24MB/s   00:00:00 (xfer#627, to-check=732/1752)
synthetic_001605/posterior_mean.pt
         232026 100%    9.28MB/s   00:00:00 (xfer#628, to-check=733/1752)
synthetic_001605/posterior_samples.pt
        6389760  26%   11.67MB/s   00:00:01       12812288  52%   12.24MB/s   00:00:00       18579456  75%   10.58MB/s   00:00:00       24084480  98%   10.44MB/s   00:00:00       24657317 100%   10.94MB/s   00:00:02 (xfer#629, to-check=734/1752)
synthetic_001605/posterior_std.pt
         232019 100%  253.43MB/s   00:00:00 (xfer#630, to-check=735/1752)
synthetic_001605/posterior_variance.pt
         232054 100%    4.08MB/s   00:00:00 (xfer#631, to-check=736/1752)
synthetic_001606/
synthetic_001606/composite_mean.pt
         232026 100%   27.84MB/s   00:00:00 (xfer#632, to-check=738/1752)
synthetic_001606/metadata.json
           1798 100%   15.60MB/s   00:00:00 (xfer#633, to-check=739/1752)
synthetic_001606/posterior_mean.pt
         232026 100%    6.77MB/s   00:00:00 (xfer#634, to-check=740/1752)
synthetic_001606/posterior_samples.pt
        5832704  24%   11.08MB/s   00:00:01       11862016  48%   10.49MB/s   00:00:01       17629184  71%   10.69MB/s   00:00:00       23396352  95%   10.98MB/s   00:00:00       24657317 100%   10.66MB/s   00:00:02 (xfer#635, to-check=741/1752)
synthetic_001606/posterior_std.pt
         232019 100%  241.56MB/s   00:00:00 (xfer#636, to-check=742/1752)
synthetic_001606/posterior_variance.pt
         232054 100%   32.24MB/s   00:00:00 (xfer#637, to-check=743/1752)
synthetic_001607/
synthetic_001607/composite_mean.pt
         232026 100%    7.86MB/s   00:00:00 (xfer#638, to-check=745/1752)
synthetic_001607/metadata.json
           1797 100%   17.16MB/s   00:00:00 (xfer#639, to-check=746/1752)
synthetic_001607/posterior_mean.pt
         232026 100%   12.93MB/s   00:00:00 (xfer#640, to-check=747/1752)
synthetic_001607/posterior_samples.pt
        6062080  25%   11.27MB/s   00:00:01       12222464  50%   11.50MB/s   00:00:01       18513920  75%   11.92MB/s   00:00:00       24657317 100%   11.52MB/s   00:00:02 (xfer#641, to-check=748/1752)
synthetic_001607/posterior_std.pt
         232019 100%  281.15MB/s   00:00:00 (xfer#642, to-check=749/1752)
synthetic_001607/posterior_variance.pt
         232054 100%  340.01MB/s   00:00:00 (xfer#643, to-check=750/1752)
synthetic_001608/
synthetic_001608/composite_mean.pt
         232026 100%   35.87MB/s   00:00:00 (xfer#644, to-check=752/1752)
synthetic_001608/metadata.json
           1797 100%   24.12MB/s   00:00:00 (xfer#645, to-check=753/1752)
synthetic_001608/posterior_mean.pt
         232026 100%   18.64MB/s   00:00:00 (xfer#646, to-check=754/1752)
synthetic_001608/posterior_samples.pt
        6225920  25%   11.81MB/s   00:00:01       12124160  49%   10.96MB/s   00:00:01       18808832  76%   12.31MB/s   00:00:00       24657317 100%   11.80MB/s   00:00:01 (xfer#647, to-check=755/1752)
synthetic_001608/posterior_std.pt
         232019 100%  250.36MB/s   00:00:00 (xfer#648, to-check=756/1752)
synthetic_001608/posterior_variance.pt
         232054 100%  293.18MB/s   00:00:00 (xfer#649, to-check=757/1752)
synthetic_001609/
synthetic_001609/composite_mean.pt
         232026 100%   78.10MB/s   00:00:00 (xfer#650, to-check=759/1752)
synthetic_001609/metadata.json
           1798 100%   29.12MB/s   00:00:00 (xfer#651, to-check=760/1752)
synthetic_001609/posterior_mean.pt
         232026 100%   10.08MB/s   00:00:00 (xfer#652, to-check=761/1752)
synthetic_001609/posterior_samples.pt
        6422528  26%   11.84MB/s   00:00:01       13500416  55%   13.36MB/s   00:00:00       20185088  82%   12.61MB/s   00:00:00       24657317 100%   12.17MB/s   00:00:01 (xfer#653, to-check=762/1752)
synthetic_001609/posterior_std.pt
         232019 100%  231.96MB/s   00:00:00 (xfer#654, to-check=763/1752)
synthetic_001609/posterior_variance.pt
         232054 100%  272.20MB/s   00:00:00 (xfer#655, to-check=764/1752)
synthetic_001610/
synthetic_001610/composite_mean.pt
         232026 100%  310.82MB/s   00:00:00 (xfer#656, to-check=766/1752)
synthetic_001610/metadata.json
           1797 100%   27.23MB/s   00:00:00 (xfer#657, to-check=767/1752)
synthetic_001610/posterior_mean.pt
         232026 100%   45.46MB/s   00:00:00 (xfer#658, to-check=768/1752)
synthetic_001610/posterior_samples.pt
        6160384  25%   11.35MB/s   00:00:01       12713984  52%   12.36MB/s   00:00:00       17891328  73%    9.85MB/s   00:00:00       22085632  90%    7.99MB/s   00:00:00       24657317 100%   10.14MB/s   00:00:02 (xfer#659, to-check=769/1752)
synthetic_001610/posterior_std.pt
         232019 100%  260.62MB/s   00:00:00 (xfer#660, to-check=770/1752)
synthetic_001610/posterior_variance.pt
         232054 100%   13.41MB/s   00:00:00 (xfer#661, to-check=771/1752)
synthetic_001611/
synthetic_001611/composite_mean.pt
         232026 100%    7.13MB/s   00:00:00 (xfer#662, to-check=773/1752)
synthetic_001611/metadata.json
           1795 100%   24.09MB/s   00:00:00 (xfer#663, to-check=774/1752)
synthetic_001611/posterior_mean.pt
         232026 100%    9.88MB/s   00:00:00 (xfer#664, to-check=775/1752)
synthetic_001611/posterior_samples.pt
        6094848  25%   11.39MB/s   00:00:01       12255232  50%   11.70MB/s   00:00:01       18153472  74%   11.25MB/s   00:00:00       24444928  99%   11.72MB/s   00:00:00       24657317 100%   11.40MB/s   00:00:02 (xfer#665, to-check=776/1752)
synthetic_001611/posterior_std.pt
         232019 100%  192.07MB/s   00:00:00 (xfer#666, to-check=777/1752)
synthetic_001611/posterior_variance.pt
         232054 100%   36.00MB/s   00:00:00 (xfer#667, to-check=778/1752)
synthetic_001612/
synthetic_001612/composite_mean.pt
         232026 100%   17.63MB/s   00:00:00 (xfer#668, to-check=780/1752)
synthetic_001612/metadata.json
           1797 100%   18.24MB/s   00:00:00 (xfer#669, to-check=781/1752)
synthetic_001612/posterior_mean.pt
         232026 100%    8.09MB/s   00:00:00 (xfer#670, to-check=782/1752)
synthetic_001612/posterior_samples.pt
        6455296  26%   11.95MB/s   00:00:01       12746752  52%   11.42MB/s   00:00:00       19169280  78%   12.05MB/s   00:00:00       24117248  98%    9.25MB/s   00:00:00       24657317 100%   10.24MB/s   00:00:02 (xfer#671, to-check=783/1752)
synthetic_001612/posterior_std.pt
         232019 100%   10.80MB/s   00:00:00 (xfer#672, to-check=784/1752)
synthetic_001612/posterior_variance.pt
         232054 100%    3.31MB/s   00:00:00 (xfer#673, to-check=785/1752)
synthetic_001613/
synthetic_001613/composite_mean.pt
         232026 100%    8.43MB/s   00:00:00 (xfer#674, to-check=787/1752)
synthetic_001613/metadata.json
           1797 100%    7.48MB/s   00:00:00 (xfer#675, to-check=788/1752)
synthetic_001613/posterior_mean.pt
         232026 100%    2.56MB/s   00:00:00 (xfer#676, to-check=789/1752)
synthetic_001613/posterior_samples.pt
        2260992   9%    4.30MB/s   00:00:04        4587520  19%    4.29MB/s   00:00:04        6815744  28%    4.10MB/s   00:00:04        9437184  38%    4.96MB/s   00:00:02       12058624  49%    4.96MB/s   00:00:02       15204352  62%    5.64MB/s   00:00:01       18087936  73%    5.44MB/s   00:00:01       21364736  87%    6.22MB/s   00:00:00       24657317 100%    5.11MB/s   00:00:04 (xfer#677, to-check=790/1752)
synthetic_001613/posterior_std.pt
         232019 100%  264.33MB/s   00:00:00 (xfer#678, to-check=791/1752)
synthetic_001613/posterior_variance.pt
         232054 100%   12.48MB/s   00:00:00 (xfer#679, to-check=792/1752)
synthetic_001614/
synthetic_001614/composite_mean.pt
         232026 100%    8.06MB/s   00:00:00 (xfer#680, to-check=794/1752)
synthetic_001614/metadata.json
           1796 100%   17.48MB/s   00:00:00 (xfer#681, to-check=795/1752)
synthetic_001614/posterior_mean.pt
         232026 100%    4.76MB/s   00:00:00 (xfer#682, to-check=796/1752)
synthetic_001614/posterior_samples.pt
        3178496  13%    6.06MB/s   00:00:03        6979584  28%    7.04MB/s   00:00:02       10780672  44%    7.24MB/s   00:00:01       14680064  60%    6.92MB/s   00:00:01       19136512  78%    8.23MB/s   00:00:00       23724032  96%    8.48MB/s   00:00:00       24657317 100%    7.29MB/s   00:00:03 (xfer#683, to-check=797/1752)
synthetic_001614/posterior_std.pt
         232019 100%  243.72MB/s   00:00:00 (xfer#684, to-check=798/1752)
synthetic_001614/posterior_variance.pt
         232054 100%  298.27MB/s   00:00:00 (xfer#685, to-check=799/1752)
synthetic_001615/
synthetic_001615/composite_mean.pt
         232026 100%    7.01MB/s   00:00:00 (xfer#686, to-check=801/1752)
synthetic_001615/metadata.json
           1796 100%    9.68MB/s   00:00:00 (xfer#687, to-check=802/1752)
synthetic_001615/posterior_mean.pt
         232026 100%    9.96MB/s   00:00:00 (xfer#688, to-check=803/1752)
synthetic_001615/posterior_samples.pt
        4816896  20%    8.90MB/s   00:00:02        9666560  39%    9.03MB/s   00:00:01       14516224  59%    9.08MB/s   00:00:01       20021248  81%   10.45MB/s   00:00:00       24657317 100%    9.36MB/s   00:00:02 (xfer#689, to-check=804/1752)
synthetic_001615/posterior_std.pt
         232019 100%  227.92MB/s   00:00:00 (xfer#690, to-check=805/1752)
synthetic_001615/posterior_variance.pt
         232054 100%   12.77MB/s   00:00:00 (xfer#691, to-check=806/1752)
synthetic_001616/
synthetic_001616/composite_mean.pt
         232026 100%    7.84MB/s   00:00:00 (xfer#692, to-check=808/1752)
synthetic_001616/metadata.json
           1798 100%   24.89MB/s   00:00:00 (xfer#693, to-check=809/1752)
synthetic_001616/posterior_mean.pt
         232026 100%   68.57MB/s   00:00:00 (xfer#694, to-check=810/1752)
synthetic_001616/posterior_samples.pt
        4947968  20%    9.10MB/s   00:00:02       10584064  43%   10.38MB/s   00:00:01       16220160  66%   10.71MB/s   00:00:00       22118400  90%   11.13MB/s   00:00:00       24657317 100%   10.28MB/s   00:00:02 (xfer#695, to-check=811/1752)
synthetic_001616/posterior_std.pt
         232019 100%  259.97MB/s   00:00:00 (xfer#696, to-check=812/1752)
synthetic_001616/posterior_variance.pt
         232054 100%  314.01MB/s   00:00:00 (xfer#697, to-check=813/1752)
synthetic_001617/
synthetic_001617/composite_mean.pt
         232026 100%   11.79MB/s   00:00:00 (xfer#698, to-check=815/1752)
synthetic_001617/metadata.json
           1796 100%   24.86MB/s   00:00:00 (xfer#699, to-check=816/1752)
synthetic_001617/posterior_mean.pt
         232026 100%   93.64MB/s   00:00:00 (xfer#700, to-check=817/1752)
synthetic_001617/posterior_samples.pt
        6946816  28%   12.90MB/s   00:00:01       13533184  55%   12.29MB/s   00:00:00       19431424  79%   11.24MB/s   00:00:00       24657317 100%   11.82MB/s   00:00:01 (xfer#701, to-check=818/1752)
synthetic_001617/posterior_std.pt
         232019 100%  261.28MB/s   00:00:00 (xfer#702, to-check=819/1752)
synthetic_001617/posterior_variance.pt
         232054 100%  295.05MB/s   00:00:00 (xfer#703, to-check=820/1752)
synthetic_001618/
synthetic_001618/composite_mean.pt
         232026 100%   17.57MB/s   00:00:00 (xfer#704, to-check=822/1752)
synthetic_001618/metadata.json
           1798 100%   20.37MB/s   00:00:00 (xfer#705, to-check=823/1752)
synthetic_001618/posterior_mean.pt
         232026 100%    8.76MB/s   00:00:00 (xfer#706, to-check=824/1752)
synthetic_001618/posterior_samples.pt
        6619136  27%   12.33MB/s   00:00:01       12976128  53%   11.95MB/s   00:00:00       17956864  73%    9.11MB/s   00:00:00       23461888  95%   10.22MB/s   00:00:00       24657317 100%   10.79MB/s   00:00:02 (xfer#707, to-check=825/1752)
synthetic_001618/posterior_std.pt
         232019 100%  267.61MB/s   00:00:00 (xfer#708, to-check=826/1752)
synthetic_001618/posterior_variance.pt
         232054 100%   46.63MB/s   00:00:00 (xfer#709, to-check=827/1752)
synthetic_001619/
synthetic_001619/composite_mean.pt
         232026 100%   45.74MB/s   00:00:00 (xfer#710, to-check=829/1752)
synthetic_001619/metadata.json
           1798 100%   23.50MB/s   00:00:00 (xfer#711, to-check=830/1752)
synthetic_001619/posterior_mean.pt
         232026 100%    8.28MB/s   00:00:00 (xfer#712, to-check=831/1752)
synthetic_001619/posterior_samples.pt
        5308416  22%    9.89MB/s   00:00:01       11206656  45%   10.91MB/s   00:00:01       17235968  70%   11.19MB/s   00:00:00       23396352  95%   11.67MB/s   00:00:00       24657317 100%   10.80MB/s   00:00:02 (xfer#713, to-check=832/1752)
synthetic_001619/posterior_std.pt
         232019 100%  265.62MB/s   00:00:00 (xfer#714, to-check=833/1752)
synthetic_001619/posterior_variance.pt
         232054 100%  317.12MB/s   00:00:00 (xfer#715, to-check=834/1752)
synthetic_001620/
synthetic_001620/composite_mean.pt
         232026 100%   12.53MB/s   00:00:00 (xfer#716, to-check=836/1752)
synthetic_001620/metadata.json
           1797 100%   25.95MB/s   00:00:00 (xfer#717, to-check=837/1752)
synthetic_001620/posterior_mean.pt
         232026 100%   19.42MB/s   00:00:00 (xfer#718, to-check=838/1752)
synthetic_001620/posterior_samples.pt
        6193152  25%   11.31MB/s   00:00:01       12353536  50%   11.38MB/s   00:00:01       18776064  76%   12.24MB/s   00:00:00       24412160  99%   10.28MB/s   00:00:00       24657317 100%   11.16MB/s   00:00:02 (xfer#719, to-check=839/1752)
synthetic_001620/posterior_std.pt
         232019 100%  243.65MB/s   00:00:00 (xfer#720, to-check=840/1752)
synthetic_001620/posterior_variance.pt
         232054 100%  309.10MB/s   00:00:00 (xfer#721, to-check=841/1752)
synthetic_001621/
synthetic_001621/composite_mean.pt
         232026 100%   11.83MB/s   00:00:00 (xfer#722, to-check=843/1752)
synthetic_001621/metadata.json
           1796 100%   12.78MB/s   00:00:00 (xfer#723, to-check=844/1752)
synthetic_001621/posterior_mean.pt
         232026 100%    9.73MB/s   00:00:00 (xfer#724, to-check=845/1752)
synthetic_001621/posterior_samples.pt
        5308416  22%    9.82MB/s   00:00:01       11337728  46%   11.46MB/s   00:00:01       17629184  71%   12.00MB/s   00:00:00       23822336  97%   11.50MB/s   00:00:00       24657317 100%   10.93MB/s   00:00:02 (xfer#725, to-check=846/1752)
synthetic_001621/posterior_std.pt
         232019 100%    1.86MB/s   00:00:00 (xfer#726, to-check=847/1752)
synthetic_001621/posterior_variance.pt
         232054 100%    5.86MB/s   00:00:00 (xfer#727, to-check=848/1752)
synthetic_001622/
synthetic_001622/composite_mean.pt
         232026 100%    5.88MB/s   00:00:00 (xfer#728, to-check=850/1752)
synthetic_001622/metadata.json
           1797 100%    5.69MB/s   00:00:00 (xfer#729, to-check=851/1752)
synthetic_001622/posterior_mean.pt
         232026 100%   12.66MB/s   00:00:00 (xfer#730, to-check=852/1752)
synthetic_001622/posterior_samples.pt
        3375104  14%    6.22MB/s   00:00:03        7176192  29%    6.78MB/s   00:00:02       10977280  45%    7.18MB/s   00:00:01       14647296  59%    6.74MB/s   00:00:01       19365888  79%    8.57MB/s   00:00:00       23691264  96%    8.24MB/s   00:00:00       24657317 100%    7.27MB/s   00:00:03 (xfer#731, to-check=853/1752)
synthetic_001622/posterior_std.pt
         232019 100%   18.59MB/s   00:00:00 (xfer#732, to-check=854/1752)
synthetic_001622/posterior_variance.pt
         232054 100%   10.59MB/s   00:00:00 (xfer#733, to-check=855/1752)
synthetic_001623/
synthetic_001623/composite_mean.pt
         232026 100%    5.24MB/s   00:00:00 (xfer#734, to-check=857/1752)
synthetic_001623/metadata.json
           1796 100%   11.26MB/s   00:00:00 (xfer#735, to-check=858/1752)
synthetic_001623/posterior_mean.pt
         232026 100%  197.43MB/s   00:00:00 (xfer#736, to-check=859/1752)
synthetic_001623/posterior_samples.pt
        3932160  16%    7.39MB/s   00:00:02        8257536  33%    8.06MB/s   00:00:01       12845056  52%    8.40MB/s   00:00:01       17039360  69%    7.96MB/s   00:00:00       21626880  88%    8.73MB/s   00:00:00       24657317 100%    8.21MB/s   00:00:02 (xfer#737, to-check=860/1752)
synthetic_001623/posterior_std.pt
         232019 100%   36.43MB/s   00:00:00 (xfer#738, to-check=861/1752)
synthetic_001623/posterior_variance.pt
         232054 100%   32.33MB/s   00:00:00 (xfer#739, to-check=862/1752)
synthetic_001624/
synthetic_001624/composite_mean.pt
         232026 100%    7.69MB/s   00:00:00 (xfer#740, to-check=864/1752)
synthetic_001624/metadata.json
           1798 100%   18.39MB/s   00:00:00 (xfer#741, to-check=865/1752)
synthetic_001624/posterior_mean.pt
         232026 100%   25.63MB/s   00:00:00 (xfer#742, to-check=866/1752)
synthetic_001624/posterior_samples.pt
        4980736  20%    9.46MB/s   00:00:01        8519680  35%    6.56MB/s   00:00:02       12451840  50%    7.38MB/s   00:00:01       16777216  68%    8.00MB/s   00:00:00       21626880  88%    9.10MB/s   00:00:00       24657317 100%    7.94MB/s   00:00:02 (xfer#743, to-check=867/1752)
synthetic_001624/posterior_std.pt
         232019 100%   13.28MB/s   00:00:00 (xfer#744, to-check=868/1752)
synthetic_001624/posterior_variance.pt
         232054 100%   54.15MB/s   00:00:00 (xfer#745, to-check=869/1752)
synthetic_001625/
synthetic_001625/composite_mean.pt
         232026 100%    5.33MB/s   00:00:00 (xfer#746, to-check=871/1752)
synthetic_001625/metadata.json
           1798 100%   20.20MB/s   00:00:00 (xfer#747, to-check=872/1752)
synthetic_001625/posterior_mean.pt
         232026 100%    6.88MB/s   00:00:00 (xfer#748, to-check=873/1752)
synthetic_001625/posterior_samples.pt
        4980736  20%    9.16MB/s   00:00:02       10223616  41%    9.70MB/s   00:00:01       15204352  62%    9.07MB/s   00:00:00       20316160  82%    9.72MB/s   00:00:00       24657317 100%    9.34MB/s   00:00:02 (xfer#749, to-check=874/1752)
synthetic_001625/posterior_std.pt
         232019 100%  244.49MB/s   00:00:00 (xfer#750, to-check=875/1752)
synthetic_001625/posterior_variance.pt
         232054 100%  258.20MB/s   00:00:00 (xfer#751, to-check=876/1752)
synthetic_001626/
synthetic_001626/composite_mean.pt
         232026 100%   32.55MB/s   00:00:00 (xfer#752, to-check=878/1752)
synthetic_001626/metadata.json
           1797 100%   24.87MB/s   00:00:00 (xfer#753, to-check=879/1752)
synthetic_001626/posterior_mean.pt
         232026 100%    6.34MB/s   00:00:00 (xfer#754, to-check=880/1752)
synthetic_001626/posterior_samples.pt
        5701632  23%   10.38MB/s   00:00:01       11468800  47%   10.68MB/s   00:00:01       16842752  68%    9.72MB/s   00:00:00       22347776  91%   10.20MB/s   00:00:00       24657317 100%   10.27MB/s   00:00:02 (xfer#755, to-check=881/1752)
synthetic_001626/posterior_std.pt
         232019 100%   16.17MB/s   00:00:00 (xfer#756, to-check=882/1752)
synthetic_001626/posterior_variance.pt
         232054 100%    7.93MB/s   00:00:00 (xfer#757, to-check=883/1752)
synthetic_001627/
synthetic_001627/composite_mean.pt
         232026 100%    8.17MB/s   00:00:00 (xfer#758, to-check=885/1752)
synthetic_001627/metadata.json
           1797 100%   17.28MB/s   00:00:00 (xfer#759, to-check=886/1752)
synthetic_001627/posterior_mean.pt
         232026 100%   14.47MB/s   00:00:00 (xfer#760, to-check=887/1752)
synthetic_001627/posterior_samples.pt
        5636096  23%   10.60MB/s   00:00:01       10682368  43%    8.40MB/s   00:00:01       14876672  60%    7.81MB/s   00:00:01       18939904  77%    7.57MB/s   00:00:00       23658496  96%    8.93MB/s   00:00:00       24657317 100%    8.58MB/s   00:00:02 (xfer#761, to-check=888/1752)
synthetic_001627/posterior_std.pt
         232019 100%  238.64MB/s   00:00:00 (xfer#762, to-check=889/1752)
synthetic_001627/posterior_variance.pt
         232054 100%   25.09MB/s   00:00:00 (xfer#763, to-check=890/1752)
synthetic_001628/
synthetic_001628/composite_mean.pt
         232026 100%    7.24MB/s   00:00:00 (xfer#764, to-check=892/1752)
synthetic_001628/metadata.json
           1798 100%   16.02MB/s   00:00:00 (xfer#765, to-check=893/1752)
synthetic_001628/posterior_mean.pt
         232026 100%   14.78MB/s   00:00:00 (xfer#766, to-check=894/1752)
synthetic_001628/posterior_samples.pt
        4653056  19%    8.42MB/s   00:00:02        9240576  37%    8.43MB/s   00:00:01       15007744  61%   10.87MB/s   00:00:00       19857408  81%    9.02MB/s   00:00:00       24657317 100%    9.32MB/s   00:00:02 (xfer#767, to-check=895/1752)
synthetic_001628/posterior_std.pt
         232019 100%  219.92MB/s   00:00:00 (xfer#768, to-check=896/1752)
synthetic_001628/posterior_variance.pt
         232054 100%   43.74MB/s   00:00:00 (xfer#769, to-check=897/1752)
synthetic_001629/
synthetic_001629/composite_mean.pt
         232026 100%   23.02MB/s   00:00:00 (xfer#770, to-check=899/1752)
synthetic_001629/metadata.json
           1798 100%   20.91MB/s   00:00:00 (xfer#771, to-check=900/1752)
synthetic_001629/posterior_mean.pt
         232026 100%    5.57MB/s   00:00:00 (xfer#772, to-check=901/1752)
synthetic_001629/posterior_samples.pt
        5341184  22%   10.03MB/s   00:00:01       10584064  43%    9.98MB/s   00:00:01       15695872  64%    8.59MB/s   00:00:00       21200896  86%   10.47MB/s   00:00:00       24657317 100%    9.75MB/s   00:00:02 (xfer#773, to-check=902/1752)
synthetic_001629/posterior_std.pt
         232019 100%  242.63MB/s   00:00:00 (xfer#774, to-check=903/1752)
synthetic_001629/posterior_variance.pt
         232054 100%  297.03MB/s   00:00:00 (xfer#775, to-check=904/1752)
synthetic_001630/
synthetic_001630/composite_mean.pt
         232026 100%   20.48MB/s   00:00:00 (xfer#776, to-check=906/1752)
synthetic_001630/metadata.json
           1798 100%   30.74MB/s   00:00:00 (xfer#777, to-check=907/1752)
synthetic_001630/posterior_mean.pt
         232026 100%    7.46MB/s   00:00:00 (xfer#778, to-check=908/1752)
synthetic_001630/posterior_samples.pt
        6225920  25%   11.59MB/s   00:00:01       11042816  45%    7.96MB/s   00:00:01       13336576  54%    4.02MB/s   00:00:02       15433728  63%    3.60MB/s   00:00:02       16351232  66%    1.69MB/s   00:00:04       17399808  71%    1.82MB/s   00:00:03       18579456  75%    2.04MB/s   00:00:02       19890176  81%    2.35MB/s   00:00:01       21463040  87%    2.80MB/s   00:00:01       23298048  94%    3.23MB/s   00:00:00       24657317 100%    4.08MB/s   00:00:05 (xfer#779, to-check=909/1752)
synthetic_001630/posterior_std.pt
         232019 100%    4.39MB/s   00:00:00 (xfer#780, to-check=910/1752)
synthetic_001630/posterior_variance.pt
         232054 100%    3.90MB/s   00:00:00 (xfer#781, to-check=911/1752)
synthetic_001631/
synthetic_001631/composite_mean.pt
         232026 100%    2.00MB/s   00:00:00 (xfer#782, to-check=913/1752)
synthetic_001631/metadata.json
           1798 100%    4.70MB/s   00:00:00 (xfer#783, to-check=914/1752)
synthetic_001631/posterior_mean.pt
         232026 100%    5.67MB/s   00:00:00 (xfer#784, to-check=915/1752)
synthetic_001631/posterior_samples.pt
        1376256   6%    2.35MB/s   00:00:09        2686976  11%    2.20MB/s   00:00:09        3997696  16%    2.31MB/s   00:00:08        5046272  20%    1.94MB/s   00:00:09        6094848  25%    1.81MB/s   00:00:09        7274496  30%    2.17MB/s   00:00:07        8716288  35%    2.63MB/s   00:00:05       10420224  42%    3.14MB/s   00:00:04       12386304  50%    3.41MB/s   00:00:03       14450688  59%    3.93MB/s   00:00:02       16809984  68%    4.24MB/s   00:00:01       19169280  78%    4.37MB/s   00:00:01       21921792  89%    4.84MB/s   00:00:00       24657317 100%    3.15MB/s   00:00:07 (xfer#785, to-check=916/1752)
synthetic_001631/posterior_std.pt
         232019 100%  261.58MB/s   00:00:00 (xfer#786, to-check=917/1752)
synthetic_001631/posterior_variance.pt
         232054 100%   31.01MB/s   00:00:00 (xfer#787, to-check=918/1752)
synthetic_001632/
synthetic_001632/composite_mean.pt
         232026 100%    4.36MB/s   00:00:00 (xfer#788, to-check=920/1752)
synthetic_001632/metadata.json
           1798 100%   20.91MB/s   00:00:00 (xfer#789, to-check=921/1752)
synthetic_001632/posterior_mean.pt
         232026 100%    3.04MB/s   00:00:00 (xfer#790, to-check=922/1752)
synthetic_001632/posterior_samples.pt
        2949120  12%    5.47MB/s   00:00:03        6225920  25%    6.06MB/s   00:00:02        9502720  39%    6.15MB/s   00:00:02       13041664  53%    6.53MB/s   00:00:01       16580608  67%    6.62MB/s   00:00:01       20643840  84%    7.49MB/s   00:00:00       24657317 100%    6.52MB/s   00:00:03 (xfer#791, to-check=923/1752)
synthetic_001632/posterior_std.pt
         232019 100%  251.44MB/s   00:00:00 (xfer#792, to-check=924/1752)
synthetic_001632/posterior_variance.pt
         232054 100%   26.81MB/s   00:00:00 (xfer#793, to-check=925/1752)
synthetic_001633/
synthetic_001633/composite_mean.pt
         232026 100%    5.14MB/s   00:00:00 (xfer#794, to-check=927/1752)
synthetic_001633/metadata.json
           1798 100%   22.83MB/s   00:00:00 (xfer#795, to-check=928/1752)
synthetic_001633/posterior_mean.pt
         232026 100%    5.80MB/s   00:00:00 (xfer#796, to-check=929/1752)
synthetic_001633/posterior_samples.pt
        4423680  18%    8.43MB/s   00:00:02        8880128  36%    8.23MB/s   00:00:01       13467648  55%    8.69MB/s   00:00:01       18055168  73%    8.47MB/s   00:00:00       23035904  93%    9.35MB/s   00:00:00       24657317 100%    8.62MB/s   00:00:02 (xfer#797, to-check=930/1752)
synthetic_001633/posterior_std.pt
         232019 100%  245.26MB/s   00:00:00 (xfer#798, to-check=931/1752)
synthetic_001633/posterior_variance.pt
         232054 100%  121.26MB/s   00:00:00 (xfer#799, to-check=932/1752)
synthetic_001634/
synthetic_001634/composite_mean.pt
         232026 100%    6.08MB/s   00:00:00 (xfer#800, to-check=934/1752)
synthetic_001634/metadata.json
           1798 100%   25.24MB/s   00:00:00 (xfer#801, to-check=935/1752)
synthetic_001634/posterior_mean.pt
         232026 100%  150.20MB/s   00:00:00 (xfer#802, to-check=936/1752)
synthetic_001634/posterior_samples.pt
        5734400  23%   10.81MB/s   00:00:01       12288000  50%   12.41MB/s   00:00:00       19365888  79%   13.50MB/s   00:00:00       24657317 100%   12.09MB/s   00:00:01 (xfer#803, to-check=937/1752)
synthetic_001634/posterior_std.pt
         232019 100%  253.71MB/s   00:00:00 (xfer#804, to-check=938/1752)
synthetic_001634/posterior_variance.pt
         232054 100%   43.22MB/s   00:00:00 (xfer#805, to-check=939/1752)
synthetic_001635/
synthetic_001635/composite_mean.pt
         232026 100%   13.93MB/s   00:00:00 (xfer#806, to-check=941/1752)
synthetic_001635/metadata.json
           1800 100%   25.99MB/s   00:00:00 (xfer#807, to-check=942/1752)
synthetic_001635/posterior_mean.pt
         232026 100%   22.83MB/s   00:00:00 (xfer#808, to-check=943/1752)
synthetic_001635/posterior_samples.pt
        6586368  27%   12.48MB/s   00:00:01       13139968  53%   12.41MB/s   00:00:00       15335424  62%    2.01MB/s   00:00:04       23199744  94%   14.96MB/s   00:00:00       24657317 100%    8.85MB/s   00:00:02 (xfer#809, to-check=944/1752)
synthetic_001635/posterior_std.pt
         232019 100%  279.04MB/s   00:00:00 (xfer#810, to-check=945/1752)
synthetic_001635/posterior_variance.pt
         232054 100%  350.14MB/s   00:00:00 (xfer#811, to-check=946/1752)
synthetic_001636/
synthetic_001636/composite_mean.pt
         232026 100%  350.23MB/s   00:00:00 (xfer#812, to-check=948/1752)
synthetic_001636/metadata.json
           1799 100%   32.41MB/s   00:00:00 (xfer#813, to-check=949/1752)
synthetic_001636/posterior_mean.pt
         232026 100%   16.70MB/s   00:00:00 (xfer#814, to-check=950/1752)
synthetic_001636/posterior_samples.pt
        6389760  26%   11.91MB/s   00:00:01       13205504  54%   12.94MB/s   00:00:00       19890176  81%   12.16MB/s   00:00:00       24657317 100%   12.29MB/s   00:00:01 (xfer#815, to-check=951/1752)
synthetic_001636/posterior_std.pt
         232019 100%  276.87MB/s   00:00:00 (xfer#816, to-check=952/1752)
synthetic_001636/posterior_variance.pt
         232054 100%   64.82MB/s   00:00:00 (xfer#817, to-check=953/1752)
synthetic_001637/
synthetic_001637/composite_mean.pt
         232026 100%   11.02MB/s   00:00:00 (xfer#818, to-check=955/1752)
synthetic_001637/metadata.json
           1798 100%   26.34MB/s   00:00:00 (xfer#819, to-check=956/1752)
synthetic_001637/posterior_mean.pt
         232026 100%   23.10MB/s   00:00:00 (xfer#820, to-check=957/1752)
synthetic_001637/posterior_samples.pt
        6553600  27%   12.44MB/s   00:00:01       13238272  54%   12.25MB/s   00:00:00       20054016  81%   12.84MB/s   00:00:00       24657317 100%   12.26MB/s   00:00:01 (xfer#821, to-check=958/1752)
synthetic_001637/posterior_std.pt
         232019 100%  240.50MB/s   00:00:00 (xfer#822, to-check=959/1752)
synthetic_001637/posterior_variance.pt
         232054 100%  309.51MB/s   00:00:00 (xfer#823, to-check=960/1752)
synthetic_001638/
synthetic_001638/composite_mean.pt
         232026 100%   28.64MB/s   00:00:00 (xfer#824, to-check=962/1752)
synthetic_001638/metadata.json
           1798 100%   25.59MB/s   00:00:00 (xfer#825, to-check=963/1752)
synthetic_001638/posterior_mean.pt
         232026 100%    9.64MB/s   00:00:00 (xfer#826, to-check=964/1752)
synthetic_001638/posterior_samples.pt
        5832704  24%   11.04MB/s   00:00:01       12779520  52%   13.20MB/s   00:00:00       19464192  79%   12.70MB/s   00:00:00       24657317 100%   12.14MB/s   00:00:01 (xfer#827, to-check=965/1752)
synthetic_001638/posterior_std.pt
         232019 100%  259.75MB/s   00:00:00 (xfer#828, to-check=966/1752)
synthetic_001638/posterior_variance.pt
         232054 100%  274.54MB/s   00:00:00 (xfer#829, to-check=967/1752)
synthetic_001639/
synthetic_001639/composite_mean.pt
         232026 100%   13.14MB/s   00:00:00 (xfer#830, to-check=969/1752)
synthetic_001639/metadata.json
           1797 100%   23.80MB/s   00:00:00 (xfer#831, to-check=970/1752)
synthetic_001639/posterior_mean.pt
         232026 100%   10.08MB/s   00:00:00 (xfer#832, to-check=971/1752)
synthetic_001639/posterior_samples.pt
        6651904  27%   12.65MB/s   00:00:01       13336576  54%   12.55MB/s   00:00:00       20021248  81%   12.59MB/s   00:00:00       24657317 100%   12.33MB/s   00:00:01 (xfer#833, to-check=972/1752)
synthetic_001639/posterior_std.pt
         232019 100%  251.99MB/s   00:00:00 (xfer#834, to-check=973/1752)
synthetic_001639/posterior_variance.pt
         232054 100%   53.83MB/s   00:00:00 (xfer#835, to-check=974/1752)
synthetic_001640/
synthetic_001640/composite_mean.pt
         232026 100%   18.88MB/s   00:00:00 (xfer#836, to-check=976/1752)
synthetic_001640/metadata.json
           1800 100%   28.12MB/s   00:00:00 (xfer#837, to-check=977/1752)
synthetic_001640/posterior_mean.pt
         232026 100%   15.68MB/s   00:00:00 (xfer#838, to-check=978/1752)
synthetic_001640/posterior_samples.pt
        6619136  27%   12.55MB/s   00:00:01       13172736  53%   12.48MB/s   00:00:00       19857408  81%   12.59MB/s   00:00:00       24657317 100%   12.07MB/s   00:00:01 (xfer#839, to-check=979/1752)
synthetic_001640/posterior_std.pt
         232019 100%  259.67MB/s   00:00:00 (xfer#840, to-check=980/1752)
synthetic_001640/posterior_variance.pt
         232054 100%  282.99MB/s   00:00:00 (xfer#841, to-check=981/1752)
synthetic_001641/
synthetic_001641/composite_mean.pt
         232026 100%   41.21MB/s   00:00:00 (xfer#842, to-check=983/1752)
synthetic_001641/metadata.json
           1798 100%   26.44MB/s   00:00:00 (xfer#843, to-check=984/1752)
synthetic_001641/posterior_mean.pt
         232026 100%   20.80MB/s   00:00:00 (xfer#844, to-check=985/1752)
synthetic_001641/posterior_samples.pt
        6225920  25%   11.82MB/s   00:00:01       11599872  47%   10.13MB/s   00:00:01       17235968  70%   10.65MB/s   00:00:00       22544384  91%   10.00MB/s   00:00:00       24657317 100%   10.42MB/s   00:00:02 (xfer#845, to-check=986/1752)
synthetic_001641/posterior_std.pt
         232019 100%  214.04MB/s   00:00:00 (xfer#846, to-check=987/1752)
synthetic_001641/posterior_variance.pt
         232054 100%   15.43MB/s   00:00:00 (xfer#847, to-check=988/1752)
synthetic_001642/
synthetic_001642/composite_mean.pt
         232026 100%   11.72MB/s   00:00:00 (xfer#848, to-check=990/1752)
synthetic_001642/metadata.json
           1798 100%   22.90MB/s   00:00:00 (xfer#849, to-check=991/1752)
synthetic_001642/posterior_mean.pt
         232026 100%   23.13MB/s   00:00:00 (xfer#850, to-check=992/1752)
synthetic_001642/posterior_samples.pt
        5111808  21%    9.54MB/s   00:00:01       10616832  43%   10.31MB/s   00:00:01       16121856  65%   10.42MB/s   00:00:00       21626880  88%   10.28MB/s   00:00:00       24657317 100%   10.07MB/s   00:00:02 (xfer#851, to-check=993/1752)
synthetic_001642/posterior_std.pt
         232019 100%  265.62MB/s   00:00:00 (xfer#852, to-check=994/1752)
synthetic_001642/posterior_variance.pt
         232054 100%  131.18MB/s   00:00:00 (xfer#853, to-check=995/1752)
synthetic_001643/
synthetic_001643/composite_mean.pt
         232026 100%   20.86MB/s   00:00:00 (xfer#854, to-check=997/1752)
synthetic_001643/metadata.json
           1797 100%   25.95MB/s   00:00:00 (xfer#855, to-check=998/1752)
synthetic_001643/posterior_mean.pt
         232026 100%    4.06MB/s   00:00:00 (xfer#856, to-check=999/1752)
synthetic_001643/posterior_samples.pt
        6225920  25%   11.77MB/s   00:00:01       11862016  48%   10.46MB/s   00:00:01       17629184  71%   10.97MB/s   00:00:00       23625728  96%   11.43MB/s   00:00:00       24657317 100%   10.98MB/s   00:00:02 (xfer#857, to-check=1000/1752)
synthetic_001643/posterior_std.pt
         232019 100%  232.43MB/s   00:00:00 (xfer#858, to-check=1001/1752)
synthetic_001643/posterior_variance.pt
         232054 100%   46.01MB/s   00:00:00 (xfer#859, to-check=1002/1752)
synthetic_001644/
synthetic_001644/composite_mean.pt
         232026 100%   11.53MB/s   00:00:00 (xfer#860, to-check=1004/1752)
synthetic_001644/metadata.json
           1798 100%   22.27MB/s   00:00:00 (xfer#861, to-check=1005/1752)
synthetic_001644/posterior_mean.pt
         232026 100%    8.05MB/s   00:00:00 (xfer#862, to-check=1006/1752)
synthetic_001644/posterior_samples.pt
        5832704  24%   11.12MB/s   00:00:01       12255232  50%   12.25MB/s   00:00:00       19300352  78%   12.86MB/s   00:00:00       24657317 100%   11.82MB/s   00:00:01 (xfer#863, to-check=1007/1752)
synthetic_001644/posterior_std.pt
         232019 100%  253.78MB/s   00:00:00 (xfer#864, to-check=1008/1752)
synthetic_001644/posterior_variance.pt
         232054 100%  319.30MB/s   00:00:00 (xfer#865, to-check=1009/1752)
synthetic_001645/
synthetic_001645/composite_mean.pt
         232026 100%  103.31MB/s   00:00:00 (xfer#866, to-check=1011/1752)
synthetic_001645/metadata.json
           1798 100%   27.24MB/s   00:00:00 (xfer#867, to-check=1012/1752)
synthetic_001645/posterior_mean.pt
         232026 100%   26.00MB/s   00:00:00 (xfer#868, to-check=1013/1752)
synthetic_001645/posterior_samples.pt
        5210112  21%    9.89MB/s   00:00:01       12550144  51%   13.48MB/s   00:00:00       19234816  78%   12.58MB/s   00:00:00       24657317 100%   11.89MB/s   00:00:01 (xfer#869, to-check=1014/1752)
synthetic_001645/posterior_std.pt
         232019 100%  239.01MB/s   00:00:00 (xfer#870, to-check=1015/1752)
synthetic_001645/posterior_variance.pt
         232054 100%  271.25MB/s   00:00:00 (xfer#871, to-check=1016/1752)
synthetic_001646/
synthetic_001646/composite_mean.pt
         232026 100%   47.66MB/s   00:00:00 (xfer#872, to-check=1018/1752)
synthetic_001646/metadata.json
           1798 100%  430.35KB/s   00:00:00 (xfer#873, to-check=1019/1752)
synthetic_001646/posterior_mean.pt
         232026 100%   13.70MB/s   00:00:00 (xfer#874, to-check=1020/1752)
synthetic_001646/posterior_samples.pt
        6488064  26%   12.30MB/s   00:00:01       12779520  52%   11.99MB/s   00:00:00       19726336  80%   13.23MB/s   00:00:00       24657317 100%   12.29MB/s   00:00:01 (xfer#875, to-check=1021/1752)
synthetic_001646/posterior_std.pt
         232019 100%  232.66MB/s   00:00:00 (xfer#876, to-check=1022/1752)
synthetic_001646/posterior_variance.pt
         232054 100%  288.89MB/s   00:00:00 (xfer#877, to-check=1023/1752)
synthetic_001647/
synthetic_001647/composite_mean.pt
         232026 100%   12.43MB/s   00:00:00 (xfer#878, to-check=1025/1752)
synthetic_001647/metadata.json
           1798 100%   25.59MB/s   00:00:00 (xfer#879, to-check=1026/1752)
synthetic_001647/posterior_mean.pt
         232026 100%    7.98MB/s   00:00:00 (xfer#880, to-check=1027/1752)
synthetic_001647/posterior_samples.pt
        6750208  27%   12.76MB/s   00:00:01       13074432  53%   12.06MB/s   00:00:00       19726336  80%   12.59MB/s   00:00:00       24657317 100%   12.39MB/s   00:00:01 (xfer#881, to-check=1028/1752)
synthetic_001647/posterior_std.pt
         232019 100%  243.97MB/s   00:00:00 (xfer#882, to-check=1029/1752)
synthetic_001647/posterior_variance.pt
         232054 100%  303.24MB/s   00:00:00 (xfer#883, to-check=1030/1752)
synthetic_001648/
synthetic_001648/composite_mean.pt
         232026 100%   10.08MB/s   00:00:00 (xfer#884, to-check=1032/1752)
synthetic_001648/metadata.json
           1798 100%   19.70MB/s   00:00:00 (xfer#885, to-check=1033/1752)
synthetic_001648/posterior_mean.pt
         232026 100%   10.00MB/s   00:00:00 (xfer#886, to-check=1034/1752)
synthetic_001648/posterior_samples.pt
        6750208  27%   12.76MB/s   00:00:01       13434880  54%   12.58MB/s   00:00:00       20119552  82%   12.53MB/s   00:00:00       24657317 100%   12.37MB/s   00:00:01 (xfer#887, to-check=1035/1752)
synthetic_001648/posterior_std.pt
         232019 100%  254.90MB/s   00:00:00 (xfer#888, to-check=1036/1752)
synthetic_001648/posterior_variance.pt
         232054 100%  326.38MB/s   00:00:00 (xfer#889, to-check=1037/1752)
synthetic_001649/
synthetic_001649/composite_mean.pt
         232026 100%   16.54MB/s   00:00:00 (xfer#890, to-check=1039/1752)
synthetic_001649/metadata.json
           1797 100%   24.45MB/s   00:00:00 (xfer#891, to-check=1040/1752)
synthetic_001649/posterior_mean.pt
         232026 100%    9.25MB/s   00:00:00 (xfer#892, to-check=1041/1752)
synthetic_001649/posterior_samples.pt
        6717440  27%   12.72MB/s   00:00:01       12713984  52%   11.15MB/s   00:00:01       19267584  78%   12.49MB/s   00:00:00       24657317 100%   11.84MB/s   00:00:01 (xfer#893, to-check=1042/1752)
synthetic_001649/posterior_std.pt
         232019 100%  230.23MB/s   00:00:00 (xfer#894, to-check=1043/1752)
synthetic_001649/posterior_variance.pt
         232054 100%  314.44MB/s   00:00:00 (xfer#895, to-check=1044/1752)
synthetic_001650/
synthetic_001650/composite_mean.pt
         232026 100%  329.82MB/s   00:00:00 (xfer#896, to-check=1046/1752)
synthetic_001650/metadata.json
           1799 100%   20.39MB/s   00:00:00 (xfer#897, to-check=1047/1752)
synthetic_001650/posterior_mean.pt
         232026 100%   29.39MB/s   00:00:00 (xfer#898, to-check=1048/1752)
synthetic_001650/posterior_samples.pt
        6062080  25%   11.37MB/s   00:00:01       13369344  54%   13.59MB/s   00:00:00       19791872  80%   11.94MB/s   00:00:00       24657317 100%   12.31MB/s   00:00:01 (xfer#899, to-check=1049/1752)
synthetic_001650/posterior_std.pt
         232019 100%  271.13MB/s   00:00:00 (xfer#900, to-check=1050/1752)
synthetic_001650/posterior_variance.pt
         232054 100%  274.62MB/s   00:00:00 (xfer#901, to-check=1051/1752)
synthetic_001651/
synthetic_001651/composite_mean.pt
         232026 100%   27.96MB/s   00:00:00 (xfer#902, to-check=1053/1752)
synthetic_001651/metadata.json
           1799 100%   30.62MB/s   00:00:00 (xfer#903, to-check=1054/1752)
synthetic_001651/posterior_mean.pt
         232026 100%   10.98MB/s   00:00:00 (xfer#904, to-check=1055/1752)
synthetic_001651/posterior_samples.pt
        6586368  27%   12.54MB/s   00:00:01       13139968  53%   12.39MB/s   00:00:00       19791872  80%   12.65MB/s   00:00:00       24657317 100%   12.26MB/s   00:00:01 (xfer#905, to-check=1056/1752)
synthetic_001651/posterior_std.pt
         232019 100%  247.55MB/s   00:00:00 (xfer#906, to-check=1057/1752)
synthetic_001651/posterior_variance.pt
         232054 100%  322.63MB/s   00:00:00 (xfer#907, to-check=1058/1752)
synthetic_001652/
synthetic_001652/composite_mean.pt
         232026 100%   45.14MB/s   00:00:00 (xfer#908, to-check=1060/1752)
synthetic_001652/metadata.json
           1798 100%   32.40MB/s   00:00:00 (xfer#909, to-check=1061/1752)
synthetic_001652/posterior_mean.pt
         232026 100%   12.03MB/s   00:00:00 (xfer#910, to-check=1062/1752)
synthetic_001652/posterior_samples.pt
        6651904  27%   12.53MB/s   00:00:01       13336576  54%   12.51MB/s   00:00:00       19890176  81%   12.44MB/s   00:00:00       24657317 100%   12.26MB/s   00:00:01 (xfer#911, to-check=1063/1752)
synthetic_001652/posterior_std.pt
         232019 100%  248.61MB/s   00:00:00 (xfer#912, to-check=1064/1752)
synthetic_001652/posterior_variance.pt
         232054 100%  314.33MB/s   00:00:00 (xfer#913, to-check=1065/1752)
synthetic_001653/
synthetic_001653/composite_mean.pt
         232026 100%   13.24MB/s   00:00:00 (xfer#914, to-check=1067/1752)
synthetic_001653/metadata.json
           1798 100%   19.03MB/s   00:00:00 (xfer#915, to-check=1068/1752)
synthetic_001653/posterior_mean.pt
         232026 100%   30.73MB/s   00:00:00 (xfer#916, to-check=1069/1752)
synthetic_001653/posterior_samples.pt
        5963776  24%   11.31MB/s   00:00:01       13172736  53%   13.49MB/s   00:00:00       19857408  81%   12.69MB/s   00:00:00       24657317 100%   12.08MB/s   00:00:01 (xfer#917, to-check=1070/1752)
synthetic_001653/posterior_std.pt
         232019 100%  241.81MB/s   00:00:00 (xfer#918, to-check=1071/1752)
synthetic_001653/posterior_variance.pt
         232054 100%  288.53MB/s   00:00:00 (xfer#919, to-check=1072/1752)
synthetic_001654/
synthetic_001654/composite_mean.pt
         232026 100%   31.65MB/s   00:00:00 (xfer#920, to-check=1074/1752)
synthetic_001654/metadata.json
           1800 100%   30.13MB/s   00:00:00 (xfer#921, to-check=1075/1752)
synthetic_001654/posterior_mean.pt
         232026 100%    7.07MB/s   00:00:00 (xfer#922, to-check=1076/1752)
synthetic_001654/posterior_samples.pt
        7045120  29%   13.35MB/s   00:00:01       13729792  56%   12.58MB/s   00:00:00       20414464  83%   12.55MB/s   00:00:00       24657317 100%   12.51MB/s   00:00:01 (xfer#923, to-check=1077/1752)
synthetic_001654/posterior_std.pt
         232019 100%  247.55MB/s   00:00:00 (xfer#924, to-check=1078/1752)
synthetic_001654/posterior_variance.pt
         232054 100%  325.46MB/s   00:00:00 (xfer#925, to-check=1079/1752)
synthetic_001655/
synthetic_001655/composite_mean.pt
         232026 100%   12.40MB/s   00:00:00 (xfer#926, to-check=1081/1752)
synthetic_001655/metadata.json
           1797 100%   24.12MB/s   00:00:00 (xfer#927, to-check=1082/1752)
synthetic_001655/posterior_mean.pt
         232026 100%   33.06MB/s   00:00:00 (xfer#928, to-check=1083/1752)
synthetic_001655/posterior_samples.pt
        6029312  24%   11.38MB/s   00:00:01       12713984  52%   12.62MB/s   00:00:00       19398656  79%   12.71MB/s   00:00:00       24657317 100%   12.08MB/s   00:00:01 (xfer#929, to-check=1084/1752)
synthetic_001655/posterior_std.pt
         232019 100%  237.18MB/s   00:00:00 (xfer#930, to-check=1085/1752)
synthetic_001655/posterior_variance.pt
         232054 100%  275.19MB/s   00:00:00 (xfer#931, to-check=1086/1752)
synthetic_001656/
synthetic_001656/composite_mean.pt
         232026 100%   22.54MB/s   00:00:00 (xfer#932, to-check=1088/1752)
synthetic_001656/metadata.json
           1798 100%   27.24MB/s   00:00:00 (xfer#933, to-check=1089/1752)
synthetic_001656/posterior_mean.pt
         232026 100%   11.95MB/s   00:00:00 (xfer#934, to-check=1090/1752)
synthetic_001656/posterior_samples.pt
        6488064  26%   12.29MB/s   00:00:01       13172736  53%   12.61MB/s   00:00:00       19857408  81%   12.63MB/s   00:00:00       24657317 100%   12.26MB/s   00:00:01 (xfer#935, to-check=1091/1752)
synthetic_001656/posterior_std.pt
         232019 100%  209.36MB/s   00:00:00 (xfer#936, to-check=1092/1752)
synthetic_001656/posterior_variance.pt
         232054 100%  256.41MB/s   00:00:00 (xfer#937, to-check=1093/1752)
synthetic_001657/
synthetic_001657/composite_mean.pt
         232026 100%   24.42MB/s   00:00:00 (xfer#938, to-check=1095/1752)
synthetic_001657/metadata.json
           1798 100%   28.09MB/s   00:00:00 (xfer#939, to-check=1096/1752)
synthetic_001657/posterior_mean.pt
         232026 100%   10.61MB/s   00:00:00 (xfer#940, to-check=1097/1752)
synthetic_001657/posterior_samples.pt
        6619136  27%   12.54MB/s   00:00:01       11337728  46%    8.64MB/s   00:00:01       18808832  76%   13.51MB/s   00:00:00       24657317 100%   11.66MB/s   00:00:02 (xfer#941, to-check=1098/1752)
synthetic_001657/posterior_std.pt
         232019 100%  250.02MB/s   00:00:00 (xfer#942, to-check=1099/1752)
synthetic_001657/posterior_variance.pt
         232054 100%  322.19MB/s   00:00:00 (xfer#943, to-check=1100/1752)
synthetic_001658/
synthetic_001658/composite_mean.pt
         232026 100%   24.15MB/s   00:00:00 (xfer#944, to-check=1102/1752)
synthetic_001658/metadata.json
           1798 100%   28.65MB/s   00:00:00 (xfer#945, to-check=1103/1752)
synthetic_001658/posterior_mean.pt
         232026 100%   11.20MB/s   00:00:00 (xfer#946, to-check=1104/1752)
synthetic_001658/posterior_samples.pt
        6619136  27%   12.55MB/s   00:00:01       13303808  54%   12.54MB/s   00:00:00       19857408  81%   11.24MB/s   00:00:00       24657317 100%   12.14MB/s   00:00:01 (xfer#947, to-check=1105/1752)
synthetic_001658/posterior_std.pt
         232019 100%  243.72MB/s   00:00:00 (xfer#948, to-check=1106/1752)
synthetic_001658/posterior_variance.pt
         232054 100%  285.96MB/s   00:00:00 (xfer#949, to-check=1107/1752)
synthetic_001659/
synthetic_001659/composite_mean.pt
         232026 100%   83.04MB/s   00:00:00 (xfer#950, to-check=1109/1752)
synthetic_001659/metadata.json
           1798 100%   27.14MB/s   00:00:00 (xfer#951, to-check=1110/1752)
synthetic_001659/posterior_mean.pt
         232026 100%    9.53MB/s   00:00:00 (xfer#952, to-check=1111/1752)
synthetic_001659/posterior_samples.pt
        6848512  28%   12.79MB/s   00:00:01       13533184  55%   12.70MB/s   00:00:00       18415616  75%    9.23MB/s   00:00:00       24657317 100%   11.51MB/s   00:00:00       24657317 100%   11.34MB/s   00:00:02 (xfer#953, to-check=1112/1752)
synthetic_001659/posterior_std.pt
         232019 100%  249.48MB/s   00:00:00 (xfer#954, to-check=1113/1752)
synthetic_001659/posterior_variance.pt
         232054 100%  325.01MB/s   00:00:00 (xfer#955, to-check=1114/1752)
synthetic_001660/
synthetic_001660/composite_mean.pt
         232026 100%   30.50MB/s   00:00:00 (xfer#956, to-check=1116/1752)
synthetic_001660/metadata.json
           1797 100%   32.97MB/s   00:00:00 (xfer#957, to-check=1117/1752)
synthetic_001660/posterior_mean.pt
         232026 100%   30.92MB/s   00:00:00 (xfer#958, to-check=1118/1752)
synthetic_001660/posterior_samples.pt
        4325376  18%    7.78MB/s   00:00:02        9306112  38%    8.97MB/s   00:00:01       14155776  57%    9.17MB/s   00:00:01       19005440  77%    9.24MB/s   00:00:00       24379392  99%   10.03MB/s   00:00:00       24657317 100%    8.91MB/s   00:00:02 (xfer#959, to-check=1119/1752)
synthetic_001660/posterior_std.pt
         232019 100%  266.23MB/s   00:00:00 (xfer#960, to-check=1120/1752)
synthetic_001660/posterior_variance.pt
         232054 100%   17.14MB/s   00:00:00 (xfer#961, to-check=1121/1752)
synthetic_001661/
synthetic_001661/composite_mean.pt
         232026 100%   75.99MB/s   00:00:00 (xfer#962, to-check=1123/1752)
synthetic_001661/metadata.json
           1797 100%   28.52MB/s   00:00:00 (xfer#963, to-check=1124/1752)
synthetic_001661/posterior_mean.pt
         232026 100%    6.47MB/s   00:00:00 (xfer#964, to-check=1125/1752)
synthetic_001661/posterior_samples.pt
        5275648  21%    9.90MB/s   00:00:01       10780672  44%   10.24MB/s   00:00:01       16678912  68%   11.02MB/s   00:00:00       22315008  91%   10.39MB/s   00:00:00       24657317 100%   10.24MB/s   00:00:02 (xfer#965, to-check=1126/1752)
synthetic_001661/posterior_std.pt
         232019 100%  215.03MB/s   00:00:00 (xfer#966, to-check=1127/1752)
synthetic_001661/posterior_variance.pt
         232054 100%  299.91MB/s   00:00:00 (xfer#967, to-check=1128/1752)
synthetic_001662/
synthetic_001662/composite_mean.pt
         232026 100%   15.60MB/s   00:00:00 (xfer#968, to-check=1130/1752)
synthetic_001662/metadata.json
           1797 100%   25.95MB/s   00:00:00 (xfer#969, to-check=1131/1752)
synthetic_001662/posterior_mean.pt
         232026 100%    7.01MB/s   00:00:00 (xfer#970, to-check=1132/1752)
synthetic_001662/posterior_samples.pt
        5799936  24%   10.60MB/s   00:00:01       11304960  46%    9.97MB/s   00:00:01       16809984  68%   10.20MB/s   00:00:00       22872064  93%   11.56MB/s   00:00:00       24657317 100%   10.42MB/s   00:00:02 (xfer#971, to-check=1133/1752)
synthetic_001662/posterior_std.pt
         232019 100%  261.87MB/s   00:00:00 (xfer#972, to-check=1134/1752)
synthetic_001662/posterior_variance.pt
         232054 100%  323.98MB/s   00:00:00 (xfer#973, to-check=1135/1752)
synthetic_001663/
synthetic_001663/composite_mean.pt
         232026 100%   64.68MB/s   00:00:00 (xfer#974, to-check=1137/1752)
synthetic_001663/metadata.json
           1797 100%   31.67MB/s   00:00:00 (xfer#975, to-check=1138/1752)
synthetic_001663/posterior_mean.pt
         232026 100%   14.08MB/s   00:00:00 (xfer#976, to-check=1139/1752)
synthetic_001663/posterior_samples.pt
        5079040  21%    9.36MB/s   00:00:01       10059776  41%    9.49MB/s   00:00:01       14712832  60%    8.52MB/s   00:00:01       17956864  73%    5.89MB/s   00:00:01       22020096  89%    7.67MB/s   00:00:00       24641536 100%    4.91MB/s   00:00:00       24657317 100%    7.55MB/s   00:00:03 (xfer#977, to-check=1140/1752)
synthetic_001663/posterior_std.pt
         232019 100%   46.90MB/s   00:00:00 (xfer#978, to-check=1141/1752)
synthetic_001663/posterior_variance.pt
         232054 100%    5.50MB/s   00:00:00 (xfer#979, to-check=1142/1752)
synthetic_001664/
synthetic_001664/composite_mean.pt
         232026 100%    7.33MB/s   00:00:00 (xfer#980, to-check=1144/1752)
synthetic_001664/metadata.json
           1796 100%   19.68MB/s   00:00:00 (xfer#981, to-check=1145/1752)
synthetic_001664/posterior_mean.pt
         232026 100%    5.63MB/s   00:00:00 (xfer#982, to-check=1146/1752)
synthetic_001664/posterior_samples.pt
        2490368  10%    4.54MB/s   00:00:04        5636096  23%    5.49MB/s   00:00:03        9043968  37%    6.48MB/s   00:00:02       11927552  48%    5.49MB/s   00:00:02       15597568  63%    6.93MB/s   00:00:01       17334272  70%    3.18MB/s   00:00:02       19300352  78%    3.53MB/s   00:00:01       21135360  86%    3.47MB/s   00:00:00       23101440  94%    3.64MB/s   00:00:00       24657317 100%    4.64MB/s   00:00:05 (xfer#983, to-check=1147/1752)
synthetic_001664/posterior_std.pt
         232019 100%    5.13MB/s   00:00:00 (xfer#984, to-check=1148/1752)
synthetic_001664/posterior_variance.pt
         232054 100%    5.64MB/s   00:00:00 (xfer#985, to-check=1149/1752)
synthetic_001665/
synthetic_001665/composite_mean.pt
         232026 100%    4.55MB/s   00:00:00 (xfer#986, to-check=1151/1752)
synthetic_001665/metadata.json
           1796 100%    5.50MB/s   00:00:00 (xfer#987, to-check=1152/1752)
synthetic_001665/posterior_mean.pt
         232026 100%    3.61MB/s   00:00:00 (xfer#988, to-check=1153/1752)
synthetic_001665/posterior_samples.pt
        2097152   9%    3.98MB/s   00:00:05        4718592  19%    4.87MB/s   00:00:03        7471104  30%    4.95MB/s   00:00:03       10485760  43%    5.42MB/s   00:00:02       13500416  55%    5.74MB/s   00:00:01       16646144  68%    5.86MB/s   00:00:01       20316160  82%    6.97MB/s   00:00:00       23724032  96%    6.37MB/s   00:00:00       24657317 100%    5.53MB/s   00:00:04 (xfer#989, to-check=1154/1752)
synthetic_001665/posterior_std.pt
         232019 100%   29.09MB/s   00:00:00 (xfer#990, to-check=1155/1752)
synthetic_001665/posterior_variance.pt
         232054 100%    8.58MB/s   00:00:00 (xfer#991, to-check=1156/1752)
synthetic_001666/
synthetic_001666/composite_mean.pt
         232026 100%    3.22MB/s   00:00:00 (xfer#992, to-check=1158/1752)
synthetic_001666/metadata.json
           1797 100%    6.86MB/s   00:00:00 (xfer#993, to-check=1159/1752)
synthetic_001666/posterior_mean.pt
         232026 100%   31.77MB/s   00:00:00 (xfer#994, to-check=1160/1752)
synthetic_001666/posterior_samples.pt
        3670016  15%    6.87MB/s   00:00:02        7733248  31%    7.59MB/s   00:00:02       11927552  48%    7.79MB/s   00:00:01       16121856  65%    7.85MB/s   00:00:01       20545536  83%    8.44MB/s   00:00:00       24657317 100%    7.72MB/s   00:00:03 (xfer#995, to-check=1161/1752)
synthetic_001666/posterior_std.pt
         232019 100%  240.25MB/s   00:00:00 (xfer#996, to-check=1162/1752)
synthetic_001666/posterior_variance.pt
         232054 100%   49.16MB/s   00:00:00 (xfer#997, to-check=1163/1752)
synthetic_001667/
synthetic_001667/composite_mean.pt
         232026 100%   14.25MB/s   00:00:00 (xfer#998, to-check=1165/1752)
synthetic_001667/metadata.json
           1797 100%   18.62MB/s   00:00:00 (xfer#999, to-check=1166/1752)
synthetic_001667/posterior_mean.pt
         232026 100%    9.38MB/s   00:00:00 (xfer#1000, to-check=1167/1752)
synthetic_001667/posterior_samples.pt
        4849664  20%    9.14MB/s   00:00:02        9306112  38%    8.29MB/s   00:00:01       14548992  59%    9.89MB/s   00:00:00       20054016  81%   10.20MB/s   00:00:00       24657317 100%    9.24MB/s   00:00:02 (xfer#1001, to-check=1168/1752)
synthetic_001667/posterior_std.pt
         232019 100%  256.09MB/s   00:00:00 (xfer#1002, to-check=1169/1752)
synthetic_001667/posterior_variance.pt
         232054 100%  153.27MB/s   00:00:00 (xfer#1003, to-check=1170/1752)
synthetic_001668/
synthetic_001668/composite_mean.pt
         232026 100%   66.81MB/s   00:00:00 (xfer#1004, to-check=1172/1752)
synthetic_001668/metadata.json
           1797 100%   25.95MB/s   00:00:00 (xfer#1005, to-check=1173/1752)
synthetic_001668/posterior_mean.pt
         232026 100%    8.47MB/s   00:00:00 (xfer#1006, to-check=1174/1752)
synthetic_001668/posterior_samples.pt
        6324224  26%   11.69MB/s   00:00:01       13533184  55%   13.61MB/s   00:00:00       20217856  82%   12.67MB/s   00:00:00       24657317 100%   12.28MB/s   00:00:01 (xfer#1007, to-check=1175/1752)
synthetic_001668/posterior_std.pt
         232019 100%  262.76MB/s   00:00:00 (xfer#1008, to-check=1176/1752)
synthetic_001668/posterior_variance.pt
         232054 100%  321.63MB/s   00:00:00 (xfer#1009, to-check=1177/1752)
synthetic_001669/
synthetic_001669/composite_mean.pt
         232026 100%  246.18MB/s   00:00:00 (xfer#1010, to-check=1179/1752)
synthetic_001669/metadata.json
           1797 100%   30.08MB/s   00:00:00 (xfer#1011, to-check=1180/1752)
synthetic_001669/posterior_mean.pt
         232026 100%   15.67MB/s   00:00:00 (xfer#1012, to-check=1181/1752)
synthetic_001669/posterior_samples.pt
        6684672  27%   12.55MB/s   00:00:01       13369344  54%   12.60MB/s   00:00:00       17989632  73%    8.75MB/s   00:00:00       24657317 100%   11.53MB/s   00:00:02 (xfer#1013, to-check=1182/1752)
synthetic_001669/posterior_std.pt
         232019 100%  205.83MB/s   00:00:00 (xfer#1014, to-check=1183/1752)
synthetic_001669/posterior_variance.pt
         232054 100%  255.28MB/s   00:00:00 (xfer#1015, to-check=1184/1752)
synthetic_001670/
synthetic_001670/composite_mean.pt
         232026 100%  267.23MB/s   00:00:00 (xfer#1016, to-check=1186/1752)
synthetic_001670/metadata.json
           1796 100%   20.18MB/s   00:00:00 (xfer#1017, to-check=1187/1752)
synthetic_001670/posterior_mean.pt
         232026 100%   19.18MB/s   00:00:00 (xfer#1018, to-check=1188/1752)
synthetic_001670/posterior_samples.pt
        6684672  27%   12.40MB/s   00:00:01       13500416  55%   12.74MB/s   00:00:00       19857408  81%   11.95MB/s   00:00:00       24657317 100%   12.24MB/s   00:00:01 (xfer#1019, to-check=1189/1752)
synthetic_001670/posterior_std.pt
         232019 100%  249.75MB/s   00:00:00 (xfer#1020, to-check=1190/1752)
synthetic_001670/posterior_variance.pt
         232054 100%  304.83MB/s   00:00:00 (xfer#1021, to-check=1191/1752)
synthetic_001671/
synthetic_001671/composite_mean.pt
         232026 100%   52.16MB/s   00:00:00 (xfer#1022, to-check=1193/1752)
synthetic_001671/metadata.json
           1799 100%   26.75MB/s   00:00:00 (xfer#1023, to-check=1194/1752)
synthetic_001671/posterior_mean.pt
         232026 100%    8.83MB/s   00:00:00 (xfer#1024, to-check=1195/1752)
synthetic_001671/posterior_samples.pt
        6684672  27%   12.74MB/s   00:00:01       13238272  54%   12.44MB/s   00:00:00       19791872  80%   12.45MB/s   00:00:00       24657317 100%   12.33MB/s   00:00:01 (xfer#1025, to-check=1196/1752)
synthetic_001671/posterior_std.pt
         232019 100%  214.39MB/s   00:00:00 (xfer#1026, to-check=1197/1752)
synthetic_001671/posterior_variance.pt
         232054 100%  293.09MB/s   00:00:00 (xfer#1027, to-check=1198/1752)
synthetic_001672/
synthetic_001672/composite_mean.pt
         232026 100%   22.60MB/s   00:00:00 (xfer#1028, to-check=1200/1752)
synthetic_001672/metadata.json
           1797 100%   31.12MB/s   00:00:00 (xfer#1029, to-check=1201/1752)
synthetic_001672/posterior_mean.pt
         232026 100%   13.12MB/s   00:00:00 (xfer#1030, to-check=1202/1752)
synthetic_001672/posterior_samples.pt
        6422528  26%   12.17MB/s   00:00:01       13107200  53%   12.75MB/s   00:00:00       19791872  80%   12.58MB/s   00:00:00       24657317 100%   12.25MB/s   00:00:01 (xfer#1031, to-check=1203/1752)
synthetic_001672/posterior_std.pt
         232019 100%  265.62MB/s   00:00:00 (xfer#1032, to-check=1204/1752)
synthetic_001672/posterior_variance.pt
         232054 100%  309.92MB/s   00:00:00 (xfer#1033, to-check=1205/1752)
synthetic_001673/
synthetic_001673/composite_mean.pt
         232026 100%   46.09MB/s   00:00:00 (xfer#1034, to-check=1207/1752)
synthetic_001673/metadata.json
           1796 100%   20.41MB/s   00:00:00 (xfer#1035, to-check=1208/1752)
synthetic_001673/posterior_mean.pt
         232026 100%    9.39MB/s   00:00:00 (xfer#1036, to-check=1209/1752)
synthetic_001673/posterior_samples.pt
        6619136  27%   12.62MB/s   00:00:01       13172736  53%   12.31MB/s   00:00:00       19988480  81%   12.76MB/s   00:00:00       24657317 100%   12.36MB/s   00:00:01 (xfer#1037, to-check=1210/1752)
synthetic_001673/posterior_std.pt
         232019 100%  256.73MB/s   00:00:00 (xfer#1038, to-check=1211/1752)
synthetic_001673/posterior_variance.pt
         232054 100%   21.52MB/s   00:00:00 (xfer#1039, to-check=1212/1752)
synthetic_001674/
synthetic_001674/composite_mean.pt
         232026 100%   21.38MB/s   00:00:00 (xfer#1040, to-check=1214/1752)
synthetic_001674/metadata.json
           1796 100%   18.01MB/s   00:00:00 (xfer#1041, to-check=1215/1752)
synthetic_001674/posterior_mean.pt
         232026 100%   11.56MB/s   00:00:00 (xfer#1042, to-check=1216/1752)
synthetic_001674/posterior_samples.pt
        6750208  27%   12.60MB/s   00:00:01       13434880  54%   12.52MB/s   00:00:00       20119552  82%   12.47MB/s   00:00:00       24657317 100%   12.31MB/s   00:00:01 (xfer#1043, to-check=1217/1752)
synthetic_001674/posterior_std.pt
         232019 100%  260.33MB/s   00:00:00 (xfer#1044, to-check=1218/1752)
synthetic_001674/posterior_variance.pt
         232054 100%  324.44MB/s   00:00:00 (xfer#1045, to-check=1219/1752)
synthetic_001675/
synthetic_001675/composite_mean.pt
         232026 100%   12.69MB/s   00:00:00 (xfer#1046, to-check=1221/1752)
synthetic_001675/metadata.json
           1799 100%   23.52MB/s   00:00:00 (xfer#1047, to-check=1222/1752)
synthetic_001675/posterior_mean.pt
         232026 100%    7.42MB/s   00:00:00 (xfer#1048, to-check=1223/1752)
synthetic_001675/posterior_samples.pt
        6881280  28%   12.88MB/s   00:00:01       13565952  55%   12.50MB/s   00:00:00       20250624  82%   12.66MB/s   00:00:00       24657317 100%   12.45MB/s   00:00:01 (xfer#1049, to-check=1224/1752)
synthetic_001675/posterior_std.pt
         232019 100%  253.43MB/s   00:00:00 (xfer#1050, to-check=1225/1752)
synthetic_001675/posterior_variance.pt
         232054 100%   76.90MB/s   00:00:00 (xfer#1051, to-check=1226/1752)
synthetic_001676/
synthetic_001676/composite_mean.pt
         232026 100%   10.67MB/s   00:00:00 (xfer#1052, to-check=1228/1752)
synthetic_001676/metadata.json
           1797 100%   17.84MB/s   00:00:00 (xfer#1053, to-check=1229/1752)
synthetic_001676/posterior_mean.pt
         232026 100%   11.02MB/s   00:00:00 (xfer#1054, to-check=1230/1752)
synthetic_001676/posterior_samples.pt
        6651904  27%   12.66MB/s   00:00:01       13336576  54%   12.59MB/s   00:00:00       19890176  81%   12.29MB/s   00:00:00       24657317 100%   12.34MB/s   00:00:01 (xfer#1055, to-check=1231/1752)
synthetic_001676/posterior_std.pt
         232019 100%  239.44MB/s   00:00:00 (xfer#1056, to-check=1232/1752)
synthetic_001676/posterior_variance.pt
         232054 100%  298.27MB/s   00:00:00 (xfer#1057, to-check=1233/1752)
synthetic_001677/
synthetic_001677/composite_mean.pt
         232026 100%   33.15MB/s   00:00:00 (xfer#1058, to-check=1235/1752)
synthetic_001677/metadata.json
           1797 100%   30.08MB/s   00:00:00 (xfer#1059, to-check=1236/1752)
synthetic_001677/posterior_mean.pt
         232026 100%   12.86MB/s   00:00:00 (xfer#1060, to-check=1237/1752)
synthetic_001677/posterior_samples.pt
        5570560  23%   10.38MB/s   00:00:01       12517376  51%   13.19MB/s   00:00:00       19333120  78%   12.99MB/s   00:00:00       24657317 100%   11.71MB/s   00:00:02 (xfer#1061, to-check=1238/1752)
synthetic_001677/posterior_std.pt
         232019 100%  259.38MB/s   00:00:00 (xfer#1062, to-check=1239/1752)
synthetic_001677/posterior_variance.pt
         232054 100%  317.45MB/s   00:00:00 (xfer#1063, to-check=1240/1752)
synthetic_001678/
synthetic_001678/composite_mean.pt
         232026 100%  300.65MB/s   00:00:00 (xfer#1064, to-check=1242/1752)
synthetic_001678/metadata.json
           1799 100%   19.50MB/s   00:00:00 (xfer#1065, to-check=1243/1752)
synthetic_001678/posterior_mean.pt
         232026 100%   17.29MB/s   00:00:00 (xfer#1066, to-check=1244/1752)
synthetic_001678/posterior_samples.pt
        6717440  27%   12.59MB/s   00:00:01       13336576  54%   12.62MB/s   00:00:00       19955712  81%   12.45MB/s   00:00:00       24657317 100%   12.29MB/s   00:00:01 (xfer#1067, to-check=1245/1752)
synthetic_001678/posterior_std.pt
         232019 100%  246.96MB/s   00:00:00 (xfer#1068, to-check=1246/1752)
synthetic_001678/posterior_variance.pt
         232054 100%  314.33MB/s   00:00:00 (xfer#1069, to-check=1247/1752)
synthetic_001679/
synthetic_001679/composite_mean.pt
         232026 100%   28.21MB/s   00:00:00 (xfer#1070, to-check=1249/1752)
synthetic_001679/metadata.json
           1796 100%   27.63MB/s   00:00:00 (xfer#1071, to-check=1250/1752)
synthetic_001679/posterior_mean.pt
         232026 100%   11.71MB/s   00:00:00 (xfer#1072, to-check=1251/1752)
synthetic_001679/posterior_samples.pt
        4784128  19%    8.61MB/s   00:00:02       10551296  43%   10.98MB/s   00:00:01       16515072  67%   11.13MB/s   00:00:00       21889024  89%   10.12MB/s   00:00:00       24657317 100%    9.47MB/s   00:00:02 (xfer#1073, to-check=1252/1752)
synthetic_001679/posterior_std.pt
         232019 100%    8.42MB/s   00:00:00 (xfer#1074, to-check=1253/1752)
synthetic_001679/posterior_variance.pt
         232054 100%   15.90MB/s   00:00:00 (xfer#1075, to-check=1254/1752)
synthetic_001680/
synthetic_001680/composite_mean.pt
         232026 100%    4.09MB/s   00:00:00 (xfer#1076, to-check=1256/1752)
synthetic_001680/metadata.json
           1797 100%   16.01MB/s   00:00:00 (xfer#1077, to-check=1257/1752)
synthetic_001680/posterior_mean.pt
         232026 100%   40.46MB/s   00:00:00 (xfer#1078, to-check=1258/1752)
synthetic_001680/posterior_samples.pt
        3407872  14%    6.42MB/s   00:00:03        7864320  32%    8.27MB/s   00:00:01       12582912  51%    8.67MB/s   00:00:01       16908288  69%    8.23MB/s   00:00:00       21233664  86%    8.20MB/s   00:00:00       24657317 100%    8.13MB/s   00:00:02 (xfer#1079, to-check=1259/1752)
synthetic_001680/posterior_std.pt
         232019 100%   16.09MB/s   00:00:00 (xfer#1080, to-check=1260/1752)
synthetic_001680/posterior_variance.pt
         232054 100%    5.41MB/s   00:00:00 (xfer#1081, to-check=1261/1752)
synthetic_001681/
synthetic_001681/composite_mean.pt
         232026 100%   56.65MB/s   00:00:00 (xfer#1082, to-check=1263/1752)
synthetic_001681/metadata.json
           1798 100%   33.61MB/s   00:00:00 (xfer#1083, to-check=1264/1752)
synthetic_001681/posterior_mean.pt
         232026 100%    6.05MB/s   00:00:00 (xfer#1084, to-check=1265/1752)
synthetic_001681/posterior_samples.pt
        4521984  18%    8.27MB/s   00:00:02        8978432  36%    8.37MB/s   00:00:01       13565952  55%    8.47MB/s   00:00:01       18808832  76%    9.90MB/s   00:00:00       24051712  98%    9.96MB/s   00:00:00       24657317 100%    8.89MB/s   00:00:02 (xfer#1085, to-check=1266/1752)
synthetic_001681/posterior_std.pt
         232019 100%  216.28MB/s   00:00:00 (xfer#1086, to-check=1267/1752)
synthetic_001681/posterior_variance.pt
         232054 100%   60.85MB/s   00:00:00 (xfer#1087, to-check=1268/1752)
synthetic_001682/
synthetic_001682/composite_mean.pt
         232026 100%    6.38MB/s   00:00:00 (xfer#1088, to-check=1270/1752)
synthetic_001682/metadata.json
           1798 100%   24.80MB/s   00:00:00 (xfer#1089, to-check=1271/1752)
synthetic_001682/posterior_mean.pt
         232026 100%   28.60MB/s   00:00:00 (xfer#1090, to-check=1272/1752)
synthetic_001682/posterior_samples.pt
        5210112  21%    9.90MB/s   00:00:01       10190848  41%    9.41MB/s   00:00:01       16220160  66%   11.30MB/s   00:00:00       21331968  87%    9.48MB/s   00:00:00       24657317 100%   10.02MB/s   00:00:02 (xfer#1091, to-check=1273/1752)
synthetic_001682/posterior_std.pt
         232019 100%  251.99MB/s   00:00:00 (xfer#1092, to-check=1274/1752)
synthetic_001682/posterior_variance.pt
         232054 100%  308.17MB/s   00:00:00 (xfer#1093, to-check=1275/1752)
synthetic_001683/
synthetic_001683/composite_mean.pt
         232026 100%    8.03MB/s   00:00:00 (xfer#1094, to-check=1277/1752)
synthetic_001683/metadata.json
           1798 100%   23.50MB/s   00:00:00 (xfer#1095, to-check=1278/1752)
synthetic_001683/posterior_mean.pt
         232026 100%   54.68MB/s   00:00:00 (xfer#1096, to-check=1279/1752)
synthetic_001683/posterior_samples.pt
        5865472  24%   11.15MB/s   00:00:01       12550144  51%   12.20MB/s   00:00:00       18415616  75%   11.18MB/s   00:00:00       23953408  97%    8.07MB/s   00:00:00       24657317 100%   10.04MB/s   00:00:02 (xfer#1097, to-check=1280/1752)
synthetic_001683/posterior_std.pt
         232019 100%  247.49MB/s   00:00:00 (xfer#1098, to-check=1281/1752)
synthetic_001683/posterior_variance.pt
         232054 100%  326.84MB/s   00:00:00 (xfer#1099, to-check=1282/1752)
synthetic_001684/
synthetic_001684/composite_mean.pt
         232026 100%    5.60MB/s   00:00:00 (xfer#1100, to-check=1284/1752)
synthetic_001684/metadata.json
           1797 100%   22.53MB/s   00:00:00 (xfer#1101, to-check=1285/1752)
synthetic_001684/posterior_mean.pt
         232026 100%   12.85MB/s   00:00:00 (xfer#1102, to-check=1286/1752)
synthetic_001684/posterior_samples.pt
        3506176  14%    6.53MB/s   00:00:03        3899392  16%  707.85KB/s   00:00:28        9011200  37%    9.50MB/s   00:00:01       12550144  51%    6.49MB/s   00:00:01       17399808  71%    9.18MB/s   00:00:00       20381696  83%    5.06MB/s   00:00:00       20774912  84%  537.54KB/s   00:00:07       21430272  87%  956.23KB/s   00:00:03       23396352  95%    3.51MB/s   00:00:00       24657317 100%    4.49MB/s   00:00:05 (xfer#1103, to-check=1287/1752)
synthetic_001684/posterior_std.pt
         232019 100%  252.06MB/s   00:00:00 (xfer#1104, to-check=1288/1752)
synthetic_001684/posterior_variance.pt
         232054 100%    7.88MB/s   00:00:00 (xfer#1105, to-check=1289/1752)
synthetic_001685/
synthetic_001685/composite_mean.pt
         232026 100%   23.52MB/s   00:00:00 (xfer#1106, to-check=1291/1752)
synthetic_001685/metadata.json
           1799 100%   21.74MB/s   00:00:00 (xfer#1107, to-check=1292/1752)
synthetic_001685/posterior_mean.pt
         232026 100%    5.23MB/s   00:00:00 (xfer#1108, to-check=1293/1752)
synthetic_001685/posterior_samples.pt
        1212416   5%    2.12MB/s   00:00:10        4849664  20%    6.62MB/s   00:00:02       10485760  43%   10.45MB/s   00:00:01       15335424  62%    9.18MB/s   00:00:00       19529728  79%    7.95MB/s   00:00:00       22151168  90%    4.74MB/s   00:00:00       24117248  98%    3.74MB/s   00:00:00       24657317 100%    6.24MB/s   00:00:03 (xfer#1109, to-check=1294/1752)
synthetic_001685/posterior_std.pt
         232019 100%  266.92MB/s   00:00:00 (xfer#1110, to-check=1295/1752)
synthetic_001685/posterior_variance.pt
         232054 100%   20.87MB/s   00:00:00 (xfer#1111, to-check=1296/1752)
synthetic_001686/
synthetic_001686/composite_mean.pt
         232026 100%   24.29MB/s   00:00:00 (xfer#1112, to-check=1298/1752)
synthetic_001686/metadata.json
           1798 100%   22.83MB/s   00:00:00 (xfer#1113, to-check=1299/1752)
synthetic_001686/posterior_mean.pt
         232026 100%   25.14MB/s   00:00:00 (xfer#1114, to-check=1300/1752)
synthetic_001686/posterior_samples.pt
        3801088  15%    7.00MB/s   00:00:02        8519680  35%    8.98MB/s   00:00:01       14024704  57%   10.39MB/s   00:00:00       20447232  83%   12.20MB/s   00:00:00       24657317 100%    9.93MB/s   00:00:02 (xfer#1115, to-check=1301/1752)
synthetic_001686/posterior_std.pt
         232019 100%  216.33MB/s   00:00:00 (xfer#1116, to-check=1302/1752)
synthetic_001686/posterior_variance.pt
         232054 100%  257.05MB/s   00:00:00 (xfer#1117, to-check=1303/1752)
synthetic_001687/
synthetic_001687/composite_mean.pt
         232026 100%  268.55MB/s   00:00:00 (xfer#1118, to-check=1305/1752)
synthetic_001687/metadata.json
           1797 100%   25.58MB/s   00:00:00 (xfer#1119, to-check=1306/1752)
synthetic_001687/posterior_mean.pt
         232026 100%   24.70MB/s   00:00:00 (xfer#1120, to-check=1307/1752)
synthetic_001687/posterior_samples.pt
        5111808  21%    9.00MB/s   00:00:02       12451840  50%   13.99MB/s   00:00:00       18874368  77%   10.87MB/s   00:00:00       24477696  99%   10.45MB/s   00:00:00       24657317 100%   10.87MB/s   00:00:02 (xfer#1121, to-check=1308/1752)
synthetic_001687/posterior_std.pt
         232019 100%  284.77MB/s   00:00:00 (xfer#1122, to-check=1309/1752)
synthetic_001687/posterior_variance.pt
         232054 100%   17.08MB/s   00:00:00 (xfer#1123, to-check=1310/1752)
synthetic_001688/
synthetic_001688/composite_mean.pt
         232026 100%   10.98MB/s   00:00:00 (xfer#1124, to-check=1312/1752)
synthetic_001688/metadata.json
           1796 100%   17.48MB/s   00:00:00 (xfer#1125, to-check=1313/1752)
synthetic_001688/posterior_mean.pt
         232026 100%   16.85MB/s   00:00:00 (xfer#1126, to-check=1314/1752)
synthetic_001688/posterior_samples.pt
        5341184  22%    9.77MB/s   00:00:01       11632640  47%   11.77MB/s   00:00:01       16220160  66%    8.26MB/s   00:00:00       23298048  94%   12.43MB/s   00:00:00       24657317 100%   10.57MB/s   00:00:02 (xfer#1127, to-check=1315/1752)
synthetic_001688/posterior_std.pt
         232019 100%  224.39MB/s   00:00:00 (xfer#1128, to-check=1316/1752)
synthetic_001688/posterior_variance.pt
         232054 100%  306.14MB/s   00:00:00 (xfer#1129, to-check=1317/1752)
synthetic_001689/
synthetic_001689/composite_mean.pt
         232026 100%    9.67MB/s   00:00:00 (xfer#1130, to-check=1319/1752)
synthetic_001689/metadata.json
           1799 100%  525.36KB/s   00:00:00 (xfer#1131, to-check=1320/1752)
synthetic_001689/posterior_mean.pt
         232026 100%   57.87MB/s   00:00:00 (xfer#1132, to-check=1321/1752)
synthetic_001689/posterior_samples.pt
        7143424  29%   13.49MB/s   00:00:01       13697024  56%   12.45MB/s   00:00:00       20381696  83%   12.50MB/s   00:00:00       24657317 100%   12.56MB/s   00:00:01 (xfer#1133, to-check=1322/1752)
synthetic_001689/posterior_std.pt
         232019 100%  280.81MB/s   00:00:00 (xfer#1134, to-check=1323/1752)
synthetic_001689/posterior_variance.pt
         232054 100%  130.72MB/s   00:00:00 (xfer#1135, to-check=1324/1752)
synthetic_001690/
synthetic_001690/composite_mean.pt
         232026 100%   10.39MB/s   00:00:00 (xfer#1136, to-check=1326/1752)
synthetic_001690/metadata.json
           1798 100%   13.01MB/s   00:00:00 (xfer#1137, to-check=1327/1752)
synthetic_001690/posterior_mean.pt
         232026 100%   14.75MB/s   00:00:00 (xfer#1138, to-check=1328/1752)
synthetic_001690/posterior_samples.pt
        5177344  21%    9.74MB/s   00:00:01       11206656  45%   11.19MB/s   00:00:01       17367040  70%   11.62MB/s   00:00:00       23527424  95%   11.07MB/s   00:00:00       24657317 100%   10.80MB/s   00:00:02 (xfer#1139, to-check=1329/1752)
synthetic_001690/posterior_std.pt
         232019 100%  276.54MB/s   00:00:00 (xfer#1140, to-check=1330/1752)
synthetic_001690/posterior_variance.pt
         232054 100%   23.37MB/s   00:00:00 (xfer#1141, to-check=1331/1752)
synthetic_001691/
synthetic_001691/composite_mean.pt
         232026 100%    9.66MB/s   00:00:00 (xfer#1142, to-check=1333/1752)
synthetic_001691/metadata.json
           1797 100%   16.49MB/s   00:00:00 (xfer#1143, to-check=1334/1752)
synthetic_001691/posterior_mean.pt
         232026 100%    6.43MB/s   00:00:00 (xfer#1144, to-check=1335/1752)
synthetic_001691/posterior_samples.pt
        6258688  25%   11.41MB/s   00:00:01       12517376  51%   11.81MB/s   00:00:00       14811136  60%    4.09MB/s   00:00:02       17268736  70%    4.39MB/s   00:00:01       19103744  77%    3.35MB/s   00:00:01       21331968  87%    4.09MB/s   00:00:00       23298048  94%    3.74MB/s   00:00:00       24657317 100%    2.37MB/s   00:00:00       24657317 100%    5.56MB/s   00:00:04 (xfer#1145, to-check=1336/1752)
synthetic_001691/posterior_std.pt
         232019 100%   14.45MB/s   00:00:00 (xfer#1146, to-check=1337/1752)
synthetic_001691/posterior_variance.pt
         232054 100%    1.93MB/s   00:00:00 (xfer#1147, to-check=1338/1752)
synthetic_001692/
synthetic_001692/composite_mean.pt
         232026 100%    2.73MB/s   00:00:00 (xfer#1148, to-check=1340/1752)
synthetic_001692/metadata.json
           1797 100%    5.47MB/s   00:00:00 (xfer#1149, to-check=1341/1752)
synthetic_001692/posterior_mean.pt
         232026 100%    1.63MB/s   00:00:00 (xfer#1150, to-check=1342/1752)
synthetic_001692/posterior_samples.pt
        1409024   6%    2.56MB/s   00:00:08        2850816  12%    2.39MB/s   00:00:08        4423680  18%    2.84MB/s   00:00:06        6258688  25%    3.50MB/s   00:00:05        8093696  33%    3.29MB/s   00:00:04       10190848  41%    3.89MB/s   00:00:03       12681216  51%    4.61MB/s   00:00:02       14909440  60%    4.04MB/s   00:00:02       17530880  71%    4.88MB/s   00:00:01       20545536  83%    5.72MB/s   00:00:00       23691264  96%    5.94MB/s   00:00:00       24657317 100%    3.96MB/s   00:00:05 (xfer#1151, to-check=1343/1752)
synthetic_001692/posterior_std.pt
         232019 100%   34.17MB/s   00:00:00 (xfer#1152, to-check=1344/1752)
synthetic_001692/posterior_variance.pt
         232054 100%    4.07MB/s   00:00:00 (xfer#1153, to-check=1345/1752)
synthetic_001693/
synthetic_001693/composite_mean.pt
         232026 100%   23.19MB/s   00:00:00 (xfer#1154, to-check=1347/1752)
synthetic_001693/metadata.json
           1799 100%   16.81MB/s   00:00:00 (xfer#1155, to-check=1348/1752)
synthetic_001693/posterior_mean.pt
         232026 100%    6.61MB/s   00:00:00 (xfer#1156, to-check=1349/1752)
synthetic_001693/posterior_samples.pt
        3047424  12%    5.79MB/s   00:00:03        6160384  25%    5.89MB/s   00:00:02        9961472  40%    7.09MB/s   00:00:01       14024704  57%    7.51MB/s   00:00:01       18219008  74%    7.96MB/s   00:00:00       22282240  90%    7.70MB/s   00:00:00       24657317 100%    6.97MB/s   00:00:03 (xfer#1157, to-check=1350/1752)
synthetic_001693/posterior_std.pt
         232019 100%  271.76MB/s   00:00:00 (xfer#1158, to-check=1351/1752)
synthetic_001693/posterior_variance.pt
         232054 100%   17.09MB/s   00:00:00 (xfer#1159, to-check=1352/1752)
synthetic_001694/
synthetic_001694/composite_mean.pt
         232026 100%   27.61MB/s   00:00:00 (xfer#1160, to-check=1354/1752)
synthetic_001694/metadata.json
           1799 100%   22.28MB/s   00:00:00 (xfer#1161, to-check=1355/1752)
synthetic_001694/posterior_mean.pt
         232026 100%    4.21MB/s   00:00:00 (xfer#1162, to-check=1356/1752)
synthetic_001694/posterior_samples.pt
        4456448  18%    8.39MB/s   00:00:02        9043968  37%    8.61MB/s   00:00:01       13664256  55%    8.81MB/s   00:00:01       17924096  73%    8.12MB/s   00:00:00       23166976  94%    9.99MB/s   00:00:00       24657317 100%    8.68MB/s   00:00:02 (xfer#1163, to-check=1357/1752)
synthetic_001694/posterior_std.pt
         232019 100%  255.81MB/s   00:00:00 (xfer#1164, to-check=1358/1752)
synthetic_001694/posterior_variance.pt
         232054 100%  421.76KB/s   00:00:00         232054 100%  421.46KB/s   00:00:00 (xfer#1165, to-check=1359/1752)
synthetic_001695/
synthetic_001695/composite_mean.pt
         232026 100%  220.40MB/s   00:00:00 (xfer#1166, to-check=1361/1752)
synthetic_001695/metadata.json
           1798 100%   23.81MB/s   00:00:00 (xfer#1167, to-check=1362/1752)
synthetic_001695/posterior_mean.pt
         232026 100%  261.59MB/s   00:00:00 (xfer#1168, to-check=1363/1752)
synthetic_001695/posterior_samples.pt
        1409024   6%    1.90MB/s   00:00:11        3047424  12%    3.07MB/s   00:00:06        8028160  33%    9.38MB/s   00:00:01        9076736  37%    1.74MB/s   00:00:08       12091392  49%    5.67MB/s   00:00:02       13271040  54%    1.21MB/s   00:00:08       13926400  56%    1.06MB/s   00:00:09       14450688  59% 1022.68KB/s   00:00:09       14712832  60%  172.26KB/s   00:00:56       17465344  71%    3.20MB/s   00:00:02       17989632  73%  738.53KB/s   00:00:08       18120704  73%  109.19KB/s   00:00:58       18251776  74%   51.10KB/s   00:02:02       21037056  85%    5.22MB/s   00:00:00       24657317 100%    1.88MB/s   00:00:12 (xfer#1169, to-check=1364/1752)
synthetic_001695/posterior_std.pt
         232019 100%  301.03MB/s   00:00:00 (xfer#1170, to-check=1365/1752)
synthetic_001695/posterior_variance.pt
         232054 100%   11.55MB/s   00:00:00 (xfer#1171, to-check=1366/1752)
synthetic_001696/
synthetic_001696/composite_mean.pt
         232026 100%   24.70MB/s   00:00:00 (xfer#1172, to-check=1368/1752)
synthetic_001696/metadata.json
           1798 100%   30.60MB/s   00:00:00 (xfer#1173, to-check=1369/1752)
synthetic_001696/posterior_mean.pt
         232026 100%    5.75MB/s   00:00:00 (xfer#1174, to-check=1370/1752)
synthetic_001696/posterior_samples.pt
        4751360  19%    8.95MB/s   00:00:02       10125312  41%   10.03MB/s   00:00:01       15761408  64%   10.69MB/s   00:00:00       21266432  86%   10.11MB/s   00:00:00       24657317 100%   10.01MB/s   00:00:02 (xfer#1175, to-check=1371/1752)
synthetic_001696/posterior_std.pt
         232019 100%   57.89MB/s   00:00:00 (xfer#1176, to-check=1372/1752)
synthetic_001696/posterior_variance.pt
         232054 100%  262.80MB/s   00:00:00 (xfer#1177, to-check=1373/1752)
synthetic_001697/
synthetic_001697/composite_mean.pt
         232026 100%    9.78MB/s   00:00:00 (xfer#1178, to-check=1375/1752)
synthetic_001697/metadata.json
           1799 100%   25.25MB/s   00:00:00 (xfer#1179, to-check=1376/1752)
synthetic_001697/posterior_mean.pt
         232026 100%   10.88MB/s   00:00:00 (xfer#1180, to-check=1377/1752)
synthetic_001697/posterior_samples.pt
        4489216  18%    8.36MB/s   00:00:02        8683520  35%    7.51MB/s   00:00:02       11108352  45%    4.52MB/s   00:00:02       13598720  55%    4.73MB/s   00:00:02       16023552  65%    4.52MB/s   00:00:01       18120704  73%    3.81MB/s   00:00:01       20480000  83%    4.17MB/s   00:00:00       22839296  93%    4.34MB/s   00:00:00       24657317 100%    5.13MB/s   00:00:04 (xfer#1181, to-check=1378/1752)
synthetic_001697/posterior_std.pt
         232019 100%    9.29MB/s   00:00:00 (xfer#1182, to-check=1379/1752)
synthetic_001697/posterior_variance.pt
         232054 100%    5.47MB/s   00:00:00 (xfer#1183, to-check=1380/1752)
synthetic_001698/
synthetic_001698/composite_mean.pt
         232026 100%    5.20MB/s   00:00:00 (xfer#1184, to-check=1382/1752)
synthetic_001698/metadata.json
           1798 100%   16.96MB/s   00:00:00 (xfer#1185, to-check=1383/1752)
synthetic_001698/posterior_mean.pt
         232026 100%    4.54MB/s   00:00:00 (xfer#1186, to-check=1384/1752)
synthetic_001698/posterior_samples.pt
        2326528   9%    4.06MB/s   00:00:05        5210112  21%    5.44MB/s   00:00:03        8093696  33%    5.49MB/s   00:00:02       11108352  45%    5.57MB/s   00:00:02       14254080  58%    5.98MB/s   00:00:01       17530880  71%    6.19MB/s   00:00:01       20807680  84%    5.80MB/s   00:00:00       24477696  99%    6.91MB/s   00:00:00       24657317 100%    5.64MB/s   00:00:04 (xfer#1187, to-check=1385/1752)
synthetic_001698/posterior_std.pt
         232019 100%  196.88MB/s   00:00:00 (xfer#1188, to-check=1386/1752)
synthetic_001698/posterior_variance.pt
         232054 100%    5.68MB/s   00:00:00 (xfer#1189, to-check=1387/1752)
synthetic_001699/
synthetic_001699/composite_mean.pt
         232026 100%    5.00MB/s   00:00:00 (xfer#1190, to-check=1389/1752)
synthetic_001699/metadata.json
           1798 100%   18.07MB/s   00:00:00 (xfer#1191, to-check=1390/1752)
synthetic_001699/posterior_mean.pt
         232026 100%  356.28MB/s   00:00:00 (xfer#1192, to-check=1391/1752)
synthetic_001699/posterior_samples.pt
        3670016  15%    6.98MB/s   00:00:02        7864320  32%    7.91MB/s   00:00:02       12058624  49%    7.93MB/s   00:00:01       15204352  62%    5.97MB/s   00:00:01       19660800  80%    8.43MB/s   00:00:00       24248320  98%    8.68MB/s   00:00:00       24657317 100%    7.60MB/s   00:00:03 (xfer#1193, to-check=1392/1752)
synthetic_001699/posterior_std.pt
         232019 100%  266.61MB/s   00:00:00 (xfer#1194, to-check=1393/1752)
synthetic_001699/posterior_variance.pt
         232054 100%    8.35MB/s   00:00:00 (xfer#1195, to-check=1394/1752)
synthetic_001700/
synthetic_001700/composite_mean.pt
         232026 100%   11.74MB/s   00:00:00 (xfer#1196, to-check=1396/1752)
synthetic_001700/metadata.json
           1798 100%   23.43MB/s   00:00:00 (xfer#1197, to-check=1397/1752)
synthetic_001700/posterior_mean.pt
         232026 100%   10.29MB/s   00:00:00 (xfer#1198, to-check=1398/1752)
synthetic_001700/posterior_samples.pt
        5013504  20%    9.54MB/s   00:00:01       10125312  41%    9.61MB/s   00:00:01       14843904  60%    8.85MB/s   00:00:01       19234816  78%    8.37MB/s   00:00:00       23560192  96%    8.09MB/s   00:00:00       24657317 100%    8.73MB/s   00:00:02 (xfer#1199, to-check=1399/1752)
synthetic_001700/posterior_std.pt
         232019 100%   24.91MB/s   00:00:00 (xfer#1200, to-check=1400/1752)
synthetic_001700/posterior_variance.pt
         232054 100%    5.75MB/s   00:00:00 (xfer#1201, to-check=1401/1752)
synthetic_001701/
synthetic_001701/composite_mean.pt
         232026 100%   13.93MB/s   00:00:00 (xfer#1202, to-check=1403/1752)
synthetic_001701/metadata.json
           1797 100%   19.91MB/s   00:00:00 (xfer#1203, to-check=1404/1752)
synthetic_001701/posterior_mean.pt
         232026 100%    7.57MB/s   00:00:00 (xfer#1204, to-check=1405/1752)
synthetic_001701/posterior_samples.pt
        4685824  19%    8.69MB/s   00:00:02        9797632  40%    9.60MB/s   00:00:01       14254080  58%    8.40MB/s   00:00:01       19496960  79%    9.81MB/s   00:00:00       23658496  96%    7.50MB/s   00:00:00       24657317 100%    8.53MB/s   00:00:02 (xfer#1205, to-check=1406/1752)
synthetic_001701/posterior_std.pt
         232019 100%  212.52MB/s   00:00:00 (xfer#1206, to-check=1407/1752)
synthetic_001701/posterior_variance.pt
         232054 100%   45.69MB/s   00:00:00 (xfer#1207, to-check=1408/1752)
synthetic_001702/
synthetic_001702/composite_mean.pt
         232026 100%    5.30MB/s   00:00:00 (xfer#1208, to-check=1410/1752)
synthetic_001702/metadata.json
           1798 100%   18.63MB/s   00:00:00 (xfer#1209, to-check=1411/1752)
synthetic_001702/posterior_mean.pt
         232026 100%    6.13MB/s   00:00:00 (xfer#1210, to-check=1412/1752)
synthetic_001702/posterior_samples.pt
        4128768  17%    7.76MB/s   00:00:02        8454144  34%    7.63MB/s   00:00:02       12910592  52%    8.35MB/s   00:00:01       17367040  70%    8.17MB/s   00:00:00       21954560  89%    8.55MB/s   00:00:00       24657317 100%    7.88MB/s   00:00:02 (xfer#1211, to-check=1413/1752)
synthetic_001702/posterior_std.pt
         232019 100%  242.13MB/s   00:00:00 (xfer#1212, to-check=1414/1752)
synthetic_001702/posterior_variance.pt
         232054 100%  317.45MB/s   00:00:00 (xfer#1213, to-check=1415/1752)
synthetic_001703/
synthetic_001703/composite_mean.pt
         232026 100%   12.21MB/s   00:00:00 (xfer#1214, to-check=1417/1752)
synthetic_001703/metadata.json
           1799 100%   23.21MB/s   00:00:00 (xfer#1215, to-check=1418/1752)
synthetic_001703/posterior_mean.pt
         232026 100%    7.42MB/s   00:00:00 (xfer#1216, to-check=1419/1752)
synthetic_001703/posterior_samples.pt
        4292608  17%    7.86MB/s   00:00:02        8650752  35%    8.31MB/s   00:00:01       13205504  54%    8.61MB/s   00:00:01       16875520  68%    6.55MB/s   00:00:01       20545536  83%    6.86MB/s   00:00:00       24657317 100%    7.62MB/s   00:00:03 (xfer#1217, to-check=1420/1752)
synthetic_001703/posterior_std.pt
         232019 100%   17.28MB/s   00:00:00 (xfer#1218, to-check=1421/1752)
synthetic_001703/posterior_variance.pt
         232054 100%    4.63MB/s   00:00:00 (xfer#1219, to-check=1422/1752)
synthetic_001704/
synthetic_001704/composite_mean.pt
         232026 100%    5.58MB/s   00:00:00 (xfer#1220, to-check=1424/1752)
synthetic_001704/metadata.json
           1797 100%   16.64MB/s   00:00:00 (xfer#1221, to-check=1425/1752)
synthetic_001704/posterior_mean.pt
         232026 100%   93.37MB/s   00:00:00 (xfer#1222, to-check=1426/1752)
synthetic_001704/posterior_samples.pt
        4456448  18%    8.39MB/s   00:00:02        9175040  37%    8.69MB/s   00:00:01       13893632  56%    9.00MB/s   00:00:01       18481152  75%    8.55MB/s   00:00:00       23068672  94%    8.23MB/s   00:00:00       24657317 100%    8.47MB/s   00:00:02 (xfer#1223, to-check=1427/1752)
synthetic_001704/posterior_std.pt
         232019 100%  240.00MB/s   00:00:00 (xfer#1224, to-check=1428/1752)
synthetic_001704/posterior_variance.pt
         232054 100%   25.18MB/s   00:00:00 (xfer#1225, to-check=1429/1752)
synthetic_001705/
synthetic_001705/composite_mean.pt
         232026 100%    8.94MB/s   00:00:00 (xfer#1226, to-check=1431/1752)
synthetic_001705/metadata.json
           1798 100%   23.81MB/s   00:00:00 (xfer#1227, to-check=1432/1752)
synthetic_001705/posterior_mean.pt
         232026 100%   18.00MB/s   00:00:00 (xfer#1228, to-check=1433/1752)
synthetic_001705/posterior_samples.pt
        4685824  19%    8.82MB/s   00:00:02        9404416  38%    8.56MB/s   00:00:01       13860864  56%    8.25MB/s   00:00:01       18579456  75%    8.90MB/s   00:00:00       20905984  85%    4.31MB/s   00:00:00       24444928  99%    6.62MB/s   00:00:00       24657317 100%    7.44MB/s   00:00:03 (xfer#1229, to-check=1434/1752)
synthetic_001705/posterior_std.pt
         232019 100%  254.97MB/s   00:00:00 (xfer#1230, to-check=1435/1752)
synthetic_001705/posterior_variance.pt
         232054 100%   17.61MB/s   00:00:00 (xfer#1231, to-check=1436/1752)
synthetic_001706/
synthetic_001706/composite_mean.pt
         232026 100%    6.21MB/s   00:00:00 (xfer#1232, to-check=1438/1752)
synthetic_001706/metadata.json
           1800 100%   17.52MB/s   00:00:00 (xfer#1233, to-check=1439/1752)
synthetic_001706/posterior_mean.pt
         232026 100%   12.66MB/s   00:00:00 (xfer#1234, to-check=1440/1752)
synthetic_001706/posterior_samples.pt
        3473408  14%    6.48MB/s   00:00:03        7274496  30%    7.25MB/s   00:00:02       11730944  48%    8.35MB/s   00:00:01       16318464  66%    8.65MB/s   00:00:00       20905984  85%    8.48MB/s   00:00:00       24657317 100%    7.86MB/s   00:00:02 (xfer#1235, to-check=1441/1752)
synthetic_001706/posterior_std.pt
         232019 100%  242.63MB/s   00:00:00 (xfer#1236, to-check=1442/1752)
synthetic_001706/posterior_variance.pt
         232054 100%  295.05MB/s   00:00:00 (xfer#1237, to-check=1443/1752)
synthetic_001707/
synthetic_001707/composite_mean.pt
         232026 100%    7.32MB/s   00:00:00 (xfer#1238, to-check=1445/1752)
synthetic_001707/metadata.json
           1798 100%   21.66MB/s   00:00:00 (xfer#1239, to-check=1446/1752)
synthetic_001707/posterior_mean.pt
         232026 100%   10.17MB/s   00:00:00 (xfer#1240, to-check=1447/1752)
synthetic_001707/posterior_samples.pt
        5046272  20%    9.29MB/s   00:00:02        9895936  40%    9.23MB/s   00:00:01       14614528  59%    8.83MB/s   00:00:01       19464192  79%    8.97MB/s   00:00:00       24444928  99%    9.49MB/s   00:00:00       24657317 100%    8.98MB/s   00:00:02 (xfer#1241, to-check=1448/1752)
synthetic_001707/posterior_std.pt
         232019 100%  245.07MB/s   00:00:00 (xfer#1242, to-check=1449/1752)
synthetic_001707/posterior_variance.pt
         232054 100%   16.24MB/s   00:00:00 (xfer#1243, to-check=1450/1752)
synthetic_001708/
synthetic_001708/composite_mean.pt
         232026 100%    5.57MB/s   00:00:00 (xfer#1244, to-check=1452/1752)
synthetic_001708/metadata.json
           1798 100%   20.15MB/s   00:00:00 (xfer#1245, to-check=1453/1752)
synthetic_001708/posterior_mean.pt
         232026 100%   28.06MB/s   00:00:00 (xfer#1246, to-check=1454/1752)
synthetic_001708/posterior_samples.pt
        4653056  19%    8.71MB/s   00:00:02        9404416  38%    9.06MB/s   00:00:01       13172736  53%    7.01MB/s   00:00:01       16973824  69%    6.83MB/s   00:00:01       21430272  87%    8.18MB/s   00:00:00       24657317 100%    7.84MB/s   00:00:03 (xfer#1247, to-check=1455/1752)
synthetic_001708/posterior_std.pt
         232019 100%  246.70MB/s   00:00:00 (xfer#1248, to-check=1456/1752)
synthetic_001708/posterior_variance.pt
         232054 100%   13.87MB/s   00:00:00 (xfer#1249, to-check=1457/1752)
synthetic_001709/
synthetic_001709/composite_mean.pt
         232026 100%    3.10MB/s   00:00:00 (xfer#1250, to-check=1459/1752)
synthetic_001709/metadata.json
           1798 100%   16.96MB/s   00:00:00 (xfer#1251, to-check=1460/1752)
synthetic_001709/posterior_mean.pt
         232026 100%  160.60MB/s   00:00:00 (xfer#1252, to-check=1461/1752)
synthetic_001709/posterior_samples.pt
        4227072  17%    7.74MB/s   00:00:02        8421376  34%    7.87MB/s   00:00:01       13533184  55%    9.75MB/s   00:00:01       18251776  74%    8.87MB/s   00:00:00       23363584  95%    9.73MB/s   00:00:00       24657317 100%    8.75MB/s   00:00:02 (xfer#1253, to-check=1462/1752)
synthetic_001709/posterior_std.pt
         232019 100%  267.23MB/s   00:00:00 (xfer#1254, to-check=1463/1752)
synthetic_001709/posterior_variance.pt
         232054 100%  313.48MB/s   00:00:00 (xfer#1255, to-check=1464/1752)
synthetic_001710/
synthetic_001710/composite_mean.pt
         232026 100%    9.28MB/s   00:00:00 (xfer#1256, to-check=1466/1752)
synthetic_001710/metadata.json
           1799 100%   23.52MB/s   00:00:00 (xfer#1257, to-check=1467/1752)
synthetic_001710/posterior_mean.pt
         232026 100%    5.27MB/s   00:00:00 (xfer#1258, to-check=1468/1752)
synthetic_001710/posterior_samples.pt
        5275648  21%    9.89MB/s   00:00:01       10518528  43%    9.97MB/s   00:00:01       15499264  63%    9.10MB/s   00:00:00       20217856  82%    8.98MB/s   00:00:00       24657317 100%    9.45MB/s   00:00:02 (xfer#1259, to-check=1469/1752)
synthetic_001710/posterior_std.pt
         232019 100%  358.61MB/s   00:00:00 (xfer#1260, to-check=1470/1752)
synthetic_001710/posterior_variance.pt
         232054 100%   14.23MB/s   00:00:00 (xfer#1261, to-check=1471/1752)
synthetic_001711/
synthetic_001711/composite_mean.pt
         232026 100%    9.43MB/s   00:00:00 (xfer#1262, to-check=1473/1752)
synthetic_001711/metadata.json
           1798 100%   25.96MB/s   00:00:00 (xfer#1263, to-check=1474/1752)
synthetic_001711/posterior_mean.pt
         232026 100%    6.51MB/s   00:00:00 (xfer#1264, to-check=1475/1752)
synthetic_001711/posterior_samples.pt
        4063232  16%    7.69MB/s   00:00:02        9306112  38%    9.66MB/s   00:00:01       14417920  58%    9.27MB/s   00:00:01       19267584  78%    9.23MB/s   00:00:00       24657317 100%    9.20MB/s   00:00:02 (xfer#1265, to-check=1476/1752)
synthetic_001711/posterior_std.pt
         232019 100%  260.33MB/s   00:00:00 (xfer#1266, to-check=1477/1752)
synthetic_001711/posterior_variance.pt
         232054 100%  332.34MB/s   00:00:00 (xfer#1267, to-check=1478/1752)
synthetic_001712/
synthetic_001712/composite_mean.pt
         232026 100%   18.06MB/s   00:00:00 (xfer#1268, to-check=1480/1752)
synthetic_001712/metadata.json
           1800 100%   24.91MB/s   00:00:00 (xfer#1269, to-check=1481/1752)
synthetic_001712/posterior_mean.pt
         232026 100%    6.12MB/s   00:00:00 (xfer#1270, to-check=1482/1752)
synthetic_001712/posterior_samples.pt
        3735552  15%    6.87MB/s   00:00:02        7667712  31%    7.43MB/s   00:00:02       12779520  52%    9.48MB/s   00:00:01       18153472  74%    9.89MB/s   00:00:00       23134208  94%    9.49MB/s   00:00:00       24657317 100%    8.52MB/s   00:00:02 (xfer#1271, to-check=1483/1752)
synthetic_001712/posterior_std.pt
         232019 100%  248.61MB/s   00:00:00 (xfer#1272, to-check=1484/1752)
synthetic_001712/posterior_variance.pt
         232054 100%   43.16MB/s   00:00:00 (xfer#1273, to-check=1485/1752)
synthetic_001713/
synthetic_001713/composite_mean.pt
         232026 100%   18.59MB/s   00:00:00 (xfer#1274, to-check=1487/1752)
synthetic_001713/metadata.json
           1800 100%   18.46MB/s   00:00:00 (xfer#1275, to-check=1488/1752)
synthetic_001713/posterior_mean.pt
         232026 100%    4.31MB/s   00:00:00 (xfer#1276, to-check=1489/1752)
synthetic_001713/posterior_samples.pt
        4751360  19%    8.96MB/s   00:00:02        9863168  40%    9.34MB/s   00:00:01       14974976  61%    9.61MB/s   00:00:00       19824640  80%    9.11MB/s   00:00:00       24657317 100%    9.25MB/s   00:00:02 (xfer#1277, to-check=1490/1752)
synthetic_001713/posterior_std.pt
         232019 100%  263.43MB/s   00:00:00 (xfer#1278, to-check=1491/1752)
synthetic_001713/posterior_variance.pt
         232054 100%  330.80MB/s   00:00:00 (xfer#1279, to-check=1492/1752)
synthetic_001714/
synthetic_001714/composite_mean.pt
         232026 100%   32.61MB/s   00:00:00 (xfer#1280, to-check=1494/1752)
synthetic_001714/metadata.json
           1799 100%   19.29MB/s   00:00:00 (xfer#1281, to-check=1495/1752)
synthetic_001714/posterior_mean.pt
         232026 100%    3.24MB/s   00:00:00 (xfer#1282, to-check=1496/1752)
synthetic_001714/posterior_samples.pt
        4554752  18%    8.22MB/s   00:00:02        9142272  37%    8.54MB/s   00:00:01       13729792  56%    8.58MB/s   00:00:01       18317312  74%    8.55MB/s   00:00:00       22904832  93%    8.74MB/s   00:00:00       24657317 100%    8.43MB/s   00:00:02 (xfer#1283, to-check=1497/1752)
synthetic_001714/posterior_std.pt
         232019 100%  259.75MB/s   00:00:00 (xfer#1284, to-check=1498/1752)
synthetic_001714/posterior_variance.pt
         232054 100%  253.20MB/s   00:00:00 (xfer#1285, to-check=1499/1752)
synthetic_001715/
synthetic_001715/composite_mean.pt
         232026 100%   12.40MB/s   00:00:00 (xfer#1286, to-check=1501/1752)
synthetic_001715/metadata.json
           1798 100%  173.40KB/s   00:00:00 (xfer#1287, to-check=1502/1752)
synthetic_001715/posterior_mean.pt
         232026 100%    9.78MB/s   00:00:00 (xfer#1288, to-check=1503/1752)
synthetic_001715/posterior_samples.pt
        4816896  20%    8.99MB/s   00:00:02        9928704  40%    9.34MB/s   00:00:01       14647296  59%    8.87MB/s   00:00:01       19496960  79%    9.11MB/s   00:00:00       24608768 100%    9.48MB/s   00:00:00       24657317 100%    9.04MB/s   00:00:02 (xfer#1289, to-check=1504/1752)
synthetic_001715/posterior_std.pt
         232019 100%  241.56MB/s   00:00:00 (xfer#1290, to-check=1505/1752)
synthetic_001715/posterior_variance.pt
         232054 100%   88.45MB/s   00:00:00 (xfer#1291, to-check=1506/1752)
synthetic_001716/
synthetic_001716/composite_mean.pt
         232026 100%   10.02MB/s   00:00:00 (xfer#1292, to-check=1508/1752)
synthetic_001716/metadata.json
           1798 100%   23.50MB/s   00:00:00 (xfer#1293, to-check=1509/1752)
synthetic_001716/posterior_mean.pt
         232026 100%   16.78MB/s   00:00:00 (xfer#1294, to-check=1510/1752)
synthetic_001716/posterior_samples.pt
        5144576  21%    9.45MB/s   00:00:01       10780672  44%   10.57MB/s   00:00:01       16547840  67%   10.25MB/s   00:00:00       22216704  90%   10.81MB/s   00:00:00       24657317 100%   10.23MB/s   00:00:02 (xfer#1295, to-check=1511/1752)
synthetic_001716/posterior_std.pt
         232019 100%  256.09MB/s   00:00:00 (xfer#1296, to-check=1512/1752)
synthetic_001716/posterior_variance.pt
         232054 100%  320.30MB/s   00:00:00 (xfer#1297, to-check=1513/1752)
synthetic_001717/
synthetic_001717/composite_mean.pt
         232026 100%   12.51MB/s   00:00:00 (xfer#1298, to-check=1515/1752)
synthetic_001717/metadata.json
           1799 100%   23.52MB/s   00:00:00 (xfer#1299, to-check=1516/1752)
synthetic_001717/posterior_mean.pt
         232026 100%   23.77MB/s   00:00:00 (xfer#1300, to-check=1517/1752)
synthetic_001717/posterior_samples.pt
        5636096  23%   10.61MB/s   00:00:01       12058624  49%   11.88MB/s   00:00:01       18219008  74%   11.48MB/s   00:00:00       24379392  99%   11.70MB/s   00:00:00       24657317 100%   11.28MB/s   00:00:02 (xfer#1301, to-check=1518/1752)
synthetic_001717/posterior_std.pt
         232019 100%  242.32MB/s   00:00:00 (xfer#1302, to-check=1519/1752)
synthetic_001717/posterior_variance.pt
         232054 100%  299.42MB/s   00:00:00 (xfer#1303, to-check=1520/1752)
synthetic_001718/
synthetic_001718/composite_mean.pt
         232026 100%   39.55MB/s   00:00:00 (xfer#1304, to-check=1522/1752)
synthetic_001718/metadata.json
           1798 100%   19.49MB/s   00:00:00 (xfer#1305, to-check=1523/1752)
synthetic_001718/posterior_mean.pt
         232026 100%    7.78MB/s   00:00:00 (xfer#1306, to-check=1524/1752)
synthetic_001718/posterior_samples.pt
        6291456  26%   11.37MB/s   00:00:01       13369344  54%   13.09MB/s   00:00:00       20447232  83%   13.20MB/s   00:00:00       24657317 100%   12.34MB/s   00:00:01 (xfer#1307, to-check=1525/1752)
synthetic_001718/posterior_std.pt
         232019 100%  259.09MB/s   00:00:00 (xfer#1308, to-check=1526/1752)
synthetic_001718/posterior_variance.pt
         232054 100%  272.20MB/s   00:00:00 (xfer#1309, to-check=1527/1752)
synthetic_001719/
synthetic_001719/composite_mean.pt
         232026 100%   19.55MB/s   00:00:00 (xfer#1310, to-check=1529/1752)
synthetic_001719/metadata.json
           1799 100%   25.52MB/s   00:00:00 (xfer#1311, to-check=1530/1752)
synthetic_001719/posterior_mean.pt
         232026 100%    6.76MB/s   00:00:00 (xfer#1312, to-check=1531/1752)
synthetic_001719/posterior_samples.pt
        6684672  27%   12.69MB/s   00:00:01       13336576  54%   12.48MB/s   00:00:00       19103744  77%   10.77MB/s   00:00:00       24657317 100%   11.76MB/s   00:00:01 (xfer#1313, to-check=1532/1752)
synthetic_001719/posterior_std.pt
         232019 100%  239.19MB/s   00:00:00 (xfer#1314, to-check=1533/1752)
synthetic_001719/posterior_variance.pt
         232054 100%  320.74MB/s   00:00:00 (xfer#1315, to-check=1534/1752)
synthetic_001720/
synthetic_001720/composite_mean.pt
         232026 100%  283.30MB/s   00:00:00 (xfer#1316, to-check=1536/1752)
synthetic_001720/metadata.json
           1798 100%   31.13MB/s   00:00:00 (xfer#1317, to-check=1537/1752)
synthetic_001720/posterior_mean.pt
         232026 100%    7.91MB/s   00:00:00 (xfer#1318, to-check=1538/1752)
synthetic_001720/posterior_samples.pt
        7176192  29%   13.63MB/s   00:00:01       12943360  52%   10.66MB/s   00:00:01       18087936  73%    9.47MB/s   00:00:00       23298048  94%    9.92MB/s   00:00:00       24657317 100%   10.59MB/s   00:00:02 (xfer#1319, to-check=1539/1752)
synthetic_001720/posterior_std.pt
         232019 100%  247.22MB/s   00:00:00 (xfer#1320, to-check=1540/1752)
synthetic_001720/posterior_variance.pt
         232054 100%   73.64MB/s   00:00:00 (xfer#1321, to-check=1541/1752)
synthetic_001721/
synthetic_001721/composite_mean.pt
         232026 100%   34.89MB/s   00:00:00 (xfer#1322, to-check=1543/1752)
synthetic_001721/metadata.json
           1798 100%   25.24MB/s   00:00:00 (xfer#1323, to-check=1544/1752)
synthetic_001721/posterior_mean.pt
         232026 100%    7.85MB/s   00:00:00 (xfer#1324, to-check=1545/1752)
synthetic_001721/posterior_samples.pt
        5931008  24%   11.31MB/s   00:00:01       11632640  47%   10.83MB/s   00:00:01       16875520  68%    9.65MB/s   00:00:00       22249472  90%    9.70MB/s   00:00:00       24657317 100%   10.32MB/s   00:00:02 (xfer#1325, to-check=1546/1752)
synthetic_001721/posterior_std.pt
         232019 100%  254.62MB/s   00:00:00 (xfer#1326, to-check=1547/1752)
synthetic_001721/posterior_variance.pt
         232054 100%  288.53MB/s   00:00:00 (xfer#1327, to-check=1548/1752)
synthetic_001722/
synthetic_001722/composite_mean.pt
         232026 100%    8.25MB/s   00:00:00 (xfer#1328, to-check=1550/1752)
synthetic_001722/metadata.json
           1798 100%   19.08MB/s   00:00:00 (xfer#1329, to-check=1551/1752)
synthetic_001722/posterior_mean.pt
         232026 100%   17.93MB/s   00:00:00 (xfer#1330, to-check=1552/1752)
synthetic_001722/posterior_samples.pt
        5898240  24%   11.05MB/s   00:00:01        9404416  38%    6.62MB/s   00:00:02       13467648  55%    7.45MB/s   00:00:01       17006592  69%    6.74MB/s   00:00:01       21331968  87%    8.15MB/s   00:00:00       24657317 100%    8.04MB/s   00:00:02 (xfer#1331, to-check=1553/1752)
synthetic_001722/posterior_std.pt
         232019 100%  393.75MB/s   00:00:00 (xfer#1332, to-check=1554/1752)
synthetic_001722/posterior_variance.pt
         232054 100%   12.94MB/s   00:00:00 (xfer#1333, to-check=1555/1752)
synthetic_001723/
synthetic_001723/composite_mean.pt
         232026 100%    4.02MB/s   00:00:00 (xfer#1334, to-check=1557/1752)
synthetic_001723/metadata.json
           1799 100%    9.32MB/s   00:00:00 (xfer#1335, to-check=1558/1752)
synthetic_001723/posterior_mean.pt
         232026 100%   63.31MB/s   00:00:00 (xfer#1336, to-check=1559/1752)
synthetic_001723/posterior_samples.pt
        3211264  13%    6.11MB/s   00:00:03        6225920  25%    5.59MB/s   00:00:03        9895936  40%    6.87MB/s   00:00:02       13959168  57%    7.74MB/s   00:00:01       18022400  73%    7.70MB/s   00:00:00       21430272  87%    6.13MB/s   00:00:00       24657317 100%    6.78MB/s   00:00:03 (xfer#1337, to-check=1560/1752)
synthetic_001723/posterior_std.pt
         232019 100%  263.43MB/s   00:00:00 (xfer#1338, to-check=1561/1752)
synthetic_001723/posterior_variance.pt
         232054 100%   37.73MB/s   00:00:00 (xfer#1339, to-check=1562/1752)
synthetic_001724/
synthetic_001724/composite_mean.pt
         232026 100%    3.04MB/s   00:00:00 (xfer#1340, to-check=1564/1752)
synthetic_001724/metadata.json
           1800 100%   15.89MB/s   00:00:00 (xfer#1341, to-check=1565/1752)
synthetic_001724/posterior_mean.pt
         232026 100%   21.91MB/s   00:00:00 (xfer#1342, to-check=1566/1752)
synthetic_001724/posterior_samples.pt
        3506176  14%    6.49MB/s   00:00:03        8093696  33%    8.24MB/s   00:00:01       12550144  51%    8.48MB/s   00:00:01       16744448  68%    7.79MB/s   00:00:00       21200896  86%    8.40MB/s   00:00:00       24657317 100%    7.85MB/s   00:00:02 (xfer#1343, to-check=1567/1752)
synthetic_001724/posterior_std.pt
         232019 100%  216.28MB/s   00:00:00 (xfer#1344, to-check=1568/1752)
synthetic_001724/posterior_variance.pt
         232054 100%   11.59MB/s   00:00:00 (xfer#1345, to-check=1569/1752)
synthetic_001725/
synthetic_001725/composite_mean.pt
         232026 100%   10.40MB/s   00:00:00 (xfer#1346, to-check=1571/1752)
synthetic_001725/metadata.json
           1798 100%   22.90MB/s   00:00:00 (xfer#1347, to-check=1572/1752)
synthetic_001725/posterior_mean.pt
         232026 100%   11.43MB/s   00:00:00 (xfer#1348, to-check=1573/1752)
synthetic_001725/posterior_samples.pt
        5242880  21%    9.95MB/s   00:00:01       10092544  41%    9.11MB/s   00:00:01       15466496  63%   10.10MB/s   00:00:00       19464192  79%    7.61MB/s   00:00:00       23396352  95%    7.37MB/s   00:00:00       24657317 100%    8.66MB/s   00:00:02 (xfer#1349, to-check=1574/1752)
synthetic_001725/posterior_std.pt
         232019 100%  266.92MB/s   00:00:00 (xfer#1350, to-check=1575/1752)
synthetic_001725/posterior_variance.pt
         232054 100%  204.72MB/s   00:00:00 (xfer#1351, to-check=1576/1752)
synthetic_001726/
synthetic_001726/composite_mean.pt
         232026 100%   10.84MB/s   00:00:00 (xfer#1352, to-check=1578/1752)
synthetic_001726/metadata.json
           1798 100%   22.27MB/s   00:00:00 (xfer#1353, to-check=1579/1752)
synthetic_001726/posterior_mean.pt
         232026 100%    5.86MB/s   00:00:00 (xfer#1354, to-check=1580/1752)
synthetic_001726/posterior_samples.pt
        2654208  11%    4.80MB/s   00:00:04        5537792  22%    5.36MB/s   00:00:03        9207808  37%    6.78MB/s   00:00:02       12615680  51%    6.39MB/s   00:00:01       16416768  67%    6.94MB/s   00:00:01       20086784  81%    6.96MB/s   00:00:00       24018944  97%    7.12MB/s   00:00:00       24657317 100%    6.31MB/s   00:00:03 (xfer#1355, to-check=1581/1752)
synthetic_001726/posterior_std.pt
         232019 100%  390.28MB/s   00:00:00 (xfer#1356, to-check=1582/1752)
synthetic_001726/posterior_variance.pt
         232054 100%   12.20MB/s   00:00:00 (xfer#1357, to-check=1583/1752)
synthetic_001727/
synthetic_001727/composite_mean.pt
         232026 100%    5.70MB/s   00:00:00 (xfer#1358, to-check=1585/1752)
synthetic_001727/metadata.json
           1798 100%   13.70MB/s   00:00:00 (xfer#1359, to-check=1586/1752)
synthetic_001727/posterior_mean.pt
         232026 100%    7.91MB/s   00:00:00 (xfer#1360, to-check=1587/1752)
synthetic_001727/posterior_samples.pt
        3899392  16%    7.42MB/s   00:00:02        8093696  33%    7.78MB/s   00:00:02       12288000  50%    7.83MB/s   00:00:01       16482304  67%    7.51MB/s   00:00:01       20938752  85%    8.44MB/s   00:00:00       24657317 100%    7.84MB/s   00:00:03 (xfer#1361, to-check=1588/1752)
synthetic_001727/posterior_std.pt
         232019 100%  250.02MB/s   00:00:00 (xfer#1362, to-check=1589/1752)
synthetic_001727/posterior_variance.pt
         232054 100%   51.01MB/s   00:00:00 (xfer#1363, to-check=1590/1752)
synthetic_001728/
synthetic_001728/composite_mean.pt
         232026 100%    3.83MB/s   00:00:00 (xfer#1364, to-check=1592/1752)
synthetic_001728/metadata.json
           1799 100%   20.39MB/s   00:00:00 (xfer#1365, to-check=1593/1752)
synthetic_001728/posterior_mean.pt
         232026 100%  156.14MB/s   00:00:00 (xfer#1366, to-check=1594/1752)
synthetic_001728/posterior_samples.pt
        2785280  11%    5.24MB/s   00:00:03        6586368  27%    7.18MB/s   00:00:02       10780672  44%    7.70MB/s   00:00:01       14843904  60%    7.63MB/s   00:00:01       19169280  78%    7.44MB/s   00:00:00       23494656  95%    8.16MB/s   00:00:00       24657317 100%    7.22MB/s   00:00:03 (xfer#1367, to-check=1595/1752)
synthetic_001728/posterior_std.pt
         232019 100%  262.46MB/s   00:00:00 (xfer#1368, to-check=1596/1752)
synthetic_001728/posterior_variance.pt
         232054 100%  194.27MB/s   00:00:00 (xfer#1369, to-check=1597/1752)
synthetic_001729/
synthetic_001729/composite_mean.pt
         232026 100%    5.64MB/s   00:00:00 (xfer#1370, to-check=1599/1752)
synthetic_001729/metadata.json
           1799 100%   21.16MB/s   00:00:00 (xfer#1371, to-check=1600/1752)
synthetic_001729/posterior_mean.pt
         232026 100%    6.61MB/s   00:00:00 (xfer#1372, to-check=1601/1752)
synthetic_001729/posterior_samples.pt
        4521984  18%    8.61MB/s   00:00:02        9240576  37%    8.89MB/s   00:00:01       13697024  56%    8.47MB/s   00:00:01       18546688  75%    9.09MB/s   00:00:00       23068672  94%    8.58MB/s   00:00:00       24657317 100%    8.36MB/s   00:00:02 (xfer#1373, to-check=1602/1752)
synthetic_001729/posterior_std.pt
         232019 100%  242.06MB/s   00:00:00 (xfer#1374, to-check=1603/1752)
synthetic_001729/posterior_variance.pt
         232054 100%    5.97MB/s   00:00:00 (xfer#1375, to-check=1604/1752)
synthetic_001730/
synthetic_001730/composite_mean.pt
         232026 100%   70.95MB/s   00:00:00 (xfer#1376, to-check=1606/1752)
synthetic_001730/metadata.json
           1799 100%   24.90MB/s   00:00:00 (xfer#1377, to-check=1607/1752)
synthetic_001730/posterior_mean.pt
         232026 100%    5.09MB/s   00:00:00 (xfer#1378, to-check=1608/1752)
synthetic_001730/posterior_samples.pt
        3801088  15%    6.86MB/s   00:00:02        7733248  31%    7.35MB/s   00:00:02       12189696  49%    8.26MB/s   00:00:01       16384000  66%    7.77MB/s   00:00:01       20971520  85%    8.72MB/s   00:00:00       24657317 100%    7.84MB/s   00:00:02 (xfer#1379, to-check=1609/1752)
synthetic_001730/posterior_std.pt
         232019 100%  254.62MB/s   00:00:00 (xfer#1380, to-check=1610/1752)
synthetic_001730/posterior_variance.pt
         232054 100%    9.64MB/s   00:00:00 (xfer#1381, to-check=1611/1752)
synthetic_001731/
synthetic_001731/composite_mean.pt
         232026 100%   48.90MB/s   00:00:00 (xfer#1382, to-check=1613/1752)
synthetic_001731/metadata.json
           1798 100%   21.15MB/s   00:00:00 (xfer#1383, to-check=1614/1752)
synthetic_001731/posterior_mean.pt
         232026 100%    5.73MB/s   00:00:00 (xfer#1384, to-check=1615/1752)
synthetic_001731/posterior_samples.pt
        4849664  20%    8.58MB/s   00:00:02        9699328  39%    8.02MB/s   00:00:01       14286848  58%    8.73MB/s   00:00:01       18743296  76%    8.39MB/s   00:00:00       23461888  95%    8.98MB/s   00:00:00       24657317 100%    8.45MB/s   00:00:02 (xfer#1385, to-check=1616/1752)
synthetic_001731/posterior_std.pt
         232019 100%   17.07MB/s   00:00:00 (xfer#1386, to-check=1617/1752)
synthetic_001731/posterior_variance.pt
         232054 100%    6.00MB/s   00:00:00 (xfer#1387, to-check=1618/1752)
synthetic_001732/
synthetic_001732/composite_mean.pt
         232026 100%   11.76MB/s   00:00:00 (xfer#1388, to-check=1620/1752)
synthetic_001732/metadata.json
           1798 100%   21.15MB/s   00:00:00 (xfer#1389, to-check=1621/1752)
synthetic_001732/posterior_mean.pt
         232026 100%    9.50MB/s   00:00:00 (xfer#1390, to-check=1622/1752)
synthetic_001732/posterior_samples.pt
        3768320  15%    7.13MB/s   00:00:02        8749056  35%    9.48MB/s   00:00:01       13598720  55%    9.18MB/s   00:00:01       18841600  76%    9.85MB/s   00:00:00       24215552  98%   10.19MB/s   00:00:00       24657317 100%    8.99MB/s   00:00:02 (xfer#1391, to-check=1623/1752)
synthetic_001732/posterior_std.pt
         232019 100%  240.00MB/s   00:00:00 (xfer#1392, to-check=1624/1752)
synthetic_001732/posterior_variance.pt
         232054 100%  308.27MB/s   00:00:00 (xfer#1393, to-check=1625/1752)
synthetic_001733/
synthetic_001733/composite_mean.pt
         232026 100%   10.31MB/s   00:00:00 (xfer#1394, to-check=1627/1752)
synthetic_001733/metadata.json
           1796 100%   27.63MB/s   00:00:00 (xfer#1395, to-check=1628/1752)
synthetic_001733/posterior_mean.pt
         232026 100%   20.32MB/s   00:00:00 (xfer#1396, to-check=1629/1752)
synthetic_001733/posterior_samples.pt
        5079040  21%    9.61MB/s   00:00:01       10977280  45%   11.17MB/s   00:00:01       15761408  64%    9.07MB/s   00:00:00       18579456  75%    5.16MB/s   00:00:01       20840448  85%    4.13MB/s   00:00:00       22675456  92%    3.36MB/s   00:00:00       24641536 100%    3.65MB/s   00:00:00       24657317 100%    6.48MB/s   00:00:03 (xfer#1397, to-check=1630/1752)
synthetic_001733/posterior_std.pt
         232019 100%    4.16MB/s   00:00:00 (xfer#1398, to-check=1631/1752)
synthetic_001733/posterior_variance.pt
         232054 100%    2.91MB/s   00:00:00 (xfer#1399, to-check=1632/1752)
synthetic_001734/
synthetic_001734/composite_mean.pt
         232026 100%   47.23MB/s   00:00:00 (xfer#1400, to-check=1634/1752)
synthetic_001734/metadata.json
           1797 100%    6.02MB/s   00:00:00 (xfer#1401, to-check=1635/1752)
synthetic_001734/posterior_mean.pt
         232026 100%    1.81MB/s   00:00:00 (xfer#1402, to-check=1636/1752)
synthetic_001734/posterior_samples.pt
        1802240   7%    3.24MB/s   00:00:06        3899392  16%    3.98MB/s   00:00:04        6389760  26%    4.63MB/s   00:00:03        9142272  37%    4.92MB/s   00:00:03       12025856  49%    5.34MB/s   00:00:02       15040512  61%    5.48MB/s   00:00:01       17793024  72%    5.23MB/s   00:00:01       20807680  84%    5.65MB/s   00:00:00       24346624  99%    6.35MB/s   00:00:00       24657317 100%    4.96MB/s   00:00:04 (xfer#1403, to-check=1637/1752)
synthetic_001734/posterior_std.pt
         232019 100%   75.59MB/s   00:00:00 (xfer#1404, to-check=1638/1752)
synthetic_001734/posterior_variance.pt
         232054 100%    5.59MB/s   00:00:00 (xfer#1405, to-check=1639/1752)
synthetic_001735/
synthetic_001735/composite_mean.pt
         232026 100%    4.51MB/s   00:00:00 (xfer#1406, to-check=1641/1752)
synthetic_001735/metadata.json
           1797 100%   17.49MB/s   00:00:00 (xfer#1407, to-check=1642/1752)
synthetic_001735/posterior_mean.pt
         232026 100%   16.09MB/s   00:00:00 (xfer#1408, to-check=1643/1752)
synthetic_001735/posterior_samples.pt
        3440640  14%    6.36MB/s   00:00:03        7241728  29%    7.14MB/s   00:00:02       11436032  46%    7.70MB/s   00:00:01       15630336  63%    7.98MB/s   00:00:01       20086784  81%    8.36MB/s   00:00:00       24657317 100%    7.63MB/s   00:00:03 (xfer#1409, to-check=1644/1752)
synthetic_001735/posterior_std.pt
         232019 100%  245.33MB/s   00:00:00 (xfer#1410, to-check=1645/1752)
synthetic_001735/posterior_variance.pt
         232054 100%  223.29MB/s   00:00:00 (xfer#1411, to-check=1646/1752)
synthetic_001736/
synthetic_001736/composite_mean.pt
         232026 100%    5.95MB/s   00:00:00 (xfer#1412, to-check=1648/1752)
synthetic_001736/metadata.json
           1797 100%   23.49MB/s   00:00:00 (xfer#1413, to-check=1649/1752)
synthetic_001736/posterior_mean.pt
         232026 100%   14.40MB/s   00:00:00 (xfer#1414, to-check=1650/1752)
synthetic_001736/posterior_samples.pt
        4882432  20%    9.07MB/s   00:00:02        9863168  40%    8.89MB/s   00:00:01       15106048  61%    9.94MB/s   00:00:00       20348928  83%    9.77MB/s   00:00:00       24657317 100%    9.42MB/s   00:00:02 (xfer#1415, to-check=1651/1752)
synthetic_001736/posterior_std.pt
         232019 100%  230.75MB/s   00:00:00 (xfer#1416, to-check=1652/1752)
synthetic_001736/posterior_variance.pt
         232054 100%  287.82MB/s   00:00:00 (xfer#1417, to-check=1653/1752)
synthetic_001737/
synthetic_001737/composite_mean.pt
         232026 100%    7.23MB/s   00:00:00 (xfer#1418, to-check=1655/1752)
synthetic_001737/metadata.json
           1797 100%   22.25MB/s   00:00:00 (xfer#1419, to-check=1656/1752)
synthetic_001737/posterior_mean.pt
         232026 100%   19.19MB/s   00:00:00 (xfer#1420, to-check=1657/1752)
synthetic_001737/posterior_samples.pt
        5373952  22%    9.78MB/s   00:00:01       11272192  46%   11.22MB/s   00:00:01       17170432  70%   11.06MB/s   00:00:00       24510464  99%   13.79MB/s   00:00:00       24657317 100%   11.25MB/s   00:00:02 (xfer#1421, to-check=1658/1752)
synthetic_001737/posterior_std.pt
         232019 100%  244.23MB/s   00:00:00 (xfer#1422, to-check=1659/1752)
synthetic_001737/posterior_variance.pt
         232054 100%  296.27MB/s   00:00:00 (xfer#1423, to-check=1660/1752)
synthetic_001738/
synthetic_001738/composite_mean.pt
         232026 100%   20.54MB/s   00:00:00 (xfer#1424, to-check=1662/1752)
synthetic_001738/metadata.json
           1797 100%   24.12MB/s   00:00:00 (xfer#1425, to-check=1663/1752)
synthetic_001738/posterior_mean.pt
         232026 100%   13.97MB/s   00:00:00 (xfer#1426, to-check=1664/1752)
synthetic_001738/posterior_samples.pt
        6619136  27%   12.49MB/s   00:00:01       13172736  53%   12.42MB/s   00:00:00       19857408  81%   12.68MB/s   00:00:00       24657317 100%   11.91MB/s   00:00:01 (xfer#1427, to-check=1665/1752)
synthetic_001738/posterior_std.pt
         232019 100%  245.00MB/s   00:00:00 (xfer#1428, to-check=1666/1752)
synthetic_001738/posterior_variance.pt
         232054 100%  309.51MB/s   00:00:00 (xfer#1429, to-check=1667/1752)
synthetic_001739/
synthetic_001739/composite_mean.pt
         232026 100%  323.95MB/s   00:00:00 (xfer#1430, to-check=1669/1752)
synthetic_001739/metadata.json
           1798 100%   29.12MB/s   00:00:00 (xfer#1431, to-check=1670/1752)
synthetic_001739/posterior_mean.pt
         232026 100%   38.81MB/s   00:00:00 (xfer#1432, to-check=1671/1752)
synthetic_001739/posterior_samples.pt
        6193152  25%   11.74MB/s   00:00:01       12877824  52%   12.67MB/s   00:00:00       19562496  79%   12.48MB/s   00:00:00       24657317 100%   12.13MB/s   00:00:01 (xfer#1433, to-check=1672/1752)
synthetic_001739/posterior_std.pt
         232019 100%  252.88MB/s   00:00:00 (xfer#1434, to-check=1673/1752)
synthetic_001739/posterior_variance.pt
         232054 100%  323.53MB/s   00:00:00 (xfer#1435, to-check=1674/1752)
synthetic_001740/
synthetic_001740/composite_mean.pt
         232026 100%   17.01MB/s   00:00:00 (xfer#1436, to-check=1676/1752)
synthetic_001740/metadata.json
           1796 100%   21.97MB/s   00:00:00 (xfer#1437, to-check=1677/1752)
synthetic_001740/posterior_mean.pt
         232026 100%   10.97MB/s   00:00:00 (xfer#1438, to-check=1678/1752)
synthetic_001740/posterior_samples.pt
        6684672  27%   12.53MB/s   00:00:01       12812288  52%   11.66MB/s   00:00:00       19890176  81%   13.36MB/s   00:00:00       24657317 100%   12.32MB/s   00:00:01 (xfer#1439, to-check=1679/1752)
synthetic_001740/posterior_std.pt
         232019 100%  255.25MB/s   00:00:00 (xfer#1440, to-check=1680/1752)
synthetic_001740/posterior_variance.pt
         232054 100%   71.62MB/s   00:00:00 (xfer#1441, to-check=1681/1752)
synthetic_001741/
synthetic_001741/composite_mean.pt
         232026 100%   13.57MB/s   00:00:00 (xfer#1442, to-check=1683/1752)
synthetic_001741/metadata.json
           1797 100%   18.82MB/s   00:00:00 (xfer#1443, to-check=1684/1752)
synthetic_001741/posterior_mean.pt
         232026 100%   19.35MB/s   00:00:00 (xfer#1444, to-check=1685/1752)
synthetic_001741/posterior_samples.pt
        6488064  26%   12.32MB/s   00:00:01       12517376  51%   11.41MB/s   00:00:01       19070976  77%   12.44MB/s   00:00:00       24657317 100%   11.77MB/s   00:00:01 (xfer#1445, to-check=1686/1752)
synthetic_001741/posterior_std.pt
         232019 100%  260.92MB/s   00:00:00 (xfer#1446, to-check=1687/1752)
synthetic_001741/posterior_variance.pt
         232054 100%   18.20MB/s   00:00:00 (xfer#1447, to-check=1688/1752)
synthetic_001742/
synthetic_001742/composite_mean.pt
         232026 100%   16.53MB/s   00:00:00 (xfer#1448, to-check=1690/1752)
synthetic_001742/metadata.json
           1796 100%   25.57MB/s   00:00:00 (xfer#1449, to-check=1691/1752)
synthetic_001742/posterior_mean.pt
         232026 100%  180.07MB/s   00:00:00 (xfer#1450, to-check=1692/1752)
synthetic_001742/posterior_samples.pt
        6062080  25%   10.87MB/s   00:00:01       11370496  46%   10.10MB/s   00:00:01       15204352  62%    7.25MB/s   00:00:01       19136512  78%    7.43MB/s   00:00:00       23461888  95%    8.17MB/s   00:00:00       24657317 100%    8.64MB/s   00:00:02 (xfer#1451, to-check=1693/1752)
synthetic_001742/posterior_std.pt
         232019 100%  215.23MB/s   00:00:00 (xfer#1452, to-check=1694/1752)
synthetic_001742/posterior_variance.pt
         232054 100%   31.46MB/s   00:00:00 (xfer#1453, to-check=1695/1752)
synthetic_001743/
synthetic_001743/composite_mean.pt
         232026 100%    8.46MB/s   00:00:00 (xfer#1454, to-check=1697/1752)
synthetic_001743/metadata.json
           1796 100%   24.77MB/s   00:00:00 (xfer#1455, to-check=1698/1752)
synthetic_001743/posterior_mean.pt
         232026 100%   16.97MB/s   00:00:00 (xfer#1456, to-check=1699/1752)
synthetic_001743/posterior_samples.pt
        3833856  16%    7.24MB/s   00:00:02        8421376  34%    8.74MB/s   00:00:01       12746752  52%    8.11MB/s   00:00:01       17203200  70%    8.16MB/s   00:00:00       21659648  88%    8.34MB/s   00:00:00       24657317 100%    8.04MB/s   00:00:02 (xfer#1457, to-check=1700/1752)
synthetic_001743/posterior_std.pt
         232019 100%  236.15MB/s   00:00:00 (xfer#1458, to-check=1701/1752)
synthetic_001743/posterior_variance.pt
         232054 100%  319.30MB/s   00:00:00 (xfer#1459, to-check=1702/1752)
synthetic_001744/
synthetic_001744/composite_mean.pt
         232026 100%    8.80MB/s   00:00:00 (xfer#1460, to-check=1704/1752)
synthetic_001744/metadata.json
           1797 100%   19.48MB/s   00:00:00 (xfer#1461, to-check=1705/1752)
synthetic_001744/posterior_mean.pt
         232026 100%   13.90MB/s   00:00:00 (xfer#1462, to-check=1706/1752)
synthetic_001744/posterior_samples.pt
        4685824  19%    8.54MB/s   00:00:02        9797632  40%    9.41MB/s   00:00:01       14647296  59%    8.79MB/s   00:00:01       19365888  79%    8.76MB/s   00:00:00       24657317 100%    9.02MB/s   00:00:02 (xfer#1463, to-check=1707/1752)
synthetic_001744/posterior_std.pt
         232019 100%  245.59MB/s   00:00:00 (xfer#1464, to-check=1708/1752)
synthetic_001744/posterior_variance.pt
         232054 100%   26.74MB/s   00:00:00 (xfer#1465, to-check=1709/1752)
synthetic_001745/
synthetic_001745/composite_mean.pt
         232026 100%    5.74MB/s   00:00:00 (xfer#1466, to-check=1711/1752)
synthetic_001745/metadata.json
           1795 100%   25.19MB/s   00:00:00 (xfer#1467, to-check=1712/1752)
synthetic_001745/posterior_mean.pt
         232026 100%   82.84MB/s   00:00:00 (xfer#1468, to-check=1713/1752)
synthetic_001745/posterior_samples.pt
        5210112  21%    9.63MB/s   00:00:01       10846208  44%   10.59MB/s   00:00:01       16875520  68%   11.32MB/s   00:00:00       22380544  91%   10.33MB/s   00:00:00       24657317 100%   10.39MB/s   00:00:02 (xfer#1469, to-check=1714/1752)
synthetic_001745/posterior_std.pt
         232019 100%  228.59MB/s   00:00:00 (xfer#1470, to-check=1715/1752)
synthetic_001745/posterior_variance.pt
         232054 100%  359.77MB/s   00:00:00 (xfer#1471, to-check=1716/1752)
synthetic_001746/
synthetic_001746/composite_mean.pt
         232026 100%    6.54MB/s   00:00:00 (xfer#1472, to-check=1718/1752)
synthetic_001746/metadata.json
           1797 100%   14.07MB/s   00:00:00 (xfer#1473, to-check=1719/1752)
synthetic_001746/posterior_mean.pt
         232026 100%   62.53MB/s   00:00:00 (xfer#1474, to-check=1720/1752)
synthetic_001746/posterior_samples.pt
        5996544  24%   11.36MB/s   00:00:01       12812288  52%   12.98MB/s   00:00:00       18317312  74%   10.49MB/s   00:00:00       24657317 100%   11.56MB/s   00:00:02 (xfer#1475, to-check=1721/1752)
synthetic_001746/posterior_std.pt
         232019 100%  260.99MB/s   00:00:00 (xfer#1476, to-check=1722/1752)
synthetic_001746/posterior_variance.pt
         232054 100%   18.89MB/s   00:00:00 (xfer#1477, to-check=1723/1752)
synthetic_001747/
synthetic_001747/composite_mean.pt
         232026 100%   19.21MB/s   00:00:00 (xfer#1478, to-check=1725/1752)
synthetic_001747/metadata.json
           1796 100%   27.52MB/s   00:00:00 (xfer#1479, to-check=1726/1752)
synthetic_001747/posterior_mean.pt
         232026 100%  164.15MB/s   00:00:00 (xfer#1480, to-check=1727/1752)
synthetic_001747/posterior_samples.pt
        6488064  26%   12.11MB/s   00:00:01       13434880  54%   12.73MB/s   00:00:00       20119552  82%   12.65MB/s   00:00:00       24657317 100%   12.46MB/s   00:00:01 (xfer#1481, to-check=1728/1752)
synthetic_001747/posterior_std.pt
         232019 100%  244.49MB/s   00:00:00 (xfer#1482, to-check=1729/1752)
synthetic_001747/posterior_variance.pt
         232054 100%  282.99MB/s   00:00:00 (xfer#1483, to-check=1730/1752)
synthetic_001748/
synthetic_001748/composite_mean.pt
         232026 100%   17.61MB/s   00:00:00 (xfer#1484, to-check=1732/1752)
synthetic_001748/metadata.json
           1796 100%   23.17MB/s   00:00:00 (xfer#1485, to-check=1733/1752)
synthetic_001748/posterior_mean.pt
         232026 100%    9.50MB/s   00:00:00 (xfer#1486, to-check=1734/1752)
synthetic_001748/posterior_samples.pt
        6750208  27%   12.72MB/s   00:00:01       13303808  54%   12.40MB/s   00:00:00       19988480  81%   12.55MB/s   00:00:00       24657317 100%   11.85MB/s   00:00:01 (xfer#1487, to-check=1735/1752)
synthetic_001748/posterior_std.pt
         232019 100%  253.43MB/s   00:00:00 (xfer#1488, to-check=1736/1752)
synthetic_001748/posterior_variance.pt
         232054 100%  280.51MB/s   00:00:00 (xfer#1489, to-check=1737/1752)
synthetic_001749/
synthetic_001749/composite_mean.pt
         232026 100%   67.71MB/s   00:00:00 (xfer#1490, to-check=1739/1752)
synthetic_001749/metadata.json
           1797 100%   25.22MB/s   00:00:00 (xfer#1491, to-check=1740/1752)
synthetic_001749/posterior_mean.pt
         232026 100%   36.20MB/s   00:00:00 (xfer#1492, to-check=1741/1752)
synthetic_001749/posterior_samples.pt
        6946816  28%   13.24MB/s   00:00:01       13500416  55%   12.41MB/s   00:00:00       20185088  82%   12.62MB/s   00:00:00       24657317 100%   12.34MB/s   00:00:01 (xfer#1493, to-check=1742/1752)
synthetic_001749/posterior_std.pt
         232019 100%  242.13MB/s   00:00:00 (xfer#1494, to-check=1743/1752)
synthetic_001749/posterior_variance.pt
         232054 100%  297.79MB/s   00:00:00 (xfer#1495, to-check=1744/1752)
synthetic_001750/
synthetic_001750/composite_mean.pt
         232026 100%  325.42MB/s   00:00:00 (xfer#1496, to-check=1746/1752)
synthetic_001750/metadata.json
           1797 100%   29.10MB/s   00:00:00 (xfer#1497, to-check=1747/1752)
synthetic_001750/posterior_mean.pt
         232026 100%   31.00MB/s   00:00:00 (xfer#1498, to-check=1748/1752)
synthetic_001750/posterior_samples.pt
        6488064  26%   12.36MB/s   00:00:01       13172736  53%   12.43MB/s   00:00:00       19988480  81%   12.75MB/s   00:00:00       24657317 100%   12.31MB/s   00:00:01 (xfer#1499, to-check=1749/1752)
synthetic_001750/posterior_std.pt
         232019 100%  235.61MB/s   00:00:00 (xfer#1500, to-check=1750/1752)
synthetic_001750/posterior_variance.pt
         232054 100%  306.14MB/s   00:00:00 (xfer#1501, to-check=1751/1752)

sent 6398M bytes  received 34548 bytes  9625k bytes/sec
total size is 6397M  speedup is 1.00
Transfer starting: 2 files
batch_0007_external_evaluation_manifest.csv
batch_0007_manifest.csv

sent 92229 bytes  received 64 bytes  496k bytes/sec
total size is 91960  speedup is 1.00
Transfer starting: 2 files
br_lora_batch_0007_mac_sha256.txt
br_lora_batch_0007_production_audit.json

sent 156k bytes  received 64 bytes  698k bytes/sec
total size is 156k  speedup is 1.00

===== FALCON TRANSFER VERIFICATION =====
Case directories : 250
Files checksummed: 1501
Mac/Falcon SHA256: IDENTICAL

==============================================================================
BR-LoRA FALCON BATCH ACCEPTANCE
==============================================================================

Batch                    : batch_0007
Batch directory          : /scratch/bhanug/br_lora_library/batches/batch_0007
Current master           : /scratch/bhanug/br_lora_library/manifests/br_lora_library_manifest.csv

===== TRANSFER CHECK =====
Files                    : 1501
Mac/Falcon SHA-256       : IDENTICAL

===== MAC PRODUCTION AUDIT =====
Status                   : PASS
Cases                    : 250
Posterior samples        : 100
Evaluation seed          : 42
Execution manifest hash  : MATCH

===== MASTER PRE-STATE =====
Rows                     : 1500
Library IDs              : synthetic_000001 to synthetic_001500
Current master SHA-256   : ec31d12b2dc9c9f5b9352f8895f5279d47036ebba8c79960fa04ac60193f3093

==============================================================================
BATCH ACCEPTANCE: PASS
==============================================================================

Accepted batch           : batch_0007
Accepted cases           : 250
Master rows before       : 1500
Master rows after        : 1750
Library IDs              : synthetic_000001 to synthetic_001750
Unique pair keys         : 1750
Unique donor slices      : 1750
Unique external bases    : 1513
Master SHA-256           : 4f53f66fb6c0c803c8d35f363051e5e4163db521a5e0ae730b94fcedd8e42466
Acceptance audit         : /scratch/bhanug/br_lora_library/audits/br_lora_batch_0007_acceptance.json
Pre-promotion snapshot   : /scratch/bhanug/br_lora_library/manifests/br_lora_library_manifest_01500_pre_batch_0007.csv

SAFE TO DELETE LOCAL MAC BATCH AFTER THIS PASS.

==============================================================================
BR-LoRA FROZEN LIBRARY PIPELINE
==============================================================================

Batch                    : batch_0007
Frozen design            : /Users/bhanugarg/Desktop/localized-medical-image-synthesis/downstream_evaluation/manifests/br_lora_library_design_10000/batches/batch_0007_manifest.csv
Local staging            : /Users/bhanugarg/archive/br_lora_library_staging/batch_0007
Falcon library           : /scratch/bhanug/br_lora_library
Falcon acceptance        : True
Cleanup                  : True

==============================================================================
STAGE 1 — LOCAL GENERATION + PRODUCTION AUDIT
==============================================================================

/opt/anaconda3/envs/brats-nnunet/bin/python /Users/bhanugarg/Desktop/localized-medical-image-synthesis/scripts/run_br_lora_library_batch.py --batch batch_0007


==============================================================================
STAGE 2 — TRANSFER BATCH TO FALCON
==============================================================================

rsync -avh --partial --progress /Users/bhanugarg/archive/br_lora_library_staging/batch_0007/ falcon:/scratch/bhanug/br_lora_library/batches/batch_0007/


==============================================================================
STAGE 3 — TRANSFER MANIFESTS
==============================================================================

rsync -avh --partial /Users/bhanugarg/Desktop/localized-medical-image-synthesis/downstream_evaluation/manifests/br_lora_library_design_10000/batches/batch_0007_manifest.csv /Users/bhanugarg/Desktop/localized-medical-image-synthesis/downstream_evaluation/manifests/br_lora_library_design_10000/batches/batch_0007_external_evaluation_manifest.csv falcon:/scratch/bhanug/br_lora_library/manifests/


==============================================================================
STAGE 3 — TRANSFER AUDIT RECORDS
==============================================================================

rsync -avh --partial /Users/bhanugarg/archive/br_lora_library_staging/br_lora_batch_0007_production_audit.json /Users/bhanugarg/archive/br_lora_library_staging/br_lora_batch_0007_mac_sha256.txt falcon:/scratch/bhanug/br_lora_library/audits/


==============================================================================
STAGE 4 — FALCON SHA-256 VERIFICATION
==============================================================================

ssh falcon bash -s


==============================================================================
STAGE 5 — FALCON ACCEPTANCE
==============================================================================

ssh falcon bash -s


==============================================================================
LOCAL CLEANUP COMPLETE
==============================================================================

Deleted: /Users/bhanugarg/archive/br_lora_library_staging/batch_0007

==============================================================================
PIPELINE STAGE COMPLETE
==============================================================================

Batch                    : batch_0007
Local production         : PASS
Transfer                 : PASS
Mac/Falcon SHA-256       : IDENTICAL
Falcon acceptance        : PASS
Local cleanup            : COMPLETE
Next batch               : batch_0008

============================================================
COMPLETED: batch_0007
Finished: Sat Aug 15 16:05:01 EDT 2026
============================================================
