============================================================
BR-LoRA PIPELINE: batch_0030
Started: Sat Aug 15 23:10:31 EDT 2026
============================================================


==============================================================================
BR-LoRA EXTERNAL EVALUATION CONSTRUCTION
==============================================================================

Evaluation
------------------------------------------------------------------------------
Evaluation name          : br_lora_external_evaluation
Checkpoint               : /Users/bhanugarg/Desktop/localized-medical-image-synthesis/checkpoints/br_lora_full_train/final.pt
Device                   : mps
Seed                     : 42
Posterior realizations   : 100
Fixed diffusion noise    : True
Timestep fraction        : 0.75
Resume mode              : False

External dataset
------------------------------------------------------------------------------
Specification            : /Users/bhanugarg/archive/BraTS2020_ValidationData/MICCAI_BraTS2020_ValidationData/validation_dataset.yaml
Dataset root             : /Users/bhanugarg/archive/BraTS2020_ValidationData/MICCAI_BraTS2020_ValidationData
Registered subjects      : 125

Evaluation manifest
------------------------------------------------------------------------------
Manifest                 : /Users/bhanugarg/Desktop/localized-medical-image-synthesis/downstream_evaluation/manifests/br_lora_library_design_10000/batches/batch_0030_external_evaluation_manifest.csv
Cases                    : 250

BR-LoRA
------------------------------------------------------------------------------
Variational modules      : 7
Variational parameters   : 36,104
Donor image channel      : 0

Provenance
------------------------------------------------------------------------------
Git commit               : 35f169f8d879ca3e8fff921419a96451e704ba28
Future output directory  : /Users/bhanugarg/archive/br_lora_library_staging/batch_0030

==============================================================================
CONSTRUCTION VERDICT: PASS
The fitted BR-LoRA checkpoint, registered external dataset, fixed evaluation manifest, and diffusion schedule were constructed successfully.
==============================================================================

==============================================================================
RUNNING EXTERNAL POSTERIOR INFERENCE
==============================================================================

[1/250] synthetic_007251
  Case seed              : 139432562
  External subject       : BraTS20_Validation_090
  External slice         : 48
  Donor mask pixels      : 3293
  Posterior stack        : (100, 1, 1, 240, 240)
  Case output            : /Users/bhanugarg/archive/br_lora_library_staging/batch_0030/synthetic_007251
  Verdict                : PASS

[2/250] synthetic_007252
  Case seed              : 889551293
  External subject       : BraTS20_Validation_090
  External slice         : 49
  Donor mask pixels      : 1004
  Posterior stack        : (100, 1, 1, 240, 240)
  Case output            : /Users/bhanugarg/archive/br_lora_library_staging/batch_0030/synthetic_007252
  Verdict                : PASS

[3/250] synthetic_007253
  Case seed              : 620101095
  External subject       : BraTS20_Validation_090
  External slice         : 49
  Donor mask pixels      : 521
  Posterior stack        : (100, 1, 1, 240, 240)
  Case output            : /Users/bhanugarg/archive/br_lora_library_staging/batch_0030/synthetic_007253
  Verdict                : PASS

[4/250] synthetic_007254
  Case seed              : 2057805912
  External subject       : BraTS20_Validation_090
  External slice         : 50
  Donor mask pixels      : 1384
  Posterior stack        : (100, 1, 1, 240, 240)
  Case output            : /Users/bhanugarg/archive/br_lora_library_staging/batch_0030/synthetic_007254
  Verdict                : PASS

[5/250] synthetic_007255
  Case seed              : 930004384
  External subject       : BraTS20_Validation_090
  External slice         : 50
  Donor mask pixels      : 2708
  Posterior stack        : (100, 1, 1, 240, 240)
  Case output            : /Users/bhanugarg/archive/br_lora_library_staging/batch_0030/synthetic_007255
  Verdict                : PASS

[6/250] synthetic_007256
  Case seed              : 1472393148
  External subject       : BraTS20_Validation_090
  External slice         : 51
  Donor mask pixels      : 1738
  Posterior stack        : (100, 1, 1, 240, 240)
  Case output            : /Users/bhanugarg/archive/br_lora_library_staging/batch_0030/synthetic_007256
  Verdict                : PASS

[7/250] synthetic_007257
  Case seed              : 601446687
  External subject       : BraTS20_Validation_090
  External slice         : 51
  Donor mask pixels      : 1733
  Posterior stack        : (100, 1, 1, 240, 240)
  Case output            : /Users/bhanugarg/archive/br_lora_library_staging/batch_0030/synthetic_007257
  Verdict                : PASS

[8/250] synthetic_007258
  Case seed              : 1909123052
  External subject       : BraTS20_Validation_090
  External slice         : 52
  Donor mask pixels      : 2577
  Posterior stack        : (100, 1, 1, 240, 240)
  Case output            : /Users/bhanugarg/archive/br_lora_library_staging/batch_0030/synthetic_007258
  Verdict                : PASS

[9/250] synthetic_007259
  Case seed              : 1985209787
  External subject       : BraTS20_Validation_090
  External slice         : 53
  Donor mask pixels      : 524
  Posterior stack        : (100, 1, 1, 240, 240)
  Case output            : /Users/bhanugarg/archive/br_lora_library_staging/batch_0030/synthetic_007259
  Verdict                : PASS

[10/250] synthetic_007260
  Case seed              : 40929549
  External subject       : BraTS20_Validation_090
  External slice         : 53
  Donor mask pixels      : 3378
  Posterior stack        : (100, 1, 1, 240, 240)
  Case output            : /Users/bhanugarg/archive/br_lora_library_staging/batch_0030/synthetic_007260
  Verdict                : PASS

[11/250] synthetic_007261
  Case seed              : 537411764
  External subject       : BraTS20_Validation_090
  External slice         : 122
  Donor mask pixels      : 2199
  Posterior stack        : (100, 1, 1, 240, 240)
  Case output            : /Users/bhanugarg/archive/br_lora_library_staging/batch_0030/synthetic_007261
  Verdict                : PASS

[12/250] synthetic_007262
  Case seed              : 2117818824
  External subject       : BraTS20_Validation_090
  External slice         : 123
  Donor mask pixels      : 1014
  Posterior stack        : (100, 1, 1, 240, 240)
  Case output            : /Users/bhanugarg/archive/br_lora_library_staging/batch_0030/synthetic_007262
  Verdict                : PASS

[13/250] synthetic_007263
  Case seed              : 1542403156
  External subject       : BraTS20_Validation_090
  External slice         : 124
  Donor mask pixels      : 1240
  Posterior stack        : (100, 1, 1, 240, 240)
  Case output            : /Users/bhanugarg/archive/br_lora_library_staging/batch_0030/synthetic_007263
  Verdict                : PASS

[14/250] synthetic_007264
  Case seed              : 1191009395
  External subject       : BraTS20_Validation_090
  External slice         : 125
  Donor mask pixels      : 512
  Posterior stack        : (100, 1, 1, 240, 240)
  Case output            : /Users/bhanugarg/archive/br_lora_library_staging/batch_0030/synthetic_007264
  Verdict                : PASS

[15/250] synthetic_007265
  Case seed              : 379856488
  External subject       : BraTS20_Validation_090
  External slice         : 126
  Donor mask pixels      : 1619
  Posterior stack        : (100, 1, 1, 240, 240)
  Case output            : /Users/bhanugarg/archive/br_lora_library_staging/batch_0030/synthetic_007265
  Verdict                : PASS

[16/250] synthetic_007266
  Case seed              : 1602317175
  External subject       : BraTS20_Validation_090
  External slice         : 127
  Donor mask pixels      : 888
  Posterior stack        : (100, 1, 1, 240, 240)
  Case output            : /Users/bhanugarg/archive/br_lora_library_staging/batch_0030/synthetic_007266
  Verdict                : PASS

[17/250] synthetic_007267
  Case seed              : 1794050170
  External subject       : BraTS20_Validation_090
  External slice         : 128
  Donor mask pixels      : 1816
  Posterior stack        : (100, 1, 1, 240, 240)
  Case output            : /Users/bhanugarg/archive/br_lora_library_staging/batch_0030/synthetic_007267
  Verdict                : PASS

[18/250] synthetic_007268
  Case seed              : 1257350156
  External subject       : BraTS20_Validation_090
  External slice         : 129
  Donor mask pixels      : 1358
  Posterior stack        : (100, 1, 1, 240, 240)
  Case output            : /Users/bhanugarg/archive/br_lora_library_staging/batch_0030/synthetic_007268
  Verdict                : PASS

[19/250] synthetic_007269
  Case seed              : 108670857
  External subject       : BraTS20_Validation_090
  External slice         : 130
  Donor mask pixels      : 2005
  Posterior stack        : (100, 1, 1, 240, 240)
  Case output            : /Users/bhanugarg/archive/br_lora_library_staging/batch_0030/synthetic_007269
  Verdict                : PASS

[20/250] synthetic_007270
  Case seed              : 165422601
  External subject       : BraTS20_Validation_090
  External slice         : 131
  Donor mask pixels      : 305
  Posterior stack        : (100, 1, 1, 240, 240)
  Case output            : /Users/bhanugarg/archive/br_lora_library_staging/batch_0030/synthetic_007270
  Verdict                : PASS

[21/250] synthetic_007271
  Case seed              : 515250575
  External subject       : BraTS20_Validation_091
  External slice         : 14
  Donor mask pixels      : 438
  Posterior stack        : (100, 1, 1, 240, 240)
  Case output            : /Users/bhanugarg/archive/br_lora_library_staging/batch_0030/synthetic_007271
  Verdict                : PASS

[22/250] synthetic_007272
  Case seed              : 1567852562
  External subject       : BraTS20_Validation_091
  External slice         : 15
  Donor mask pixels      : 1228
  Posterior stack        : (100, 1, 1, 240, 240)
  Case output            : /Users/bhanugarg/archive/br_lora_library_staging/batch_0030/synthetic_007272
  Verdict                : PASS

[23/250] synthetic_007273
  Case seed              : 835188397
  External subject       : BraTS20_Validation_091
  External slice         : 16
  Donor mask pixels      : 549
  Posterior stack        : (100, 1, 1, 240, 240)
  Case output            : /Users/bhanugarg/archive/br_lora_library_staging/batch_0030/synthetic_007273
  Verdict                : PASS

[24/250] synthetic_007274
  Case seed              : 1295655078
  External subject       : BraTS20_Validation_091
  External slice         : 17
  Donor mask pixels      : 1186
  Posterior stack        : (100, 1, 1, 240, 240)
  Case output            : /Users/bhanugarg/archive/br_lora_library_staging/batch_0030/synthetic_007274
  Verdict                : PASS

[25/250] synthetic_007275
  Case seed              : 1813944288
  External subject       : BraTS20_Validation_091
  External slice         : 18
  Donor mask pixels      : 1800
  Posterior stack        : (100, 1, 1, 240, 240)
  Case output            : /Users/bhanugarg/archive/br_lora_library_staging/batch_0030/synthetic_007275
  Verdict                : PASS

[26/250] synthetic_007276
  Case seed              : 1420281873
  External subject       : BraTS20_Validation_091
  External slice         : 19
  Donor mask pixels      : 1846
  Posterior stack        : (100, 1, 1, 240, 240)
  Case output            : /Users/bhanugarg/archive/br_lora_library_staging/batch_0030/synthetic_007276
  Verdict                : PASS

[27/250] synthetic_007277
  Case seed              : 136837561
  External subject       : BraTS20_Validation_091
  External slice         : 20
  Donor mask pixels      : 1576
  Posterior stack        : (100, 1, 1, 240, 240)
  Case output            : /Users/bhanugarg/archive/br_lora_library_staging/batch_0030/synthetic_007277
  Verdict                : PASS

[28/250] synthetic_007278
  Case seed              : 31023492
  External subject       : BraTS20_Validation_091
  External slice         : 21
  Donor mask pixels      : 781
  Posterior stack        : (100, 1, 1, 240, 240)
  Case output            : /Users/bhanugarg/archive/br_lora_library_staging/batch_0030/synthetic_007278
  Verdict                : PASS

[29/250] synthetic_007279
  Case seed              : 634448445
  External subject       : BraTS20_Validation_091
  External slice         : 22
  Donor mask pixels      : 1399
  Posterior stack        : (100, 1, 1, 240, 240)
  Case output            : /Users/bhanugarg/archive/br_lora_library_staging/batch_0030/synthetic_007279
  Verdict                : PASS

[30/250] synthetic_007280
  Case seed              : 2047955923
  External subject       : BraTS20_Validation_091
  External slice         : 23
  Donor mask pixels      : 1986
  Posterior stack        : (100, 1, 1, 240, 240)
  Case output            : /Users/bhanugarg/archive/br_lora_library_staging/batch_0030/synthetic_007280
  Verdict                : PASS

[31/250] synthetic_007281
  Case seed              : 1273141538
  External subject       : BraTS20_Validation_091
  External slice         : 24
  Donor mask pixels      : 557
  Posterior stack        : (100, 1, 1, 240, 240)
  Case output            : /Users/bhanugarg/archive/br_lora_library_staging/batch_0030/synthetic_007281
  Verdict                : PASS

[32/250] synthetic_007282
  Case seed              : 1081583669
  External subject       : BraTS20_Validation_091
  External slice         : 25
  Donor mask pixels      : 1684
  Posterior stack        : (100, 1, 1, 240, 240)
  Case output            : /Users/bhanugarg/archive/br_lora_library_staging/batch_0030/synthetic_007282
  Verdict                : PASS

[33/250] synthetic_007283
  Case seed              : 933092263
  External subject       : BraTS20_Validation_091
  External slice         : 26
  Donor mask pixels      : 880
  Posterior stack        : (100, 1, 1, 240, 240)
  Case output            : /Users/bhanugarg/archive/br_lora_library_staging/batch_0030/synthetic_007283
  Verdict                : PASS

[34/250] synthetic_007284
  Case seed              : 1204289187
  External subject       : BraTS20_Validation_091
  External slice         : 27
  Donor mask pixels      : 496
  Posterior stack        : (100, 1, 1, 240, 240)
  Case output            : /Users/bhanugarg/archive/br_lora_library_staging/batch_0030/synthetic_007284
  Verdict                : PASS

[35/250] synthetic_007285
  Case seed              : 116761440
  External subject       : BraTS20_Validation_091
  External slice         : 28
  Donor mask pixels      : 2208
  Posterior stack        : (100, 1, 1, 240, 240)
  Case output            : /Users/bhanugarg/archive/br_lora_library_staging/batch_0030/synthetic_007285
  Verdict                : PASS

[36/250] synthetic_007286
  Case seed              : 1393707474
  External subject       : BraTS20_Validation_091
  External slice         : 29
  Donor mask pixels      : 840
  Posterior stack        : (100, 1, 1, 240, 240)
  Case output            : /Users/bhanugarg/archive/br_lora_library_staging/batch_0030/synthetic_007286
  Verdict                : PASS

[37/250] synthetic_007287
  Case seed              : 1775071191
  External subject       : BraTS20_Validation_091
  External slice         : 30
  Donor mask pixels      : 363
  Posterior stack        : (100, 1, 1, 240, 240)
  Case output            : /Users/bhanugarg/archive/br_lora_library_staging/batch_0030/synthetic_007287
  Verdict                : PASS

[38/250] synthetic_007288
  Case seed              : 453550835
  External subject       : BraTS20_Validation_091
  External slice         : 31
  Donor mask pixels      : 383
  Posterior stack        : (100, 1, 1, 240, 240)
  Case output            : /Users/bhanugarg/archive/br_lora_library_staging/batch_0030/synthetic_007288
  Verdict                : PASS

[39/250] synthetic_007289
  Case seed              : 1828580852
  External subject       : BraTS20_Validation_091
  External slice         : 32
  Donor mask pixels      : 339
  Posterior stack        : (100, 1, 1, 240, 240)
  Case output            : /Users/bhanugarg/archive/br_lora_library_staging/batch_0030/synthetic_007289
  Verdict                : PASS

[40/250] synthetic_007290
  Case seed              : 851661351
  External subject       : BraTS20_Validation_091
  External slice         : 33
  Donor mask pixels      : 824
  Posterior stack        : (100, 1, 1, 240, 240)
  Case output            : /Users/bhanugarg/archive/br_lora_library_staging/batch_0030/synthetic_007290
  Verdict                : PASS

[41/250] synthetic_007291
  Case seed              : 257804177
  External subject       : BraTS20_Validation_091
  External slice         : 34
  Donor mask pixels      : 1050
  Posterior stack        : (100, 1, 1, 240, 240)
  Case output            : /Users/bhanugarg/archive/br_lora_library_staging/batch_0030/synthetic_007291
  Verdict                : PASS

[42/250] synthetic_007292
  Case seed              : 1597454005
  External subject       : BraTS20_Validation_091
  External slice         : 35
  Donor mask pixels      : 887
  Posterior stack        : (100, 1, 1, 240, 240)
  Case output            : /Users/bhanugarg/archive/br_lora_library_staging/batch_0030/synthetic_007292
  Verdict                : PASS

[43/250] synthetic_007293
  Case seed              : 1994168771
  External subject       : BraTS20_Validation_091
  External slice         : 36
  Donor mask pixels      : 473
  Posterior stack        : (100, 1, 1, 240, 240)
  Case output            : /Users/bhanugarg/archive/br_lora_library_staging/batch_0030/synthetic_007293
  Verdict                : PASS

[44/250] synthetic_007294
  Case seed              : 2096864251
  External subject       : BraTS20_Validation_091
  External slice         : 37
  Donor mask pixels      : 2273
  Posterior stack        : (100, 1, 1, 240, 240)
  Case output            : /Users/bhanugarg/archive/br_lora_library_staging/batch_0030/synthetic_007294
  Verdict                : PASS

[45/250] synthetic_007295
  Case seed              : 620043668
  External subject       : BraTS20_Validation_091
  External slice         : 38
  Donor mask pixels      : 435
  Posterior stack        : (100, 1, 1, 240, 240)
  Case output            : /Users/bhanugarg/archive/br_lora_library_staging/batch_0030/synthetic_007295
  Verdict                : PASS

[46/250] synthetic_007296
  Case seed              : 1863171437
  External subject       : BraTS20_Validation_091
  External slice         : 39
  Donor mask pixels      : 2050
  Posterior stack        : (100, 1, 1, 240, 240)
  Case output            : /Users/bhanugarg/archive/br_lora_library_staging/batch_0030/synthetic_007296
  Verdict                : PASS

[47/250] synthetic_007297
  Case seed              : 1530539612
  External subject       : BraTS20_Validation_091
  External slice         : 40
  Donor mask pixels      : 1523
  Posterior stack        : (100, 1, 1, 240, 240)
  Case output            : /Users/bhanugarg/archive/br_lora_library_staging/batch_0030/synthetic_007297
  Verdict                : PASS

[48/250] synthetic_007298
  Case seed              : 1234289690
  External subject       : BraTS20_Validation_091
  External slice         : 41
  Donor mask pixels      : 1968
  Posterior stack        : (100, 1, 1, 240, 240)
  Case output            : /Users/bhanugarg/archive/br_lora_library_staging/batch_0030/synthetic_007298
  Verdict                : PASS

[49/250] synthetic_007299
  Case seed              : 1932970111
  External subject       : BraTS20_Validation_091
  External slice         : 42
  Donor mask pixels      : 1219
  Posterior stack        : (100, 1, 1, 240, 240)
  Case output            : /Users/bhanugarg/archive/br_lora_library_staging/batch_0030/synthetic_007299
  Verdict                : PASS

[50/250] synthetic_007300
  Case seed              : 505396026
  External subject       : BraTS20_Validation_091
  External slice         : 43
  Donor mask pixels      : 1786
  Posterior stack        : (100, 1, 1, 240, 240)
  Case output            : /Users/bhanugarg/archive/br_lora_library_staging/batch_0030/synthetic_007300
  Verdict                : PASS

[51/250] synthetic_007301
  Case seed              : 353700926
  External subject       : BraTS20_Validation_091
  External slice         : 44
  Donor mask pixels      : 1547
  Posterior stack        : (100, 1, 1, 240, 240)
  Case output            : /Users/bhanugarg/archive/br_lora_library_staging/batch_0030/synthetic_007301
  Verdict                : PASS

[52/250] synthetic_007302
  Case seed              : 175583286
  External subject       : BraTS20_Validation_091
  External slice         : 45
  Donor mask pixels      : 1944
  Posterior stack        : (100, 1, 1, 240, 240)
  Case output            : /Users/bhanugarg/archive/br_lora_library_staging/batch_0030/synthetic_007302
  Verdict                : PASS

[53/250] synthetic_007303
  Case seed              : 1954873830
  External subject       : BraTS20_Validation_091
  External slice         : 46
  Donor mask pixels      : 2033
  Posterior stack        : (100, 1, 1, 240, 240)
  Case output            : /Users/bhanugarg/archive/br_lora_library_staging/batch_0030/synthetic_007303
  Verdict                : PASS

[54/250] synthetic_007304
  Case seed              : 526736374
  External subject       : BraTS20_Validation_091
  External slice         : 47
  Donor mask pixels      : 1756
  Posterior stack        : (100, 1, 1, 240, 240)
  Case output            : /Users/bhanugarg/archive/br_lora_library_staging/batch_0030/synthetic_007304
  Verdict                : PASS

[55/250] synthetic_007305
  Case seed              : 1826217307
  External subject       : BraTS20_Validation_091
  External slice         : 48
  Donor mask pixels      : 596
  Posterior stack        : (100, 1, 1, 240, 240)
  Case output            : /Users/bhanugarg/archive/br_lora_library_staging/batch_0030/synthetic_007305
  Verdict                : PASS

[56/250] synthetic_007306
  Case seed              : 682849375
  External subject       : BraTS20_Validation_091
  External slice         : 49
  Donor mask pixels      : 1378
  Posterior stack        : (100, 1, 1, 240, 240)
  Case output            : /Users/bhanugarg/archive/br_lora_library_staging/batch_0030/synthetic_007306
  Verdict                : PASS

[57/250] synthetic_007307
  Case seed              : 593488855
  External subject       : BraTS20_Validation_091
  External slice         : 50
  Donor mask pixels      : 2053
  Posterior stack        : (100, 1, 1, 240, 240)
  Case output            : /Users/bhanugarg/archive/br_lora_library_staging/batch_0030/synthetic_007307
  Verdict                : PASS

[58/250] synthetic_007308
  Case seed              : 1967985246
  External subject       : BraTS20_Validation_091
  External slice         : 51
  Donor mask pixels      : 3588
  Posterior stack        : (100, 1, 1, 240, 240)
  Case output            : /Users/bhanugarg/archive/br_lora_library_staging/batch_0030/synthetic_007308
  Verdict                : PASS

[59/250] synthetic_007309
  Case seed              : 740546695
  External subject       : BraTS20_Validation_091
  External slice         : 52
  Donor mask pixels      : 667
  Posterior stack        : (100, 1, 1, 240, 240)
  Case output            : /Users/bhanugarg/archive/br_lora_library_staging/batch_0030/synthetic_007309
  Verdict                : PASS

[60/250] synthetic_007310
  Case seed              : 1357096606
  External subject       : BraTS20_Validation_091
  External slice         : 53
  Donor mask pixels      : 1734
  Posterior stack        : (100, 1, 1, 240, 240)
  Case output            : /Users/bhanugarg/archive/br_lora_library_staging/batch_0030/synthetic_007310
  Verdict                : PASS

[61/250] synthetic_007311
  Case seed              : 577985030
  External subject       : BraTS20_Validation_091
  External slice         : 54
  Donor mask pixels      : 3637
  Posterior stack        : (100, 1, 1, 240, 240)
  Case output            : /Users/bhanugarg/archive/br_lora_library_staging/batch_0030/synthetic_007311
  Verdict                : PASS

[62/250] synthetic_007312
  Case seed              : 697595362
  External subject       : BraTS20_Validation_091
  External slice         : 55
  Donor mask pixels      : 2250
  Posterior stack        : (100, 1, 1, 240, 240)
  Case output            : /Users/bhanugarg/archive/br_lora_library_staging/batch_0030/synthetic_007312
  Verdict                : PASS

[63/250] synthetic_007313
  Case seed              : 1548431994
  External subject       : BraTS20_Validation_091
  External slice         : 56
  Donor mask pixels      : 2859
  Posterior stack        : (100, 1, 1, 240, 240)
  Case output            : /Users/bhanugarg/archive/br_lora_library_staging/batch_0030/synthetic_007313
  Verdict                : PASS

[64/250] synthetic_007314
  Case seed              : 1877376479
  External subject       : BraTS20_Validation_091
  External slice         : 57
  Donor mask pixels      : 1676
  Posterior stack        : (100, 1, 1, 240, 240)
  Case output            : /Users/bhanugarg/archive/br_lora_library_staging/batch_0030/synthetic_007314
  Verdict                : PASS

[65/250] synthetic_007315
  Case seed              : 116707135
  External subject       : BraTS20_Validation_091
  External slice         : 58
  Donor mask pixels      : 3266
  Posterior stack        : (100, 1, 1, 240, 240)
  Case output            : /Users/bhanugarg/archive/br_lora_library_staging/batch_0030/synthetic_007315
  Verdict                : PASS

[66/250] synthetic_007316
  Case seed              : 1768426387
  External subject       : BraTS20_Validation_091
  External slice         : 59
  Donor mask pixels      : 1090
  Posterior stack        : (100, 1, 1, 240, 240)
  Case output            : /Users/bhanugarg/archive/br_lora_library_staging/batch_0030/synthetic_007316
  Verdict                : PASS

[67/250] synthetic_007317
  Case seed              : 37637990
  External subject       : BraTS20_Validation_091
  External slice         : 60
  Donor mask pixels      : 1385
  Posterior stack        : (100, 1, 1, 240, 240)
  Case output            : /Users/bhanugarg/archive/br_lora_library_staging/batch_0030/synthetic_007317
  Verdict                : PASS

[68/250] synthetic_007318
  Case seed              : 2051604501
  External subject       : BraTS20_Validation_091
  External slice         : 61
  Donor mask pixels      : 2309
  Posterior stack        : (100, 1, 1, 240, 240)
  Case output            : /Users/bhanugarg/archive/br_lora_library_staging/batch_0030/synthetic_007318
  Verdict                : PASS

[69/250] synthetic_007319
  Case seed              : 217860968
  External subject       : BraTS20_Validation_091
  External slice         : 62
  Donor mask pixels      : 3779
  Posterior stack        : (100, 1, 1, 240, 240)
  Case output            : /Users/bhanugarg/archive/br_lora_library_staging/batch_0030/synthetic_007319
  Verdict                : PASS

[70/250] synthetic_007320
  Case seed              : 1662606234
  External subject       : BraTS20_Validation_091
  External slice         : 63
  Donor mask pixels      : 3372
  Posterior stack        : (100, 1, 1, 240, 240)
  Case output            : /Users/bhanugarg/archive/br_lora_library_staging/batch_0030/synthetic_007320
  Verdict                : PASS

[71/250] synthetic_007321
  Case seed              : 595582627
  External subject       : BraTS20_Validation_091
  External slice         : 64
  Donor mask pixels      : 2052
  Posterior stack        : (100, 1, 1, 240, 240)
  Case output            : /Users/bhanugarg/archive/br_lora_library_staging/batch_0030/synthetic_007321
  Verdict                : PASS

[72/250] synthetic_007322
  Case seed              : 1802163213
  External subject       : BraTS20_Validation_091
  External slice         : 65
  Donor mask pixels      : 2649
  Posterior stack        : (100, 1, 1, 240, 240)
  Case output            : /Users/bhanugarg/archive/br_lora_library_staging/batch_0030/synthetic_007322
  Verdict                : PASS

[73/250] synthetic_007323
  Case seed              : 1518594649
  External subject       : BraTS20_Validation_091
  External slice         : 66
  Donor mask pixels      : 2210
  Posterior stack        : (100, 1, 1, 240, 240)
  Case output            : /Users/bhanugarg/archive/br_lora_library_staging/batch_0030/synthetic_007323
  Verdict                : PASS

[74/250] synthetic_007324
  Case seed              : 862892146
  External subject       : BraTS20_Validation_091
  External slice         : 67
  Donor mask pixels      : 2768
  Posterior stack        : (100, 1, 1, 240, 240)
  Case output            : /Users/bhanugarg/archive/br_lora_library_staging/batch_0030/synthetic_007324
  Verdict                : PASS

[75/250] synthetic_007325
  Case seed              : 1490655115
  External subject       : BraTS20_Validation_091
  External slice         : 68
  Donor mask pixels      : 3498
  Posterior stack        : (100, 1, 1, 240, 240)
  Case output            : /Users/bhanugarg/archive/br_lora_library_staging/batch_0030/synthetic_007325
  Verdict                : PASS

[76/250] synthetic_007326
  Case seed              : 1805351915
  External subject       : BraTS20_Validation_091
  External slice         : 70
  Donor mask pixels      : 2755
  Posterior stack        : (100, 1, 1, 240, 240)
  Case output            : /Users/bhanugarg/archive/br_lora_library_staging/batch_0030/synthetic_007326
  Verdict                : PASS

[77/250] synthetic_007327
  Case seed              : 1375371108
  External subject       : BraTS20_Validation_091
  External slice         : 71
  Donor mask pixels      : 5049
  Posterior stack        : (100, 1, 1, 240, 240)
  Case output            : /Users/bhanugarg/archive/br_lora_library_staging/batch_0030/synthetic_007327
  Verdict                : PASS

[78/250] synthetic_007328
  Case seed              : 949597124
  External subject       : BraTS20_Validation_091
  External slice         : 72
  Donor mask pixels      : 1639
  Posterior stack        : (100, 1, 1, 240, 240)
  Case output            : /Users/bhanugarg/archive/br_lora_library_staging/batch_0030/synthetic_007328
  Verdict                : PASS

[79/250] synthetic_007329
  Case seed              : 1169724831
  External subject       : BraTS20_Validation_091
  External slice         : 73
  Donor mask pixels      : 945
  Posterior stack        : (100, 1, 1, 240, 240)
  Case output            : /Users/bhanugarg/archive/br_lora_library_staging/batch_0030/synthetic_007329
  Verdict                : PASS

[80/250] synthetic_007330
  Case seed              : 534643179
  External subject       : BraTS20_Validation_091
  External slice         : 74
  Donor mask pixels      : 1059
  Posterior stack        : (100, 1, 1, 240, 240)
  Case output            : /Users/bhanugarg/archive/br_lora_library_staging/batch_0030/synthetic_007330
  Verdict                : PASS

[81/250] synthetic_007331
  Case seed              : 717334213
  External subject       : BraTS20_Validation_091
  External slice         : 75
  Donor mask pixels      : 3508
  Posterior stack        : (100, 1, 1, 240, 240)
  Case output            : /Users/bhanugarg/archive/br_lora_library_staging/batch_0030/synthetic_007331
  Verdict                : PASS

[82/250] synthetic_007332
  Case seed              : 1184287559
  External subject       : BraTS20_Validation_091
  External slice         : 106
  Donor mask pixels      : 4119
  Posterior stack        : (100, 1, 1, 240, 240)
  Case output            : /Users/bhanugarg/archive/br_lora_library_staging/batch_0030/synthetic_007332
  Verdict                : PASS

[83/250] synthetic_007333
  Case seed              : 1566341649
  External subject       : BraTS20_Validation_091
  External slice         : 107
  Donor mask pixels      : 1644
  Posterior stack        : (100, 1, 1, 240, 240)
  Case output            : /Users/bhanugarg/archive/br_lora_library_staging/batch_0030/synthetic_007333
  Verdict                : PASS

[84/250] synthetic_007334
  Case seed              : 335302271
  External subject       : BraTS20_Validation_091
  External slice         : 108
  Donor mask pixels      : 1273
  Posterior stack        : (100, 1, 1, 240, 240)
  Case output            : /Users/bhanugarg/archive/br_lora_library_staging/batch_0030/synthetic_007334
  Verdict                : PASS

[85/250] synthetic_007335
  Case seed              : 663759569
  External subject       : BraTS20_Validation_091
  External slice         : 109
  Donor mask pixels      : 1577
  Posterior stack        : (100, 1, 1, 240, 240)
  Case output            : /Users/bhanugarg/archive/br_lora_library_staging/batch_0030/synthetic_007335
  Verdict                : PASS

[86/250] synthetic_007336
  Case seed              : 1805328115
  External subject       : BraTS20_Validation_091
  External slice         : 110
  Donor mask pixels      : 3133
  Posterior stack        : (100, 1, 1, 240, 240)
  Case output            : /Users/bhanugarg/archive/br_lora_library_staging/batch_0030/synthetic_007336
  Verdict                : PASS

[87/250] synthetic_007337
  Case seed              : 1326958157
  External subject       : BraTS20_Validation_091
  External slice         : 111
  Donor mask pixels      : 2405
  Posterior stack        : (100, 1, 1, 240, 240)
  Case output            : /Users/bhanugarg/archive/br_lora_library_staging/batch_0030/synthetic_007337
  Verdict                : PASS

[88/250] synthetic_007338
  Case seed              : 769484229
  External subject       : BraTS20_Validation_091
  External slice         : 112
  Donor mask pixels      : 2927
  Posterior stack        : (100, 1, 1, 240, 240)
  Case output            : /Users/bhanugarg/archive/br_lora_library_staging/batch_0030/synthetic_007338
  Verdict                : PASS

[89/250] synthetic_007339
  Case seed              : 1967478129
  External subject       : BraTS20_Validation_091
  External slice         : 113
  Donor mask pixels      : 851
  Posterior stack        : (100, 1, 1, 240, 240)
  Case output            : /Users/bhanugarg/archive/br_lora_library_staging/batch_0030/synthetic_007339
  Verdict                : PASS

[90/250] synthetic_007340
  Case seed              : 649269944
  External subject       : BraTS20_Validation_091
  External slice         : 114
  Donor mask pixels      : 913
  Posterior stack        : (100, 1, 1, 240, 240)
  Case output            : /Users/bhanugarg/archive/br_lora_library_staging/batch_0030/synthetic_007340
  Verdict                : PASS

[91/250] synthetic_007341
  Case seed              : 693307481
  External subject       : BraTS20_Validation_091
  External slice         : 115
  Donor mask pixels      : 2326
  Posterior stack        : (100, 1, 1, 240, 240)
  Case output            : /Users/bhanugarg/archive/br_lora_library_staging/batch_0030/synthetic_007341
  Verdict                : PASS

[92/250] synthetic_007342
  Case seed              : 602484672
  External subject       : BraTS20_Validation_091
  External slice         : 117
  Donor mask pixels      : 902
  Posterior stack        : (100, 1, 1, 240, 240)
  Case output            : /Users/bhanugarg/archive/br_lora_library_staging/batch_0030/synthetic_007342
  Verdict                : PASS

[93/250] synthetic_007343
  Case seed              : 1731946145
  External subject       : BraTS20_Validation_091
  External slice         : 118
  Donor mask pixels      : 1684
  Posterior stack        : (100, 1, 1, 240, 240)
  Case output            : /Users/bhanugarg/archive/br_lora_library_staging/batch_0030/synthetic_007343
  Verdict                : PASS

[94/250] synthetic_007344
  Case seed              : 900074523
  External subject       : BraTS20_Validation_091
  External slice         : 119
  Donor mask pixels      : 726
  Posterior stack        : (100, 1, 1, 240, 240)
  Case output            : /Users/bhanugarg/archive/br_lora_library_staging/batch_0030/synthetic_007344
  Verdict                : PASS

[95/250] synthetic_007345
  Case seed              : 995168263
  External subject       : BraTS20_Validation_091
  External slice         : 120
  Donor mask pixels      : 1464
  Posterior stack        : (100, 1, 1, 240, 240)
  Case output            : /Users/bhanugarg/archive/br_lora_library_staging/batch_0030/synthetic_007345
  Verdict                : PASS

[96/250] synthetic_007346
  Case seed              : 2023242246
  External subject       : BraTS20_Validation_091
  External slice         : 121
  Donor mask pixels      : 339
  Posterior stack        : (100, 1, 1, 240, 240)
  Case output            : /Users/bhanugarg/archive/br_lora_library_staging/batch_0030/synthetic_007346
  Verdict                : PASS

[97/250] synthetic_007347
  Case seed              : 922688325
  External subject       : BraTS20_Validation_091
  External slice         : 122
  Donor mask pixels      : 301
  Posterior stack        : (100, 1, 1, 240, 240)
  Case output            : /Users/bhanugarg/archive/br_lora_library_staging/batch_0030/synthetic_007347
  Verdict                : PASS

[98/250] synthetic_007348
  Case seed              : 638068802
  External subject       : BraTS20_Validation_091
  External slice         : 123
  Donor mask pixels      : 1205
  Posterior stack        : (100, 1, 1, 240, 240)
  Case output            : /Users/bhanugarg/archive/br_lora_library_staging/batch_0030/synthetic_007348
  Verdict                : PASS

[99/250] synthetic_007349
  Case seed              : 1009622699
  External subject       : BraTS20_Validation_092
  External slice         : 23
  Donor mask pixels      : 1112
  Posterior stack        : (100, 1, 1, 240, 240)
  Case output            : /Users/bhanugarg/archive/br_lora_library_staging/batch_0030/synthetic_007349
  Verdict                : PASS

[100/250] synthetic_007350
  Case seed              : 1817052465
  External subject       : BraTS20_Validation_092
  External slice         : 24
  Donor mask pixels      : 813
  Posterior stack        : (100, 1, 1, 240, 240)
  Case output            : /Users/bhanugarg/archive/br_lora_library_staging/batch_0030/synthetic_007350
  Verdict                : PASS

[101/250] synthetic_007351
  Case seed              : 1335021781
  External subject       : BraTS20_Validation_092
  External slice         : 25
  Donor mask pixels      : 588
  Posterior stack        : (100, 1, 1, 240, 240)
  Case output            : /Users/bhanugarg/archive/br_lora_library_staging/batch_0030/synthetic_007351
  Verdict                : PASS

[102/250] synthetic_007352
  Case seed              : 1428437130
  External subject       : BraTS20_Validation_092
  External slice         : 26
  Donor mask pixels      : 1317
  Posterior stack        : (100, 1, 1, 240, 240)
  Case output            : /Users/bhanugarg/archive/br_lora_library_staging/batch_0030/synthetic_007352
  Verdict                : PASS

[103/250] synthetic_007353
  Case seed              : 1774355541
  External subject       : BraTS20_Validation_092
  External slice         : 27
  Donor mask pixels      : 1258
  Posterior stack        : (100, 1, 1, 240, 240)
  Case output            : /Users/bhanugarg/archive/br_lora_library_staging/batch_0030/synthetic_007353
  Verdict                : PASS

[104/250] synthetic_007354
  Case seed              : 24027826
  External subject       : BraTS20_Validation_092
  External slice         : 28
  Donor mask pixels      : 808
  Posterior stack        : (100, 1, 1, 240, 240)
  Case output            : /Users/bhanugarg/archive/br_lora_library_staging/batch_0030/synthetic_007354
  Verdict                : PASS

[105/250] synthetic_007355
  Case seed              : 13148920
  External subject       : BraTS20_Validation_092
  External slice         : 29
  Donor mask pixels      : 1196
  Posterior stack        : (100, 1, 1, 240, 240)
  Case output            : /Users/bhanugarg/archive/br_lora_library_staging/batch_0030/synthetic_007355
  Verdict                : PASS

[106/250] synthetic_007356
  Case seed              : 919856569
  External subject       : BraTS20_Validation_092
  External slice         : 30
  Donor mask pixels      : 1149
  Posterior stack        : (100, 1, 1, 240, 240)
  Case output            : /Users/bhanugarg/archive/br_lora_library_staging/batch_0030/synthetic_007356
  Verdict                : PASS

[107/250] synthetic_007357
  Case seed              : 1750850581
  External subject       : BraTS20_Validation_092
  External slice         : 31
  Donor mask pixels      : 932
  Posterior stack        : (100, 1, 1, 240, 240)
  Case output            : /Users/bhanugarg/archive/br_lora_library_staging/batch_0030/synthetic_007357
  Verdict                : PASS

[108/250] synthetic_007358
  Case seed              : 1897189392
  External subject       : BraTS20_Validation_092
  External slice         : 32
  Donor mask pixels      : 1082
  Posterior stack        : (100, 1, 1, 240, 240)
  Case output            : /Users/bhanugarg/archive/br_lora_library_staging/batch_0030/synthetic_007358
  Verdict                : PASS

[109/250] synthetic_007359
  Case seed              : 1280669195
  External subject       : BraTS20_Validation_092
  External slice         : 33
  Donor mask pixels      : 521
  Posterior stack        : (100, 1, 1, 240, 240)
  Case output            : /Users/bhanugarg/archive/br_lora_library_staging/batch_0030/synthetic_007359
  Verdict                : PASS

[110/250] synthetic_007360
  Case seed              : 21545756
  External subject       : BraTS20_Validation_092
  External slice         : 34
  Donor mask pixels      : 425
  Posterior stack        : (100, 1, 1, 240, 240)
  Case output            : /Users/bhanugarg/archive/br_lora_library_staging/batch_0030/synthetic_007360
  Verdict                : PASS

[111/250] synthetic_007361
  Case seed              : 294791942
  External subject       : BraTS20_Validation_092
  External slice         : 35
  Donor mask pixels      : 784
  Posterior stack        : (100, 1, 1, 240, 240)
  Case output            : /Users/bhanugarg/archive/br_lora_library_staging/batch_0030/synthetic_007361
  Verdict                : PASS

[112/250] synthetic_007362
  Case seed              : 1489582102
  External subject       : BraTS20_Validation_092
  External slice         : 36
  Donor mask pixels      : 591
  Posterior stack        : (100, 1, 1, 240, 240)
  Case output            : /Users/bhanugarg/archive/br_lora_library_staging/batch_0030/synthetic_007362
  Verdict                : PASS

[113/250] synthetic_007363
  Case seed              : 1380131677
  External subject       : BraTS20_Validation_092
  External slice         : 37
  Donor mask pixels      : 1576
  Posterior stack        : (100, 1, 1, 240, 240)
  Case output            : /Users/bhanugarg/archive/br_lora_library_staging/batch_0030/synthetic_007363
  Verdict                : PASS

[114/250] synthetic_007364
  Case seed              : 204423460
  External subject       : BraTS20_Validation_092
  External slice         : 38
  Donor mask pixels      : 2954
  Posterior stack        : (100, 1, 1, 240, 240)
  Case output            : /Users/bhanugarg/archive/br_lora_library_staging/batch_0030/synthetic_007364
  Verdict                : PASS

[115/250] synthetic_007365
  Case seed              : 2063289992
  External subject       : BraTS20_Validation_092
  External slice         : 39
  Donor mask pixels      : 1366
  Posterior stack        : (100, 1, 1, 240, 240)
  Case output            : /Users/bhanugarg/archive/br_lora_library_staging/batch_0030/synthetic_007365
  Verdict                : PASS

[116/250] synthetic_007366
  Case seed              : 1214074620
  External subject       : BraTS20_Validation_092
  External slice         : 40
  Donor mask pixels      : 2147
  Posterior stack        : (100, 1, 1, 240, 240)
  Case output            : /Users/bhanugarg/archive/br_lora_library_staging/batch_0030/synthetic_007366
  Verdict                : PASS

[117/250] synthetic_007367
  Case seed              : 2142056705
  External subject       : BraTS20_Validation_092
  External slice         : 41
  Donor mask pixels      : 1205
  Posterior stack        : (100, 1, 1, 240, 240)
  Case output            : /Users/bhanugarg/archive/br_lora_library_staging/batch_0030/synthetic_007367
  Verdict                : PASS

[118/250] synthetic_007368
  Case seed              : 1358297500
  External subject       : BraTS20_Validation_092
  External slice         : 42
  Donor mask pixels      : 3531
  Posterior stack        : (100, 1, 1, 240, 240)
  Case output            : /Users/bhanugarg/archive/br_lora_library_staging/batch_0030/synthetic_007368
  Verdict                : PASS

[119/250] synthetic_007369
  Case seed              : 1754924683
  External subject       : BraTS20_Validation_092
  External slice         : 43
  Donor mask pixels      : 3362
  Posterior stack        : (100, 1, 1, 240, 240)
  Case output            : /Users/bhanugarg/archive/br_lora_library_staging/batch_0030/synthetic_007369
  Verdict                : PASS

[120/250] synthetic_007370
  Case seed              : 1655806935
  External subject       : BraTS20_Validation_092
  External slice         : 44
  Donor mask pixels      : 1837
  Posterior stack        : (100, 1, 1, 240, 240)
  Case output            : /Users/bhanugarg/archive/br_lora_library_staging/batch_0030/synthetic_007370
  Verdict                : PASS

[121/250] synthetic_007371
  Case seed              : 1151566327
  External subject       : BraTS20_Validation_092
  External slice         : 45
  Donor mask pixels      : 2048
  Posterior stack        : (100, 1, 1, 240, 240)
  Case output            : /Users/bhanugarg/archive/br_lora_library_staging/batch_0030/synthetic_007371
  Verdict                : PASS

[122/250] synthetic_007372
  Case seed              : 614497095
  External subject       : BraTS20_Validation_092
  External slice         : 46
  Donor mask pixels      : 1837
  Posterior stack        : (100, 1, 1, 240, 240)
  Case output            : /Users/bhanugarg/archive/br_lora_library_staging/batch_0030/synthetic_007372
  Verdict                : PASS

[123/250] synthetic_007373
  Case seed              : 2029727867
  External subject       : BraTS20_Validation_092
  External slice         : 47
  Donor mask pixels      : 1060
  Posterior stack        : (100, 1, 1, 240, 240)
  Case output            : /Users/bhanugarg/archive/br_lora_library_staging/batch_0030/synthetic_007373
  Verdict                : PASS

[124/250] synthetic_007374
  Case seed              : 100482065
  External subject       : BraTS20_Validation_092
  External slice         : 48
  Donor mask pixels      : 1808
  Posterior stack        : (100, 1, 1, 240, 240)
  Case output            : /Users/bhanugarg/archive/br_lora_library_staging/batch_0030/synthetic_007374
  Verdict                : PASS

[125/250] synthetic_007375
  Case seed              : 63926814
  External subject       : BraTS20_Validation_092
  External slice         : 49
  Donor mask pixels      : 3753
  Posterior stack        : (100, 1, 1, 240, 240)
  Case output            : /Users/bhanugarg/archive/br_lora_library_staging/batch_0030/synthetic_007375
  Verdict                : PASS

[126/250] synthetic_007376
  Case seed              : 1316837274
  External subject       : BraTS20_Validation_092
  External slice         : 50
  Donor mask pixels      : 2048
  Posterior stack        : (100, 1, 1, 240, 240)
  Case output            : /Users/bhanugarg/archive/br_lora_library_staging/batch_0030/synthetic_007376
  Verdict                : PASS

[127/250] synthetic_007377
  Case seed              : 1434342687
  External subject       : BraTS20_Validation_092
  External slice         : 51
  Donor mask pixels      : 3372
  Posterior stack        : (100, 1, 1, 240, 240)
  Case output            : /Users/bhanugarg/archive/br_lora_library_staging/batch_0030/synthetic_007377
  Verdict                : PASS

[128/250] synthetic_007378
  Case seed              : 363253146
  External subject       : BraTS20_Validation_092
  External slice         : 52
  Donor mask pixels      : 3439
  Posterior stack        : (100, 1, 1, 240, 240)
  Case output            : /Users/bhanugarg/archive/br_lora_library_staging/batch_0030/synthetic_007378
  Verdict                : PASS

[129/250] synthetic_007379
  Case seed              : 1251066871
  External subject       : BraTS20_Validation_092
  External slice         : 53
  Donor mask pixels      : 1885
  Posterior stack        : (100, 1, 1, 240, 240)
  Case output            : /Users/bhanugarg/archive/br_lora_library_staging/batch_0030/synthetic_007379
  Verdict                : PASS

[130/250] synthetic_007380
  Case seed              : 1994616248
  External subject       : BraTS20_Validation_092
  External slice         : 54
  Donor mask pixels      : 1188
  Posterior stack        : (100, 1, 1, 240, 240)
  Case output            : /Users/bhanugarg/archive/br_lora_library_staging/batch_0030/synthetic_007380
  Verdict                : PASS

[131/250] synthetic_007381
  Case seed              : 295174830
  External subject       : BraTS20_Validation_092
  External slice         : 55
  Donor mask pixels      : 3065
  Posterior stack        : (100, 1, 1, 240, 240)
  Case output            : /Users/bhanugarg/archive/br_lora_library_staging/batch_0030/synthetic_007381
  Verdict                : PASS

[132/250] synthetic_007382
  Case seed              : 279292470
  External subject       : BraTS20_Validation_092
  External slice         : 56
  Donor mask pixels      : 4017
  Posterior stack        : (100, 1, 1, 240, 240)
  Case output            : /Users/bhanugarg/archive/br_lora_library_staging/batch_0030/synthetic_007382
  Verdict                : PASS

[133/250] synthetic_007383
  Case seed              : 1816774400
  External subject       : BraTS20_Validation_092
  External slice         : 57
  Donor mask pixels      : 604
  Posterior stack        : (100, 1, 1, 240, 240)
  Case output            : /Users/bhanugarg/archive/br_lora_library_staging/batch_0030/synthetic_007383
  Verdict                : PASS

[134/250] synthetic_007384
  Case seed              : 1366111562
  External subject       : BraTS20_Validation_092
  External slice         : 58
  Donor mask pixels      : 319
  Posterior stack        : (100, 1, 1, 240, 240)
  Case output            : /Users/bhanugarg/archive/br_lora_library_staging/batch_0030/synthetic_007384
  Verdict                : PASS

[135/250] synthetic_007385
  Case seed              : 213846628
  External subject       : BraTS20_Validation_092
  External slice         : 59
  Donor mask pixels      : 3703
  Posterior stack        : (100, 1, 1, 240, 240)
  Case output            : /Users/bhanugarg/archive/br_lora_library_staging/batch_0030/synthetic_007385
  Verdict                : PASS

[136/250] synthetic_007386
  Case seed              : 1648135883
  External subject       : BraTS20_Validation_092
  External slice         : 60
  Donor mask pixels      : 1685
  Posterior stack        : (100, 1, 1, 240, 240)
  Case output            : /Users/bhanugarg/archive/br_lora_library_staging/batch_0030/synthetic_007386
  Verdict                : PASS

[137/250] synthetic_007387
  Case seed              : 933080768
  External subject       : BraTS20_Validation_092
  External slice         : 61
  Donor mask pixels      : 1489
  Posterior stack        : (100, 1, 1, 240, 240)
  Case output            : /Users/bhanugarg/archive/br_lora_library_staging/batch_0030/synthetic_007387
  Verdict                : PASS

[138/250] synthetic_007388
  Case seed              : 1065501976
  External subject       : BraTS20_Validation_092
  External slice         : 62
  Donor mask pixels      : 2291
  Posterior stack        : (100, 1, 1, 240, 240)
  Case output            : /Users/bhanugarg/archive/br_lora_library_staging/batch_0030/synthetic_007388
  Verdict                : PASS

[139/250] synthetic_007389
  Case seed              : 2074839687
  External subject       : BraTS20_Validation_092
  External slice         : 63
  Donor mask pixels      : 1572
  Posterior stack        : (100, 1, 1, 240, 240)
  Case output            : /Users/bhanugarg/archive/br_lora_library_staging/batch_0030/synthetic_007389
  Verdict                : PASS

[140/250] synthetic_007390
  Case seed              : 777829303
  External subject       : BraTS20_Validation_092
  External slice         : 64
  Donor mask pixels      : 2620
  Posterior stack        : (100, 1, 1, 240, 240)
  Case output            : /Users/bhanugarg/archive/br_lora_library_staging/batch_0030/synthetic_007390
  Verdict                : PASS

[141/250] synthetic_007391
  Case seed              : 1541891867
  External subject       : BraTS20_Validation_092
  External slice         : 65
  Donor mask pixels      : 3588
  Posterior stack        : (100, 1, 1, 240, 240)
  Case output            : /Users/bhanugarg/archive/br_lora_library_staging/batch_0030/synthetic_007391
  Verdict                : PASS

[142/250] synthetic_007392
  Case seed              : 1158231858
  External subject       : BraTS20_Validation_092
  External slice         : 66
  Donor mask pixels      : 1196
  Posterior stack        : (100, 1, 1, 240, 240)
  Case output            : /Users/bhanugarg/archive/br_lora_library_staging/batch_0030/synthetic_007392
  Verdict                : PASS

[143/250] synthetic_007393
  Case seed              : 1317545765
  External subject       : BraTS20_Validation_092
  External slice         : 67
  Donor mask pixels      : 3697
  Posterior stack        : (100, 1, 1, 240, 240)
  Case output            : /Users/bhanugarg/archive/br_lora_library_staging/batch_0030/synthetic_007393
  Verdict                : PASS

[144/250] synthetic_007394
  Case seed              : 465404002
  External subject       : BraTS20_Validation_092
  External slice         : 68
  Donor mask pixels      : 2158
  Posterior stack        : (100, 1, 1, 240, 240)
  Case output            : /Users/bhanugarg/archive/br_lora_library_staging/batch_0030/synthetic_007394
  Verdict                : PASS

[145/250] synthetic_007395
  Case seed              : 77806889
  External subject       : BraTS20_Validation_092
  External slice         : 69
  Donor mask pixels      : 2100
  Posterior stack        : (100, 1, 1, 240, 240)
  Case output            : /Users/bhanugarg/archive/br_lora_library_staging/batch_0030/synthetic_007395
  Verdict                : PASS

[146/250] synthetic_007396
  Case seed              : 1189673399
  External subject       : BraTS20_Validation_092
  External slice         : 70
  Donor mask pixels      : 3214
  Posterior stack        : (100, 1, 1, 240, 240)
  Case output            : /Users/bhanugarg/archive/br_lora_library_staging/batch_0030/synthetic_007396
  Verdict                : PASS

[147/250] synthetic_007397
  Case seed              : 202571250
  External subject       : BraTS20_Validation_092
  External slice         : 71
  Donor mask pixels      : 2317
  Posterior stack        : (100, 1, 1, 240, 240)
  Case output            : /Users/bhanugarg/archive/br_lora_library_staging/batch_0030/synthetic_007397
  Verdict                : PASS

[148/250] synthetic_007398
  Case seed              : 409224047
  External subject       : BraTS20_Validation_092
  External slice         : 72
  Donor mask pixels      : 1340
  Posterior stack        : (100, 1, 1, 240, 240)
  Case output            : /Users/bhanugarg/archive/br_lora_library_staging/batch_0030/synthetic_007398
  Verdict                : PASS

[149/250] synthetic_007399
  Case seed              : 1859354170
  External subject       : BraTS20_Validation_092
  External slice         : 73
  Donor mask pixels      : 1268
  Posterior stack        : (100, 1, 1, 240, 240)
  Case output            : /Users/bhanugarg/archive/br_lora_library_staging/batch_0030/synthetic_007399
  Verdict                : PASS

[150/250] synthetic_007400
  Case seed              : 1688352554
  External subject       : BraTS20_Validation_092
  External slice         : 74
  Donor mask pixels      : 478
  Posterior stack        : (100, 1, 1, 240, 240)
  Case output            : /Users/bhanugarg/archive/br_lora_library_staging/batch_0030/synthetic_007400
  Verdict                : PASS

[151/250] synthetic_007401
  Case seed              : 1675042006
  External subject       : BraTS20_Validation_092
  External slice         : 75
  Donor mask pixels      : 4133
  Posterior stack        : (100, 1, 1, 240, 240)
  Case output            : /Users/bhanugarg/archive/br_lora_library_staging/batch_0030/synthetic_007401
  Verdict                : PASS

[152/250] synthetic_007402
  Case seed              : 1085298622
  External subject       : BraTS20_Validation_092
  External slice         : 76
  Donor mask pixels      : 888
  Posterior stack        : (100, 1, 1, 240, 240)
  Case output            : /Users/bhanugarg/archive/br_lora_library_staging/batch_0030/synthetic_007402
  Verdict                : PASS

[153/250] synthetic_007403
  Case seed              : 859726121
  External subject       : BraTS20_Validation_092
  External slice         : 77
  Donor mask pixels      : 2478
  Posterior stack        : (100, 1, 1, 240, 240)
  Case output            : /Users/bhanugarg/archive/br_lora_library_staging/batch_0030/synthetic_007403
  Verdict                : PASS

[154/250] synthetic_007404
  Case seed              : 2128406302
  External subject       : BraTS20_Validation_092
  External slice         : 78
  Donor mask pixels      : 2003
  Posterior stack        : (100, 1, 1, 240, 240)
  Case output            : /Users/bhanugarg/archive/br_lora_library_staging/batch_0030/synthetic_007404
  Verdict                : PASS

[155/250] synthetic_007405
  Case seed              : 186935251
  External subject       : BraTS20_Validation_092
  External slice         : 79
  Donor mask pixels      : 757
  Posterior stack        : (100, 1, 1, 240, 240)
  Case output            : /Users/bhanugarg/archive/br_lora_library_staging/batch_0030/synthetic_007405
  Verdict                : PASS

[156/250] synthetic_007406
  Case seed              : 1357248218
  External subject       : BraTS20_Validation_092
  External slice         : 80
  Donor mask pixels      : 1690
  Posterior stack        : (100, 1, 1, 240, 240)
  Case output            : /Users/bhanugarg/archive/br_lora_library_staging/batch_0030/synthetic_007406
  Verdict                : PASS

[157/250] synthetic_007407
  Case seed              : 1415958056
  External subject       : BraTS20_Validation_092
  External slice         : 81
  Donor mask pixels      : 3233
  Posterior stack        : (100, 1, 1, 240, 240)
  Case output            : /Users/bhanugarg/archive/br_lora_library_staging/batch_0030/synthetic_007407
  Verdict                : PASS

[158/250] synthetic_007408
  Case seed              : 1162121164
  External subject       : BraTS20_Validation_092
  External slice         : 82
  Donor mask pixels      : 825
  Posterior stack        : (100, 1, 1, 240, 240)
  Case output            : /Users/bhanugarg/archive/br_lora_library_staging/batch_0030/synthetic_007408
  Verdict                : PASS

[159/250] synthetic_007409
  Case seed              : 1696614644
  External subject       : BraTS20_Validation_092
  External slice         : 83
  Donor mask pixels      : 4258
  Posterior stack        : (100, 1, 1, 240, 240)
  Case output            : /Users/bhanugarg/archive/br_lora_library_staging/batch_0030/synthetic_007409
  Verdict                : PASS

[160/250] synthetic_007410
  Case seed              : 47113883
  External subject       : BraTS20_Validation_092
  External slice         : 84
  Donor mask pixels      : 1552
  Posterior stack        : (100, 1, 1, 240, 240)
  Case output            : /Users/bhanugarg/archive/br_lora_library_staging/batch_0030/synthetic_007410
  Verdict                : PASS

[161/250] synthetic_007411
  Case seed              : 1053291835
  External subject       : BraTS20_Validation_092
  External slice         : 85
  Donor mask pixels      : 2566
  Posterior stack        : (100, 1, 1, 240, 240)
  Case output            : /Users/bhanugarg/archive/br_lora_library_staging/batch_0030/synthetic_007411
  Verdict                : PASS

[162/250] synthetic_007412
  Case seed              : 1299529398
  External subject       : BraTS20_Validation_092
  External slice         : 86
  Donor mask pixels      : 1757
  Posterior stack        : (100, 1, 1, 240, 240)
  Case output            : /Users/bhanugarg/archive/br_lora_library_staging/batch_0030/synthetic_007412
  Verdict                : PASS

[163/250] synthetic_007413
  Case seed              : 530581992
  External subject       : BraTS20_Validation_092
  External slice         : 87
  Donor mask pixels      : 467
  Posterior stack        : (100, 1, 1, 240, 240)
  Case output            : /Users/bhanugarg/archive/br_lora_library_staging/batch_0030/synthetic_007413
  Verdict                : PASS

[164/250] synthetic_007414
  Case seed              : 1309757167
  External subject       : BraTS20_Validation_092
  External slice         : 88
  Donor mask pixels      : 2799
  Posterior stack        : (100, 1, 1, 240, 240)
  Case output            : /Users/bhanugarg/archive/br_lora_library_staging/batch_0030/synthetic_007414
  Verdict                : PASS

[165/250] synthetic_007415
  Case seed              : 1642812465
  External subject       : BraTS20_Validation_092
  External slice         : 89
  Donor mask pixels      : 763
  Posterior stack        : (100, 1, 1, 240, 240)
  Case output            : /Users/bhanugarg/archive/br_lora_library_staging/batch_0030/synthetic_007415
  Verdict                : PASS

[166/250] synthetic_007416
  Case seed              : 1223860227
  External subject       : BraTS20_Validation_092
  External slice         : 90
  Donor mask pixels      : 1953
  Posterior stack        : (100, 1, 1, 240, 240)
  Case output            : /Users/bhanugarg/archive/br_lora_library_staging/batch_0030/synthetic_007416
  Verdict                : PASS

[167/250] synthetic_007417
  Case seed              : 1868043919
  External subject       : BraTS20_Validation_092
  External slice         : 91
  Donor mask pixels      : 1358
  Posterior stack        : (100, 1, 1, 240, 240)
  Case output            : /Users/bhanugarg/archive/br_lora_library_staging/batch_0030/synthetic_007417
  Verdict                : PASS

[168/250] synthetic_007418
  Case seed              : 1520153778
  External subject       : BraTS20_Validation_092
  External slice         : 92
  Donor mask pixels      : 1703
  Posterior stack        : (100, 1, 1, 240, 240)
  Case output            : /Users/bhanugarg/archive/br_lora_library_staging/batch_0030/synthetic_007418
  Verdict                : PASS

[169/250] synthetic_007419
  Case seed              : 1151351023
  External subject       : BraTS20_Validation_092
  External slice         : 93
  Donor mask pixels      : 696
  Posterior stack        : (100, 1, 1, 240, 240)
  Case output            : /Users/bhanugarg/archive/br_lora_library_staging/batch_0030/synthetic_007419
  Verdict                : PASS

[170/250] synthetic_007420
  Case seed              : 700085347
  External subject       : BraTS20_Validation_092
  External slice         : 94
  Donor mask pixels      : 4103
  Posterior stack        : (100, 1, 1, 240, 240)
  Case output            : /Users/bhanugarg/archive/br_lora_library_staging/batch_0030/synthetic_007420
  Verdict                : PASS

[171/250] synthetic_007421
  Case seed              : 141972455
  External subject       : BraTS20_Validation_092
  External slice         : 95
  Donor mask pixels      : 1661
  Posterior stack        : (100, 1, 1, 240, 240)
  Case output            : /Users/bhanugarg/archive/br_lora_library_staging/batch_0030/synthetic_007421
  Verdict                : PASS

[172/250] synthetic_007422
  Case seed              : 701358248
  External subject       : BraTS20_Validation_092
  External slice         : 96
  Donor mask pixels      : 3789
  Posterior stack        : (100, 1, 1, 240, 240)
  Case output            : /Users/bhanugarg/archive/br_lora_library_staging/batch_0030/synthetic_007422
  Verdict                : PASS

[173/250] synthetic_007423
  Case seed              : 601932139
  External subject       : BraTS20_Validation_092
  External slice         : 97
  Donor mask pixels      : 4418
  Posterior stack        : (100, 1, 1, 240, 240)
  Case output            : /Users/bhanugarg/archive/br_lora_library_staging/batch_0030/synthetic_007423
  Verdict                : PASS

[174/250] synthetic_007424
  Case seed              : 1973690140
  External subject       : BraTS20_Validation_092
  External slice         : 98
  Donor mask pixels      : 2379
  Posterior stack        : (100, 1, 1, 240, 240)
  Case output            : /Users/bhanugarg/archive/br_lora_library_staging/batch_0030/synthetic_007424
  Verdict                : PASS

[175/250] synthetic_007425
  Case seed              : 1896788755
  External subject       : BraTS20_Validation_092
  External slice         : 99
  Donor mask pixels      : 753
  Posterior stack        : (100, 1, 1, 240, 240)
  Case output            : /Users/bhanugarg/archive/br_lora_library_staging/batch_0030/synthetic_007425
  Verdict                : PASS

[176/250] synthetic_007426
  Case seed              : 98193956
  External subject       : BraTS20_Validation_092
  External slice         : 100
  Donor mask pixels      : 4276
  Posterior stack        : (100, 1, 1, 240, 240)
  Case output            : /Users/bhanugarg/archive/br_lora_library_staging/batch_0030/synthetic_007426
  Verdict                : PASS

[177/250] synthetic_007427
  Case seed              : 1834607007
  External subject       : BraTS20_Validation_093
  External slice         : 1
  Donor mask pixels      : 312
  Posterior stack        : (100, 1, 1, 240, 240)
  Case output            : /Users/bhanugarg/archive/br_lora_library_staging/batch_0030/synthetic_007427
  Verdict                : PASS

[178/250] synthetic_007428
  Case seed              : 427815181
  External subject       : BraTS20_Validation_093
  External slice         : 3
  Donor mask pixels      : 951
  Posterior stack        : (100, 1, 1, 240, 240)
  Case output            : /Users/bhanugarg/archive/br_lora_library_staging/batch_0030/synthetic_007428
  Verdict                : PASS

[179/250] synthetic_007429
  Case seed              : 562547494
  External subject       : BraTS20_Validation_093
  External slice         : 4
  Donor mask pixels      : 2101
  Posterior stack        : (100, 1, 1, 240, 240)
  Case output            : /Users/bhanugarg/archive/br_lora_library_staging/batch_0030/synthetic_007429
  Verdict                : PASS

[180/250] synthetic_007430
  Case seed              : 688650768
  External subject       : BraTS20_Validation_093
  External slice         : 5
  Donor mask pixels      : 603
  Posterior stack        : (100, 1, 1, 240, 240)
  Case output            : /Users/bhanugarg/archive/br_lora_library_staging/batch_0030/synthetic_007430
  Verdict                : PASS

[181/250] synthetic_007431
  Case seed              : 551976345
  External subject       : BraTS20_Validation_093
  External slice         : 6
  Donor mask pixels      : 864
  Posterior stack        : (100, 1, 1, 240, 240)
  Case output            : /Users/bhanugarg/archive/br_lora_library_staging/batch_0030/synthetic_007431
  Verdict                : PASS

[182/250] synthetic_007432
  Case seed              : 1153556358
  External subject       : BraTS20_Validation_093
  External slice         : 7
  Donor mask pixels      : 521
  Posterior stack        : (100, 1, 1, 240, 240)
  Case output            : /Users/bhanugarg/archive/br_lora_library_staging/batch_0030/synthetic_007432
  Verdict                : PASS

[183/250] synthetic_007433
  Case seed              : 337115652
  External subject       : BraTS20_Validation_093
  External slice         : 8
  Donor mask pixels      : 1893
  Posterior stack        : (100, 1, 1, 240, 240)
  Case output            : /Users/bhanugarg/archive/br_lora_library_staging/batch_0030/synthetic_007433
  Verdict                : PASS

[184/250] synthetic_007434
  Case seed              : 100613189
  External subject       : BraTS20_Validation_093
  External slice         : 9
  Donor mask pixels      : 761
  Posterior stack        : (100, 1, 1, 240, 240)
  Case output            : /Users/bhanugarg/archive/br_lora_library_staging/batch_0030/synthetic_007434
  Verdict                : PASS

[185/250] synthetic_007435
  Case seed              : 1813434489
  External subject       : BraTS20_Validation_093
  External slice         : 10
  Donor mask pixels      : 595
  Posterior stack        : (100, 1, 1, 240, 240)
  Case output            : /Users/bhanugarg/archive/br_lora_library_staging/batch_0030/synthetic_007435
  Verdict                : PASS

[186/250] synthetic_007436
  Case seed              : 625901515
  External subject       : BraTS20_Validation_093
  External slice         : 11
  Donor mask pixels      : 1230
  Posterior stack        : (100, 1, 1, 240, 240)
  Case output            : /Users/bhanugarg/archive/br_lora_library_staging/batch_0030/synthetic_007436
  Verdict                : PASS

[187/250] synthetic_007437
  Case seed              : 116685162
  External subject       : BraTS20_Validation_093
  External slice         : 12
  Donor mask pixels      : 1456
  Posterior stack        : (100, 1, 1, 240, 240)
  Case output            : /Users/bhanugarg/archive/br_lora_library_staging/batch_0030/synthetic_007437
  Verdict                : PASS

[188/250] synthetic_007438
  Case seed              : 678128115
  External subject       : BraTS20_Validation_093
  External slice         : 13
  Donor mask pixels      : 618
  Posterior stack        : (100, 1, 1, 240, 240)
  Case output            : /Users/bhanugarg/archive/br_lora_library_staging/batch_0030/synthetic_007438
  Verdict                : PASS

[189/250] synthetic_007439
  Case seed              : 2101927104
  External subject       : BraTS20_Validation_093
  External slice         : 14
  Donor mask pixels      : 1541
  Posterior stack        : (100, 1, 1, 240, 240)
  Case output            : /Users/bhanugarg/archive/br_lora_library_staging/batch_0030/synthetic_007439
  Verdict                : PASS

[190/250] synthetic_007440
  Case seed              : 797966666
  External subject       : BraTS20_Validation_093
  External slice         : 15
  Donor mask pixels      : 1528
  Posterior stack        : (100, 1, 1, 240, 240)
  Case output            : /Users/bhanugarg/archive/br_lora_library_staging/batch_0030/synthetic_007440
  Verdict                : PASS

[191/250] synthetic_007441
  Case seed              : 1834404400
  External subject       : BraTS20_Validation_093
  External slice         : 16
  Donor mask pixels      : 1983
  Posterior stack        : (100, 1, 1, 240, 240)
  Case output            : /Users/bhanugarg/archive/br_lora_library_staging/batch_0030/synthetic_007441
  Verdict                : PASS

[192/250] synthetic_007442
  Case seed              : 1976091709
  External subject       : BraTS20_Validation_093
  External slice         : 17
  Donor mask pixels      : 557
  Posterior stack        : (100, 1, 1, 240, 240)
  Case output            : /Users/bhanugarg/archive/br_lora_library_staging/batch_0030/synthetic_007442
  Verdict                : PASS

[193/250] synthetic_007443
  Case seed              : 1292957988
  External subject       : BraTS20_Validation_093
  External slice         : 18
  Donor mask pixels      : 1516
  Posterior stack        : (100, 1, 1, 240, 240)
  Case output            : /Users/bhanugarg/archive/br_lora_library_staging/batch_0030/synthetic_007443
  Verdict                : PASS

[194/250] synthetic_007444
  Case seed              : 1586061167
  External subject       : BraTS20_Validation_093
  External slice         : 19
  Donor mask pixels      : 403
  Posterior stack        : (100, 1, 1, 240, 240)
  Case output            : /Users/bhanugarg/archive/br_lora_library_staging/batch_0030/synthetic_007444
  Verdict                : PASS

[195/250] synthetic_007445
  Case seed              : 1541819488
  External subject       : BraTS20_Validation_093
  External slice         : 20
  Donor mask pixels      : 379
  Posterior stack        : (100, 1, 1, 240, 240)
  Case output            : /Users/bhanugarg/archive/br_lora_library_staging/batch_0030/synthetic_007445
  Verdict                : PASS

[196/250] synthetic_007446
  Case seed              : 754901465
  External subject       : BraTS20_Validation_093
  External slice         : 21
  Donor mask pixels      : 2282
  Posterior stack        : (100, 1, 1, 240, 240)
  Case output            : /Users/bhanugarg/archive/br_lora_library_staging/batch_0030/synthetic_007446
  Verdict                : PASS

[197/250] synthetic_007447
  Case seed              : 1481784205
  External subject       : BraTS20_Validation_093
  External slice         : 22
  Donor mask pixels      : 468
  Posterior stack        : (100, 1, 1, 240, 240)
  Case output            : /Users/bhanugarg/archive/br_lora_library_staging/batch_0030/synthetic_007447
  Verdict                : PASS

[198/250] synthetic_007448
  Case seed              : 334740344
  External subject       : BraTS20_Validation_093
  External slice         : 23
  Donor mask pixels      : 1637
  Posterior stack        : (100, 1, 1, 240, 240)
  Case output            : /Users/bhanugarg/archive/br_lora_library_staging/batch_0030/synthetic_007448
  Verdict                : PASS

[199/250] synthetic_007449
  Case seed              : 1121590626
  External subject       : BraTS20_Validation_093
  External slice         : 24
  Donor mask pixels      : 443
  Posterior stack        : (100, 1, 1, 240, 240)
  Case output            : /Users/bhanugarg/archive/br_lora_library_staging/batch_0030/synthetic_007449
  Verdict                : PASS

[200/250] synthetic_007450
  Case seed              : 624402267
  External subject       : BraTS20_Validation_093
  External slice         : 25
  Donor mask pixels      : 1455
  Posterior stack        : (100, 1, 1, 240, 240)
  Case output            : /Users/bhanugarg/archive/br_lora_library_staging/batch_0030/synthetic_007450
  Verdict                : PASS

[201/250] synthetic_007451
  Case seed              : 1310955503
  External subject       : BraTS20_Validation_093
  External slice         : 26
  Donor mask pixels      : 485
  Posterior stack        : (100, 1, 1, 240, 240)
  Case output            : /Users/bhanugarg/archive/br_lora_library_staging/batch_0030/synthetic_007451
  Verdict                : PASS

[202/250] synthetic_007452
  Case seed              : 2016252312
  External subject       : BraTS20_Validation_093
  External slice         : 27
  Donor mask pixels      : 785
  Posterior stack        : (100, 1, 1, 240, 240)
  Case output            : /Users/bhanugarg/archive/br_lora_library_staging/batch_0030/synthetic_007452
  Verdict                : PASS

[203/250] synthetic_007453
  Case seed              : 215794274
  External subject       : BraTS20_Validation_093
  External slice         : 28
  Donor mask pixels      : 1012
  Posterior stack        : (100, 1, 1, 240, 240)
  Case output            : /Users/bhanugarg/archive/br_lora_library_staging/batch_0030/synthetic_007453
  Verdict                : PASS

[204/250] synthetic_007454
  Case seed              : 1697446872
  External subject       : BraTS20_Validation_093
  External slice         : 29
  Donor mask pixels      : 830
  Posterior stack        : (100, 1, 1, 240, 240)
  Case output            : /Users/bhanugarg/archive/br_lora_library_staging/batch_0030/synthetic_007454
  Verdict                : PASS

[205/250] synthetic_007455
  Case seed              : 425980512
  External subject       : BraTS20_Validation_093
  External slice         : 30
  Donor mask pixels      : 764
  Posterior stack        : (100, 1, 1, 240, 240)
  Case output            : /Users/bhanugarg/archive/br_lora_library_staging/batch_0030/synthetic_007455
  Verdict                : PASS

[206/250] synthetic_007456
  Case seed              : 925573096
  External subject       : BraTS20_Validation_093
  External slice         : 32
  Donor mask pixels      : 1458
  Posterior stack        : (100, 1, 1, 240, 240)
  Case output            : /Users/bhanugarg/archive/br_lora_library_staging/batch_0030/synthetic_007456
  Verdict                : PASS

[207/250] synthetic_007457
  Case seed              : 1693373774
  External subject       : BraTS20_Validation_093
  External slice         : 33
  Donor mask pixels      : 4057
  Posterior stack        : (100, 1, 1, 240, 240)
  Case output            : /Users/bhanugarg/archive/br_lora_library_staging/batch_0030/synthetic_007457
  Verdict                : PASS

[208/250] synthetic_007458
  Case seed              : 289274304
  External subject       : BraTS20_Validation_093
  External slice         : 34
  Donor mask pixels      : 503
  Posterior stack        : (100, 1, 1, 240, 240)
  Case output            : /Users/bhanugarg/archive/br_lora_library_staging/batch_0030/synthetic_007458
  Verdict                : PASS

[209/250] synthetic_007459
  Case seed              : 156287502
  External subject       : BraTS20_Validation_093
  External slice         : 35
  Donor mask pixels      : 1211
  Posterior stack        : (100, 1, 1, 240, 240)
  Case output            : /Users/bhanugarg/archive/br_lora_library_staging/batch_0030/synthetic_007459
  Verdict                : PASS

[210/250] synthetic_007460
  Case seed              : 177388684
  External subject       : BraTS20_Validation_093
  External slice         : 36
  Donor mask pixels      : 310
  Posterior stack        : (100, 1, 1, 240, 240)
  Case output            : /Users/bhanugarg/archive/br_lora_library_staging/batch_0030/synthetic_007460
  Verdict                : PASS

[211/250] synthetic_007461
  Case seed              : 726692287
  External subject       : BraTS20_Validation_093
  External slice         : 37
  Donor mask pixels      : 2139
  Posterior stack        : (100, 1, 1, 240, 240)
  Case output            : /Users/bhanugarg/archive/br_lora_library_staging/batch_0030/synthetic_007461
  Verdict                : PASS

[212/250] synthetic_007462
  Case seed              : 1910207586
  External subject       : BraTS20_Validation_093
  External slice         : 38
  Donor mask pixels      : 3488
  Posterior stack        : (100, 1, 1, 240, 240)
  Case output            : /Users/bhanugarg/archive/br_lora_library_staging/batch_0030/synthetic_007462
  Verdict                : PASS

[213/250] synthetic_007463
  Case seed              : 1557016676
  External subject       : BraTS20_Validation_093
  External slice         : 39
  Donor mask pixels      : 1677
  Posterior stack        : (100, 1, 1, 240, 240)
  Case output            : /Users/bhanugarg/archive/br_lora_library_staging/batch_0030/synthetic_007463
  Verdict                : PASS

[214/250] synthetic_007464
  Case seed              : 484325174
  External subject       : BraTS20_Validation_093
  External slice         : 40
  Donor mask pixels      : 769
  Posterior stack        : (100, 1, 1, 240, 240)
  Case output            : /Users/bhanugarg/archive/br_lora_library_staging/batch_0030/synthetic_007464
  Verdict                : PASS

[215/250] synthetic_007465
  Case seed              : 1202945994
  External subject       : BraTS20_Validation_093
  External slice         : 41
  Donor mask pixels      : 2421
  Posterior stack        : (100, 1, 1, 240, 240)
  Case output            : /Users/bhanugarg/archive/br_lora_library_staging/batch_0030/synthetic_007465
  Verdict                : PASS

[216/250] synthetic_007466
  Case seed              : 103210173
  External subject       : BraTS20_Validation_093
  External slice         : 42
  Donor mask pixels      : 3530
  Posterior stack        : (100, 1, 1, 240, 240)
  Case output            : /Users/bhanugarg/archive/br_lora_library_staging/batch_0030/synthetic_007466
  Verdict                : PASS

[217/250] synthetic_007467
  Case seed              : 1714170520
  External subject       : BraTS20_Validation_093
  External slice         : 43
  Donor mask pixels      : 2047
  Posterior stack        : (100, 1, 1, 240, 240)
  Case output            : /Users/bhanugarg/archive/br_lora_library_staging/batch_0030/synthetic_007467
  Verdict                : PASS

[218/250] synthetic_007468
  Case seed              : 1127485542
  External subject       : BraTS20_Validation_093
  External slice         : 44
  Donor mask pixels      : 3695
  Posterior stack        : (100, 1, 1, 240, 240)
  Case output            : /Users/bhanugarg/archive/br_lora_library_staging/batch_0030/synthetic_007468
  Verdict                : PASS

[219/250] synthetic_007469
  Case seed              : 224880710
  External subject       : BraTS20_Validation_093
  External slice         : 45
  Donor mask pixels      : 3417
  Posterior stack        : (100, 1, 1, 240, 240)
  Case output            : /Users/bhanugarg/archive/br_lora_library_staging/batch_0030/synthetic_007469
  Verdict                : PASS

[220/250] synthetic_007470
  Case seed              : 1832064316
  External subject       : BraTS20_Validation_093
  External slice         : 46
  Donor mask pixels      : 2434
  Posterior stack        : (100, 1, 1, 240, 240)
  Case output            : /Users/bhanugarg/archive/br_lora_library_staging/batch_0030/synthetic_007470
  Verdict                : PASS

[221/250] synthetic_007471
  Case seed              : 1075048184
  External subject       : BraTS20_Validation_093
  External slice         : 47
  Donor mask pixels      : 2673
  Posterior stack        : (100, 1, 1, 240, 240)
  Case output            : /Users/bhanugarg/archive/br_lora_library_staging/batch_0030/synthetic_007471
  Verdict                : PASS

[222/250] synthetic_007472
  Case seed              : 1244777122
  External subject       : BraTS20_Validation_093
  External slice         : 48
  Donor mask pixels      : 648
  Posterior stack        : (100, 1, 1, 240, 240)
  Case output            : /Users/bhanugarg/archive/br_lora_library_staging/batch_0030/synthetic_007472
  Verdict                : PASS

[223/250] synthetic_007473
  Case seed              : 2132665158
  External subject       : BraTS20_Validation_093
  External slice         : 49
  Donor mask pixels      : 668
  Posterior stack        : (100, 1, 1, 240, 240)
  Case output            : /Users/bhanugarg/archive/br_lora_library_staging/batch_0030/synthetic_007473
  Verdict                : PASS

[224/250] synthetic_007474
  Case seed              : 1326775007
  External subject       : BraTS20_Validation_093
  External slice         : 50
  Donor mask pixels      : 1379
  Posterior stack        : (100, 1, 1, 240, 240)
  Case output            : /Users/bhanugarg/archive/br_lora_library_staging/batch_0030/synthetic_007474
  Verdict                : PASS

[225/250] synthetic_007475
  Case seed              : 512198582
  External subject       : BraTS20_Validation_093
  External slice         : 51
  Donor mask pixels      : 1862
  Posterior stack        : (100, 1, 1, 240, 240)
  Case output            : /Users/bhanugarg/archive/br_lora_library_staging/batch_0030/synthetic_007475
  Verdict                : PASS

[226/250] synthetic_007476
  Case seed              : 1117570278
  External subject       : BraTS20_Validation_093
  External slice         : 52
  Donor mask pixels      : 3594
  Posterior stack        : (100, 1, 1, 240, 240)
  Case output            : /Users/bhanugarg/archive/br_lora_library_staging/batch_0030/synthetic_007476
  Verdict                : PASS

[227/250] synthetic_007477
  Case seed              : 723425590
  External subject       : BraTS20_Validation_093
  External slice         : 53
  Donor mask pixels      : 2472
  Posterior stack        : (100, 1, 1, 240, 240)
  Case output            : /Users/bhanugarg/archive/br_lora_library_staging/batch_0030/synthetic_007477
  Verdict                : PASS

[228/250] synthetic_007478
  Case seed              : 848031858
  External subject       : BraTS20_Validation_093
  External slice         : 54
  Donor mask pixels      : 363
  Posterior stack        : (100, 1, 1, 240, 240)
  Case output            : /Users/bhanugarg/archive/br_lora_library_staging/batch_0030/synthetic_007478
  Verdict                : PASS

[229/250] synthetic_007479
  Case seed              : 846172564
  External subject       : BraTS20_Validation_093
  External slice         : 55
  Donor mask pixels      : 346
  Posterior stack        : (100, 1, 1, 240, 240)
  Case output            : /Users/bhanugarg/archive/br_lora_library_staging/batch_0030/synthetic_007479
  Verdict                : PASS

[230/250] synthetic_007480
  Case seed              : 1573451398
  External subject       : BraTS20_Validation_093
  External slice         : 55
  Donor mask pixels      : 3064
  Posterior stack        : (100, 1, 1, 240, 240)
  Case output            : /Users/bhanugarg/archive/br_lora_library_staging/batch_0030/synthetic_007480
  Verdict                : PASS

[231/250] synthetic_007481
  Case seed              : 2015078228
  External subject       : BraTS20_Validation_093
  External slice         : 56
  Donor mask pixels      : 1253
  Posterior stack        : (100, 1, 1, 240, 240)
  Case output            : /Users/bhanugarg/archive/br_lora_library_staging/batch_0030/synthetic_007481
  Verdict                : PASS

[232/250] synthetic_007482
  Case seed              : 1087646938
  External subject       : BraTS20_Validation_093
  External slice         : 57
  Donor mask pixels      : 1412
  Posterior stack        : (100, 1, 1, 240, 240)
  Case output            : /Users/bhanugarg/archive/br_lora_library_staging/batch_0030/synthetic_007482
  Verdict                : PASS

[233/250] synthetic_007483
  Case seed              : 330629558
  External subject       : BraTS20_Validation_093
  External slice         : 58
  Donor mask pixels      : 768
  Posterior stack        : (100, 1, 1, 240, 240)
  Case output            : /Users/bhanugarg/archive/br_lora_library_staging/batch_0030/synthetic_007483
  Verdict                : PASS

[234/250] synthetic_007484
  Case seed              : 1430326129
  External subject       : BraTS20_Validation_093
  External slice         : 58
  Donor mask pixels      : 3786
  Posterior stack        : (100, 1, 1, 240, 240)
  Case output            : /Users/bhanugarg/archive/br_lora_library_staging/batch_0030/synthetic_007484
  Verdict                : PASS

[235/250] synthetic_007485
  Case seed              : 278993888
  External subject       : BraTS20_Validation_093
  External slice         : 59
  Donor mask pixels      : 1056
  Posterior stack        : (100, 1, 1, 240, 240)
  Case output            : /Users/bhanugarg/archive/br_lora_library_staging/batch_0030/synthetic_007485
  Verdict                : PASS

[236/250] synthetic_007486
  Case seed              : 1869731177
  External subject       : BraTS20_Validation_093
  External slice         : 59
  Donor mask pixels      : 4045
  Posterior stack        : (100, 1, 1, 240, 240)
  Case output            : /Users/bhanugarg/archive/br_lora_library_staging/batch_0030/synthetic_007486
  Verdict                : PASS

[237/250] synthetic_007487
  Case seed              : 2054573917
  External subject       : BraTS20_Validation_093
  External slice         : 60
  Donor mask pixels      : 2133
  Posterior stack        : (100, 1, 1, 240, 240)
  Case output            : /Users/bhanugarg/archive/br_lora_library_staging/batch_0030/synthetic_007487
  Verdict                : PASS

[238/250] synthetic_007488
  Case seed              : 1691297701
  External subject       : BraTS20_Validation_093
  External slice         : 60
  Donor mask pixels      : 3428
  Posterior stack        : (100, 1, 1, 240, 240)
  Case output            : /Users/bhanugarg/archive/br_lora_library_staging/batch_0030/synthetic_007488
  Verdict                : PASS

[239/250] synthetic_007489
  Case seed              : 934340306
  External subject       : BraTS20_Validation_093
  External slice         : 61
  Donor mask pixels      : 686
  Posterior stack        : (100, 1, 1, 240, 240)
  Case output            : /Users/bhanugarg/archive/br_lora_library_staging/batch_0030/synthetic_007489
  Verdict                : PASS

[240/250] synthetic_007490
  Case seed              : 517071314
  External subject       : BraTS20_Validation_093
  External slice         : 61
  Donor mask pixels      : 960
  Posterior stack        : (100, 1, 1, 240, 240)
  Case output            : /Users/bhanugarg/archive/br_lora_library_staging/batch_0030/synthetic_007490
  Verdict                : PASS

[241/250] synthetic_007491
  Case seed              : 1271776044
  External subject       : BraTS20_Validation_093
  External slice         : 62
  Donor mask pixels      : 1113
  Posterior stack        : (100, 1, 1, 240, 240)
  Case output            : /Users/bhanugarg/archive/br_lora_library_staging/batch_0030/synthetic_007491
  Verdict                : PASS

[242/250] synthetic_007492
  Case seed              : 1454700017
  External subject       : BraTS20_Validation_093
  External slice         : 62
  Donor mask pixels      : 584
  Posterior stack        : (100, 1, 1, 240, 240)
  Case output            : /Users/bhanugarg/archive/br_lora_library_staging/batch_0030/synthetic_007492
  Verdict                : PASS

[243/250] synthetic_007493
  Case seed              : 1914317690
  External subject       : BraTS20_Validation_093
  External slice         : 63
  Donor mask pixels      : 1740
  Posterior stack        : (100, 1, 1, 240, 240)
  Case output            : /Users/bhanugarg/archive/br_lora_library_staging/batch_0030/synthetic_007493
  Verdict                : PASS

[244/250] synthetic_007494
  Case seed              : 285356078
  External subject       : BraTS20_Validation_093
  External slice         : 63
  Donor mask pixels      : 3258
  Posterior stack        : (100, 1, 1, 240, 240)
  Case output            : /Users/bhanugarg/archive/br_lora_library_staging/batch_0030/synthetic_007494
  Verdict                : PASS

[245/250] synthetic_007495
  Case seed              : 1945031087
  External subject       : BraTS20_Validation_093
  External slice         : 64
  Donor mask pixels      : 3436
  Posterior stack        : (100, 1, 1, 240, 240)
  Case output            : /Users/bhanugarg/archive/br_lora_library_staging/batch_0030/synthetic_007495
  Verdict                : PASS

[246/250] synthetic_007496
  Case seed              : 51504655
  External subject       : BraTS20_Validation_093
  External slice         : 64
  Donor mask pixels      : 1376
  Posterior stack        : (100, 1, 1, 240, 240)
  Case output            : /Users/bhanugarg/archive/br_lora_library_staging/batch_0030/synthetic_007496
  Verdict                : PASS

[247/250] synthetic_007497
  Case seed              : 1001930374
  External subject       : BraTS20_Validation_093
  External slice         : 65
  Donor mask pixels      : 2684
  Posterior stack        : (100, 1, 1, 240, 240)
  Case output            : /Users/bhanugarg/archive/br_lora_library_staging/batch_0030/synthetic_007497
  Verdict                : PASS

[248/250] synthetic_007498
  Case seed              : 2087491383
  External subject       : BraTS20_Validation_093
  External slice         : 65
  Donor mask pixels      : 3297
  Posterior stack        : (100, 1, 1, 240, 240)
  Case output            : /Users/bhanugarg/archive/br_lora_library_staging/batch_0030/synthetic_007498
  Verdict                : PASS

[249/250] synthetic_007499
  Case seed              : 1676642659
  External subject       : BraTS20_Validation_093
  External slice         : 66
  Donor mask pixels      : 1592
  Posterior stack        : (100, 1, 1, 240, 240)
  Case output            : /Users/bhanugarg/archive/br_lora_library_staging/batch_0030/synthetic_007499
  Verdict                : PASS

[250/250] synthetic_007500
  Case seed              : 1221708127
  External subject       : BraTS20_Validation_093
  External slice         : 66
  Donor mask pixels      : 3389
  Posterior stack        : (100, 1, 1, 240, 240)
  Case output            : /Users/bhanugarg/archive/br_lora_library_staging/batch_0030/synthetic_007500
  Verdict                : PASS

==============================================================================
BR-LoRA EXTERNAL EVALUATION: PASS
Completed cases          : 250
Posterior realizations   : 100 per case
Evaluation summary       : /Users/bhanugarg/archive/br_lora_library_staging/batch_0030/evaluation_summary.json
==============================================================================

==============================================================================
BR-LoRA LIBRARY BATCH PRODUCTION
==============================================================================

Batch                    : batch_0030
Frozen design manifest   : /Users/bhanugarg/Desktop/localized-medical-image-synthesis/downstream_evaluation/manifests/br_lora_library_design_10000/batches/batch_0030_manifest.csv
Execution manifest       : /Users/bhanugarg/Desktop/localized-medical-image-synthesis/downstream_evaluation/manifests/br_lora_library_design_10000/batches/batch_0030_external_evaluation_manifest.csv
Checkpoint               : /Users/bhanugarg/Desktop/localized-medical-image-synthesis/checkpoints/br_lora_full_train/final.pt
Posterior samples        : 100
Evaluation seed          : 42
Device                   : mps
Output                   : /Users/bhanugarg/archive/br_lora_library_staging/batch_0030
Prepare only             : False
Resume                   : False

===== EXECUTION MANIFEST: PASS =====
Cases                    : 250
Case IDs                 : synthetic_007251 to synthetic_007500
External subjects        : 4
Unique base slices       : 236
Unique donor slices      : 250
Manifest SHA-256         : 4a7155d01cce4df58742944772b95b8c5e5a7ba414b9a7a13bb7ac066e12aa0e

==============================================================================
LAUNCHING VALIDATED BR-LoRA INFERENCE ENGINE
==============================================================================

/opt/anaconda3/envs/brats-nnunet/bin/python /Users/bhanugarg/Desktop/localized-medical-image-synthesis/scripts/evaluate_br_lora_external.py --checkpoint /Users/bhanugarg/Desktop/localized-medical-image-synthesis/checkpoints/br_lora_full_train/final.pt --validation-dataset /Users/bhanugarg/archive/BraTS2020_ValidationData/MICCAI_BraTS2020_ValidationData/validation_dataset.yaml --evaluation-manifest /Users/bhanugarg/Desktop/localized-medical-image-synthesis/downstream_evaluation/manifests/br_lora_library_design_10000/batches/batch_0030_external_evaluation_manifest.csv --posterior-samples 100 --seed 42 --output-dir /Users/bhanugarg/archive/br_lora_library_staging/batch_0030 --device mps


==============================================================================
LOCAL PRODUCTION AUDIT: PASS
==============================================================================
Cases audited            : 250
Problems                 : 0
Files checksummed        : 1501
Production audit         : /Users/bhanugarg/archive/br_lora_library_staging/br_lora_batch_0030_production_audit.json
Mac checksum inventory   : /Users/bhanugarg/archive/br_lora_library_staging/br_lora_batch_0030_mac_sha256.txt

==============================================================================
READY FOR FALCON TRANSFER
==============================================================================

No Falcon state was modified.
No local production data was deleted.
Remote batch destination reset:
  /scratch/bhanug/br_lora_library/batches/batch_0030
Transfer starting: 1752 files
./
evaluation_summary.json
            856 100%    4.72MB/s   00:00:00 (xfer#1, to-check=1/1752)
synthetic_007251/
synthetic_007251/composite_mean.pt
         232026 100%  118.46MB/s   00:00:00 (xfer#2, to-check=3/1752)
synthetic_007251/metadata.json
           1797 100%    7.79MB/s   00:00:00 (xfer#3, to-check=4/1752)
synthetic_007251/posterior_mean.pt
         232026 100%   98.05MB/s   00:00:00 (xfer#4, to-check=5/1752)
synthetic_007251/posterior_samples.pt
        6782976  28%   12.73MB/s   00:00:01        9109504  37%    4.31MB/s   00:00:03       14385152  58%    7.74MB/s   00:00:01       16941056  69%    4.78MB/s   00:00:01       23691264  96%   11.74MB/s   00:00:00       24657317 100%    8.26MB/s   00:00:02 (xfer#5, to-check=6/1752)
synthetic_007251/posterior_std.pt
         232019 100%  354.09MB/s   00:00:00 (xfer#6, to-check=7/1752)
synthetic_007251/posterior_variance.pt
         232054 100%  403.05MB/s   00:00:00 (xfer#7, to-check=8/1752)
synthetic_007252/
synthetic_007252/composite_mean.pt
         232026 100%   11.01MB/s   00:00:00 (xfer#8, to-check=10/1752)
synthetic_007252/metadata.json
           1797 100%   40.84MB/s   00:00:00 (xfer#9, to-check=11/1752)
synthetic_007252/posterior_mean.pt
         232026 100%   50.53MB/s   00:00:00 (xfer#10, to-check=12/1752)
synthetic_007252/posterior_samples.pt
        3833856  16%    6.38MB/s   00:00:03        4915200  20%    1.69MB/s   00:00:11        5898240  24%    1.60MB/s   00:00:11        6946816  28%    1.83MB/s   00:00:09        8126464  33%    2.23MB/s   00:00:07        9437184  38%    2.33MB/s   00:00:06       10878976  44%    2.45MB/s   00:00:05       12189696  49%    2.49MB/s   00:00:04       13467648  55%    2.26MB/s   00:00:04       14909440  60%    2.71MB/s   00:00:03       16351232  66%    2.51MB/s   00:00:03       17924096  73%    2.72MB/s   00:00:02       19628032  80%    3.22MB/s   00:00:01       21331968  87%    3.05MB/s   00:00:01       23166976  94%    3.02MB/s   00:00:00       24477696  99%    2.29MB/s   00:00:00       24657317 100%    2.67MB/s   00:00:08 (xfer#11, to-check=13/1752)
synthetic_007252/posterior_std.pt
         232019 100%    5.37MB/s   00:00:00 (xfer#12, to-check=14/1752)
synthetic_007252/posterior_variance.pt
         232054 100%    2.11MB/s   00:00:00 (xfer#13, to-check=15/1752)
synthetic_007253/
synthetic_007253/composite_mean.pt
         232026 100%   13.70MB/s   00:00:00 (xfer#14, to-check=17/1752)
synthetic_007253/metadata.json
           1797 100%   16.04MB/s   00:00:00 (xfer#15, to-check=18/1752)
synthetic_007253/posterior_mean.pt
         232026 100%    2.20MB/s   00:00:00 (xfer#16, to-check=19/1752)
synthetic_007253/posterior_samples.pt
        1572864   6%    2.96MB/s   00:00:07        3145728  13%    2.96MB/s   00:00:06        4849664  20%    3.17MB/s   00:00:05        6553600  27%    3.23MB/s   00:00:05        8388608  34%    3.49MB/s   00:00:04       10354688  42%    3.45MB/s   00:00:03       12320768  50%    3.63MB/s   00:00:03       14155776  57%    3.48MB/s   00:00:02       16252928  66%    3.64MB/s   00:00:02       18350080  74%    3.65MB/s   00:00:01       20316160  82%    3.37MB/s   00:00:01       22577152  92%    4.31MB/s   00:00:00       24657317 100%    3.48MB/s   00:00:06 (xfer#17, to-check=20/1752)
synthetic_007253/posterior_std.pt
         232019 100%   11.25MB/s   00:00:00 (xfer#18, to-check=21/1752)
synthetic_007253/posterior_variance.pt
         232054 100%    5.83MB/s   00:00:00 (xfer#19, to-check=22/1752)
synthetic_007254/
synthetic_007254/composite_mean.pt
         232026 100%    9.30MB/s   00:00:00 (xfer#20, to-check=24/1752)
synthetic_007254/metadata.json
           1799 100%   19.93MB/s   00:00:00 (xfer#21, to-check=25/1752)
synthetic_007254/posterior_mean.pt
         232026 100%    3.82MB/s   00:00:00 (xfer#22, to-check=26/1752)
synthetic_007254/posterior_samples.pt
        1998848   8%    3.72MB/s   00:00:05        4980736  20%    5.29MB/s   00:00:03        7340032  30%    4.42MB/s   00:00:03       10092544  41%    5.15MB/s   00:00:02       12713984  52%    4.84MB/s   00:00:02       15728640  64%    5.43MB/s   00:00:01       18874368  77%    5.68MB/s   00:00:00       22151168  90%    6.23MB/s   00:00:00       24657317 100%    5.14MB/s   00:00:04 (xfer#23, to-check=27/1752)
synthetic_007254/posterior_std.pt
         232019 100%  139.08MB/s   00:00:00 (xfer#24, to-check=28/1752)
synthetic_007254/posterior_variance.pt
         232054 100%    6.08MB/s   00:00:00 (xfer#25, to-check=29/1752)
synthetic_007255/
synthetic_007255/composite_mean.pt
         232026 100%   11.02MB/s   00:00:00 (xfer#26, to-check=31/1752)
synthetic_007255/metadata.json
           1798 100%   21.73MB/s   00:00:00 (xfer#27, to-check=32/1752)
synthetic_007255/posterior_mean.pt
         232026 100%    8.51MB/s   00:00:00 (xfer#28, to-check=33/1752)
synthetic_007255/posterior_samples.pt
        3735552  15%    7.04MB/s   00:00:02        7798784  32%    7.73MB/s   00:00:02       12255232  50%    8.39MB/s   00:00:01       14647296  59%    4.35MB/s   00:00:02       18448384  75%    6.88MB/s   00:00:00       22773760  92%    7.71MB/s   00:00:00       24657317 100%    7.07MB/s   00:00:03 (xfer#29, to-check=34/1752)
synthetic_007255/posterior_std.pt
         232019 100%   16.42MB/s   00:00:00 (xfer#30, to-check=35/1752)
synthetic_007255/posterior_variance.pt
         232054 100%   38.50MB/s   00:00:00 (xfer#31, to-check=36/1752)
synthetic_007256/
synthetic_007256/composite_mean.pt
         232026 100%    3.28MB/s   00:00:00 (xfer#32, to-check=38/1752)
synthetic_007256/metadata.json
           1798 100%   24.89MB/s   00:00:00 (xfer#33, to-check=39/1752)
synthetic_007256/posterior_mean.pt
         232026 100%   78.53MB/s   00:00:00 (xfer#34, to-check=40/1752)
synthetic_007256/posterior_samples.pt
        3801088  15%    7.24MB/s   00:00:02        8388608  34%    8.21MB/s   00:00:01       12845056  52%    8.20MB/s   00:00:01       17432576  71%    8.38MB/s   00:00:00       21889024  89%    8.49MB/s   00:00:00       24657317 100%    8.06MB/s   00:00:02 (xfer#35, to-check=41/1752)
synthetic_007256/posterior_std.pt
         232019 100%  157.73MB/s   00:00:00 (xfer#36, to-check=42/1752)
synthetic_007256/posterior_variance.pt
         232054 100%   16.04MB/s   00:00:00 (xfer#37, to-check=43/1752)
synthetic_007257/
synthetic_007257/composite_mean.pt
         232026 100%   17.81MB/s   00:00:00 (xfer#38, to-check=45/1752)
synthetic_007257/metadata.json
           1798 100%   20.91MB/s   00:00:00 (xfer#39, to-check=46/1752)
synthetic_007257/posterior_mean.pt
         232026 100%    6.24MB/s   00:00:00 (xfer#40, to-check=47/1752)
synthetic_007257/posterior_samples.pt
        4718592  19%    8.90MB/s   00:00:02        9437184  38%    8.92MB/s   00:00:01       14680064  60%    9.96MB/s   00:00:00       19398656  79%    8.95MB/s   00:00:00       23855104  97%    8.49MB/s   00:00:00       24657317 100%    8.95MB/s   00:00:02 (xfer#41, to-check=48/1752)
synthetic_007257/posterior_std.pt
         232019 100%  113.30MB/s   00:00:00 (xfer#42, to-check=49/1752)
synthetic_007257/posterior_variance.pt
         232054 100%    7.97MB/s   00:00:00 (xfer#43, to-check=50/1752)
synthetic_007258/
synthetic_007258/composite_mean.pt
         232026 100%   44.40MB/s   00:00:00 (xfer#44, to-check=52/1752)
synthetic_007258/metadata.json
           1798 100%   25.24MB/s   00:00:00 (xfer#45, to-check=53/1752)
synthetic_007258/posterior_mean.pt
         232026 100%    5.38MB/s   00:00:00 (xfer#46, to-check=54/1752)
synthetic_007258/posterior_samples.pt
        4980736  20%    9.35MB/s   00:00:02       10092544  41%    9.57MB/s   00:00:01       14811136  60%    8.31MB/s   00:00:01       18087936  73%    6.03MB/s   00:00:01       21889024  89%    7.18MB/s   00:00:00       24657317 100%    7.92MB/s   00:00:02 (xfer#47, to-check=55/1752)
synthetic_007258/posterior_std.pt
         232019 100%   88.23MB/s   00:00:00 (xfer#48, to-check=56/1752)
synthetic_007258/posterior_variance.pt
         232054 100%    9.10MB/s   00:00:00 (xfer#49, to-check=57/1752)
synthetic_007259/
synthetic_007259/composite_mean.pt
         232026 100%   11.55MB/s   00:00:00 (xfer#50, to-check=59/1752)
synthetic_007259/metadata.json
           1798 100%   20.20MB/s   00:00:00 (xfer#51, to-check=60/1752)
synthetic_007259/posterior_mean.pt
         232026 100%   14.71MB/s   00:00:00 (xfer#52, to-check=61/1752)
synthetic_007259/posterior_samples.pt
        4030464  16%    7.54MB/s   00:00:02        8224768  33%    7.61MB/s   00:00:02       12550144  51%    8.21MB/s   00:00:01       16875520  68%    8.03MB/s   00:00:00       21463040  87%    8.12MB/s   00:00:00       24657317 100%    7.90MB/s   00:00:02 (xfer#53, to-check=62/1752)
synthetic_007259/posterior_std.pt
         232019 100%   90.76MB/s   00:00:00 (xfer#54, to-check=63/1752)
synthetic_007259/posterior_variance.pt
         232054 100%   12.38MB/s   00:00:00 (xfer#55, to-check=64/1752)
synthetic_007260/
synthetic_007260/composite_mean.pt
         232026 100%   16.91MB/s   00:00:00 (xfer#56, to-check=66/1752)
synthetic_007260/metadata.json
           1796 100%   19.68MB/s   00:00:00 (xfer#57, to-check=67/1752)
synthetic_007260/posterior_mean.pt
         232026 100%   21.27MB/s   00:00:00 (xfer#58, to-check=68/1752)
synthetic_007260/posterior_samples.pt
        4390912  18%    8.27MB/s   00:00:02        9633792  39%    9.83MB/s   00:00:01       14483456  59%    9.17MB/s   00:00:01       19333120  78%    8.94MB/s   00:00:00       24379392  99%    9.62MB/s   00:00:00       24657317 100%    8.99MB/s   00:00:02 (xfer#59, to-check=69/1752)
synthetic_007260/posterior_std.pt
         232019 100%  127.24MB/s   00:00:00 (xfer#60, to-check=70/1752)
synthetic_007260/posterior_variance.pt
         232054 100%  246.73MB/s   00:00:00 (xfer#61, to-check=71/1752)
synthetic_007261/
synthetic_007261/composite_mean.pt
         232026 100%    6.57MB/s   00:00:00 (xfer#62, to-check=73/1752)
synthetic_007261/metadata.json
           1799 100%   24.23MB/s   00:00:00 (xfer#63, to-check=74/1752)
synthetic_007261/posterior_mean.pt
         232026 100%   30.59MB/s   00:00:00 (xfer#64, to-check=75/1752)
synthetic_007261/posterior_samples.pt
        4784128  19%    9.12MB/s   00:00:02        9764864  40%    9.46MB/s   00:00:01       14286848  58%    8.62MB/s   00:00:01       19202048  78%    9.32MB/s   00:00:00       24182784  98%    9.20MB/s   00:00:00       24657317 100%    8.99MB/s   00:00:02 (xfer#65, to-check=76/1752)
synthetic_007261/posterior_std.pt
         232019 100%  129.10MB/s   00:00:00 (xfer#66, to-check=77/1752)
synthetic_007261/posterior_variance.pt
         232054 100%  193.62MB/s   00:00:00 (xfer#67, to-check=78/1752)
synthetic_007262/
synthetic_007262/composite_mean.pt
         232026 100%    8.59MB/s   00:00:00 (xfer#68, to-check=80/1752)
synthetic_007262/metadata.json
           1800 100%   20.00MB/s   00:00:00 (xfer#69, to-check=81/1752)
synthetic_007262/posterior_mean.pt
         232026 100%    9.10MB/s   00:00:00 (xfer#70, to-check=82/1752)
synthetic_007262/posterior_samples.pt
        5144576  21%    9.62MB/s   00:00:01        9601024  39%    8.11MB/s   00:00:01       14450688  59%    9.17MB/s   00:00:01       19562496  79%    9.31MB/s   00:00:00       24657317 100%    9.16MB/s   00:00:02 (xfer#71, to-check=83/1752)
synthetic_007262/posterior_std.pt
         232019 100%  107.00MB/s   00:00:00 (xfer#72, to-check=84/1752)
synthetic_007262/posterior_variance.pt
         232054 100%  269.52MB/s   00:00:00 (xfer#73, to-check=85/1752)
synthetic_007263/
synthetic_007263/composite_mean.pt
         232026 100%   11.12MB/s   00:00:00 (xfer#74, to-check=87/1752)
synthetic_007263/metadata.json
           1800 100%   16.22MB/s   00:00:00 (xfer#75, to-check=88/1752)
synthetic_007263/posterior_mean.pt
         232026 100%   27.11MB/s   00:00:00 (xfer#76, to-check=89/1752)
synthetic_007263/posterior_samples.pt
        5013504  20%    9.38MB/s   00:00:01        7536640  31%    4.74MB/s   00:00:03       11599872  47%    7.68MB/s   00:00:01       16187392  66%    8.49MB/s   00:00:00       20905984  85%    8.74MB/s   00:00:00       24657317 100%    7.81MB/s   00:00:03 (xfer#77, to-check=90/1752)
synthetic_007263/posterior_std.pt
         232019 100%  124.24MB/s   00:00:00 (xfer#78, to-check=91/1752)
synthetic_007263/posterior_variance.pt
         232054 100%  221.74MB/s   00:00:00 (xfer#79, to-check=92/1752)
synthetic_007264/
synthetic_007264/composite_mean.pt
         232026 100%    9.97MB/s   00:00:00 (xfer#80, to-check=94/1752)
synthetic_007264/metadata.json
           1799 100%   26.36MB/s   00:00:00 (xfer#81, to-check=95/1752)
synthetic_007264/posterior_mean.pt
         232026 100%   30.57MB/s   00:00:00 (xfer#82, to-check=96/1752)
synthetic_007264/posterior_samples.pt
        5210112  21%    9.63MB/s   00:00:01       10715136  43%   10.40MB/s   00:00:01       16089088  65%    9.73MB/s   00:00:00       21725184  88%   10.56MB/s   00:00:00       24657317 100%   10.12MB/s   00:00:02 (xfer#83, to-check=97/1752)
synthetic_007264/posterior_std.pt
         232019 100%  133.46MB/s   00:00:00 (xfer#84, to-check=98/1752)
synthetic_007264/posterior_variance.pt
         232054 100%    9.95MB/s   00:00:00 (xfer#85, to-check=99/1752)
synthetic_007265/
synthetic_007265/composite_mean.pt
         232026 100%   10.63MB/s   00:00:00 (xfer#86, to-check=101/1752)
synthetic_007265/metadata.json
           1799 100%   39.11MB/s   00:00:00 (xfer#87, to-check=102/1752)
synthetic_007265/posterior_mean.pt
         232026 100%   35.11MB/s   00:00:00 (xfer#88, to-check=103/1752)
synthetic_007265/posterior_samples.pt
        5242880  21%    9.58MB/s   00:00:01       10747904  44%   10.40MB/s   00:00:01       14581760  59%    7.26MB/s   00:00:01       18513920  75%    7.45MB/s   00:00:00       22577152  92%    7.34MB/s   00:00:00       24657317 100%    8.27MB/s   00:00:02 (xfer#89, to-check=104/1752)
synthetic_007265/posterior_std.pt
         232019 100%  142.12MB/s   00:00:00 (xfer#90, to-check=105/1752)
synthetic_007265/posterior_variance.pt
         232054 100%  225.35MB/s   00:00:00 (xfer#91, to-check=106/1752)
synthetic_007266/
synthetic_007266/composite_mean.pt
         232026 100%    5.46MB/s   00:00:00 (xfer#92, to-check=108/1752)
synthetic_007266/metadata.json
           1800 100%   22.02MB/s   00:00:00 (xfer#93, to-check=109/1752)
synthetic_007266/posterior_mean.pt
         232026 100%   12.11MB/s   00:00:00 (xfer#94, to-check=110/1752)
synthetic_007266/posterior_samples.pt
        4620288  19%    8.76MB/s   00:00:02        9469952  38%    8.97MB/s   00:00:01       14319616  58%    9.04MB/s   00:00:01       19169280  78%    8.83MB/s   00:00:00       23363584  95%    7.98MB/s   00:00:00       24657317 100%    8.68MB/s   00:00:02 (xfer#95, to-check=111/1752)
synthetic_007266/posterior_std.pt
         232019 100%  142.10MB/s   00:00:00 (xfer#96, to-check=112/1752)
synthetic_007266/posterior_variance.pt
         232054 100%   15.45MB/s   00:00:00 (xfer#97, to-check=113/1752)
synthetic_007267/
synthetic_007267/composite_mean.pt
         232026 100%   13.59MB/s   00:00:00 (xfer#98, to-check=115/1752)
synthetic_007267/metadata.json
           1799 100%   16.66MB/s   00:00:00 (xfer#99, to-check=116/1752)
synthetic_007267/posterior_mean.pt
         232026 100%    7.28MB/s   00:00:00 (xfer#100, to-check=117/1752)
synthetic_007267/posterior_samples.pt
        4882432  20%    9.08MB/s   00:00:02        9732096  39%    9.02MB/s   00:00:01       14581760  59%    9.05MB/s   00:00:01       19562496  79%    9.11MB/s   00:00:00       24150016  98%    8.57MB/s   00:00:00       24657317 100%    8.91MB/s   00:00:02 (xfer#101, to-check=118/1752)
synthetic_007267/posterior_std.pt
         232019 100%   19.59MB/s   00:00:00 (xfer#102, to-check=119/1752)
synthetic_007267/posterior_variance.pt
         232054 100%   36.69MB/s   00:00:00 (xfer#103, to-check=120/1752)
synthetic_007268/
synthetic_007268/composite_mean.pt
         232026 100%    7.57MB/s   00:00:00 (xfer#104, to-check=122/1752)
synthetic_007268/metadata.json
           1800 100%   20.69MB/s   00:00:00 (xfer#105, to-check=123/1752)
synthetic_007268/posterior_mean.pt
         232026 100%    7.40MB/s   00:00:00 (xfer#106, to-check=124/1752)
synthetic_007268/posterior_samples.pt
        4685824  19%    8.75MB/s   00:00:02        9535488  39%    9.00MB/s   00:00:01       14385152  58%    7.83MB/s   00:00:01       17661952  72%    5.78MB/s   00:00:01       19562496  79%    3.33MB/s   00:00:01       21790720  88%    3.91MB/s   00:00:00       23887872  97%    3.98MB/s   00:00:00       24657317 100%    5.89MB/s   00:00:03 (xfer#107, to-check=125/1752)
synthetic_007268/posterior_std.pt
         232019 100%   10.97MB/s   00:00:00 (xfer#108, to-check=126/1752)
synthetic_007268/posterior_variance.pt
         232054 100%   36.47MB/s   00:00:00 (xfer#109, to-check=127/1752)
synthetic_007269/
synthetic_007269/composite_mean.pt
         232026 100%    2.46MB/s   00:00:00 (xfer#110, to-check=129/1752)
synthetic_007269/metadata.json
           1798 100%    7.79MB/s   00:00:00 (xfer#111, to-check=130/1752)
synthetic_007269/posterior_mean.pt
         232026 100%    3.49MB/s   00:00:00 (xfer#112, to-check=131/1752)
synthetic_007269/posterior_samples.pt
        2162688   9%    4.04MB/s   00:00:05        4390912  18%    4.22MB/s   00:00:04        6881280  28%    4.40MB/s   00:00:03        9240576  37%    4.28MB/s   00:00:03       11862016  48%    4.64MB/s   00:00:02       13893632  56%    3.52MB/s   00:00:02       15728640  64%    3.41MB/s   00:00:02       17694720  72%    3.74MB/s   00:00:01       19791872  80%    3.99MB/s   00:00:01       21889024  89%    3.89MB/s   00:00:00       24248320  98%    4.43MB/s   00:00:00       24657317 100%    4.05MB/s   00:00:05 (xfer#113, to-check=132/1752)
synthetic_007269/posterior_std.pt
         232019 100%    8.79MB/s   00:00:00 (xfer#114, to-check=133/1752)
synthetic_007269/posterior_variance.pt
         232054 100%    3.82MB/s   00:00:00 (xfer#115, to-check=134/1752)
synthetic_007270/
synthetic_007270/composite_mean.pt
         232026 100%   23.06MB/s   00:00:00 (xfer#116, to-check=136/1752)
synthetic_007270/metadata.json
           1799 100%   19.29MB/s   00:00:00 (xfer#117, to-check=137/1752)
synthetic_007270/posterior_mean.pt
         232026 100%    3.51MB/s   00:00:00 (xfer#118, to-check=138/1752)
synthetic_007270/posterior_samples.pt
        1900544   8%    3.52MB/s   00:00:06        3735552  15%    3.47MB/s   00:00:05        5701632  23%    3.62MB/s   00:00:04        7667712  31%    3.75MB/s   00:00:04        9764864  40%    3.68MB/s   00:00:03       11993088  49%    3.92MB/s   00:00:03       14090240  57%    3.87MB/s   00:00:02       16318464  66%    4.20MB/s   00:00:01       18284544  74%    3.64MB/s   00:00:01       20643840  84%    4.42MB/s   00:00:00       22872064  93%    4.14MB/s   00:00:00       24657317 100%    3.87MB/s   00:00:06 (xfer#119, to-check=139/1752)
synthetic_007270/posterior_std.pt
         232019 100%  133.06MB/s   00:00:00 (xfer#120, to-check=140/1752)
synthetic_007270/posterior_variance.pt
         232054 100%    4.47MB/s   00:00:00 (xfer#121, to-check=141/1752)
synthetic_007271/
synthetic_007271/composite_mean.pt
         232026 100%    4.00MB/s   00:00:00 (xfer#122, to-check=143/1752)
synthetic_007271/metadata.json
           1796 100%   16.82MB/s   00:00:00 (xfer#123, to-check=144/1752)
synthetic_007271/posterior_mean.pt
         232026 100%    3.66MB/s   00:00:00 (xfer#124, to-check=145/1752)
synthetic_007271/posterior_samples.pt
        2359296  10%    3.95MB/s   00:00:05        4947968  20%    4.89MB/s   00:00:03        7569408  31%    4.53MB/s   00:00:03       10452992  42%    5.48MB/s   00:00:02       13336576  54%    5.32MB/s   00:00:02       16482304  67%    5.85MB/s   00:00:01       19496960  79%    5.74MB/s   00:00:00       22904832  93%    5.88MB/s   00:00:00       24657317 100%    5.23MB/s   00:00:04 (xfer#125, to-check=146/1752)
synthetic_007271/posterior_std.pt
         232019 100%   19.31MB/s   00:00:00 (xfer#126, to-check=147/1752)
synthetic_007271/posterior_variance.pt
         232054 100%    4.22MB/s   00:00:00 (xfer#127, to-check=148/1752)
synthetic_007272/
synthetic_007272/composite_mean.pt
         232026 100%   18.01MB/s   00:00:00 (xfer#128, to-check=150/1752)
synthetic_007272/metadata.json
           1798 100%   22.83MB/s   00:00:00 (xfer#129, to-check=151/1752)
synthetic_007272/posterior_mean.pt
         232026 100%    4.60MB/s   00:00:00 (xfer#130, to-check=152/1752)
synthetic_007272/posterior_samples.pt
        3375104  14%    6.44MB/s   00:00:03        6979584  28%    6.34MB/s   00:00:02       10911744  44%    7.34MB/s   00:00:01       15368192  62%    8.25MB/s   00:00:01       20086784  81%    8.85MB/s   00:00:00       24150016  98%    7.30MB/s   00:00:00       24657317 100%    7.33MB/s   00:00:03 (xfer#131, to-check=153/1752)
synthetic_007272/posterior_std.pt
         232019 100%   94.92MB/s   00:00:00 (xfer#132, to-check=154/1752)
synthetic_007272/posterior_variance.pt
         232054 100%    6.02MB/s   00:00:00 (xfer#133, to-check=155/1752)
synthetic_007273/
synthetic_007273/composite_mean.pt
         232026 100%   41.79MB/s   00:00:00 (xfer#134, to-check=157/1752)
synthetic_007273/metadata.json
           1796 100%   25.94MB/s   00:00:00 (xfer#135, to-check=158/1752)
synthetic_007273/posterior_mean.pt
         232026 100%    3.65MB/s   00:00:00 (xfer#136, to-check=159/1752)
synthetic_007273/posterior_samples.pt
        3801088  15%    6.27MB/s   00:00:03        4751360  19%    1.80MB/s   00:00:10        7897088  32%    5.97MB/s   00:00:02       11042816  45%    5.63MB/s   00:00:02       14188544  58%    5.69MB/s   00:00:01       17334272  70%    5.99MB/s   00:00:01       20742144  84%    6.08MB/s   00:00:00       22806528  92%    3.79MB/s   00:00:00       24657317 100%    5.13MB/s   00:00:04 (xfer#137, to-check=160/1752)
synthetic_007273/posterior_std.pt
         232019 100%   11.21MB/s   00:00:00 (xfer#138, to-check=161/1752)
synthetic_007273/posterior_variance.pt
         232054 100%    8.91MB/s   00:00:00 (xfer#139, to-check=162/1752)
synthetic_007274/
synthetic_007274/composite_mean.pt
         232026 100%    5.23MB/s   00:00:00 (xfer#140, to-check=164/1752)
synthetic_007274/metadata.json
           1799 100%   13.71MB/s   00:00:00 (xfer#141, to-check=165/1752)
synthetic_007274/posterior_mean.pt
         232026 100%    4.07MB/s   00:00:00 (xfer#142, to-check=166/1752)
synthetic_007274/posterior_samples.pt
        2785280  11%    4.90MB/s   00:00:04        5537792  22%    5.17MB/s   00:00:03        8290304  34%    4.99MB/s   00:00:03       11173888  45%    5.27MB/s   00:00:02       14057472  57%    5.29MB/s   00:00:01       16809984  68%    5.09MB/s   00:00:01       19955712  81%    5.98MB/s   00:00:00       22708224  92%    5.20MB/s   00:00:00       24657317 100%    5.15MB/s   00:00:04 (xfer#143, to-check=167/1752)
synthetic_007274/posterior_std.pt
         232019 100%   82.23MB/s   00:00:00 (xfer#144, to-check=168/1752)
synthetic_007274/posterior_variance.pt
         232054 100%    9.86MB/s   00:00:00 (xfer#145, to-check=169/1752)
synthetic_007275/
synthetic_007275/composite_mean.pt
         232026 100%    4.47MB/s   00:00:00 (xfer#146, to-check=171/1752)
synthetic_007275/metadata.json
           1798 100%   16.61MB/s   00:00:00 (xfer#147, to-check=172/1752)
synthetic_007275/posterior_mean.pt
         232026 100%    8.74MB/s   00:00:00 (xfer#148, to-check=173/1752)
synthetic_007275/posterior_samples.pt
        3112960  13%    5.72MB/s   00:00:03        6258688  25%    5.99MB/s   00:00:02        9535488  39%    6.12MB/s   00:00:02       13074432  53%    6.39MB/s   00:00:01       16613376  67%    6.74MB/s   00:00:01       19890176  81%    6.23MB/s   00:00:00       23166976  94%    6.23MB/s   00:00:00       24657317 100%    6.21MB/s   00:00:03 (xfer#149, to-check=174/1752)
synthetic_007275/posterior_std.pt
         232019 100%   22.36MB/s   00:00:00 (xfer#150, to-check=175/1752)
synthetic_007275/posterior_variance.pt
         232054 100%   20.06MB/s   00:00:00 (xfer#151, to-check=176/1752)
synthetic_007276/
synthetic_007276/composite_mean.pt
         232026 100%    5.18MB/s   00:00:00 (xfer#152, to-check=178/1752)
synthetic_007276/metadata.json
           1797 100%  242.86KB/s   00:00:00 (xfer#153, to-check=179/1752)
synthetic_007276/posterior_mean.pt
         232026 100%   21.89MB/s   00:00:00 (xfer#154, to-check=180/1752)
synthetic_007276/posterior_samples.pt
        3801088  15%    6.79MB/s   00:00:02        7864320  32%    7.57MB/s   00:00:02       11403264  46%    6.62MB/s   00:00:01       15073280  61%    6.64MB/s   00:00:01       18743296  76%    6.93MB/s   00:00:00       23134208  94%    7.61MB/s   00:00:00       24657317 100%    6.80MB/s   00:00:03 (xfer#155, to-check=181/1752)
synthetic_007276/posterior_std.pt
         232019 100%   11.62MB/s   00:00:00 (xfer#156, to-check=182/1752)
synthetic_007276/posterior_variance.pt
         232054 100%   10.19MB/s   00:00:00 (xfer#157, to-check=183/1752)
synthetic_007277/
synthetic_007277/composite_mean.pt
         232026 100%    4.80MB/s   00:00:00 (xfer#158, to-check=185/1752)
synthetic_007277/metadata.json
           1796 100%   16.04MB/s   00:00:00 (xfer#159, to-check=186/1752)
synthetic_007277/posterior_mean.pt
         232026 100%    4.45MB/s   00:00:00 (xfer#160, to-check=187/1752)
synthetic_007277/posterior_samples.pt
        3932160  16%    6.91MB/s   00:00:02        7995392  32%    7.56MB/s   00:00:02       12189696  49%    7.60MB/s   00:00:01       16384000  66%    7.83MB/s   00:00:01       20971520  85%    8.36MB/s   00:00:00       24657317 100%    7.59MB/s   00:00:03 (xfer#161, to-check=188/1752)
synthetic_007277/posterior_std.pt
         232019 100%  118.91MB/s   00:00:00 (xfer#162, to-check=189/1752)
synthetic_007277/posterior_variance.pt
         232054 100%  193.98MB/s   00:00:00 (xfer#163, to-check=190/1752)
synthetic_007278/
synthetic_007278/composite_mean.pt
         232026 100%    8.11MB/s   00:00:00 (xfer#164, to-check=192/1752)
synthetic_007278/metadata.json
           1796 100%   21.97MB/s   00:00:00 (xfer#165, to-check=193/1752)
synthetic_007278/posterior_mean.pt
         232026 100%   27.44MB/s   00:00:00 (xfer#166, to-check=194/1752)
synthetic_007278/posterior_samples.pt
        4489216  18%    8.52MB/s   00:00:02        8814592  36%    8.02MB/s   00:00:01       13402112  54%    8.45MB/s   00:00:01       18382848  75%    9.32MB/s   00:00:00       22970368  93%    8.52MB/s   00:00:00       24657317 100%    8.42MB/s   00:00:02 (xfer#167, to-check=195/1752)
synthetic_007278/posterior_std.pt
         232019 100%  166.89MB/s   00:00:00 (xfer#168, to-check=196/1752)
synthetic_007278/posterior_variance.pt
         232054 100%  165.75MB/s   00:00:00 (xfer#169, to-check=197/1752)
synthetic_007279/
synthetic_007279/composite_mean.pt
         232026 100%    8.08MB/s   00:00:00 (xfer#170, to-check=199/1752)
synthetic_007279/metadata.json
           1798 100%   24.13MB/s   00:00:00 (xfer#171, to-check=200/1752)
synthetic_007279/posterior_mean.pt
         232026 100%    8.37MB/s   00:00:00 (xfer#172, to-check=201/1752)
synthetic_007279/posterior_samples.pt
        4489216  18%    8.32MB/s   00:00:02        8749056  35%    6.71MB/s   00:00:02       11862016  48%    5.94MB/s   00:00:02       15433728  63%    6.79MB/s   00:00:01       19365888  79%    7.48MB/s   00:00:00       23691264  96%    8.15MB/s   00:00:00       24657317 100%    7.16MB/s   00:00:03 (xfer#173, to-check=202/1752)
synthetic_007279/posterior_std.pt
         232019 100%  130.02MB/s   00:00:00 (xfer#174, to-check=203/1752)
synthetic_007279/posterior_variance.pt
         232054 100%   12.75MB/s   00:00:00 (xfer#175, to-check=204/1752)
synthetic_007280/
synthetic_007280/composite_mean.pt
         232026 100%   42.03MB/s   00:00:00 (xfer#176, to-check=206/1752)
synthetic_007280/metadata.json
           1797 100%   30.08MB/s   00:00:00 (xfer#177, to-check=207/1752)
synthetic_007280/posterior_mean.pt
         232026 100%    7.24MB/s   00:00:00 (xfer#178, to-check=208/1752)
synthetic_007280/posterior_samples.pt
        4358144  18%    7.65MB/s   00:00:02        8814592  36%    8.35MB/s   00:00:01       13500416  55%    8.91MB/s   00:00:01       18087936  73%    8.36MB/s   00:00:00       22675456  92%    8.57MB/s   00:00:00       24657317 100%    8.35MB/s   00:00:02 (xfer#179, to-check=209/1752)
synthetic_007280/posterior_std.pt
         232019 100%  131.40MB/s   00:00:00 (xfer#180, to-check=210/1752)
synthetic_007280/posterior_variance.pt
         232054 100%   15.80MB/s   00:00:00 (xfer#181, to-check=211/1752)
synthetic_007281/
synthetic_007281/composite_mean.pt
         232026 100%   19.77MB/s   00:00:00 (xfer#182, to-check=213/1752)
synthetic_007281/metadata.json
           1797 100%   21.39MB/s   00:00:00 (xfer#183, to-check=214/1752)
synthetic_007281/posterior_mean.pt
         232026 100%    4.94MB/s   00:00:00 (xfer#184, to-check=215/1752)
synthetic_007281/posterior_samples.pt
        4718592  19%    8.90MB/s   00:00:02        9437184  38%    8.97MB/s   00:00:01       13926400  56%    7.84MB/s   00:00:01       17465344  71%    6.55MB/s   00:00:01       20873216  85%    6.47MB/s   00:00:00       24657317 100%    7.58MB/s   00:00:03 (xfer#185, to-check=216/1752)
synthetic_007281/posterior_std.pt
         232019 100%  108.26MB/s   00:00:00 (xfer#186, to-check=217/1752)
synthetic_007281/posterior_variance.pt
         232054 100%  266.04MB/s   00:00:00 (xfer#187, to-check=218/1752)
synthetic_007282/
synthetic_007282/composite_mean.pt
         232026 100%    9.86MB/s   00:00:00 (xfer#188, to-check=220/1752)
synthetic_007282/metadata.json
           1799 100%   29.13MB/s   00:00:00 (xfer#189, to-check=221/1752)
synthetic_007282/posterior_mean.pt
         232026 100%    4.18MB/s   00:00:00 (xfer#190, to-check=222/1752)
synthetic_007282/posterior_samples.pt
        3899392  16%    7.42MB/s   00:00:02        8192000  33%    8.19MB/s   00:00:01       12156928  49%    7.33MB/s   00:00:01       16744448  68%    8.49MB/s   00:00:00       21725184  88%    9.05MB/s   00:00:00       23986176  97%    3.36MB/s   00:00:00       24657317 100%    6.96MB/s   00:00:03 (xfer#191, to-check=223/1752)
synthetic_007282/posterior_std.pt
         232019 100%   10.50MB/s   00:00:00 (xfer#192, to-check=224/1752)
synthetic_007282/posterior_variance.pt
         232054 100%   40.87MB/s   00:00:00 (xfer#193, to-check=225/1752)
synthetic_007283/
synthetic_007283/composite_mean.pt
         232026 100%    3.47MB/s   00:00:00 (xfer#194, to-check=227/1752)
synthetic_007283/metadata.json
           1797 100%   19.91MB/s   00:00:00 (xfer#195, to-check=228/1752)
synthetic_007283/posterior_mean.pt
         232026 100%   11.89MB/s   00:00:00 (xfer#196, to-check=229/1752)
synthetic_007283/posterior_samples.pt
        3440640  14%    6.21MB/s   00:00:03        7372800  30%    7.20MB/s   00:00:02       11436032  46%    7.03MB/s   00:00:01       15106048  61%    6.99MB/s   00:00:01       18776064  76%    6.98MB/s   00:00:00       22708224  92%    7.39MB/s   00:00:00       24657317 100%    6.91MB/s   00:00:03 (xfer#197, to-check=230/1752)
synthetic_007283/posterior_std.pt
         232019 100%  136.84MB/s   00:00:00 (xfer#198, to-check=231/1752)
synthetic_007283/posterior_variance.pt
         232054 100%    7.54MB/s   00:00:00 (xfer#199, to-check=232/1752)
synthetic_007284/
synthetic_007284/composite_mean.pt
         232026 100%   23.99MB/s   00:00:00 (xfer#200, to-check=234/1752)
synthetic_007284/metadata.json
           1799 100%   19.72MB/s   00:00:00 (xfer#201, to-check=235/1752)
synthetic_007284/posterior_mean.pt
         232026 100%    4.43MB/s   00:00:00 (xfer#202, to-check=236/1752)
synthetic_007284/posterior_samples.pt
        3604480  15%    6.59MB/s   00:00:03        7405568  30%    6.90MB/s   00:00:02       11206656  45%    7.19MB/s   00:00:01       15007744  61%    7.19MB/s   00:00:01       19070976  77%    7.42MB/s   00:00:00       23396352  95%    8.01MB/s   00:00:00       24657317 100%    7.17MB/s   00:00:03 (xfer#203, to-check=237/1752)
synthetic_007284/posterior_std.pt
         232019 100%  154.96MB/s   00:00:00 (xfer#204, to-check=238/1752)
synthetic_007284/posterior_variance.pt
         232054 100%   12.31MB/s   00:00:00 (xfer#205, to-check=239/1752)
synthetic_007285/
synthetic_007285/composite_mean.pt
         232026 100%   15.99MB/s   00:00:00 (xfer#206, to-check=241/1752)
synthetic_007285/metadata.json
           1797 100%   24.12MB/s   00:00:00 (xfer#207, to-check=242/1752)
synthetic_007285/posterior_mean.pt
         232026 100%    4.42MB/s   00:00:00 (xfer#208, to-check=243/1752)
synthetic_007285/posterior_samples.pt
        2883584  12%    5.50MB/s   00:00:03        7208960  29%    7.77MB/s   00:00:02       11534336  47%    8.23MB/s   00:00:01       15990784  65%    8.18MB/s   00:00:01       20578304  83%    8.30MB/s   00:00:00       24657317 100%    7.71MB/s   00:00:03 (xfer#209, to-check=244/1752)
synthetic_007285/posterior_std.pt
         232019 100%   88.41MB/s   00:00:00 (xfer#210, to-check=245/1752)
synthetic_007285/posterior_variance.pt
         232054 100%   14.43MB/s   00:00:00 (xfer#211, to-check=246/1752)
synthetic_007286/
synthetic_007286/composite_mean.pt
         232026 100%   41.45MB/s   00:00:00 (xfer#212, to-check=248/1752)
synthetic_007286/metadata.json
           1798 100%   29.97MB/s   00:00:00 (xfer#213, to-check=249/1752)
synthetic_007286/posterior_mean.pt
         232026 100%   19.04MB/s   00:00:00 (xfer#214, to-check=250/1752)
synthetic_007286/posterior_samples.pt
        4227072  17%    7.79MB/s   00:00:02        9076736  37%    9.18MB/s   00:00:01       14057472  57%    9.37MB/s   00:00:01       19431424  79%   10.01MB/s   00:00:00       24657317 100%    9.26MB/s   00:00:02 (xfer#215, to-check=251/1752)
synthetic_007286/posterior_std.pt
         232019 100%   74.45MB/s   00:00:00 (xfer#216, to-check=252/1752)
synthetic_007286/posterior_variance.pt
         232054 100%  185.35MB/s   00:00:00 (xfer#217, to-check=253/1752)
synthetic_007287/
synthetic_007287/composite_mean.pt
         232026 100%   12.61MB/s   00:00:00 (xfer#218, to-check=255/1752)
synthetic_007287/metadata.json
           1798 100%   12.01MB/s   00:00:00 (xfer#219, to-check=256/1752)
synthetic_007287/posterior_mean.pt
         232026 100%    6.12MB/s   00:00:00 (xfer#220, to-check=257/1752)
synthetic_007287/posterior_samples.pt
        6029312  24%   11.45MB/s   00:00:01       11042816  45%    8.90MB/s   00:00:01       14843904  60%    7.20MB/s   00:00:01       19431424  79%    8.70MB/s   00:00:00       24018944  97%    8.67MB/s   00:00:00       24657317 100%    8.90MB/s   00:00:02 (xfer#221, to-check=258/1752)
synthetic_007287/posterior_std.pt
         232019 100%  112.32MB/s   00:00:00 (xfer#222, to-check=259/1752)
synthetic_007287/posterior_variance.pt
         232054 100%   18.08MB/s   00:00:00 (xfer#223, to-check=260/1752)
synthetic_007288/
synthetic_007288/composite_mean.pt
         232026 100%   11.65MB/s   00:00:00 (xfer#224, to-check=262/1752)
synthetic_007288/metadata.json
           1797 100%    8.89MB/s   00:00:00 (xfer#225, to-check=263/1752)
synthetic_007288/posterior_mean.pt
         232026 100%    6.09MB/s   00:00:00 (xfer#226, to-check=264/1752)
synthetic_007288/posterior_samples.pt
        5177344  21%    9.86MB/s   00:00:01       11141120  45%   11.37MB/s   00:00:01       16973824  69%   10.88MB/s   00:00:00       22609920  92%   10.26MB/s   00:00:00       24657317 100%   10.59MB/s   00:00:02 (xfer#227, to-check=265/1752)
synthetic_007288/posterior_std.pt
         232019 100%  101.26MB/s   00:00:00 (xfer#228, to-check=266/1752)
synthetic_007288/posterior_variance.pt
         232054 100%   11.94MB/s   00:00:00 (xfer#229, to-check=267/1752)
synthetic_007289/
synthetic_007289/composite_mean.pt
         232026 100%   37.52MB/s   00:00:00 (xfer#230, to-check=269/1752)
synthetic_007289/metadata.json
           1798 100%   36.51MB/s   00:00:00 (xfer#231, to-check=270/1752)
synthetic_007289/posterior_mean.pt
         232026 100%    5.85MB/s   00:00:00 (xfer#232, to-check=271/1752)
synthetic_007289/posterior_samples.pt
        6553600  27%   12.34MB/s   00:00:01       12713984  52%   11.59MB/s   00:00:00       19136512  78%   11.75MB/s   00:00:00       24657317 100%   11.78MB/s   00:00:01 (xfer#233, to-check=272/1752)
synthetic_007289/posterior_std.pt
         232019 100%   12.46MB/s   00:00:00 (xfer#234, to-check=273/1752)
synthetic_007289/posterior_variance.pt
         232054 100%   38.56MB/s   00:00:00 (xfer#235, to-check=274/1752)
synthetic_007290/
synthetic_007290/composite_mean.pt
         232026 100%   45.47MB/s   00:00:00 (xfer#236, to-check=276/1752)
synthetic_007290/metadata.json
           1797 100%   39.93MB/s   00:00:00 (xfer#237, to-check=277/1752)
synthetic_007290/posterior_mean.pt
         232026 100%    4.67MB/s   00:00:00 (xfer#238, to-check=278/1752)
synthetic_007290/posterior_samples.pt
        6291456  26%   11.91MB/s   00:00:01       12845056  52%   12.19MB/s   00:00:00       19267584  78%   11.88MB/s   00:00:00       24657317 100%   11.88MB/s   00:00:01 (xfer#239, to-check=279/1752)
synthetic_007290/posterior_std.pt
         232019 100%  150.03MB/s   00:00:00 (xfer#240, to-check=280/1752)
synthetic_007290/posterior_variance.pt
         232054 100%    6.95MB/s   00:00:00 (xfer#241, to-check=281/1752)
synthetic_007291/
synthetic_007291/composite_mean.pt
         232026 100%   84.68MB/s   00:00:00 (xfer#242, to-check=283/1752)
synthetic_007291/metadata.json
           1798 100%   36.51MB/s   00:00:00 (xfer#243, to-check=284/1752)
synthetic_007291/posterior_mean.pt
         232026 100%   16.80MB/s   00:00:00 (xfer#244, to-check=285/1752)
synthetic_007291/posterior_samples.pt
        5799936  24%   10.83MB/s   00:00:01       11698176  47%   11.25MB/s   00:00:01       17727488  72%   11.25MB/s   00:00:00       23232512  94%   10.40MB/s   00:00:00       24657317 100%   10.78MB/s   00:00:02 (xfer#245, to-check=286/1752)
synthetic_007291/posterior_std.pt
         232019 100%  175.31MB/s   00:00:00 (xfer#246, to-check=287/1752)
synthetic_007291/posterior_variance.pt
         232054 100%  141.50MB/s   00:00:00 (xfer#247, to-check=288/1752)
synthetic_007292/
synthetic_007292/composite_mean.pt
         232026 100%    9.04MB/s   00:00:00 (xfer#248, to-check=290/1752)
synthetic_007292/metadata.json
           1798 100%   21.47MB/s   00:00:00 (xfer#249, to-check=291/1752)
synthetic_007292/posterior_mean.pt
         232026 100%   17.95MB/s   00:00:00 (xfer#250, to-check=292/1752)
synthetic_007292/posterior_samples.pt
        6258688  25%   11.43MB/s   00:00:01       11829248  48%   10.21MB/s   00:00:01       14548992  59%    4.18MB/s   00:00:02       17432576  71%    5.33MB/s   00:00:01       21102592  86%    6.83MB/s   00:00:00       24641536 100%    6.72MB/s   00:00:00       24657317 100%    7.28MB/s   00:00:03 (xfer#251, to-check=293/1752)
synthetic_007292/posterior_std.pt
         232019 100%  215.48MB/s   00:00:00 (xfer#252, to-check=294/1752)
synthetic_007292/posterior_variance.pt
         232054 100%    3.78MB/s   00:00:00 (xfer#253, to-check=295/1752)
synthetic_007293/
synthetic_007293/composite_mean.pt
         232026 100%   96.09MB/s   00:00:00 (xfer#254, to-check=297/1752)
synthetic_007293/metadata.json
           1798 100%   20.43MB/s   00:00:00 (xfer#255, to-check=298/1752)
synthetic_007293/posterior_mean.pt
         232026 100%    8.33MB/s   00:00:00 (xfer#256, to-check=299/1752)
synthetic_007293/posterior_samples.pt
        3571712  14%    6.67MB/s   00:00:03        7503872  30%    7.46MB/s   00:00:02       11304960  46%    7.22MB/s   00:00:01       15237120  62%    7.34MB/s   00:00:01       19169280  78%    7.50MB/s   00:00:00       21987328  89%    5.27MB/s   00:00:00       24657317 100%    6.60MB/s   00:00:03 (xfer#257, to-check=300/1752)
synthetic_007293/posterior_std.pt
         232019 100%   29.85MB/s   00:00:00 (xfer#258, to-check=301/1752)
synthetic_007293/posterior_variance.pt
         232054 100%    3.25MB/s   00:00:00 (xfer#259, to-check=302/1752)
synthetic_007294/
synthetic_007294/composite_mean.pt
         232026 100%   19.41MB/s   00:00:00 (xfer#260, to-check=304/1752)
synthetic_007294/metadata.json
           1798 100%   19.44MB/s   00:00:00 (xfer#261, to-check=305/1752)
synthetic_007294/posterior_mean.pt
         232026 100%    4.32MB/s   00:00:00 (xfer#262, to-check=306/1752)
synthetic_007294/posterior_samples.pt
        3178496  13%    5.91MB/s   00:00:03        6586368  27%    6.45MB/s   00:00:02        9764864  40%    6.06MB/s   00:00:02       13008896  53%    6.16MB/s   00:00:01       16416768  67%    6.19MB/s   00:00:01       19693568  80%    6.11MB/s   00:00:00       23101440  94%    6.45MB/s   00:00:00       24657317 100%    6.09MB/s   00:00:03 (xfer#263, to-check=307/1752)
synthetic_007294/posterior_std.pt
         232019 100%  146.15MB/s   00:00:00 (xfer#264, to-check=308/1752)
synthetic_007294/posterior_variance.pt
         232054 100%    9.21MB/s   00:00:00 (xfer#265, to-check=309/1752)
synthetic_007295/
synthetic_007295/composite_mean.pt
         232026 100%   23.68MB/s   00:00:00 (xfer#266, to-check=311/1752)
synthetic_007295/metadata.json
           1797 100%   23.80MB/s   00:00:00 (xfer#267, to-check=312/1752)
synthetic_007295/posterior_mean.pt
         232026 100%    2.69MB/s   00:00:00 (xfer#268, to-check=313/1752)
synthetic_007295/posterior_samples.pt
        3244032  13%    6.17MB/s   00:00:03        6651904  27%    6.46MB/s   00:00:02        9666560  39%    5.60MB/s   00:00:02       12025856  49%    4.41MB/s   00:00:02       14614528  59%    4.08MB/s   00:00:02       16023552  65%    2.69MB/s   00:00:03       17432576  71%    2.57MB/s   00:00:02       19136512  78%    2.94MB/s   00:00:01       20840448  85%    3.16MB/s   00:00:01       22413312  91%    2.97MB/s   00:00:00       24117248  98%    3.20MB/s   00:00:00       24657317 100%    3.95MB/s   00:00:05 (xfer#269, to-check=314/1752)
synthetic_007295/posterior_std.pt
         232019 100%    7.48MB/s   00:00:00 (xfer#270, to-check=315/1752)
synthetic_007295/posterior_variance.pt
         232054 100%    3.36MB/s   00:00:00 (xfer#271, to-check=316/1752)
synthetic_007296/
synthetic_007296/composite_mean.pt
         232026 100%    3.64MB/s   00:00:00 (xfer#272, to-check=318/1752)
synthetic_007296/metadata.json
           1798 100%    5.34MB/s   00:00:00 (xfer#273, to-check=319/1752)
synthetic_007296/posterior_mean.pt
         232026 100%    2.68MB/s   00:00:00 (xfer#274, to-check=320/1752)
synthetic_007296/posterior_samples.pt
        1802240   7%    3.29MB/s   00:00:06        3637248  15%    3.49MB/s   00:00:05        5603328  23%    3.63MB/s   00:00:05        7700480  31%    3.99MB/s   00:00:04        9797632  40%    3.96MB/s   00:00:03       12025856  49%    4.13MB/s   00:00:02       14254080  58%    4.05MB/s   00:00:02       16744448  68%    4.44MB/s   00:00:01       19234816  78%    4.48MB/s   00:00:01       21725184  88%    4.66MB/s   00:00:00       24346624  99%    4.72MB/s   00:00:00       24657317 100%    4.06MB/s   00:00:05 (xfer#275, to-check=321/1752)
synthetic_007296/posterior_std.pt
         232019 100%  283.38MB/s   00:00:00 (xfer#276, to-check=322/1752)
synthetic_007296/posterior_variance.pt
         232054 100%    3.28MB/s   00:00:00 (xfer#277, to-check=323/1752)
synthetic_007297/
synthetic_007297/composite_mean.pt
         232026 100%    3.21MB/s   00:00:00 (xfer#278, to-check=325/1752)
synthetic_007297/metadata.json
           1798 100%    8.93MB/s   00:00:00 (xfer#279, to-check=326/1752)
synthetic_007297/posterior_mean.pt
         232026 100%   31.98MB/s   00:00:00 (xfer#280, to-check=327/1752)
synthetic_007297/posterior_samples.pt
        2195456   9%    4.15MB/s   00:00:05        4456448  18%    4.14MB/s   00:00:04        6684672  27%    4.15MB/s   00:00:04        9175040  37%    4.73MB/s   00:00:03       11665408  47%    4.72MB/s   00:00:02       14024704  57%    4.43MB/s   00:00:02       16908288  69%    5.01MB/s   00:00:01       19660800  80%    4.99MB/s   00:00:00       22675456  92%    5.39MB/s   00:00:00       24657317 100%    4.65MB/s   00:00:05 (xfer#281, to-check=328/1752)
synthetic_007297/posterior_std.pt
         232019 100%  130.77MB/s   00:00:00 (xfer#282, to-check=329/1752)
synthetic_007297/posterior_variance.pt
         232054 100%    4.58MB/s   00:00:00 (xfer#283, to-check=330/1752)
synthetic_007298/
synthetic_007298/composite_mean.pt
         232026 100%    8.21MB/s   00:00:00 (xfer#284, to-check=332/1752)
synthetic_007298/metadata.json
           1798 100%   22.27MB/s   00:00:00 (xfer#285, to-check=333/1752)
synthetic_007298/posterior_mean.pt
         232026 100%    6.10MB/s   00:00:00 (xfer#286, to-check=334/1752)
synthetic_007298/posterior_samples.pt
        2850816  12%    5.19MB/s   00:00:04        5603328  23%    5.17MB/s   00:00:03        8519680  35%    5.56MB/s   00:00:02       11108352  45%    4.78MB/s   00:00:02       13860864  56%    5.17MB/s   00:00:01       16613376  67%    4.78MB/s   00:00:01       19628032  80%    5.65MB/s   00:00:00       22642688  92%    5.67MB/s   00:00:00       24657317 100%    5.27MB/s   00:00:04 (xfer#287, to-check=335/1752)
synthetic_007298/posterior_std.pt
         232019 100%   19.50MB/s   00:00:00 (xfer#288, to-check=336/1752)
synthetic_007298/posterior_variance.pt
         232054 100%    7.34MB/s   00:00:00 (xfer#289, to-check=337/1752)
synthetic_007299/
synthetic_007299/composite_mean.pt
         232026 100%    4.16MB/s   00:00:00 (xfer#290, to-check=339/1752)
synthetic_007299/metadata.json
           1798 100%   19.23MB/s   00:00:00 (xfer#291, to-check=340/1752)
synthetic_007299/posterior_mean.pt
         232026 100%   34.59MB/s   00:00:00 (xfer#292, to-check=341/1752)
synthetic_007299/posterior_samples.pt
        2916352  12%    5.27MB/s   00:00:03        6455296  26%    6.70MB/s   00:00:02        9863168  40%    6.43MB/s   00:00:02       13533184  55%    6.93MB/s   00:00:01       17104896  69%    6.17MB/s   00:00:01       19726336  80%    4.77MB/s   00:00:00       22740992  92%    5.67MB/s   00:00:00       24657317 100%    5.95MB/s   00:00:03 (xfer#293, to-check=342/1752)
synthetic_007299/posterior_std.pt
         232019 100%  148.71MB/s   00:00:00 (xfer#294, to-check=343/1752)
synthetic_007299/posterior_variance.pt
         232054 100%    7.55MB/s   00:00:00 (xfer#295, to-check=344/1752)
synthetic_007300/
synthetic_007300/composite_mean.pt
         232026 100%    4.43MB/s   00:00:00 (xfer#296, to-check=346/1752)
synthetic_007300/metadata.json
           1797 100%   21.20MB/s   00:00:00 (xfer#297, to-check=347/1752)
synthetic_007300/posterior_mean.pt
         232026 100%    4.54MB/s   00:00:00 (xfer#298, to-check=348/1752)
synthetic_007300/posterior_samples.pt
        3276800  13%    6.22MB/s   00:00:03        6684672  27%    6.17MB/s   00:00:02       10092544  41%    6.48MB/s   00:00:02       13762560  56%    6.36MB/s   00:00:01       17170432  70%    6.31MB/s   00:00:01       20840448  85%    6.77MB/s   00:00:00       24379392  99%    6.32MB/s   00:00:00       24657317 100%    6.34MB/s   00:00:03 (xfer#299, to-check=349/1752)
synthetic_007300/posterior_std.pt
         232019 100%  120.06MB/s   00:00:00 (xfer#300, to-check=350/1752)
synthetic_007300/posterior_variance.pt
         232054 100%   15.14MB/s   00:00:00 (xfer#301, to-check=351/1752)
synthetic_007301/
synthetic_007301/composite_mean.pt
         232026 100%    5.74MB/s   00:00:00 (xfer#302, to-check=353/1752)
synthetic_007301/metadata.json
           1796 100%   22.81MB/s   00:00:00 (xfer#303, to-check=354/1752)
synthetic_007301/posterior_mean.pt
         232026 100%    2.07MB/s   00:00:00 (xfer#304, to-check=355/1752)
synthetic_007301/posterior_samples.pt
        3604480  15%    6.75MB/s   00:00:02        7536640  31%    7.43MB/s   00:00:02       11206656  45%    6.98MB/s   00:00:01       15007744  61%    6.81MB/s   00:00:01       18153472  74%    5.86MB/s   00:00:01       21823488  89%    6.91MB/s   00:00:00       24657317 100%    6.77MB/s   00:00:03 (xfer#305, to-check=356/1752)
synthetic_007301/posterior_std.pt
         232019 100%  124.31MB/s   00:00:00 (xfer#306, to-check=357/1752)
synthetic_007301/posterior_variance.pt
         232054 100%    8.49MB/s   00:00:00 (xfer#307, to-check=358/1752)
synthetic_007302/
synthetic_007302/composite_mean.pt
         232026 100%   10.57MB/s   00:00:00 (xfer#308, to-check=360/1752)
synthetic_007302/metadata.json
           1797 100%   16.64MB/s   00:00:00 (xfer#309, to-check=361/1752)
synthetic_007302/posterior_mean.pt
         232026 100%    5.57MB/s   00:00:00 (xfer#310, to-check=362/1752)
synthetic_007302/posterior_samples.pt
        3833856  16%    6.88MB/s   00:00:02        7634944  31%    7.02MB/s   00:00:02       11567104  47%    7.50MB/s   00:00:01       15499264  63%    7.27MB/s   00:00:01       17465344  71%    3.61MB/s   00:00:01       19169280  78%    3.19MB/s   00:00:01       21135360  86%    3.70MB/s   00:00:00       23101440  94%    3.74MB/s   00:00:00       24657317 100%    5.12MB/s   00:00:04 (xfer#311, to-check=363/1752)
synthetic_007302/posterior_std.pt
         232019 100%  110.75MB/s   00:00:00 (xfer#312, to-check=364/1752)
synthetic_007302/posterior_variance.pt
         232054 100%    9.22MB/s   00:00:00 (xfer#313, to-check=365/1752)
synthetic_007303/
synthetic_007303/composite_mean.pt
         232026 100%    3.17MB/s   00:00:00 (xfer#314, to-check=367/1752)
synthetic_007303/metadata.json
           1798 100%   19.70MB/s   00:00:00 (xfer#315, to-check=368/1752)
synthetic_007303/posterior_mean.pt
         232026 100%    2.87MB/s   00:00:00 (xfer#316, to-check=369/1752)
synthetic_007303/posterior_samples.pt
        2162688   9%    3.85MB/s   00:00:05        4128768  17%    3.42MB/s   00:00:05        6225920  25%    3.80MB/s   00:00:04        8454144  34%    4.09MB/s   00:00:03       10944512  44%    4.44MB/s   00:00:02       13303808  54%    4.34MB/s   00:00:02       15794176  64%    4.74MB/s   00:00:01       18284544  74%    4.66MB/s   00:00:01       20971520  85%    5.12MB/s   00:00:00       23265280  94%    4.10MB/s   00:00:00       24657317 100%    4.27MB/s   00:00:05 (xfer#317, to-check=370/1752)
synthetic_007303/posterior_std.pt
         232019 100%   18.74MB/s   00:00:00 (xfer#318, to-check=371/1752)
synthetic_007303/posterior_variance.pt
         232054 100%    6.50MB/s   00:00:00 (xfer#319, to-check=372/1752)
synthetic_007304/
synthetic_007304/composite_mean.pt
         232026 100%    5.06MB/s   00:00:00 (xfer#320, to-check=374/1752)
synthetic_007304/metadata.json
           1798 100%   20.43MB/s   00:00:00 (xfer#321, to-check=375/1752)
synthetic_007304/posterior_mean.pt
         232026 100%    4.59MB/s   00:00:00 (xfer#322, to-check=376/1752)
synthetic_007304/posterior_samples.pt
        2818048  11%    5.36MB/s   00:00:03        5570560  23%    5.19MB/s   00:00:03        8388608  34%    5.37MB/s   00:00:02       10649600  43%    4.24MB/s   00:00:03       13139968  53%    4.57MB/s   00:00:02       15138816  61%    3.70MB/s   00:00:02       17235968  70%    3.69MB/s   00:00:01       18907136  77%    2.87MB/s   00:00:01       20611072  84%    3.11MB/s   00:00:01       22183936  90%    2.95MB/s   00:00:00       23887872  97%    3.11MB/s   00:00:00       24657317 100%    3.96MB/s   00:00:05 (xfer#323, to-check=377/1752)
synthetic_007304/posterior_std.pt
         232019 100%    9.75MB/s   00:00:00 (xfer#324, to-check=378/1752)
synthetic_007304/posterior_variance.pt
         232054 100%    3.22MB/s   00:00:00 (xfer#325, to-check=379/1752)
synthetic_007305/
synthetic_007305/composite_mean.pt
         232026 100%    2.72MB/s   00:00:00 (xfer#326, to-check=381/1752)
synthetic_007305/metadata.json
           1798 100%   11.66MB/s   00:00:00 (xfer#327, to-check=382/1752)
synthetic_007305/posterior_mean.pt
         232026 100%    2.58MB/s   00:00:00 (xfer#328, to-check=383/1752)
synthetic_007305/posterior_samples.pt
        1572864   6%    2.93MB/s   00:00:07        3538944  14%    3.37MB/s   00:00:05        5505024  22%    3.56MB/s   00:00:05        7471104  30%    3.68MB/s   00:00:04        9568256  39%    3.74MB/s   00:00:03       11796480  48%    4.05MB/s   00:00:03       14155776  57%    4.27MB/s   00:00:02       16646144  68%    4.63MB/s   00:00:01       19136512  78%    4.70MB/s   00:00:01       21626880  88%    4.52MB/s   00:00:00       24248320  98%    4.96MB/s   00:00:00       24657317 100%    4.03MB/s   00:00:05 (xfer#329, to-check=384/1752)
synthetic_007305/posterior_std.pt
         232019 100%    9.40MB/s   00:00:00 (xfer#330, to-check=385/1752)
synthetic_007305/posterior_variance.pt
         232054 100%   19.56MB/s   00:00:00 (xfer#331, to-check=386/1752)
synthetic_007306/
synthetic_007306/composite_mean.pt
         232026 100%    4.13MB/s   00:00:00 (xfer#332, to-check=388/1752)
synthetic_007306/metadata.json
           1797 100%   19.02MB/s   00:00:00 (xfer#333, to-check=389/1752)
synthetic_007306/posterior_mean.pt
         232026 100%    4.01MB/s   00:00:00 (xfer#334, to-check=390/1752)
synthetic_007306/posterior_samples.pt
        2588672  10%    4.81MB/s   00:00:04        4194304  17%    2.91MB/s   00:00:06        6291456  26%    3.74MB/s   00:00:04        8781824  36%    4.45MB/s   00:00:03       11403264  46%    4.78MB/s   00:00:02       14155776  57%    5.08MB/s   00:00:01       16777216  68%    4.80MB/s   00:00:01       19660800  80%    5.27MB/s   00:00:00       22413312  91%    5.00MB/s   00:00:00       24657317 100%    4.57MB/s   00:00:05 (xfer#335, to-check=391/1752)
synthetic_007306/posterior_std.pt
         232019 100%   91.96MB/s   00:00:00 (xfer#336, to-check=392/1752)
synthetic_007306/posterior_variance.pt
         232054 100%    7.12MB/s   00:00:00 (xfer#337, to-check=393/1752)
synthetic_007307/
synthetic_007307/composite_mean.pt
         232026 100%    6.16MB/s   00:00:00 (xfer#338, to-check=395/1752)
synthetic_007307/metadata.json
           1797 100%   13.16MB/s   00:00:00 (xfer#339, to-check=396/1752)
synthetic_007307/posterior_mean.pt
         232026 100%    6.42MB/s   00:00:00 (xfer#340, to-check=397/1752)
synthetic_007307/posterior_samples.pt
        2785280  11%    5.11MB/s   00:00:04        5406720  22%    4.91MB/s   00:00:03        8028160  33%    4.95MB/s   00:00:03       10911744  44%    5.05MB/s   00:00:02       13533184  55%    4.95MB/s   00:00:02       16023552  65%    4.67MB/s   00:00:01       19038208  77%    5.55MB/s   00:00:00       21659648  88%    4.84MB/s   00:00:00       24657317 100%    5.04MB/s   00:00:04 (xfer#341, to-check=398/1752)
synthetic_007307/posterior_std.pt
         232019 100%   89.84MB/s   00:00:00 (xfer#342, to-check=399/1752)
synthetic_007307/posterior_variance.pt
         232054 100%    9.49MB/s   00:00:00 (xfer#343, to-check=400/1752)
synthetic_007308/
synthetic_007308/composite_mean.pt
         232026 100%    7.00MB/s   00:00:00 (xfer#344, to-check=402/1752)
synthetic_007308/metadata.json
           1798 100%   19.49MB/s   00:00:00 (xfer#345, to-check=403/1752)
synthetic_007308/posterior_mean.pt
         232026 100%    5.31MB/s   00:00:00 (xfer#346, to-check=404/1752)
synthetic_007308/posterior_samples.pt
        2883584  12%    5.34MB/s   00:00:03        6029312  24%    5.60MB/s   00:00:03        9568256  39%    6.50MB/s   00:00:02       12681216  51%    5.85MB/s   00:00:01       15794176  64%    4.95MB/s   00:00:01       18284544  74%    4.71MB/s   00:00:01       21037056  85%    4.89MB/s   00:00:00       24313856  99%    6.11MB/s   00:00:00       24657317 100%    5.48MB/s   00:00:04 (xfer#347, to-check=405/1752)
synthetic_007308/posterior_std.pt
         232019 100%   21.70MB/s   00:00:00 (xfer#348, to-check=406/1752)
synthetic_007308/posterior_variance.pt
         232054 100%    4.14MB/s   00:00:00 (xfer#349, to-check=407/1752)
synthetic_007309/
synthetic_007309/composite_mean.pt
         232026 100%    9.69MB/s   00:00:00 (xfer#350, to-check=409/1752)
synthetic_007309/metadata.json
           1797 100%   18.62MB/s   00:00:00 (xfer#351, to-check=410/1752)
synthetic_007309/posterior_mean.pt
         232026 100%    4.46MB/s   00:00:00 (xfer#352, to-check=411/1752)
synthetic_007309/posterior_samples.pt
        3244032  13%    6.02MB/s   00:00:03        5996544  24%    5.24MB/s   00:00:03        9273344  38%    6.18MB/s   00:00:02       12288000  50%    5.71MB/s   00:00:02       16089088  65%    7.19MB/s   00:00:01       19628032  80%    6.48MB/s   00:00:00       23265280  94%    6.86MB/s   00:00:00       24657317 100%    6.18MB/s   00:00:03 (xfer#353, to-check=412/1752)
synthetic_007309/posterior_std.pt
         232019 100%  132.73MB/s   00:00:00 (xfer#354, to-check=413/1752)
synthetic_007309/posterior_variance.pt
         232054 100%   10.47MB/s   00:00:00 (xfer#355, to-check=414/1752)
synthetic_007310/
synthetic_007310/composite_mean.pt
         232026 100%    8.05MB/s   00:00:00 (xfer#356, to-check=416/1752)
synthetic_007310/metadata.json
           1798 100%   24.80MB/s   00:00:00 (xfer#357, to-check=417/1752)
synthetic_007310/posterior_mean.pt
         232026 100%    8.77MB/s   00:00:00 (xfer#358, to-check=418/1752)
synthetic_007310/posterior_samples.pt
        3506176  14%    6.69MB/s   00:00:03        7241728  29%    7.11MB/s   00:00:02       11042816  45%    6.61MB/s   00:00:01       14712832  60%    6.92MB/s   00:00:01       18382848  75%    6.74MB/s   00:00:00       22183936  90%    7.08MB/s   00:00:00       24657317 100%    6.83MB/s   00:00:03 (xfer#359, to-check=419/1752)
synthetic_007310/posterior_std.pt
         232019 100%   17.48MB/s   00:00:00 (xfer#360, to-check=420/1752)
synthetic_007310/posterior_variance.pt
         232054 100%   75.07MB/s   00:00:00 (xfer#361, to-check=421/1752)
synthetic_007311/
synthetic_007311/composite_mean.pt
         232026 100%    4.11MB/s   00:00:00 (xfer#362, to-check=423/1752)
synthetic_007311/metadata.json
           1797 100%   15.29MB/s   00:00:00 (xfer#363, to-check=424/1752)
synthetic_007311/posterior_mean.pt
         232026 100%   12.51MB/s   00:00:00 (xfer#364, to-check=425/1752)
synthetic_007311/posterior_samples.pt
        3801088  15%    6.97MB/s   00:00:02        7864320  32%    7.40MB/s   00:00:02       11665408  47%    7.13MB/s   00:00:01       15728640  64%    7.68MB/s   00:00:01       20054016  81%    8.19MB/s   00:00:00       24379392  99%    8.18MB/s   00:00:00       24657317 100%    7.56MB/s   00:00:03 (xfer#365, to-check=426/1752)
synthetic_007311/posterior_std.pt
         232019 100%  147.83MB/s   00:00:00 (xfer#366, to-check=427/1752)
synthetic_007311/posterior_variance.pt
         232054 100%    8.01MB/s   00:00:00 (xfer#367, to-check=428/1752)
synthetic_007312/
synthetic_007312/composite_mean.pt
         232026 100%    9.61MB/s   00:00:00 (xfer#368, to-check=430/1752)
synthetic_007312/metadata.json
           1797 100%   19.43MB/s   00:00:00 (xfer#369, to-check=431/1752)
synthetic_007312/posterior_mean.pt
         232026 100%    5.73MB/s   00:00:00 (xfer#370, to-check=432/1752)
synthetic_007312/posterior_samples.pt
        4456448  18%    8.45MB/s   00:00:02        8912896  36%    8.42MB/s   00:00:01       11632640  47%    4.64MB/s   00:00:02       15564800  63%    6.87MB/s   00:00:01       19234816  78%    6.91MB/s   00:00:00       23429120  95%    6.96MB/s   00:00:00       24657317 100%    6.99MB/s   00:00:03 (xfer#371, to-check=433/1752)
synthetic_007312/posterior_std.pt
         232019 100%   30.72MB/s   00:00:00 (xfer#372, to-check=434/1752)
synthetic_007312/posterior_variance.pt
         232054 100%   36.84MB/s   00:00:00 (xfer#373, to-check=435/1752)
synthetic_007313/
synthetic_007313/composite_mean.pt
         232026 100%    5.36MB/s   00:00:00 (xfer#374, to-check=437/1752)
synthetic_007313/metadata.json
           1798 100%   14.65MB/s   00:00:00 (xfer#375, to-check=438/1752)
synthetic_007313/posterior_mean.pt
         232026 100%   10.31MB/s   00:00:00 (xfer#376, to-check=439/1752)
synthetic_007313/posterior_samples.pt
        3047424  12%    5.76MB/s   00:00:03        6324224  26%    6.16MB/s   00:00:02        9994240  41%    6.98MB/s   00:00:02       13664256  55%    6.96MB/s   00:00:01       17334272  70%    6.71MB/s   00:00:01       21397504  87%    7.50MB/s   00:00:00       24657317 100%    6.67MB/s   00:00:03 (xfer#377, to-check=440/1752)
synthetic_007313/posterior_std.pt
         232019 100%   94.28MB/s   00:00:00 (xfer#378, to-check=441/1752)
synthetic_007313/posterior_variance.pt
         232054 100%    4.00MB/s   00:00:00 (xfer#379, to-check=442/1752)
synthetic_007314/
synthetic_007314/composite_mean.pt
         232026 100%  149.41MB/s   00:00:00 (xfer#380, to-check=444/1752)
synthetic_007314/metadata.json
           1798 100%   24.89MB/s   00:00:00 (xfer#381, to-check=445/1752)
synthetic_007314/posterior_mean.pt
         232026 100%    2.65MB/s   00:00:00 (xfer#382, to-check=446/1752)
synthetic_007314/posterior_samples.pt
        2588672  10%    4.84MB/s   00:00:04        4653056  19%    3.65MB/s   00:00:05        6881280  28%    4.14MB/s   00:00:04        9240576  37%    4.48MB/s   00:00:03       11730944  48%    4.61MB/s   00:00:02       14483456  59%    4.76MB/s   00:00:02       17235968  70%    4.88MB/s   00:00:01       19595264  79%    4.49MB/s   00:00:01       22347776  91%    4.95MB/s   00:00:00       24657317 100%    4.55MB/s   00:00:05 (xfer#383, to-check=447/1752)
synthetic_007314/posterior_std.pt
         232019 100%   84.13MB/s   00:00:00 (xfer#384, to-check=448/1752)
synthetic_007314/posterior_variance.pt
         232054 100%    4.35MB/s   00:00:00 (xfer#385, to-check=449/1752)
synthetic_007315/
synthetic_007315/composite_mean.pt
         232026 100%    4.19MB/s   00:00:00 (xfer#386, to-check=451/1752)
synthetic_007315/metadata.json
           1797 100%   16.49MB/s   00:00:00 (xfer#387, to-check=452/1752)
synthetic_007315/posterior_mean.pt
         232026 100%    7.34MB/s   00:00:00 (xfer#388, to-check=453/1752)
synthetic_007315/posterior_samples.pt
        2621440  11%    4.98MB/s   00:00:04        5505024  22%    5.40MB/s   00:00:03        8388608  34%    5.28MB/s   00:00:02       11403264  46%    5.66MB/s   00:00:02       14680064  60%    5.92MB/s   00:00:01       18087936  73%    6.00MB/s   00:00:01       21364736  87%    6.22MB/s   00:00:00       24657317 100%    5.68MB/s   00:00:04 (xfer#389, to-check=454/1752)
synthetic_007315/posterior_std.pt
         232019 100%   23.68MB/s   00:00:00 (xfer#390, to-check=455/1752)
synthetic_007315/posterior_variance.pt
         232054 100%   14.13MB/s   00:00:00 (xfer#391, to-check=456/1752)
synthetic_007316/
synthetic_007316/composite_mean.pt
         232026 100%    7.78MB/s   00:00:00 (xfer#392, to-check=458/1752)
synthetic_007316/metadata.json
           1798 100%   22.62MB/s   00:00:00 (xfer#393, to-check=459/1752)
synthetic_007316/posterior_mean.pt
         232026 100%    6.94MB/s   00:00:00 (xfer#394, to-check=460/1752)
synthetic_007316/posterior_samples.pt
        3506176  14%    6.37MB/s   00:00:03        6651904  27%    5.94MB/s   00:00:02       10190848  41%    6.71MB/s   00:00:02       13729792  56%    6.29MB/s   00:00:01       17399808  71%    6.96MB/s   00:00:00       21331968  87%    6.90MB/s   00:00:00       24657317 100%    6.66MB/s   00:00:03 (xfer#395, to-check=461/1752)
synthetic_007316/posterior_std.pt
         232019 100%   15.37MB/s   00:00:00 (xfer#396, to-check=462/1752)
synthetic_007316/posterior_variance.pt
         232054 100%   25.97MB/s   00:00:00 (xfer#397, to-check=463/1752)
synthetic_007317/
synthetic_007317/composite_mean.pt
         232026 100%    4.29MB/s   00:00:00 (xfer#398, to-check=465/1752)
synthetic_007317/metadata.json
           1797 100%   23.49MB/s   00:00:00 (xfer#399, to-check=466/1752)
synthetic_007317/posterior_mean.pt
         232026 100%   17.81MB/s   00:00:00 (xfer#400, to-check=467/1752)
synthetic_007317/posterior_samples.pt
        4784128  19%    8.87MB/s   00:00:02        8585216  35%    7.00MB/s   00:00:02       11829248  48%    6.08MB/s   00:00:02       15761408  64%    7.32MB/s   00:00:01       20217856  82%    8.28MB/s   00:00:00       24543232 100%    8.02MB/s   00:00:00       24657317 100%    7.54MB/s   00:00:03 (xfer#401, to-check=468/1752)
synthetic_007317/posterior_std.pt
         232019 100%   14.77MB/s   00:00:00 (xfer#402, to-check=469/1752)
synthetic_007317/posterior_variance.pt
         232054 100%    9.31MB/s   00:00:00 (xfer#403, to-check=470/1752)
synthetic_007318/
synthetic_007318/composite_mean.pt
         232026 100%   15.25MB/s   00:00:00 (xfer#404, to-check=472/1752)
synthetic_007318/metadata.json
           1798 100%   18.63MB/s   00:00:00 (xfer#405, to-check=473/1752)
synthetic_007318/posterior_mean.pt
         232026 100%    7.20MB/s   00:00:00 (xfer#406, to-check=474/1752)
synthetic_007318/posterior_samples.pt
        4358144  18%    8.30MB/s   00:00:02        9338880  38%    9.33MB/s   00:00:01       14450688  59%    9.52MB/s   00:00:01       19169280  78%    8.75MB/s   00:00:00       24150016  98%    9.10MB/s   00:00:00       24657317 100%    8.95MB/s   00:00:02 (xfer#407, to-check=475/1752)
synthetic_007318/posterior_std.pt
         232019 100%  114.42MB/s   00:00:00 (xfer#408, to-check=476/1752)
synthetic_007318/posterior_variance.pt
         232054 100%   66.66MB/s   00:00:00 (xfer#409, to-check=477/1752)
synthetic_007319/
synthetic_007319/composite_mean.pt
         232026 100%   14.03MB/s   00:00:00 (xfer#410, to-check=479/1752)
synthetic_007319/metadata.json
           1797 100%   32.38MB/s   00:00:00 (xfer#411, to-check=480/1752)
synthetic_007319/posterior_mean.pt
         232026 100%    6.58MB/s   00:00:00 (xfer#412, to-check=481/1752)
synthetic_007319/posterior_samples.pt
        5242880  21%    9.86MB/s   00:00:01       10485760  43%    9.98MB/s   00:00:01       15466496  63%    8.80MB/s   00:00:00       20709376  84%    9.97MB/s   00:00:00       24657317 100%    9.38MB/s   00:00:02 (xfer#413, to-check=482/1752)
synthetic_007319/posterior_std.pt
         232019 100%   47.11MB/s   00:00:00 (xfer#414, to-check=483/1752)
synthetic_007319/posterior_variance.pt
         232054 100%   13.58MB/s   00:00:00 (xfer#415, to-check=484/1752)
synthetic_007320/
synthetic_007320/composite_mean.pt
         232026 100%   22.05MB/s   00:00:00 (xfer#416, to-check=486/1752)
synthetic_007320/metadata.json
           1798 100%   23.50MB/s   00:00:00 (xfer#417, to-check=487/1752)
synthetic_007320/posterior_mean.pt
         232026 100%    6.13MB/s   00:00:00 (xfer#418, to-check=488/1752)
synthetic_007320/posterior_samples.pt
        4882432  20%    9.19MB/s   00:00:02       10125312  41%    9.77MB/s   00:00:01       15499264  63%   10.15MB/s   00:00:00       20742144  84%    9.92MB/s   00:00:00       24657317 100%    9.35MB/s   00:00:02 (xfer#419, to-check=489/1752)
synthetic_007320/posterior_std.pt
         232019 100%   21.21MB/s   00:00:00 (xfer#420, to-check=490/1752)
synthetic_007320/posterior_variance.pt
         232054 100%   33.42MB/s   00:00:00 (xfer#421, to-check=491/1752)
synthetic_007321/
synthetic_007321/composite_mean.pt
         232026 100%   22.59MB/s   00:00:00 (xfer#422, to-check=493/1752)
synthetic_007321/metadata.json
           1798 100%   29.00MB/s   00:00:00 (xfer#423, to-check=494/1752)
synthetic_007321/posterior_mean.pt
         232026 100%    4.86MB/s   00:00:00 (xfer#424, to-check=495/1752)
synthetic_007321/posterior_samples.pt
        4915200  20%    9.29MB/s   00:00:02       10027008  41%    9.38MB/s   00:00:01       15269888  62%    9.92MB/s   00:00:00       20905984  85%   10.72MB/s   00:00:00       24657317 100%    9.81MB/s   00:00:02 (xfer#425, to-check=496/1752)
synthetic_007321/posterior_std.pt
         232019 100%  270.50MB/s   00:00:00 (xfer#426, to-check=497/1752)
synthetic_007321/posterior_variance.pt
         232054 100%   13.25MB/s   00:00:00 (xfer#427, to-check=498/1752)
synthetic_007322/
synthetic_007322/composite_mean.pt
         232026 100%   11.22MB/s   00:00:00 (xfer#428, to-check=500/1752)
synthetic_007322/metadata.json
           1799 100%   37.28MB/s   00:00:00 (xfer#429, to-check=501/1752)
synthetic_007322/posterior_mean.pt
         232026 100%    5.93MB/s   00:00:00 (xfer#430, to-check=502/1752)
synthetic_007322/posterior_samples.pt
        6094848  25%   11.15MB/s   00:00:01       11599872  47%   10.47MB/s   00:00:01       18284544  74%   12.58MB/s   00:00:00       24576000 100%   11.77MB/s   00:00:00       24657317 100%   11.37MB/s   00:00:02 (xfer#431, to-check=503/1752)
synthetic_007322/posterior_std.pt
         232019 100%  231.90MB/s   00:00:00 (xfer#432, to-check=504/1752)
synthetic_007322/posterior_variance.pt
         232054 100%  264.68MB/s   00:00:00 (xfer#433, to-check=505/1752)
synthetic_007323/
synthetic_007323/composite_mean.pt
         232026 100%  189.10MB/s   00:00:00 (xfer#434, to-check=507/1752)
synthetic_007323/metadata.json
           1798 100%   49.26MB/s   00:00:00 (xfer#435, to-check=508/1752)
synthetic_007323/posterior_mean.pt
         232026 100%    6.06MB/s   00:00:00 (xfer#436, to-check=509/1752)
synthetic_007323/posterior_samples.pt
        7405568  30%   14.02MB/s   00:00:01       14221312  58%   12.85MB/s   00:00:00       20905984  85%   12.74MB/s   00:00:00       24657317 100%   12.91MB/s   00:00:01 (xfer#437, to-check=510/1752)
synthetic_007323/posterior_std.pt
         232019 100%  121.44MB/s   00:00:00 (xfer#438, to-check=511/1752)
synthetic_007323/posterior_variance.pt
         232054 100%  205.49MB/s   00:00:00 (xfer#439, to-check=512/1752)
synthetic_007324/
synthetic_007324/composite_mean.pt
         232026 100%   10.86MB/s   00:00:00 (xfer#440, to-check=514/1752)
synthetic_007324/metadata.json
           1797 100%   25.95MB/s   00:00:00 (xfer#441, to-check=515/1752)
synthetic_007324/posterior_mean.pt
         232026 100%   16.57MB/s   00:00:00 (xfer#442, to-check=516/1752)
synthetic_007324/posterior_samples.pt
        6717440  27%   12.73MB/s   00:00:01       13533184  55%   12.84MB/s   00:00:00       20217856  82%   12.74MB/s   00:00:00       24657317 100%   12.51MB/s   00:00:01 (xfer#443, to-check=517/1752)
synthetic_007324/posterior_std.pt
         232019 100%  153.35MB/s   00:00:00 (xfer#444, to-check=518/1752)
synthetic_007324/posterior_variance.pt
         232054 100%  235.17MB/s   00:00:00 (xfer#445, to-check=519/1752)
synthetic_007325/
synthetic_007325/composite_mean.pt
         232026 100%    9.65MB/s   00:00:00 (xfer#446, to-check=521/1752)
synthetic_007325/metadata.json
           1798 100%   22.55MB/s   00:00:00 (xfer#447, to-check=522/1752)
synthetic_007325/posterior_mean.pt
         232026 100%    2.33MB/s   00:00:00 (xfer#448, to-check=523/1752)
synthetic_007325/posterior_samples.pt
        6750208  27%   12.61MB/s   00:00:01       13729792  56%   13.31MB/s   00:00:00       19988480  81%   11.86MB/s   00:00:00       24657317 100%   12.44MB/s   00:00:01 (xfer#449, to-check=524/1752)
synthetic_007325/posterior_std.pt
         232019 100%  109.48MB/s   00:00:00 (xfer#450, to-check=525/1752)
synthetic_007325/posterior_variance.pt
         232054 100%  190.44MB/s   00:00:00 (xfer#451, to-check=526/1752)
synthetic_007326/
synthetic_007326/composite_mean.pt
         232026 100%   13.20MB/s   00:00:00 (xfer#452, to-check=528/1752)
synthetic_007326/metadata.json
           1798 100%   23.43MB/s   00:00:00 (xfer#453, to-check=529/1752)
synthetic_007326/posterior_mean.pt
         232026 100%   10.93MB/s   00:00:00 (xfer#454, to-check=530/1752)
synthetic_007326/posterior_samples.pt
        5046272  20%    9.45MB/s   00:00:01       12124160  49%   13.32MB/s   00:00:00       17989632  73%   10.28MB/s   00:00:00       22708224  92%    8.73MB/s   00:00:00       24657317 100%   10.18MB/s   00:00:02 (xfer#455, to-check=531/1752)
synthetic_007326/posterior_std.pt
         232019 100%  124.17MB/s   00:00:00 (xfer#456, to-check=532/1752)
synthetic_007326/posterior_variance.pt
         232054 100%  209.77MB/s   00:00:00 (xfer#457, to-check=533/1752)
synthetic_007327/
synthetic_007327/composite_mean.pt
         232026 100%    9.45MB/s   00:00:00 (xfer#458, to-check=535/1752)
synthetic_007327/metadata.json
           1798 100%   18.63MB/s   00:00:00 (xfer#459, to-check=536/1752)
synthetic_007327/posterior_mean.pt
         232026 100%   25.07MB/s   00:00:00 (xfer#460, to-check=537/1752)
synthetic_007327/posterior_samples.pt
        4980736  20%    9.41MB/s   00:00:01       10354688  42%   10.21MB/s   00:00:01       15728640  64%   10.18MB/s   00:00:00       21889024  89%   11.55MB/s   00:00:00       24657317 100%   10.27MB/s   00:00:02 (xfer#461, to-check=538/1752)
synthetic_007327/posterior_std.pt
         232019 100%  124.37MB/s   00:00:00 (xfer#462, to-check=539/1752)
synthetic_007327/posterior_variance.pt
         232054 100%  252.92MB/s   00:00:00 (xfer#463, to-check=540/1752)
synthetic_007328/
synthetic_007328/composite_mean.pt
         232026 100%  205.65MB/s   00:00:00 (xfer#464, to-check=542/1752)
synthetic_007328/metadata.json
           1797 100%   36.49MB/s   00:00:00 (xfer#465, to-check=543/1752)
synthetic_007328/posterior_mean.pt
         232026 100%    4.19MB/s   00:00:00 (xfer#466, to-check=544/1752)
synthetic_007328/posterior_samples.pt
        5865472  24%   11.16MB/s   00:00:01       12025856  49%   11.65MB/s   00:00:01       18055168  73%   11.04MB/s   00:00:00       23101440  94%    9.52MB/s   00:00:00       24657317 100%   10.45MB/s   00:00:02 (xfer#467, to-check=545/1752)
synthetic_007328/posterior_std.pt
         232019 100%  113.65MB/s   00:00:00 (xfer#468, to-check=546/1752)
synthetic_007328/posterior_variance.pt
         232054 100%  261.25MB/s   00:00:00 (xfer#469, to-check=547/1752)
synthetic_007329/
synthetic_007329/composite_mean.pt
         232026 100%    9.30MB/s   00:00:00 (xfer#470, to-check=549/1752)
synthetic_007329/metadata.json
           1799 100%   22.92MB/s   00:00:00 (xfer#471, to-check=550/1752)
synthetic_007329/posterior_mean.pt
         232026 100%    5.36MB/s   00:00:00 (xfer#472, to-check=551/1752)
synthetic_007329/posterior_samples.pt
        4915200  20%    9.09MB/s   00:00:02        9895936  40%    9.45MB/s   00:00:01       15269888  62%   10.02MB/s   00:00:00       20774912  84%   10.36MB/s   00:00:00       24657317 100%    9.59MB/s   00:00:02 (xfer#473, to-check=552/1752)
synthetic_007329/posterior_std.pt
         232019 100%  166.38MB/s   00:00:00 (xfer#474, to-check=553/1752)
synthetic_007329/posterior_variance.pt
         232054 100%   52.26MB/s   00:00:00 (xfer#475, to-check=554/1752)
synthetic_007330/
synthetic_007330/composite_mean.pt
         232026 100%    5.61MB/s   00:00:00 (xfer#476, to-check=556/1752)
synthetic_007330/metadata.json
           1797 100%   16.45MB/s   00:00:00 (xfer#477, to-check=557/1752)
synthetic_007330/posterior_mean.pt
         232026 100%    9.92MB/s   00:00:00 (xfer#478, to-check=558/1752)
synthetic_007330/posterior_samples.pt
        5373952  22%    9.51MB/s   00:00:01       10878976  44%   10.12MB/s   00:00:01       16908288  69%   11.45MB/s   00:00:00       22937600  93%   11.20MB/s   00:00:00       24657317 100%   10.55MB/s   00:00:02 (xfer#479, to-check=559/1752)
synthetic_007330/posterior_std.pt
         232019 100%  146.64MB/s   00:00:00 (xfer#480, to-check=560/1752)
synthetic_007330/posterior_variance.pt
         232054 100%  271.57MB/s   00:00:00 (xfer#481, to-check=561/1752)
synthetic_007331/
synthetic_007331/composite_mean.pt
         232026 100%    6.76MB/s   00:00:00 (xfer#482, to-check=563/1752)
synthetic_007331/metadata.json
           1797 100%   41.79MB/s   00:00:00 (xfer#483, to-check=564/1752)
synthetic_007331/posterior_mean.pt
         232026 100%   22.25MB/s   00:00:00 (xfer#484, to-check=565/1752)
synthetic_007331/posterior_samples.pt
        3899392  16%    7.34MB/s   00:00:02        7438336  30%    6.62MB/s   00:00:02       10944512  44%    6.50MB/s   00:00:02       14483456  59%    6.63MB/s   00:00:01       18022400  73%    5.98MB/s   00:00:01       21561344  87%    6.53MB/s   00:00:00       24657317 100%    6.63MB/s   00:00:03 (xfer#485, to-check=566/1752)
synthetic_007331/posterior_std.pt
         232019 100%    8.31MB/s   00:00:00 (xfer#486, to-check=567/1752)
synthetic_007331/posterior_variance.pt
         232054 100%    7.84MB/s   00:00:00 (xfer#487, to-check=568/1752)
synthetic_007332/
synthetic_007332/composite_mean.pt
         232026 100%    5.15MB/s   00:00:00 (xfer#488, to-check=570/1752)
synthetic_007332/metadata.json
           1799 100%   16.66MB/s   00:00:00 (xfer#489, to-check=571/1752)
synthetic_007332/posterior_mean.pt
         232026 100%    9.38MB/s   00:00:00 (xfer#490, to-check=572/1752)
synthetic_007332/posterior_samples.pt
        3375104  14%    6.00MB/s   00:00:03        7307264  30%    7.23MB/s   00:00:02       11108352  45%    7.03MB/s   00:00:01       15138816  61%    7.51MB/s   00:00:01       19070976  77%    7.13MB/s   00:00:00       23134208  94%    7.25MB/s   00:00:00       24657317 100%    7.00MB/s   00:00:03 (xfer#491, to-check=573/1752)
synthetic_007332/posterior_std.pt
         232019 100%  174.91MB/s   00:00:00 (xfer#492, to-check=574/1752)
synthetic_007332/posterior_variance.pt
         232054 100%    7.48MB/s   00:00:00 (xfer#493, to-check=575/1752)
synthetic_007333/
synthetic_007333/composite_mean.pt
         232026 100%    8.62MB/s   00:00:00 (xfer#494, to-check=577/1752)
synthetic_007333/metadata.json
           1800 100%   20.00MB/s   00:00:00 (xfer#495, to-check=578/1752)
synthetic_007333/posterior_mean.pt
         232026 100%    7.71MB/s   00:00:00 (xfer#496, to-check=579/1752)
synthetic_007333/posterior_samples.pt
        4096000  17%    7.27MB/s   00:00:02        7634944  31%    6.49MB/s   00:00:02       11763712  48%    7.87MB/s   00:00:01       16154624  66%    8.03MB/s   00:00:01       20742144  84%    8.21MB/s   00:00:00       24657317 100%    7.63MB/s   00:00:03 (xfer#497, to-check=580/1752)
synthetic_007333/posterior_std.pt
         232019 100%  159.05MB/s   00:00:00 (xfer#498, to-check=581/1752)
synthetic_007333/posterior_variance.pt
         232054 100%   12.37MB/s   00:00:00 (xfer#499, to-check=582/1752)
synthetic_007334/
synthetic_007334/composite_mean.pt
         232026 100%    8.72MB/s   00:00:00 (xfer#500, to-check=584/1752)
synthetic_007334/metadata.json
           1799 100%   22.56MB/s   00:00:00 (xfer#501, to-check=585/1752)
synthetic_007334/posterior_mean.pt
         232026 100%    6.36MB/s   00:00:00 (xfer#502, to-check=586/1752)
synthetic_007334/posterior_samples.pt
        4390912  18%    8.15MB/s   00:00:02        9109504  37%    8.94MB/s   00:00:01       13697024  56%    8.48MB/s   00:00:01       18546688  75%    9.19MB/s   00:00:00       23265280  94%    8.30MB/s   00:00:00       24657317 100%    8.57MB/s   00:00:02 (xfer#503, to-check=587/1752)
synthetic_007334/posterior_std.pt
         232019 100%  111.52MB/s   00:00:00 (xfer#504, to-check=588/1752)
synthetic_007334/posterior_variance.pt
         232054 100%   12.59MB/s   00:00:00 (xfer#505, to-check=589/1752)
synthetic_007335/
synthetic_007335/composite_mean.pt
         232026 100%    6.20MB/s   00:00:00 (xfer#506, to-check=591/1752)
synthetic_007335/metadata.json
           1799 100%   22.28MB/s   00:00:00 (xfer#507, to-check=592/1752)
synthetic_007335/posterior_mean.pt
         232026 100%   13.82MB/s   00:00:00 (xfer#508, to-check=593/1752)
synthetic_007335/posterior_samples.pt
        4784128  19%    9.07MB/s   00:00:02       10289152  42%   10.11MB/s   00:00:01       16187392  66%   11.24MB/s   00:00:00       22216704  90%   11.46MB/s   00:00:00       24657317 100%   10.48MB/s   00:00:02 (xfer#509, to-check=594/1752)
synthetic_007335/posterior_std.pt
         232019 100%  120.72MB/s   00:00:00 (xfer#510, to-check=595/1752)
synthetic_007335/posterior_variance.pt
         232054 100%   46.16MB/s   00:00:00 (xfer#511, to-check=596/1752)
synthetic_007336/
synthetic_007336/composite_mean.pt
         232026 100%   19.27MB/s   00:00:00 (xfer#512, to-check=598/1752)
synthetic_007336/metadata.json
           1799 100%   29.13MB/s   00:00:00 (xfer#513, to-check=599/1752)
synthetic_007336/posterior_mean.pt
         232026 100%   36.39MB/s   00:00:00 (xfer#514, to-check=600/1752)
synthetic_007336/posterior_samples.pt
        6586368  27%   12.56MB/s   00:00:01       13795328  56%   13.62MB/s   00:00:00       20480000  83%   12.70MB/s   00:00:00       24657317 100%   12.72MB/s   00:00:01 (xfer#515, to-check=601/1752)
synthetic_007336/posterior_std.pt
         232019 100%  105.02MB/s   00:00:00 (xfer#516, to-check=602/1752)
synthetic_007336/posterior_variance.pt
         232054 100%  212.80MB/s   00:00:00 (xfer#517, to-check=603/1752)
synthetic_007337/
synthetic_007337/composite_mean.pt
         232026 100%    5.70MB/s   00:00:00 (xfer#518, to-check=605/1752)
synthetic_007337/metadata.json
           1800 100%   27.69MB/s   00:00:00 (xfer#519, to-check=606/1752)
synthetic_007337/posterior_mean.pt
         232026 100%  127.91MB/s   00:00:00 (xfer#520, to-check=607/1752)
synthetic_007337/posterior_samples.pt
        4784128  19%    8.60MB/s   00:00:02       10551296  43%   10.69MB/s   00:00:01       17858560  72%   13.22MB/s   00:00:00       24657317 100%   11.29MB/s   00:00:02 (xfer#521, to-check=608/1752)
synthetic_007337/posterior_std.pt
         232019 100%  170.35MB/s   00:00:00 (xfer#522, to-check=609/1752)
synthetic_007337/posterior_variance.pt
         232054 100%  247.00MB/s   00:00:00 (xfer#523, to-check=610/1752)
synthetic_007338/
synthetic_007338/composite_mean.pt
         232026 100%   11.23MB/s   00:00:00 (xfer#524, to-check=612/1752)
synthetic_007338/metadata.json
           1798 100%   36.51MB/s   00:00:00 (xfer#525, to-check=613/1752)
synthetic_007338/posterior_mean.pt
         232026 100%   12.99MB/s   00:00:00 (xfer#526, to-check=614/1752)
synthetic_007338/posterior_samples.pt
        6815744  28%   12.72MB/s   00:00:01       12255232  50%   10.11MB/s   00:00:01       16580608  67%    8.21MB/s   00:00:00       22609920  92%   11.35MB/s   00:00:00       24657317 100%   10.49MB/s   00:00:02 (xfer#527, to-check=615/1752)
synthetic_007338/posterior_std.pt
         232019 100%  126.37MB/s   00:00:00 (xfer#528, to-check=616/1752)
synthetic_007338/posterior_variance.pt
         232054 100%  221.32MB/s   00:00:00 (xfer#529, to-check=617/1752)
synthetic_007339/
synthetic_007339/composite_mean.pt
         232026 100%    8.13MB/s   00:00:00 (xfer#530, to-check=619/1752)
synthetic_007339/metadata.json
           1799 100%   24.15MB/s   00:00:00 (xfer#531, to-check=620/1752)
synthetic_007339/posterior_mean.pt
         232026 100%   43.97MB/s   00:00:00 (xfer#532, to-check=621/1752)
synthetic_007339/posterior_samples.pt
        6029312  24%   11.46MB/s   00:00:01       13107200  53%   12.91MB/s   00:00:00       20447232  83%   13.88MB/s   00:00:00       24657317 100%   12.47MB/s   00:00:01 (xfer#533, to-check=622/1752)
synthetic_007339/posterior_std.pt
         232019 100%   93.36MB/s   00:00:00 (xfer#534, to-check=623/1752)
synthetic_007339/posterior_variance.pt
         232054 100%   11.75MB/s   00:00:00 (xfer#535, to-check=624/1752)
synthetic_007340/
synthetic_007340/composite_mean.pt
         232026 100%   21.46MB/s   00:00:00 (xfer#536, to-check=626/1752)
synthetic_007340/metadata.json
           1799 100%   39.11MB/s   00:00:00 (xfer#537, to-check=627/1752)
synthetic_007340/posterior_mean.pt
         232026 100%   25.32MB/s   00:00:00 (xfer#538, to-check=628/1752)
synthetic_007340/posterior_samples.pt
        5898240  24%   11.25MB/s   00:00:01        9469952  38%    6.72MB/s   00:00:02       14188544  58%    8.81MB/s   00:00:01       19300352  78%    9.62MB/s   00:00:00       24657317 100%   10.10MB/s   00:00:00       24657317 100%    9.16MB/s   00:00:02 (xfer#539, to-check=629/1752)
synthetic_007340/posterior_std.pt
         232019 100%  127.17MB/s   00:00:00 (xfer#540, to-check=630/1752)
synthetic_007340/posterior_variance.pt
         232054 100%  221.74MB/s   00:00:00 (xfer#541, to-check=631/1752)
synthetic_007341/
synthetic_007341/composite_mean.pt
         232026 100%  165.61MB/s   00:00:00 (xfer#542, to-check=633/1752)
synthetic_007341/metadata.json
           1799 100%   28.11MB/s   00:00:00 (xfer#543, to-check=634/1752)
synthetic_007341/posterior_mean.pt
         232026 100%    6.00MB/s   00:00:00 (xfer#544, to-check=635/1752)
synthetic_007341/posterior_samples.pt
        5767168  23%   10.92MB/s   00:00:01       11927552  48%   11.74MB/s   00:00:01       17039360  69%    9.47MB/s   00:00:00       23330816  95%   11.94MB/s   00:00:00       24657317 100%   10.86MB/s   00:00:02 (xfer#545, to-check=636/1752)
synthetic_007341/posterior_std.pt
         232019 100%  140.85MB/s   00:00:00 (xfer#546, to-check=637/1752)
synthetic_007341/posterior_variance.pt
         232054 100%   56.54MB/s   00:00:00 (xfer#547, to-check=638/1752)
synthetic_007342/
synthetic_007342/composite_mean.pt
         232026 100%    9.20MB/s   00:00:00 (xfer#548, to-check=640/1752)
synthetic_007342/metadata.json
           1798 100%   36.51MB/s   00:00:00 (xfer#549, to-check=641/1752)
synthetic_007342/posterior_mean.pt
         232026 100%    9.20MB/s   00:00:00 (xfer#550, to-check=642/1752)
synthetic_007342/posterior_samples.pt
        5472256  22%   10.38MB/s   00:00:01       10977280  45%   10.37MB/s   00:00:01       17137664  70%   11.57MB/s   00:00:00       23166976  94%   10.97MB/s   00:00:00       24657317 100%   10.81MB/s   00:00:02 (xfer#551, to-check=643/1752)
synthetic_007342/posterior_std.pt
         232019 100%   13.39MB/s   00:00:00 (xfer#552, to-check=644/1752)
synthetic_007342/posterior_variance.pt
         232054 100%   33.17MB/s   00:00:00 (xfer#553, to-check=645/1752)
synthetic_007343/
synthetic_007343/composite_mean.pt
         232026 100%    9.93MB/s   00:00:00 (xfer#554, to-check=647/1752)
synthetic_007343/metadata.json
           1799 100%   37.28MB/s   00:00:00 (xfer#555, to-check=648/1752)
synthetic_007343/posterior_mean.pt
         232026 100%    8.60MB/s   00:00:00 (xfer#556, to-check=649/1752)
synthetic_007343/posterior_samples.pt
        6258688  25%   11.71MB/s   00:00:01       12681216  51%   11.53MB/s   00:00:00       18841600  76%   11.67MB/s   00:00:00       24657317 100%   11.51MB/s   00:00:02 (xfer#557, to-check=650/1752)
synthetic_007343/posterior_std.pt
         232019 100%   99.99MB/s   00:00:00 (xfer#558, to-check=651/1752)
synthetic_007343/posterior_variance.pt
         232054 100%  227.45MB/s   00:00:00 (xfer#559, to-check=652/1752)
synthetic_007344/
synthetic_007344/composite_mean.pt
         232026 100%    6.70MB/s   00:00:00 (xfer#560, to-check=654/1752)
synthetic_007344/metadata.json
           1799 100%   43.88MB/s   00:00:00 (xfer#561, to-check=655/1752)
synthetic_007344/posterior_mean.pt
         232026 100%   23.45MB/s   00:00:00 (xfer#562, to-check=656/1752)
synthetic_007344/posterior_samples.pt
        6160384  25%   11.50MB/s   00:00:01       12320768  50%   11.69MB/s   00:00:01       18481152  75%   11.72MB/s   00:00:00       24641536 100%   11.65MB/s   00:00:00       24657317 100%   11.49MB/s   00:00:02 (xfer#563, to-check=657/1752)
synthetic_007344/posterior_std.pt
         232019 100%  162.00MB/s   00:00:00 (xfer#564, to-check=658/1752)
synthetic_007344/posterior_variance.pt
         232054 100%  231.94MB/s   00:00:00 (xfer#565, to-check=659/1752)
synthetic_007345/
synthetic_007345/composite_mean.pt
         232026 100%  129.93MB/s   00:00:00 (xfer#566, to-check=661/1752)
synthetic_007345/metadata.json
           1798 100%   38.88MB/s   00:00:00 (xfer#567, to-check=662/1752)
synthetic_007345/posterior_mean.pt
         232026 100%    5.75MB/s   00:00:00 (xfer#568, to-check=663/1752)
synthetic_007345/posterior_samples.pt
        5668864  23%   10.81MB/s   00:00:01       12222464  50%   12.27MB/s   00:00:00       18513920  75%   11.08MB/s   00:00:00       21921792  89%    6.18MB/s   00:00:00       24657317 100%    9.89MB/s   00:00:02 (xfer#569, to-check=664/1752)
synthetic_007345/posterior_std.pt
         232019 100%  125.08MB/s   00:00:00 (xfer#570, to-check=665/1752)
synthetic_007345/posterior_variance.pt
         232054 100%  183.37MB/s   00:00:00 (xfer#571, to-check=666/1752)
synthetic_007346/
synthetic_007346/composite_mean.pt
         232026 100%    7.41MB/s   00:00:00 (xfer#572, to-check=668/1752)
synthetic_007346/metadata.json
           1800 100%   25.26MB/s   00:00:00 (xfer#573, to-check=669/1752)
synthetic_007346/posterior_mean.pt
         232026 100%   13.17MB/s   00:00:00 (xfer#574, to-check=670/1752)
synthetic_007346/posterior_samples.pt
        4816896  20%    8.75MB/s   00:00:02       10846208  44%   11.06MB/s   00:00:01       17006592  69%   11.64MB/s   00:00:00       23298048  94%   11.84MB/s   00:00:00       24657317 100%   10.70MB/s   00:00:02 (xfer#575, to-check=671/1752)
synthetic_007346/posterior_std.pt
         232019 100%   89.23MB/s   00:00:00 (xfer#576, to-check=672/1752)
synthetic_007346/posterior_variance.pt
         232054 100%    9.18MB/s   00:00:00 (xfer#577, to-check=673/1752)
synthetic_007347/
synthetic_007347/composite_mean.pt
         232026 100%   24.01MB/s   00:00:00 (xfer#578, to-check=675/1752)
synthetic_007347/metadata.json
           1799 100%   41.84MB/s   00:00:00 (xfer#579, to-check=676/1752)
synthetic_007347/posterior_mean.pt
         232026 100%   30.98MB/s   00:00:00 (xfer#580, to-check=677/1752)
synthetic_007347/posterior_samples.pt
        6291456  26%   11.89MB/s   00:00:01       11534336  47%    9.91MB/s   00:00:01       17956864  73%   12.14MB/s   00:00:00       24379392  99%   11.68MB/s   00:00:00       24657317 100%   11.33MB/s   00:00:02 (xfer#581, to-check=678/1752)
synthetic_007347/posterior_std.pt
         232019 100%  148.90MB/s   00:00:00 (xfer#582, to-check=679/1752)
synthetic_007347/posterior_variance.pt
         232054 100%  209.96MB/s   00:00:00 (xfer#583, to-check=680/1752)
synthetic_007348/
synthetic_007348/composite_mean.pt
         232026 100%    8.15MB/s   00:00:00 (xfer#584, to-check=682/1752)
synthetic_007348/metadata.json
           1799 100%   29.98MB/s   00:00:00 (xfer#585, to-check=683/1752)
synthetic_007348/posterior_mean.pt
         232026 100%   31.32MB/s   00:00:00 (xfer#586, to-check=684/1752)
synthetic_007348/posterior_samples.pt
        5472256  22%   10.30MB/s   00:00:01        8290304  34%    4.98MB/s   00:00:03       13008896  53%    8.99MB/s   00:00:01       17858560  72%    9.23MB/s   00:00:00       22315008  91%    8.48MB/s   00:00:00       24657317 100%    8.15MB/s   00:00:02 (xfer#587, to-check=685/1752)
synthetic_007348/posterior_std.pt
         232019 100%   85.33MB/s   00:00:00 (xfer#588, to-check=686/1752)
synthetic_007348/posterior_variance.pt
         232054 100%  216.57MB/s   00:00:00 (xfer#589, to-check=687/1752)
synthetic_007349/
synthetic_007349/composite_mean.pt
         232026 100%    8.34MB/s   00:00:00 (xfer#590, to-check=689/1752)
synthetic_007349/metadata.json
           1797 100%   23.80MB/s   00:00:00 (xfer#591, to-check=690/1752)
synthetic_007349/posterior_mean.pt
         232026 100%   10.64MB/s   00:00:00 (xfer#592, to-check=691/1752)
synthetic_007349/posterior_samples.pt
        4784128  19%    8.94MB/s   00:00:02        9764864  40%    9.33MB/s   00:00:01       15532032  63%   10.95MB/s   00:00:00       21037056  85%   10.18MB/s   00:00:00       24657317 100%    9.94MB/s   00:00:02 (xfer#593, to-check=692/1752)
synthetic_007349/posterior_std.pt
         232019 100%   90.54MB/s   00:00:00 (xfer#594, to-check=693/1752)
synthetic_007349/posterior_variance.pt
         232054 100%   63.34MB/s   00:00:00 (xfer#595, to-check=694/1752)
synthetic_007350/
synthetic_007350/composite_mean.pt
         232026 100%    9.62MB/s   00:00:00 (xfer#596, to-check=696/1752)
synthetic_007350/metadata.json
           1799 100%   32.27MB/s   00:00:00 (xfer#597, to-check=697/1752)
synthetic_007350/posterior_mean.pt
         232026 100%    8.05MB/s   00:00:00 (xfer#598, to-check=698/1752)
synthetic_007350/posterior_samples.pt
        5799936  24%   10.90MB/s   00:00:01       11436032  46%   10.69MB/s   00:00:01       17170432  70%   10.93MB/s   00:00:00       23101440  94%   10.66MB/s   00:00:00       24657317 100%   10.62MB/s   00:00:02 (xfer#599, to-check=699/1752)
synthetic_007350/posterior_std.pt
         232019 100%  106.22MB/s   00:00:00 (xfer#600, to-check=700/1752)
synthetic_007350/posterior_variance.pt
         232054 100%   47.20MB/s   00:00:00 (xfer#601, to-check=701/1752)
synthetic_007351/
synthetic_007351/composite_mean.pt
         232026 100%   16.49MB/s   00:00:00 (xfer#602, to-check=703/1752)
synthetic_007351/metadata.json
           1799 100%   40.89MB/s   00:00:00 (xfer#603, to-check=704/1752)
synthetic_007351/posterior_mean.pt
         232026 100%    5.79MB/s   00:00:00 (xfer#604, to-check=705/1752)
synthetic_007351/posterior_samples.pt
        5636096  23%   10.38MB/s   00:00:01       11141120  45%   10.50MB/s   00:00:01       13533184  55%    4.53MB/s   00:00:02       17727488  72%    7.75MB/s   00:00:00       22446080  91%    8.38MB/s   00:00:00       24657317 100%    8.31MB/s   00:00:02 (xfer#605, to-check=706/1752)
synthetic_007351/posterior_std.pt
         232019 100%   83.69MB/s   00:00:00 (xfer#606, to-check=707/1752)
synthetic_007351/posterior_variance.pt
         232054 100%  207.01MB/s   00:00:00 (xfer#607, to-check=708/1752)
synthetic_007352/
synthetic_007352/composite_mean.pt
         232026 100%    6.30MB/s   00:00:00 (xfer#608, to-check=710/1752)
synthetic_007352/metadata.json
           1798 100%   24.13MB/s   00:00:00 (xfer#609, to-check=711/1752)
synthetic_007352/posterior_mean.pt
         232026 100%   13.81MB/s   00:00:00 (xfer#610, to-check=712/1752)
synthetic_007352/posterior_samples.pt
        4227072  17%    8.01MB/s   00:00:02        9207808  37%    9.16MB/s   00:00:01       14680064  60%   10.44MB/s   00:00:00       19955712  81%    9.90MB/s   00:00:00       24657317 100%    9.32MB/s   00:00:02 (xfer#611, to-check=713/1752)
synthetic_007352/posterior_std.pt
         232019 100%   13.00MB/s   00:00:00 (xfer#612, to-check=714/1752)
synthetic_007352/posterior_variance.pt
         232054 100%   72.35MB/s   00:00:00 (xfer#613, to-check=715/1752)
synthetic_007353/
synthetic_007353/composite_mean.pt
         232026 100%   27.14MB/s   00:00:00 (xfer#614, to-check=717/1752)
synthetic_007353/metadata.json
           1799 100%   28.56MB/s   00:00:00 (xfer#615, to-check=718/1752)
synthetic_007353/posterior_mean.pt
         232026 100%    4.81MB/s   00:00:00 (xfer#616, to-check=719/1752)
synthetic_007353/posterior_samples.pt
        5767168  23%   10.91MB/s   00:00:01       11665408  47%   10.61MB/s   00:00:01       17563648  71%   11.24MB/s   00:00:00       23330816  95%   10.94MB/s   00:00:00       24657317 100%   10.71MB/s   00:00:02 (xfer#617, to-check=720/1752)
synthetic_007353/posterior_std.pt
         232019 100%   84.42MB/s   00:00:00 (xfer#618, to-check=721/1752)
synthetic_007353/posterior_variance.pt
         232054 100%    9.09MB/s   00:00:00 (xfer#619, to-check=722/1752)
synthetic_007354/
synthetic_007354/composite_mean.pt
         232026 100%   47.35MB/s   00:00:00 (xfer#620, to-check=724/1752)
synthetic_007354/metadata.json
           1796 100%   31.10MB/s   00:00:00 (xfer#621, to-check=725/1752)
synthetic_007354/posterior_mean.pt
         232026 100%   36.34MB/s   00:00:00 (xfer#622, to-check=726/1752)
synthetic_007354/posterior_samples.pt
        5439488  22%   10.09MB/s   00:00:01       10813440  44%   10.24MB/s   00:00:01       16842752  68%   11.25MB/s   00:00:00       21037056  85%    7.69MB/s   00:00:00       24657317 100%    9.88MB/s   00:00:02 (xfer#623, to-check=727/1752)
synthetic_007354/posterior_std.pt
         232019 100%   87.53MB/s   00:00:00 (xfer#624, to-check=728/1752)
synthetic_007354/posterior_variance.pt
         232054 100%  237.94MB/s   00:00:00 (xfer#625, to-check=729/1752)
synthetic_007355/
synthetic_007355/composite_mean.pt
         232026 100%    6.57MB/s   00:00:00 (xfer#626, to-check=731/1752)
synthetic_007355/metadata.json
           1796 100%   25.94MB/s   00:00:00 (xfer#627, to-check=732/1752)
synthetic_007355/posterior_mean.pt
         232026 100%   16.49MB/s   00:00:00 (xfer#628, to-check=733/1752)
synthetic_007355/posterior_samples.pt
        4489216  18%    8.44MB/s   00:00:02        9338880  38%    9.02MB/s   00:00:01       15106048  61%   10.79MB/s   00:00:00       20086784  81%    9.48MB/s   00:00:00       24657317 100%    9.46MB/s   00:00:02 (xfer#629, to-check=734/1752)
synthetic_007355/posterior_std.pt
         232019 100%  161.97MB/s   00:00:00 (xfer#630, to-check=735/1752)
synthetic_007355/posterior_variance.pt
         232054 100%  150.66MB/s   00:00:00 (xfer#631, to-check=736/1752)
synthetic_007356/
synthetic_007356/composite_mean.pt
         232026 100%   36.36MB/s   00:00:00 (xfer#632, to-check=738/1752)
synthetic_007356/metadata.json
           1798 100%   35.08MB/s   00:00:00 (xfer#633, to-check=739/1752)
synthetic_007356/posterior_mean.pt
         232026 100%    7.06MB/s   00:00:00 (xfer#634, to-check=740/1752)
synthetic_007356/posterior_samples.pt
        5701632  23%   10.86MB/s   00:00:01       12124160  49%   11.98MB/s   00:00:00       17629184  71%   10.46MB/s   00:00:00       24051712  98%   12.20MB/s   00:00:00       24657317 100%   11.24MB/s   00:00:02 (xfer#635, to-check=741/1752)
synthetic_007356/posterior_std.pt
         232019 100%  117.31MB/s   00:00:00 (xfer#636, to-check=742/1752)
synthetic_007356/posterior_variance.pt
         232054 100%   13.74MB/s   00:00:00 (xfer#637, to-check=743/1752)
synthetic_007357/
synthetic_007357/composite_mean.pt
         232026 100%   24.71MB/s   00:00:00 (xfer#638, to-check=745/1752)
synthetic_007357/metadata.json
           1797 100%   42.79MB/s   00:00:00 (xfer#639, to-check=746/1752)
synthetic_007357/posterior_mean.pt
         232026 100%   15.88MB/s   00:00:00 (xfer#640, to-check=747/1752)
synthetic_007357/posterior_samples.pt
        6553600  27%   12.47MB/s   00:00:01       13631488  55%   13.48MB/s   00:00:00       18382848  75%    9.06MB/s   00:00:00       21364736  87%    5.39MB/s   00:00:00       24657317 100%    9.16MB/s   00:00:02 (xfer#641, to-check=748/1752)
synthetic_007357/posterior_std.pt
         232019 100%   97.91MB/s   00:00:00 (xfer#642, to-check=749/1752)
synthetic_007357/posterior_variance.pt
         232054 100%   11.23MB/s   00:00:00 (xfer#643, to-check=750/1752)
synthetic_007358/
synthetic_007358/composite_mean.pt
         232026 100%    8.24MB/s   00:00:00 (xfer#644, to-check=752/1752)
synthetic_007358/metadata.json
           1798 100%   23.81MB/s   00:00:00 (xfer#645, to-check=753/1752)
synthetic_007358/posterior_mean.pt
         232026 100%    5.10MB/s   00:00:00 (xfer#646, to-check=754/1752)
synthetic_007358/posterior_samples.pt
        3604480  15%    6.53MB/s   00:00:03        7143424  29%    6.40MB/s   00:00:02       10944512  44%    6.65MB/s   00:00:01       15138816  61%    7.97MB/s   00:00:01       19202048  78%    7.63MB/s   00:00:00       23527424  95%    7.97MB/s   00:00:00       24657317 100%    7.12MB/s   00:00:03 (xfer#647, to-check=755/1752)
synthetic_007358/posterior_std.pt
         232019 100%   85.07MB/s   00:00:00 (xfer#648, to-check=756/1752)
synthetic_007358/posterior_variance.pt
         232054 100%   12.31MB/s   00:00:00 (xfer#649, to-check=757/1752)
synthetic_007359/
synthetic_007359/composite_mean.pt
         232026 100%   11.58MB/s   00:00:00 (xfer#650, to-check=759/1752)
synthetic_007359/metadata.json
           1798 100%   19.76MB/s   00:00:00 (xfer#651, to-check=760/1752)
synthetic_007359/posterior_mean.pt
         232026 100%    4.87MB/s   00:00:00 (xfer#652, to-check=761/1752)
synthetic_007359/posterior_samples.pt
        4325376  18%    8.23MB/s   00:00:02        8650752  35%    8.19MB/s   00:00:01       12845056  52%    7.94MB/s   00:00:01       17039360  69%    7.88MB/s   00:00:00       21364736  87%    8.16MB/s   00:00:00       24657317 100%    7.95MB/s   00:00:02 (xfer#653, to-check=762/1752)
synthetic_007359/posterior_std.pt
         232019 100%   87.46MB/s   00:00:00 (xfer#654, to-check=763/1752)
synthetic_007359/posterior_variance.pt
         232054 100%  224.42MB/s   00:00:00 (xfer#655, to-check=764/1752)
synthetic_007360/
synthetic_007360/composite_mean.pt
         232026 100%    7.76MB/s   00:00:00 (xfer#656, to-check=766/1752)
synthetic_007360/metadata.json
           1796 100%   24.44MB/s   00:00:00 (xfer#657, to-check=767/1752)
synthetic_007360/posterior_mean.pt
         232026 100%   16.41MB/s   00:00:00 (xfer#658, to-check=768/1752)
synthetic_007360/posterior_samples.pt
        4456448  18%    8.05MB/s   00:00:02        9175040  37%    8.60MB/s   00:00:01       12845056  52%    6.71MB/s   00:00:01       17170432  70%    8.14MB/s   00:00:00       21626880  88%    8.20MB/s   00:00:00       24657317 100%    7.55MB/s   00:00:03 (xfer#659, to-check=769/1752)
synthetic_007360/posterior_std.pt
         232019 100%  134.84MB/s   00:00:00 (xfer#660, to-check=770/1752)
synthetic_007360/posterior_variance.pt
         232054 100%    9.30MB/s   00:00:00 (xfer#661, to-check=771/1752)
synthetic_007361/
synthetic_007361/composite_mean.pt
         232026 100%   36.28MB/s   00:00:00 (xfer#662, to-check=773/1752)
synthetic_007361/metadata.json
           1797 100%   25.95MB/s   00:00:00 (xfer#663, to-check=774/1752)
synthetic_007361/posterior_mean.pt
         232026 100%    3.83MB/s   00:00:00 (xfer#664, to-check=775/1752)
synthetic_007361/posterior_samples.pt
        3964928  16%    7.15MB/s   00:00:02        8290304  34%    8.23MB/s   00:00:01       12222464  50%    7.00MB/s   00:00:01       16678912  68%    8.40MB/s   00:00:00       21266432  86%    7.90MB/s   00:00:00       24657317 100%    7.74MB/s   00:00:03 (xfer#665, to-check=776/1752)
synthetic_007361/posterior_std.pt
         232019 100%   86.74MB/s   00:00:00 (xfer#666, to-check=777/1752)
synthetic_007361/posterior_variance.pt
         232054 100%  213.43MB/s   00:00:00 (xfer#667, to-check=778/1752)
synthetic_007362/
synthetic_007362/composite_mean.pt
         232026 100%    9.80MB/s   00:00:00 (xfer#668, to-check=780/1752)
synthetic_007362/metadata.json
           1798 100%   28.54MB/s   00:00:00 (xfer#669, to-check=781/1752)
synthetic_007362/posterior_mean.pt
         232026 100%    6.73MB/s   00:00:00 (xfer#670, to-check=782/1752)
synthetic_007362/posterior_samples.pt
        4456448  18%    8.27MB/s   00:00:02        9306112  38%    9.14MB/s   00:00:01       14024704  57%    8.61MB/s   00:00:01       18874368  77%    9.03MB/s   00:00:00       23724032  96%    9.05MB/s   00:00:00       24657317 100%    8.71MB/s   00:00:02 (xfer#671, to-check=783/1752)
synthetic_007362/posterior_std.pt
         232019 100%   70.72MB/s   00:00:00 (xfer#672, to-check=784/1752)
synthetic_007362/posterior_variance.pt
         232054 100%  272.20MB/s   00:00:00 (xfer#673, to-check=785/1752)
synthetic_007363/
synthetic_007363/composite_mean.pt
         232026 100%    8.55MB/s   00:00:00 (xfer#674, to-check=787/1752)
synthetic_007363/metadata.json
           1798 100%   23.43MB/s   00:00:00 (xfer#675, to-check=788/1752)
synthetic_007363/posterior_mean.pt
         232026 100%    8.01MB/s   00:00:00 (xfer#676, to-check=789/1752)
synthetic_007363/posterior_samples.pt
        4423680  18%    7.97MB/s   00:00:02        9011200  37%    8.66MB/s   00:00:01       12812288  52%    7.17MB/s   00:00:01       17268736  70%    8.39MB/s   00:00:00       21725184  88%    8.43MB/s   00:00:00       24657317 100%    7.93MB/s   00:00:02 (xfer#677, to-check=790/1752)
synthetic_007363/posterior_std.pt
         232019 100%   77.37MB/s   00:00:00 (xfer#678, to-check=791/1752)
synthetic_007363/posterior_variance.pt
         232054 100%  185.35MB/s   00:00:00 (xfer#679, to-check=792/1752)
synthetic_007364/
synthetic_007364/composite_mean.pt
         232026 100%    8.47MB/s   00:00:00 (xfer#680, to-check=794/1752)
synthetic_007364/metadata.json
           1797 100%   24.79MB/s   00:00:00 (xfer#681, to-check=795/1752)
synthetic_007364/posterior_mean.pt
         232026 100%   19.99MB/s   00:00:00 (xfer#682, to-check=796/1752)
synthetic_007364/posterior_samples.pt
        4620288  19%    8.81MB/s   00:00:02        9175040  37%    8.66MB/s   00:00:01       14155776  57%    9.27MB/s   00:00:01       17727488  72%    6.11MB/s   00:00:01       19791872  80%    3.66MB/s   00:00:01       22413312  91%    4.82MB/s   00:00:00       24657317 100%    6.68MB/s   00:00:03 (xfer#683, to-check=797/1752)
synthetic_007364/posterior_std.pt
         232019 100%    7.38MB/s   00:00:00 (xfer#684, to-check=798/1752)
synthetic_007364/posterior_variance.pt
         232054 100%   11.04MB/s   00:00:00 (xfer#685, to-check=799/1752)
synthetic_007365/
synthetic_007365/composite_mean.pt
         232026 100%    4.96MB/s   00:00:00 (xfer#686, to-check=801/1752)
synthetic_007365/metadata.json
           1798 100%   17.16MB/s   00:00:00 (xfer#687, to-check=802/1752)
synthetic_007365/posterior_mean.pt
         232026 100%    4.88MB/s   00:00:00 (xfer#688, to-check=803/1752)
synthetic_007365/posterior_samples.pt
        2818048  11%    5.32MB/s   00:00:03        5701632  23%    5.39MB/s   00:00:03        8716288  35%    5.72MB/s   00:00:02       11730944  48%    5.66MB/s   00:00:02       14843904  60%    5.73MB/s   00:00:01       17858560  72%    5.70MB/s   00:00:01       20480000  83%    4.84MB/s   00:00:00       23887872  97%    6.14MB/s   00:00:00       24657317 100%    5.53MB/s   00:00:04 (xfer#689, to-check=804/1752)
synthetic_007365/posterior_std.pt
         232019 100%  121.92MB/s   00:00:00 (xfer#690, to-check=805/1752)
synthetic_007365/posterior_variance.pt
         232054 100%   11.55MB/s   00:00:00 (xfer#691, to-check=806/1752)
synthetic_007366/
synthetic_007366/composite_mean.pt
         232026 100%    7.47MB/s   00:00:00 (xfer#692, to-check=808/1752)
synthetic_007366/metadata.json
           1798 100%   18.03MB/s   00:00:00 (xfer#693, to-check=809/1752)
synthetic_007366/posterior_mean.pt
         232026 100%    4.10MB/s   00:00:00 (xfer#694, to-check=810/1752)
synthetic_007366/posterior_samples.pt
        3178496  13%    5.99MB/s   00:00:03        6848512  28%    6.42MB/s   00:00:02       10256384  42%    6.46MB/s   00:00:02       13795328  56%    6.69MB/s   00:00:01       17334272  70%    6.67MB/s   00:00:01       21135360  86%    7.22MB/s   00:00:00       24657317 100%    6.56MB/s   00:00:03 (xfer#695, to-check=811/1752)
synthetic_007366/posterior_std.pt
         232019 100%   98.65MB/s   00:00:00 (xfer#696, to-check=812/1752)
synthetic_007366/posterior_variance.pt
         232054 100%  172.76MB/s   00:00:00 (xfer#697, to-check=813/1752)
synthetic_007367/
synthetic_007367/composite_mean.pt
         232026 100%    7.01MB/s   00:00:00 (xfer#698, to-check=815/1752)
synthetic_007367/metadata.json
           1798 100%   25.59MB/s   00:00:00 (xfer#699, to-check=816/1752)
synthetic_007367/posterior_mean.pt
         232026 100%    8.25MB/s   00:00:00 (xfer#700, to-check=817/1752)
synthetic_007367/posterior_samples.pt
        3932160  16%    7.38MB/s   00:00:02        7864320  32%    7.43MB/s   00:00:02       12058624  49%    7.70MB/s   00:00:01       15990784  65%    7.48MB/s   00:00:01       18710528  76%    5.06MB/s   00:00:01       21987328  89%    5.88MB/s   00:00:00       24657317 100%    6.71MB/s   00:00:03 (xfer#701, to-check=818/1752)
synthetic_007367/posterior_std.pt
         232019 100%  129.55MB/s   00:00:00 (xfer#702, to-check=819/1752)
synthetic_007367/posterior_variance.pt
         232054 100%    6.89MB/s   00:00:00 (xfer#703, to-check=820/1752)
synthetic_007368/
synthetic_007368/composite_mean.pt
         232026 100%   26.63MB/s   00:00:00 (xfer#704, to-check=822/1752)
synthetic_007368/metadata.json
           1798 100%   23.43MB/s   00:00:00 (xfer#705, to-check=823/1752)
synthetic_007368/posterior_mean.pt
         232026 100%    5.14MB/s   00:00:00 (xfer#706, to-check=824/1752)
synthetic_007368/posterior_samples.pt
        3932160  16%    7.29MB/s   00:00:02        7733248  31%    7.25MB/s   00:00:02       11796480  48%    7.66MB/s   00:00:01       15728640  64%    7.26MB/s   00:00:01       19922944  81%    7.49MB/s   00:00:00       24117248  98%    7.72MB/s   00:00:00       24657317 100%    7.35MB/s   00:00:03 (xfer#707, to-check=825/1752)
synthetic_007368/posterior_std.pt
         232019 100%  122.79MB/s   00:00:00 (xfer#708, to-check=826/1752)
synthetic_007368/posterior_variance.pt
         232054 100%    8.43MB/s   00:00:00 (xfer#709, to-check=827/1752)
synthetic_007369/
synthetic_007369/composite_mean.pt
         232026 100%   75.65MB/s   00:00:00 (xfer#710, to-check=829/1752)
synthetic_007369/metadata.json
           1798 100%   28.09MB/s   00:00:00 (xfer#711, to-check=830/1752)
synthetic_007369/posterior_mean.pt
         232026 100%   17.44MB/s   00:00:00 (xfer#712, to-check=831/1752)
synthetic_007369/posterior_samples.pt
        4292608  17%    7.65MB/s   00:00:02        8617984  35%    7.77MB/s   00:00:01       13074432  53%    8.28MB/s   00:00:01       17268736  70%    7.61MB/s   00:00:00       21463040  87%    7.67MB/s   00:00:00       24657317 100%    7.78MB/s   00:00:03 (xfer#713, to-check=832/1752)
synthetic_007369/posterior_std.pt
         232019 100%  127.47MB/s   00:00:00 (xfer#714, to-check=833/1752)
synthetic_007369/posterior_variance.pt
         232054 100%   11.25MB/s   00:00:00 (xfer#715, to-check=834/1752)
synthetic_007370/
synthetic_007370/composite_mean.pt
         232026 100%    4.73MB/s   00:00:00 (xfer#716, to-check=836/1752)
synthetic_007370/metadata.json
           1798 100%   21.73MB/s   00:00:00 (xfer#717, to-check=837/1752)
synthetic_007370/posterior_mean.pt
         232026 100%   54.03MB/s   00:00:00 (xfer#718, to-check=838/1752)
synthetic_007370/posterior_samples.pt
        4194304  17%    7.82MB/s   00:00:02        8388608  34%    7.78MB/s   00:00:01       12189696  49%    7.22MB/s   00:00:01       16384000  66%    7.38MB/s   00:00:01       20578304  83%    7.92MB/s   00:00:00       24657317 100%    7.69MB/s   00:00:03 (xfer#719, to-check=839/1752)
synthetic_007370/posterior_std.pt
         232019 100%  121.78MB/s   00:00:00 (xfer#720, to-check=840/1752)
synthetic_007370/posterior_variance.pt
         232054 100%   11.57MB/s   00:00:00 (xfer#721, to-check=841/1752)
synthetic_007371/
synthetic_007371/composite_mean.pt
         232026 100%   56.69MB/s   00:00:00 (xfer#722, to-check=843/1752)
synthetic_007371/metadata.json
           1798 100%   20.91MB/s   00:00:00 (xfer#723, to-check=844/1752)
synthetic_007371/posterior_mean.pt
         232026 100%    5.89MB/s   00:00:00 (xfer#724, to-check=845/1752)
synthetic_007371/posterior_samples.pt
        4784128  19%    9.04MB/s   00:00:02        9633792  39%    9.20MB/s   00:00:01       14254080  58%    8.71MB/s   00:00:01       19628032  80%   10.10MB/s   00:00:00       24608768 100%    9.26MB/s   00:00:00       24657317 100%    9.14MB/s   00:00:02 (xfer#725, to-check=846/1752)
synthetic_007371/posterior_std.pt
         232019 100%   90.20MB/s   00:00:00 (xfer#726, to-check=847/1752)
synthetic_007371/posterior_variance.pt
         232054 100%  218.66MB/s   00:00:00 (xfer#727, to-check=848/1752)
synthetic_007372/
synthetic_007372/composite_mean.pt
         232026 100%    5.74MB/s   00:00:00 (xfer#728, to-check=850/1752)
synthetic_007372/metadata.json
           1797 100%   15.16MB/s   00:00:00 (xfer#729, to-check=851/1752)
synthetic_007372/posterior_mean.pt
         232026 100%   65.47MB/s   00:00:00 (xfer#730, to-check=852/1752)
synthetic_007372/posterior_samples.pt
        4259840  17%    7.65MB/s   00:00:02        8585216  35%    7.99MB/s   00:00:01       13172736  53%    8.59MB/s   00:00:01       17367040  70%    7.44MB/s   00:00:00       21692416  88%    8.03MB/s   00:00:00       24657317 100%    7.91MB/s   00:00:02 (xfer#731, to-check=853/1752)
synthetic_007372/posterior_std.pt
         232019 100%   92.31MB/s   00:00:00 (xfer#732, to-check=854/1752)
synthetic_007372/posterior_variance.pt
         232054 100%   12.77MB/s   00:00:00 (xfer#733, to-check=855/1752)
synthetic_007373/
synthetic_007373/composite_mean.pt
         232026 100%   21.52MB/s   00:00:00 (xfer#734, to-check=857/1752)
synthetic_007373/metadata.json
           1798 100%   32.99MB/s   00:00:00 (xfer#735, to-check=858/1752)
synthetic_007373/posterior_mean.pt
         232026 100%   11.04MB/s   00:00:00 (xfer#736, to-check=859/1752)
synthetic_007373/posterior_samples.pt
        5308416  22%    9.71MB/s   00:00:01       10944512  44%   10.14MB/s   00:00:01       16711680  68%   10.22MB/s   00:00:00       22347776  91%   10.72MB/s   00:00:00       24657317 100%   10.06MB/s   00:00:02 (xfer#737, to-check=860/1752)
synthetic_007373/posterior_std.pt
         232019 100%  123.61MB/s   00:00:00 (xfer#738, to-check=861/1752)
synthetic_007373/posterior_variance.pt
         232054 100%  200.09MB/s   00:00:00 (xfer#739, to-check=862/1752)
synthetic_007374/
synthetic_007374/composite_mean.pt
         232026 100%   15.47MB/s   00:00:00 (xfer#740, to-check=864/1752)
synthetic_007374/metadata.json
           1797 100%   30.08MB/s   00:00:00 (xfer#741, to-check=865/1752)
synthetic_007374/posterior_mean.pt
         232026 100%   13.90MB/s   00:00:00 (xfer#742, to-check=866/1752)
synthetic_007374/posterior_samples.pt
        5505024  22%   10.50MB/s   00:00:01       10911744  44%   10.22MB/s   00:00:01       16547840  67%   10.31MB/s   00:00:00       22446080  91%   10.49MB/s   00:00:00       24657317 100%   10.24MB/s   00:00:02 (xfer#743, to-check=867/1752)
synthetic_007374/posterior_std.pt
         232019 100%  101.74MB/s   00:00:00 (xfer#744, to-check=868/1752)
synthetic_007374/posterior_variance.pt
         232054 100%  198.68MB/s   00:00:00 (xfer#745, to-check=869/1752)
synthetic_007375/
synthetic_007375/composite_mean.pt
         232026 100%   15.62MB/s   00:00:00 (xfer#746, to-check=871/1752)
synthetic_007375/metadata.json
           1796 100%   28.06MB/s   00:00:00 (xfer#747, to-check=872/1752)
synthetic_007375/posterior_mean.pt
         232026 100%   18.40MB/s   00:00:00 (xfer#748, to-check=873/1752)
synthetic_007375/posterior_samples.pt
        5636096  23%   10.74MB/s   00:00:01       11010048  45%    9.31MB/s   00:00:01       15466496  63%    8.16MB/s   00:00:01       19660800  80%    7.51MB/s   00:00:00       24117248  98%    8.49MB/s   00:00:00       24657317 100%    8.68MB/s   00:00:02 (xfer#749, to-check=874/1752)
synthetic_007375/posterior_std.pt
         232019 100%   94.24MB/s   00:00:00 (xfer#750, to-check=875/1752)
synthetic_007375/posterior_variance.pt
         232054 100%   13.19MB/s   00:00:00 (xfer#751, to-check=876/1752)
synthetic_007376/
synthetic_007376/composite_mean.pt
         232026 100%   11.34MB/s   00:00:00 (xfer#752, to-check=878/1752)
synthetic_007376/metadata.json
           1798 100%   23.43MB/s   00:00:00 (xfer#753, to-check=879/1752)
synthetic_007376/posterior_mean.pt
         232026 100%   27.69MB/s   00:00:00 (xfer#754, to-check=880/1752)
synthetic_007376/posterior_samples.pt
        2818048  11%    5.37MB/s   00:00:03        5701632  23%    5.05MB/s   00:00:03        9109504  37%    5.82MB/s   00:00:02       12910592  52%    7.20MB/s   00:00:01       16580608  67%    6.90MB/s   00:00:01       20905984  85%    8.00MB/s   00:00:00       24313856  99%    6.42MB/s   00:00:00       24657317 100%    6.31MB/s   00:00:03 (xfer#755, to-check=881/1752)
synthetic_007376/posterior_std.pt
         232019 100%  116.27MB/s   00:00:00 (xfer#756, to-check=882/1752)
synthetic_007376/posterior_variance.pt
         232054 100%   19.09MB/s   00:00:00 (xfer#757, to-check=883/1752)
synthetic_007377/
synthetic_007377/composite_mean.pt
         232026 100%    3.80MB/s   00:00:00 (xfer#758, to-check=885/1752)
synthetic_007377/metadata.json
           1798 100%   16.31MB/s   00:00:00 (xfer#759, to-check=886/1752)
synthetic_007377/posterior_mean.pt
         232026 100%    5.21MB/s   00:00:00 (xfer#760, to-check=887/1752)
synthetic_007377/posterior_samples.pt
        3997696  16%    7.58MB/s   00:00:02        8192000  33%    7.87MB/s   00:00:01       12386304  50%    7.95MB/s   00:00:01       16449536  67%    7.71MB/s   00:00:01       20643840  84%    7.98MB/s   00:00:00       24657317 100%    7.77MB/s   00:00:03 (xfer#761, to-check=888/1752)
synthetic_007377/posterior_std.pt
         232019 100%  179.76MB/s   00:00:00 (xfer#762, to-check=889/1752)
synthetic_007377/posterior_variance.pt
         232054 100%   68.45MB/s   00:00:00 (xfer#763, to-check=890/1752)
synthetic_007378/
synthetic_007378/composite_mean.pt
         232026 100%    7.14MB/s   00:00:00 (xfer#764, to-check=892/1752)
synthetic_007378/metadata.json
           1797 100%   19.48MB/s   00:00:00 (xfer#765, to-check=893/1752)
synthetic_007378/posterior_mean.pt
         232026 100%    7.22MB/s   00:00:00 (xfer#766, to-check=894/1752)
synthetic_007378/posterior_samples.pt
        2457600  10%    4.26MB/s   00:00:04        5734400  23%    6.14MB/s   00:00:02        9273344  38%    6.72MB/s   00:00:02       12681216  51%    6.49MB/s   00:00:01       16351232  66%    6.46MB/s   00:00:01       20414464  83%    7.72MB/s   00:00:00       24657317 100%    6.46MB/s   00:00:03 (xfer#767, to-check=895/1752)
synthetic_007378/posterior_std.pt
         232019 100%   34.50MB/s   00:00:00 (xfer#768, to-check=896/1752)
synthetic_007378/posterior_variance.pt
         232054 100%   16.91MB/s   00:00:00 (xfer#769, to-check=897/1752)
synthetic_007379/
synthetic_007379/composite_mean.pt
         232026 100%    4.02MB/s   00:00:00 (xfer#770, to-check=899/1752)
synthetic_007379/metadata.json
           1798 100%   22.27MB/s   00:00:00 (xfer#771, to-check=900/1752)
synthetic_007379/posterior_mean.pt
         232026 100%  146.07MB/s   00:00:00 (xfer#772, to-check=901/1752)
synthetic_007379/posterior_samples.pt
        4063232  16%    7.66MB/s   00:00:02        8388608  34%    8.01MB/s   00:00:01       12451840  50%    7.22MB/s   00:00:01       16515072  67%    7.69MB/s   00:00:01       20840448  85%    8.16MB/s   00:00:00       24657317 100%    7.65MB/s   00:00:03 (xfer#773, to-check=902/1752)
synthetic_007379/posterior_std.pt
         232019 100%  126.22MB/s   00:00:00 (xfer#774, to-check=903/1752)
synthetic_007379/posterior_variance.pt
         232054 100%   11.12MB/s   00:00:00 (xfer#775, to-check=904/1752)
synthetic_007380/
synthetic_007380/composite_mean.pt
         232026 100%   62.19MB/s   00:00:00 (xfer#776, to-check=906/1752)
synthetic_007380/metadata.json
           1798 100%   25.59MB/s   00:00:00 (xfer#777, to-check=907/1752)
synthetic_007380/posterior_mean.pt
         232026 100%    6.11MB/s   00:00:00 (xfer#778, to-check=908/1752)
synthetic_007380/posterior_samples.pt
        4259840  17%    7.81MB/s   00:00:02        8585216  35%    7.90MB/s   00:00:01       13172736  53%    8.74MB/s   00:00:01       15958016  65%    5.27MB/s   00:00:01       19103744  77%    5.80MB/s   00:00:00       22511616  91%    6.22MB/s   00:00:00       24657317 100%    6.86MB/s   00:00:03 (xfer#779, to-check=909/1752)
synthetic_007380/posterior_std.pt
         232019 100%   87.53MB/s   00:00:00 (xfer#780, to-check=910/1752)
synthetic_007380/posterior_variance.pt
         232054 100%    7.20MB/s   00:00:00 (xfer#781, to-check=911/1752)
synthetic_007381/
synthetic_007381/composite_mean.pt
         232026 100%    8.23MB/s   00:00:00 (xfer#782, to-check=913/1752)
synthetic_007381/metadata.json
           1797 100%   23.49MB/s   00:00:00 (xfer#783, to-check=914/1752)
synthetic_007381/posterior_mean.pt
         232026 100%    8.79MB/s   00:00:00 (xfer#784, to-check=915/1752)
synthetic_007381/posterior_samples.pt
        3637248  15%    6.73MB/s   00:00:02        6619136  27%    5.55MB/s   00:00:03        9502720  39%    5.48MB/s   00:00:02       12386304  50%    5.29MB/s   00:00:02       15532032  63%    5.75MB/s   00:00:01       18677760  76%    5.87MB/s   00:00:00       22216704  90%    6.52MB/s   00:00:00       24657317 100%    5.89MB/s   00:00:03 (xfer#785, to-check=916/1752)
synthetic_007381/posterior_std.pt
         232019 100%    9.72MB/s   00:00:00 (xfer#786, to-check=917/1752)
synthetic_007381/posterior_variance.pt
         232054 100%    6.18MB/s   00:00:00 (xfer#787, to-check=918/1752)
synthetic_007382/
synthetic_007382/composite_mean.pt
         232026 100%    6.25MB/s   00:00:00 (xfer#788, to-check=920/1752)
synthetic_007382/metadata.json
           1797 100%   17.32MB/s   00:00:00 (xfer#789, to-check=921/1752)
synthetic_007382/posterior_mean.pt
         232026 100%    3.95MB/s   00:00:00 (xfer#790, to-check=922/1752)
synthetic_007382/posterior_samples.pt
        3538944  14%    6.41MB/s   00:00:03        6815744  28%    6.20MB/s   00:00:02       10223616  41%    6.31MB/s   00:00:02       13762560  56%    6.43MB/s   00:00:01       17170432  70%    6.11MB/s   00:00:01       20709376  84%    6.39MB/s   00:00:00       24248320  98%    6.60MB/s   00:00:00       24657317 100%    6.31MB/s   00:00:03 (xfer#791, to-check=923/1752)
synthetic_007382/posterior_std.pt
         232019 100%  123.89MB/s   00:00:00 (xfer#792, to-check=924/1752)
synthetic_007382/posterior_variance.pt
         232054 100%    3.58MB/s   00:00:00 (xfer#793, to-check=925/1752)
synthetic_007383/
synthetic_007383/composite_mean.pt
         232026 100%   53.32MB/s   00:00:00 (xfer#794, to-check=927/1752)
synthetic_007383/metadata.json
           1798 100%   21.73MB/s   00:00:00 (xfer#795, to-check=928/1752)
synthetic_007383/posterior_mean.pt
         232026 100%    4.07MB/s   00:00:00 (xfer#796, to-check=929/1752)
synthetic_007383/posterior_samples.pt
        3768320  15%    7.12MB/s   00:00:02        7438336  30%    6.99MB/s   00:00:02       11370496  46%    7.23MB/s   00:00:01       15171584  62%    7.24MB/s   00:00:01       18546688  75%    5.98MB/s   00:00:00       21823488  89%    5.97MB/s   00:00:00       24657317 100%    6.54MB/s   00:00:03 (xfer#797, to-check=930/1752)
synthetic_007383/posterior_std.pt
         232019 100%   13.44MB/s   00:00:00 (xfer#798, to-check=931/1752)
synthetic_007383/posterior_variance.pt
         232054 100%    4.47MB/s   00:00:00 (xfer#799, to-check=932/1752)
synthetic_007384/
synthetic_007384/composite_mean.pt
         232026 100%    9.13MB/s   00:00:00 (xfer#800, to-check=934/1752)
synthetic_007384/metadata.json
           1798 100%   16.46MB/s   00:00:00 (xfer#801, to-check=935/1752)
synthetic_007384/posterior_mean.pt
         232026 100%    3.94MB/s   00:00:00 (xfer#802, to-check=936/1752)
synthetic_007384/posterior_samples.pt
        3768320  15%    7.18MB/s   00:00:02        7438336  30%    6.95MB/s   00:00:02       11337728  46%    7.33MB/s   00:00:01       13795328  56%    4.35MB/s   00:00:02       16809984  68%    5.74MB/s   00:00:01       19562496  79%    5.22MB/s   00:00:00       22577152  92%    5.52MB/s   00:00:00       24657317 100%    5.97MB/s   00:00:03 (xfer#803, to-check=937/1752)
synthetic_007384/posterior_std.pt
         232019 100%  122.58MB/s   00:00:00 (xfer#804, to-check=938/1752)
synthetic_007384/posterior_variance.pt
         232054 100%   13.98MB/s   00:00:00 (xfer#805, to-check=939/1752)
synthetic_007385/
synthetic_007385/composite_mean.pt
         232026 100%    3.56MB/s   00:00:00 (xfer#806, to-check=941/1752)
synthetic_007385/metadata.json
           1797 100%   18.24MB/s   00:00:00 (xfer#807, to-check=942/1752)
synthetic_007385/posterior_mean.pt
         232026 100%    6.51MB/s   00:00:00 (xfer#808, to-check=943/1752)
synthetic_007385/posterior_samples.pt
        2752512  11%    5.13MB/s   00:00:04        5898240  24%    5.95MB/s   00:00:03        6750208  27%    1.61MB/s   00:00:10        8716288  35%    3.73MB/s   00:00:04       11206656  45%    4.38MB/s   00:00:02       13697024  56%    4.19MB/s   00:00:02       16580608  67%    5.13MB/s   00:00:01       19333120  78%    5.00MB/s   00:00:01       21954560  89%    4.96MB/s   00:00:00       24657317 100%    4.56MB/s   00:00:05 (xfer#809, to-check=944/1752)
synthetic_007385/posterior_std.pt
         232019 100%   11.06MB/s   00:00:00 (xfer#810, to-check=945/1752)
synthetic_007385/posterior_variance.pt
         232054 100%    3.92MB/s   00:00:00 (xfer#811, to-check=946/1752)
synthetic_007386/
synthetic_007386/composite_mean.pt
         232026 100%    4.01MB/s   00:00:00 (xfer#812, to-check=948/1752)
synthetic_007386/metadata.json
           1798 100%    5.72MB/s   00:00:00 (xfer#813, to-check=949/1752)
synthetic_007386/posterior_mean.pt
         232026 100%    6.05MB/s   00:00:00 (xfer#814, to-check=950/1752)
synthetic_007386/posterior_samples.pt
        2752512  11%    5.18MB/s   00:00:04        5636096  23%    5.18MB/s   00:00:03        8519680  35%    5.50MB/s   00:00:02       11534336  47%    5.61MB/s   00:00:02       14680064  60%    5.97MB/s   00:00:01       17563648  71%    5.46MB/s   00:00:01       20316160  82%    5.19MB/s   00:00:00       23592960  96%    5.94MB/s   00:00:00       24657317 100%    5.50MB/s   00:00:04 (xfer#815, to-check=951/1752)
synthetic_007386/posterior_std.pt
         232019 100%   10.25MB/s   00:00:00 (xfer#816, to-check=952/1752)
synthetic_007386/posterior_variance.pt
         232054 100%   17.92MB/s   00:00:00 (xfer#817, to-check=953/1752)
synthetic_007387/
synthetic_007387/composite_mean.pt
         232026 100%    3.82MB/s   00:00:00 (xfer#818, to-check=955/1752)
synthetic_007387/metadata.json
           1797 100%   32.38MB/s   00:00:00 (xfer#819, to-check=956/1752)
synthetic_007387/posterior_mean.pt
         232026 100%   10.05MB/s   00:00:00 (xfer#820, to-check=957/1752)
synthetic_007387/posterior_samples.pt
        2949120  12%    5.60MB/s   00:00:03        6619136  27%    6.95MB/s   00:00:02       10027008  41%    6.43MB/s   00:00:02       13434880  54%    6.29MB/s   00:00:01       17367040  70%    7.18MB/s   00:00:00       21168128  86%    7.00MB/s   00:00:00       24657317 100%    6.64MB/s   00:00:03 (xfer#821, to-check=958/1752)
synthetic_007387/posterior_std.pt
         232019 100%  121.03MB/s   00:00:00 (xfer#822, to-check=959/1752)
synthetic_007387/posterior_variance.pt
         232054 100%   11.58MB/s   00:00:00 (xfer#823, to-check=960/1752)
synthetic_007388/
synthetic_007388/composite_mean.pt
         232026 100%   24.62MB/s   00:00:00 (xfer#824, to-check=962/1752)
synthetic_007388/metadata.json
           1798 100%   26.34MB/s   00:00:00 (xfer#825, to-check=963/1752)
synthetic_007388/posterior_mean.pt
         232026 100%    4.21MB/s   00:00:00 (xfer#826, to-check=964/1752)
synthetic_007388/posterior_samples.pt
        4325376  18%    7.92MB/s   00:00:02        8781824  36%    8.46MB/s   00:00:01       14155776  57%    9.97MB/s   00:00:01       19922944  81%   10.74MB/s   00:00:00       24657317 100%    9.34MB/s   00:00:02 (xfer#827, to-check=965/1752)
synthetic_007388/posterior_std.pt
         232019 100%   95.58MB/s   00:00:00 (xfer#828, to-check=966/1752)
synthetic_007388/posterior_variance.pt
         232054 100%  213.83MB/s   00:00:00 (xfer#829, to-check=967/1752)
synthetic_007389/
synthetic_007389/composite_mean.pt
         232026 100%   42.45MB/s   00:00:00 (xfer#830, to-check=969/1752)
synthetic_007389/metadata.json
           1799 100%   37.28MB/s   00:00:00 (xfer#831, to-check=970/1752)
synthetic_007389/posterior_mean.pt
         232026 100%    9.13MB/s   00:00:00 (xfer#832, to-check=971/1752)
synthetic_007389/posterior_samples.pt
        3112960  13%    5.80MB/s   00:00:03        8093696  33%    9.24MB/s   00:00:01       13074432  53%    9.36MB/s   00:00:01       18448384  75%   10.00MB/s   00:00:00       23953408  97%    9.83MB/s   00:00:00       24657317 100%    8.82MB/s   00:00:02 (xfer#833, to-check=972/1752)
synthetic_007389/posterior_std.pt
         232019 100%  104.51MB/s   00:00:00 (xfer#834, to-check=973/1752)
synthetic_007389/posterior_variance.pt
         232054 100%  301.08MB/s   00:00:00 (xfer#835, to-check=974/1752)
synthetic_007390/
synthetic_007390/composite_mean.pt
         232026 100%  215.89MB/s   00:00:00 (xfer#836, to-check=976/1752)
synthetic_007390/metadata.json
           1797 100%   27.65MB/s   00:00:00 (xfer#837, to-check=977/1752)
synthetic_007390/posterior_mean.pt
         232026 100%    6.21MB/s   00:00:00 (xfer#838, to-check=978/1752)
synthetic_007390/posterior_samples.pt
        5767168  23%   10.93MB/s   00:00:01       11665408  47%   11.24MB/s   00:00:01       17956864  73%   11.67MB/s   00:00:00       23986176  97%   11.24MB/s   00:00:00       24657317 100%   11.27MB/s   00:00:02 (xfer#839, to-check=979/1752)
synthetic_007390/posterior_std.pt
         232019 100%   11.12MB/s   00:00:00 (xfer#840, to-check=980/1752)
synthetic_007390/posterior_variance.pt
         232054 100%   86.68MB/s   00:00:00 (xfer#841, to-check=981/1752)
synthetic_007391/
synthetic_007391/composite_mean.pt
         232026 100%   39.84MB/s   00:00:00 (xfer#842, to-check=983/1752)
synthetic_007391/metadata.json
           1798 100%   29.48MB/s   00:00:00 (xfer#843, to-check=984/1752)
synthetic_007391/posterior_mean.pt
         232026 100%    5.28MB/s   00:00:00 (xfer#844, to-check=985/1752)
synthetic_007391/posterior_samples.pt
        6324224  26%   11.98MB/s   00:00:01       13139968  53%   12.88MB/s   00:00:00       19824640  80%   12.71MB/s   00:00:00       24657317 100%   12.27MB/s   00:00:01 (xfer#845, to-check=986/1752)
synthetic_007391/posterior_std.pt
         232019 100%  171.55MB/s   00:00:00 (xfer#846, to-check=987/1752)
synthetic_007391/posterior_variance.pt
         232054 100%  263.77MB/s   00:00:00 (xfer#847, to-check=988/1752)
synthetic_007392/
synthetic_007392/composite_mean.pt
         232026 100%   10.60MB/s   00:00:00 (xfer#848, to-check=990/1752)
synthetic_007392/metadata.json
           1798 100%   38.88MB/s   00:00:00 (xfer#849, to-check=991/1752)
synthetic_007392/posterior_mean.pt
         232026 100%    7.48MB/s   00:00:00 (xfer#850, to-check=992/1752)
synthetic_007392/posterior_samples.pt
        5242880  21%    9.82MB/s   00:00:01       11665408  47%   12.24MB/s   00:00:01       17825792  72%   11.72MB/s   00:00:00       24248320  98%   12.02MB/s   00:00:00       24657317 100%   11.28MB/s   00:00:02 (xfer#851, to-check=993/1752)
synthetic_007392/posterior_std.pt
         232019 100%  195.30MB/s   00:00:00 (xfer#852, to-check=994/1752)
synthetic_007392/posterior_variance.pt
         232054 100%  260.37MB/s   00:00:00 (xfer#853, to-check=995/1752)
synthetic_007393/
synthetic_007393/composite_mean.pt
         232026 100%   25.42MB/s   00:00:00 (xfer#854, to-check=997/1752)
synthetic_007393/metadata.json
           1798 100%   31.68MB/s   00:00:00 (xfer#855, to-check=998/1752)
synthetic_007393/posterior_mean.pt
         232026 100%    7.98MB/s   00:00:00 (xfer#856, to-check=999/1752)
synthetic_007393/posterior_samples.pt
        6979584  28%   12.85MB/s   00:00:01       13762560  56%   12.53MB/s   00:00:00       18808832  76%    9.53MB/s   00:00:00       23658496  96%    9.15MB/s   00:00:00       24657317 100%   10.81MB/s   00:00:02 (xfer#857, to-check=1000/1752)
synthetic_007393/posterior_std.pt
         232019 100%  121.17MB/s   00:00:00 (xfer#858, to-check=1001/1752)
synthetic_007393/posterior_variance.pt
         232054 100%   15.58MB/s   00:00:00 (xfer#859, to-check=1002/1752)
synthetic_007394/
synthetic_007394/composite_mean.pt
         232026 100%    5.49MB/s   00:00:00 (xfer#860, to-check=1004/1752)
synthetic_007394/metadata.json
           1797 100%   19.02MB/s   00:00:00 (xfer#861, to-check=1005/1752)
synthetic_007394/posterior_mean.pt
         232026 100%   42.73MB/s   00:00:00 (xfer#862, to-check=1006/1752)
synthetic_007394/posterior_samples.pt
        5046272  20%    9.58MB/s   00:00:01       10420224  42%    9.92MB/s   00:00:01       16056320  65%   10.73MB/s   00:00:00       21659648  88%   10.54MB/s   00:00:00       24657317 100%   10.18MB/s   00:00:02 (xfer#863, to-check=1007/1752)
synthetic_007394/posterior_std.pt
         232019 100%  170.48MB/s   00:00:00 (xfer#864, to-check=1008/1752)
synthetic_007394/posterior_variance.pt
         232054 100%  135.53MB/s   00:00:00 (xfer#865, to-check=1009/1752)
synthetic_007395/
synthetic_007395/composite_mean.pt
         232026 100%  242.90MB/s   00:00:00 (xfer#866, to-check=1011/1752)
synthetic_007395/metadata.json
           1796 100%   35.56MB/s   00:00:00 (xfer#867, to-check=1012/1752)
synthetic_007395/posterior_mean.pt
         232026 100%    6.54MB/s   00:00:00 (xfer#868, to-check=1013/1752)
synthetic_007395/posterior_samples.pt
        6389760  26%   12.15MB/s   00:00:01       12681216  51%   11.91MB/s   00:00:00       19234816  78%   12.25MB/s   00:00:00       24657317 100%   12.03MB/s   00:00:01 (xfer#869, to-check=1014/1752)
synthetic_007395/posterior_std.pt
         232019 100%  165.76MB/s   00:00:00 (xfer#870, to-check=1015/1752)
synthetic_007395/posterior_variance.pt
         232054 100%    6.91MB/s   00:00:00 (xfer#871, to-check=1016/1752)
synthetic_007396/
synthetic_007396/composite_mean.pt
         232026 100%   43.58MB/s   00:00:00 (xfer#872, to-check=1018/1752)
synthetic_007396/metadata.json
           1798 100%   39.09MB/s   00:00:00 (xfer#873, to-check=1019/1752)
synthetic_007396/posterior_mean.pt
         232026 100%   65.48MB/s   00:00:00 (xfer#874, to-check=1020/1752)
synthetic_007396/posterior_samples.pt
        6815744  28%   12.80MB/s   00:00:01       13500416  55%   12.70MB/s   00:00:00       20054016  81%   12.00MB/s   00:00:00       24657317 100%   12.48MB/s   00:00:01 (xfer#875, to-check=1021/1752)
synthetic_007396/posterior_std.pt
         232019 100%  106.13MB/s   00:00:00 (xfer#876, to-check=1022/1752)
synthetic_007396/posterior_variance.pt
         232054 100%    9.33MB/s   00:00:00 (xfer#877, to-check=1023/1752)
synthetic_007397/
synthetic_007397/composite_mean.pt
         232026 100%   27.12MB/s   00:00:00 (xfer#878, to-check=1025/1752)
synthetic_007397/metadata.json
           1797 100%   40.84MB/s   00:00:00 (xfer#879, to-check=1026/1752)
synthetic_007397/posterior_mean.pt
         232026 100%   42.00MB/s   00:00:00 (xfer#880, to-check=1027/1752)
synthetic_007397/posterior_samples.pt
        6356992  26%   11.87MB/s   00:00:01       10813440  44%    7.66MB/s   00:00:01       14581760  59%    6.91MB/s   00:00:01       19038208  77%    8.35MB/s   00:00:00       24281088  98%    9.77MB/s   00:00:00       24657317 100%    8.84MB/s   00:00:02 (xfer#881, to-check=1028/1752)
synthetic_007397/posterior_std.pt
         232019 100%  125.08MB/s   00:00:00 (xfer#882, to-check=1029/1752)
synthetic_007397/posterior_variance.pt
         232054 100%   44.19MB/s   00:00:00 (xfer#883, to-check=1030/1752)
synthetic_007398/
synthetic_007398/composite_mean.pt
         232026 100%   14.76MB/s   00:00:00 (xfer#884, to-check=1032/1752)
synthetic_007398/metadata.json
           1797 100%   24.45MB/s   00:00:00 (xfer#885, to-check=1033/1752)
synthetic_007398/posterior_mean.pt
         232026 100%    5.72MB/s   00:00:00 (xfer#886, to-check=1034/1752)
synthetic_007398/posterior_samples.pt
        5767168  23%   10.99MB/s   00:00:01       11534336  47%   10.97MB/s   00:00:01       17563648  71%   11.09MB/s   00:00:00       23986176  97%   12.19MB/s   00:00:00       24657317 100%   11.20MB/s   00:00:02 (xfer#887, to-check=1035/1752)
synthetic_007398/posterior_std.pt
         232019 100%  141.47MB/s   00:00:00 (xfer#888, to-check=1036/1752)
synthetic_007398/posterior_variance.pt
         232054 100%  295.05MB/s   00:00:00 (xfer#889, to-check=1037/1752)
synthetic_007399/
synthetic_007399/composite_mean.pt
         232026 100%   10.22MB/s   00:00:00 (xfer#890, to-check=1039/1752)
synthetic_007399/metadata.json
           1798 100%   35.78MB/s   00:00:00 (xfer#891, to-check=1040/1752)
synthetic_007399/posterior_mean.pt
         232026 100%   13.51MB/s   00:00:00 (xfer#892, to-check=1041/1752)
synthetic_007399/posterior_samples.pt
        6127616  25%   11.57MB/s   00:00:01       12943360  52%   12.40MB/s   00:00:00       19496960  79%   12.32MB/s   00:00:00       24657317 100%   11.92MB/s   00:00:01 (xfer#893, to-check=1042/1752)
synthetic_007399/posterior_std.pt
         232019 100%   59.51MB/s   00:00:00 (xfer#894, to-check=1043/1752)
synthetic_007399/posterior_variance.pt
         232054 100%   44.72MB/s   00:00:00 (xfer#895, to-check=1044/1752)
synthetic_007400/
synthetic_007400/composite_mean.pt
         232026 100%   10.65MB/s   00:00:00 (xfer#896, to-check=1046/1752)
synthetic_007400/metadata.json
           1799 100%   33.01MB/s   00:00:00 (xfer#897, to-check=1047/1752)
synthetic_007400/posterior_mean.pt
         232026 100%    7.61MB/s   00:00:00 (xfer#898, to-check=1048/1752)
synthetic_007400/posterior_samples.pt
        7143424  29%   13.52MB/s   00:00:01       13828096  56%   12.43MB/s   00:00:00       20709376  84%   13.12MB/s   00:00:00       24657317 100%   12.69MB/s   00:00:01 (xfer#899, to-check=1049/1752)
synthetic_007400/posterior_std.pt
         232019 100%  166.62MB/s   00:00:00 (xfer#900, to-check=1050/1752)
synthetic_007400/posterior_variance.pt
         232054 100%    5.67MB/s   00:00:00 (xfer#901, to-check=1051/1752)
synthetic_007401/
synthetic_007401/composite_mean.pt
         232026 100%   17.25MB/s   00:00:00 (xfer#902, to-check=1053/1752)
synthetic_007401/metadata.json
           1799 100%   42.83MB/s   00:00:00 (xfer#903, to-check=1054/1752)
synthetic_007401/posterior_mean.pt
         232026 100%   30.06MB/s   00:00:00 (xfer#904, to-check=1055/1752)
synthetic_007401/posterior_samples.pt
        5996544  24%   11.39MB/s   00:00:01       12812288  52%   12.96MB/s   00:00:00       19234816  78%   12.24MB/s   00:00:00       24657317 100%   11.93MB/s   00:00:01 (xfer#905, to-check=1056/1752)
synthetic_007401/posterior_std.pt
         232019 100%    5.54MB/s   00:00:00 (xfer#906, to-check=1057/1752)
synthetic_007401/posterior_variance.pt
         232054 100%   84.21MB/s   00:00:00 (xfer#907, to-check=1058/1752)
synthetic_007402/
synthetic_007402/composite_mean.pt
         232026 100%   47.81MB/s   00:00:00 (xfer#908, to-check=1060/1752)
synthetic_007402/metadata.json
           1798 100%   24.46MB/s   00:00:00 (xfer#909, to-check=1061/1752)
synthetic_007402/posterior_mean.pt
         232026 100%   24.17MB/s   00:00:00 (xfer#910, to-check=1062/1752)
synthetic_007402/posterior_samples.pt
        6029312  24%   11.48MB/s   00:00:01       10813440  44%    8.87MB/s   00:00:01       15925248  65%    9.57MB/s   00:00:00       21037056  85%    9.64MB/s   00:00:00       24657317 100%    9.78MB/s   00:00:02 (xfer#911, to-check=1063/1752)
synthetic_007402/posterior_std.pt
         232019 100%  155.30MB/s   00:00:00 (xfer#912, to-check=1064/1752)
synthetic_007402/posterior_variance.pt
         232054 100%  205.09MB/s   00:00:00 (xfer#913, to-check=1065/1752)
synthetic_007403/
synthetic_007403/composite_mean.pt
         232026 100%    7.96MB/s   00:00:00 (xfer#914, to-check=1067/1752)
synthetic_007403/metadata.json
           1797 100%   20.42MB/s   00:00:00 (xfer#915, to-check=1068/1752)
synthetic_007403/posterior_mean.pt
         232026 100%   32.24MB/s   00:00:00 (xfer#916, to-check=1069/1752)
synthetic_007403/posterior_samples.pt
        5734400  23%   10.86MB/s   00:00:01       12025856  49%   11.53MB/s   00:00:01       18317312  74%   11.99MB/s   00:00:00       24657317 100%   11.58MB/s   00:00:02 (xfer#917, to-check=1070/1752)
synthetic_007403/posterior_std.pt
         232019 100%   30.29MB/s   00:00:00 (xfer#918, to-check=1071/1752)
synthetic_007403/posterior_variance.pt
         232054 100%   21.96MB/s   00:00:00 (xfer#919, to-check=1072/1752)
synthetic_007404/
synthetic_007404/composite_mean.pt
         232026 100%   10.18MB/s   00:00:00 (xfer#920, to-check=1074/1752)
synthetic_007404/metadata.json
           1798 100%   37.26MB/s   00:00:00 (xfer#921, to-check=1075/1752)
synthetic_007404/posterior_mean.pt
         232026 100%   11.56MB/s   00:00:00 (xfer#922, to-check=1076/1752)
synthetic_007404/posterior_samples.pt
        6422528  26%   12.10MB/s   00:00:01       10911744  44%    8.44MB/s   00:00:01       14974976  61%    7.73MB/s   00:00:01       20086784  81%    9.70MB/s   00:00:00       24657317 100%    8.44MB/s   00:00:00       24657317 100%    9.14MB/s   00:00:02 (xfer#923, to-check=1077/1752)
synthetic_007404/posterior_std.pt
         232019 100%  143.87MB/s   00:00:00 (xfer#924, to-check=1078/1752)
synthetic_007404/posterior_variance.pt
         232054 100%  183.08MB/s   00:00:00 (xfer#925, to-check=1079/1752)
synthetic_007405/
synthetic_007405/composite_mean.pt
         232026 100%    9.17MB/s   00:00:00 (xfer#926, to-check=1081/1752)
synthetic_007405/metadata.json
           1797 100%   25.13MB/s   00:00:00 (xfer#927, to-check=1082/1752)
synthetic_007405/posterior_mean.pt
         232026 100%   14.02MB/s   00:00:00 (xfer#928, to-check=1083/1752)
synthetic_007405/posterior_samples.pt
        5406720  22%    9.84MB/s   00:00:01       10649600  43%    9.71MB/s   00:00:01       16154624  66%   10.48MB/s   00:00:00       22052864  89%   10.71MB/s   00:00:00       24657317 100%   10.17MB/s   00:00:02 (xfer#929, to-check=1084/1752)
synthetic_007405/posterior_std.pt
         232019 100%   91.65MB/s   00:00:00 (xfer#930, to-check=1085/1752)
synthetic_007405/posterior_variance.pt
         232054 100%  251.48MB/s   00:00:00 (xfer#931, to-check=1086/1752)
synthetic_007406/
synthetic_007406/composite_mean.pt
         232026 100%   14.76MB/s   00:00:00 (xfer#932, to-check=1088/1752)
synthetic_007406/metadata.json
           1798 100%   30.09MB/s   00:00:00 (xfer#933, to-check=1089/1752)
synthetic_007406/posterior_mean.pt
         232026 100%    6.13MB/s   00:00:00 (xfer#934, to-check=1090/1752)
synthetic_007406/posterior_samples.pt
        5472256  22%   10.25MB/s   00:00:01       10715136  43%    9.92MB/s   00:00:01       16744448  68%   10.68MB/s   00:00:00       22249472  90%   10.42MB/s   00:00:00       24657317 100%   10.33MB/s   00:00:02 (xfer#935, to-check=1091/1752)
synthetic_007406/posterior_std.pt
         232019 100%  117.39MB/s   00:00:00 (xfer#936, to-check=1092/1752)
synthetic_007406/posterior_variance.pt
         232054 100%    8.27MB/s   00:00:00 (xfer#937, to-check=1093/1752)
synthetic_007407/
synthetic_007407/composite_mean.pt
         232026 100%   30.26MB/s   00:00:00 (xfer#938, to-check=1095/1752)
synthetic_007407/metadata.json
           1798 100%   34.25MB/s   00:00:00 (xfer#939, to-check=1096/1752)
synthetic_007407/posterior_mean.pt
         232026 100%   14.98MB/s   00:00:00 (xfer#940, to-check=1097/1752)
synthetic_007407/posterior_samples.pt
        5210112  21%    9.92MB/s   00:00:01       10321920  42%    9.64MB/s   00:00:01       16351232  66%   10.89MB/s   00:00:00       21856256  89%   10.33MB/s   00:00:00       24657317 100%   10.07MB/s   00:00:02 (xfer#941, to-check=1098/1752)
synthetic_007407/posterior_std.pt
         232019 100%  131.72MB/s   00:00:00 (xfer#942, to-check=1099/1752)
synthetic_007407/posterior_variance.pt
         232054 100%  326.38MB/s   00:00:00 (xfer#943, to-check=1100/1752)
synthetic_007408/
synthetic_007408/composite_mean.pt
         232026 100%    5.97MB/s   00:00:00 (xfer#944, to-check=1102/1752)
synthetic_007408/metadata.json
           1798 100%   37.26MB/s   00:00:00 (xfer#945, to-check=1103/1752)
synthetic_007408/posterior_mean.pt
         232026 100%   82.16MB/s   00:00:00 (xfer#946, to-check=1104/1752)
synthetic_007408/posterior_samples.pt
        5373952  22%   10.11MB/s   00:00:01       10878976  44%   10.40MB/s   00:00:01       16515072  67%   10.33MB/s   00:00:00       22806528  92%   11.98MB/s   00:00:00       24657317 100%   10.54MB/s   00:00:02 (xfer#947, to-check=1105/1752)
synthetic_007408/posterior_std.pt
         232019 100%  166.62MB/s   00:00:00 (xfer#948, to-check=1106/1752)
synthetic_007408/posterior_variance.pt
         232054 100%   14.11MB/s   00:00:00 (xfer#949, to-check=1107/1752)
synthetic_007409/
synthetic_007409/composite_mean.pt
         232026 100%   17.54MB/s   00:00:00 (xfer#950, to-check=1109/1752)
synthetic_007409/metadata.json
           1798 100%   40.86MB/s   00:00:00 (xfer#951, to-check=1110/1752)
synthetic_007409/posterior_mean.pt
         232026 100%   16.51MB/s   00:00:00 (xfer#952, to-check=1111/1752)
synthetic_007409/posterior_samples.pt
        3866624  16%    7.35MB/s   00:00:02        7929856  32%    7.13MB/s   00:00:02       12845056  52%    9.37MB/s   00:00:01       18153472  74%    9.59MB/s   00:00:00       22937600  93%    8.63MB/s   00:00:00       24117248  98%    2.15MB/s   00:00:00       24657317 100%    7.34MB/s   00:00:03 (xfer#953, to-check=1112/1752)
synthetic_007409/posterior_std.pt
         232019 100%  111.24MB/s   00:00:00 (xfer#954, to-check=1113/1752)
synthetic_007409/posterior_variance.pt
         232054 100%    5.95MB/s   00:00:00 (xfer#955, to-check=1114/1752)
synthetic_007410/
synthetic_007410/composite_mean.pt
         232026 100%   31.66MB/s   00:00:00 (xfer#956, to-check=1116/1752)
synthetic_007410/metadata.json
           1796 100%   17.48MB/s   00:00:00 (xfer#957, to-check=1117/1752)
synthetic_007410/posterior_mean.pt
         232026 100%    4.64MB/s   00:00:00 (xfer#958, to-check=1118/1752)
synthetic_007410/posterior_samples.pt
        3997696  16%    7.57MB/s   00:00:02        8454144  34%    8.45MB/s   00:00:01       12910592  52%    8.14MB/s   00:00:01       17498112  71%    8.72MB/s   00:00:00       21299200  86%    7.06MB/s   00:00:00       24657317 100%    8.00MB/s   00:00:02 (xfer#959, to-check=1119/1752)
synthetic_007410/posterior_std.pt
         232019 100%   25.30MB/s   00:00:00 (xfer#960, to-check=1120/1752)
synthetic_007410/posterior_variance.pt
         232054 100%    7.10MB/s   00:00:00 (xfer#961, to-check=1121/1752)
synthetic_007411/
synthetic_007411/composite_mean.pt
         232026 100%    6.45MB/s   00:00:00 (xfer#962, to-check=1123/1752)
synthetic_007411/metadata.json
           1798 100%   24.13MB/s   00:00:00 (xfer#963, to-check=1124/1752)
synthetic_007411/posterior_mean.pt
         232026 100%    8.23MB/s   00:00:00 (xfer#964, to-check=1125/1752)
synthetic_007411/posterior_samples.pt
        4751360  19%    8.82MB/s   00:00:02        9469952  38%    8.99MB/s   00:00:01       14319616  58%    9.14MB/s   00:00:01       19169280  78%    8.76MB/s   00:00:00       23134208  94%    6.72MB/s   00:00:00       24657317 100%    8.07MB/s   00:00:02 (xfer#965, to-check=1126/1752)
synthetic_007411/posterior_std.pt
         232019 100%   13.97MB/s   00:00:00 (xfer#966, to-check=1127/1752)
synthetic_007411/posterior_variance.pt
         232054 100%    4.00MB/s   00:00:00 (xfer#967, to-check=1128/1752)
synthetic_007412/
synthetic_007412/composite_mean.pt
         232026 100%   16.81MB/s   00:00:00 (xfer#968, to-check=1130/1752)
synthetic_007412/metadata.json
           1798 100%   13.39MB/s   00:00:00 (xfer#969, to-check=1131/1752)
synthetic_007412/posterior_mean.pt
         232026 100%    4.13MB/s   00:00:00 (xfer#970, to-check=1132/1752)
synthetic_007412/posterior_samples.pt
        3473408  14%    6.45MB/s   00:00:03        6782976  28%    6.31MB/s   00:00:02       11075584  45%    8.06MB/s   00:00:01       15269888  62%    7.85MB/s   00:00:01       19726336  80%    8.24MB/s   00:00:00       23920640  97%    7.90MB/s   00:00:00       24657317 100%    7.42MB/s   00:00:03 (xfer#971, to-check=1133/1752)
synthetic_007412/posterior_std.pt
         232019 100%  136.24MB/s   00:00:00 (xfer#972, to-check=1134/1752)
synthetic_007412/posterior_variance.pt
         232054 100%    9.58MB/s   00:00:00 (xfer#973, to-check=1135/1752)
synthetic_007413/
synthetic_007413/composite_mean.pt
         232026 100%   58.39MB/s   00:00:00 (xfer#974, to-check=1137/1752)
synthetic_007413/metadata.json
           1797 100%   23.80MB/s   00:00:00 (xfer#975, to-check=1138/1752)
synthetic_007413/posterior_mean.pt
         232026 100%    3.91MB/s   00:00:00 (xfer#976, to-check=1139/1752)
synthetic_007413/posterior_samples.pt
        4423680  18%    8.22MB/s   00:00:02        8519680  35%    7.28MB/s   00:00:02       11796480  48%    5.67MB/s   00:00:02       15597568  63%    6.73MB/s   00:00:01       19267584  78%    6.71MB/s   00:00:00       22937600  93%    6.93MB/s   00:00:00       24657317 100%    6.87MB/s   00:00:03 (xfer#977, to-check=1140/1752)
synthetic_007413/posterior_std.pt
         232019 100%   78.66MB/s   00:00:00 (xfer#978, to-check=1141/1752)
synthetic_007413/posterior_variance.pt
         232054 100%   20.93MB/s   00:00:00 (xfer#979, to-check=1142/1752)
synthetic_007414/
synthetic_007414/composite_mean.pt
         232026 100%    4.24MB/s   00:00:00 (xfer#980, to-check=1144/1752)
synthetic_007414/metadata.json
           1798 100%   15.88MB/s   00:00:00 (xfer#981, to-check=1145/1752)
synthetic_007414/posterior_mean.pt
         232026 100%   17.52MB/s   00:00:00 (xfer#982, to-check=1146/1752)
synthetic_007414/posterior_samples.pt
        3506176  14%    6.63MB/s   00:00:03        7438336  30%    7.31MB/s   00:00:02       11501568  47%    7.73MB/s   00:00:01       15302656  62%    7.22MB/s   00:00:01       18972672  77%    6.99MB/s   00:00:00       22773760  92%    7.23MB/s   00:00:00       24657317 100%    7.03MB/s   00:00:03 (xfer#983, to-check=1147/1752)
synthetic_007414/posterior_std.pt
         232019 100%  118.97MB/s   00:00:00 (xfer#984, to-check=1148/1752)
synthetic_007414/posterior_variance.pt
         232054 100%    9.55MB/s   00:00:00 (xfer#985, to-check=1149/1752)
synthetic_007415/
synthetic_007415/composite_mean.pt
         232026 100%    5.89MB/s   00:00:00 (xfer#986, to-check=1151/1752)
synthetic_007415/metadata.json
           1798 100%   23.43MB/s   00:00:00 (xfer#987, to-check=1152/1752)
synthetic_007415/posterior_mean.pt
         232026 100%   46.46MB/s   00:00:00 (xfer#988, to-check=1153/1752)
synthetic_007415/posterior_samples.pt
        3932160  16%    7.47MB/s   00:00:02        7995392  32%    7.49MB/s   00:00:02       12189696  49%    7.67MB/s   00:00:01       16384000  66%    7.69MB/s   00:00:01       20971520  85%    8.21MB/s   00:00:00       24657317 100%    7.72MB/s   00:00:03 (xfer#989, to-check=1154/1752)
synthetic_007415/posterior_std.pt
         232019 100%   84.56MB/s   00:00:00 (xfer#990, to-check=1155/1752)
synthetic_007415/posterior_variance.pt
         232054 100%   38.89MB/s   00:00:00 (xfer#991, to-check=1156/1752)
synthetic_007416/
synthetic_007416/composite_mean.pt
         232026 100%    5.24MB/s   00:00:00 (xfer#992, to-check=1158/1752)
synthetic_007416/metadata.json
           1798 100%   19.28MB/s   00:00:00 (xfer#993, to-check=1159/1752)
synthetic_007416/posterior_mean.pt
         232026 100%   14.17MB/s   00:00:00 (xfer#994, to-check=1160/1752)
synthetic_007416/posterior_samples.pt
        4587520  19%    8.39MB/s   00:00:02        8781824  36%    7.60MB/s   00:00:01       13369344  54%    8.32MB/s   00:00:01       18087936  73%    8.81MB/s   00:00:00       23330816  95%    9.44MB/s   00:00:00       24657317 100%    8.49MB/s   00:00:02 (xfer#995, to-check=1161/1752)
synthetic_007416/posterior_std.pt
         232019 100%  190.92MB/s   00:00:00 (xfer#996, to-check=1162/1752)
synthetic_007416/posterior_variance.pt
         232054 100%  161.18MB/s   00:00:00 (xfer#997, to-check=1163/1752)
synthetic_007417/
synthetic_007417/composite_mean.pt
         232026 100%    6.44MB/s   00:00:00 (xfer#998, to-check=1165/1752)
synthetic_007417/metadata.json
           1798 100%   26.06MB/s   00:00:00 (xfer#999, to-check=1166/1752)
synthetic_007417/posterior_mean.pt
         232026 100%   16.68MB/s   00:00:00 (xfer#1000, to-check=1167/1752)
synthetic_007417/posterior_samples.pt
        4816896  20%    9.17MB/s   00:00:02       10452992  42%   10.65MB/s   00:00:01       16089088  65%   10.75MB/s   00:00:00       22085632  90%   10.65MB/s   00:00:00       24657317 100%    9.66MB/s   00:00:02 (xfer#1001, to-check=1168/1752)
synthetic_007417/posterior_std.pt
         232019 100%  130.46MB/s   00:00:00 (xfer#1002, to-check=1169/1752)
synthetic_007417/posterior_variance.pt
         232054 100%    9.65MB/s   00:00:00 (xfer#1003, to-check=1170/1752)
synthetic_007418/
synthetic_007418/composite_mean.pt
         232026 100%   21.45MB/s   00:00:00 (xfer#1004, to-check=1172/1752)
synthetic_007418/metadata.json
           1798 100%   19.49MB/s   00:00:00 (xfer#1005, to-check=1173/1752)
synthetic_007418/posterior_mean.pt
         232026 100%    4.40MB/s   00:00:00 (xfer#1006, to-check=1174/1752)
synthetic_007418/posterior_samples.pt
        5144576  21%    9.71MB/s   00:00:01       10125312  41%    9.37MB/s   00:00:01       15499264  63%   10.03MB/s   00:00:00       21266432  86%   10.81MB/s   00:00:00       24657317 100%    9.97MB/s   00:00:02 (xfer#1007, to-check=1175/1752)
synthetic_007418/posterior_std.pt
         232019 100%  127.24MB/s   00:00:00 (xfer#1008, to-check=1176/1752)
synthetic_007418/posterior_variance.pt
         232054 100%  200.61MB/s   00:00:00 (xfer#1009, to-check=1177/1752)
synthetic_007419/
synthetic_007419/composite_mean.pt
         232026 100%    7.12MB/s   00:00:00 (xfer#1010, to-check=1179/1752)
synthetic_007419/metadata.json
           1798 100%   33.61MB/s   00:00:00 (xfer#1011, to-check=1180/1752)
synthetic_007419/posterior_mean.pt
         232026 100%   21.85MB/s   00:00:00 (xfer#1012, to-check=1181/1752)
synthetic_007419/posterior_samples.pt
        5931008  24%   11.24MB/s   00:00:01       11763712  48%   11.12MB/s   00:00:01       18120704  73%   12.10MB/s   00:00:00       24412160  99%   11.72MB/s   00:00:00       24657317 100%   11.36MB/s   00:00:02 (xfer#1013, to-check=1182/1752)
synthetic_007419/posterior_std.pt
         232019 100%  112.55MB/s   00:00:00 (xfer#1014, to-check=1183/1752)
synthetic_007419/posterior_variance.pt
         232054 100%  264.75MB/s   00:00:00 (xfer#1015, to-check=1184/1752)
synthetic_007420/
synthetic_007420/composite_mean.pt
         232026 100%   13.12MB/s   00:00:00 (xfer#1016, to-check=1186/1752)
synthetic_007420/metadata.json
           1797 100%   39.71MB/s   00:00:00 (xfer#1017, to-check=1187/1752)
synthetic_007420/posterior_mean.pt
         232026 100%   11.49MB/s   00:00:00 (xfer#1018, to-check=1188/1752)
synthetic_007420/posterior_samples.pt
        6651904  27%   12.40MB/s   00:00:01       13139968  53%   12.03MB/s   00:00:00       16908288  69%    7.13MB/s   00:00:01       21626880  88%    8.46MB/s   00:00:00       24657317 100%    9.83MB/s   00:00:02 (xfer#1019, to-check=1189/1752)
synthetic_007420/posterior_std.pt
         232019 100%  193.27MB/s   00:00:00 (xfer#1020, to-check=1190/1752)
synthetic_007420/posterior_variance.pt
         232054 100%  135.09MB/s   00:00:00 (xfer#1021, to-check=1191/1752)
synthetic_007421/
synthetic_007421/composite_mean.pt
         232026 100%    7.33MB/s   00:00:00 (xfer#1022, to-check=1193/1752)
synthetic_007421/metadata.json
           1798 100%   37.26MB/s   00:00:00 (xfer#1023, to-check=1194/1752)
synthetic_007421/posterior_mean.pt
         232026 100%   14.21MB/s   00:00:00 (xfer#1024, to-check=1195/1752)
synthetic_007421/posterior_samples.pt
        5111808  21%    9.56MB/s   00:00:01       10092544  41%    9.49MB/s   00:00:01       15335424  62%    9.95MB/s   00:00:00       20709376  84%   10.03MB/s   00:00:00       24657317 100%    9.68MB/s   00:00:02 (xfer#1025, to-check=1196/1752)
synthetic_007421/posterior_std.pt
         232019 100%  174.78MB/s   00:00:00 (xfer#1026, to-check=1197/1752)
synthetic_007421/posterior_variance.pt
         232054 100%    7.34MB/s   00:00:00 (xfer#1027, to-check=1198/1752)
synthetic_007422/
synthetic_007422/composite_mean.pt
         232026 100%   26.04MB/s   00:00:00 (xfer#1028, to-check=1200/1752)
synthetic_007422/metadata.json
           1797 100%   30.08MB/s   00:00:00 (xfer#1029, to-check=1201/1752)
synthetic_007422/posterior_mean.pt
         232026 100%   31.73MB/s   00:00:00 (xfer#1030, to-check=1202/1752)
synthetic_007422/posterior_samples.pt
        4423680  18%    8.20MB/s   00:00:02        9928704  40%   10.36MB/s   00:00:01       15106048  61%    9.87MB/s   00:00:00       20414464  83%    9.89MB/s   00:00:00       24657317 100%    9.65MB/s   00:00:02 (xfer#1031, to-check=1203/1752)
synthetic_007422/posterior_std.pt
         232019 100%  102.39MB/s   00:00:00 (xfer#1032, to-check=1204/1752)
synthetic_007422/posterior_variance.pt
         232054 100%    7.82MB/s   00:00:00 (xfer#1033, to-check=1205/1752)
synthetic_007423/
synthetic_007423/composite_mean.pt
         232026 100%   45.98MB/s   00:00:00 (xfer#1034, to-check=1207/1752)
synthetic_007423/metadata.json
           1798 100%   41.81MB/s   00:00:00 (xfer#1035, to-check=1208/1752)
synthetic_007423/posterior_mean.pt
         232026 100%    7.55MB/s   00:00:00 (xfer#1036, to-check=1209/1752)
synthetic_007423/posterior_samples.pt
        4521984  18%    8.59MB/s   00:00:02       10158080  41%   10.68MB/s   00:00:01       15630336  63%   10.07MB/s   00:00:00       18939904  77%    5.92MB/s   00:00:00       23396352  95%    8.09MB/s   00:00:00       24657317 100%    8.56MB/s   00:00:02 (xfer#1037, to-check=1210/1752)
synthetic_007423/posterior_std.pt
         232019 100%   92.89MB/s   00:00:00 (xfer#1038, to-check=1211/1752)
synthetic_007423/posterior_variance.pt
         232054 100%   13.30MB/s   00:00:00 (xfer#1039, to-check=1212/1752)
synthetic_007424/
synthetic_007424/composite_mean.pt
         232026 100%   31.86MB/s   00:00:00 (xfer#1040, to-check=1214/1752)
synthetic_007424/metadata.json
           1798 100%   28.54MB/s   00:00:00 (xfer#1041, to-check=1215/1752)
synthetic_007424/posterior_mean.pt
         232026 100%    4.66MB/s   00:00:00 (xfer#1042, to-check=1216/1752)
synthetic_007424/posterior_samples.pt
        4882432  20%    8.70MB/s   00:00:02        9207808  37%    7.89MB/s   00:00:01       13795328  56%    8.72MB/s   00:00:01       18120704  73%    7.52MB/s   00:00:00       22839296  93%    8.77MB/s   00:00:00       24657317 100%    8.29MB/s   00:00:02 (xfer#1043, to-check=1217/1752)
synthetic_007424/posterior_std.pt
         232019 100%  107.99MB/s   00:00:00 (xfer#1044, to-check=1218/1752)
synthetic_007424/posterior_variance.pt
         232054 100%  200.26MB/s   00:00:00 (xfer#1045, to-check=1219/1752)
synthetic_007425/
synthetic_007425/composite_mean.pt
         232026 100%   11.26MB/s   00:00:00 (xfer#1046, to-check=1221/1752)
synthetic_007425/metadata.json
           1798 100%   23.81MB/s   00:00:00 (xfer#1047, to-check=1222/1752)
synthetic_007425/posterior_mean.pt
         232026 100%    7.07MB/s   00:00:00 (xfer#1048, to-check=1223/1752)
synthetic_007425/posterior_samples.pt
        1310720   5%    2.38MB/s   00:00:09        4816896  20%    6.69MB/s   00:00:02        8388608  34%    6.77MB/s   00:00:02       12582912  51%    7.16MB/s   00:00:01       14581760  59%    3.70MB/s   00:00:02       16678912  68%    3.81MB/s   00:00:01       19169280  78%    4.40MB/s   00:00:01       21790720  88%    4.52MB/s   00:00:00       24281088  98%    4.61MB/s   00:00:00       24657317 100%    4.86MB/s   00:00:04 (xfer#1049, to-check=1224/1752)
synthetic_007425/posterior_std.pt
         232019 100%    5.52MB/s   00:00:00 (xfer#1050, to-check=1225/1752)
synthetic_007425/posterior_variance.pt
         232054 100%   10.79MB/s   00:00:00 (xfer#1051, to-check=1226/1752)
synthetic_007426/
synthetic_007426/composite_mean.pt
         232026 100%    4.78MB/s   00:00:00 (xfer#1052, to-check=1228/1752)
synthetic_007426/metadata.json
           1797 100%   19.07MB/s   00:00:00 (xfer#1053, to-check=1229/1752)
synthetic_007426/posterior_mean.pt
         232026 100%    4.03MB/s   00:00:00 (xfer#1054, to-check=1230/1752)
synthetic_007426/posterior_samples.pt
        2457600  10%    4.53MB/s   00:00:04        4947968  20%    4.51MB/s   00:00:04        7569408  31%    4.77MB/s   00:00:03       10190848  41%    4.76MB/s   00:00:02       12943360  52%    5.11MB/s   00:00:02       14647296  59%    3.11MB/s   00:00:03       17137664  70%    4.44MB/s   00:00:01       19496960  79%    4.11MB/s   00:00:01       22118400  90%    4.64MB/s   00:00:00       24657317 100%    4.47MB/s   00:00:05 (xfer#1055, to-check=1231/1752)
synthetic_007426/posterior_std.pt
         232019 100%   15.41MB/s   00:00:00 (xfer#1056, to-check=1232/1752)
synthetic_007426/posterior_variance.pt
         232054 100%    3.82MB/s   00:00:00 (xfer#1057, to-check=1233/1752)
synthetic_007427/
synthetic_007427/composite_mean.pt
         232026 100%    3.84MB/s   00:00:00 (xfer#1058, to-check=1235/1752)
synthetic_007427/metadata.json
           1797 100%    5.24MB/s   00:00:00 (xfer#1059, to-check=1236/1752)
synthetic_007427/posterior_mean.pt
         232026 100%   37.03MB/s   00:00:00 (xfer#1060, to-check=1237/1752)
synthetic_007427/posterior_samples.pt
        2490368  10%    4.69MB/s   00:00:04        5242880  21%    5.17MB/s   00:00:03        7995392  32%    5.21MB/s   00:00:03       10878976  44%    5.25MB/s   00:00:02       13631488  55%    5.23MB/s   00:00:02       16252928  66%    4.86MB/s   00:00:01       19005440  77%    5.20MB/s   00:00:01       21889024  89%    5.16MB/s   00:00:00       24657317 100%    5.10MB/s   00:00:04 (xfer#1061, to-check=1238/1752)
synthetic_007427/posterior_std.pt
         232019 100%   19.14MB/s   00:00:00 (xfer#1062, to-check=1239/1752)
synthetic_007427/posterior_variance.pt
         232054 100%    4.12MB/s   00:00:00 (xfer#1063, to-check=1240/1752)
synthetic_007428/
synthetic_007428/composite_mean.pt
         232026 100%   30.93MB/s   00:00:00 (xfer#1064, to-check=1242/1752)
synthetic_007428/metadata.json
           1796 100%   20.41MB/s   00:00:00 (xfer#1065, to-check=1243/1752)
synthetic_007428/posterior_mean.pt
         232026 100%    3.88MB/s   00:00:00 (xfer#1066, to-check=1244/1752)
synthetic_007428/posterior_samples.pt
        2883584  12%    5.38MB/s   00:00:03        5767168  23%    5.16MB/s   00:00:03        8912896  36%    5.98MB/s   00:00:02       12058624  49%    5.95MB/s   00:00:02       15335424  62%    6.08MB/s   00:00:01       17956864  73%    5.00MB/s   00:00:01       21102592  86%    5.87MB/s   00:00:00       24641536 100%    6.66MB/s   00:00:00       24657317 100%    5.71MB/s   00:00:04 (xfer#1067, to-check=1245/1752)
synthetic_007428/posterior_std.pt
         232019 100%  116.39MB/s   00:00:00 (xfer#1068, to-check=1246/1752)
synthetic_007428/posterior_variance.pt
         232054 100%    5.87MB/s   00:00:00 (xfer#1069, to-check=1247/1752)
synthetic_007429/
synthetic_007429/composite_mean.pt
         232026 100%   26.07MB/s   00:00:00 (xfer#1070, to-check=1249/1752)
synthetic_007429/metadata.json
           1795 100%   23.77MB/s   00:00:00 (xfer#1071, to-check=1250/1752)
synthetic_007429/posterior_mean.pt
         232026 100%    4.90MB/s   00:00:00 (xfer#1072, to-check=1251/1752)
synthetic_007429/posterior_samples.pt
        3768320  15%    7.14MB/s   00:00:02        7438336  30%    6.97MB/s   00:00:02       11632640  47%    7.86MB/s   00:00:01       16089088  65%    8.38MB/s   00:00:00       21200896  86%    9.36MB/s   00:00:00       24657317 100%    8.12MB/s   00:00:02 (xfer#1073, to-check=1252/1752)
synthetic_007429/posterior_std.pt
         232019 100%   85.96MB/s   00:00:00 (xfer#1074, to-check=1253/1752)
synthetic_007429/posterior_variance.pt
         232054 100%   12.71MB/s   00:00:00 (xfer#1075, to-check=1254/1752)
synthetic_007430/
synthetic_007430/composite_mean.pt
         232026 100%   17.01MB/s   00:00:00 (xfer#1076, to-check=1256/1752)
synthetic_007430/metadata.json
           1795 100%   27.20MB/s   00:00:00 (xfer#1077, to-check=1257/1752)
synthetic_007430/posterior_mean.pt
         232026 100%    8.75MB/s   00:00:00 (xfer#1078, to-check=1258/1752)
synthetic_007430/posterior_samples.pt
        5668864  23%   10.64MB/s   00:00:01       11829248  48%   11.60MB/s   00:00:01       18776064  76%   13.16MB/s   00:00:00       24657317 100%   11.75MB/s   00:00:02 (xfer#1079, to-check=1259/1752)
synthetic_007430/posterior_std.pt
         232019 100%  179.89MB/s   00:00:00 (xfer#1080, to-check=1260/1752)
synthetic_007430/posterior_variance.pt
         232054 100%  268.19MB/s   00:00:00 (xfer#1081, to-check=1261/1752)
synthetic_007431/
synthetic_007431/composite_mean.pt
         232026 100%   16.09MB/s   00:00:00 (xfer#1082, to-check=1263/1752)
synthetic_007431/metadata.json
           1796 100%   44.07MB/s   00:00:00 (xfer#1083, to-check=1264/1752)
synthetic_007431/posterior_mean.pt
         232026 100%    7.25MB/s   00:00:00 (xfer#1084, to-check=1265/1752)
synthetic_007431/posterior_samples.pt
        7405568  30%   13.91MB/s   00:00:01       14188544  58%   12.94MB/s   00:00:00       20905984  85%   12.66MB/s   00:00:00       24657317 100%   12.86MB/s   00:00:01 (xfer#1085, to-check=1266/1752)
synthetic_007431/posterior_std.pt
         232019 100%  111.31MB/s   00:00:00 (xfer#1086, to-check=1267/1752)
synthetic_007431/posterior_variance.pt
         232054 100%  242.35MB/s   00:00:00 (xfer#1087, to-check=1268/1752)
synthetic_007432/
synthetic_007432/composite_mean.pt
         232026 100%    2.25MB/s   00:00:00 (xfer#1088, to-check=1270/1752)
synthetic_007432/metadata.json
           1795 100%    7.71MB/s   00:00:00 (xfer#1089, to-check=1271/1752)
synthetic_007432/posterior_mean.pt
         232026 100%  122.25MB/s   00:00:00 (xfer#1090, to-check=1272/1752)
synthetic_007432/posterior_samples.pt
        5537792  22%   10.30MB/s   00:00:01       12746752  52%   13.54MB/s   00:00:00       19431424  79%   12.71MB/s   00:00:00       24657317 100%   11.90MB/s   00:00:01 (xfer#1091, to-check=1273/1752)
synthetic_007432/posterior_std.pt
         232019 100%   34.61MB/s   00:00:00 (xfer#1092, to-check=1274/1752)
synthetic_007432/posterior_variance.pt
         232054 100%   43.42MB/s   00:00:00 (xfer#1093, to-check=1275/1752)
synthetic_007433/
synthetic_007433/composite_mean.pt
         232026 100%   22.52MB/s   00:00:00 (xfer#1094, to-check=1277/1752)
synthetic_007433/metadata.json
           1797 100%   29.10MB/s   00:00:00 (xfer#1095, to-check=1278/1752)
synthetic_007433/posterior_mean.pt
         232026 100%   23.57MB/s   00:00:00 (xfer#1096, to-check=1279/1752)
synthetic_007433/posterior_samples.pt
        5603328  23%   10.37MB/s   00:00:01       10911744  44%    9.67MB/s   00:00:01       17989632  73%   13.26MB/s   00:00:00       24657317 100%   11.50MB/s   00:00:02 (xfer#1097, to-check=1280/1752)
synthetic_007433/posterior_std.pt
         232019 100%  109.38MB/s   00:00:00 (xfer#1098, to-check=1281/1752)
synthetic_007433/posterior_variance.pt
         232054 100%   67.95MB/s   00:00:00 (xfer#1099, to-check=1282/1752)
synthetic_007434/
synthetic_007434/composite_mean.pt
         232026 100%    8.58MB/s   00:00:00 (xfer#1100, to-check=1284/1752)
synthetic_007434/metadata.json
           1795 100%   44.88MB/s   00:00:00 (xfer#1101, to-check=1285/1752)
synthetic_007434/posterior_mean.pt
         232026 100%   27.16MB/s   00:00:00 (xfer#1102, to-check=1286/1752)
synthetic_007434/posterior_samples.pt
        6815744  28%   12.66MB/s   00:00:01       13631488  55%   12.86MB/s   00:00:00       20447232  83%   12.70MB/s   00:00:00       24657317 100%   12.12MB/s   00:00:01 (xfer#1103, to-check=1287/1752)
synthetic_007434/posterior_std.pt
         232019 100%  104.67MB/s   00:00:00 (xfer#1104, to-check=1288/1752)
synthetic_007434/posterior_variance.pt
         232054 100%  336.31MB/s   00:00:00 (xfer#1105, to-check=1289/1752)
synthetic_007435/
synthetic_007435/composite_mean.pt
         232026 100%  248.89MB/s   00:00:00 (xfer#1106, to-check=1291/1752)
synthetic_007435/metadata.json
           1797 100%   40.61MB/s   00:00:00 (xfer#1107, to-check=1292/1752)
synthetic_007435/posterior_mean.pt
         232026 100%  340.96MB/s   00:00:00 (xfer#1108, to-check=1293/1752)
synthetic_007435/posterior_samples.pt
        4980736  20%    9.23MB/s   00:00:02       10682368  43%   10.87MB/s   00:00:01       16252928  66%   10.44MB/s   00:00:00       22413312  91%   11.20MB/s   00:00:00       24657317 100%   10.13MB/s   00:00:02 (xfer#1109, to-check=1294/1752)
synthetic_007435/posterior_std.pt
         232019 100%    2.57MB/s   00:00:00 (xfer#1110, to-check=1295/1752)
synthetic_007435/posterior_variance.pt
         232054 100%    3.15MB/s   00:00:00 (xfer#1111, to-check=1296/1752)
synthetic_007436/
synthetic_007436/composite_mean.pt
         232026 100%   64.57MB/s   00:00:00 (xfer#1112, to-check=1298/1752)
synthetic_007436/metadata.json
           1798 100%    8.13MB/s   00:00:00 (xfer#1113, to-check=1299/1752)
synthetic_007436/posterior_mean.pt
         232026 100%   75.91MB/s   00:00:00 (xfer#1114, to-check=1300/1752)
synthetic_007436/posterior_samples.pt
        3735552  15%    6.99MB/s   00:00:02        8585216  35%    9.23MB/s   00:00:01       13434880  54%    9.25MB/s   00:00:01       18284544  74%    9.24MB/s   00:00:00       23527424  95%    9.74MB/s   00:00:00       24657317 100%    8.73MB/s   00:00:02 (xfer#1115, to-check=1301/1752)
synthetic_007436/posterior_std.pt
         232019 100%  185.62MB/s   00:00:00 (xfer#1116, to-check=1302/1752)
synthetic_007436/posterior_variance.pt
         232054 100%  246.15MB/s   00:00:00 (xfer#1117, to-check=1303/1752)
synthetic_007437/
synthetic_007437/composite_mean.pt
         232026 100%    9.31MB/s   00:00:00 (xfer#1118, to-check=1305/1752)
synthetic_007437/metadata.json
           1797 100%   25.13MB/s   00:00:00 (xfer#1119, to-check=1306/1752)
synthetic_007437/posterior_mean.pt
         232026 100%    8.21MB/s   00:00:00 (xfer#1120, to-check=1307/1752)
synthetic_007437/posterior_samples.pt
        4849664  20%    9.07MB/s   00:00:02        9699328  39%    9.09MB/s   00:00:01       14712832  60%    9.37MB/s   00:00:01       17170432  70%    4.65MB/s   00:00:01       20054016  81%    5.29MB/s   00:00:00       23068672  94%    5.53MB/s   00:00:00       24657317 100%    7.01MB/s   00:00:03 (xfer#1121, to-check=1308/1752)
synthetic_007437/posterior_std.pt
         232019 100%   15.29MB/s   00:00:00 (xfer#1122, to-check=1309/1752)
synthetic_007437/posterior_variance.pt
         232054 100%    8.88MB/s   00:00:00 (xfer#1123, to-check=1310/1752)
synthetic_007438/
synthetic_007438/composite_mean.pt
         232026 100%    6.66MB/s   00:00:00 (xfer#1124, to-check=1312/1752)
synthetic_007438/metadata.json
           1797 100%   10.31MB/s   00:00:00 (xfer#1125, to-check=1313/1752)
synthetic_007438/posterior_mean.pt
         232026 100%    7.81MB/s   00:00:00 (xfer#1126, to-check=1314/1752)
synthetic_007438/posterior_samples.pt
        2785280  11%    5.25MB/s   00:00:03        5931008  24%    5.94MB/s   00:00:03        8945664  36%    5.65MB/s   00:00:02       12091392  49%    5.83MB/s   00:00:02       15630336  63%    6.30MB/s   00:00:01       19169280  78%    6.20MB/s   00:00:00       22708224  92%    6.26MB/s   00:00:00       24657317 100%    5.94MB/s   00:00:03 (xfer#1127, to-check=1315/1752)
synthetic_007438/posterior_std.pt
         232019 100%    7.40MB/s   00:00:00 (xfer#1128, to-check=1316/1752)
synthetic_007438/posterior_variance.pt
         232054 100%   53.10MB/s   00:00:00 (xfer#1129, to-check=1317/1752)
synthetic_007439/
synthetic_007439/composite_mean.pt
         232026 100%    4.14MB/s   00:00:00 (xfer#1130, to-check=1319/1752)
synthetic_007439/metadata.json
           1799 100%   12.18MB/s   00:00:00 (xfer#1131, to-check=1320/1752)
synthetic_007439/posterior_mean.pt
         232026 100%    5.81MB/s   00:00:00 (xfer#1132, to-check=1321/1752)
synthetic_007439/posterior_samples.pt
        3538944  14%    6.63MB/s   00:00:03        7077888  29%    6.68MB/s   00:00:02       10747904  44%    6.98MB/s   00:00:01       14680064  60%    7.27MB/s   00:00:01       18350080  74%    6.69MB/s   00:00:00       21757952  88%    6.30MB/s   00:00:00       24657317 100%    6.80MB/s   00:00:03 (xfer#1133, to-check=1322/1752)
synthetic_007439/posterior_std.pt
         232019 100%   13.22MB/s   00:00:00 (xfer#1134, to-check=1323/1752)
synthetic_007439/posterior_variance.pt
         232054 100%   29.43MB/s   00:00:00 (xfer#1135, to-check=1324/1752)
synthetic_007440/
synthetic_007440/composite_mean.pt
         232026 100%    4.27MB/s   00:00:00 (xfer#1136, to-check=1326/1752)
synthetic_007440/metadata.json
           1796 100%   16.48MB/s   00:00:00 (xfer#1137, to-check=1327/1752)
synthetic_007440/posterior_mean.pt
         232026 100%   15.62MB/s   00:00:00 (xfer#1138, to-check=1328/1752)
synthetic_007440/posterior_samples.pt
        3997696  16%    7.10MB/s   00:00:02        8060928  33%    7.63MB/s   00:00:02       12255232  50%    7.81MB/s   00:00:01       15302656  62%    5.69MB/s   00:00:01       18579456  75%    6.11MB/s   00:00:00       22118400  90%    6.51MB/s   00:00:00       24657317 100%    6.80MB/s   00:00:03 (xfer#1139, to-check=1329/1752)
synthetic_007440/posterior_std.pt
         232019 100%  150.42MB/s   00:00:00 (xfer#1140, to-check=1330/1752)
synthetic_007440/posterior_variance.pt
         232054 100%    8.61MB/s   00:00:00 (xfer#1141, to-check=1331/1752)
synthetic_007441/
synthetic_007441/composite_mean.pt
         232026 100%    9.01MB/s   00:00:00 (xfer#1142, to-check=1333/1752)
synthetic_007441/metadata.json
           1798 100%   17.89MB/s   00:00:00 (xfer#1143, to-check=1334/1752)
synthetic_007441/posterior_mean.pt
         232026 100%    6.35MB/s   00:00:00 (xfer#1144, to-check=1335/1752)
synthetic_007441/posterior_samples.pt
        3866624  16%    6.95MB/s   00:00:02        7372800  30%    6.30MB/s   00:00:02        9994240  41%    4.60MB/s   00:00:03       13271040  54%    6.07MB/s   00:00:01       16416768  67%    5.96MB/s   00:00:01       19824640  80%    6.30MB/s   00:00:00       22970368  93%    5.94MB/s   00:00:00       24657317 100%    5.93MB/s   00:00:03 (xfer#1145, to-check=1336/1752)
synthetic_007441/posterior_std.pt
         232019 100%   25.92MB/s   00:00:00 (xfer#1146, to-check=1337/1752)
synthetic_007441/posterior_variance.pt
         232054 100%   26.46MB/s   00:00:00 (xfer#1147, to-check=1338/1752)
synthetic_007442/
synthetic_007442/composite_mean.pt
         232026 100%    4.59MB/s   00:00:00 (xfer#1148, to-check=1340/1752)
synthetic_007442/metadata.json
           1797 100%   19.07MB/s   00:00:00 (xfer#1149, to-check=1341/1752)
synthetic_007442/posterior_mean.pt
         232026 100%    5.18MB/s   00:00:00 (xfer#1150, to-check=1342/1752)
synthetic_007442/posterior_samples.pt
        3538944  14%    6.43MB/s   00:00:03        6946816  28%    6.38MB/s   00:00:02       10485760  43%    6.71MB/s   00:00:02       13238272  54%    5.22MB/s   00:00:02       16646144  68%    6.43MB/s   00:00:01       20185088  82%    6.56MB/s   00:00:00       23855104  97%    7.00MB/s   00:00:00       24657317 100%    6.35MB/s   00:00:03 (xfer#1151, to-check=1343/1752)
synthetic_007442/posterior_std.pt
         232019 100%  130.62MB/s   00:00:00 (xfer#1152, to-check=1344/1752)
synthetic_007442/posterior_variance.pt
         232054 100%    6.98MB/s   00:00:00 (xfer#1153, to-check=1345/1752)
synthetic_007443/
synthetic_007443/composite_mean.pt
         232026 100%   30.94MB/s   00:00:00 (xfer#1154, to-check=1347/1752)
synthetic_007443/metadata.json
           1798 100%   25.96MB/s   00:00:00 (xfer#1155, to-check=1348/1752)
synthetic_007443/posterior_mean.pt
         232026 100%    5.18MB/s   00:00:00 (xfer#1156, to-check=1349/1752)
synthetic_007443/posterior_samples.pt
        3932160  16%    7.16MB/s   00:00:02        7864320  32%    6.93MB/s   00:00:02       11796480  48%    7.04MB/s   00:00:01       16121856  65%    8.23MB/s   00:00:00       20185088  82%    7.62MB/s   00:00:00       24215552  98%    7.69MB/s   00:00:00       24657317 100%    7.34MB/s   00:00:03 (xfer#1157, to-check=1350/1752)
synthetic_007443/posterior_std.pt
         232019 100%  117.51MB/s   00:00:00 (xfer#1158, to-check=1351/1752)
synthetic_007443/posterior_variance.pt
         232054 100%    6.92MB/s   00:00:00 (xfer#1159, to-check=1352/1752)
synthetic_007444/
synthetic_007444/composite_mean.pt
         232026 100%   20.13MB/s   00:00:00 (xfer#1160, to-check=1354/1752)
synthetic_007444/metadata.json
           1798 100%   25.96MB/s   00:00:00 (xfer#1161, to-check=1355/1752)
synthetic_007444/posterior_mean.pt
         232026 100%    4.30MB/s   00:00:00 (xfer#1162, to-check=1356/1752)
synthetic_007444/posterior_samples.pt
        4325376  18%    7.88MB/s   00:00:02        8683520  35%    8.31MB/s   00:00:01       13107200  53%    8.33MB/s   00:00:01       17694720  72%    8.33MB/s   00:00:00       21004288  85%    6.08MB/s   00:00:00       24657317 100%    7.61MB/s   00:00:03 (xfer#1163, to-check=1357/1752)
synthetic_007444/posterior_std.pt
         232019 100%   11.93MB/s   00:00:00 (xfer#1164, to-check=1358/1752)
synthetic_007444/posterior_variance.pt
         232054 100%   62.51MB/s   00:00:00 (xfer#1165, to-check=1359/1752)
synthetic_007445/
synthetic_007445/composite_mean.pt
         232026 100%    4.35MB/s   00:00:00 (xfer#1166, to-check=1361/1752)
synthetic_007445/metadata.json
           1797 100%   18.82MB/s   00:00:00 (xfer#1167, to-check=1362/1752)
synthetic_007445/posterior_mean.pt
         232026 100%   21.11MB/s   00:00:00 (xfer#1168, to-check=1363/1752)
synthetic_007445/posterior_samples.pt
        4128768  17%    7.36MB/s   00:00:02        6717440  27%    4.65MB/s   00:00:03        9469952  38%    4.65MB/s   00:00:03       12746752  52%    6.06MB/s   00:00:01       16285696  66%    6.28MB/s   00:00:01       19693568  80%    6.25MB/s   00:00:00       23494656  95%    6.91MB/s   00:00:00       24657317 100%    6.03MB/s   00:00:03 (xfer#1169, to-check=1364/1752)
synthetic_007445/posterior_std.pt
         232019 100%   29.80MB/s   00:00:00 (xfer#1170, to-check=1365/1752)
synthetic_007445/posterior_variance.pt
         232054 100%   24.30MB/s   00:00:00 (xfer#1171, to-check=1366/1752)
synthetic_007446/
synthetic_007446/composite_mean.pt
         232026 100%    4.56MB/s   00:00:00 (xfer#1172, to-check=1368/1752)
synthetic_007446/metadata.json
           1797 100%   23.80MB/s   00:00:00 (xfer#1173, to-check=1369/1752)
synthetic_007446/posterior_mean.pt
         232026 100%    4.41MB/s   00:00:00 (xfer#1174, to-check=1370/1752)
synthetic_007446/posterior_samples.pt
        3997696  16%    7.12MB/s   00:00:02        7798784  32%    7.04MB/s   00:00:02       11468800  47%    6.74MB/s   00:00:01       15007744  61%    6.35MB/s   00:00:01       18677760  76%    6.89MB/s   00:00:00       22216704  90%    6.74MB/s   00:00:00       24657317 100%    6.76MB/s   00:00:03 (xfer#1175, to-check=1371/1752)
synthetic_007446/posterior_std.pt
         232019 100%  135.25MB/s   00:00:00 (xfer#1176, to-check=1372/1752)
synthetic_007446/posterior_variance.pt
         232054 100%    8.25MB/s   00:00:00 (xfer#1177, to-check=1373/1752)
synthetic_007447/
synthetic_007447/composite_mean.pt
         232026 100%   11.03MB/s   00:00:00 (xfer#1178, to-check=1375/1752)
synthetic_007447/metadata.json
           1798 100%   21.99MB/s   00:00:00 (xfer#1179, to-check=1376/1752)
synthetic_007447/posterior_mean.pt
         232026 100%    5.10MB/s   00:00:00 (xfer#1180, to-check=1377/1752)
synthetic_007447/posterior_samples.pt
        4194304  17%    7.57MB/s   00:00:02        8257536  33%    7.72MB/s   00:00:02       12451840  50%    7.96MB/s   00:00:01       16252928  66%    7.08MB/s   00:00:01       20578304  83%    8.24MB/s   00:00:00       24641536 100%    7.69MB/s   00:00:00       24657317 100%    7.61MB/s   00:00:03 (xfer#1181, to-check=1378/1752)
synthetic_007447/posterior_std.pt
         232019 100%  112.71MB/s   00:00:00 (xfer#1182, to-check=1379/1752)
synthetic_007447/posterior_variance.pt
         232054 100%   12.52MB/s   00:00:00 (xfer#1183, to-check=1380/1752)
synthetic_007448/
synthetic_007448/composite_mean.pt
         232026 100%   33.35MB/s   00:00:00 (xfer#1184, to-check=1382/1752)
synthetic_007448/metadata.json
           1796 100%   28.51MB/s   00:00:00 (xfer#1185, to-check=1383/1752)
synthetic_007448/posterior_mean.pt
         232026 100%    4.61MB/s   00:00:00 (xfer#1186, to-check=1384/1752)
synthetic_007448/posterior_samples.pt
        4358144  18%    8.20MB/s   00:00:02        8421376  34%    7.59MB/s   00:00:02       13008896  53%    8.30MB/s   00:00:01       17858560  72%    8.91MB/s   00:00:00       22446080  91%    7.54MB/s   00:00:00       24657317 100%    8.17MB/s   00:00:02 (xfer#1187, to-check=1385/1752)
synthetic_007448/posterior_std.pt
         232019 100%   92.78MB/s   00:00:00 (xfer#1188, to-check=1386/1752)
synthetic_007448/posterior_variance.pt
         232054 100%   62.25MB/s   00:00:00 (xfer#1189, to-check=1387/1752)
synthetic_007449/
synthetic_007449/composite_mean.pt
         232026 100%   14.21MB/s   00:00:00 (xfer#1190, to-check=1389/1752)
synthetic_007449/metadata.json
           1797 100%   28.98MB/s   00:00:00 (xfer#1191, to-check=1390/1752)
synthetic_007449/posterior_mean.pt
         232026 100%    9.02MB/s   00:00:00 (xfer#1192, to-check=1391/1752)
synthetic_007449/posterior_samples.pt
        5767168  23%   10.85MB/s   00:00:01       11796480  48%   11.46MB/s   00:00:01       17956864  73%   11.46MB/s   00:00:00       24248320  98%   11.77MB/s   00:00:00       24657317 100%   11.33MB/s   00:00:02 (xfer#1193, to-check=1392/1752)
synthetic_007449/posterior_std.pt
         232019 100%  107.42MB/s   00:00:00 (xfer#1194, to-check=1393/1752)
synthetic_007449/posterior_variance.pt
         232054 100%  265.05MB/s   00:00:00 (xfer#1195, to-check=1394/1752)
synthetic_007450/
synthetic_007450/composite_mean.pt
         232026 100%   12.88MB/s   00:00:00 (xfer#1196, to-check=1396/1752)
synthetic_007450/metadata.json
           1797 100%   31.25MB/s   00:00:00 (xfer#1197, to-check=1397/1752)
synthetic_007450/posterior_mean.pt
         232026 100%   15.83MB/s   00:00:00 (xfer#1198, to-check=1398/1752)
synthetic_007450/posterior_samples.pt
        7241728  29%   13.63MB/s   00:00:01       13926400  56%   12.74MB/s   00:00:00       20742144  84%   12.85MB/s   00:00:00       24657317 100%   12.81MB/s   00:00:01 (xfer#1199, to-check=1399/1752)
synthetic_007450/posterior_std.pt
         232019 100%   94.89MB/s   00:00:00 (xfer#1200, to-check=1400/1752)
synthetic_007450/posterior_variance.pt
         232054 100%  241.35MB/s   00:00:00 (xfer#1201, to-check=1401/1752)
synthetic_007451/
synthetic_007451/composite_mean.pt
         232026 100%   13.20MB/s   00:00:00 (xfer#1202, to-check=1403/1752)
synthetic_007451/metadata.json
           1798 100%   26.34MB/s   00:00:00 (xfer#1203, to-check=1404/1752)
synthetic_007451/posterior_mean.pt
         232026 100%   11.87MB/s   00:00:00 (xfer#1204, to-check=1405/1752)
synthetic_007451/posterior_samples.pt
        5931008  24%   11.28MB/s   00:00:01       10780672  44%    9.07MB/s   00:00:01       18251776  74%   14.24MB/s   00:00:00       24657317 100%   11.58MB/s   00:00:02 (xfer#1205, to-check=1406/1752)
synthetic_007451/posterior_std.pt
         232019 100%   80.37MB/s   00:00:00 (xfer#1206, to-check=1407/1752)
synthetic_007451/posterior_variance.pt
         232054 100%  164.17MB/s   00:00:00 (xfer#1207, to-check=1408/1752)
synthetic_007452/
synthetic_007452/composite_mean.pt
         232026 100%   38.15MB/s   00:00:00 (xfer#1208, to-check=1410/1752)
synthetic_007452/metadata.json
           1798 100%   31.68MB/s   00:00:00 (xfer#1209, to-check=1411/1752)
synthetic_007452/posterior_mean.pt
         232026 100%   10.13MB/s   00:00:00 (xfer#1210, to-check=1412/1752)
synthetic_007452/posterior_samples.pt
        5308416  22%   10.10MB/s   00:00:01       11993088  49%   12.38MB/s   00:00:00       18939904  77%   12.76MB/s   00:00:00       24657317 100%   11.46MB/s   00:00:02 (xfer#1211, to-check=1413/1752)
synthetic_007452/posterior_std.pt
         232019 100%  120.39MB/s   00:00:00 (xfer#1212, to-check=1414/1752)
synthetic_007452/posterior_variance.pt
         232054 100%   22.08MB/s   00:00:00 (xfer#1213, to-check=1415/1752)
synthetic_007453/
synthetic_007453/composite_mean.pt
         232026 100%   22.65MB/s   00:00:00 (xfer#1214, to-check=1417/1752)
synthetic_007453/metadata.json
           1797 100%   24.45MB/s   00:00:00 (xfer#1215, to-check=1418/1752)
synthetic_007453/posterior_mean.pt
         232026 100%   15.20MB/s   00:00:00 (xfer#1216, to-check=1419/1752)
synthetic_007453/posterior_samples.pt
        7012352  28%   13.21MB/s   00:00:01       13828096  56%   12.91MB/s   00:00:00       20414464  83%   12.42MB/s   00:00:00       23232512  94%    5.25MB/s   00:00:00       24657317 100%   10.47MB/s   00:00:02 (xfer#1217, to-check=1420/1752)
synthetic_007453/posterior_std.pt
         232019 100%  151.99MB/s   00:00:00 (xfer#1218, to-check=1421/1752)
synthetic_007453/posterior_variance.pt
         232054 100%    9.43MB/s   00:00:00 (xfer#1219, to-check=1422/1752)
synthetic_007454/
synthetic_007454/composite_mean.pt
         232026 100%   70.70MB/s   00:00:00 (xfer#1220, to-check=1424/1752)
synthetic_007454/metadata.json
           1798 100%   29.00MB/s   00:00:00 (xfer#1221, to-check=1425/1752)
synthetic_007454/posterior_mean.pt
         232026 100%    3.85MB/s   00:00:00 (xfer#1222, to-check=1426/1752)
synthetic_007454/posterior_samples.pt
        4128768  17%    7.79MB/s   00:00:02        8323072  34%    7.79MB/s   00:00:01       12517376  51%    7.99MB/s   00:00:01       16842752  68%    8.25MB/s   00:00:00       21430272  87%    8.71MB/s   00:00:00       24657317 100%    8.06MB/s   00:00:02 (xfer#1223, to-check=1427/1752)
synthetic_007454/posterior_std.pt
         232019 100%   91.54MB/s   00:00:00 (xfer#1224, to-check=1428/1752)
synthetic_007454/posterior_variance.pt
         232054 100%   18.92MB/s   00:00:00 (xfer#1225, to-check=1429/1752)
synthetic_007455/
synthetic_007455/composite_mean.pt
         232026 100%    6.95MB/s   00:00:00 (xfer#1226, to-check=1431/1752)
synthetic_007455/metadata.json
           1797 100%   25.58MB/s   00:00:00 (xfer#1227, to-check=1432/1752)
synthetic_007455/posterior_mean.pt
         232026 100%    6.20MB/s   00:00:00 (xfer#1228, to-check=1433/1752)
synthetic_007455/posterior_samples.pt
        4620288  19%    8.69MB/s   00:00:02        9469952  38%    9.16MB/s   00:00:01       14188544  58%    8.66MB/s   00:00:01       19169280  78%    9.08MB/s   00:00:00       23756800  96%    8.60MB/s   00:00:00       24657317 100%    8.70MB/s   00:00:02 (xfer#1229, to-check=1434/1752)
synthetic_007455/posterior_std.pt
         232019 100%  128.42MB/s   00:00:00 (xfer#1230, to-check=1435/1752)
synthetic_007455/posterior_variance.pt
         232054 100%   16.04MB/s   00:00:00 (xfer#1231, to-check=1436/1752)
synthetic_007456/
synthetic_007456/composite_mean.pt
         232026 100%   28.65MB/s   00:00:00 (xfer#1232, to-check=1438/1752)
synthetic_007456/metadata.json
           1797 100%   31.67MB/s   00:00:00 (xfer#1233, to-check=1439/1752)
synthetic_007456/posterior_mean.pt
         232026 100%    4.37MB/s   00:00:00 (xfer#1234, to-check=1440/1752)
synthetic_007456/posterior_samples.pt
        4718592  19%    9.00MB/s   00:00:02        9207808  37%    8.54MB/s   00:00:01       13402112  54%    7.78MB/s   00:00:01       18382848  75%    8.77MB/s   00:00:00       21757952  88%    6.43MB/s   00:00:00       24657317 100%    7.91MB/s   00:00:02 (xfer#1235, to-check=1441/1752)
synthetic_007456/posterior_std.pt
         232019 100%    5.68MB/s   00:00:00 (xfer#1236, to-check=1442/1752)
synthetic_007456/posterior_variance.pt
         232054 100%   18.62MB/s   00:00:00 (xfer#1237, to-check=1443/1752)
synthetic_007457/
synthetic_007457/composite_mean.pt
         232026 100%   13.08MB/s   00:00:00 (xfer#1238, to-check=1445/1752)
synthetic_007457/metadata.json
           1798 100%   15.74MB/s   00:00:00 (xfer#1239, to-check=1446/1752)
synthetic_007457/posterior_mean.pt
         232026 100%    3.41MB/s   00:00:00 (xfer#1240, to-check=1447/1752)
synthetic_007457/posterior_samples.pt
        3866624  16%    7.36MB/s   00:00:02        8323072  34%    7.75MB/s   00:00:02       12779520  52%    8.50MB/s   00:00:01       17235968  70%    7.96MB/s   00:00:00       21823488  89%    8.75MB/s   00:00:00       24657317 100%    8.04MB/s   00:00:02 (xfer#1241, to-check=1448/1752)
synthetic_007457/posterior_std.pt
         232019 100%   97.83MB/s   00:00:00 (xfer#1242, to-check=1449/1752)
synthetic_007457/posterior_variance.pt
         232054 100%    9.82MB/s   00:00:00 (xfer#1243, to-check=1450/1752)
synthetic_007458/
synthetic_007458/composite_mean.pt
         232026 100%   26.11MB/s   00:00:00 (xfer#1244, to-check=1452/1752)
synthetic_007458/metadata.json
           1797 100%   19.97MB/s   00:00:00 (xfer#1245, to-check=1453/1752)
synthetic_007458/posterior_mean.pt
         232026 100%    4.75MB/s   00:00:00 (xfer#1246, to-check=1454/1752)
synthetic_007458/posterior_samples.pt
        4915200  20%    9.20MB/s   00:00:02        9895936  40%    9.46MB/s   00:00:01       14745600  60%    9.15MB/s   00:00:01       19595264  79%    8.87MB/s   00:00:00       24657317 100%    9.20MB/s   00:00:02 (xfer#1247, to-check=1455/1752)
synthetic_007458/posterior_std.pt
         232019 100%   23.73MB/s   00:00:00 (xfer#1248, to-check=1456/1752)
synthetic_007458/posterior_variance.pt
         232054 100%   12.17MB/s   00:00:00 (xfer#1249, to-check=1457/1752)
synthetic_007459/
synthetic_007459/composite_mean.pt
         232026 100%   14.64MB/s   00:00:00 (xfer#1250, to-check=1459/1752)
synthetic_007459/metadata.json
           1797 100%   28.98MB/s   00:00:00 (xfer#1251, to-check=1460/1752)
synthetic_007459/posterior_mean.pt
         232026 100%    4.99MB/s   00:00:00 (xfer#1252, to-check=1461/1752)
synthetic_007459/posterior_samples.pt
        5111808  21%    9.58MB/s   00:00:01        9732096  39%    8.81MB/s   00:00:01       14811136  60%    8.68MB/s   00:00:01       19267584  78%    8.50MB/s   00:00:00       24117248  98%    9.06MB/s   00:00:00       24657317 100%    8.86MB/s   00:00:02 (xfer#1253, to-check=1462/1752)
synthetic_007459/posterior_std.pt
         232019 100%  144.90MB/s   00:00:00 (xfer#1254, to-check=1463/1752)
synthetic_007459/posterior_variance.pt
         232054 100%   14.05MB/s   00:00:00 (xfer#1255, to-check=1464/1752)
synthetic_007460/
synthetic_007460/composite_mean.pt
         232026 100%   10.18MB/s   00:00:00 (xfer#1256, to-check=1466/1752)
synthetic_007460/metadata.json
           1797 100%   18.82MB/s   00:00:00 (xfer#1257, to-check=1467/1752)
synthetic_007460/posterior_mean.pt
         232026 100%    8.68MB/s   00:00:00 (xfer#1258, to-check=1468/1752)
synthetic_007460/posterior_samples.pt
        4751360  19%    8.90MB/s   00:00:02        9601024  39%    9.06MB/s   00:00:01       14712832  60%    9.54MB/s   00:00:00       19955712  81%    9.77MB/s   00:00:00       24657317 100%    9.34MB/s   00:00:02 (xfer#1259, to-check=1469/1752)
synthetic_007460/posterior_std.pt
         232019 100%   80.17MB/s   00:00:00 (xfer#1260, to-check=1470/1752)
synthetic_007460/posterior_variance.pt
         232054 100%  159.43MB/s   00:00:00 (xfer#1261, to-check=1471/1752)
synthetic_007461/
synthetic_007461/composite_mean.pt
         232026 100%   10.82MB/s   00:00:00 (xfer#1262, to-check=1473/1752)
synthetic_007461/metadata.json
           1797 100%   30.59MB/s   00:00:00 (xfer#1263, to-check=1474/1752)
synthetic_007461/posterior_mean.pt
         232026 100%   20.86MB/s   00:00:00 (xfer#1264, to-check=1475/1752)
synthetic_007461/posterior_samples.pt
        5439488  22%   10.34MB/s   00:00:01       10813440  44%    9.14MB/s   00:00:01       16580608  67%   10.54MB/s   00:00:00       22872064  93%   11.95MB/s   00:00:00       24657317 100%   10.40MB/s   00:00:02 (xfer#1265, to-check=1476/1752)
synthetic_007461/posterior_std.pt
         232019 100%  181.80MB/s   00:00:00 (xfer#1266, to-check=1477/1752)
synthetic_007461/posterior_variance.pt
         232054 100%   26.44MB/s   00:00:00 (xfer#1267, to-check=1478/1752)
synthetic_007462/
synthetic_007462/composite_mean.pt
         232026 100%    9.04MB/s   00:00:00 (xfer#1268, to-check=1480/1752)
synthetic_007462/metadata.json
           1798 100%   30.74MB/s   00:00:00 (xfer#1269, to-check=1481/1752)
synthetic_007462/posterior_mean.pt
         232026 100%   26.29MB/s   00:00:00 (xfer#1270, to-check=1482/1752)
synthetic_007462/posterior_samples.pt
        6062080  25%   11.15MB/s   00:00:01       10813440  44%    8.81MB/s   00:00:01       15400960  62%    8.74MB/s   00:00:01       20774912  84%    9.75MB/s   00:00:00       24657317 100%    9.72MB/s   00:00:02 (xfer#1271, to-check=1483/1752)
synthetic_007462/posterior_std.pt
         232019 100%   38.46MB/s   00:00:00 (xfer#1272, to-check=1484/1752)
synthetic_007462/posterior_variance.pt
         232054 100%   15.68MB/s   00:00:00 (xfer#1273, to-check=1485/1752)
synthetic_007463/
synthetic_007463/composite_mean.pt
         232026 100%    6.34MB/s   00:00:00 (xfer#1274, to-check=1487/1752)
synthetic_007463/metadata.json
           1798 100%   34.41MB/s   00:00:00 (xfer#1275, to-check=1488/1752)
synthetic_007463/posterior_mean.pt
         232026 100%   21.88MB/s   00:00:00 (xfer#1276, to-check=1489/1752)
synthetic_007463/posterior_samples.pt
        5931008  24%   11.11MB/s   00:00:01       12091392  49%   11.07MB/s   00:00:01       18644992  76%   12.42MB/s   00:00:00       24657317 100%   11.55MB/s   00:00:02 (xfer#1277, to-check=1490/1752)
synthetic_007463/posterior_std.pt
         232019 100%   95.01MB/s   00:00:00 (xfer#1278, to-check=1491/1752)
synthetic_007463/posterior_variance.pt
         232054 100%   20.37MB/s   00:00:00 (xfer#1279, to-check=1492/1752)
synthetic_007464/
synthetic_007464/composite_mean.pt
         232026 100%    6.50MB/s   00:00:00 (xfer#1280, to-check=1494/1752)
synthetic_007464/metadata.json
           1797 100%   37.24MB/s   00:00:00 (xfer#1281, to-check=1495/1752)
synthetic_007464/posterior_mean.pt
         232026 100%   20.63MB/s   00:00:00 (xfer#1282, to-check=1496/1752)
synthetic_007464/posterior_samples.pt
        6291456  26%   11.69MB/s   00:00:01       12713984  52%   11.79MB/s   00:00:00       19660800  80%   13.09MB/s   00:00:00       24051712  98%    8.25MB/s   00:00:00       24657317 100%   10.94MB/s   00:00:02 (xfer#1283, to-check=1497/1752)
synthetic_007464/posterior_std.pt
         232019 100%  114.95MB/s   00:00:00 (xfer#1284, to-check=1498/1752)
synthetic_007464/posterior_variance.pt
         232054 100%   17.49MB/s   00:00:00 (xfer#1285, to-check=1499/1752)
synthetic_007465/
synthetic_007465/composite_mean.pt
         232026 100%    9.14MB/s   00:00:00 (xfer#1286, to-check=1501/1752)
synthetic_007465/metadata.json
           1798 100%   28.09MB/s   00:00:00 (xfer#1287, to-check=1502/1752)
synthetic_007465/posterior_mean.pt
         232026 100%    6.82MB/s   00:00:00 (xfer#1288, to-check=1503/1752)
synthetic_007465/posterior_samples.pt
        4980736  20%    9.46MB/s   00:00:01       10092544  41%    9.71MB/s   00:00:01       15466496  63%    9.75MB/s   00:00:00       20840448  85%    9.99MB/s   00:00:00       24657317 100%    9.88MB/s   00:00:02 (xfer#1289, to-check=1504/1752)
synthetic_007465/posterior_std.pt
         232019 100%   21.45MB/s   00:00:00 (xfer#1290, to-check=1505/1752)
synthetic_007465/posterior_variance.pt
         232054 100%   14.70MB/s   00:00:00 (xfer#1291, to-check=1506/1752)
synthetic_007466/
synthetic_007466/composite_mean.pt
         232026 100%   69.22MB/s   00:00:00 (xfer#1292, to-check=1508/1752)
synthetic_007466/metadata.json
           1797 100%   35.76MB/s   00:00:00 (xfer#1293, to-check=1509/1752)
synthetic_007466/posterior_mean.pt
         232026 100%    5.32MB/s   00:00:00 (xfer#1294, to-check=1510/1752)
synthetic_007466/posterior_samples.pt
        5898240  24%   11.25MB/s   00:00:01       11403264  46%   10.07MB/s   00:00:01       17039360  69%   10.65MB/s   00:00:00       23199744  94%   11.25MB/s   00:00:00       24657317 100%   10.70MB/s   00:00:02 (xfer#1295, to-check=1511/1752)
synthetic_007466/posterior_std.pt
         232019 100%   89.14MB/s   00:00:00 (xfer#1296, to-check=1512/1752)
synthetic_007466/posterior_variance.pt
         232054 100%  263.77MB/s   00:00:00 (xfer#1297, to-check=1513/1752)
synthetic_007467/
synthetic_007467/composite_mean.pt
         232026 100%    9.09MB/s   00:00:00 (xfer#1298, to-check=1515/1752)
synthetic_007467/metadata.json
           1798 100%    9.22MB/s   00:00:00 (xfer#1299, to-check=1516/1752)
synthetic_007467/posterior_mean.pt
         232026 100%   32.33MB/s   00:00:00 (xfer#1300, to-check=1517/1752)
synthetic_007467/posterior_samples.pt
        5832704  24%   10.98MB/s   00:00:01       11337728  46%   10.39MB/s   00:00:01       17104896  69%   10.49MB/s   00:00:00       22740992  92%   10.56MB/s   00:00:00       24657317 100%   10.50MB/s   00:00:02 (xfer#1301, to-check=1518/1752)
synthetic_007467/posterior_std.pt
         232019 100%   10.51MB/s   00:00:00 (xfer#1302, to-check=1519/1752)
synthetic_007467/posterior_variance.pt
         232054 100%   15.37MB/s   00:00:00 (xfer#1303, to-check=1520/1752)
synthetic_007468/
synthetic_007468/composite_mean.pt
         232026 100%   42.04MB/s   00:00:00 (xfer#1304, to-check=1522/1752)
synthetic_007468/metadata.json
           1798 100%   28.54MB/s   00:00:00 (xfer#1305, to-check=1523/1752)
synthetic_007468/posterior_mean.pt
         232026 100%    5.27MB/s   00:00:00 (xfer#1306, to-check=1524/1752)
synthetic_007468/posterior_samples.pt
        6094848  25%   11.51MB/s   00:00:01       12124160  49%   11.35MB/s   00:00:01       15204352  62%    5.59MB/s   00:00:01       19398656  79%    7.71MB/s   00:00:00       23986176  97%    8.23MB/s   00:00:00       24657317 100%    8.70MB/s   00:00:02 (xfer#1307, to-check=1525/1752)
synthetic_007468/posterior_std.pt
         232019 100%  182.12MB/s   00:00:00 (xfer#1308, to-check=1526/1752)
synthetic_007468/posterior_variance.pt
         232054 100%  168.03MB/s   00:00:00 (xfer#1309, to-check=1527/1752)
synthetic_007469/
synthetic_007469/composite_mean.pt
         232026 100%   11.34MB/s   00:00:00 (xfer#1310, to-check=1529/1752)
synthetic_007469/metadata.json
           1797 100%   18.62MB/s   00:00:00 (xfer#1311, to-check=1530/1752)
synthetic_007469/posterior_mean.pt
         232026 100%   14.70MB/s   00:00:00 (xfer#1312, to-check=1531/1752)
synthetic_007469/posterior_samples.pt
        4751360  19%    3.53MB/s   00:00:05       11763712  48%   13.30MB/s   00:00:00       15040512  61%    6.25MB/s   00:00:01       19038208  77%    7.47MB/s   00:00:00       23494656  95%    8.36MB/s   00:00:00       24657317 100%    6.74MB/s   00:00:03 (xfer#1313, to-check=1532/1752)
synthetic_007469/posterior_std.pt
         232019 100%   70.81MB/s   00:00:00 (xfer#1314, to-check=1533/1752)
synthetic_007469/posterior_variance.pt
         232054 100%  234.63MB/s   00:00:00 (xfer#1315, to-check=1534/1752)
synthetic_007470/
synthetic_007470/composite_mean.pt
         232026 100%    6.41MB/s   00:00:00 (xfer#1316, to-check=1536/1752)
synthetic_007470/metadata.json
           1798 100%   30.09MB/s   00:00:00 (xfer#1317, to-check=1537/1752)
synthetic_007470/posterior_mean.pt
         232026 100%   12.80MB/s   00:00:00 (xfer#1318, to-check=1538/1752)
synthetic_007470/posterior_samples.pt
        4456448  18%    8.29MB/s   00:00:02        9043968  37%    8.04MB/s   00:00:01       13631488  55%    8.72MB/s   00:00:01       18481152  75%    8.57MB/s   00:00:00       23199744  94%    8.77MB/s   00:00:00       24657317 100%    8.45MB/s   00:00:02 (xfer#1319, to-check=1539/1752)
synthetic_007470/posterior_std.pt
         232019 100%   27.80MB/s   00:00:00 (xfer#1320, to-check=1540/1752)
synthetic_007470/posterior_variance.pt
         232054 100%   31.79MB/s   00:00:00 (xfer#1321, to-check=1541/1752)
synthetic_007471/
synthetic_007471/composite_mean.pt
         232026 100%   11.93MB/s   00:00:00 (xfer#1322, to-check=1543/1752)
synthetic_007471/metadata.json
           1798 100%   27.24MB/s   00:00:00 (xfer#1323, to-check=1544/1752)
synthetic_007471/posterior_mean.pt
         232026 100%    5.87MB/s   00:00:00 (xfer#1324, to-check=1545/1752)
synthetic_007471/posterior_samples.pt
        4849664  20%    8.73MB/s   00:00:02        9568256  39%    8.83MB/s   00:00:01       13500416  55%    7.49MB/s   00:00:01       18350080  74%    9.09MB/s   00:00:00       20348928  83%    3.75MB/s   00:00:01       23724032  96%    6.44MB/s   00:00:00       24657317 100%    7.11MB/s   00:00:03 (xfer#1325, to-check=1546/1752)
synthetic_007471/posterior_std.pt
         232019 100%   81.38MB/s   00:00:00 (xfer#1326, to-check=1547/1752)
synthetic_007471/posterior_variance.pt
         232054 100%   46.48MB/s   00:00:00 (xfer#1327, to-check=1548/1752)
synthetic_007472/
synthetic_007472/composite_mean.pt
         232026 100%    6.00MB/s   00:00:00 (xfer#1328, to-check=1550/1752)
synthetic_007472/metadata.json
           1798 100%   24.89MB/s   00:00:00 (xfer#1329, to-check=1551/1752)
synthetic_007472/posterior_mean.pt
         232026 100%    5.19MB/s   00:00:00 (xfer#1330, to-check=1552/1752)
synthetic_007472/posterior_samples.pt
        3932160  16%    7.20MB/s   00:00:02        7864320  32%    7.21MB/s   00:00:02       12058624  49%    7.65MB/s   00:00:01       16384000  66%    7.95MB/s   00:00:00       20578304  83%    7.74MB/s   00:00:00       24510464  99%    7.37MB/s   00:00:00       24657317 100%    7.46MB/s   00:00:03 (xfer#1331, to-check=1553/1752)
synthetic_007472/posterior_std.pt
         232019 100%  129.78MB/s   00:00:00 (xfer#1332, to-check=1554/1752)
synthetic_007472/posterior_variance.pt
         232054 100%   10.60MB/s   00:00:00 (xfer#1333, to-check=1555/1752)
synthetic_007473/
synthetic_007473/composite_mean.pt
         232026 100%   45.19MB/s   00:00:00 (xfer#1334, to-check=1557/1752)
synthetic_007473/metadata.json
           1799 100%   29.02MB/s   00:00:00 (xfer#1335, to-check=1558/1752)
synthetic_007473/posterior_mean.pt
         232026 100%    5.01MB/s   00:00:00 (xfer#1336, to-check=1559/1752)
synthetic_007473/posterior_samples.pt
        4849664  20%    9.19MB/s   00:00:02        8814592  36%    7.56MB/s   00:00:01       13369344  54%    8.45MB/s   00:00:01       17956864  73%    8.57MB/s   00:00:00       22806528  92%    9.24MB/s   00:00:00       24657317 100%    8.48MB/s   00:00:02 (xfer#1337, to-check=1560/1752)
synthetic_007473/posterior_std.pt
         232019 100%   15.42MB/s   00:00:00 (xfer#1338, to-check=1561/1752)
synthetic_007473/posterior_variance.pt
         232054 100%   33.27MB/s   00:00:00 (xfer#1339, to-check=1562/1752)
synthetic_007474/
synthetic_007474/composite_mean.pt
         232026 100%   18.55MB/s   00:00:00 (xfer#1340, to-check=1564/1752)
synthetic_007474/metadata.json
           1798 100%    7.59MB/s   00:00:00 (xfer#1341, to-check=1565/1752)
synthetic_007474/posterior_mean.pt
         232026 100%    5.20MB/s   00:00:00 (xfer#1342, to-check=1566/1752)
synthetic_007474/posterior_samples.pt
        4718592  19%    8.49MB/s   00:00:02        9306112  38%    8.70MB/s   00:00:01       14155776  57%    9.23MB/s   00:00:01       18743296  76%    8.75MB/s   00:00:00       23724032  96%    9.34MB/s   00:00:00       24657317 100%    8.81MB/s   00:00:02 (xfer#1343, to-check=1567/1752)
synthetic_007474/posterior_std.pt
         232019 100%    6.79MB/s   00:00:00 (xfer#1344, to-check=1568/1752)
synthetic_007474/posterior_variance.pt
         232054 100%    3.60MB/s   00:00:00 (xfer#1345, to-check=1569/1752)
synthetic_007475/
synthetic_007475/composite_mean.pt
         232026 100%   82.14MB/s   00:00:00 (xfer#1346, to-check=1571/1752)
synthetic_007475/metadata.json
           1797 100%   19.48MB/s   00:00:00 (xfer#1347, to-check=1572/1752)
synthetic_007475/posterior_mean.pt
         232026 100%    1.93MB/s   00:00:00 (xfer#1348, to-check=1573/1752)
synthetic_007475/posterior_samples.pt
        3538944  14%    6.24MB/s   00:00:03        7340032  30%    7.22MB/s   00:00:02       11403264  46%    7.64MB/s   00:00:01       15466496  63%    7.62MB/s   00:00:01       20185088  82%    8.38MB/s   00:00:00       24657317 100%    7.54MB/s   00:00:03 (xfer#1349, to-check=1574/1752)
synthetic_007475/posterior_std.pt
         232019 100%  118.15MB/s   00:00:00 (xfer#1350, to-check=1575/1752)
synthetic_007475/posterior_variance.pt
         232054 100%    9.40MB/s   00:00:00 (xfer#1351, to-check=1576/1752)
synthetic_007476/
synthetic_007476/composite_mean.pt
         232026 100%   12.42MB/s   00:00:00 (xfer#1352, to-check=1578/1752)
synthetic_007476/metadata.json
           1798 100%   25.59MB/s   00:00:00 (xfer#1353, to-check=1579/1752)
synthetic_007476/posterior_mean.pt
         232026 100%    7.13MB/s   00:00:00 (xfer#1354, to-check=1580/1752)
synthetic_007476/posterior_samples.pt
        4718592  19%    8.89MB/s   00:00:02        9043968  37%    7.74MB/s   00:00:01       13762560  56%    8.95MB/s   00:00:01       18481152  75%    8.80MB/s   00:00:00       23035904  93%    7.76MB/s   00:00:00       24657317 100%    8.01MB/s   00:00:02 (xfer#1355, to-check=1581/1752)
synthetic_007476/posterior_std.pt
         232019 100%   16.05MB/s   00:00:00 (xfer#1356, to-check=1582/1752)
synthetic_007476/posterior_variance.pt
         232054 100%    7.79MB/s   00:00:00 (xfer#1357, to-check=1583/1752)
synthetic_007477/
synthetic_007477/composite_mean.pt
         232026 100%    6.21MB/s   00:00:00 (xfer#1358, to-check=1585/1752)
synthetic_007477/metadata.json
           1797 100%   20.36MB/s   00:00:00 (xfer#1359, to-check=1586/1752)
synthetic_007477/posterior_mean.pt
         232026 100%   10.68MB/s   00:00:00 (xfer#1360, to-check=1587/1752)
synthetic_007477/posterior_samples.pt
        3112960  13%    5.76MB/s   00:00:03        6914048  28%    7.14MB/s   00:00:02       10846208  44%    6.92MB/s   00:00:01       15040512  61%    7.63MB/s   00:00:01       18972672  77%    6.96MB/s   00:00:00       21692416  88%    4.58MB/s   00:00:00       23265280  94%    2.85MB/s   00:00:00       24657317 100%    5.79MB/s   00:00:04 (xfer#1361, to-check=1588/1752)
synthetic_007477/posterior_std.pt
         232019 100%    7.45MB/s   00:00:00 (xfer#1362, to-check=1589/1752)
synthetic_007477/posterior_variance.pt
         232054 100%    3.32MB/s   00:00:00 (xfer#1363, to-check=1590/1752)
synthetic_007478/
synthetic_007478/composite_mean.pt
         232026 100%    3.53MB/s   00:00:00 (xfer#1364, to-check=1592/1752)
synthetic_007478/metadata.json
           1797 100%    5.19MB/s   00:00:00 (xfer#1365, to-check=1593/1752)
synthetic_007478/posterior_mean.pt
         232026 100%    3.87MB/s   00:00:00 (xfer#1366, to-check=1594/1752)
synthetic_007478/posterior_samples.pt
        2228224   9%    4.19MB/s   00:00:05        4587520  19%    4.11MB/s   00:00:04        7077888  29%    4.31MB/s   00:00:03        9568256  39%    4.49MB/s   00:00:03       12189696  49%    4.88MB/s   00:00:02       14811136  60%    4.81MB/s   00:00:01       17432576  71%    4.91MB/s   00:00:01       20054016  81%    4.96MB/s   00:00:00       22806528  92%    5.22MB/s   00:00:00       24657317 100%    4.60MB/s   00:00:05 (xfer#1367, to-check=1595/1752)
synthetic_007478/posterior_std.pt
         232019 100%    8.38MB/s   00:00:00 (xfer#1368, to-check=1596/1752)
synthetic_007478/posterior_variance.pt
         232054 100%   37.01MB/s   00:00:00 (xfer#1369, to-check=1597/1752)
synthetic_007479/
synthetic_007479/composite_mean.pt
         232026 100%    4.15MB/s   00:00:00 (xfer#1370, to-check=1599/1752)
synthetic_007479/metadata.json
           1796 100%   21.70MB/s   00:00:00 (xfer#1371, to-check=1600/1752)
synthetic_007479/posterior_mean.pt
         232026 100%    3.71MB/s   00:00:00 (xfer#1372, to-check=1601/1752)
synthetic_007479/posterior_samples.pt
        2981888  12%    5.66MB/s   00:00:03        5865472  24%    5.24MB/s   00:00:03        8880128  36%    5.74MB/s   00:00:02       12025856  49%    5.97MB/s   00:00:02       15433728  63%    6.23MB/s   00:00:01       18972672  77%    6.38MB/s   00:00:00       22511616  91%    6.47MB/s   00:00:00       24657317 100%    5.96MB/s   00:00:03 (xfer#1373, to-check=1602/1752)
synthetic_007479/posterior_std.pt
         232019 100%    3.40MB/s   00:00:00 (xfer#1374, to-check=1603/1752)
synthetic_007479/posterior_variance.pt
         232054 100%  124.76MB/s   00:00:00 (xfer#1375, to-check=1604/1752)
synthetic_007480/
synthetic_007480/composite_mean.pt
         232026 100%    2.82MB/s   00:00:00 (xfer#1376, to-check=1606/1752)
synthetic_007480/metadata.json
           1798 100%    5.85MB/s   00:00:00 (xfer#1377, to-check=1607/1752)
synthetic_007480/posterior_mean.pt
         232026 100%    9.90MB/s   00:00:00 (xfer#1378, to-check=1608/1752)
synthetic_007480/posterior_samples.pt
        3407872  14%    6.50MB/s   00:00:03        6750208  27%    5.78MB/s   00:00:02        9502720  39%    5.23MB/s   00:00:02       12255232  50%    5.23MB/s   00:00:02       15532032  63%    5.87MB/s   00:00:01       18939904  77%    6.45MB/s   00:00:00       22347776  91%    6.29MB/s   00:00:00       24657317 100%    5.91MB/s   00:00:03 (xfer#1379, to-check=1609/1752)
synthetic_007480/posterior_std.pt
         232019 100%   86.94MB/s   00:00:00 (xfer#1380, to-check=1610/1752)
synthetic_007480/posterior_variance.pt
         232054 100%    9.58MB/s   00:00:00 (xfer#1381, to-check=1611/1752)
synthetic_007481/
synthetic_007481/composite_mean.pt
         232026 100%    2.55MB/s   00:00:00 (xfer#1382, to-check=1613/1752)
synthetic_007481/metadata.json
           1798 100%   18.83MB/s   00:00:00 (xfer#1383, to-check=1614/1752)
synthetic_007481/posterior_mean.pt
         232026 100%   29.80MB/s   00:00:00 (xfer#1384, to-check=1615/1752)
synthetic_007481/posterior_samples.pt
        3670016  15%    6.36MB/s   00:00:03        6520832  26%    5.34MB/s   00:00:03        9273344  38%    5.25MB/s   00:00:02       11763712  48%    4.59MB/s   00:00:02       14647296  59%    5.26MB/s   00:00:01       17661952  72%    5.63MB/s   00:00:01       20807680  84%    5.97MB/s   00:00:00       23822336  97%    5.67MB/s   00:00:00       24657317 100%    5.47MB/s   00:00:04 (xfer#1385, to-check=1616/1752)
synthetic_007481/posterior_std.pt
         232019 100%  116.08MB/s   00:00:00 (xfer#1386, to-check=1617/1752)
synthetic_007481/posterior_variance.pt
         232054 100%    5.22MB/s   00:00:00 (xfer#1387, to-check=1618/1752)
synthetic_007482/
synthetic_007482/composite_mean.pt
         232026 100%   23.18MB/s   00:00:00 (xfer#1388, to-check=1620/1752)
synthetic_007482/metadata.json
           1798 100%   17.33MB/s   00:00:00 (xfer#1389, to-check=1621/1752)
synthetic_007482/posterior_mean.pt
         232026 100%    4.37MB/s   00:00:00 (xfer#1390, to-check=1622/1752)
synthetic_007482/posterior_samples.pt
        2981888  12%    5.35MB/s   00:00:03        6258688  25%    6.14MB/s   00:00:02        9011200  37%    4.83MB/s   00:00:03       12419072  50%    6.13MB/s   00:00:01       15826944  64%    6.48MB/s   00:00:01       19103744  77%    6.13MB/s   00:00:00       22511616  91%    6.39MB/s   00:00:00       24657317 100%    5.89MB/s   00:00:03 (xfer#1391, to-check=1623/1752)
synthetic_007482/posterior_std.pt
         232019 100%   83.60MB/s   00:00:00 (xfer#1392, to-check=1624/1752)
synthetic_007482/posterior_variance.pt
         232054 100%    7.55MB/s   00:00:00 (xfer#1393, to-check=1625/1752)
synthetic_007483/
synthetic_007483/composite_mean.pt
         232026 100%   74.11MB/s   00:00:00 (xfer#1394, to-check=1627/1752)
synthetic_007483/metadata.json
           1796 100%   25.21MB/s   00:00:00 (xfer#1395, to-check=1628/1752)
synthetic_007483/posterior_mean.pt
         232026 100%    3.99MB/s   00:00:00 (xfer#1396, to-check=1629/1752)
synthetic_007483/posterior_samples.pt
        3735552  15%    6.65MB/s   00:00:02        7667712  31%    7.11MB/s   00:00:02       11468800  47%    7.16MB/s   00:00:01       15007744  61%    6.46MB/s   00:00:01       18808832  76%    6.99MB/s   00:00:00       22085632  90%    5.89MB/s   00:00:00       24657317 100%    6.74MB/s   00:00:03 (xfer#1397, to-check=1630/1752)
synthetic_007483/posterior_std.pt
         232019 100%   81.92MB/s   00:00:00 (xfer#1398, to-check=1631/1752)
synthetic_007483/posterior_variance.pt
         232054 100%   10.02MB/s   00:00:00 (xfer#1399, to-check=1632/1752)
synthetic_007484/
synthetic_007484/composite_mean.pt
         232026 100%    3.52MB/s   00:00:00 (xfer#1400, to-check=1634/1752)
synthetic_007484/metadata.json
           1798 100%   20.67MB/s   00:00:00 (xfer#1401, to-check=1635/1752)
synthetic_007484/posterior_mean.pt
         232026 100%   36.65MB/s   00:00:00 (xfer#1402, to-check=1636/1752)
synthetic_007484/posterior_samples.pt
        3964928  16%    7.46MB/s   00:00:02        8159232  33%    7.83MB/s   00:00:02       12877824  52%    8.95MB/s   00:00:01       17596416  71%    8.91MB/s   00:00:00       23363584  95%   10.82MB/s   00:00:00       24657317 100%    8.77MB/s   00:00:02 (xfer#1403, to-check=1637/1752)
synthetic_007484/posterior_std.pt
         232019 100%  146.82MB/s   00:00:00 (xfer#1404, to-check=1638/1752)
synthetic_007484/posterior_variance.pt
         232054 100%  255.28MB/s   00:00:00 (xfer#1405, to-check=1639/1752)
synthetic_007485/
synthetic_007485/composite_mean.pt
         232026 100%   17.35MB/s   00:00:00 (xfer#1406, to-check=1641/1752)
synthetic_007485/metadata.json
           1797 100%   28.52MB/s   00:00:00 (xfer#1407, to-check=1642/1752)
synthetic_007485/posterior_mean.pt
         232026 100%   15.02MB/s   00:00:00 (xfer#1408, to-check=1643/1752)
synthetic_007485/posterior_samples.pt
        5898240  24%   10.94MB/s   00:00:01       11632640  47%   10.64MB/s   00:00:01       17793024  72%   11.59MB/s   00:00:00       24657317 100%   11.69MB/s   00:00:02 (xfer#1409, to-check=1644/1752)
synthetic_007485/posterior_std.pt
         232019 100%  157.73MB/s   00:00:00 (xfer#1410, to-check=1645/1752)
synthetic_007485/posterior_variance.pt
         232054 100%   27.04MB/s   00:00:00 (xfer#1411, to-check=1646/1752)
synthetic_007486/
synthetic_007486/composite_mean.pt
         232026 100%   20.27MB/s   00:00:00 (xfer#1412, to-check=1648/1752)
synthetic_007486/metadata.json
           1798 100%   27.24MB/s   00:00:00 (xfer#1413, to-check=1649/1752)
synthetic_007486/posterior_mean.pt
         232026 100%   10.56MB/s   00:00:00 (xfer#1414, to-check=1650/1752)
synthetic_007486/posterior_samples.pt
        5439488  22%   10.14MB/s   00:00:01       12517376  51%   13.29MB/s   00:00:00       18546688  75%   10.45MB/s   00:00:00       24657317 100%   11.40MB/s   00:00:02 (xfer#1415, to-check=1651/1752)
synthetic_007486/posterior_std.pt
         232019 100%  156.93MB/s   00:00:00 (xfer#1416, to-check=1652/1752)
synthetic_007486/posterior_variance.pt
         232054 100%   25.70MB/s   00:00:00 (xfer#1417, to-check=1653/1752)
synthetic_007487/
synthetic_007487/composite_mean.pt
         232026 100%   11.55MB/s   00:00:00 (xfer#1418, to-check=1655/1752)
synthetic_007487/metadata.json
           1798 100%    8.09MB/s   00:00:00 (xfer#1419, to-check=1656/1752)
synthetic_007487/posterior_mean.pt
         232026 100%   11.83MB/s   00:00:00 (xfer#1420, to-check=1657/1752)
synthetic_007487/posterior_samples.pt
        6717440  27%   12.80MB/s   00:00:01       13533184  55%   12.80MB/s   00:00:00       18939904  77%    9.89MB/s   00:00:00       24657317 100%   11.44MB/s   00:00:02 (xfer#1421, to-check=1658/1752)
synthetic_007487/posterior_std.pt
         232019 100%   97.65MB/s   00:00:00 (xfer#1422, to-check=1659/1752)
synthetic_007487/posterior_variance.pt
         232054 100%   10.18MB/s   00:00:00 (xfer#1423, to-check=1660/1752)
synthetic_007488/
synthetic_007488/composite_mean.pt
         232026 100%   28.14MB/s   00:00:00 (xfer#1424, to-check=1662/1752)
synthetic_007488/metadata.json
           1798 100%   36.32MB/s   00:00:00 (xfer#1425, to-check=1663/1752)
synthetic_007488/posterior_mean.pt
         232026 100%   18.68MB/s   00:00:00 (xfer#1426, to-check=1664/1752)
synthetic_007488/posterior_samples.pt
        6356992  26%   11.88MB/s   00:00:01       13828096  56%   14.02MB/s   00:00:00       20643840  84%   12.84MB/s   00:00:00       24657317 100%   12.74MB/s   00:00:01 (xfer#1427, to-check=1665/1752)
synthetic_007488/posterior_std.pt
         232019 100%   30.11MB/s   00:00:00 (xfer#1428, to-check=1666/1752)
synthetic_007488/posterior_variance.pt
         232054 100%   30.04MB/s   00:00:00 (xfer#1429, to-check=1667/1752)
synthetic_007489/
synthetic_007489/composite_mean.pt
         232026 100%   11.83MB/s   00:00:00 (xfer#1430, to-check=1669/1752)
synthetic_007489/metadata.json
           1797 100%   40.84MB/s   00:00:00 (xfer#1431, to-check=1670/1752)
synthetic_007489/posterior_mean.pt
         232026 100%   21.27MB/s   00:00:00 (xfer#1432, to-check=1671/1752)
synthetic_007489/posterior_samples.pt
        6717440  27%   12.53MB/s   00:00:01       13402112  54%   11.42MB/s   00:00:00       16973824  69%    6.68MB/s   00:00:01       22609920  92%   10.50MB/s   00:00:00       24657317 100%   10.07MB/s   00:00:02 (xfer#1433, to-check=1672/1752)
synthetic_007489/posterior_std.pt
         232019 100%  138.81MB/s   00:00:00 (xfer#1434, to-check=1673/1752)
synthetic_007489/posterior_variance.pt
         232054 100%    1.61MB/s   00:00:00 (xfer#1435, to-check=1674/1752)
synthetic_007490/
synthetic_007490/composite_mean.pt
         232026 100%    3.47MB/s   00:00:00 (xfer#1436, to-check=1676/1752)
synthetic_007490/metadata.json
           1798 100%    2.09MB/s   00:00:00 (xfer#1437, to-check=1677/1752)
synthetic_007490/posterior_mean.pt
         232026 100%    6.49MB/s   00:00:00 (xfer#1438, to-check=1678/1752)
synthetic_007490/posterior_samples.pt
        3506176  14%    6.67MB/s   00:00:03        7962624  32%    7.71MB/s   00:00:02       12156928  49%    8.00MB/s   00:00:01       16613376  67%    8.38MB/s   00:00:00       21594112  88%    8.85MB/s   00:00:00       24657317 100%    7.92MB/s   00:00:02 (xfer#1439, to-check=1679/1752)
synthetic_007490/posterior_std.pt
         232019 100%   77.80MB/s   00:00:00 (xfer#1440, to-check=1680/1752)
synthetic_007490/posterior_variance.pt
         232054 100%  229.36MB/s   00:00:00 (xfer#1441, to-check=1681/1752)
synthetic_007491/
synthetic_007491/composite_mean.pt
         232026 100%    8.79MB/s   00:00:00 (xfer#1442, to-check=1683/1752)
synthetic_007491/metadata.json
           1798 100%   32.40MB/s   00:00:00 (xfer#1443, to-check=1684/1752)
synthetic_007491/posterior_mean.pt
         232026 100%    7.47MB/s   00:00:00 (xfer#1444, to-check=1685/1752)
synthetic_007491/posterior_samples.pt
        4718592  19%    8.72MB/s   00:00:02        8257536  33%    6.65MB/s   00:00:02       11927552  48%    6.73MB/s   00:00:01       16121856  65%    7.96MB/s   00:00:01       20840448  85%    8.98MB/s   00:00:00       24657317 100%    7.93MB/s   00:00:02 (xfer#1445, to-check=1686/1752)
synthetic_007491/posterior_std.pt
         232019 100%   73.42MB/s   00:00:00 (xfer#1446, to-check=1687/1752)
synthetic_007491/posterior_variance.pt
         232054 100%   73.33MB/s   00:00:00 (xfer#1447, to-check=1688/1752)
synthetic_007492/
synthetic_007492/composite_mean.pt
         232026 100%   10.40MB/s   00:00:00 (xfer#1448, to-check=1690/1752)
synthetic_007492/metadata.json
           1799 100%   26.85MB/s   00:00:00 (xfer#1449, to-check=1691/1752)
synthetic_007492/posterior_mean.pt
         232026 100%    7.11MB/s   00:00:00 (xfer#1450, to-check=1692/1752)
synthetic_007492/posterior_samples.pt
        4849664  20%    9.05MB/s   00:00:02        9961472  40%    9.63MB/s   00:00:01       15073280  61%    9.53MB/s   00:00:00       20119552  82%    9.62MB/s   00:00:00       24657317 100%    9.25MB/s   00:00:02 (xfer#1451, to-check=1693/1752)
synthetic_007492/posterior_std.pt
         232019 100%  131.40MB/s   00:00:00 (xfer#1452, to-check=1694/1752)
synthetic_007492/posterior_variance.pt
         232054 100%  201.70MB/s   00:00:00 (xfer#1453, to-check=1695/1752)
synthetic_007493/
synthetic_007493/composite_mean.pt
         232026 100%   11.46MB/s   00:00:00 (xfer#1454, to-check=1697/1752)
synthetic_007493/metadata.json
           1798 100%   21.66MB/s   00:00:00 (xfer#1455, to-check=1698/1752)
synthetic_007493/posterior_mean.pt
         232026 100%    6.44MB/s   00:00:00 (xfer#1456, to-check=1699/1752)
synthetic_007493/posterior_samples.pt
        5111808  21%    9.65MB/s   00:00:01       10616832  43%    9.85MB/s   00:00:01       15990784  65%    9.48MB/s   00:00:00       20971520  85%    9.26MB/s   00:00:00       24657317 100%    9.67MB/s   00:00:02 (xfer#1457, to-check=1700/1752)
synthetic_007493/posterior_std.pt
         232019 100%   85.86MB/s   00:00:00 (xfer#1458, to-check=1701/1752)
synthetic_007493/posterior_variance.pt
         232054 100%   14.67MB/s   00:00:00 (xfer#1459, to-check=1702/1752)
synthetic_007494/
synthetic_007494/composite_mean.pt
         232026 100%   13.21MB/s   00:00:00 (xfer#1460, to-check=1704/1752)
synthetic_007494/metadata.json
           1797 100%   15.73MB/s   00:00:00 (xfer#1461, to-check=1705/1752)
synthetic_007494/posterior_mean.pt
         232026 100%   13.51MB/s   00:00:00 (xfer#1462, to-check=1706/1752)
synthetic_007494/posterior_samples.pt
        5570560  23%   10.60MB/s   00:00:01       11337728  46%   11.00MB/s   00:00:01       16580608  67%    8.67MB/s   00:00:00       23003136  93%   11.80MB/s   00:00:00       24657317 100%   10.52MB/s   00:00:02 (xfer#1463, to-check=1707/1752)
synthetic_007494/posterior_std.pt
         232019 100%  166.98MB/s   00:00:00 (xfer#1464, to-check=1708/1752)
synthetic_007494/posterior_variance.pt
         232054 100%  189.01MB/s   00:00:00 (xfer#1465, to-check=1709/1752)
synthetic_007495/
synthetic_007495/composite_mean.pt
         232026 100%   48.55MB/s   00:00:00 (xfer#1466, to-check=1711/1752)
synthetic_007495/metadata.json
           1798 100%   33.77MB/s   00:00:00 (xfer#1467, to-check=1712/1752)
synthetic_007495/posterior_mean.pt
         232026 100%    6.25MB/s   00:00:00 (xfer#1468, to-check=1713/1752)
synthetic_007495/posterior_samples.pt
        6946816  28%   12.82MB/s   00:00:01       14024704  57%   13.32MB/s   00:00:00       20840448  85%   12.85MB/s   00:00:00       24657317 100%   12.79MB/s   00:00:01 (xfer#1469, to-check=1714/1752)
synthetic_007495/posterior_std.pt
         232019 100%  147.92MB/s   00:00:00 (xfer#1470, to-check=1715/1752)
synthetic_007495/posterior_variance.pt
         232054 100%   12.60MB/s   00:00:00 (xfer#1471, to-check=1716/1752)
synthetic_007496/
synthetic_007496/composite_mean.pt
         232026 100%   35.73MB/s   00:00:00 (xfer#1472, to-check=1718/1752)
synthetic_007496/metadata.json
           1796 100%   22.24MB/s   00:00:00 (xfer#1473, to-check=1719/1752)
synthetic_007496/posterior_mean.pt
         232026 100%    8.95MB/s   00:00:00 (xfer#1474, to-check=1720/1752)
synthetic_007496/posterior_samples.pt
        6815744  28%   12.63MB/s   00:00:01       13500416  55%   12.41MB/s   00:00:00       20578304  83%   13.26MB/s   00:00:00       24657317 100%   11.82MB/s   00:00:01 (xfer#1475, to-check=1721/1752)
synthetic_007496/posterior_std.pt
         232019 100%  119.09MB/s   00:00:00 (xfer#1476, to-check=1722/1752)
synthetic_007496/posterior_variance.pt
         232054 100%  275.60MB/s   00:00:00 (xfer#1477, to-check=1723/1752)
synthetic_007497/
synthetic_007497/composite_mean.pt
         232026 100%   24.31MB/s   00:00:00 (xfer#1478, to-check=1725/1752)
synthetic_007497/metadata.json
           1798 100%   15.47MB/s   00:00:00 (xfer#1479, to-check=1726/1752)
synthetic_007497/posterior_mean.pt
         232026 100%   17.13MB/s   00:00:00 (xfer#1480, to-check=1727/1752)
synthetic_007497/posterior_samples.pt
        7045120  29%   13.39MB/s   00:00:01       13860864  56%   12.74MB/s   00:00:00       20676608  84%   12.68MB/s   00:00:00       24657317 100%   12.79MB/s   00:00:01 (xfer#1481, to-check=1728/1752)
synthetic_007497/posterior_std.pt
         232019 100%  143.78MB/s   00:00:00 (xfer#1482, to-check=1729/1752)
synthetic_007497/posterior_variance.pt
         232054 100%   18.82MB/s   00:00:00 (xfer#1483, to-check=1730/1752)
synthetic_007498/
synthetic_007498/composite_mean.pt
         232026 100%   10.57MB/s   00:00:00 (xfer#1484, to-check=1732/1752)
synthetic_007498/metadata.json
           1798 100%   22.27MB/s   00:00:00 (xfer#1485, to-check=1733/1752)
synthetic_007498/posterior_mean.pt
         232026 100%   32.08MB/s   00:00:00 (xfer#1486, to-check=1734/1752)
synthetic_007498/posterior_samples.pt
        6750208  27%   12.63MB/s   00:00:01       13041664  53%   10.74MB/s   00:00:01       17039360  69%    7.56MB/s   00:00:00       24117248  98%   13.33MB/s   00:00:00       24657317 100%   10.93MB/s   00:00:02 (xfer#1487, to-check=1735/1752)
synthetic_007498/posterior_std.pt
         232019 100%  175.04MB/s   00:00:00 (xfer#1488, to-check=1736/1752)
synthetic_007498/posterior_variance.pt
         232054 100%   11.19MB/s   00:00:00 (xfer#1489, to-check=1737/1752)
synthetic_007499/
synthetic_007499/composite_mean.pt
         232026 100%   64.19MB/s   00:00:00 (xfer#1490, to-check=1739/1752)
synthetic_007499/metadata.json
           1798 100%   38.05MB/s   00:00:00 (xfer#1491, to-check=1740/1752)
synthetic_007499/posterior_mean.pt
         232026 100%   12.54MB/s   00:00:00 (xfer#1492, to-check=1741/1752)
synthetic_007499/posterior_samples.pt
        5668864  23%   10.64MB/s   00:00:01       11304960  46%   10.23MB/s   00:00:01       17072128  69%   10.72MB/s   00:00:00       22970368  93%   11.16MB/s   00:00:00       24657317 100%   10.53MB/s   00:00:02 (xfer#1493, to-check=1742/1752)
synthetic_007499/posterior_std.pt
         232019 100%   99.36MB/s   00:00:00 (xfer#1494, to-check=1743/1752)
synthetic_007499/posterior_variance.pt
         232054 100%  240.28MB/s   00:00:00 (xfer#1495, to-check=1744/1752)
synthetic_007500/
synthetic_007500/composite_mean.pt
         232026 100%    7.14MB/s   00:00:00 (xfer#1496, to-check=1746/1752)
synthetic_007500/metadata.json
           1798 100%   18.44MB/s   00:00:00 (xfer#1497, to-check=1747/1752)
synthetic_007500/posterior_mean.pt
         232026 100%   29.02MB/s   00:00:00 (xfer#1498, to-check=1748/1752)
synthetic_007500/posterior_samples.pt
        6225920  25%   11.41MB/s   00:00:01       12517376  51%   11.89MB/s   00:00:00       18546688  75%   11.41MB/s   00:00:00       24576000 100%   10.90MB/s   00:00:00       24657317 100%   11.28MB/s   00:00:02 (xfer#1499, to-check=1749/1752)
synthetic_007500/posterior_std.pt
         232019 100%   96.20MB/s   00:00:00 (xfer#1500, to-check=1750/1752)
synthetic_007500/posterior_variance.pt
         232054 100%  244.01MB/s   00:00:00 (xfer#1501, to-check=1751/1752)

sent 6398M bytes  received 34548 bytes  8243k bytes/sec
total size is 6397M  speedup is 1.00
Transfer starting: 2 files
batch_0030_external_evaluation_manifest.csv
batch_0030_manifest.csv

sent 92465 bytes  received 64 bytes  318k bytes/sec
total size is 92196  speedup is 1.00
Transfer starting: 2 files
br_lora_batch_0030_mac_sha256.txt
br_lora_batch_0030_production_audit.json

sent 156k bytes  received 64 bytes  447k bytes/sec
total size is 156k  speedup is 1.00

===== FALCON TRANSFER VERIFICATION =====
Case directories : 250
Files checksummed: 1501
Mac/Falcon SHA256: IDENTICAL

==============================================================================
BR-LoRA FALCON BATCH ACCEPTANCE
==============================================================================

Batch                    : batch_0030
Batch directory          : /scratch/bhanug/br_lora_library/batches/batch_0030
Current master           : /scratch/bhanug/br_lora_library/manifests/br_lora_library_manifest.csv

===== TRANSFER CHECK =====
Files                    : 1501
Mac/Falcon SHA-256       : IDENTICAL

===== MAC PRODUCTION AUDIT =====
Status                   : PASS
Cases                    : 250
Posterior samples        : 100
Evaluation seed          : 42
Execution manifest hash  : MATCH

===== MASTER PRE-STATE =====
Rows                     : 7250
Library IDs              : synthetic_000001 to synthetic_007250
Current master SHA-256   : 89457f90d0cebd92a16205fc0155a00d90e16b6bb762c01b0c6676c5f6d52b3c

==============================================================================
BATCH ACCEPTANCE: PASS
==============================================================================

Accepted batch           : batch_0030
Accepted cases           : 250
Master rows before       : 7250
Master rows after        : 7500
Library IDs              : synthetic_000001 to synthetic_007500
Unique pair keys         : 7500
Unique donor slices      : 7500
Unique external bases    : 6235
Master SHA-256           : 2fd0c158d188ec3b798265280b199378eb5c34ffba04127133f5cfbfce25b7fb
Acceptance audit         : /scratch/bhanug/br_lora_library/audits/br_lora_batch_0030_acceptance.json
Pre-promotion snapshot   : /scratch/bhanug/br_lora_library/manifests/br_lora_library_manifest_07250_pre_batch_0030.csv

SAFE TO DELETE LOCAL MAC BATCH AFTER THIS PASS.

==============================================================================
BR-LoRA FROZEN LIBRARY PIPELINE
==============================================================================

Batch                    : batch_0030
Frozen design            : /Users/bhanugarg/Desktop/localized-medical-image-synthesis/downstream_evaluation/manifests/br_lora_library_design_10000/batches/batch_0030_manifest.csv
Local staging            : /Users/bhanugarg/archive/br_lora_library_staging/batch_0030
Falcon library           : /scratch/bhanug/br_lora_library
Falcon acceptance        : True
Cleanup                  : True

==============================================================================
STAGE 1 — LOCAL GENERATION + PRODUCTION AUDIT
==============================================================================

/opt/anaconda3/envs/brats-nnunet/bin/python /Users/bhanugarg/Desktop/localized-medical-image-synthesis/scripts/run_br_lora_library_batch.py --batch batch_0030


==============================================================================
STAGE 2 — PREPARE FALCON BATCH DESTINATION
==============================================================================

ssh falcon bash -s


==============================================================================
STAGE 2 — TRANSFER BATCH TO FALCON
==============================================================================

rsync -avh --partial --progress --inplace /Users/bhanugarg/archive/br_lora_library_staging/batch_0030/ falcon:/scratch/bhanug/br_lora_library/batches/batch_0030/


==============================================================================
STAGE 3 — TRANSFER MANIFESTS
==============================================================================

rsync -avh --partial /Users/bhanugarg/Desktop/localized-medical-image-synthesis/downstream_evaluation/manifests/br_lora_library_design_10000/batches/batch_0030_manifest.csv /Users/bhanugarg/Desktop/localized-medical-image-synthesis/downstream_evaluation/manifests/br_lora_library_design_10000/batches/batch_0030_external_evaluation_manifest.csv falcon:/scratch/bhanug/br_lora_library/manifests/


==============================================================================
STAGE 3 — TRANSFER AUDIT RECORDS
==============================================================================

rsync -avh --partial /Users/bhanugarg/archive/br_lora_library_staging/br_lora_batch_0030_production_audit.json /Users/bhanugarg/archive/br_lora_library_staging/br_lora_batch_0030_mac_sha256.txt falcon:/scratch/bhanug/br_lora_library/audits/


==============================================================================
STAGE 4 — FALCON SHA-256 VERIFICATION
==============================================================================

ssh falcon bash -s


==============================================================================
STAGE 5 — FALCON ACCEPTANCE
==============================================================================

ssh falcon bash -s


==============================================================================
LOCAL CLEANUP COMPLETE
==============================================================================

Deleted: /Users/bhanugarg/archive/br_lora_library_staging/batch_0030

==============================================================================
PIPELINE STAGE COMPLETE
==============================================================================

Batch                    : batch_0030
Local production         : PASS
Transfer                 : PASS
Mac/Falcon SHA-256       : IDENTICAL
Falcon acceptance        : PASS
Local cleanup            : COMPLETE
Next batch               : batch_0031

============================================================
COMPLETED: batch_0030
Finished: Sat Aug 15 23:27:26 EDT 2026
============================================================
