============================================================
BR-LoRA PIPELINE: batch_0040
Started: Sun Aug 16 02:03:45 EDT 2026
============================================================


==============================================================================
BR-LoRA EXTERNAL EVALUATION CONSTRUCTION
==============================================================================

Evaluation
------------------------------------------------------------------------------
Evaluation name          : br_lora_external_evaluation
Checkpoint               : /Users/bhanugarg/Desktop/localized-medical-image-synthesis/checkpoints/br_lora_full_train/final.pt
Device                   : mps
Seed                     : 42
Posterior realizations   : 100
Fixed diffusion noise    : True
Timestep fraction        : 0.75
Resume mode              : False

External dataset
------------------------------------------------------------------------------
Specification            : /Users/bhanugarg/archive/BraTS2020_ValidationData/MICCAI_BraTS2020_ValidationData/validation_dataset.yaml
Dataset root             : /Users/bhanugarg/archive/BraTS2020_ValidationData/MICCAI_BraTS2020_ValidationData
Registered subjects      : 125

Evaluation manifest
------------------------------------------------------------------------------
Manifest                 : /Users/bhanugarg/Desktop/localized-medical-image-synthesis/downstream_evaluation/manifests/br_lora_library_design_10000/batches/batch_0040_external_evaluation_manifest.csv
Cases                    : 250

BR-LoRA
------------------------------------------------------------------------------
Variational modules      : 7
Variational parameters   : 36,104
Donor image channel      : 0

Provenance
------------------------------------------------------------------------------
Git commit               : 35f169f8d879ca3e8fff921419a96451e704ba28
Future output directory  : /Users/bhanugarg/archive/br_lora_library_staging/batch_0040

==============================================================================
CONSTRUCTION VERDICT: PASS
The fitted BR-LoRA checkpoint, registered external dataset, fixed evaluation manifest, and diffusion schedule were constructed successfully.
==============================================================================

==============================================================================
RUNNING EXTERNAL POSTERIOR INFERENCE
==============================================================================

[1/250] synthetic_009751
  Case seed              : 824191678
  External subject       : BraTS20_Validation_122
  External slice         : 128
  Donor mask pixels      : 589
  Posterior stack        : (100, 1, 1, 240, 240)
  Case output            : /Users/bhanugarg/archive/br_lora_library_staging/batch_0040/synthetic_009751
  Verdict                : PASS

[2/250] synthetic_009752
  Case seed              : 533002510
  External subject       : BraTS20_Validation_122
  External slice         : 129
  Donor mask pixels      : 1080
  Posterior stack        : (100, 1, 1, 240, 240)
  Case output            : /Users/bhanugarg/archive/br_lora_library_staging/batch_0040/synthetic_009752
  Verdict                : PASS

[3/250] synthetic_009753
  Case seed              : 11505704
  External subject       : BraTS20_Validation_122
  External slice         : 129
  Donor mask pixels      : 469
  Posterior stack        : (100, 1, 1, 240, 240)
  Case output            : /Users/bhanugarg/archive/br_lora_library_staging/batch_0040/synthetic_009753
  Verdict                : PASS

[4/250] synthetic_009754
  Case seed              : 1822754077
  External subject       : BraTS20_Validation_122
  External slice         : 130
  Donor mask pixels      : 959
  Posterior stack        : (100, 1, 1, 240, 240)
  Case output            : /Users/bhanugarg/archive/br_lora_library_staging/batch_0040/synthetic_009754
  Verdict                : PASS

[5/250] synthetic_009755
  Case seed              : 1081812724
  External subject       : BraTS20_Validation_122
  External slice         : 130
  Donor mask pixels      : 960
  Posterior stack        : (100, 1, 1, 240, 240)
  Case output            : /Users/bhanugarg/archive/br_lora_library_staging/batch_0040/synthetic_009755
  Verdict                : PASS

[6/250] synthetic_009756
  Case seed              : 180169283
  External subject       : BraTS20_Validation_122
  External slice         : 131
  Donor mask pixels      : 1718
  Posterior stack        : (100, 1, 1, 240, 240)
  Case output            : /Users/bhanugarg/archive/br_lora_library_staging/batch_0040/synthetic_009756
  Verdict                : PASS

[7/250] synthetic_009757
  Case seed              : 1784072079
  External subject       : BraTS20_Validation_122
  External slice         : 131
  Donor mask pixels      : 3331
  Posterior stack        : (100, 1, 1, 240, 240)
  Case output            : /Users/bhanugarg/archive/br_lora_library_staging/batch_0040/synthetic_009757
  Verdict                : PASS

[8/250] synthetic_009758
  Case seed              : 366382466
  External subject       : BraTS20_Validation_122
  External slice         : 133
  Donor mask pixels      : 2854
  Posterior stack        : (100, 1, 1, 240, 240)
  Case output            : /Users/bhanugarg/archive/br_lora_library_staging/batch_0040/synthetic_009758
  Verdict                : PASS

[9/250] synthetic_009759
  Case seed              : 1663382731
  External subject       : BraTS20_Validation_122
  External slice         : 134
  Donor mask pixels      : 346
  Posterior stack        : (100, 1, 1, 240, 240)
  Case output            : /Users/bhanugarg/archive/br_lora_library_staging/batch_0040/synthetic_009759
  Verdict                : PASS

[10/250] synthetic_009760
  Case seed              : 1811900472
  External subject       : BraTS20_Validation_122
  External slice         : 135
  Donor mask pixels      : 319
  Posterior stack        : (100, 1, 1, 240, 240)
  Case output            : /Users/bhanugarg/archive/br_lora_library_staging/batch_0040/synthetic_009760
  Verdict                : PASS

[11/250] synthetic_009761
  Case seed              : 1851289311
  External subject       : BraTS20_Validation_122
  External slice         : 136
  Donor mask pixels      : 960
  Posterior stack        : (100, 1, 1, 240, 240)
  Case output            : /Users/bhanugarg/archive/br_lora_library_staging/batch_0040/synthetic_009761
  Verdict                : PASS

[12/250] synthetic_009762
  Case seed              : 217386492
  External subject       : BraTS20_Validation_122
  External slice         : 137
  Donor mask pixels      : 511
  Posterior stack        : (100, 1, 1, 240, 240)
  Case output            : /Users/bhanugarg/archive/br_lora_library_staging/batch_0040/synthetic_009762
  Verdict                : PASS

[13/250] synthetic_009763
  Case seed              : 1635076983
  External subject       : BraTS20_Validation_122
  External slice         : 138
  Donor mask pixels      : 1283
  Posterior stack        : (100, 1, 1, 240, 240)
  Case output            : /Users/bhanugarg/archive/br_lora_library_staging/batch_0040/synthetic_009763
  Verdict                : PASS

[14/250] synthetic_009764
  Case seed              : 400999426
  External subject       : BraTS20_Validation_122
  External slice         : 139
  Donor mask pixels      : 830
  Posterior stack        : (100, 1, 1, 240, 240)
  Case output            : /Users/bhanugarg/archive/br_lora_library_staging/batch_0040/synthetic_009764
  Verdict                : PASS

[15/250] synthetic_009765
  Case seed              : 444767629
  External subject       : BraTS20_Validation_122
  External slice         : 140
  Donor mask pixels      : 477
  Posterior stack        : (100, 1, 1, 240, 240)
  Case output            : /Users/bhanugarg/archive/br_lora_library_staging/batch_0040/synthetic_009765
  Verdict                : PASS

[16/250] synthetic_009766
  Case seed              : 614023482
  External subject       : BraTS20_Validation_122
  External slice         : 141
  Donor mask pixels      : 403
  Posterior stack        : (100, 1, 1, 240, 240)
  Case output            : /Users/bhanugarg/archive/br_lora_library_staging/batch_0040/synthetic_009766
  Verdict                : PASS

[17/250] synthetic_009767
  Case seed              : 438068855
  External subject       : BraTS20_Validation_123
  External slice         : 5
  Donor mask pixels      : 691
  Posterior stack        : (100, 1, 1, 240, 240)
  Case output            : /Users/bhanugarg/archive/br_lora_library_staging/batch_0040/synthetic_009767
  Verdict                : PASS

[18/250] synthetic_009768
  Case seed              : 640266589
  External subject       : BraTS20_Validation_123
  External slice         : 6
  Donor mask pixels      : 856
  Posterior stack        : (100, 1, 1, 240, 240)
  Case output            : /Users/bhanugarg/archive/br_lora_library_staging/batch_0040/synthetic_009768
  Verdict                : PASS

[19/250] synthetic_009769
  Case seed              : 106007834
  External subject       : BraTS20_Validation_123
  External slice         : 7
  Donor mask pixels      : 614
  Posterior stack        : (100, 1, 1, 240, 240)
  Case output            : /Users/bhanugarg/archive/br_lora_library_staging/batch_0040/synthetic_009769
  Verdict                : PASS

[20/250] synthetic_009770
  Case seed              : 654602237
  External subject       : BraTS20_Validation_123
  External slice         : 8
  Donor mask pixels      : 505
  Posterior stack        : (100, 1, 1, 240, 240)
  Case output            : /Users/bhanugarg/archive/br_lora_library_staging/batch_0040/synthetic_009770
  Verdict                : PASS

[21/250] synthetic_009771
  Case seed              : 119204813
  External subject       : BraTS20_Validation_123
  External slice         : 9
  Donor mask pixels      : 360
  Posterior stack        : (100, 1, 1, 240, 240)
  Case output            : /Users/bhanugarg/archive/br_lora_library_staging/batch_0040/synthetic_009771
  Verdict                : PASS

[22/250] synthetic_009772
  Case seed              : 2075276947
  External subject       : BraTS20_Validation_123
  External slice         : 10
  Donor mask pixels      : 998
  Posterior stack        : (100, 1, 1, 240, 240)
  Case output            : /Users/bhanugarg/archive/br_lora_library_staging/batch_0040/synthetic_009772
  Verdict                : PASS

[23/250] synthetic_009773
  Case seed              : 1329498646
  External subject       : BraTS20_Validation_123
  External slice         : 11
  Donor mask pixels      : 1466
  Posterior stack        : (100, 1, 1, 240, 240)
  Case output            : /Users/bhanugarg/archive/br_lora_library_staging/batch_0040/synthetic_009773
  Verdict                : PASS

[24/250] synthetic_009774
  Case seed              : 1485775690
  External subject       : BraTS20_Validation_123
  External slice         : 12
  Donor mask pixels      : 1766
  Posterior stack        : (100, 1, 1, 240, 240)
  Case output            : /Users/bhanugarg/archive/br_lora_library_staging/batch_0040/synthetic_009774
  Verdict                : PASS

[25/250] synthetic_009775
  Case seed              : 1056672651
  External subject       : BraTS20_Validation_123
  External slice         : 13
  Donor mask pixels      : 1578
  Posterior stack        : (100, 1, 1, 240, 240)
  Case output            : /Users/bhanugarg/archive/br_lora_library_staging/batch_0040/synthetic_009775
  Verdict                : PASS

[26/250] synthetic_009776
  Case seed              : 1235073577
  External subject       : BraTS20_Validation_123
  External slice         : 14
  Donor mask pixels      : 2141
  Posterior stack        : (100, 1, 1, 240, 240)
  Case output            : /Users/bhanugarg/archive/br_lora_library_staging/batch_0040/synthetic_009776
  Verdict                : PASS

[27/250] synthetic_009777
  Case seed              : 219791931
  External subject       : BraTS20_Validation_123
  External slice         : 15
  Donor mask pixels      : 1513
  Posterior stack        : (100, 1, 1, 240, 240)
  Case output            : /Users/bhanugarg/archive/br_lora_library_staging/batch_0040/synthetic_009777
  Verdict                : PASS

[28/250] synthetic_009778
  Case seed              : 1495815995
  External subject       : BraTS20_Validation_123
  External slice         : 16
  Donor mask pixels      : 1055
  Posterior stack        : (100, 1, 1, 240, 240)
  Case output            : /Users/bhanugarg/archive/br_lora_library_staging/batch_0040/synthetic_009778
  Verdict                : PASS

[29/250] synthetic_009779
  Case seed              : 662071137
  External subject       : BraTS20_Validation_123
  External slice         : 17
  Donor mask pixels      : 336
  Posterior stack        : (100, 1, 1, 240, 240)
  Case output            : /Users/bhanugarg/archive/br_lora_library_staging/batch_0040/synthetic_009779
  Verdict                : PASS

[30/250] synthetic_009780
  Case seed              : 201730432
  External subject       : BraTS20_Validation_123
  External slice         : 18
  Donor mask pixels      : 1588
  Posterior stack        : (100, 1, 1, 240, 240)
  Case output            : /Users/bhanugarg/archive/br_lora_library_staging/batch_0040/synthetic_009780
  Verdict                : PASS

[31/250] synthetic_009781
  Case seed              : 87870929
  External subject       : BraTS20_Validation_123
  External slice         : 19
  Donor mask pixels      : 633
  Posterior stack        : (100, 1, 1, 240, 240)
  Case output            : /Users/bhanugarg/archive/br_lora_library_staging/batch_0040/synthetic_009781
  Verdict                : PASS

[32/250] synthetic_009782
  Case seed              : 556523643
  External subject       : BraTS20_Validation_123
  External slice         : 20
  Donor mask pixels      : 693
  Posterior stack        : (100, 1, 1, 240, 240)
  Case output            : /Users/bhanugarg/archive/br_lora_library_staging/batch_0040/synthetic_009782
  Verdict                : PASS

[33/250] synthetic_009783
  Case seed              : 1084290857
  External subject       : BraTS20_Validation_123
  External slice         : 21
  Donor mask pixels      : 876
  Posterior stack        : (100, 1, 1, 240, 240)
  Case output            : /Users/bhanugarg/archive/br_lora_library_staging/batch_0040/synthetic_009783
  Verdict                : PASS

[34/250] synthetic_009784
  Case seed              : 1739239930
  External subject       : BraTS20_Validation_123
  External slice         : 22
  Donor mask pixels      : 989
  Posterior stack        : (100, 1, 1, 240, 240)
  Case output            : /Users/bhanugarg/archive/br_lora_library_staging/batch_0040/synthetic_009784
  Verdict                : PASS

[35/250] synthetic_009785
  Case seed              : 1533952898
  External subject       : BraTS20_Validation_123
  External slice         : 23
  Donor mask pixels      : 814
  Posterior stack        : (100, 1, 1, 240, 240)
  Case output            : /Users/bhanugarg/archive/br_lora_library_staging/batch_0040/synthetic_009785
  Verdict                : PASS

[36/250] synthetic_009786
  Case seed              : 313421296
  External subject       : BraTS20_Validation_123
  External slice         : 24
  Donor mask pixels      : 1404
  Posterior stack        : (100, 1, 1, 240, 240)
  Case output            : /Users/bhanugarg/archive/br_lora_library_staging/batch_0040/synthetic_009786
  Verdict                : PASS

[37/250] synthetic_009787
  Case seed              : 1719543536
  External subject       : BraTS20_Validation_123
  External slice         : 25
  Donor mask pixels      : 1938
  Posterior stack        : (100, 1, 1, 240, 240)
  Case output            : /Users/bhanugarg/archive/br_lora_library_staging/batch_0040/synthetic_009787
  Verdict                : PASS

[38/250] synthetic_009788
  Case seed              : 934982882
  External subject       : BraTS20_Validation_123
  External slice         : 26
  Donor mask pixels      : 1945
  Posterior stack        : (100, 1, 1, 240, 240)
  Case output            : /Users/bhanugarg/archive/br_lora_library_staging/batch_0040/synthetic_009788
  Verdict                : PASS

[39/250] synthetic_009789
  Case seed              : 2076483769
  External subject       : BraTS20_Validation_123
  External slice         : 27
  Donor mask pixels      : 1910
  Posterior stack        : (100, 1, 1, 240, 240)
  Case output            : /Users/bhanugarg/archive/br_lora_library_staging/batch_0040/synthetic_009789
  Verdict                : PASS

[40/250] synthetic_009790
  Case seed              : 1373034036
  External subject       : BraTS20_Validation_123
  External slice         : 28
  Donor mask pixels      : 843
  Posterior stack        : (100, 1, 1, 240, 240)
  Case output            : /Users/bhanugarg/archive/br_lora_library_staging/batch_0040/synthetic_009790
  Verdict                : PASS

[41/250] synthetic_009791
  Case seed              : 161330645
  External subject       : BraTS20_Validation_123
  External slice         : 29
  Donor mask pixels      : 800
  Posterior stack        : (100, 1, 1, 240, 240)
  Case output            : /Users/bhanugarg/archive/br_lora_library_staging/batch_0040/synthetic_009791
  Verdict                : PASS

[42/250] synthetic_009792
  Case seed              : 1130620764
  External subject       : BraTS20_Validation_123
  External slice         : 30
  Donor mask pixels      : 308
  Posterior stack        : (100, 1, 1, 240, 240)
  Case output            : /Users/bhanugarg/archive/br_lora_library_staging/batch_0040/synthetic_009792
  Verdict                : PASS

[43/250] synthetic_009793
  Case seed              : 1362088221
  External subject       : BraTS20_Validation_123
  External slice         : 31
  Donor mask pixels      : 527
  Posterior stack        : (100, 1, 1, 240, 240)
  Case output            : /Users/bhanugarg/archive/br_lora_library_staging/batch_0040/synthetic_009793
  Verdict                : PASS

[44/250] synthetic_009794
  Case seed              : 544135089
  External subject       : BraTS20_Validation_123
  External slice         : 32
  Donor mask pixels      : 753
  Posterior stack        : (100, 1, 1, 240, 240)
  Case output            : /Users/bhanugarg/archive/br_lora_library_staging/batch_0040/synthetic_009794
  Verdict                : PASS

[45/250] synthetic_009795
  Case seed              : 1476687035
  External subject       : BraTS20_Validation_123
  External slice         : 33
  Donor mask pixels      : 667
  Posterior stack        : (100, 1, 1, 240, 240)
  Case output            : /Users/bhanugarg/archive/br_lora_library_staging/batch_0040/synthetic_009795
  Verdict                : PASS

[46/250] synthetic_009796
  Case seed              : 1537217509
  External subject       : BraTS20_Validation_123
  External slice         : 34
  Donor mask pixels      : 1018
  Posterior stack        : (100, 1, 1, 240, 240)
  Case output            : /Users/bhanugarg/archive/br_lora_library_staging/batch_0040/synthetic_009796
  Verdict                : PASS

[47/250] synthetic_009797
  Case seed              : 84787663
  External subject       : BraTS20_Validation_123
  External slice         : 35
  Donor mask pixels      : 1313
  Posterior stack        : (100, 1, 1, 240, 240)
  Case output            : /Users/bhanugarg/archive/br_lora_library_staging/batch_0040/synthetic_009797
  Verdict                : PASS

[48/250] synthetic_009798
  Case seed              : 99250067
  External subject       : BraTS20_Validation_123
  External slice         : 36
  Donor mask pixels      : 1062
  Posterior stack        : (100, 1, 1, 240, 240)
  Case output            : /Users/bhanugarg/archive/br_lora_library_staging/batch_0040/synthetic_009798
  Verdict                : PASS

[49/250] synthetic_009799
  Case seed              : 695418206
  External subject       : BraTS20_Validation_123
  External slice         : 37
  Donor mask pixels      : 614
  Posterior stack        : (100, 1, 1, 240, 240)
  Case output            : /Users/bhanugarg/archive/br_lora_library_staging/batch_0040/synthetic_009799
  Verdict                : PASS

[50/250] synthetic_009800
  Case seed              : 1751950110
  External subject       : BraTS20_Validation_123
  External slice         : 38
  Donor mask pixels      : 3259
  Posterior stack        : (100, 1, 1, 240, 240)
  Case output            : /Users/bhanugarg/archive/br_lora_library_staging/batch_0040/synthetic_009800
  Verdict                : PASS

[51/250] synthetic_009801
  Case seed              : 991773063
  External subject       : BraTS20_Validation_123
  External slice         : 39
  Donor mask pixels      : 868
  Posterior stack        : (100, 1, 1, 240, 240)
  Case output            : /Users/bhanugarg/archive/br_lora_library_staging/batch_0040/synthetic_009801
  Verdict                : PASS

[52/250] synthetic_009802
  Case seed              : 1110566638
  External subject       : BraTS20_Validation_123
  External slice         : 40
  Donor mask pixels      : 480
  Posterior stack        : (100, 1, 1, 240, 240)
  Case output            : /Users/bhanugarg/archive/br_lora_library_staging/batch_0040/synthetic_009802
  Verdict                : PASS

[53/250] synthetic_009803
  Case seed              : 223032205
  External subject       : BraTS20_Validation_123
  External slice         : 100
  Donor mask pixels      : 2107
  Posterior stack        : (100, 1, 1, 240, 240)
  Case output            : /Users/bhanugarg/archive/br_lora_library_staging/batch_0040/synthetic_009803
  Verdict                : PASS

[54/250] synthetic_009804
  Case seed              : 834800388
  External subject       : BraTS20_Validation_123
  External slice         : 101
  Donor mask pixels      : 2915
  Posterior stack        : (100, 1, 1, 240, 240)
  Case output            : /Users/bhanugarg/archive/br_lora_library_staging/batch_0040/synthetic_009804
  Verdict                : PASS

[55/250] synthetic_009805
  Case seed              : 158294613
  External subject       : BraTS20_Validation_123
  External slice         : 101
  Donor mask pixels      : 2510
  Posterior stack        : (100, 1, 1, 240, 240)
  Case output            : /Users/bhanugarg/archive/br_lora_library_staging/batch_0040/synthetic_009805
  Verdict                : PASS

[56/250] synthetic_009806
  Case seed              : 567912818
  External subject       : BraTS20_Validation_123
  External slice         : 102
  Donor mask pixels      : 3675
  Posterior stack        : (100, 1, 1, 240, 240)
  Case output            : /Users/bhanugarg/archive/br_lora_library_staging/batch_0040/synthetic_009806
  Verdict                : PASS

[57/250] synthetic_009807
  Case seed              : 848090466
  External subject       : BraTS20_Validation_123
  External slice         : 103
  Donor mask pixels      : 4004
  Posterior stack        : (100, 1, 1, 240, 240)
  Case output            : /Users/bhanugarg/archive/br_lora_library_staging/batch_0040/synthetic_009807
  Verdict                : PASS

[58/250] synthetic_009808
  Case seed              : 1964030887
  External subject       : BraTS20_Validation_123
  External slice         : 104
  Donor mask pixels      : 2907
  Posterior stack        : (100, 1, 1, 240, 240)
  Case output            : /Users/bhanugarg/archive/br_lora_library_staging/batch_0040/synthetic_009808
  Verdict                : PASS

[59/250] synthetic_009809
  Case seed              : 1335085086
  External subject       : BraTS20_Validation_123
  External slice         : 105
  Donor mask pixels      : 4225
  Posterior stack        : (100, 1, 1, 240, 240)
  Case output            : /Users/bhanugarg/archive/br_lora_library_staging/batch_0040/synthetic_009809
  Verdict                : PASS

[60/250] synthetic_009810
  Case seed              : 1148554001
  External subject       : BraTS20_Validation_123
  External slice         : 106
  Donor mask pixels      : 771
  Posterior stack        : (100, 1, 1, 240, 240)
  Case output            : /Users/bhanugarg/archive/br_lora_library_staging/batch_0040/synthetic_009810
  Verdict                : PASS

[61/250] synthetic_009811
  Case seed              : 1750725862
  External subject       : BraTS20_Validation_123
  External slice         : 107
  Donor mask pixels      : 2172
  Posterior stack        : (100, 1, 1, 240, 240)
  Case output            : /Users/bhanugarg/archive/br_lora_library_staging/batch_0040/synthetic_009811
  Verdict                : PASS

[62/250] synthetic_009812
  Case seed              : 1715143915
  External subject       : BraTS20_Validation_123
  External slice         : 108
  Donor mask pixels      : 6305
  Posterior stack        : (100, 1, 1, 240, 240)
  Case output            : /Users/bhanugarg/archive/br_lora_library_staging/batch_0040/synthetic_009812
  Verdict                : PASS

[63/250] synthetic_009813
  Case seed              : 1207586854
  External subject       : BraTS20_Validation_123
  External slice         : 109
  Donor mask pixels      : 3132
  Posterior stack        : (100, 1, 1, 240, 240)
  Case output            : /Users/bhanugarg/archive/br_lora_library_staging/batch_0040/synthetic_009813
  Verdict                : PASS

[64/250] synthetic_009814
  Case seed              : 1014349456
  External subject       : BraTS20_Validation_123
  External slice         : 110
  Donor mask pixels      : 3014
  Posterior stack        : (100, 1, 1, 240, 240)
  Case output            : /Users/bhanugarg/archive/br_lora_library_staging/batch_0040/synthetic_009814
  Verdict                : PASS

[65/250] synthetic_009815
  Case seed              : 1449528472
  External subject       : BraTS20_Validation_123
  External slice         : 111
  Donor mask pixels      : 481
  Posterior stack        : (100, 1, 1, 240, 240)
  Case output            : /Users/bhanugarg/archive/br_lora_library_staging/batch_0040/synthetic_009815
  Verdict                : PASS

[66/250] synthetic_009816
  Case seed              : 193773634
  External subject       : BraTS20_Validation_123
  External slice         : 112
  Donor mask pixels      : 1944
  Posterior stack        : (100, 1, 1, 240, 240)
  Case output            : /Users/bhanugarg/archive/br_lora_library_staging/batch_0040/synthetic_009816
  Verdict                : PASS

[67/250] synthetic_009817
  Case seed              : 954988997
  External subject       : BraTS20_Validation_123
  External slice         : 113
  Donor mask pixels      : 1886
  Posterior stack        : (100, 1, 1, 240, 240)
  Case output            : /Users/bhanugarg/archive/br_lora_library_staging/batch_0040/synthetic_009817
  Verdict                : PASS

[68/250] synthetic_009818
  Case seed              : 375397830
  External subject       : BraTS20_Validation_123
  External slice         : 114
  Donor mask pixels      : 3981
  Posterior stack        : (100, 1, 1, 240, 240)
  Case output            : /Users/bhanugarg/archive/br_lora_library_staging/batch_0040/synthetic_009818
  Verdict                : PASS

[69/250] synthetic_009819
  Case seed              : 920033714
  External subject       : BraTS20_Validation_123
  External slice         : 115
  Donor mask pixels      : 5024
  Posterior stack        : (100, 1, 1, 240, 240)
  Case output            : /Users/bhanugarg/archive/br_lora_library_staging/batch_0040/synthetic_009819
  Verdict                : PASS

[70/250] synthetic_009820
  Case seed              : 1657674307
  External subject       : BraTS20_Validation_123
  External slice         : 116
  Donor mask pixels      : 1119
  Posterior stack        : (100, 1, 1, 240, 240)
  Case output            : /Users/bhanugarg/archive/br_lora_library_staging/batch_0040/synthetic_009820
  Verdict                : PASS

[71/250] synthetic_009821
  Case seed              : 932835215
  External subject       : BraTS20_Validation_123
  External slice         : 117
  Donor mask pixels      : 922
  Posterior stack        : (100, 1, 1, 240, 240)
  Case output            : /Users/bhanugarg/archive/br_lora_library_staging/batch_0040/synthetic_009821
  Verdict                : PASS

[72/250] synthetic_009822
  Case seed              : 1482406913
  External subject       : BraTS20_Validation_123
  External slice         : 118
  Donor mask pixels      : 3100
  Posterior stack        : (100, 1, 1, 240, 240)
  Case output            : /Users/bhanugarg/archive/br_lora_library_staging/batch_0040/synthetic_009822
  Verdict                : PASS

[73/250] synthetic_009823
  Case seed              : 1130470564
  External subject       : BraTS20_Validation_123
  External slice         : 119
  Donor mask pixels      : 2228
  Posterior stack        : (100, 1, 1, 240, 240)
  Case output            : /Users/bhanugarg/archive/br_lora_library_staging/batch_0040/synthetic_009823
  Verdict                : PASS

[74/250] synthetic_009824
  Case seed              : 1280917266
  External subject       : BraTS20_Validation_123
  External slice         : 120
  Donor mask pixels      : 2500
  Posterior stack        : (100, 1, 1, 240, 240)
  Case output            : /Users/bhanugarg/archive/br_lora_library_staging/batch_0040/synthetic_009824
  Verdict                : PASS

[75/250] synthetic_009825
  Case seed              : 638619606
  External subject       : BraTS20_Validation_123
  External slice         : 121
  Donor mask pixels      : 2421
  Posterior stack        : (100, 1, 1, 240, 240)
  Case output            : /Users/bhanugarg/archive/br_lora_library_staging/batch_0040/synthetic_009825
  Verdict                : PASS

[76/250] synthetic_009826
  Case seed              : 1281135147
  External subject       : BraTS20_Validation_123
  External slice         : 122
  Donor mask pixels      : 529
  Posterior stack        : (100, 1, 1, 240, 240)
  Case output            : /Users/bhanugarg/archive/br_lora_library_staging/batch_0040/synthetic_009826
  Verdict                : PASS

[77/250] synthetic_009827
  Case seed              : 220211524
  External subject       : BraTS20_Validation_123
  External slice         : 123
  Donor mask pixels      : 2493
  Posterior stack        : (100, 1, 1, 240, 240)
  Case output            : /Users/bhanugarg/archive/br_lora_library_staging/batch_0040/synthetic_009827
  Verdict                : PASS

[78/250] synthetic_009828
  Case seed              : 1711657964
  External subject       : BraTS20_Validation_123
  External slice         : 124
  Donor mask pixels      : 3079
  Posterior stack        : (100, 1, 1, 240, 240)
  Case output            : /Users/bhanugarg/archive/br_lora_library_staging/batch_0040/synthetic_009828
  Verdict                : PASS

[79/250] synthetic_009829
  Case seed              : 1173317788
  External subject       : BraTS20_Validation_123
  External slice         : 125
  Donor mask pixels      : 841
  Posterior stack        : (100, 1, 1, 240, 240)
  Case output            : /Users/bhanugarg/archive/br_lora_library_staging/batch_0040/synthetic_009829
  Verdict                : PASS

[80/250] synthetic_009830
  Case seed              : 1613549165
  External subject       : BraTS20_Validation_123
  External slice         : 126
  Donor mask pixels      : 1582
  Posterior stack        : (100, 1, 1, 240, 240)
  Case output            : /Users/bhanugarg/archive/br_lora_library_staging/batch_0040/synthetic_009830
  Verdict                : PASS

[81/250] synthetic_009831
  Case seed              : 722246059
  External subject       : BraTS20_Validation_123
  External slice         : 127
  Donor mask pixels      : 1179
  Posterior stack        : (100, 1, 1, 240, 240)
  Case output            : /Users/bhanugarg/archive/br_lora_library_staging/batch_0040/synthetic_009831
  Verdict                : PASS

[82/250] synthetic_009832
  Case seed              : 1515050430
  External subject       : BraTS20_Validation_123
  External slice         : 128
  Donor mask pixels      : 1021
  Posterior stack        : (100, 1, 1, 240, 240)
  Case output            : /Users/bhanugarg/archive/br_lora_library_staging/batch_0040/synthetic_009832
  Verdict                : PASS

[83/250] synthetic_009833
  Case seed              : 2084935164
  External subject       : BraTS20_Validation_123
  External slice         : 129
  Donor mask pixels      : 1155
  Posterior stack        : (100, 1, 1, 240, 240)
  Case output            : /Users/bhanugarg/archive/br_lora_library_staging/batch_0040/synthetic_009833
  Verdict                : PASS

[84/250] synthetic_009834
  Case seed              : 38957517
  External subject       : BraTS20_Validation_123
  External slice         : 130
  Donor mask pixels      : 1720
  Posterior stack        : (100, 1, 1, 240, 240)
  Case output            : /Users/bhanugarg/archive/br_lora_library_staging/batch_0040/synthetic_009834
  Verdict                : PASS

[85/250] synthetic_009835
  Case seed              : 283536112
  External subject       : BraTS20_Validation_123
  External slice         : 131
  Donor mask pixels      : 3683
  Posterior stack        : (100, 1, 1, 240, 240)
  Case output            : /Users/bhanugarg/archive/br_lora_library_staging/batch_0040/synthetic_009835
  Verdict                : PASS

[86/250] synthetic_009836
  Case seed              : 1434921737
  External subject       : BraTS20_Validation_123
  External slice         : 132
  Donor mask pixels      : 569
  Posterior stack        : (100, 1, 1, 240, 240)
  Case output            : /Users/bhanugarg/archive/br_lora_library_staging/batch_0040/synthetic_009836
  Verdict                : PASS

[87/250] synthetic_009837
  Case seed              : 1336442744
  External subject       : BraTS20_Validation_123
  External slice         : 133
  Donor mask pixels      : 1566
  Posterior stack        : (100, 1, 1, 240, 240)
  Case output            : /Users/bhanugarg/archive/br_lora_library_staging/batch_0040/synthetic_009837
  Verdict                : PASS

[88/250] synthetic_009838
  Case seed              : 113129808
  External subject       : BraTS20_Validation_123
  External slice         : 134
  Donor mask pixels      : 1459
  Posterior stack        : (100, 1, 1, 240, 240)
  Case output            : /Users/bhanugarg/archive/br_lora_library_staging/batch_0040/synthetic_009838
  Verdict                : PASS

[89/250] synthetic_009839
  Case seed              : 1149637128
  External subject       : BraTS20_Validation_123
  External slice         : 135
  Donor mask pixels      : 1393
  Posterior stack        : (100, 1, 1, 240, 240)
  Case output            : /Users/bhanugarg/archive/br_lora_library_staging/batch_0040/synthetic_009839
  Verdict                : PASS

[90/250] synthetic_009840
  Case seed              : 1226706121
  External subject       : BraTS20_Validation_123
  External slice         : 136
  Donor mask pixels      : 587
  Posterior stack        : (100, 1, 1, 240, 240)
  Case output            : /Users/bhanugarg/archive/br_lora_library_staging/batch_0040/synthetic_009840
  Verdict                : PASS

[91/250] synthetic_009841
  Case seed              : 691490741
  External subject       : BraTS20_Validation_123
  External slice         : 137
  Donor mask pixels      : 499
  Posterior stack        : (100, 1, 1, 240, 240)
  Case output            : /Users/bhanugarg/archive/br_lora_library_staging/batch_0040/synthetic_009841
  Verdict                : PASS

[92/250] synthetic_009842
  Case seed              : 538417387
  External subject       : BraTS20_Validation_123
  External slice         : 138
  Donor mask pixels      : 913
  Posterior stack        : (100, 1, 1, 240, 240)
  Case output            : /Users/bhanugarg/archive/br_lora_library_staging/batch_0040/synthetic_009842
  Verdict                : PASS

[93/250] synthetic_009843
  Case seed              : 1965667456
  External subject       : BraTS20_Validation_123
  External slice         : 139
  Donor mask pixels      : 558
  Posterior stack        : (100, 1, 1, 240, 240)
  Case output            : /Users/bhanugarg/archive/br_lora_library_staging/batch_0040/synthetic_009843
  Verdict                : PASS

[94/250] synthetic_009844
  Case seed              : 710520858
  External subject       : BraTS20_Validation_123
  External slice         : 140
  Donor mask pixels      : 624
  Posterior stack        : (100, 1, 1, 240, 240)
  Case output            : /Users/bhanugarg/archive/br_lora_library_staging/batch_0040/synthetic_009844
  Verdict                : PASS

[95/250] synthetic_009845
  Case seed              : 1023739550
  External subject       : BraTS20_Validation_124
  External slice         : 4
  Donor mask pixels      : 361
  Posterior stack        : (100, 1, 1, 240, 240)
  Case output            : /Users/bhanugarg/archive/br_lora_library_staging/batch_0040/synthetic_009845
  Verdict                : PASS

[96/250] synthetic_009846
  Case seed              : 468472797
  External subject       : BraTS20_Validation_124
  External slice         : 6
  Donor mask pixels      : 388
  Posterior stack        : (100, 1, 1, 240, 240)
  Case output            : /Users/bhanugarg/archive/br_lora_library_staging/batch_0040/synthetic_009846
  Verdict                : PASS

[97/250] synthetic_009847
  Case seed              : 2145366092
  External subject       : BraTS20_Validation_124
  External slice         : 7
  Donor mask pixels      : 549
  Posterior stack        : (100, 1, 1, 240, 240)
  Case output            : /Users/bhanugarg/archive/br_lora_library_staging/batch_0040/synthetic_009847
  Verdict                : PASS

[98/250] synthetic_009848
  Case seed              : 1005168766
  External subject       : BraTS20_Validation_124
  External slice         : 8
  Donor mask pixels      : 715
  Posterior stack        : (100, 1, 1, 240, 240)
  Case output            : /Users/bhanugarg/archive/br_lora_library_staging/batch_0040/synthetic_009848
  Verdict                : PASS

[99/250] synthetic_009849
  Case seed              : 641437562
  External subject       : BraTS20_Validation_124
  External slice         : 9
  Donor mask pixels      : 1278
  Posterior stack        : (100, 1, 1, 240, 240)
  Case output            : /Users/bhanugarg/archive/br_lora_library_staging/batch_0040/synthetic_009849
  Verdict                : PASS

[100/250] synthetic_009850
  Case seed              : 1555574576
  External subject       : BraTS20_Validation_124
  External slice         : 10
  Donor mask pixels      : 758
  Posterior stack        : (100, 1, 1, 240, 240)
  Case output            : /Users/bhanugarg/archive/br_lora_library_staging/batch_0040/synthetic_009850
  Verdict                : PASS

[101/250] synthetic_009851
  Case seed              : 759692189
  External subject       : BraTS20_Validation_124
  External slice         : 11
  Donor mask pixels      : 1370
  Posterior stack        : (100, 1, 1, 240, 240)
  Case output            : /Users/bhanugarg/archive/br_lora_library_staging/batch_0040/synthetic_009851
  Verdict                : PASS

[102/250] synthetic_009852
  Case seed              : 1649002379
  External subject       : BraTS20_Validation_124
  External slice         : 12
  Donor mask pixels      : 1201
  Posterior stack        : (100, 1, 1, 240, 240)
  Case output            : /Users/bhanugarg/archive/br_lora_library_staging/batch_0040/synthetic_009852
  Verdict                : PASS

[103/250] synthetic_009853
  Case seed              : 951475285
  External subject       : BraTS20_Validation_124
  External slice         : 13
  Donor mask pixels      : 924
  Posterior stack        : (100, 1, 1, 240, 240)
  Case output            : /Users/bhanugarg/archive/br_lora_library_staging/batch_0040/synthetic_009853
  Verdict                : PASS

[104/250] synthetic_009854
  Case seed              : 24524002
  External subject       : BraTS20_Validation_124
  External slice         : 14
  Donor mask pixels      : 1136
  Posterior stack        : (100, 1, 1, 240, 240)
  Case output            : /Users/bhanugarg/archive/br_lora_library_staging/batch_0040/synthetic_009854
  Verdict                : PASS

[105/250] synthetic_009855
  Case seed              : 1397055884
  External subject       : BraTS20_Validation_124
  External slice         : 15
  Donor mask pixels      : 1532
  Posterior stack        : (100, 1, 1, 240, 240)
  Case output            : /Users/bhanugarg/archive/br_lora_library_staging/batch_0040/synthetic_009855
  Verdict                : PASS

[106/250] synthetic_009856
  Case seed              : 1125717845
  External subject       : BraTS20_Validation_124
  External slice         : 16
  Donor mask pixels      : 586
  Posterior stack        : (100, 1, 1, 240, 240)
  Case output            : /Users/bhanugarg/archive/br_lora_library_staging/batch_0040/synthetic_009856
  Verdict                : PASS

[107/250] synthetic_009857
  Case seed              : 1014029832
  External subject       : BraTS20_Validation_124
  External slice         : 17
  Donor mask pixels      : 1024
  Posterior stack        : (100, 1, 1, 240, 240)
  Case output            : /Users/bhanugarg/archive/br_lora_library_staging/batch_0040/synthetic_009857
  Verdict                : PASS

[108/250] synthetic_009858
  Case seed              : 1952383318
  External subject       : BraTS20_Validation_124
  External slice         : 18
  Donor mask pixels      : 674
  Posterior stack        : (100, 1, 1, 240, 240)
  Case output            : /Users/bhanugarg/archive/br_lora_library_staging/batch_0040/synthetic_009858
  Verdict                : PASS

[109/250] synthetic_009859
  Case seed              : 1715148852
  External subject       : BraTS20_Validation_124
  External slice         : 19
  Donor mask pixels      : 1980
  Posterior stack        : (100, 1, 1, 240, 240)
  Case output            : /Users/bhanugarg/archive/br_lora_library_staging/batch_0040/synthetic_009859
  Verdict                : PASS

[110/250] synthetic_009860
  Case seed              : 661714402
  External subject       : BraTS20_Validation_124
  External slice         : 20
  Donor mask pixels      : 1453
  Posterior stack        : (100, 1, 1, 240, 240)
  Case output            : /Users/bhanugarg/archive/br_lora_library_staging/batch_0040/synthetic_009860
  Verdict                : PASS

[111/250] synthetic_009861
  Case seed              : 1490557592
  External subject       : BraTS20_Validation_124
  External slice         : 21
  Donor mask pixels      : 507
  Posterior stack        : (100, 1, 1, 240, 240)
  Case output            : /Users/bhanugarg/archive/br_lora_library_staging/batch_0040/synthetic_009861
  Verdict                : PASS

[112/250] synthetic_009862
  Case seed              : 749662388
  External subject       : BraTS20_Validation_124
  External slice         : 22
  Donor mask pixels      : 784
  Posterior stack        : (100, 1, 1, 240, 240)
  Case output            : /Users/bhanugarg/archive/br_lora_library_staging/batch_0040/synthetic_009862
  Verdict                : PASS

[113/250] synthetic_009863
  Case seed              : 331262367
  External subject       : BraTS20_Validation_124
  External slice         : 23
  Donor mask pixels      : 1481
  Posterior stack        : (100, 1, 1, 240, 240)
  Case output            : /Users/bhanugarg/archive/br_lora_library_staging/batch_0040/synthetic_009863
  Verdict                : PASS

[114/250] synthetic_009864
  Case seed              : 217207368
  External subject       : BraTS20_Validation_124
  External slice         : 24
  Donor mask pixels      : 301
  Posterior stack        : (100, 1, 1, 240, 240)
  Case output            : /Users/bhanugarg/archive/br_lora_library_staging/batch_0040/synthetic_009864
  Verdict                : PASS

[115/250] synthetic_009865
  Case seed              : 720966756
  External subject       : BraTS20_Validation_124
  External slice         : 25
  Donor mask pixels      : 420
  Posterior stack        : (100, 1, 1, 240, 240)
  Case output            : /Users/bhanugarg/archive/br_lora_library_staging/batch_0040/synthetic_009865
  Verdict                : PASS

[116/250] synthetic_009866
  Case seed              : 2086719481
  External subject       : BraTS20_Validation_124
  External slice         : 26
  Donor mask pixels      : 1650
  Posterior stack        : (100, 1, 1, 240, 240)
  Case output            : /Users/bhanugarg/archive/br_lora_library_staging/batch_0040/synthetic_009866
  Verdict                : PASS

[117/250] synthetic_009867
  Case seed              : 988565337
  External subject       : BraTS20_Validation_124
  External slice         : 100
  Donor mask pixels      : 1791
  Posterior stack        : (100, 1, 1, 240, 240)
  Case output            : /Users/bhanugarg/archive/br_lora_library_staging/batch_0040/synthetic_009867
  Verdict                : PASS

[118/250] synthetic_009868
  Case seed              : 1381165346
  External subject       : BraTS20_Validation_124
  External slice         : 100
  Donor mask pixels      : 4423
  Posterior stack        : (100, 1, 1, 240, 240)
  Case output            : /Users/bhanugarg/archive/br_lora_library_staging/batch_0040/synthetic_009868
  Verdict                : PASS

[119/250] synthetic_009869
  Case seed              : 2105799419
  External subject       : BraTS20_Validation_124
  External slice         : 101
  Donor mask pixels      : 1157
  Posterior stack        : (100, 1, 1, 240, 240)
  Case output            : /Users/bhanugarg/archive/br_lora_library_staging/batch_0040/synthetic_009869
  Verdict                : PASS

[120/250] synthetic_009870
  Case seed              : 1455109044
  External subject       : BraTS20_Validation_124
  External slice         : 101
  Donor mask pixels      : 746
  Posterior stack        : (100, 1, 1, 240, 240)
  Case output            : /Users/bhanugarg/archive/br_lora_library_staging/batch_0040/synthetic_009870
  Verdict                : PASS

[121/250] synthetic_009871
  Case seed              : 1077129066
  External subject       : BraTS20_Validation_124
  External slice         : 102
  Donor mask pixels      : 1428
  Posterior stack        : (100, 1, 1, 240, 240)
  Case output            : /Users/bhanugarg/archive/br_lora_library_staging/batch_0040/synthetic_009871
  Verdict                : PASS

[122/250] synthetic_009872
  Case seed              : 1821771616
  External subject       : BraTS20_Validation_124
  External slice         : 102
  Donor mask pixels      : 768
  Posterior stack        : (100, 1, 1, 240, 240)
  Case output            : /Users/bhanugarg/archive/br_lora_library_staging/batch_0040/synthetic_009872
  Verdict                : PASS

[123/250] synthetic_009873
  Case seed              : 1672569299
  External subject       : BraTS20_Validation_124
  External slice         : 103
  Donor mask pixels      : 2288
  Posterior stack        : (100, 1, 1, 240, 240)
  Case output            : /Users/bhanugarg/archive/br_lora_library_staging/batch_0040/synthetic_009873
  Verdict                : PASS

[124/250] synthetic_009874
  Case seed              : 652405453
  External subject       : BraTS20_Validation_124
  External slice         : 103
  Donor mask pixels      : 1290
  Posterior stack        : (100, 1, 1, 240, 240)
  Case output            : /Users/bhanugarg/archive/br_lora_library_staging/batch_0040/synthetic_009874
  Verdict                : PASS

[125/250] synthetic_009875
  Case seed              : 1005200416
  External subject       : BraTS20_Validation_124
  External slice         : 104
  Donor mask pixels      : 4299
  Posterior stack        : (100, 1, 1, 240, 240)
  Case output            : /Users/bhanugarg/archive/br_lora_library_staging/batch_0040/synthetic_009875
  Verdict                : PASS

[126/250] synthetic_009876
  Case seed              : 2015754353
  External subject       : BraTS20_Validation_124
  External slice         : 104
  Donor mask pixels      : 2316
  Posterior stack        : (100, 1, 1, 240, 240)
  Case output            : /Users/bhanugarg/archive/br_lora_library_staging/batch_0040/synthetic_009876
  Verdict                : PASS

[127/250] synthetic_009877
  Case seed              : 842386642
  External subject       : BraTS20_Validation_124
  External slice         : 105
  Donor mask pixels      : 1045
  Posterior stack        : (100, 1, 1, 240, 240)
  Case output            : /Users/bhanugarg/archive/br_lora_library_staging/batch_0040/synthetic_009877
  Verdict                : PASS

[128/250] synthetic_009878
  Case seed              : 816488436
  External subject       : BraTS20_Validation_124
  External slice         : 105
  Donor mask pixels      : 449
  Posterior stack        : (100, 1, 1, 240, 240)
  Case output            : /Users/bhanugarg/archive/br_lora_library_staging/batch_0040/synthetic_009878
  Verdict                : PASS

[129/250] synthetic_009879
  Case seed              : 1665914679
  External subject       : BraTS20_Validation_124
  External slice         : 106
  Donor mask pixels      : 354
  Posterior stack        : (100, 1, 1, 240, 240)
  Case output            : /Users/bhanugarg/archive/br_lora_library_staging/batch_0040/synthetic_009879
  Verdict                : PASS

[130/250] synthetic_009880
  Case seed              : 1078107319
  External subject       : BraTS20_Validation_124
  External slice         : 106
  Donor mask pixels      : 910
  Posterior stack        : (100, 1, 1, 240, 240)
  Case output            : /Users/bhanugarg/archive/br_lora_library_staging/batch_0040/synthetic_009880
  Verdict                : PASS

[131/250] synthetic_009881
  Case seed              : 1038236599
  External subject       : BraTS20_Validation_124
  External slice         : 107
  Donor mask pixels      : 1736
  Posterior stack        : (100, 1, 1, 240, 240)
  Case output            : /Users/bhanugarg/archive/br_lora_library_staging/batch_0040/synthetic_009881
  Verdict                : PASS

[132/250] synthetic_009882
  Case seed              : 1234336204
  External subject       : BraTS20_Validation_124
  External slice         : 107
  Donor mask pixels      : 2935
  Posterior stack        : (100, 1, 1, 240, 240)
  Case output            : /Users/bhanugarg/archive/br_lora_library_staging/batch_0040/synthetic_009882
  Verdict                : PASS

[133/250] synthetic_009883
  Case seed              : 608872683
  External subject       : BraTS20_Validation_124
  External slice         : 108
  Donor mask pixels      : 4413
  Posterior stack        : (100, 1, 1, 240, 240)
  Case output            : /Users/bhanugarg/archive/br_lora_library_staging/batch_0040/synthetic_009883
  Verdict                : PASS

[134/250] synthetic_009884
  Case seed              : 12734051
  External subject       : BraTS20_Validation_124
  External slice         : 108
  Donor mask pixels      : 1699
  Posterior stack        : (100, 1, 1, 240, 240)
  Case output            : /Users/bhanugarg/archive/br_lora_library_staging/batch_0040/synthetic_009884
  Verdict                : PASS

[135/250] synthetic_009885
  Case seed              : 1718684563
  External subject       : BraTS20_Validation_124
  External slice         : 109
  Donor mask pixels      : 2955
  Posterior stack        : (100, 1, 1, 240, 240)
  Case output            : /Users/bhanugarg/archive/br_lora_library_staging/batch_0040/synthetic_009885
  Verdict                : PASS

[136/250] synthetic_009886
  Case seed              : 1675870207
  External subject       : BraTS20_Validation_124
  External slice         : 109
  Donor mask pixels      : 3647
  Posterior stack        : (100, 1, 1, 240, 240)
  Case output            : /Users/bhanugarg/archive/br_lora_library_staging/batch_0040/synthetic_009886
  Verdict                : PASS

[137/250] synthetic_009887
  Case seed              : 2132233493
  External subject       : BraTS20_Validation_124
  External slice         : 110
  Donor mask pixels      : 2507
  Posterior stack        : (100, 1, 1, 240, 240)
  Case output            : /Users/bhanugarg/archive/br_lora_library_staging/batch_0040/synthetic_009887
  Verdict                : PASS

[138/250] synthetic_009888
  Case seed              : 119735925
  External subject       : BraTS20_Validation_124
  External slice         : 110
  Donor mask pixels      : 2024
  Posterior stack        : (100, 1, 1, 240, 240)
  Case output            : /Users/bhanugarg/archive/br_lora_library_staging/batch_0040/synthetic_009888
  Verdict                : PASS

[139/250] synthetic_009889
  Case seed              : 18970273
  External subject       : BraTS20_Validation_124
  External slice         : 111
  Donor mask pixels      : 1068
  Posterior stack        : (100, 1, 1, 240, 240)
  Case output            : /Users/bhanugarg/archive/br_lora_library_staging/batch_0040/synthetic_009889
  Verdict                : PASS

[140/250] synthetic_009890
  Case seed              : 1296955953
  External subject       : BraTS20_Validation_124
  External slice         : 111
  Donor mask pixels      : 3007
  Posterior stack        : (100, 1, 1, 240, 240)
  Case output            : /Users/bhanugarg/archive/br_lora_library_staging/batch_0040/synthetic_009890
  Verdict                : PASS

[141/250] synthetic_009891
  Case seed              : 1158400940
  External subject       : BraTS20_Validation_124
  External slice         : 112
  Donor mask pixels      : 3561
  Posterior stack        : (100, 1, 1, 240, 240)
  Case output            : /Users/bhanugarg/archive/br_lora_library_staging/batch_0040/synthetic_009891
  Verdict                : PASS

[142/250] synthetic_009892
  Case seed              : 1989410804
  External subject       : BraTS20_Validation_124
  External slice         : 112
  Donor mask pixels      : 2721
  Posterior stack        : (100, 1, 1, 240, 240)
  Case output            : /Users/bhanugarg/archive/br_lora_library_staging/batch_0040/synthetic_009892
  Verdict                : PASS

[143/250] synthetic_009893
  Case seed              : 327249364
  External subject       : BraTS20_Validation_124
  External slice         : 113
  Donor mask pixels      : 2846
  Posterior stack        : (100, 1, 1, 240, 240)
  Case output            : /Users/bhanugarg/archive/br_lora_library_staging/batch_0040/synthetic_009893
  Verdict                : PASS

[144/250] synthetic_009894
  Case seed              : 77493081
  External subject       : BraTS20_Validation_124
  External slice         : 113
  Donor mask pixels      : 3493
  Posterior stack        : (100, 1, 1, 240, 240)
  Case output            : /Users/bhanugarg/archive/br_lora_library_staging/batch_0040/synthetic_009894
  Verdict                : PASS

[145/250] synthetic_009895
  Case seed              : 52655661
  External subject       : BraTS20_Validation_124
  External slice         : 114
  Donor mask pixels      : 503
  Posterior stack        : (100, 1, 1, 240, 240)
  Case output            : /Users/bhanugarg/archive/br_lora_library_staging/batch_0040/synthetic_009895
  Verdict                : PASS

[146/250] synthetic_009896
  Case seed              : 1049535153
  External subject       : BraTS20_Validation_124
  External slice         : 114
  Donor mask pixels      : 2934
  Posterior stack        : (100, 1, 1, 240, 240)
  Case output            : /Users/bhanugarg/archive/br_lora_library_staging/batch_0040/synthetic_009896
  Verdict                : PASS

[147/250] synthetic_009897
  Case seed              : 1325298715
  External subject       : BraTS20_Validation_124
  External slice         : 115
  Donor mask pixels      : 682
  Posterior stack        : (100, 1, 1, 240, 240)
  Case output            : /Users/bhanugarg/archive/br_lora_library_staging/batch_0040/synthetic_009897
  Verdict                : PASS

[148/250] synthetic_009898
  Case seed              : 872327536
  External subject       : BraTS20_Validation_124
  External slice         : 116
  Donor mask pixels      : 2635
  Posterior stack        : (100, 1, 1, 240, 240)
  Case output            : /Users/bhanugarg/archive/br_lora_library_staging/batch_0040/synthetic_009898
  Verdict                : PASS

[149/250] synthetic_009899
  Case seed              : 1694229232
  External subject       : BraTS20_Validation_124
  External slice         : 118
  Donor mask pixels      : 948
  Posterior stack        : (100, 1, 1, 240, 240)
  Case output            : /Users/bhanugarg/archive/br_lora_library_staging/batch_0040/synthetic_009899
  Verdict                : PASS

[150/250] synthetic_009900
  Case seed              : 1125835015
  External subject       : BraTS20_Validation_124
  External slice         : 119
  Donor mask pixels      : 2374
  Posterior stack        : (100, 1, 1, 240, 240)
  Case output            : /Users/bhanugarg/archive/br_lora_library_staging/batch_0040/synthetic_009900
  Verdict                : PASS

[151/250] synthetic_009901
  Case seed              : 256216855
  External subject       : BraTS20_Validation_124
  External slice         : 120
  Donor mask pixels      : 1066
  Posterior stack        : (100, 1, 1, 240, 240)
  Case output            : /Users/bhanugarg/archive/br_lora_library_staging/batch_0040/synthetic_009901
  Verdict                : PASS

[152/250] synthetic_009902
  Case seed              : 1397150264
  External subject       : BraTS20_Validation_124
  External slice         : 121
  Donor mask pixels      : 3165
  Posterior stack        : (100, 1, 1, 240, 240)
  Case output            : /Users/bhanugarg/archive/br_lora_library_staging/batch_0040/synthetic_009902
  Verdict                : PASS

[153/250] synthetic_009903
  Case seed              : 385219693
  External subject       : BraTS20_Validation_124
  External slice         : 122
  Donor mask pixels      : 3571
  Posterior stack        : (100, 1, 1, 240, 240)
  Case output            : /Users/bhanugarg/archive/br_lora_library_staging/batch_0040/synthetic_009903
  Verdict                : PASS

[154/250] synthetic_009904
  Case seed              : 1582286319
  External subject       : BraTS20_Validation_124
  External slice         : 123
  Donor mask pixels      : 2007
  Posterior stack        : (100, 1, 1, 240, 240)
  Case output            : /Users/bhanugarg/archive/br_lora_library_staging/batch_0040/synthetic_009904
  Verdict                : PASS

[155/250] synthetic_009905
  Case seed              : 1216771100
  External subject       : BraTS20_Validation_124
  External slice         : 124
  Donor mask pixels      : 1252
  Posterior stack        : (100, 1, 1, 240, 240)
  Case output            : /Users/bhanugarg/archive/br_lora_library_staging/batch_0040/synthetic_009905
  Verdict                : PASS

[156/250] synthetic_009906
  Case seed              : 1453148917
  External subject       : BraTS20_Validation_124
  External slice         : 125
  Donor mask pixels      : 1047
  Posterior stack        : (100, 1, 1, 240, 240)
  Case output            : /Users/bhanugarg/archive/br_lora_library_staging/batch_0040/synthetic_009906
  Verdict                : PASS

[157/250] synthetic_009907
  Case seed              : 257173611
  External subject       : BraTS20_Validation_124
  External slice         : 126
  Donor mask pixels      : 1078
  Posterior stack        : (100, 1, 1, 240, 240)
  Case output            : /Users/bhanugarg/archive/br_lora_library_staging/batch_0040/synthetic_009907
  Verdict                : PASS

[158/250] synthetic_009908
  Case seed              : 702400560
  External subject       : BraTS20_Validation_124
  External slice         : 127
  Donor mask pixels      : 764
  Posterior stack        : (100, 1, 1, 240, 240)
  Case output            : /Users/bhanugarg/archive/br_lora_library_staging/batch_0040/synthetic_009908
  Verdict                : PASS

[159/250] synthetic_009909
  Case seed              : 246087637
  External subject       : BraTS20_Validation_124
  External slice         : 128
  Donor mask pixels      : 966
  Posterior stack        : (100, 1, 1, 240, 240)
  Case output            : /Users/bhanugarg/archive/br_lora_library_staging/batch_0040/synthetic_009909
  Verdict                : PASS

[160/250] synthetic_009910
  Case seed              : 1853644049
  External subject       : BraTS20_Validation_124
  External slice         : 129
  Donor mask pixels      : 1267
  Posterior stack        : (100, 1, 1, 240, 240)
  Case output            : /Users/bhanugarg/archive/br_lora_library_staging/batch_0040/synthetic_009910
  Verdict                : PASS

[161/250] synthetic_009911
  Case seed              : 488003707
  External subject       : BraTS20_Validation_124
  External slice         : 130
  Donor mask pixels      : 300
  Posterior stack        : (100, 1, 1, 240, 240)
  Case output            : /Users/bhanugarg/archive/br_lora_library_staging/batch_0040/synthetic_009911
  Verdict                : PASS

[162/250] synthetic_009912
  Case seed              : 796091068
  External subject       : BraTS20_Validation_124
  External slice         : 131
  Donor mask pixels      : 1523
  Posterior stack        : (100, 1, 1, 240, 240)
  Case output            : /Users/bhanugarg/archive/br_lora_library_staging/batch_0040/synthetic_009912
  Verdict                : PASS

[163/250] synthetic_009913
  Case seed              : 1228996354
  External subject       : BraTS20_Validation_124
  External slice         : 132
  Donor mask pixels      : 617
  Posterior stack        : (100, 1, 1, 240, 240)
  Case output            : /Users/bhanugarg/archive/br_lora_library_staging/batch_0040/synthetic_009913
  Verdict                : PASS

[164/250] synthetic_009914
  Case seed              : 1235394587
  External subject       : BraTS20_Validation_124
  External slice         : 133
  Donor mask pixels      : 1074
  Posterior stack        : (100, 1, 1, 240, 240)
  Case output            : /Users/bhanugarg/archive/br_lora_library_staging/batch_0040/synthetic_009914
  Verdict                : PASS

[165/250] synthetic_009915
  Case seed              : 1697313498
  External subject       : BraTS20_Validation_124
  External slice         : 134
  Donor mask pixels      : 1573
  Posterior stack        : (100, 1, 1, 240, 240)
  Case output            : /Users/bhanugarg/archive/br_lora_library_staging/batch_0040/synthetic_009915
  Verdict                : PASS

[166/250] synthetic_009916
  Case seed              : 1228277287
  External subject       : BraTS20_Validation_124
  External slice         : 135
  Donor mask pixels      : 864
  Posterior stack        : (100, 1, 1, 240, 240)
  Case output            : /Users/bhanugarg/archive/br_lora_library_staging/batch_0040/synthetic_009916
  Verdict                : PASS

[167/250] synthetic_009917
  Case seed              : 1476649352
  External subject       : BraTS20_Validation_124
  External slice         : 136
  Donor mask pixels      : 974
  Posterior stack        : (100, 1, 1, 240, 240)
  Case output            : /Users/bhanugarg/archive/br_lora_library_staging/batch_0040/synthetic_009917
  Verdict                : PASS

[168/250] synthetic_009918
  Case seed              : 1885408499
  External subject       : BraTS20_Validation_124
  External slice         : 137
  Donor mask pixels      : 302
  Posterior stack        : (100, 1, 1, 240, 240)
  Case output            : /Users/bhanugarg/archive/br_lora_library_staging/batch_0040/synthetic_009918
  Verdict                : PASS

[169/250] synthetic_009919
  Case seed              : 171787228
  External subject       : BraTS20_Validation_124
  External slice         : 138
  Donor mask pixels      : 1625
  Posterior stack        : (100, 1, 1, 240, 240)
  Case output            : /Users/bhanugarg/archive/br_lora_library_staging/batch_0040/synthetic_009919
  Verdict                : PASS

[170/250] synthetic_009920
  Case seed              : 1392030430
  External subject       : BraTS20_Validation_124
  External slice         : 139
  Donor mask pixels      : 981
  Posterior stack        : (100, 1, 1, 240, 240)
  Case output            : /Users/bhanugarg/archive/br_lora_library_staging/batch_0040/synthetic_009920
  Verdict                : PASS

[171/250] synthetic_009921
  Case seed              : 479138737
  External subject       : BraTS20_Validation_124
  External slice         : 140
  Donor mask pixels      : 766
  Posterior stack        : (100, 1, 1, 240, 240)
  Case output            : /Users/bhanugarg/archive/br_lora_library_staging/batch_0040/synthetic_009921
  Verdict                : PASS

[172/250] synthetic_009922
  Case seed              : 1815375901
  External subject       : BraTS20_Validation_124
  External slice         : 141
  Donor mask pixels      : 308
  Posterior stack        : (100, 1, 1, 240, 240)
  Case output            : /Users/bhanugarg/archive/br_lora_library_staging/batch_0040/synthetic_009922
  Verdict                : PASS

[173/250] synthetic_009923
  Case seed              : 2100347929
  External subject       : BraTS20_Validation_125
  External slice         : 7
  Donor mask pixels      : 1378
  Posterior stack        : (100, 1, 1, 240, 240)
  Case output            : /Users/bhanugarg/archive/br_lora_library_staging/batch_0040/synthetic_009923
  Verdict                : PASS

[174/250] synthetic_009924
  Case seed              : 1308466181
  External subject       : BraTS20_Validation_125
  External slice         : 8
  Donor mask pixels      : 689
  Posterior stack        : (100, 1, 1, 240, 240)
  Case output            : /Users/bhanugarg/archive/br_lora_library_staging/batch_0040/synthetic_009924
  Verdict                : PASS

[175/250] synthetic_009925
  Case seed              : 340326086
  External subject       : BraTS20_Validation_125
  External slice         : 9
  Donor mask pixels      : 895
  Posterior stack        : (100, 1, 1, 240, 240)
  Case output            : /Users/bhanugarg/archive/br_lora_library_staging/batch_0040/synthetic_009925
  Verdict                : PASS

[176/250] synthetic_009926
  Case seed              : 1302141574
  External subject       : BraTS20_Validation_125
  External slice         : 10
  Donor mask pixels      : 1807
  Posterior stack        : (100, 1, 1, 240, 240)
  Case output            : /Users/bhanugarg/archive/br_lora_library_staging/batch_0040/synthetic_009926
  Verdict                : PASS

[177/250] synthetic_009927
  Case seed              : 254907705
  External subject       : BraTS20_Validation_125
  External slice         : 11
  Donor mask pixels      : 2381
  Posterior stack        : (100, 1, 1, 240, 240)
  Case output            : /Users/bhanugarg/archive/br_lora_library_staging/batch_0040/synthetic_009927
  Verdict                : PASS

[178/250] synthetic_009928
  Case seed              : 1861299031
  External subject       : BraTS20_Validation_125
  External slice         : 12
  Donor mask pixels      : 1093
  Posterior stack        : (100, 1, 1, 240, 240)
  Case output            : /Users/bhanugarg/archive/br_lora_library_staging/batch_0040/synthetic_009928
  Verdict                : PASS

[179/250] synthetic_009929
  Case seed              : 1788865960
  External subject       : BraTS20_Validation_125
  External slice         : 13
  Donor mask pixels      : 808
  Posterior stack        : (100, 1, 1, 240, 240)
  Case output            : /Users/bhanugarg/archive/br_lora_library_staging/batch_0040/synthetic_009929
  Verdict                : PASS

[180/250] synthetic_009930
  Case seed              : 582499250
  External subject       : BraTS20_Validation_125
  External slice         : 14
  Donor mask pixels      : 494
  Posterior stack        : (100, 1, 1, 240, 240)
  Case output            : /Users/bhanugarg/archive/br_lora_library_staging/batch_0040/synthetic_009930
  Verdict                : PASS

[181/250] synthetic_009931
  Case seed              : 272077632
  External subject       : BraTS20_Validation_125
  External slice         : 15
  Donor mask pixels      : 1017
  Posterior stack        : (100, 1, 1, 240, 240)
  Case output            : /Users/bhanugarg/archive/br_lora_library_staging/batch_0040/synthetic_009931
  Verdict                : PASS

[182/250] synthetic_009932
  Case seed              : 6011348
  External subject       : BraTS20_Validation_125
  External slice         : 16
  Donor mask pixels      : 2113
  Posterior stack        : (100, 1, 1, 240, 240)
  Case output            : /Users/bhanugarg/archive/br_lora_library_staging/batch_0040/synthetic_009932
  Verdict                : PASS

[183/250] synthetic_009933
  Case seed              : 1077306014
  External subject       : BraTS20_Validation_125
  External slice         : 17
  Donor mask pixels      : 2402
  Posterior stack        : (100, 1, 1, 240, 240)
  Case output            : /Users/bhanugarg/archive/br_lora_library_staging/batch_0040/synthetic_009933
  Verdict                : PASS

[184/250] synthetic_009934
  Case seed              : 255684692
  External subject       : BraTS20_Validation_125
  External slice         : 18
  Donor mask pixels      : 1163
  Posterior stack        : (100, 1, 1, 240, 240)
  Case output            : /Users/bhanugarg/archive/br_lora_library_staging/batch_0040/synthetic_009934
  Verdict                : PASS

[185/250] synthetic_009935
  Case seed              : 1035660515
  External subject       : BraTS20_Validation_125
  External slice         : 19
  Donor mask pixels      : 794
  Posterior stack        : (100, 1, 1, 240, 240)
  Case output            : /Users/bhanugarg/archive/br_lora_library_staging/batch_0040/synthetic_009935
  Verdict                : PASS

[186/250] synthetic_009936
  Case seed              : 1200247642
  External subject       : BraTS20_Validation_125
  External slice         : 20
  Donor mask pixels      : 1090
  Posterior stack        : (100, 1, 1, 240, 240)
  Case output            : /Users/bhanugarg/archive/br_lora_library_staging/batch_0040/synthetic_009936
  Verdict                : PASS

[187/250] synthetic_009937
  Case seed              : 1690149417
  External subject       : BraTS20_Validation_125
  External slice         : 21
  Donor mask pixels      : 1979
  Posterior stack        : (100, 1, 1, 240, 240)
  Case output            : /Users/bhanugarg/archive/br_lora_library_staging/batch_0040/synthetic_009937
  Verdict                : PASS

[188/250] synthetic_009938
  Case seed              : 1077408813
  External subject       : BraTS20_Validation_125
  External slice         : 22
  Donor mask pixels      : 1576
  Posterior stack        : (100, 1, 1, 240, 240)
  Case output            : /Users/bhanugarg/archive/br_lora_library_staging/batch_0040/synthetic_009938
  Verdict                : PASS

[189/250] synthetic_009939
  Case seed              : 1619346144
  External subject       : BraTS20_Validation_125
  External slice         : 23
  Donor mask pixels      : 1448
  Posterior stack        : (100, 1, 1, 240, 240)
  Case output            : /Users/bhanugarg/archive/br_lora_library_staging/batch_0040/synthetic_009939
  Verdict                : PASS

[190/250] synthetic_009940
  Case seed              : 1594396670
  External subject       : BraTS20_Validation_125
  External slice         : 24
  Donor mask pixels      : 412
  Posterior stack        : (100, 1, 1, 240, 240)
  Case output            : /Users/bhanugarg/archive/br_lora_library_staging/batch_0040/synthetic_009940
  Verdict                : PASS

[191/250] synthetic_009941
  Case seed              : 1471384285
  External subject       : BraTS20_Validation_125
  External slice         : 76
  Donor mask pixels      : 3391
  Posterior stack        : (100, 1, 1, 240, 240)
  Case output            : /Users/bhanugarg/archive/br_lora_library_staging/batch_0040/synthetic_009941
  Verdict                : PASS

[192/250] synthetic_009942
  Case seed              : 248642779
  External subject       : BraTS20_Validation_125
  External slice         : 77
  Donor mask pixels      : 3207
  Posterior stack        : (100, 1, 1, 240, 240)
  Case output            : /Users/bhanugarg/archive/br_lora_library_staging/batch_0040/synthetic_009942
  Verdict                : PASS

[193/250] synthetic_009943
  Case seed              : 681827720
  External subject       : BraTS20_Validation_125
  External slice         : 78
  Donor mask pixels      : 1037
  Posterior stack        : (100, 1, 1, 240, 240)
  Case output            : /Users/bhanugarg/archive/br_lora_library_staging/batch_0040/synthetic_009943
  Verdict                : PASS

[194/250] synthetic_009944
  Case seed              : 1673976587
  External subject       : BraTS20_Validation_125
  External slice         : 79
  Donor mask pixels      : 1718
  Posterior stack        : (100, 1, 1, 240, 240)
  Case output            : /Users/bhanugarg/archive/br_lora_library_staging/batch_0040/synthetic_009944
  Verdict                : PASS

[195/250] synthetic_009945
  Case seed              : 1982735484
  External subject       : BraTS20_Validation_125
  External slice         : 80
  Donor mask pixels      : 2590
  Posterior stack        : (100, 1, 1, 240, 240)
  Case output            : /Users/bhanugarg/archive/br_lora_library_staging/batch_0040/synthetic_009945
  Verdict                : PASS

[196/250] synthetic_009946
  Case seed              : 439099075
  External subject       : BraTS20_Validation_125
  External slice         : 81
  Donor mask pixels      : 1164
  Posterior stack        : (100, 1, 1, 240, 240)
  Case output            : /Users/bhanugarg/archive/br_lora_library_staging/batch_0040/synthetic_009946
  Verdict                : PASS

[197/250] synthetic_009947
  Case seed              : 367998776
  External subject       : BraTS20_Validation_125
  External slice         : 82
  Donor mask pixels      : 523
  Posterior stack        : (100, 1, 1, 240, 240)
  Case output            : /Users/bhanugarg/archive/br_lora_library_staging/batch_0040/synthetic_009947
  Verdict                : PASS

[198/250] synthetic_009948
  Case seed              : 1666007772
  External subject       : BraTS20_Validation_125
  External slice         : 83
  Donor mask pixels      : 4133
  Posterior stack        : (100, 1, 1, 240, 240)
  Case output            : /Users/bhanugarg/archive/br_lora_library_staging/batch_0040/synthetic_009948
  Verdict                : PASS

[199/250] synthetic_009949
  Case seed              : 258053524
  External subject       : BraTS20_Validation_125
  External slice         : 84
  Donor mask pixels      : 1092
  Posterior stack        : (100, 1, 1, 240, 240)
  Case output            : /Users/bhanugarg/archive/br_lora_library_staging/batch_0040/synthetic_009949
  Verdict                : PASS

[200/250] synthetic_009950
  Case seed              : 1887345325
  External subject       : BraTS20_Validation_125
  External slice         : 85
  Donor mask pixels      : 1951
  Posterior stack        : (100, 1, 1, 240, 240)
  Case output            : /Users/bhanugarg/archive/br_lora_library_staging/batch_0040/synthetic_009950
  Verdict                : PASS

[201/250] synthetic_009951
  Case seed              : 1873962057
  External subject       : BraTS20_Validation_125
  External slice         : 86
  Donor mask pixels      : 834
  Posterior stack        : (100, 1, 1, 240, 240)
  Case output            : /Users/bhanugarg/archive/br_lora_library_staging/batch_0040/synthetic_009951
  Verdict                : PASS

[202/250] synthetic_009952
  Case seed              : 1860915344
  External subject       : BraTS20_Validation_125
  External slice         : 87
  Donor mask pixels      : 1513
  Posterior stack        : (100, 1, 1, 240, 240)
  Case output            : /Users/bhanugarg/archive/br_lora_library_staging/batch_0040/synthetic_009952
  Verdict                : PASS

[203/250] synthetic_009953
  Case seed              : 2013608276
  External subject       : BraTS20_Validation_125
  External slice         : 88
  Donor mask pixels      : 4199
  Posterior stack        : (100, 1, 1, 240, 240)
  Case output            : /Users/bhanugarg/archive/br_lora_library_staging/batch_0040/synthetic_009953
  Verdict                : PASS

[204/250] synthetic_009954
  Case seed              : 93798600
  External subject       : BraTS20_Validation_125
  External slice         : 89
  Donor mask pixels      : 3785
  Posterior stack        : (100, 1, 1, 240, 240)
  Case output            : /Users/bhanugarg/archive/br_lora_library_staging/batch_0040/synthetic_009954
  Verdict                : PASS

[205/250] synthetic_009955
  Case seed              : 536570537
  External subject       : BraTS20_Validation_125
  External slice         : 90
  Donor mask pixels      : 586
  Posterior stack        : (100, 1, 1, 240, 240)
  Case output            : /Users/bhanugarg/archive/br_lora_library_staging/batch_0040/synthetic_009955
  Verdict                : PASS

[206/250] synthetic_009956
  Case seed              : 1032109839
  External subject       : BraTS20_Validation_125
  External slice         : 91
  Donor mask pixels      : 4912
  Posterior stack        : (100, 1, 1, 240, 240)
  Case output            : /Users/bhanugarg/archive/br_lora_library_staging/batch_0040/synthetic_009956
  Verdict                : PASS

[207/250] synthetic_009957
  Case seed              : 768981127
  External subject       : BraTS20_Validation_125
  External slice         : 92
  Donor mask pixels      : 1199
  Posterior stack        : (100, 1, 1, 240, 240)
  Case output            : /Users/bhanugarg/archive/br_lora_library_staging/batch_0040/synthetic_009957
  Verdict                : PASS

[208/250] synthetic_009958
  Case seed              : 1788294423
  External subject       : BraTS20_Validation_125
  External slice         : 93
  Donor mask pixels      : 2895
  Posterior stack        : (100, 1, 1, 240, 240)
  Case output            : /Users/bhanugarg/archive/br_lora_library_staging/batch_0040/synthetic_009958
  Verdict                : PASS

[209/250] synthetic_009959
  Case seed              : 889579267
  External subject       : BraTS20_Validation_125
  External slice         : 94
  Donor mask pixels      : 338
  Posterior stack        : (100, 1, 1, 240, 240)
  Case output            : /Users/bhanugarg/archive/br_lora_library_staging/batch_0040/synthetic_009959
  Verdict                : PASS

[210/250] synthetic_009960
  Case seed              : 967425387
  External subject       : BraTS20_Validation_125
  External slice         : 95
  Donor mask pixels      : 3693
  Posterior stack        : (100, 1, 1, 240, 240)
  Case output            : /Users/bhanugarg/archive/br_lora_library_staging/batch_0040/synthetic_009960
  Verdict                : PASS

[211/250] synthetic_009961
  Case seed              : 423826023
  External subject       : BraTS20_Validation_125
  External slice         : 96
  Donor mask pixels      : 3586
  Posterior stack        : (100, 1, 1, 240, 240)
  Case output            : /Users/bhanugarg/archive/br_lora_library_staging/batch_0040/synthetic_009961
  Verdict                : PASS

[212/250] synthetic_009962
  Case seed              : 1276986702
  External subject       : BraTS20_Validation_125
  External slice         : 98
  Donor mask pixels      : 2031
  Posterior stack        : (100, 1, 1, 240, 240)
  Case output            : /Users/bhanugarg/archive/br_lora_library_staging/batch_0040/synthetic_009962
  Verdict                : PASS

[213/250] synthetic_009963
  Case seed              : 33921372
  External subject       : BraTS20_Validation_125
  External slice         : 99
  Donor mask pixels      : 468
  Posterior stack        : (100, 1, 1, 240, 240)
  Case output            : /Users/bhanugarg/archive/br_lora_library_staging/batch_0040/synthetic_009963
  Verdict                : PASS

[214/250] synthetic_009964
  Case seed              : 562152428
  External subject       : BraTS20_Validation_125
  External slice         : 100
  Donor mask pixels      : 2876
  Posterior stack        : (100, 1, 1, 240, 240)
  Case output            : /Users/bhanugarg/archive/br_lora_library_staging/batch_0040/synthetic_009964
  Verdict                : PASS

[215/250] synthetic_009965
  Case seed              : 1200881227
  External subject       : BraTS20_Validation_125
  External slice         : 101
  Donor mask pixels      : 891
  Posterior stack        : (100, 1, 1, 240, 240)
  Case output            : /Users/bhanugarg/archive/br_lora_library_staging/batch_0040/synthetic_009965
  Verdict                : PASS

[216/250] synthetic_009966
  Case seed              : 1816822619
  External subject       : BraTS20_Validation_125
  External slice         : 102
  Donor mask pixels      : 721
  Posterior stack        : (100, 1, 1, 240, 240)
  Case output            : /Users/bhanugarg/archive/br_lora_library_staging/batch_0040/synthetic_009966
  Verdict                : PASS

[217/250] synthetic_009967
  Case seed              : 1982537956
  External subject       : BraTS20_Validation_125
  External slice         : 103
  Donor mask pixels      : 2317
  Posterior stack        : (100, 1, 1, 240, 240)
  Case output            : /Users/bhanugarg/archive/br_lora_library_staging/batch_0040/synthetic_009967
  Verdict                : PASS

[218/250] synthetic_009968
  Case seed              : 734925917
  External subject       : BraTS20_Validation_125
  External slice         : 104
  Donor mask pixels      : 398
  Posterior stack        : (100, 1, 1, 240, 240)
  Case output            : /Users/bhanugarg/archive/br_lora_library_staging/batch_0040/synthetic_009968
  Verdict                : PASS

[219/250] synthetic_009969
  Case seed              : 1029258621
  External subject       : BraTS20_Validation_125
  External slice         : 105
  Donor mask pixels      : 2772
  Posterior stack        : (100, 1, 1, 240, 240)
  Case output            : /Users/bhanugarg/archive/br_lora_library_staging/batch_0040/synthetic_009969
  Verdict                : PASS

[220/250] synthetic_009970
  Case seed              : 1464553344
  External subject       : BraTS20_Validation_125
  External slice         : 106
  Donor mask pixels      : 399
  Posterior stack        : (100, 1, 1, 240, 240)
  Case output            : /Users/bhanugarg/archive/br_lora_library_staging/batch_0040/synthetic_009970
  Verdict                : PASS

[221/250] synthetic_009971
  Case seed              : 1057472090
  External subject       : BraTS20_Validation_125
  External slice         : 107
  Donor mask pixels      : 3191
  Posterior stack        : (100, 1, 1, 240, 240)
  Case output            : /Users/bhanugarg/archive/br_lora_library_staging/batch_0040/synthetic_009971
  Verdict                : PASS

[222/250] synthetic_009972
  Case seed              : 1775225359
  External subject       : BraTS20_Validation_125
  External slice         : 108
  Donor mask pixels      : 1860
  Posterior stack        : (100, 1, 1, 240, 240)
  Case output            : /Users/bhanugarg/archive/br_lora_library_staging/batch_0040/synthetic_009972
  Verdict                : PASS

[223/250] synthetic_009973
  Case seed              : 607044886
  External subject       : BraTS20_Validation_125
  External slice         : 109
  Donor mask pixels      : 2878
  Posterior stack        : (100, 1, 1, 240, 240)
  Case output            : /Users/bhanugarg/archive/br_lora_library_staging/batch_0040/synthetic_009973
  Verdict                : PASS

[224/250] synthetic_009974
  Case seed              : 84876987
  External subject       : BraTS20_Validation_125
  External slice         : 110
  Donor mask pixels      : 1884
  Posterior stack        : (100, 1, 1, 240, 240)
  Case output            : /Users/bhanugarg/archive/br_lora_library_staging/batch_0040/synthetic_009974
  Verdict                : PASS

[225/250] synthetic_009975
  Case seed              : 1050154398
  External subject       : BraTS20_Validation_125
  External slice         : 111
  Donor mask pixels      : 2466
  Posterior stack        : (100, 1, 1, 240, 240)
  Case output            : /Users/bhanugarg/archive/br_lora_library_staging/batch_0040/synthetic_009975
  Verdict                : PASS

[226/250] synthetic_009976
  Case seed              : 1896717239
  External subject       : BraTS20_Validation_125
  External slice         : 112
  Donor mask pixels      : 1419
  Posterior stack        : (100, 1, 1, 240, 240)
  Case output            : /Users/bhanugarg/archive/br_lora_library_staging/batch_0040/synthetic_009976
  Verdict                : PASS

[227/250] synthetic_009977
  Case seed              : 1501029212
  External subject       : BraTS20_Validation_125
  External slice         : 113
  Donor mask pixels      : 582
  Posterior stack        : (100, 1, 1, 240, 240)
  Case output            : /Users/bhanugarg/archive/br_lora_library_staging/batch_0040/synthetic_009977
  Verdict                : PASS

[228/250] synthetic_009978
  Case seed              : 208178853
  External subject       : BraTS20_Validation_125
  External slice         : 114
  Donor mask pixels      : 2834
  Posterior stack        : (100, 1, 1, 240, 240)
  Case output            : /Users/bhanugarg/archive/br_lora_library_staging/batch_0040/synthetic_009978
  Verdict                : PASS

[229/250] synthetic_009979
  Case seed              : 1276209859
  External subject       : BraTS20_Validation_125
  External slice         : 115
  Donor mask pixels      : 1476
  Posterior stack        : (100, 1, 1, 240, 240)
  Case output            : /Users/bhanugarg/archive/br_lora_library_staging/batch_0040/synthetic_009979
  Verdict                : PASS

[230/250] synthetic_009980
  Case seed              : 699059495
  External subject       : BraTS20_Validation_125
  External slice         : 116
  Donor mask pixels      : 867
  Posterior stack        : (100, 1, 1, 240, 240)
  Case output            : /Users/bhanugarg/archive/br_lora_library_staging/batch_0040/synthetic_009980
  Verdict                : PASS

[231/250] synthetic_009981
  Case seed              : 1175176309
  External subject       : BraTS20_Validation_125
  External slice         : 118
  Donor mask pixels      : 2658
  Posterior stack        : (100, 1, 1, 240, 240)
  Case output            : /Users/bhanugarg/archive/br_lora_library_staging/batch_0040/synthetic_009981
  Verdict                : PASS

[232/250] synthetic_009982
  Case seed              : 1115071157
  External subject       : BraTS20_Validation_125
  External slice         : 119
  Donor mask pixels      : 722
  Posterior stack        : (100, 1, 1, 240, 240)
  Case output            : /Users/bhanugarg/archive/br_lora_library_staging/batch_0040/synthetic_009982
  Verdict                : PASS

[233/250] synthetic_009983
  Case seed              : 1117608530
  External subject       : BraTS20_Validation_125
  External slice         : 120
  Donor mask pixels      : 3143
  Posterior stack        : (100, 1, 1, 240, 240)
  Case output            : /Users/bhanugarg/archive/br_lora_library_staging/batch_0040/synthetic_009983
  Verdict                : PASS

[234/250] synthetic_009984
  Case seed              : 1668782556
  External subject       : BraTS20_Validation_125
  External slice         : 121
  Donor mask pixels      : 2737
  Posterior stack        : (100, 1, 1, 240, 240)
  Case output            : /Users/bhanugarg/archive/br_lora_library_staging/batch_0040/synthetic_009984
  Verdict                : PASS

[235/250] synthetic_009985
  Case seed              : 762202800
  External subject       : BraTS20_Validation_125
  External slice         : 122
  Donor mask pixels      : 1734
  Posterior stack        : (100, 1, 1, 240, 240)
  Case output            : /Users/bhanugarg/archive/br_lora_library_staging/batch_0040/synthetic_009985
  Verdict                : PASS

[236/250] synthetic_009986
  Case seed              : 1356012374
  External subject       : BraTS20_Validation_125
  External slice         : 123
  Donor mask pixels      : 1361
  Posterior stack        : (100, 1, 1, 240, 240)
  Case output            : /Users/bhanugarg/archive/br_lora_library_staging/batch_0040/synthetic_009986
  Verdict                : PASS

[237/250] synthetic_009987
  Case seed              : 871757650
  External subject       : BraTS20_Validation_125
  External slice         : 124
  Donor mask pixels      : 2619
  Posterior stack        : (100, 1, 1, 240, 240)
  Case output            : /Users/bhanugarg/archive/br_lora_library_staging/batch_0040/synthetic_009987
  Verdict                : PASS

[238/250] synthetic_009988
  Case seed              : 1979459960
  External subject       : BraTS20_Validation_125
  External slice         : 125
  Donor mask pixels      : 1706
  Posterior stack        : (100, 1, 1, 240, 240)
  Case output            : /Users/bhanugarg/archive/br_lora_library_staging/batch_0040/synthetic_009988
  Verdict                : PASS

[239/250] synthetic_009989
  Case seed              : 434274028
  External subject       : BraTS20_Validation_125
  External slice         : 126
  Donor mask pixels      : 724
  Posterior stack        : (100, 1, 1, 240, 240)
  Case output            : /Users/bhanugarg/archive/br_lora_library_staging/batch_0040/synthetic_009989
  Verdict                : PASS

[240/250] synthetic_009990
  Case seed              : 149082311
  External subject       : BraTS20_Validation_125
  External slice         : 127
  Donor mask pixels      : 762
  Posterior stack        : (100, 1, 1, 240, 240)
  Case output            : /Users/bhanugarg/archive/br_lora_library_staging/batch_0040/synthetic_009990
  Verdict                : PASS

[241/250] synthetic_009991
  Case seed              : 208308996
  External subject       : BraTS20_Validation_125
  External slice         : 128
  Donor mask pixels      : 946
  Posterior stack        : (100, 1, 1, 240, 240)
  Case output            : /Users/bhanugarg/archive/br_lora_library_staging/batch_0040/synthetic_009991
  Verdict                : PASS

[242/250] synthetic_009992
  Case seed              : 1283054325
  External subject       : BraTS20_Validation_125
  External slice         : 129
  Donor mask pixels      : 1052
  Posterior stack        : (100, 1, 1, 240, 240)
  Case output            : /Users/bhanugarg/archive/br_lora_library_staging/batch_0040/synthetic_009992
  Verdict                : PASS

[243/250] synthetic_009993
  Case seed              : 1186536552
  External subject       : BraTS20_Validation_125
  External slice         : 130
  Donor mask pixels      : 1422
  Posterior stack        : (100, 1, 1, 240, 240)
  Case output            : /Users/bhanugarg/archive/br_lora_library_staging/batch_0040/synthetic_009993
  Verdict                : PASS

[244/250] synthetic_009994
  Case seed              : 1792994362
  External subject       : BraTS20_Validation_125
  External slice         : 131
  Donor mask pixels      : 1883
  Posterior stack        : (100, 1, 1, 240, 240)
  Case output            : /Users/bhanugarg/archive/br_lora_library_staging/batch_0040/synthetic_009994
  Verdict                : PASS

[245/250] synthetic_009995
  Case seed              : 478314518
  External subject       : BraTS20_Validation_125
  External slice         : 132
  Donor mask pixels      : 881
  Posterior stack        : (100, 1, 1, 240, 240)
  Case output            : /Users/bhanugarg/archive/br_lora_library_staging/batch_0040/synthetic_009995
  Verdict                : PASS

[246/250] synthetic_009996
  Case seed              : 1206208719
  External subject       : BraTS20_Validation_125
  External slice         : 133
  Donor mask pixels      : 920
  Posterior stack        : (100, 1, 1, 240, 240)
  Case output            : /Users/bhanugarg/archive/br_lora_library_staging/batch_0040/synthetic_009996
  Verdict                : PASS

[247/250] synthetic_009997
  Case seed              : 1082093257
  External subject       : BraTS20_Validation_125
  External slice         : 134
  Donor mask pixels      : 1264
  Posterior stack        : (100, 1, 1, 240, 240)
  Case output            : /Users/bhanugarg/archive/br_lora_library_staging/batch_0040/synthetic_009997
  Verdict                : PASS

[248/250] synthetic_009998
  Case seed              : 344338057
  External subject       : BraTS20_Validation_125
  External slice         : 135
  Donor mask pixels      : 2131
  Posterior stack        : (100, 1, 1, 240, 240)
  Case output            : /Users/bhanugarg/archive/br_lora_library_staging/batch_0040/synthetic_009998
  Verdict                : PASS

[249/250] synthetic_009999
  Case seed              : 212457946
  External subject       : BraTS20_Validation_125
  External slice         : 136
  Donor mask pixels      : 1414
  Posterior stack        : (100, 1, 1, 240, 240)
  Case output            : /Users/bhanugarg/archive/br_lora_library_staging/batch_0040/synthetic_009999
  Verdict                : PASS

[250/250] synthetic_010000
  Case seed              : 823822822
  External subject       : BraTS20_Validation_125
  External slice         : 137
  Donor mask pixels      : 469
  Posterior stack        : (100, 1, 1, 240, 240)
  Case output            : /Users/bhanugarg/archive/br_lora_library_staging/batch_0040/synthetic_010000
  Verdict                : PASS

==============================================================================
BR-LoRA EXTERNAL EVALUATION: PASS
Completed cases          : 250
Posterior realizations   : 100 per case
Evaluation summary       : /Users/bhanugarg/archive/br_lora_library_staging/batch_0040/evaluation_summary.json
==============================================================================

==============================================================================
BR-LoRA LIBRARY BATCH PRODUCTION
==============================================================================

Batch                    : batch_0040
Frozen design manifest   : /Users/bhanugarg/Desktop/localized-medical-image-synthesis/downstream_evaluation/manifests/br_lora_library_design_10000/batches/batch_0040_manifest.csv
Execution manifest       : /Users/bhanugarg/Desktop/localized-medical-image-synthesis/downstream_evaluation/manifests/br_lora_library_design_10000/batches/batch_0040_external_evaluation_manifest.csv
Checkpoint               : /Users/bhanugarg/Desktop/localized-medical-image-synthesis/checkpoints/br_lora_full_train/final.pt
Posterior samples        : 100
Evaluation seed          : 42
Device                   : mps
Output                   : /Users/bhanugarg/archive/br_lora_library_staging/batch_0040
Prepare only             : False
Resume                   : False

===== EXECUTION MANIFEST: PASS =====
Cases                    : 250
Case IDs                 : synthetic_009751 to synthetic_010000
External subjects        : 4
Unique base slices       : 231
Unique donor slices      : 250
Manifest SHA-256         : aa8fda3d6ce829f80ce704d591f8d9bf3ed90fb6b87ee6425870133cbdfe180f

==============================================================================
LAUNCHING VALIDATED BR-LoRA INFERENCE ENGINE
==============================================================================

/opt/anaconda3/envs/brats-nnunet/bin/python /Users/bhanugarg/Desktop/localized-medical-image-synthesis/scripts/evaluate_br_lora_external.py --checkpoint /Users/bhanugarg/Desktop/localized-medical-image-synthesis/checkpoints/br_lora_full_train/final.pt --validation-dataset /Users/bhanugarg/archive/BraTS2020_ValidationData/MICCAI_BraTS2020_ValidationData/validation_dataset.yaml --evaluation-manifest /Users/bhanugarg/Desktop/localized-medical-image-synthesis/downstream_evaluation/manifests/br_lora_library_design_10000/batches/batch_0040_external_evaluation_manifest.csv --posterior-samples 100 --seed 42 --output-dir /Users/bhanugarg/archive/br_lora_library_staging/batch_0040 --device mps


==============================================================================
LOCAL PRODUCTION AUDIT: PASS
==============================================================================
Cases audited            : 250
Problems                 : 0
Files checksummed        : 1501
Production audit         : /Users/bhanugarg/archive/br_lora_library_staging/br_lora_batch_0040_production_audit.json
Mac checksum inventory   : /Users/bhanugarg/archive/br_lora_library_staging/br_lora_batch_0040_mac_sha256.txt

==============================================================================
READY FOR FALCON TRANSFER
==============================================================================

No Falcon state was modified.
No local production data was deleted.
Remote batch destination reset:
  /scratch/bhanug/br_lora_library/batches/batch_0040
Transfer starting: 1752 files
./
evaluation_summary.json
            856 100%    2.96MB/s   00:00:00 (xfer#1, to-check=1/1752)
synthetic_009751/
synthetic_009751/composite_mean.pt
         232026 100%   56.71MB/s   00:00:00 (xfer#2, to-check=3/1752)
synthetic_009751/metadata.json
           1799 100%    4.46MB/s   00:00:00 (xfer#3, to-check=4/1752)
synthetic_009751/posterior_mean.pt
         232026 100%   81.87MB/s   00:00:00 (xfer#4, to-check=5/1752)
synthetic_009751/posterior_samples.pt
        3440640  14%    6.23MB/s   00:00:03        5799936  24%    4.47MB/s   00:00:04        8421376  34%    4.62MB/s   00:00:03       11304960  46%    5.13MB/s   00:00:02       14188544  58%    5.50MB/s   00:00:01       17203200  70%    5.70MB/s   00:00:01       20217856  82%    5.63MB/s   00:00:00       23101440  94%    5.39MB/s   00:00:00       24657317 100%    5.23MB/s   00:00:04 (xfer#5, to-check=6/1752)
synthetic_009751/posterior_std.pt
         232019 100%  250.56MB/s   00:00:00 (xfer#6, to-check=7/1752)
synthetic_009751/posterior_variance.pt
         232054 100%   10.80MB/s   00:00:00 (xfer#7, to-check=8/1752)
synthetic_009752/
synthetic_009752/composite_mean.pt
         232026 100%    4.27MB/s   00:00:00 (xfer#8, to-check=10/1752)
synthetic_009752/metadata.json
           1799 100%   23.21MB/s   00:00:00 (xfer#9, to-check=11/1752)
synthetic_009752/posterior_mean.pt
         232026 100%   13.70MB/s   00:00:00 (xfer#10, to-check=12/1752)
synthetic_009752/posterior_samples.pt
        2949120  12%    5.37MB/s   00:00:03        6225920  25%    6.00MB/s   00:00:02        9502720  39%    5.79MB/s   00:00:02       12910592  52%    5.99MB/s   00:00:01       16187392  66%    5.95MB/s   00:00:01       19726336  80%    6.57MB/s   00:00:00       23396352  95%    6.92MB/s   00:00:00       24657317 100%    6.06MB/s   00:00:03 (xfer#11, to-check=13/1752)
synthetic_009752/posterior_std.pt
         232019 100%  110.80MB/s   00:00:00 (xfer#12, to-check=14/1752)
synthetic_009752/posterior_variance.pt
         232054 100%   10.21MB/s   00:00:00 (xfer#13, to-check=15/1752)
synthetic_009753/
synthetic_009753/composite_mean.pt
         232026 100%    5.36MB/s   00:00:00 (xfer#14, to-check=17/1752)
synthetic_009753/metadata.json
           1799 100%   18.45MB/s   00:00:00 (xfer#15, to-check=18/1752)
synthetic_009753/posterior_mean.pt
         232026 100%    7.18MB/s   00:00:00 (xfer#16, to-check=19/1752)
synthetic_009753/posterior_samples.pt
        3276800  13%    5.62MB/s   00:00:03        7077888  29%    7.23MB/s   00:00:02       10878976  44%    7.11MB/s   00:00:01       14811136  60%    7.36MB/s   00:00:01       18874368  77%    7.42MB/s   00:00:00       23199744  94%    7.88MB/s   00:00:00       24657317 100%    7.07MB/s   00:00:03 (xfer#17, to-check=20/1752)
synthetic_009753/posterior_std.pt
         232019 100%  237.66MB/s   00:00:00 (xfer#18, to-check=21/1752)
synthetic_009753/posterior_variance.pt
         232054 100%    8.10MB/s   00:00:00 (xfer#19, to-check=22/1752)
synthetic_009754/
synthetic_009754/composite_mean.pt
         232026 100%    7.02MB/s   00:00:00 (xfer#20, to-check=24/1752)
synthetic_009754/metadata.json
           1801 100%   26.39MB/s   00:00:00 (xfer#21, to-check=25/1752)
synthetic_009754/posterior_mean.pt
         232026 100%   27.22MB/s   00:00:00 (xfer#22, to-check=26/1752)
synthetic_009754/posterior_samples.pt
        4063232  16%    7.69MB/s   00:00:02        8781824  36%    8.95MB/s   00:00:01       13893632  56%    9.74MB/s   00:00:01       19529728  79%   10.71MB/s   00:00:00       24657317 100%    9.41MB/s   00:00:02 (xfer#23, to-check=27/1752)
synthetic_009754/posterior_std.pt
         232019 100%    2.72MB/s   00:00:00 (xfer#24, to-check=28/1752)
synthetic_009754/posterior_variance.pt
         232054 100%    3.56MB/s   00:00:00 (xfer#25, to-check=29/1752)
synthetic_009755/
synthetic_009755/composite_mean.pt
         232026 100%   43.17MB/s   00:00:00 (xfer#26, to-check=31/1752)
synthetic_009755/metadata.json
           1800 100%    7.80MB/s   00:00:00 (xfer#27, to-check=32/1752)
synthetic_009755/posterior_mean.pt
         232026 100%    4.52MB/s   00:00:00 (xfer#28, to-check=33/1752)
synthetic_009755/posterior_samples.pt
        2752512  11%    5.05MB/s   00:00:04        5898240  24%    5.97MB/s   00:00:02        9306112  38%    6.41MB/s   00:00:02       13107200  53%    7.16MB/s   00:00:01       16777216  68%    6.86MB/s   00:00:01       20578304  83%    7.01MB/s   00:00:00       24379392  99%    7.04MB/s   00:00:00       24657317 100%    6.49MB/s   00:00:03 (xfer#29, to-check=34/1752)
synthetic_009755/posterior_std.pt
         232019 100%   15.75MB/s   00:00:00 (xfer#30, to-check=35/1752)
synthetic_009755/posterior_variance.pt
         232054 100%   33.32MB/s   00:00:00 (xfer#31, to-check=36/1752)
synthetic_009756/
synthetic_009756/composite_mean.pt
         232026 100%    5.09MB/s   00:00:00 (xfer#32, to-check=38/1752)
synthetic_009756/metadata.json
           1799 100%   29.49MB/s   00:00:00 (xfer#33, to-check=39/1752)
synthetic_009756/posterior_mean.pt
         232026 100%   11.15MB/s   00:00:00 (xfer#34, to-check=40/1752)
synthetic_009756/posterior_samples.pt
        3473408  14%    6.57MB/s   00:00:03        7536640  31%    7.69MB/s   00:00:02       11468800  47%    7.21MB/s   00:00:01       15269888  62%    7.18MB/s   00:00:01       19202048  78%    7.15MB/s   00:00:00       23134208  94%    7.48MB/s   00:00:00       24657317 100%    7.19MB/s   00:00:03 (xfer#35, to-check=41/1752)
synthetic_009756/posterior_std.pt
         232019 100%  240.25MB/s   00:00:00 (xfer#36, to-check=42/1752)
synthetic_009756/posterior_variance.pt
         232054 100%    9.04MB/s   00:00:00 (xfer#37, to-check=43/1752)
synthetic_009757/
synthetic_009757/composite_mean.pt
         232026 100%    6.83MB/s   00:00:00 (xfer#38, to-check=45/1752)
synthetic_009757/metadata.json
           1800 100%   25.26MB/s   00:00:00 (xfer#39, to-check=46/1752)
synthetic_009757/posterior_mean.pt
         232026 100%    6.81MB/s   00:00:00 (xfer#40, to-check=47/1752)
synthetic_009757/posterior_samples.pt
        4194304  17%    7.69MB/s   00:00:02        7995392  32%    7.24MB/s   00:00:02       12189696  49%    7.99MB/s   00:00:01       16646144  68%    8.34MB/s   00:00:00       21233664  86%    8.52MB/s   00:00:00       24657317 100%    7.96MB/s   00:00:02 (xfer#41, to-check=48/1752)
synthetic_009757/posterior_std.pt
         232019 100%  254.34MB/s   00:00:00 (xfer#42, to-check=49/1752)
synthetic_009757/posterior_variance.pt
         232054 100%    7.14MB/s   00:00:00 (xfer#43, to-check=50/1752)
synthetic_009758/
synthetic_009758/composite_mean.pt
         232026 100%   21.98MB/s   00:00:00 (xfer#44, to-check=52/1752)
synthetic_009758/metadata.json
           1800 100%   26.47MB/s   00:00:00 (xfer#45, to-check=53/1752)
synthetic_009758/posterior_mean.pt
         232026 100%   25.00MB/s   00:00:00 (xfer#46, to-check=54/1752)
synthetic_009758/posterior_samples.pt
        4161536  17%    7.92MB/s   00:00:02        9142272  37%    9.08MB/s   00:00:01       13729792  56%    8.51MB/s   00:00:01       18841600  76%    9.71MB/s   00:00:00       24215552  98%   10.11MB/s   00:00:00       24657317 100%    8.98MB/s   00:00:02 (xfer#47, to-check=55/1752)
synthetic_009758/posterior_std.pt
         232019 100%  258.23MB/s   00:00:00 (xfer#48, to-check=56/1752)
synthetic_009758/posterior_variance.pt
         232054 100%   12.22MB/s   00:00:00 (xfer#49, to-check=57/1752)
synthetic_009759/
synthetic_009759/composite_mean.pt
         232026 100%   33.20MB/s   00:00:00 (xfer#50, to-check=59/1752)
synthetic_009759/metadata.json
           1800 100%  219.53KB/s   00:00:00 (xfer#51, to-check=60/1752)
synthetic_009759/posterior_mean.pt
         232026 100%   36.14MB/s   00:00:00 (xfer#52, to-check=61/1752)
synthetic_009759/posterior_samples.pt
        5177344  21%    9.84MB/s   00:00:01        8290304  34%    5.79MB/s   00:00:02       11567104  47%    6.21MB/s   00:00:02       14155776  57%    4.52MB/s   00:00:02       17432576  71%    6.03MB/s   00:00:01       20971520  85%    6.32MB/s   00:00:00       24657317 100%    6.44MB/s   00:00:03 (xfer#53, to-check=62/1752)
synthetic_009759/posterior_std.pt
         232019 100%   19.13MB/s   00:00:00 (xfer#54, to-check=63/1752)
synthetic_009759/posterior_variance.pt
         232054 100%   33.52MB/s   00:00:00 (xfer#55, to-check=64/1752)
synthetic_009760/
synthetic_009760/composite_mean.pt
         232026 100%    6.00MB/s   00:00:00 (xfer#56, to-check=66/1752)
synthetic_009760/metadata.json
           1801 100%   22.58MB/s   00:00:00 (xfer#57, to-check=67/1752)
synthetic_009760/posterior_mean.pt
         232026 100%    9.52MB/s   00:00:00 (xfer#58, to-check=68/1752)
synthetic_009760/posterior_samples.pt
        3833856  16%    6.82MB/s   00:00:02        7766016  31%    7.44MB/s   00:00:02       11698176  47%    7.42MB/s   00:00:01       15630336  63%    7.46MB/s   00:00:01       19562496  79%    7.42MB/s   00:00:00       23625728  96%    7.56MB/s   00:00:00       24657317 100%    7.25MB/s   00:00:03 (xfer#59, to-check=69/1752)
synthetic_009760/posterior_std.pt
         232019 100%  265.92MB/s   00:00:00 (xfer#60, to-check=70/1752)
synthetic_009760/posterior_variance.pt
         232054 100%   13.33MB/s   00:00:00 (xfer#61, to-check=71/1752)
synthetic_009761/
synthetic_009761/composite_mean.pt
         232026 100%   21.21MB/s   00:00:00 (xfer#62, to-check=73/1752)
synthetic_009761/metadata.json
           1801 100%   31.19MB/s   00:00:00 (xfer#63, to-check=74/1752)
synthetic_009761/posterior_mean.pt
         232026 100%    3.63MB/s   00:00:00 (xfer#64, to-check=75/1752)
synthetic_009761/posterior_samples.pt
        3702784  15%    6.82MB/s   00:00:02        7897088  32%    7.85MB/s   00:00:02       11829248  48%    7.44MB/s   00:00:01       16023552  65%    7.59MB/s   00:00:01       20283392  82%    8.12MB/s   00:00:00       24543232 100%    8.02MB/s   00:00:00       24657317 100%    7.53MB/s   00:00:03 (xfer#65, to-check=76/1752)
synthetic_009761/posterior_std.pt
         232019 100%  257.87MB/s   00:00:00 (xfer#66, to-check=77/1752)
synthetic_009761/posterior_variance.pt
         232054 100%  309.10MB/s   00:00:00 (xfer#67, to-check=78/1752)
synthetic_009762/
synthetic_009762/composite_mean.pt
         232026 100%    7.34MB/s   00:00:00 (xfer#68, to-check=80/1752)
synthetic_009762/metadata.json
           1800 100%   22.86MB/s   00:00:00 (xfer#69, to-check=81/1752)
synthetic_009762/posterior_mean.pt
         232026 100%    7.28MB/s   00:00:00 (xfer#70, to-check=82/1752)
synthetic_009762/posterior_samples.pt
        3932160  16%    7.19MB/s   00:00:02        8388608  34%    8.32MB/s   00:00:01       13107200  53%    8.97MB/s   00:00:01       17956864  73%    8.53MB/s   00:00:00       22806528  92%    8.87MB/s   00:00:00       24657317 100%    8.29MB/s   00:00:02 (xfer#71, to-check=83/1752)
synthetic_009762/posterior_std.pt
         232019 100%  255.53MB/s   00:00:00 (xfer#72, to-check=84/1752)
synthetic_009762/posterior_variance.pt
         232054 100%    2.21MB/s   00:00:00 (xfer#73, to-check=85/1752)
synthetic_009763/
synthetic_009763/composite_mean.pt
         232026 100%    3.42MB/s   00:00:00 (xfer#74, to-check=87/1752)
synthetic_009763/metadata.json
           1801 100%    4.75MB/s   00:00:00 (xfer#75, to-check=88/1752)
synthetic_009763/posterior_mean.pt
         232026 100%    4.59MB/s   00:00:00 (xfer#76, to-check=89/1752)
synthetic_009763/posterior_samples.pt
        2883584  12%    5.23MB/s   00:00:03        5767168  23%    4.92MB/s   00:00:03        8749056  35%    5.39MB/s   00:00:02       11632640  47%    5.33MB/s   00:00:02       14909440  60%    5.95MB/s   00:00:01       18055168  73%    5.60MB/s   00:00:01       21200896  86%    5.93MB/s   00:00:00       24346624  99%    5.89MB/s   00:00:00       24657317 100%    5.51MB/s   00:00:04 (xfer#77, to-check=90/1752)
synthetic_009763/posterior_std.pt
         232019 100%   22.64MB/s   00:00:00 (xfer#78, to-check=91/1752)
synthetic_009763/posterior_variance.pt
         232054 100%    4.65MB/s   00:00:00 (xfer#79, to-check=92/1752)
synthetic_009764/
synthetic_009764/composite_mean.pt
         232026 100%    8.21MB/s   00:00:00 (xfer#80, to-check=94/1752)
synthetic_009764/metadata.json
           1798 100%   20.67MB/s   00:00:00 (xfer#81, to-check=95/1752)
synthetic_009764/posterior_mean.pt
         232026 100%    6.67MB/s   00:00:00 (xfer#82, to-check=96/1752)
synthetic_009764/posterior_samples.pt
        3178496  13%    5.97MB/s   00:00:03        6062080  25%    5.23MB/s   00:00:03        8945664  36%    5.38MB/s   00:00:02       12091392  49%    5.85MB/s   00:00:02       15499264  63%    6.43MB/s   00:00:01       18874368  77%    6.42MB/s   00:00:00       22413312  91%    6.75MB/s   00:00:00       24657317 100%    6.02MB/s   00:00:03 (xfer#83, to-check=97/1752)
synthetic_009764/posterior_std.pt
         232019 100%   20.41MB/s   00:00:00 (xfer#84, to-check=98/1752)
synthetic_009764/posterior_variance.pt
         232054 100%   38.36MB/s   00:00:00 (xfer#85, to-check=99/1752)
synthetic_009765/
synthetic_009765/composite_mean.pt
         232026 100%    5.63MB/s   00:00:00 (xfer#86, to-check=101/1752)
synthetic_009765/metadata.json
           1799 100%   20.68MB/s   00:00:00 (xfer#87, to-check=102/1752)
synthetic_009765/posterior_mean.pt
         232026 100%   10.13MB/s   00:00:00 (xfer#88, to-check=103/1752)
synthetic_009765/posterior_samples.pt
        3571712  14%    6.73MB/s   00:00:02        7372800  30%    7.21MB/s   00:00:02       11304960  46%    7.19MB/s   00:00:01       14548992  59%    6.05MB/s   00:00:01       17825792  72%    5.86MB/s   00:00:01       21102592  86%    5.84MB/s   00:00:00       24657317 100%    6.46MB/s   00:00:03 (xfer#89, to-check=104/1752)
synthetic_009765/posterior_std.pt
         232019 100%   26.94MB/s   00:00:00 (xfer#90, to-check=105/1752)
synthetic_009765/posterior_variance.pt
         232054 100%    3.75MB/s   00:00:00 (xfer#91, to-check=106/1752)
synthetic_009766/
synthetic_009766/composite_mean.pt
         232026 100%   75.16MB/s   00:00:00 (xfer#92, to-check=108/1752)
synthetic_009766/metadata.json
           1800 100%   21.49MB/s   00:00:00 (xfer#93, to-check=109/1752)
synthetic_009766/posterior_mean.pt
         232026 100%    4.07MB/s   00:00:00 (xfer#94, to-check=110/1752)
synthetic_009766/posterior_samples.pt
        3866624  16%    7.03MB/s   00:00:02        7798784  32%    7.26MB/s   00:00:02       11862016  48%    7.46MB/s   00:00:01       15925248  65%    7.34MB/s   00:00:01       19988480  81%    7.73MB/s   00:00:00       23920640  97%    7.12MB/s   00:00:00       24657317 100%    7.30MB/s   00:00:03 (xfer#95, to-check=111/1752)
synthetic_009766/posterior_std.pt
         232019 100%   17.36MB/s   00:00:00 (xfer#96, to-check=112/1752)
synthetic_009766/posterior_variance.pt
         232054 100%   11.62MB/s   00:00:00 (xfer#97, to-check=113/1752)
synthetic_009767/
synthetic_009767/composite_mean.pt
         232026 100%    5.12MB/s   00:00:00 (xfer#98, to-check=115/1752)
synthetic_009767/metadata.json
           1797 100%   19.48MB/s   00:00:00 (xfer#99, to-check=116/1752)
synthetic_009767/posterior_mean.pt
         232026 100%    8.38MB/s   00:00:00 (xfer#100, to-check=117/1752)
synthetic_009767/posterior_samples.pt
        4030464  16%    7.49MB/s   00:00:02        8224768  33%    7.67MB/s   00:00:02       12025856  49%    7.04MB/s   00:00:01       16089088  65%    7.74MB/s   00:00:01       20152320  82%    7.40MB/s   00:00:00       24084480  98%    7.41MB/s   00:00:00       24657317 100%    7.39MB/s   00:00:03 (xfer#101, to-check=118/1752)
synthetic_009767/posterior_std.pt
         232019 100%   21.68MB/s   00:00:00 (xfer#102, to-check=119/1752)
synthetic_009767/posterior_variance.pt
         232054 100%   15.96MB/s   00:00:00 (xfer#103, to-check=120/1752)
synthetic_009768/
synthetic_009768/composite_mean.pt
         232026 100%    3.58MB/s   00:00:00 (xfer#104, to-check=122/1752)
synthetic_009768/metadata.json
           1797 100%   20.19MB/s   00:00:00 (xfer#105, to-check=123/1752)
synthetic_009768/posterior_mean.pt
         232026 100%   73.22MB/s   00:00:00 (xfer#106, to-check=124/1752)
synthetic_009768/posterior_samples.pt
        4194304  17%    7.56MB/s   00:00:02        8388608  34%    7.96MB/s   00:00:01       12451840  50%    7.71MB/s   00:00:01       16646144  68%    7.86MB/s   00:00:00       21102592  86%    7.98MB/s   00:00:00       24657317 100%    7.77MB/s   00:00:03 (xfer#107, to-check=125/1752)
synthetic_009768/posterior_std.pt
         232019 100%  256.66MB/s   00:00:00 (xfer#108, to-check=126/1752)
synthetic_009768/posterior_variance.pt
         232054 100%   12.89MB/s   00:00:00 (xfer#109, to-check=127/1752)
synthetic_009769/
synthetic_009769/composite_mean.pt
         232026 100%   37.97MB/s   00:00:00 (xfer#110, to-check=129/1752)
synthetic_009769/metadata.json
           1798 100%   24.55MB/s   00:00:00 (xfer#111, to-check=130/1752)
synthetic_009769/posterior_mean.pt
         232026 100%    6.37MB/s   00:00:00 (xfer#112, to-check=131/1752)
synthetic_009769/posterior_samples.pt
        4456448  18%    8.46MB/s   00:00:02        9175040  37%    8.91MB/s   00:00:01       14417920  58%    9.95MB/s   00:00:00       19529728  79%    9.60MB/s   00:00:00       24657317 100%    9.34MB/s   00:00:02 (xfer#113, to-check=132/1752)
synthetic_009769/posterior_std.pt
         232019 100%  252.61MB/s   00:00:00 (xfer#114, to-check=133/1752)
synthetic_009769/posterior_variance.pt
         232054 100%    2.49MB/s   00:00:00 (xfer#115, to-check=134/1752)
synthetic_009770/
synthetic_009770/composite_mean.pt
         232026 100%    3.80MB/s   00:00:00 (xfer#116, to-check=136/1752)
synthetic_009770/metadata.json
           1797 100%    5.73MB/s   00:00:00 (xfer#117, to-check=137/1752)
synthetic_009770/posterior_mean.pt
         232026 100%   50.51MB/s   00:00:00 (xfer#118, to-check=138/1752)
synthetic_009770/posterior_samples.pt
        4161536  17%    7.78MB/s   00:00:02        8617984  35%    8.40MB/s   00:00:01       13598720  55%    9.35MB/s   00:00:01       18579456  75%    9.26MB/s   00:00:00       23691264  96%    9.50MB/s   00:00:00       24657317 100%    8.83MB/s   00:00:02 (xfer#119, to-check=139/1752)
synthetic_009770/posterior_std.pt
         232019 100%  247.49MB/s   00:00:00 (xfer#120, to-check=140/1752)
synthetic_009770/posterior_variance.pt
         232054 100%   19.21MB/s   00:00:00 (xfer#121, to-check=141/1752)
synthetic_009771/
synthetic_009771/composite_mean.pt
         232026 100%    9.01MB/s   00:00:00 (xfer#122, to-check=143/1752)
synthetic_009771/metadata.json
           1797 100%   24.45MB/s   00:00:00 (xfer#123, to-check=144/1752)
synthetic_009771/posterior_mean.pt
         232026 100%   38.98MB/s   00:00:00 (xfer#124, to-check=145/1752)
synthetic_009771/posterior_samples.pt
        5472256  22%   10.18MB/s   00:00:01       11108352  45%   10.34MB/s   00:00:01       16875520  68%   10.91MB/s   00:00:00       22773760  92%   10.94MB/s   00:00:00       24657317 100%   10.56MB/s   00:00:02 (xfer#125, to-check=146/1752)
synthetic_009771/posterior_std.pt
         232019 100%  204.11MB/s   00:00:00 (xfer#126, to-check=147/1752)
synthetic_009771/posterior_variance.pt
         232054 100%   14.79MB/s   00:00:00 (xfer#127, to-check=148/1752)
synthetic_009772/
synthetic_009772/composite_mean.pt
         232026 100%    9.11MB/s   00:00:00 (xfer#128, to-check=150/1752)
synthetic_009772/metadata.json
           1798 100%   17.67MB/s   00:00:00 (xfer#129, to-check=151/1752)
synthetic_009772/posterior_mean.pt
         232026 100%   40.91MB/s   00:00:00 (xfer#130, to-check=152/1752)
synthetic_009772/posterior_samples.pt
        5799936  24%   11.05MB/s   00:00:01       11042816  45%    9.95MB/s   00:00:01       16941056  69%   10.95MB/s   00:00:00       22970368  93%   11.31MB/s   00:00:00       24657317 100%   10.73MB/s   00:00:02 (xfer#131, to-check=153/1752)
synthetic_009772/posterior_std.pt
         232019 100%  260.92MB/s   00:00:00 (xfer#132, to-check=154/1752)
synthetic_009772/posterior_variance.pt
         232054 100%  324.44MB/s   00:00:00 (xfer#133, to-check=155/1752)
synthetic_009773/
synthetic_009773/composite_mean.pt
         232026 100%   19.26MB/s   00:00:00 (xfer#134, to-check=157/1752)
synthetic_009773/metadata.json
           1800 100%   28.57MB/s   00:00:00 (xfer#135, to-check=158/1752)
synthetic_009773/posterior_mean.pt
         232026 100%    7.38MB/s   00:00:00 (xfer#136, to-check=159/1752)
synthetic_009773/posterior_samples.pt
        4325376  18%    8.25MB/s   00:00:02        8585216  35%    8.09MB/s   00:00:01       14090240  57%   10.03MB/s   00:00:01       19988480  81%   11.19MB/s   00:00:00       24657317 100%    9.56MB/s   00:00:02 (xfer#137, to-check=160/1752)
synthetic_009773/posterior_std.pt
         232019 100%  254.90MB/s   00:00:00 (xfer#138, to-check=161/1752)
synthetic_009773/posterior_variance.pt
         232054 100%   19.62MB/s   00:00:00 (xfer#139, to-check=162/1752)
synthetic_009774/
synthetic_009774/composite_mean.pt
         232026 100%   27.66MB/s   00:00:00 (xfer#140, to-check=164/1752)
synthetic_009774/metadata.json
           1800 100%   26.87MB/s   00:00:00 (xfer#141, to-check=165/1752)
synthetic_009774/posterior_mean.pt
         232026 100%   27.98MB/s   00:00:00 (xfer#142, to-check=166/1752)
synthetic_009774/posterior_samples.pt
        5963776  24%   11.22MB/s   00:00:01       11993088  49%   11.30MB/s   00:00:01       17825792  72%   11.12MB/s   00:00:00       24051712  98%   11.71MB/s   00:00:00       24657317 100%   11.19MB/s   00:00:02 (xfer#143, to-check=167/1752)
synthetic_009774/posterior_std.pt
         232019 100%  358.61MB/s   00:00:00 (xfer#144, to-check=168/1752)
synthetic_009774/posterior_variance.pt
         232054 100%   70.90MB/s   00:00:00 (xfer#145, to-check=169/1752)
synthetic_009775/
synthetic_009775/composite_mean.pt
         232026 100%   14.39MB/s   00:00:00 (xfer#146, to-check=171/1752)
synthetic_009775/metadata.json
           1800 100%   35.82MB/s   00:00:00 (xfer#147, to-check=172/1752)
synthetic_009775/posterior_mean.pt
         232026 100%   12.19MB/s   00:00:00 (xfer#148, to-check=173/1752)
synthetic_009775/posterior_samples.pt
        6389760  26%   12.10MB/s   00:00:01       13074432  53%   12.67MB/s   00:00:00       19103744  77%   11.10MB/s   00:00:00       24657317 100%   12.08MB/s   00:00:01 (xfer#149, to-check=174/1752)
synthetic_009775/posterior_std.pt
         232019 100%   22.15MB/s   00:00:00 (xfer#150, to-check=175/1752)
synthetic_009775/posterior_variance.pt
         232054 100%   23.80MB/s   00:00:00 (xfer#151, to-check=176/1752)
synthetic_009776/
synthetic_009776/composite_mean.pt
         232026 100%   12.77MB/s   00:00:00 (xfer#152, to-check=178/1752)
synthetic_009776/metadata.json
           1800 100%   17.02MB/s   00:00:00 (xfer#153, to-check=179/1752)
synthetic_009776/posterior_mean.pt
         232026 100%   24.07MB/s   00:00:00 (xfer#154, to-check=180/1752)
synthetic_009776/posterior_samples.pt
        7110656  29%   13.55MB/s   00:00:01       13795328  56%   12.69MB/s   00:00:00       20480000  83%   12.75MB/s   00:00:00       24657317 100%   12.81MB/s   00:00:01 (xfer#155, to-check=181/1752)
synthetic_009776/posterior_std.pt
         232019 100%  332.64MB/s   00:00:00 (xfer#156, to-check=182/1752)
synthetic_009776/posterior_variance.pt
         232054 100%   16.81MB/s   00:00:00 (xfer#157, to-check=183/1752)
synthetic_009777/
synthetic_009777/composite_mean.pt
         232026 100%   15.53MB/s   00:00:00 (xfer#158, to-check=185/1752)
synthetic_009777/metadata.json
           1797 100%   16.79MB/s   00:00:00 (xfer#159, to-check=186/1752)
synthetic_009777/posterior_mean.pt
         232026 100%    9.61MB/s   00:00:00 (xfer#160, to-check=187/1752)
synthetic_009777/posterior_samples.pt
        6782976  28%   12.89MB/s   00:00:01       13467648  55%   12.72MB/s   00:00:00       20152320  82%   12.73MB/s   00:00:00       24657317 100%   12.51MB/s   00:00:01 (xfer#161, to-check=188/1752)
synthetic_009777/posterior_std.pt
         232019 100%  282.95MB/s   00:00:00 (xfer#162, to-check=189/1752)
synthetic_009777/posterior_variance.pt
         232054 100%   43.66MB/s   00:00:00 (xfer#163, to-check=190/1752)
synthetic_009778/
synthetic_009778/composite_mean.pt
         232026 100%   22.81MB/s   00:00:00 (xfer#164, to-check=192/1752)
synthetic_009778/metadata.json
           1800 100%   20.22MB/s   00:00:00 (xfer#165, to-check=193/1752)
synthetic_009778/posterior_mean.pt
         232026 100%   21.24MB/s   00:00:00 (xfer#166, to-check=194/1752)
synthetic_009778/posterior_samples.pt
        5799936  24%   11.04MB/s   00:00:01       11141120  45%    9.12MB/s   00:00:01       16482304  67%    9.85MB/s   00:00:00       20054016  81%    6.69MB/s   00:00:00       24641536 100%    8.49MB/s   00:00:00       24657317 100%    8.91MB/s   00:00:02 (xfer#167, to-check=195/1752)
synthetic_009778/posterior_std.pt
         232019 100%  270.50MB/s   00:00:00 (xfer#168, to-check=196/1752)
synthetic_009778/posterior_variance.pt
         232054 100%    8.82MB/s   00:00:00 (xfer#169, to-check=197/1752)
synthetic_009779/
synthetic_009779/composite_mean.pt
         232026 100%   10.89MB/s   00:00:00 (xfer#170, to-check=199/1752)
synthetic_009779/metadata.json
           1797 100%   18.43MB/s   00:00:00 (xfer#171, to-check=200/1752)
synthetic_009779/posterior_mean.pt
         232026 100%   17.89MB/s   00:00:00 (xfer#172, to-check=201/1752)
synthetic_009779/posterior_samples.pt
        4489216  18%    8.47MB/s   00:00:02        9338880  38%    9.23MB/s   00:00:01       14188544  58%    9.21MB/s   00:00:01       19038208  77%    9.16MB/s   00:00:00       22020096  89%    5.61MB/s   00:00:00       24657317 100%    8.08MB/s   00:00:02 (xfer#173, to-check=202/1752)
synthetic_009779/posterior_std.pt
         232019 100%  245.26MB/s   00:00:00 (xfer#174, to-check=203/1752)
synthetic_009779/posterior_variance.pt
         232054 100%    5.02MB/s   00:00:00 (xfer#175, to-check=204/1752)
synthetic_009780/
synthetic_009780/composite_mean.pt
         232026 100%   29.81MB/s   00:00:00 (xfer#176, to-check=206/1752)
synthetic_009780/metadata.json
           1798 100%   22.27MB/s   00:00:00 (xfer#177, to-check=207/1752)
synthetic_009780/posterior_mean.pt
         232026 100%    9.05MB/s   00:00:00 (xfer#178, to-check=208/1752)
synthetic_009780/posterior_samples.pt
        3833856  16%    7.25MB/s   00:00:02        7897088  32%    7.49MB/s   00:00:02       11960320  49%    7.74MB/s   00:00:01       15761408  64%    6.74MB/s   00:00:01       20086784  81%    8.17MB/s   00:00:00       24150016  98%    7.68MB/s   00:00:00       24657317 100%    7.42MB/s   00:00:03 (xfer#179, to-check=209/1752)
synthetic_009780/posterior_std.pt
         232019 100%  255.53MB/s   00:00:00 (xfer#180, to-check=210/1752)
synthetic_009780/posterior_variance.pt
         232054 100%   12.29MB/s   00:00:00 (xfer#181, to-check=211/1752)
synthetic_009781/
synthetic_009781/composite_mean.pt
         232026 100%   12.91MB/s   00:00:00 (xfer#182, to-check=213/1752)
synthetic_009781/metadata.json
           1796 100%   24.11MB/s   00:00:00 (xfer#183, to-check=214/1752)
synthetic_009781/posterior_mean.pt
         232026 100%    4.18MB/s   00:00:00 (xfer#184, to-check=215/1752)
synthetic_009781/posterior_samples.pt
        4358144  18%    8.21MB/s   00:00:02        8683520  35%    7.58MB/s   00:00:02       13008896  53%    8.16MB/s   00:00:01       17072128  69%    7.28MB/s   00:00:00       20217856  82%    5.90MB/s   00:00:00       24281088  98%    7.75MB/s   00:00:00       24657317 100%    7.38MB/s   00:00:03 (xfer#185, to-check=216/1752)
synthetic_009781/posterior_std.pt
         232019 100%  259.67MB/s   00:00:00 (xfer#186, to-check=217/1752)
synthetic_009781/posterior_variance.pt
         232054 100%  323.98MB/s   00:00:00 (xfer#187, to-check=218/1752)
synthetic_009782/
synthetic_009782/composite_mean.pt
         232026 100%    5.87MB/s   00:00:00 (xfer#188, to-check=220/1752)
synthetic_009782/metadata.json
           1799 100%   26.07MB/s   00:00:00 (xfer#189, to-check=221/1752)
synthetic_009782/posterior_mean.pt
         232026 100%   11.38MB/s   00:00:00 (xfer#190, to-check=222/1752)
synthetic_009782/posterior_samples.pt
        4325376  18%    8.24MB/s   00:00:02        8912896  36%    8.62MB/s   00:00:01       13631488  55%    8.75MB/s   00:00:01       18087936  73%    8.31MB/s   00:00:00       22937600  93%    9.04MB/s   00:00:00       24657317 100%    8.50MB/s   00:00:02 (xfer#191, to-check=223/1752)
synthetic_009782/posterior_std.pt
         232019 100%  253.50MB/s   00:00:00 (xfer#192, to-check=224/1752)
synthetic_009782/posterior_variance.pt
         232054 100%   65.55MB/s   00:00:00 (xfer#193, to-check=225/1752)
synthetic_009783/
synthetic_009783/composite_mean.pt
         232026 100%   12.60MB/s   00:00:00 (xfer#194, to-check=227/1752)
synthetic_009783/metadata.json
           1800 100%   19.51MB/s   00:00:00 (xfer#195, to-check=228/1752)
synthetic_009783/posterior_mean.pt
         232026 100%    5.68MB/s   00:00:00 (xfer#196, to-check=229/1752)
synthetic_009783/posterior_samples.pt
        4980736  20%    9.50MB/s   00:00:01        9961472  40%    9.39MB/s   00:00:01       14942208  61%    9.43MB/s   00:00:00       20054016  81%    9.68MB/s   00:00:00       24657317 100%    9.57MB/s   00:00:02 (xfer#197, to-check=230/1752)
synthetic_009783/posterior_std.pt
         232019 100%  264.71MB/s   00:00:00 (xfer#198, to-check=231/1752)
synthetic_009783/posterior_variance.pt
         232054 100%  287.73MB/s   00:00:00 (xfer#199, to-check=232/1752)
synthetic_009784/
synthetic_009784/composite_mean.pt
         232026 100%    8.86MB/s   00:00:00 (xfer#200, to-check=234/1752)
synthetic_009784/metadata.json
           1798 100%   22.55MB/s   00:00:00 (xfer#201, to-check=235/1752)
synthetic_009784/posterior_mean.pt
         232026 100%    8.68MB/s   00:00:00 (xfer#202, to-check=236/1752)
synthetic_009784/posterior_samples.pt
        5668864  23%   10.67MB/s   00:00:01       12091392  49%   12.20MB/s   00:00:00       17727488  72%   10.74MB/s   00:00:00       24657317 100%   11.58MB/s   00:00:02 (xfer#203, to-check=237/1752)
synthetic_009784/posterior_std.pt
         232019 100%  305.19MB/s   00:00:00 (xfer#204, to-check=238/1752)
synthetic_009784/posterior_variance.pt
         232054 100%   71.46MB/s   00:00:00 (xfer#205, to-check=239/1752)
synthetic_009785/
synthetic_009785/composite_mean.pt
         232026 100%   20.75MB/s   00:00:00 (xfer#206, to-check=241/1752)
synthetic_009785/metadata.json
           1799 100%   31.15MB/s   00:00:00 (xfer#207, to-check=242/1752)
synthetic_009785/posterior_mean.pt
         232026 100%   12.58MB/s   00:00:00 (xfer#208, to-check=243/1752)
synthetic_009785/posterior_samples.pt
        6979584  28%   13.02MB/s   00:00:01       13664256  55%   12.74MB/s   00:00:00       20217856  82%   12.13MB/s   00:00:00       24657317 100%   12.51MB/s   00:00:01 (xfer#209, to-check=244/1752)
synthetic_009785/posterior_std.pt
         232019 100%  219.71MB/s   00:00:00 (xfer#210, to-check=245/1752)
synthetic_009785/posterior_variance.pt
         232054 100%  293.93MB/s   00:00:00 (xfer#211, to-check=246/1752)
synthetic_009786/
synthetic_009786/composite_mean.pt
         232026 100%   17.93MB/s   00:00:00 (xfer#212, to-check=248/1752)
synthetic_009786/metadata.json
           1798 100%   25.59MB/s   00:00:00 (xfer#213, to-check=249/1752)
synthetic_009786/posterior_mean.pt
         232026 100%   14.98MB/s   00:00:00 (xfer#214, to-check=250/1752)
synthetic_009786/posterior_samples.pt
        6782976  28%   12.70MB/s   00:00:01       12812288  52%   10.55MB/s   00:00:01       19890176  81%   13.42MB/s   00:00:00       24657317 100%   12.12MB/s   00:00:01 (xfer#215, to-check=251/1752)
synthetic_009786/posterior_std.pt
         232019 100%  255.53MB/s   00:00:00 (xfer#216, to-check=252/1752)
synthetic_009786/posterior_variance.pt
         232054 100%   18.30MB/s   00:00:00 (xfer#217, to-check=253/1752)
synthetic_009787/
synthetic_009787/composite_mean.pt
         232026 100%   30.32MB/s   00:00:00 (xfer#218, to-check=255/1752)
synthetic_009787/metadata.json
           1800 100%   31.30MB/s   00:00:00 (xfer#219, to-check=256/1752)
synthetic_009787/posterior_mean.pt
         232026 100%    9.91MB/s   00:00:00 (xfer#220, to-check=257/1752)
synthetic_009787/posterior_samples.pt
        6684672  27%   12.73MB/s   00:00:01       11468800  47%    8.91MB/s   00:00:01       17629184  71%   11.70MB/s   00:00:00       24444928  99%   12.85MB/s   00:00:00       24657317 100%   11.31MB/s   00:00:02 (xfer#221, to-check=258/1752)
synthetic_009787/posterior_std.pt
         232019 100%  270.18MB/s   00:00:00 (xfer#222, to-check=259/1752)
synthetic_009787/posterior_variance.pt
         232054 100%  280.85MB/s   00:00:00 (xfer#223, to-check=260/1752)
synthetic_009788/
synthetic_009788/composite_mean.pt
         232026 100%   56.59MB/s   00:00:00 (xfer#224, to-check=262/1752)
synthetic_009788/metadata.json
           1796 100%   29.56MB/s   00:00:00 (xfer#225, to-check=263/1752)
synthetic_009788/posterior_mean.pt
         232026 100%    9.27MB/s   00:00:00 (xfer#226, to-check=264/1752)
synthetic_009788/posterior_samples.pt
        7110656  29%   12.78MB/s   00:00:01       14188544  58%   13.39MB/s   00:00:00       20873216  85%   12.67MB/s   00:00:00       24657317 100%   12.72MB/s   00:00:01 (xfer#227, to-check=265/1752)
synthetic_009788/posterior_std.pt
         232019 100%   12.52MB/s   00:00:00 (xfer#228, to-check=266/1752)
synthetic_009788/posterior_variance.pt
         232054 100%   30.56MB/s   00:00:00 (xfer#229, to-check=267/1752)
synthetic_009789/
synthetic_009789/composite_mean.pt
         232026 100%   27.34MB/s   00:00:00 (xfer#230, to-check=269/1752)
synthetic_009789/metadata.json
           1798 100%   20.91MB/s   00:00:00 (xfer#231, to-check=270/1752)
synthetic_009789/posterior_mean.pt
         232026 100%   19.72MB/s   00:00:00 (xfer#232, to-check=271/1752)
synthetic_009789/posterior_samples.pt
        6750208  27%   12.78MB/s   00:00:01       13434880  54%   12.62MB/s   00:00:00       20250624  82%   12.81MB/s   00:00:00       24657317 100%   12.52MB/s   00:00:01 (xfer#233, to-check=272/1752)
synthetic_009789/posterior_std.pt
         232019 100%  228.82MB/s   00:00:00 (xfer#234, to-check=273/1752)
synthetic_009789/posterior_variance.pt
         232054 100%  118.39MB/s   00:00:00 (xfer#235, to-check=274/1752)
synthetic_009790/
synthetic_009790/composite_mean.pt
         232026 100%   12.44MB/s   00:00:00 (xfer#236, to-check=276/1752)
synthetic_009790/metadata.json
           1799 100%   23.83MB/s   00:00:00 (xfer#237, to-check=277/1752)
synthetic_009790/posterior_mean.pt
         232026 100%   11.17MB/s   00:00:00 (xfer#238, to-check=278/1752)
synthetic_009790/posterior_samples.pt
        6782976  28%   12.81MB/s   00:00:01       13500416  55%   12.81MB/s   00:00:00       19464192  79%   11.29MB/s   00:00:00       24182784  98%    8.90MB/s   00:00:00       24657317 100%   11.18MB/s   00:00:02 (xfer#239, to-check=279/1752)
synthetic_009790/posterior_std.pt
         232019 100%  246.96MB/s   00:00:00 (xfer#240, to-check=280/1752)
synthetic_009790/posterior_variance.pt
         232054 100%  110.87MB/s   00:00:00 (xfer#241, to-check=281/1752)
synthetic_009791/
synthetic_009791/composite_mean.pt
         232026 100%    9.20MB/s   00:00:00 (xfer#242, to-check=283/1752)
synthetic_009791/metadata.json
           1798 100%   18.63MB/s   00:00:00 (xfer#243, to-check=284/1752)
synthetic_009791/posterior_mean.pt
         232026 100%   22.60MB/s   00:00:00 (xfer#244, to-check=285/1752)
synthetic_009791/posterior_samples.pt
        6324224  26%   11.84MB/s   00:00:01       13271040  54%   13.14MB/s   00:00:00       20086784  81%   12.99MB/s   00:00:00       24657317 100%   12.52MB/s   00:00:01 (xfer#245, to-check=286/1752)
synthetic_009791/posterior_std.pt
         232019 100%  352.88MB/s   00:00:00 (xfer#246, to-check=287/1752)
synthetic_009791/posterior_variance.pt
         232054 100%   25.41MB/s   00:00:00 (xfer#247, to-check=288/1752)
synthetic_009792/
synthetic_009792/composite_mean.pt
         232026 100%   22.44MB/s   00:00:00 (xfer#248, to-check=290/1752)
synthetic_009792/metadata.json
           1799 100%   34.93MB/s   00:00:00 (xfer#249, to-check=291/1752)
synthetic_009792/posterior_mean.pt
         232026 100%   12.43MB/s   00:00:00 (xfer#250, to-check=292/1752)
synthetic_009792/posterior_samples.pt
        4980736  20%    9.48MB/s   00:00:01       10485760  43%   10.26MB/s   00:00:01       15859712  64%   10.25MB/s   00:00:00       20840448  85%    9.41MB/s   00:00:00       24657317 100%    9.73MB/s   00:00:02 (xfer#251, to-check=293/1752)
synthetic_009792/posterior_std.pt
         232019 100%  245.26MB/s   00:00:00 (xfer#252, to-check=294/1752)
synthetic_009792/posterior_variance.pt
         232054 100%  310.86MB/s   00:00:00 (xfer#253, to-check=295/1752)
synthetic_009793/
synthetic_009793/composite_mean.pt
         232026 100%   17.17MB/s   00:00:00 (xfer#254, to-check=297/1752)
synthetic_009793/metadata.json
           1799 100%   30.62MB/s   00:00:00 (xfer#255, to-check=298/1752)
synthetic_009793/posterior_mean.pt
         232026 100%    7.13MB/s   00:00:00 (xfer#256, to-check=299/1752)
synthetic_009793/posterior_samples.pt
        5537792  22%   10.21MB/s   00:00:01       11698176  47%   11.62MB/s   00:00:01       17465344  71%   10.91MB/s   00:00:00       23887872  97%   11.91MB/s   00:00:00       24657317 100%   10.98MB/s   00:00:02 (xfer#257, to-check=300/1752)
synthetic_009793/posterior_std.pt
         232019 100%  225.53MB/s   00:00:00 (xfer#258, to-check=301/1752)
synthetic_009793/posterior_variance.pt
         232054 100%  268.89MB/s   00:00:00 (xfer#259, to-check=302/1752)
synthetic_009794/
synthetic_009794/composite_mean.pt
         232026 100%  250.03MB/s   00:00:00 (xfer#260, to-check=304/1752)
synthetic_009794/metadata.json
           1798 100%   18.83MB/s   00:00:00 (xfer#261, to-check=305/1752)
synthetic_009794/posterior_mean.pt
         232026 100%    5.71MB/s   00:00:00 (xfer#262, to-check=306/1752)
synthetic_009794/posterior_samples.pt
        6225920  25%   11.87MB/s   00:00:01       12517376  51%   12.00MB/s   00:00:00       18874368  77%   11.93MB/s   00:00:00       24657317 100%   11.74MB/s   00:00:02 (xfer#263, to-check=307/1752)
synthetic_009794/posterior_std.pt
         232019 100%  259.46MB/s   00:00:00 (xfer#264, to-check=308/1752)
synthetic_009794/posterior_variance.pt
         232054 100%  299.42MB/s   00:00:00 (xfer#265, to-check=309/1752)
synthetic_009795/
synthetic_009795/composite_mean.pt
         232026 100%   10.67MB/s   00:00:00 (xfer#266, to-check=311/1752)
synthetic_009795/metadata.json
           1799 100%   25.98MB/s   00:00:00 (xfer#267, to-check=312/1752)
synthetic_009795/posterior_mean.pt
         232026 100%    8.54MB/s   00:00:00 (xfer#268, to-check=313/1752)
synthetic_009795/posterior_samples.pt
        6520832  26%   12.16MB/s   00:00:01       12943360  52%   11.62MB/s   00:00:00       17891328  73%    8.89MB/s   00:00:00       22609920  92%    8.81MB/s   00:00:00       24657317 100%   10.14MB/s   00:00:02 (xfer#269, to-check=314/1752)
synthetic_009795/posterior_std.pt
         232019 100%  253.50MB/s   00:00:00 (xfer#270, to-check=315/1752)
synthetic_009795/posterior_variance.pt
         232054 100%    9.69MB/s   00:00:00 (xfer#271, to-check=316/1752)
synthetic_009796/
synthetic_009796/composite_mean.pt
         232026 100%   17.38MB/s   00:00:00 (xfer#272, to-check=318/1752)
synthetic_009796/metadata.json
           1799 100%   29.13MB/s   00:00:00 (xfer#273, to-check=319/1752)
synthetic_009796/posterior_mean.pt
         232026 100%    4.75MB/s   00:00:00 (xfer#274, to-check=320/1752)
synthetic_009796/posterior_samples.pt
        4947968  20%    9.41MB/s   00:00:01       10321920  42%   10.04MB/s   00:00:01       16089088  65%   10.97MB/s   00:00:00       21987328  89%   11.03MB/s   00:00:00       24657317 100%   10.43MB/s   00:00:02 (xfer#275, to-check=321/1752)
synthetic_009796/posterior_std.pt
         232019 100%  249.21MB/s   00:00:00 (xfer#276, to-check=322/1752)
synthetic_009796/posterior_variance.pt
         232054 100%   20.21MB/s   00:00:00 (xfer#277, to-check=323/1752)
synthetic_009797/
synthetic_009797/composite_mean.pt
         232026 100%   33.95MB/s   00:00:00 (xfer#278, to-check=325/1752)
synthetic_009797/metadata.json
           1797 100%   23.49MB/s   00:00:00 (xfer#279, to-check=326/1752)
synthetic_009797/posterior_mean.pt
         232026 100%    6.33MB/s   00:00:00 (xfer#280, to-check=327/1752)
synthetic_009797/posterior_samples.pt
        5996544  24%   11.39MB/s   00:00:01       12156928  49%   11.60MB/s   00:00:01       18448384  75%   11.95MB/s   00:00:00       24608768 100%   11.36MB/s   00:00:00       24657317 100%   11.38MB/s   00:00:02 (xfer#281, to-check=328/1752)
synthetic_009797/posterior_std.pt
         232019 100%  260.33MB/s   00:00:00 (xfer#282, to-check=329/1752)
synthetic_009797/posterior_variance.pt
         232054 100%  325.01MB/s   00:00:00 (xfer#283, to-check=330/1752)
synthetic_009798/
synthetic_009798/composite_mean.pt
         232026 100%  330.76MB/s   00:00:00 (xfer#284, to-check=332/1752)
synthetic_009798/metadata.json
           1797 100%   21.14MB/s   00:00:00 (xfer#285, to-check=333/1752)
synthetic_009798/posterior_mean.pt
         232026 100%    9.53MB/s   00:00:00 (xfer#286, to-check=334/1752)
synthetic_009798/posterior_samples.pt
        6029312  24%   11.35MB/s   00:00:01       12451840  50%   12.19MB/s   00:00:00       18743296  76%   11.92MB/s   00:00:00       24657317 100%   11.74MB/s   00:00:02 (xfer#287, to-check=335/1752)
synthetic_009798/posterior_std.pt
         232019 100%  392.26MB/s   00:00:00 (xfer#288, to-check=336/1752)
synthetic_009798/posterior_variance.pt
         232054 100%  419.25MB/s   00:00:00 (xfer#289, to-check=337/1752)
synthetic_009799/
synthetic_009799/composite_mean.pt
         232026 100%   67.67MB/s   00:00:00 (xfer#290, to-check=339/1752)
synthetic_009799/metadata.json
           1797 100%   40.61MB/s   00:00:00 (xfer#291, to-check=340/1752)
synthetic_009799/posterior_mean.pt
         232026 100%    2.45MB/s   00:00:00 (xfer#292, to-check=341/1752)
synthetic_009799/posterior_samples.pt
        6127616  25%   11.61MB/s   00:00:01       12419072  50%   11.53MB/s   00:00:01       18939904  77%   11.92MB/s   00:00:00       24313856  99%   10.07MB/s   00:00:00       24657317 100%   11.17MB/s   00:00:02 (xfer#293, to-check=342/1752)
synthetic_009799/posterior_std.pt
         232019 100%  257.01MB/s   00:00:00 (xfer#294, to-check=343/1752)
synthetic_009799/posterior_variance.pt
         232054 100%    6.28MB/s   00:00:00 (xfer#295, to-check=344/1752)
synthetic_009800/
synthetic_009800/composite_mean.pt
         232026 100%   42.34MB/s   00:00:00 (xfer#296, to-check=346/1752)
synthetic_009800/metadata.json
           1799 100%   31.70MB/s   00:00:00 (xfer#297, to-check=347/1752)
synthetic_009800/posterior_mean.pt
         232026 100%   72.20MB/s   00:00:00 (xfer#298, to-check=348/1752)
synthetic_009800/posterior_samples.pt
        5799936  24%   10.72MB/s   00:00:01       12484608  51%   12.62MB/s   00:00:00       19300352  78%   12.66MB/s   00:00:00       24657317 100%   11.92MB/s   00:00:01 (xfer#299, to-check=349/1752)
synthetic_009800/posterior_std.pt
         232019 100%  263.43MB/s   00:00:00 (xfer#300, to-check=350/1752)
synthetic_009800/posterior_variance.pt
         232054 100%   18.78MB/s   00:00:00 (xfer#301, to-check=351/1752)
synthetic_009801/
synthetic_009801/composite_mean.pt
         232026 100%   25.29MB/s   00:00:00 (xfer#302, to-check=353/1752)
synthetic_009801/metadata.json
           1798 100%   31.82MB/s   00:00:00 (xfer#303, to-check=354/1752)
synthetic_009801/posterior_mean.pt
         232026 100%   12.56MB/s   00:00:00 (xfer#304, to-check=355/1752)
synthetic_009801/posterior_samples.pt
        6553600  27%   12.33MB/s   00:00:01       13500416  55%   12.95MB/s   00:00:00       20578304  83%   13.26MB/s   00:00:00       24657317 100%   12.73MB/s   00:00:01 (xfer#305, to-check=356/1752)
synthetic_009801/posterior_std.pt
         232019 100%  252.61MB/s   00:00:00 (xfer#306, to-check=357/1752)
synthetic_009801/posterior_variance.pt
         232054 100%   27.75MB/s   00:00:00 (xfer#307, to-check=358/1752)
synthetic_009802/
synthetic_009802/composite_mean.pt
         232026 100%   23.78MB/s   00:00:00 (xfer#308, to-check=360/1752)
synthetic_009802/metadata.json
           1799 100%   29.02MB/s   00:00:00 (xfer#309, to-check=361/1752)
synthetic_009802/posterior_mean.pt
         232026 100%   10.05MB/s   00:00:00 (xfer#310, to-check=362/1752)
synthetic_009802/posterior_samples.pt
        5079040  21%    9.61MB/s   00:00:01       12419072  50%   13.81MB/s   00:00:00       19234816  78%   12.80MB/s   00:00:00       24657317 100%   12.00MB/s   00:00:01 (xfer#311, to-check=363/1752)
synthetic_009802/posterior_std.pt
         232019 100%  245.33MB/s   00:00:00 (xfer#312, to-check=364/1752)
synthetic_009802/posterior_variance.pt
         232054 100%  267.96MB/s   00:00:00 (xfer#313, to-check=365/1752)
synthetic_009803/
synthetic_009803/composite_mean.pt
         232026 100%   11.58MB/s   00:00:00 (xfer#314, to-check=367/1752)
synthetic_009803/metadata.json
           1799 100%   18.84MB/s   00:00:00 (xfer#315, to-check=368/1752)
synthetic_009803/posterior_mean.pt
         232026 100%   24.65MB/s   00:00:00 (xfer#316, to-check=369/1752)
synthetic_009803/posterior_samples.pt
        6684672  27%   12.64MB/s   00:00:01       13369344  54%   12.74MB/s   00:00:00       20054016  81%   12.66MB/s   00:00:00       24657317 100%   12.46MB/s   00:00:01 (xfer#317, to-check=370/1752)
synthetic_009803/posterior_std.pt
         232019 100%  260.92MB/s   00:00:00 (xfer#318, to-check=371/1752)
synthetic_009803/posterior_variance.pt
         232054 100%  258.20MB/s   00:00:00 (xfer#319, to-check=372/1752)
synthetic_009804/
synthetic_009804/composite_mean.pt
         232026 100%   24.96MB/s   00:00:00 (xfer#320, to-check=374/1752)
synthetic_009804/metadata.json
           1799 100%   26.46MB/s   00:00:00 (xfer#321, to-check=375/1752)
synthetic_009804/posterior_mean.pt
         232026 100%   11.41MB/s   00:00:00 (xfer#322, to-check=376/1752)
synthetic_009804/posterior_samples.pt
        6750208  27%   12.58MB/s   00:00:01       12517376  51%   10.44MB/s   00:00:01       17727488  72%    9.57MB/s   00:00:00       24657317 100%   11.39MB/s   00:00:02 (xfer#323, to-check=377/1752)
synthetic_009804/posterior_std.pt
         232019 100%  253.99MB/s   00:00:00 (xfer#324, to-check=378/1752)
synthetic_009804/posterior_variance.pt
         232054 100%  304.43MB/s   00:00:00 (xfer#325, to-check=379/1752)
synthetic_009805/
synthetic_009805/composite_mean.pt
         232026 100%   17.68MB/s   00:00:00 (xfer#326, to-check=381/1752)
synthetic_009805/metadata.json
           1799 100%   24.90MB/s   00:00:00 (xfer#327, to-check=382/1752)
synthetic_009805/posterior_mean.pt
         232026 100%   11.14MB/s   00:00:00 (xfer#328, to-check=383/1752)
synthetic_009805/posterior_samples.pt
        3899392  16%    7.41MB/s   00:00:02        8355840  34%    8.48MB/s   00:00:01       13041664  53%    8.94MB/s   00:00:01       17793024  72%    8.99MB/s   00:00:00       22773760  92%    9.21MB/s   00:00:00       24657317 100%    8.59MB/s   00:00:02 (xfer#329, to-check=384/1752)
synthetic_009805/posterior_std.pt
         232019 100%  252.33MB/s   00:00:00 (xfer#330, to-check=385/1752)
synthetic_009805/posterior_variance.pt
         232054 100%  328.34MB/s   00:00:00 (xfer#331, to-check=386/1752)
synthetic_009806/
synthetic_009806/composite_mean.pt
         232026 100%    5.40MB/s   00:00:00 (xfer#332, to-check=388/1752)
synthetic_009806/metadata.json
           1800 100%   16.82MB/s   00:00:00 (xfer#333, to-check=389/1752)
synthetic_009806/posterior_mean.pt
         232026 100%   17.42MB/s   00:00:00 (xfer#334, to-check=390/1752)
synthetic_009806/posterior_samples.pt
        2883584  12%    5.48MB/s   00:00:03        6815744  28%    7.28MB/s   00:00:02       11141120  45%    7.57MB/s   00:00:01       14516224  59%    6.30MB/s   00:00:01       17793024  72%    6.12MB/s   00:00:01       20938752  85%    5.93MB/s   00:00:00       24477696  99%    6.32MB/s   00:00:00       24657317 100%    6.41MB/s   00:00:03 (xfer#335, to-check=391/1752)
synthetic_009806/posterior_std.pt
         232019 100%   15.23MB/s   00:00:00 (xfer#336, to-check=392/1752)
synthetic_009806/posterior_variance.pt
         232054 100%   15.67MB/s   00:00:00 (xfer#337, to-check=393/1752)
synthetic_009807/
synthetic_009807/composite_mean.pt
         232026 100%    4.10MB/s   00:00:00 (xfer#338, to-check=395/1752)
synthetic_009807/metadata.json
           1799 100%   20.16MB/s   00:00:00 (xfer#339, to-check=396/1752)
synthetic_009807/posterior_mean.pt
         232026 100%   35.29MB/s   00:00:00 (xfer#340, to-check=397/1752)
synthetic_009807/posterior_samples.pt
        3178496  13%    5.88MB/s   00:00:03        6848512  28%    6.82MB/s   00:00:02       10387456  42%    6.27MB/s   00:00:02       13795328  56%    6.35MB/s   00:00:01       17465344  71%    6.98MB/s   00:00:00       21004288  85%    6.67MB/s   00:00:00       24657317 100%    6.83MB/s   00:00:00       24657317 100%    6.47MB/s   00:00:03 (xfer#341, to-check=398/1752)
synthetic_009807/posterior_std.pt
         232019 100%   19.60MB/s   00:00:00 (xfer#342, to-check=399/1752)
synthetic_009807/posterior_variance.pt
         232054 100%  101.98MB/s   00:00:00 (xfer#343, to-check=400/1752)
synthetic_009808/
synthetic_009808/composite_mean.pt
         232026 100%    4.10MB/s   00:00:00 (xfer#344, to-check=402/1752)
synthetic_009808/metadata.json
           1800 100%   21.18MB/s   00:00:00 (xfer#345, to-check=403/1752)
synthetic_009808/posterior_mean.pt
         232026 100%    4.90MB/s   00:00:00 (xfer#346, to-check=404/1752)
synthetic_009808/posterior_samples.pt
        3899392  16%    7.03MB/s   00:00:02        7700480  31%    7.11MB/s   00:00:02       11567104  47%    7.37MB/s   00:00:01       15433728  63%    7.32MB/s   00:00:01       19365888  79%    7.39MB/s   00:00:00       23429120  95%    7.23MB/s   00:00:00       24657317 100%    7.25MB/s   00:00:03 (xfer#347, to-check=405/1752)
synthetic_009808/posterior_std.pt
         232019 100%   16.67MB/s   00:00:00 (xfer#348, to-check=406/1752)
synthetic_009808/posterior_variance.pt
         232054 100%   20.45MB/s   00:00:00 (xfer#349, to-check=407/1752)
synthetic_009809/
synthetic_009809/composite_mean.pt
         232026 100%    5.05MB/s   00:00:00 (xfer#350, to-check=409/1752)
synthetic_009809/metadata.json
           1801 100%   19.52MB/s   00:00:00 (xfer#351, to-check=410/1752)
synthetic_009809/posterior_mean.pt
         232026 100%   24.91MB/s   00:00:00 (xfer#352, to-check=411/1752)
synthetic_009809/posterior_samples.pt
        3670016  15%    6.79MB/s   00:00:02        6946816  28%    5.99MB/s   00:00:02       10354688  42%    6.49MB/s   00:00:02       13893632  56%    6.67MB/s   00:00:01       17694720  72%    7.23MB/s   00:00:00       21626880  88%    7.13MB/s   00:00:00       24657317 100%    6.76MB/s   00:00:03 (xfer#353, to-check=412/1752)
synthetic_009809/posterior_std.pt
         232019 100%   33.62MB/s   00:00:00 (xfer#354, to-check=413/1752)
synthetic_009809/posterior_variance.pt
         232054 100%    8.51MB/s   00:00:00 (xfer#355, to-check=414/1752)
synthetic_009810/
synthetic_009810/composite_mean.pt
         232026 100%    7.95MB/s   00:00:00 (xfer#356, to-check=416/1752)
synthetic_009810/metadata.json
           1801 100%   23.85MB/s   00:00:00 (xfer#357, to-check=417/1752)
synthetic_009810/posterior_mean.pt
         232026 100%   12.29MB/s   00:00:00 (xfer#358, to-check=418/1752)
synthetic_009810/posterior_samples.pt
        3964928  16%    7.41MB/s   00:00:02        8028160  33%    7.63MB/s   00:00:02       12484608  51%    8.21MB/s   00:00:01       14974976  61%    1.71MB/s   00:00:05       20840448  85%   11.09MB/s   00:00:00       24657317 100%    6.00MB/s   00:00:03 (xfer#359, to-check=419/1752)
synthetic_009810/posterior_std.pt
         232019 100%  239.44MB/s   00:00:00 (xfer#360, to-check=420/1752)
synthetic_009810/posterior_variance.pt
         232054 100%   13.54MB/s   00:00:00 (xfer#361, to-check=421/1752)
synthetic_009811/
synthetic_009811/composite_mean.pt
         232026 100%   27.04MB/s   00:00:00 (xfer#362, to-check=423/1752)
synthetic_009811/metadata.json
           1800 100%   24.16MB/s   00:00:00 (xfer#363, to-check=424/1752)
synthetic_009811/posterior_mean.pt
         232026 100%    4.73MB/s   00:00:00 (xfer#364, to-check=425/1752)
synthetic_009811/posterior_samples.pt
        4030464  16%    7.67MB/s   00:00:02        8224768  33%    7.94MB/s   00:00:01       12419072  50%    6.99MB/s   00:00:01       15564800  63%    5.96MB/s   00:00:01       18972672  77%    6.05MB/s   00:00:00       22773760  92%    7.08MB/s   00:00:00       24657317 100%    6.87MB/s   00:00:03 (xfer#365, to-check=426/1752)
synthetic_009811/posterior_std.pt
         232019 100%  231.21MB/s   00:00:00 (xfer#366, to-check=427/1752)
synthetic_009811/posterior_variance.pt
         232054 100%    7.17MB/s   00:00:00 (xfer#367, to-check=428/1752)
synthetic_009812/
synthetic_009812/composite_mean.pt
         232026 100%   10.78MB/s   00:00:00 (xfer#368, to-check=430/1752)
synthetic_009812/metadata.json
           1800 100%   24.49MB/s   00:00:00 (xfer#369, to-check=431/1752)
synthetic_009812/posterior_mean.pt
         232026 100%    6.41MB/s   00:00:00 (xfer#370, to-check=432/1752)
synthetic_009812/posterior_samples.pt
        3833856  16%    7.07MB/s   00:00:02        7897088  32%    7.26MB/s   00:00:02       12222464  50%    8.10MB/s   00:00:01       16416768  67%    7.78MB/s   00:00:01       19726336  80%    6.00MB/s   00:00:00       22872064  93%    5.72MB/s   00:00:00       24657317 100%    6.84MB/s   00:00:03 (xfer#371, to-check=433/1752)
synthetic_009812/posterior_std.pt
         232019 100%  244.23MB/s   00:00:00 (xfer#372, to-check=434/1752)
synthetic_009812/posterior_variance.pt
         232054 100%   12.32MB/s   00:00:00 (xfer#373, to-check=435/1752)
synthetic_009813/
synthetic_009813/composite_mean.pt
         232026 100%    4.23MB/s   00:00:00 (xfer#374, to-check=437/1752)
synthetic_009813/metadata.json
           1800 100%   16.18MB/s   00:00:00 (xfer#375, to-check=438/1752)
synthetic_009813/posterior_mean.pt
         232026 100%    8.89MB/s   00:00:00 (xfer#376, to-check=439/1752)
synthetic_009813/posterior_samples.pt
        3309568  13%    6.01MB/s   00:00:03        6979584  28%    6.53MB/s   00:00:02       10649600  43%    6.50MB/s   00:00:02       14319616  58%    6.77MB/s   00:00:01       17989632  73%    6.98MB/s   00:00:00       21528576  87%    6.54MB/s   00:00:00       24657317 100%    6.43MB/s   00:00:03 (xfer#377, to-check=440/1752)
synthetic_009813/posterior_std.pt
         232019 100%  251.44MB/s   00:00:00 (xfer#378, to-check=441/1752)
synthetic_009813/posterior_variance.pt
         232054 100%  330.33MB/s   00:00:00 (xfer#379, to-check=442/1752)
synthetic_009814/
synthetic_009814/composite_mean.pt
         232026 100%    8.20MB/s   00:00:00 (xfer#380, to-check=444/1752)
synthetic_009814/metadata.json
           1800 100%   24.91MB/s   00:00:00 (xfer#381, to-check=445/1752)
synthetic_009814/posterior_mean.pt
         232026 100%    4.31MB/s   00:00:00 (xfer#382, to-check=446/1752)
synthetic_009814/posterior_samples.pt
        3178496  13%    5.98MB/s   00:00:03        6717440  27%    6.65MB/s   00:00:02       10387456  42%    6.87MB/s   00:00:01       14188544  58%    7.22MB/s   00:00:01       18120704  73%    7.30MB/s   00:00:00       22183936  90%    7.63MB/s   00:00:00       24657317 100%    6.93MB/s   00:00:03 (xfer#383, to-check=447/1752)
synthetic_009814/posterior_std.pt
         232019 100%   49.11MB/s   00:00:00 (xfer#384, to-check=448/1752)
synthetic_009814/posterior_variance.pt
         232054 100%   23.39MB/s   00:00:00 (xfer#385, to-check=449/1752)
synthetic_009815/
synthetic_009815/composite_mean.pt
         232026 100%    5.01MB/s   00:00:00 (xfer#386, to-check=451/1752)
synthetic_009815/metadata.json
           1800 100%   20.17MB/s   00:00:00 (xfer#387, to-check=452/1752)
synthetic_009815/posterior_mean.pt
         232026 100%   14.86MB/s   00:00:00 (xfer#388, to-check=453/1752)
synthetic_009815/posterior_samples.pt
        3833856  16%    7.25MB/s   00:00:02        8159232  33%    8.10MB/s   00:00:01       12353536  50%    7.47MB/s   00:00:01       16809984  68%    8.34MB/s   00:00:00       21266432  86%    7.50MB/s   00:00:00       24543232 100%    5.81MB/s   00:00:00       24657317 100%    7.33MB/s   00:00:03 (xfer#389, to-check=454/1752)
synthetic_009815/posterior_std.pt
         232019 100%  254.97MB/s   00:00:00 (xfer#390, to-check=455/1752)
synthetic_009815/posterior_variance.pt
         232054 100%   11.90MB/s   00:00:00 (xfer#391, to-check=456/1752)
synthetic_009816/
synthetic_009816/composite_mean.pt
         232026 100%    4.47MB/s   00:00:00 (xfer#392, to-check=458/1752)
synthetic_009816/metadata.json
           1799 100%   16.03MB/s   00:00:00 (xfer#393, to-check=459/1752)
synthetic_009816/posterior_mean.pt
         232026 100%   13.05MB/s   00:00:00 (xfer#394, to-check=460/1752)
synthetic_009816/posterior_samples.pt
        3637248  15%    6.85MB/s   00:00:02        7569408  31%    7.39MB/s   00:00:02       11403264  46%    7.02MB/s   00:00:01       15466496  63%    7.70MB/s   00:00:01       19660800  80%    7.83MB/s   00:00:00       24051712  98%    8.37MB/s   00:00:00       24657317 100%    7.43MB/s   00:00:03 (xfer#395, to-check=461/1752)
synthetic_009816/posterior_std.pt
         232019 100%  249.15MB/s   00:00:00 (xfer#396, to-check=462/1752)
synthetic_009816/posterior_variance.pt
         232054 100%   11.32MB/s   00:00:00 (xfer#397, to-check=463/1752)
synthetic_009817/
synthetic_009817/composite_mean.pt
         232026 100%   31.05MB/s   00:00:00 (xfer#398, to-check=465/1752)
synthetic_009817/metadata.json
           1799 100%   23.21MB/s   00:00:00 (xfer#399, to-check=466/1752)
synthetic_009817/posterior_mean.pt
         232026 100%    6.63MB/s   00:00:00 (xfer#400, to-check=467/1752)
synthetic_009817/posterior_samples.pt
        4194304  17%    7.45MB/s   00:00:02        8781824  36%    8.73MB/s   00:00:01       13107200  53%    8.11MB/s   00:00:01       17694720  72%    8.69MB/s   00:00:00       22413312  91%    8.32MB/s   00:00:00       24657317 100%    8.18MB/s   00:00:02 (xfer#401, to-check=468/1752)
synthetic_009817/posterior_std.pt
         232019 100%   52.09MB/s   00:00:00 (xfer#402, to-check=469/1752)
synthetic_009817/posterior_variance.pt
         232054 100%   25.33MB/s   00:00:00 (xfer#403, to-check=470/1752)
synthetic_009818/
synthetic_009818/composite_mean.pt
         232026 100%   20.30MB/s   00:00:00 (xfer#404, to-check=472/1752)
synthetic_009818/metadata.json
           1799 100%   24.90MB/s   00:00:00 (xfer#405, to-check=473/1752)
synthetic_009818/posterior_mean.pt
         232026 100%    5.15MB/s   00:00:00 (xfer#406, to-check=474/1752)
synthetic_009818/posterior_samples.pt
        4456448  18%    8.33MB/s   00:00:02        8650752  35%    7.99MB/s   00:00:01       13238272  54%    8.75MB/s   00:00:01       17694720  72%    8.33MB/s   00:00:00       22151168  90%    8.18MB/s   00:00:00       24657317 100%    8.33MB/s   00:00:02 (xfer#407, to-check=475/1752)
synthetic_009818/posterior_std.pt
         232019 100%   26.28MB/s   00:00:00 (xfer#408, to-check=476/1752)
synthetic_009818/posterior_variance.pt
         232054 100%   14.83MB/s   00:00:00 (xfer#409, to-check=477/1752)
synthetic_009819/
synthetic_009819/composite_mean.pt
         232026 100%    9.36MB/s   00:00:00 (xfer#410, to-check=479/1752)
synthetic_009819/metadata.json
           1800 100%   16.36MB/s   00:00:00 (xfer#411, to-check=480/1752)
synthetic_009819/posterior_mean.pt
         232026 100%    6.35MB/s   00:00:00 (xfer#412, to-check=481/1752)
synthetic_009819/posterior_samples.pt
        4718592  19%    8.62MB/s   00:00:02        9699328  39%    9.39MB/s   00:00:01       14811136  60%    9.35MB/s   00:00:01       19791872  80%    9.50MB/s   00:00:00       24657317 100%    9.23MB/s   00:00:02 (xfer#413, to-check=482/1752)
synthetic_009819/posterior_std.pt
         232019 100%   16.98MB/s   00:00:00 (xfer#414, to-check=483/1752)
synthetic_009819/posterior_variance.pt
         232054 100%   40.44MB/s   00:00:00 (xfer#415, to-check=484/1752)
synthetic_009820/
synthetic_009820/composite_mean.pt
         232026 100%   19.41MB/s   00:00:00 (xfer#416, to-check=486/1752)
synthetic_009820/metadata.json
           1800 100%   25.99MB/s   00:00:00 (xfer#417, to-check=487/1752)
synthetic_009820/posterior_mean.pt
         232026 100%    5.41MB/s   00:00:00 (xfer#418, to-check=488/1752)
synthetic_009820/posterior_samples.pt
        5734400  23%   10.54MB/s   00:00:01       11370496  46%   10.29MB/s   00:00:01       17268736  70%   11.06MB/s   00:00:00       23298048  94%   11.39MB/s   00:00:00       24657317 100%   10.87MB/s   00:00:02 (xfer#419, to-check=489/1752)
synthetic_009820/posterior_std.pt
         232019 100%   25.01MB/s   00:00:00 (xfer#420, to-check=490/1752)
synthetic_009820/posterior_variance.pt
         232054 100%   19.44MB/s   00:00:00 (xfer#421, to-check=491/1752)
synthetic_009821/
synthetic_009821/composite_mean.pt
         232026 100%   20.09MB/s   00:00:00 (xfer#422, to-check=493/1752)
synthetic_009821/metadata.json
           1799 100%  411.91KB/s   00:00:00 (xfer#423, to-check=494/1752)
synthetic_009821/posterior_mean.pt
         232026 100%   21.12MB/s   00:00:00 (xfer#424, to-check=495/1752)
synthetic_009821/posterior_samples.pt
        6848512  28%   13.00MB/s   00:00:01       13533184  55%   12.45MB/s   00:00:00       20742144  84%   13.72MB/s   00:00:00       24657317 100%   12.79MB/s   00:00:01 (xfer#425, to-check=496/1752)
synthetic_009821/posterior_std.pt
         232019 100%  303.19MB/s   00:00:00 (xfer#426, to-check=497/1752)
synthetic_009821/posterior_variance.pt
         232054 100%  339.51MB/s   00:00:00 (xfer#427, to-check=498/1752)
synthetic_009822/
synthetic_009822/composite_mean.pt
         232026 100%   11.26MB/s   00:00:00 (xfer#428, to-check=500/1752)
synthetic_009822/metadata.json
           1800 100%   36.55MB/s   00:00:00 (xfer#429, to-check=501/1752)
synthetic_009822/posterior_mean.pt
         232026 100%   12.49MB/s   00:00:00 (xfer#430, to-check=502/1752)
synthetic_009822/posterior_samples.pt
        6684672  27%   12.68MB/s   00:00:01       13369344  54%   12.72MB/s   00:00:00       20054016  81%   12.66MB/s   00:00:00       24657317 100%   12.48MB/s   00:00:01 (xfer#431, to-check=503/1752)
synthetic_009822/posterior_std.pt
         232019 100%  285.56MB/s   00:00:00 (xfer#432, to-check=504/1752)
synthetic_009822/posterior_variance.pt
         232054 100%  271.57MB/s   00:00:00 (xfer#433, to-check=505/1752)
synthetic_009823/
synthetic_009823/composite_mean.pt
         232026 100%   20.17MB/s   00:00:00 (xfer#434, to-check=507/1752)
synthetic_009823/metadata.json
           1800 100%   28.12MB/s   00:00:00 (xfer#435, to-check=508/1752)
synthetic_009823/posterior_mean.pt
         232026 100%    9.70MB/s   00:00:00 (xfer#436, to-check=509/1752)
synthetic_009823/posterior_samples.pt
        6815744  28%   12.76MB/s   00:00:01       11468800  47%    8.82MB/s   00:00:01       17760256  72%   11.57MB/s   00:00:00       22708224  92%    9.27MB/s   00:00:00       24657317 100%   10.18MB/s   00:00:02 (xfer#437, to-check=510/1752)
synthetic_009823/posterior_std.pt
         232019 100%  257.30MB/s   00:00:00 (xfer#438, to-check=511/1752)
synthetic_009823/posterior_variance.pt
         232054 100%  325.46MB/s   00:00:00 (xfer#439, to-check=512/1752)
synthetic_009824/
synthetic_009824/composite_mean.pt
         232026 100%    7.58MB/s   00:00:00 (xfer#440, to-check=514/1752)
synthetic_009824/metadata.json
           1800 100%   21.49MB/s   00:00:00 (xfer#441, to-check=515/1752)
synthetic_009824/posterior_mean.pt
         232026 100%   13.50MB/s   00:00:00 (xfer#442, to-check=516/1752)
synthetic_009824/posterior_samples.pt
        4718592  19%    8.64MB/s   00:00:02        9568256  39%    9.04MB/s   00:00:01       14811136  60%    9.68MB/s   00:00:00       20054016  81%    9.83MB/s   00:00:00       24657317 100%    9.31MB/s   00:00:02 (xfer#443, to-check=517/1752)
synthetic_009824/posterior_std.pt
         232019 100%  232.19MB/s   00:00:00 (xfer#444, to-check=518/1752)
synthetic_009824/posterior_variance.pt
         232054 100%  297.03MB/s   00:00:00 (xfer#445, to-check=519/1752)
synthetic_009825/
synthetic_009825/composite_mean.pt
         232026 100%   14.32MB/s   00:00:00 (xfer#446, to-check=521/1752)
synthetic_009825/metadata.json
           1799 100%   25.98MB/s   00:00:00 (xfer#447, to-check=522/1752)
synthetic_009825/posterior_mean.pt
         232026 100%   10.33MB/s   00:00:00 (xfer#448, to-check=523/1752)
synthetic_009825/posterior_samples.pt
        5177344  21%    9.81MB/s   00:00:01       10518528  43%   10.04MB/s   00:00:01       16285696  66%   10.42MB/s   00:00:00       22183936  90%   11.19MB/s   00:00:00       24657317 100%   10.14MB/s   00:00:02 (xfer#449, to-check=524/1752)
synthetic_009825/posterior_std.pt
         232019 100%  252.61MB/s   00:00:00 (xfer#450, to-check=525/1752)
synthetic_009825/posterior_variance.pt
         232054 100%  335.82MB/s   00:00:00 (xfer#451, to-check=526/1752)
synthetic_009826/
synthetic_009826/composite_mean.pt
         232026 100%   12.32MB/s   00:00:00 (xfer#452, to-check=528/1752)
synthetic_009826/metadata.json
           1801 100%   21.19MB/s   00:00:00 (xfer#453, to-check=529/1752)
synthetic_009826/posterior_mean.pt
         232026 100%   15.60MB/s   00:00:00 (xfer#454, to-check=530/1752)
synthetic_009826/posterior_samples.pt
        5505024  22%   10.45MB/s   00:00:01       10944512  44%   10.37MB/s   00:00:01       16384000  66%   10.28MB/s   00:00:00       21987328  89%   10.62MB/s   00:00:00       24657317 100%   10.20MB/s   00:00:02 (xfer#455, to-check=531/1752)
synthetic_009826/posterior_std.pt
         232019 100%  264.64MB/s   00:00:00 (xfer#456, to-check=532/1752)
synthetic_009826/posterior_variance.pt
         232054 100%   15.18MB/s   00:00:00 (xfer#457, to-check=533/1752)
synthetic_009827/
synthetic_009827/composite_mean.pt
         232026 100%   46.92MB/s   00:00:00 (xfer#458, to-check=535/1752)
synthetic_009827/metadata.json
           1799 100%   25.98MB/s   00:00:00 (xfer#459, to-check=536/1752)
synthetic_009827/posterior_mean.pt
         232026 100%   10.52MB/s   00:00:00 (xfer#460, to-check=537/1752)
synthetic_009827/posterior_samples.pt
        4784128  19%    9.07MB/s   00:00:02        9633792  39%    8.67MB/s   00:00:01       15400960  62%   10.93MB/s   00:00:00       21430272  87%   11.33MB/s   00:00:00       24657317 100%    9.90MB/s   00:00:02 (xfer#461, to-check=538/1752)
synthetic_009827/posterior_std.pt
         232019 100%  244.75MB/s   00:00:00 (xfer#462, to-check=539/1752)
synthetic_009827/posterior_variance.pt
         232054 100%  327.88MB/s   00:00:00 (xfer#463, to-check=540/1752)
synthetic_009828/
synthetic_009828/composite_mean.pt
         232026 100%   10.72MB/s   00:00:00 (xfer#464, to-check=542/1752)
synthetic_009828/metadata.json
           1800 100%   26.47MB/s   00:00:00 (xfer#465, to-check=543/1752)
synthetic_009828/posterior_mean.pt
         232026 100%   15.14MB/s   00:00:00 (xfer#466, to-check=544/1752)
synthetic_009828/posterior_samples.pt
        5865472  24%   10.78MB/s   00:00:01       12288000  50%   12.20MB/s   00:00:00       18710528  76%   12.23MB/s   00:00:00       24346624  99%   10.34MB/s   00:00:00       24657317 100%   11.21MB/s   00:00:02 (xfer#467, to-check=545/1752)
synthetic_009828/posterior_std.pt
         232019 100%    4.18MB/s   00:00:00 (xfer#468, to-check=546/1752)
synthetic_009828/posterior_variance.pt
         232054 100%    8.98MB/s   00:00:00 (xfer#469, to-check=547/1752)
synthetic_009829/
synthetic_009829/composite_mean.pt
         232026 100%   21.02MB/s   00:00:00 (xfer#470, to-check=549/1752)
synthetic_009829/metadata.json
           1800 100%   15.06MB/s   00:00:00 (xfer#471, to-check=550/1752)
synthetic_009829/posterior_mean.pt
         232026 100%   35.49MB/s   00:00:00 (xfer#472, to-check=551/1752)
synthetic_009829/posterior_samples.pt
        5799936  24%   10.96MB/s   00:00:01       12746752  52%   12.65MB/s   00:00:00       19824640  80%   13.42MB/s   00:00:00       24657317 100%   12.26MB/s   00:00:01 (xfer#473, to-check=552/1752)
synthetic_009829/posterior_std.pt
         232019 100%  198.43MB/s   00:00:00 (xfer#474, to-check=553/1752)
synthetic_009829/posterior_variance.pt
         232054 100%  313.06MB/s   00:00:00 (xfer#475, to-check=554/1752)
synthetic_009830/
synthetic_009830/composite_mean.pt
         232026 100%   19.69MB/s   00:00:00 (xfer#476, to-check=556/1752)
synthetic_009830/metadata.json
           1801 100%   29.17MB/s   00:00:00 (xfer#477, to-check=557/1752)
synthetic_009830/posterior_mean.pt
         232026 100%   10.32MB/s   00:00:00 (xfer#478, to-check=558/1752)
synthetic_009830/posterior_samples.pt
        6750208  27%   12.68MB/s   00:00:01       13565952  55%   12.87MB/s   00:00:00       20381696  83%   12.75MB/s   00:00:00       24657317 100%   12.46MB/s   00:00:01 (xfer#479, to-check=559/1752)
synthetic_009830/posterior_std.pt
         232019 100%  220.13MB/s   00:00:00 (xfer#480, to-check=560/1752)
synthetic_009830/posterior_variance.pt
         232054 100%  258.20MB/s   00:00:00 (xfer#481, to-check=561/1752)
synthetic_009831/
synthetic_009831/composite_mean.pt
         232026 100%   25.15MB/s   00:00:00 (xfer#482, to-check=563/1752)
synthetic_009831/metadata.json
           1799 100%   21.16MB/s   00:00:00 (xfer#483, to-check=564/1752)
synthetic_009831/posterior_mean.pt
         232026 100%   14.07MB/s   00:00:00 (xfer#484, to-check=565/1752)
synthetic_009831/posterior_samples.pt
        6815744  28%   12.73MB/s   00:00:01       13631488  55%   12.82MB/s   00:00:00       20316160  82%   12.67MB/s   00:00:00       24657317 100%    8.27MB/s   00:00:00       24657317 100%   11.42MB/s   00:00:02 (xfer#485, to-check=566/1752)
synthetic_009831/posterior_std.pt
         232019 100%  238.70MB/s   00:00:00 (xfer#486, to-check=567/1752)
synthetic_009831/posterior_variance.pt
         232054 100%  288.89MB/s   00:00:00 (xfer#487, to-check=568/1752)
synthetic_009832/
synthetic_009832/composite_mean.pt
         232026 100%  318.94MB/s   00:00:00 (xfer#488, to-check=570/1752)
synthetic_009832/metadata.json
           1801 100%   24.17MB/s   00:00:00 (xfer#489, to-check=571/1752)
synthetic_009832/posterior_mean.pt
         232026 100%    5.72MB/s   00:00:00 (xfer#490, to-check=572/1752)
synthetic_009832/posterior_samples.pt
        7307264  30%   13.77MB/s   00:00:01       14123008  57%   12.90MB/s   00:00:00       19496960  79%   10.17MB/s   00:00:00       24657317 100%   12.12MB/s   00:00:01 (xfer#491, to-check=573/1752)
synthetic_009832/posterior_std.pt
         232019 100%  254.90MB/s   00:00:00 (xfer#492, to-check=574/1752)
synthetic_009832/posterior_variance.pt
         232054 100%  309.10MB/s   00:00:00 (xfer#493, to-check=575/1752)
synthetic_009833/
synthetic_009833/composite_mean.pt
         232026 100%   14.61MB/s   00:00:00 (xfer#494, to-check=577/1752)
synthetic_009833/metadata.json
           1800 100%   25.17MB/s   00:00:00 (xfer#495, to-check=578/1752)
synthetic_009833/posterior_mean.pt
         232026 100%   17.55MB/s   00:00:00 (xfer#496, to-check=579/1752)
synthetic_009833/posterior_samples.pt
        6848512  28%   13.02MB/s   00:00:01       13139968  53%   11.75MB/s   00:00:00       19693568  80%   12.40MB/s   00:00:00       24657317 100%   12.26MB/s   00:00:01 (xfer#497, to-check=580/1752)
synthetic_009833/posterior_std.pt
         232019 100%  288.94MB/s   00:00:00 (xfer#498, to-check=581/1752)
synthetic_009833/posterior_variance.pt
         232054 100%   59.00MB/s   00:00:00 (xfer#499, to-check=582/1752)
synthetic_009834/
synthetic_009834/composite_mean.pt
         232026 100%    8.87MB/s   00:00:00 (xfer#500, to-check=584/1752)
synthetic_009834/metadata.json
           1799 100%   18.84MB/s   00:00:00 (xfer#501, to-check=585/1752)
synthetic_009834/posterior_mean.pt
         232026 100%    1.78MB/s   00:00:00 (xfer#502, to-check=586/1752)
synthetic_009834/posterior_samples.pt
        4784128  19%    8.98MB/s   00:00:02       10420224  42%   10.30MB/s   00:00:01       15925248  65%   10.39MB/s   00:00:00       22085632  90%   11.74MB/s   00:00:00       24657317 100%   10.30MB/s   00:00:02 (xfer#503, to-check=587/1752)
synthetic_009834/posterior_std.pt
         232019 100%  263.13MB/s   00:00:00 (xfer#504, to-check=588/1752)
synthetic_009834/posterior_variance.pt
         232054 100%  288.18MB/s   00:00:00 (xfer#505, to-check=589/1752)
synthetic_009835/
synthetic_009835/composite_mean.pt
         232026 100%   33.80MB/s   00:00:00 (xfer#506, to-check=591/1752)
synthetic_009835/metadata.json
           1800 100%   30.64MB/s   00:00:00 (xfer#507, to-check=592/1752)
synthetic_009835/posterior_mean.pt
         232026 100%    9.15MB/s   00:00:00 (xfer#508, to-check=593/1752)
synthetic_009835/posterior_samples.pt
        6258688  25%   11.81MB/s   00:00:01       12812288  52%   12.49MB/s   00:00:00       19496960  79%   12.65MB/s   00:00:00       24657317 100%   12.00MB/s   00:00:01 (xfer#509, to-check=594/1752)
synthetic_009835/posterior_std.pt
         232019 100%  285.91MB/s   00:00:00 (xfer#510, to-check=595/1752)
synthetic_009835/posterior_variance.pt
         232054 100%  456.35MB/s   00:00:00 (xfer#511, to-check=596/1752)
synthetic_009836/
synthetic_009836/composite_mean.pt
         232026 100%    6.90MB/s   00:00:00 (xfer#512, to-check=598/1752)
synthetic_009836/metadata.json
           1801 100%   37.33MB/s   00:00:00 (xfer#513, to-check=599/1752)
synthetic_009836/posterior_mean.pt
         232026 100%   35.32MB/s   00:00:00 (xfer#514, to-check=600/1752)
synthetic_009836/posterior_samples.pt
        6881280  28%   12.65MB/s   00:00:01       11534336  47%    8.75MB/s   00:00:01       16384000  66%    8.94MB/s   00:00:00       21626880  88%    9.79MB/s   00:00:00       24657317 100%    9.88MB/s   00:00:02 (xfer#515, to-check=601/1752)
synthetic_009836/posterior_std.pt
         232019 100%   26.49MB/s   00:00:00 (xfer#516, to-check=602/1752)
synthetic_009836/posterior_variance.pt
         232054 100%   10.94MB/s   00:00:00 (xfer#517, to-check=603/1752)
synthetic_009837/
synthetic_009837/composite_mean.pt
         232026 100%   43.11MB/s   00:00:00 (xfer#518, to-check=605/1752)
synthetic_009837/metadata.json
           1801 100%   26.39MB/s   00:00:00 (xfer#519, to-check=606/1752)
synthetic_009837/posterior_mean.pt
         232026 100%    7.01MB/s   00:00:00 (xfer#520, to-check=607/1752)
synthetic_009837/posterior_samples.pt
        5505024  22%   10.26MB/s   00:00:01       11272192  46%   10.82MB/s   00:00:01       16908288  69%   10.48MB/s   00:00:00       21889024  89%    9.49MB/s   00:00:00       24657317 100%   10.06MB/s   00:00:02 (xfer#521, to-check=608/1752)
synthetic_009837/posterior_std.pt
         232019 100%  256.09MB/s   00:00:00 (xfer#522, to-check=609/1752)
synthetic_009837/posterior_variance.pt
         232054 100%    7.81MB/s   00:00:00 (xfer#523, to-check=610/1752)
synthetic_009838/
synthetic_009838/composite_mean.pt
         232026 100%   37.92MB/s   00:00:00 (xfer#524, to-check=612/1752)
synthetic_009838/metadata.json
           1800 100%   23.45MB/s   00:00:00 (xfer#525, to-check=613/1752)
synthetic_009838/posterior_mean.pt
         232026 100%   18.11MB/s   00:00:00 (xfer#526, to-check=614/1752)
synthetic_009838/posterior_samples.pt
        5275648  21%    9.97MB/s   00:00:01       11304960  46%   11.39MB/s   00:00:01       17203200  70%   10.92MB/s   00:00:00       22970368  93%   10.95MB/s   00:00:00       24657317 100%   10.61MB/s   00:00:02 (xfer#527, to-check=615/1752)
synthetic_009838/posterior_std.pt
         232019 100%  256.09MB/s   00:00:00 (xfer#528, to-check=616/1752)
synthetic_009838/posterior_variance.pt
         232054 100%  326.95MB/s   00:00:00 (xfer#529, to-check=617/1752)
synthetic_009839/
synthetic_009839/composite_mean.pt
         232026 100%   17.51MB/s   00:00:00 (xfer#530, to-check=619/1752)
synthetic_009839/metadata.json
           1801 100%   25.64MB/s   00:00:00 (xfer#531, to-check=620/1752)
synthetic_009839/posterior_mean.pt
         232026 100%    8.68MB/s   00:00:00 (xfer#532, to-check=621/1752)
synthetic_009839/posterior_samples.pt
        4521984  18%    8.53MB/s   00:00:02       10158080  41%   10.34MB/s   00:00:01       16318464  66%   10.84MB/s   00:00:00       21954560  89%   10.57MB/s   00:00:00       24657317 100%   10.11MB/s   00:00:02 (xfer#533, to-check=622/1752)
synthetic_009839/posterior_std.pt
         232019 100%  257.87MB/s   00:00:00 (xfer#534, to-check=623/1752)
synthetic_009839/posterior_variance.pt
         232054 100%   14.54MB/s   00:00:00 (xfer#535, to-check=624/1752)
synthetic_009840/
synthetic_009840/composite_mean.pt
         232026 100%   23.18MB/s   00:00:00 (xfer#536, to-check=626/1752)
synthetic_009840/metadata.json
           1800 100%   23.53MB/s   00:00:00 (xfer#537, to-check=627/1752)
synthetic_009840/posterior_mean.pt
         232026 100%    6.03MB/s   00:00:00 (xfer#538, to-check=628/1752)
synthetic_009840/posterior_samples.pt
        5767168  23%   10.84MB/s   00:00:01       11796480  48%   11.28MB/s   00:00:01       17956864  73%   11.09MB/s   00:00:00       24215552  98%   11.94MB/s   00:00:00       24657317 100%   11.18MB/s   00:00:02 (xfer#539, to-check=629/1752)
synthetic_009840/posterior_std.pt
         232019 100%   28.51MB/s   00:00:00 (xfer#540, to-check=630/1752)
synthetic_009840/posterior_variance.pt
         232054 100%    5.01MB/s   00:00:00 (xfer#541, to-check=631/1752)
synthetic_009841/
synthetic_009841/composite_mean.pt
         232026 100%   50.90MB/s   00:00:00 (xfer#542, to-check=633/1752)
synthetic_009841/metadata.json
           1800 100%   28.57MB/s   00:00:00 (xfer#543, to-check=634/1752)
synthetic_009841/posterior_mean.pt
         232026 100%   11.88MB/s   00:00:00 (xfer#544, to-check=635/1752)
synthetic_009841/posterior_samples.pt
        5898240  24%   11.18MB/s   00:00:01       12320768  50%   12.18MB/s   00:00:00       18874368  77%   12.46MB/s   00:00:00       24657317 100%   12.08MB/s   00:00:01 (xfer#545, to-check=636/1752)
synthetic_009841/posterior_std.pt
         232019 100%  272.48MB/s   00:00:00 (xfer#546, to-check=637/1752)
synthetic_009841/posterior_variance.pt
         232054 100%  340.50MB/s   00:00:00 (xfer#547, to-check=638/1752)
synthetic_009842/
synthetic_009842/composite_mean.pt
         232026 100%   10.96MB/s   00:00:00 (xfer#548, to-check=640/1752)
synthetic_009842/metadata.json
           1800 100%   40.00MB/s   00:00:00 (xfer#549, to-check=641/1752)
synthetic_009842/posterior_mean.pt
         232026 100%    8.22MB/s   00:00:00 (xfer#550, to-check=642/1752)
synthetic_009842/posterior_samples.pt
        7208960  29%   13.63MB/s   00:00:01       13893632  56%   12.65MB/s   00:00:00       20578304  83%   12.45MB/s   00:00:00       24657317 100%   12.65MB/s   00:00:01 (xfer#551, to-check=643/1752)
synthetic_009842/posterior_std.pt
         232019 100%  320.69MB/s   00:00:00 (xfer#552, to-check=644/1752)
synthetic_009842/posterior_variance.pt
         232054 100%  324.55MB/s   00:00:00 (xfer#553, to-check=645/1752)
synthetic_009843/
synthetic_009843/composite_mean.pt
         232026 100%    2.53MB/s   00:00:00 (xfer#554, to-check=647/1752)
synthetic_009843/metadata.json
           1801 100%    8.14MB/s   00:00:00 (xfer#555, to-check=648/1752)
synthetic_009843/posterior_mean.pt
         232026 100%  199.85MB/s   00:00:00 (xfer#556, to-check=649/1752)
synthetic_009843/posterior_samples.pt
        3211264  13%    5.66MB/s   00:00:03        7405568  30%    7.75MB/s   00:00:02       11534336  47%    7.13MB/s   00:00:01       14942208  61%    6.29MB/s   00:00:01       18481152  75%    6.55MB/s   00:00:00       22282240  90%    7.12MB/s   00:00:00       24657317 100%    6.75MB/s   00:00:03 (xfer#557, to-check=650/1752)
synthetic_009843/posterior_std.pt
         232019 100%   18.22MB/s   00:00:00 (xfer#558, to-check=651/1752)
synthetic_009843/posterior_variance.pt
         232054 100%   37.30MB/s   00:00:00 (xfer#559, to-check=652/1752)
synthetic_009844/
synthetic_009844/composite_mean.pt
         232026 100%    4.59MB/s   00:00:00 (xfer#560, to-check=654/1752)
synthetic_009844/metadata.json
           1800 100%   19.94MB/s   00:00:00 (xfer#561, to-check=655/1752)
synthetic_009844/posterior_mean.pt
         232026 100%   17.83MB/s   00:00:00 (xfer#562, to-check=656/1752)
synthetic_009844/posterior_samples.pt
        3604480  15%    6.86MB/s   00:00:02        7405568  30%    6.83MB/s   00:00:02       11468800  47%    7.46MB/s   00:00:01       15564800  63%    7.81MB/s   00:00:01       19595264  79%    7.18MB/s   00:00:00       23658496  96%    7.72MB/s   00:00:00       24657317 100%    7.22MB/s   00:00:03 (xfer#563, to-check=657/1752)
synthetic_009844/posterior_std.pt
         232019 100%   48.05MB/s   00:00:00 (xfer#564, to-check=658/1752)
synthetic_009844/posterior_variance.pt
         232054 100%   14.78MB/s   00:00:00 (xfer#565, to-check=659/1752)
synthetic_009845/
synthetic_009845/composite_mean.pt
         232026 100%    5.14MB/s   00:00:00 (xfer#566, to-check=661/1752)
synthetic_009845/metadata.json
           1799 100%   19.50MB/s   00:00:00 (xfer#567, to-check=662/1752)
synthetic_009845/posterior_mean.pt
         232026 100%   16.78MB/s   00:00:00 (xfer#568, to-check=663/1752)
synthetic_009845/posterior_samples.pt
        4030464  16%    7.53MB/s   00:00:02        8355840  34%    7.98MB/s   00:00:01       12419072  50%    7.60MB/s   00:00:01       16744448  68%    8.17MB/s   00:00:00       21200896  86%    8.18MB/s   00:00:00       24657317 100%    7.88MB/s   00:00:02 (xfer#569, to-check=664/1752)
synthetic_009845/posterior_std.pt
         232019 100%  242.89MB/s   00:00:00 (xfer#570, to-check=665/1752)
synthetic_009845/posterior_variance.pt
         232054 100%   14.80MB/s   00:00:00 (xfer#571, to-check=666/1752)
synthetic_009846/
synthetic_009846/composite_mean.pt
         232026 100%   24.69MB/s   00:00:00 (xfer#572, to-check=668/1752)
synthetic_009846/metadata.json
           1798 100%   25.59MB/s   00:00:00 (xfer#573, to-check=669/1752)
synthetic_009846/posterior_mean.pt
         232026 100%    5.37MB/s   00:00:00 (xfer#574, to-check=670/1752)
synthetic_009846/posterior_samples.pt
        4030464  16%    7.55MB/s   00:00:02        8093696  33%    7.70MB/s   00:00:02       12943360  52%    9.22MB/s   00:00:01       17661952  72%    8.70MB/s   00:00:00       22642688  92%    9.42MB/s   00:00:00       24657317 100%    8.50MB/s   00:00:02 (xfer#575, to-check=671/1752)
synthetic_009846/posterior_std.pt
         232019 100%  250.02MB/s   00:00:00 (xfer#576, to-check=672/1752)
synthetic_009846/posterior_variance.pt
         232054 100%   15.47MB/s   00:00:00 (xfer#577, to-check=673/1752)
synthetic_009847/
synthetic_009847/composite_mean.pt
         232026 100%   28.88MB/s   00:00:00 (xfer#578, to-check=675/1752)
synthetic_009847/metadata.json
           1798 100%   23.50MB/s   00:00:00 (xfer#579, to-check=676/1752)
synthetic_009847/posterior_mean.pt
         232026 100%    6.91MB/s   00:00:00 (xfer#580, to-check=677/1752)
synthetic_009847/posterior_samples.pt
        5242880  21%    9.61MB/s   00:00:01       10747904  44%   10.42MB/s   00:00:01       16384000  66%   10.41MB/s   00:00:00       22544384  91%   11.63MB/s   00:00:00       24657317 100%   10.20MB/s   00:00:02 (xfer#581, to-check=678/1752)
synthetic_009847/posterior_std.pt
         232019 100%  265.62MB/s   00:00:00 (xfer#582, to-check=679/1752)
synthetic_009847/posterior_variance.pt
         232054 100%  301.86MB/s   00:00:00 (xfer#583, to-check=680/1752)
synthetic_009848/
synthetic_009848/composite_mean.pt
         232026 100%   13.36MB/s   00:00:00 (xfer#584, to-check=682/1752)
synthetic_009848/metadata.json
           1799 100%   22.28MB/s   00:00:00 (xfer#585, to-check=683/1752)
synthetic_009848/posterior_mean.pt
         232026 100%   21.51MB/s   00:00:00 (xfer#586, to-check=684/1752)
synthetic_009848/posterior_samples.pt
        6553600  27%   12.48MB/s   00:00:01       13500416  55%   13.12MB/s   00:00:00       20578304  83%   13.43MB/s   00:00:00       24657317 100%   12.77MB/s   00:00:01 (xfer#587, to-check=685/1752)
synthetic_009848/posterior_std.pt
         232019 100%  282.61MB/s   00:00:00 (xfer#588, to-check=686/1752)
synthetic_009848/posterior_variance.pt
         232054 100%   83.01MB/s   00:00:00 (xfer#589, to-check=687/1752)
synthetic_009849/
synthetic_009849/composite_mean.pt
         232026 100%   10.94MB/s   00:00:00 (xfer#590, to-check=689/1752)
synthetic_009849/metadata.json
           1796 100%   27.21MB/s   00:00:00 (xfer#591, to-check=690/1752)
synthetic_009849/posterior_mean.pt
         232026 100%   12.76MB/s   00:00:00 (xfer#592, to-check=691/1752)
synthetic_009849/posterior_samples.pt
        6586368  27%   12.55MB/s   00:00:01       13402112  54%   12.91MB/s   00:00:00       20054016  81%   12.56MB/s   00:00:00       24657317 100%   12.49MB/s   00:00:01 (xfer#593, to-check=692/1752)
synthetic_009849/posterior_std.pt
         232019 100%  257.01MB/s   00:00:00 (xfer#594, to-check=693/1752)
synthetic_009849/posterior_variance.pt
         232054 100%  346.87MB/s   00:00:00 (xfer#595, to-check=694/1752)
synthetic_009850/
synthetic_009850/composite_mean.pt
         232026 100%   22.06MB/s   00:00:00 (xfer#596, to-check=696/1752)
synthetic_009850/metadata.json
           1800 100%   26.09MB/s   00:00:00 (xfer#597, to-check=697/1752)
synthetic_009850/posterior_mean.pt
         232026 100%   10.39MB/s   00:00:00 (xfer#598, to-check=698/1752)
synthetic_009850/posterior_samples.pt
        4423680  18%    8.37MB/s   00:00:02       11763712  48%   13.81MB/s   00:00:00       18579456  75%   11.08MB/s   00:00:00       23691264  96%    9.72MB/s   00:00:00       24657317 100%   10.60MB/s   00:00:02 (xfer#599, to-check=699/1752)
synthetic_009850/posterior_std.pt
         232019 100%  237.42MB/s   00:00:00 (xfer#600, to-check=700/1752)
synthetic_009850/posterior_variance.pt
         232054 100%  288.53MB/s   00:00:00 (xfer#601, to-check=701/1752)
synthetic_009851/
synthetic_009851/composite_mean.pt
         232026 100%   11.22MB/s   00:00:00 (xfer#602, to-check=703/1752)
synthetic_009851/metadata.json
           1797 100%   23.80MB/s   00:00:00 (xfer#603, to-check=704/1752)
synthetic_009851/posterior_mean.pt
         232026 100%   15.58MB/s   00:00:00 (xfer#604, to-check=705/1752)
synthetic_009851/posterior_samples.pt
        6815744  28%   12.98MB/s   00:00:01       13500416  55%   12.72MB/s   00:00:00       20709376  84%   13.62MB/s   00:00:00       24657317 100%   12.81MB/s   00:00:01 (xfer#605, to-check=706/1752)
synthetic_009851/posterior_std.pt
         232019 100%  250.29MB/s   00:00:00 (xfer#606, to-check=707/1752)
synthetic_009851/posterior_variance.pt
         232054 100%   36.77MB/s   00:00:00 (xfer#607, to-check=708/1752)
synthetic_009852/
synthetic_009852/composite_mean.pt
         232026 100%   70.72MB/s   00:00:00 (xfer#608, to-check=710/1752)
synthetic_009852/metadata.json
           1799 100%   28.11MB/s   00:00:00 (xfer#609, to-check=711/1752)
synthetic_009852/posterior_mean.pt
         232026 100%   13.19MB/s   00:00:00 (xfer#610, to-check=712/1752)
synthetic_009852/posterior_samples.pt
        6684672  27%   12.50MB/s   00:00:01       13500416  55%   12.88MB/s   00:00:00       20185088  82%   12.71MB/s   00:00:00       24657317 100%   12.48MB/s   00:00:01 (xfer#611, to-check=713/1752)
synthetic_009852/posterior_std.pt
         232019 100%  243.46MB/s   00:00:00 (xfer#612, to-check=714/1752)
synthetic_009852/posterior_variance.pt
         232054 100%  267.27MB/s   00:00:00 (xfer#613, to-check=715/1752)
synthetic_009853/
synthetic_009853/composite_mean.pt
         232026 100%   19.36MB/s   00:00:00 (xfer#614, to-check=717/1752)
synthetic_009853/metadata.json
           1796 100%   21.97MB/s   00:00:00 (xfer#615, to-check=718/1752)
synthetic_009853/posterior_mean.pt
         232026 100%    9.58MB/s   00:00:00 (xfer#616, to-check=719/1752)
synthetic_009853/posterior_samples.pt
        6750208  27%   12.82MB/s   00:00:01       13434880  54%   12.51MB/s   00:00:00       20119552  82%   12.61MB/s   00:00:00       24657317 100%   12.18MB/s   00:00:01 (xfer#617, to-check=720/1752)
synthetic_009853/posterior_std.pt
         232019 100%  298.13MB/s   00:00:00 (xfer#618, to-check=721/1752)
synthetic_009853/posterior_variance.pt
         232054 100%  396.67MB/s   00:00:00 (xfer#619, to-check=722/1752)
synthetic_009854/
synthetic_009854/composite_mean.pt
         232026 100%  401.60MB/s   00:00:00 (xfer#620, to-check=724/1752)
synthetic_009854/metadata.json
           1797 100%   34.39MB/s   00:00:00 (xfer#621, to-check=725/1752)
synthetic_009854/posterior_mean.pt
         232026 100%    7.85MB/s   00:00:00 (xfer#622, to-check=726/1752)
synthetic_009854/posterior_samples.pt
        4423680  18%    8.34MB/s   00:00:02       10190848  41%   10.75MB/s   00:00:01       15695872  64%   10.36MB/s   00:00:00       22118400  90%   11.59MB/s   00:00:00       24657317 100%   10.32MB/s   00:00:02 (xfer#623, to-check=727/1752)
synthetic_009854/posterior_std.pt
         232019 100%  258.45MB/s   00:00:00 (xfer#624, to-check=728/1752)
synthetic_009854/posterior_variance.pt
         232054 100%  336.80MB/s   00:00:00 (xfer#625, to-check=729/1752)
synthetic_009855/
synthetic_009855/composite_mean.pt
         232026 100%   10.55MB/s   00:00:00 (xfer#626, to-check=731/1752)
synthetic_009855/metadata.json
           1798 100%   27.24MB/s   00:00:00 (xfer#627, to-check=732/1752)
synthetic_009855/posterior_mean.pt
         232026 100%   41.89MB/s   00:00:00 (xfer#628, to-check=733/1752)
synthetic_009855/posterior_samples.pt
        6881280  28%   13.02MB/s   00:00:01       14090240  57%   13.18MB/s   00:00:00       21037056  85%   13.25MB/s   00:00:00       24657317 100%   12.68MB/s   00:00:01 (xfer#629, to-check=734/1752)
synthetic_009855/posterior_std.pt
         232019 100%    2.67MB/s   00:00:00 (xfer#630, to-check=735/1752)
synthetic_009855/posterior_variance.pt
         232054 100%    3.37MB/s   00:00:00 (xfer#631, to-check=736/1752)
synthetic_009856/
synthetic_009856/composite_mean.pt
         232026 100%   33.89MB/s   00:00:00 (xfer#632, to-check=738/1752)
synthetic_009856/metadata.json
           1799 100%    8.58MB/s   00:00:00 (xfer#633, to-check=739/1752)
synthetic_009856/posterior_mean.pt
         232026 100%    8.77MB/s   00:00:00 (xfer#634, to-check=740/1752)
synthetic_009856/posterior_samples.pt
        5013504  20%    9.38MB/s   00:00:01       10387456  42%   10.12MB/s   00:00:01       16154624  66%   10.63MB/s   00:00:00       22315008  91%   11.75MB/s   00:00:00       24657317 100%   10.25MB/s   00:00:02 (xfer#635, to-check=741/1752)
synthetic_009856/posterior_std.pt
         232019 100%  264.03MB/s   00:00:00 (xfer#636, to-check=742/1752)
synthetic_009856/posterior_variance.pt
         232054 100%  324.44MB/s   00:00:00 (xfer#637, to-check=743/1752)
synthetic_009857/
synthetic_009857/composite_mean.pt
         232026 100%   13.03MB/s   00:00:00 (xfer#638, to-check=745/1752)
synthetic_009857/metadata.json
           1798 100%   25.96MB/s   00:00:00 (xfer#639, to-check=746/1752)
synthetic_009857/posterior_mean.pt
         232026 100%   19.89MB/s   00:00:00 (xfer#640, to-check=747/1752)
synthetic_009857/posterior_samples.pt
        6029312  24%   11.40MB/s   00:00:01       11141120  45%    9.73MB/s   00:00:01       16515072  67%    9.79MB/s   00:00:00       23068672  94%   12.39MB/s   00:00:00       24657317 100%   10.76MB/s   00:00:02 (xfer#641, to-check=748/1752)
synthetic_009857/posterior_std.pt
         232019 100%  201.71MB/s   00:00:00 (xfer#642, to-check=749/1752)
synthetic_009857/posterior_variance.pt
         232054 100%   26.21MB/s   00:00:00 (xfer#643, to-check=750/1752)
synthetic_009858/
synthetic_009858/composite_mean.pt
         232026 100%   55.10MB/s   00:00:00 (xfer#644, to-check=752/1752)
synthetic_009858/metadata.json
           1799 100%   24.15MB/s   00:00:00 (xfer#645, to-check=753/1752)
synthetic_009858/posterior_mean.pt
         232026 100%   14.17MB/s   00:00:00 (xfer#646, to-check=754/1752)
synthetic_009858/posterior_samples.pt
        5963776  24%   10.05MB/s   00:00:01       10518528  43%    8.45MB/s   00:00:01       15761408  64%    9.40MB/s   00:00:00       20873216  85%    9.64MB/s   00:00:00       24657317 100%    9.37MB/s   00:00:02 (xfer#647, to-check=755/1752)
synthetic_009858/posterior_std.pt
         232019 100%  238.40MB/s   00:00:00 (xfer#648, to-check=756/1752)
synthetic_009858/posterior_variance.pt
         232054 100%  295.14MB/s   00:00:00 (xfer#649, to-check=757/1752)
synthetic_009859/
synthetic_009859/composite_mean.pt
         232026 100%   12.57MB/s   00:00:00 (xfer#650, to-check=759/1752)
synthetic_009859/metadata.json
           1800 100%   26.47MB/s   00:00:00 (xfer#651, to-check=760/1752)
synthetic_009859/posterior_mean.pt
         232026 100%   16.43MB/s   00:00:00 (xfer#652, to-check=761/1752)
synthetic_009859/posterior_samples.pt
        4784128  19%    9.04MB/s   00:00:02       10813440  44%   11.50MB/s   00:00:01       14712832  60%    7.28MB/s   00:00:01       19169280  78%    8.48MB/s   00:00:00       23494656  95%    8.24MB/s   00:00:00       24657317 100%    8.79MB/s   00:00:02 (xfer#653, to-check=762/1752)
synthetic_009859/posterior_std.pt
         232019 100%  159.77MB/s   00:00:00 (xfer#654, to-check=763/1752)
synthetic_009859/posterior_variance.pt
         232054 100%   14.80MB/s   00:00:00 (xfer#655, to-check=764/1752)
synthetic_009860/
synthetic_009860/composite_mean.pt
         232026 100%    3.15MB/s   00:00:00 (xfer#656, to-check=766/1752)
synthetic_009860/metadata.json
           1797 100%   20.13MB/s   00:00:00 (xfer#657, to-check=767/1752)
synthetic_009860/posterior_mean.pt
         232026 100%  223.26MB/s   00:00:00 (xfer#658, to-check=768/1752)
synthetic_009860/posterior_samples.pt
        1769472   7%    3.31MB/s   00:00:06        4063232  16%    4.06MB/s   00:00:04        6422528  26%    4.23MB/s   00:00:04        8912896  36%    4.45MB/s   00:00:03       11403264  46%    4.63MB/s   00:00:02       14024704  57%    4.71MB/s   00:00:02       16646144  68%    4.77MB/s   00:00:01       19136512  78%    4.54MB/s   00:00:01       21757952  88%    4.92MB/s   00:00:00       24248320  98%    4.50MB/s   00:00:00       24657317 100%    4.39MB/s   00:00:05 (xfer#659, to-check=769/1752)
synthetic_009860/posterior_std.pt
         232019 100%   12.90MB/s   00:00:00 (xfer#660, to-check=770/1752)
synthetic_009860/posterior_variance.pt
         232054 100%   39.68MB/s   00:00:00 (xfer#661, to-check=771/1752)
synthetic_009861/
synthetic_009861/composite_mean.pt
         232026 100%    3.93MB/s   00:00:00 (xfer#662, to-check=773/1752)
synthetic_009861/metadata.json
           1799 100%   18.26MB/s   00:00:00 (xfer#663, to-check=774/1752)
synthetic_009861/posterior_mean.pt
         232026 100%    3.89MB/s   00:00:00 (xfer#664, to-check=775/1752)
synthetic_009861/posterior_samples.pt
        2850816  12%    5.16MB/s   00:00:04        5701632  23%    5.43MB/s   00:00:03        8585216  35%    5.31MB/s   00:00:02       11730944  48%    5.79MB/s   00:00:02       15007744  61%    5.82MB/s   00:00:01       18284544  74%    6.15MB/s   00:00:00       21561344  87%    6.01MB/s   00:00:00       24657317 100%    5.69MB/s   00:00:04 (xfer#665, to-check=776/1752)
synthetic_009861/posterior_std.pt
         232019 100%  255.53MB/s   00:00:00 (xfer#666, to-check=777/1752)
synthetic_009861/posterior_variance.pt
         232054 100%    5.41MB/s   00:00:00 (xfer#667, to-check=778/1752)
synthetic_009862/
synthetic_009862/composite_mean.pt
         232026 100%    6.28MB/s   00:00:00 (xfer#668, to-check=780/1752)
synthetic_009862/metadata.json
           1798 100%   20.20MB/s   00:00:00 (xfer#669, to-check=781/1752)
synthetic_009862/posterior_mean.pt
         232026 100%    8.09MB/s   00:00:00 (xfer#670, to-check=782/1752)
synthetic_009862/posterior_samples.pt
        3440640  14%    6.55MB/s   00:00:03        6979584  28%    6.52MB/s   00:00:02       10780672  44%    7.18MB/s   00:00:01       14417920  58%    6.85MB/s   00:00:01       18743296  76%    8.05MB/s   00:00:00       23461888  95%    8.84MB/s   00:00:00       24657317 100%    7.33MB/s   00:00:03 (xfer#671, to-check=783/1752)
synthetic_009862/posterior_std.pt
         232019 100%    7.35MB/s   00:00:00 (xfer#672, to-check=784/1752)
synthetic_009862/posterior_variance.pt
         232054 100%   72.54MB/s   00:00:00 (xfer#673, to-check=785/1752)
synthetic_009863/
synthetic_009863/composite_mean.pt
         232026 100%   14.54MB/s   00:00:00 (xfer#674, to-check=787/1752)
synthetic_009863/metadata.json
           1799 100%   21.42MB/s   00:00:00 (xfer#675, to-check=788/1752)
synthetic_009863/posterior_mean.pt
         232026 100%    5.57MB/s   00:00:00 (xfer#676, to-check=789/1752)
synthetic_009863/posterior_samples.pt
        5210112  21%    9.60MB/s   00:00:01       11239424  46%   11.07MB/s   00:00:01       17530880  71%   11.95MB/s   00:00:00       23920640  97%   12.13MB/s   00:00:00       24657317 100%   11.18MB/s   00:00:02 (xfer#677, to-check=790/1752)
synthetic_009863/posterior_std.pt
         232019 100%   81.74MB/s   00:00:00 (xfer#678, to-check=791/1752)
synthetic_009863/posterior_variance.pt
         232054 100%   22.83MB/s   00:00:00 (xfer#679, to-check=792/1752)
synthetic_009864/
synthetic_009864/composite_mean.pt
         232026 100%   15.07MB/s   00:00:00 (xfer#680, to-check=794/1752)
synthetic_009864/metadata.json
           1797 100%   25.95MB/s   00:00:00 (xfer#681, to-check=795/1752)
synthetic_009864/posterior_mean.pt
         232026 100%  112.21MB/s   00:00:00 (xfer#682, to-check=796/1752)
synthetic_009864/posterior_samples.pt
        7110656  29%   13.44MB/s   00:00:01       13795328  56%   12.67MB/s   00:00:00       20611072  84%   12.87MB/s   00:00:00       24657317 100%   12.70MB/s   00:00:01 (xfer#683, to-check=797/1752)
synthetic_009864/posterior_std.pt
         232019 100%  273.12MB/s   00:00:00 (xfer#684, to-check=798/1752)
synthetic_009864/posterior_variance.pt
         232054 100%  306.44MB/s   00:00:00 (xfer#685, to-check=799/1752)
synthetic_009865/
synthetic_009865/composite_mean.pt
         232026 100%   15.41MB/s   00:00:00 (xfer#686, to-check=801/1752)
synthetic_009865/metadata.json
           1798 100%   25.96MB/s   00:00:00 (xfer#687, to-check=802/1752)
synthetic_009865/posterior_mean.pt
         232026 100%    9.40MB/s   00:00:00 (xfer#688, to-check=803/1752)
synthetic_009865/posterior_samples.pt
        6651904  27%   12.02MB/s   00:00:01       13336576  54%   11.03MB/s   00:00:00       20348928  83%   13.22MB/s   00:00:00       24657317 100%   12.12MB/s   00:00:01 (xfer#689, to-check=804/1752)
synthetic_009865/posterior_std.pt
         232019 100%  303.09MB/s   00:00:00 (xfer#690, to-check=805/1752)
synthetic_009865/posterior_variance.pt
         232054 100%  368.78MB/s   00:00:00 (xfer#691, to-check=806/1752)
synthetic_009866/
synthetic_009866/composite_mean.pt
         232026 100%    9.47MB/s   00:00:00 (xfer#692, to-check=808/1752)
synthetic_009866/metadata.json
           1798 100%   38.88MB/s   00:00:00 (xfer#693, to-check=809/1752)
synthetic_009866/posterior_mean.pt
         232026 100%   14.38MB/s   00:00:00 (xfer#694, to-check=810/1752)
synthetic_009866/posterior_samples.pt
        5013504  20%    9.27MB/s   00:00:02       12091392  49%   13.42MB/s   00:00:00       19169280  78%   13.31MB/s   00:00:00       24657317 100%   11.91MB/s   00:00:01 (xfer#695, to-check=811/1752)
synthetic_009866/posterior_std.pt
         232019 100%  232.19MB/s   00:00:00 (xfer#696, to-check=812/1752)
synthetic_009866/posterior_variance.pt
         232054 100%  319.30MB/s   00:00:00 (xfer#697, to-check=813/1752)
synthetic_009867/
synthetic_009867/composite_mean.pt
         232026 100%   24.42MB/s   00:00:00 (xfer#698, to-check=815/1752)
synthetic_009867/metadata.json
           1799 100%   24.56MB/s   00:00:00 (xfer#699, to-check=816/1752)
synthetic_009867/posterior_mean.pt
         232026 100%   12.28MB/s   00:00:00 (xfer#700, to-check=817/1752)
synthetic_009867/posterior_samples.pt
        6717440  27%   12.72MB/s   00:00:01       13402112  54%   12.63MB/s   00:00:00       20217856  82%   12.89MB/s   00:00:00       24657317 100%   12.48MB/s   00:00:01 (xfer#701, to-check=818/1752)
synthetic_009867/posterior_std.pt
         232019 100%  245.85MB/s   00:00:00 (xfer#702, to-check=819/1752)
synthetic_009867/posterior_variance.pt
         232054 100%  315.29MB/s   00:00:00 (xfer#703, to-check=820/1752)
synthetic_009868/
synthetic_009868/composite_mean.pt
         232026 100%   27.01MB/s   00:00:00 (xfer#704, to-check=822/1752)
synthetic_009868/metadata.json
           1800 100%   19.73MB/s   00:00:00 (xfer#705, to-check=823/1752)
synthetic_009868/posterior_mean.pt
         232026 100%    7.84MB/s   00:00:00 (xfer#706, to-check=824/1752)
synthetic_009868/posterior_samples.pt
        6881280  28%   12.85MB/s   00:00:01       13697024  56%   12.92MB/s   00:00:00       20381696  83%   12.67MB/s   00:00:00       24657317 100%   12.54MB/s   00:00:01 (xfer#707, to-check=825/1752)
synthetic_009868/posterior_std.pt
         232019 100%  257.30MB/s   00:00:00 (xfer#708, to-check=826/1752)
synthetic_009868/posterior_variance.pt
         232054 100%  321.74MB/s   00:00:00 (xfer#709, to-check=827/1752)
synthetic_009869/
synthetic_009869/composite_mean.pt
         232026 100%   26.44MB/s   00:00:00 (xfer#710, to-check=829/1752)
synthetic_009869/metadata.json
           1800 100%   28.24MB/s   00:00:00 (xfer#711, to-check=830/1752)
synthetic_009869/posterior_mean.pt
         232026 100%    9.35MB/s   00:00:00 (xfer#712, to-check=831/1752)
synthetic_009869/posterior_samples.pt
        6782976  28%   12.93MB/s   00:00:01       13238272  54%   11.35MB/s   00:00:00       18350080  74%    9.72MB/s   00:00:00       24510464  99%   11.28MB/s   00:00:00       24657317 100%   11.15MB/s   00:00:02 (xfer#713, to-check=832/1752)
synthetic_009869/posterior_std.pt
         232019 100%  265.62MB/s   00:00:00 (xfer#714, to-check=833/1752)
synthetic_009869/posterior_variance.pt
         232054 100%  312.64MB/s   00:00:00 (xfer#715, to-check=834/1752)
synthetic_009870/
synthetic_009870/composite_mean.pt
         232026 100%   17.30MB/s   00:00:00 (xfer#716, to-check=836/1752)
synthetic_009870/metadata.json
           1800 100%   22.29MB/s   00:00:00 (xfer#717, to-check=837/1752)
synthetic_009870/posterior_mean.pt
         232026 100%    8.59MB/s   00:00:00 (xfer#718, to-check=838/1752)
synthetic_009870/posterior_samples.pt
        6553600  27%   12.45MB/s   00:00:01       12976128  53%   11.65MB/s   00:00:00       19660800  80%   12.36MB/s   00:00:00       24657317 100%   12.29MB/s   00:00:01 (xfer#719, to-check=839/1752)
synthetic_009870/posterior_std.pt
         232019 100%  253.50MB/s   00:00:00 (xfer#720, to-check=840/1752)
synthetic_009870/posterior_variance.pt
         232054 100%   16.98MB/s   00:00:00 (xfer#721, to-check=841/1752)
synthetic_009871/
synthetic_009871/composite_mean.pt
         232026 100%   32.26MB/s   00:00:00 (xfer#722, to-check=843/1752)
synthetic_009871/metadata.json
           1800 100%   28.12MB/s   00:00:00 (xfer#723, to-check=844/1752)
synthetic_009871/posterior_mean.pt
         232026 100%   22.87MB/s   00:00:00 (xfer#724, to-check=845/1752)
synthetic_009871/posterior_samples.pt
        6979584  28%   13.10MB/s   00:00:01       13795328  56%   12.79MB/s   00:00:00       19333120  78%   10.36MB/s   00:00:00       22642688  92%    6.30MB/s   00:00:00       24657317 100%   10.16MB/s   00:00:02 (xfer#725, to-check=846/1752)
synthetic_009871/posterior_std.pt
         232019 100%  252.88MB/s   00:00:00 (xfer#726, to-check=847/1752)
synthetic_009871/posterior_variance.pt
         232054 100%    9.80MB/s   00:00:00 (xfer#727, to-check=848/1752)
synthetic_009872/
synthetic_009872/composite_mean.pt
         232026 100%   23.52MB/s   00:00:00 (xfer#728, to-check=850/1752)
synthetic_009872/metadata.json
           1800 100%   22.64MB/s   00:00:00 (xfer#729, to-check=851/1752)
synthetic_009872/posterior_mean.pt
         232026 100%   12.93MB/s   00:00:00 (xfer#730, to-check=852/1752)
synthetic_009872/posterior_samples.pt
        4194304  17%    7.91MB/s   00:00:02        8519680  35%    8.05MB/s   00:00:01       13107200  53%    8.72MB/s   00:00:01       17563648  71%    8.41MB/s   00:00:00       22413312  91%    8.94MB/s   00:00:00       24657317 100%    8.38MB/s   00:00:02 (xfer#731, to-check=853/1752)
synthetic_009872/posterior_std.pt
         232019 100%   13.14MB/s   00:00:00 (xfer#732, to-check=854/1752)
synthetic_009872/posterior_variance.pt
         232054 100%   14.62MB/s   00:00:00 (xfer#733, to-check=855/1752)
synthetic_009873/
synthetic_009873/composite_mean.pt
         232026 100%    6.07MB/s   00:00:00 (xfer#734, to-check=857/1752)
synthetic_009873/metadata.json
           1800 100%   22.02MB/s   00:00:00 (xfer#735, to-check=858/1752)
synthetic_009873/posterior_mean.pt
         232026 100%   20.15MB/s   00:00:00 (xfer#736, to-check=859/1752)
synthetic_009873/posterior_samples.pt
        4751360  19%    8.89MB/s   00:00:02        8945664  36%    7.88MB/s   00:00:01       11993088  49%    5.43MB/s   00:00:02       15400960  62%    6.37MB/s   00:00:01       19333120  78%    7.24MB/s   00:00:00       23265280  94%    7.42MB/s   00:00:00       24657317 100%    7.16MB/s   00:00:03 (xfer#737, to-check=860/1752)
synthetic_009873/posterior_std.pt
         232019 100%  377.57MB/s   00:00:00 (xfer#738, to-check=861/1752)
synthetic_009873/posterior_variance.pt
         232054 100%    7.04MB/s   00:00:00 (xfer#739, to-check=862/1752)
synthetic_009874/
synthetic_009874/composite_mean.pt
         232026 100%    5.77MB/s   00:00:00 (xfer#740, to-check=864/1752)
synthetic_009874/metadata.json
           1799 100%   17.30MB/s   00:00:00 (xfer#741, to-check=865/1752)
synthetic_009874/posterior_mean.pt
         232026 100%   10.99MB/s   00:00:00 (xfer#742, to-check=866/1752)
synthetic_009874/posterior_samples.pt
        3932160  16%    7.05MB/s   00:00:02        8257536  33%    7.76MB/s   00:00:02       12451840  50%    7.66MB/s   00:00:01       16515072  67%    7.72MB/s   00:00:01       20578304  83%    7.70MB/s   00:00:00       24641536 100%    7.50MB/s   00:00:00       24657317 100%    7.51MB/s   00:00:03 (xfer#743, to-check=867/1752)
synthetic_009874/posterior_std.pt
         232019 100%  380.83MB/s   00:00:00 (xfer#744, to-check=868/1752)
synthetic_009874/posterior_variance.pt
         232054 100%    7.06MB/s   00:00:00 (xfer#745, to-check=869/1752)
synthetic_009875/
synthetic_009875/composite_mean.pt
         232026 100%   30.32MB/s   00:00:00 (xfer#746, to-check=871/1752)
synthetic_009875/metadata.json
           1800 100%   30.64MB/s   00:00:00 (xfer#747, to-check=872/1752)
synthetic_009875/posterior_mean.pt
         232026 100%    4.87MB/s   00:00:00 (xfer#748, to-check=873/1752)
synthetic_009875/posterior_samples.pt
        4063232  16%    7.23MB/s   00:00:02        8388608  34%    7.94MB/s   00:00:01       12582912  51%    7.97MB/s   00:00:01       17039360  69%    8.01MB/s   00:00:00       21626880  88%    8.57MB/s   00:00:00       24657317 100%    7.96MB/s   00:00:02 (xfer#749, to-check=874/1752)
synthetic_009875/posterior_std.pt
         232019 100%   14.80MB/s   00:00:00 (xfer#750, to-check=875/1752)
synthetic_009875/posterior_variance.pt
         232054 100%   20.57MB/s   00:00:00 (xfer#751, to-check=876/1752)
synthetic_009876/
synthetic_009876/composite_mean.pt
         232026 100%   28.77MB/s   00:00:00 (xfer#752, to-check=878/1752)
synthetic_009876/metadata.json
           1800 100%   26.47MB/s   00:00:00 (xfer#753, to-check=879/1752)
synthetic_009876/posterior_mean.pt
         232026 100%    4.98MB/s   00:00:00 (xfer#754, to-check=880/1752)
synthetic_009876/posterior_samples.pt
        4751360  19%    8.68MB/s   00:00:02        9338880  38%    8.68MB/s   00:00:01       14188544  58%    9.22MB/s   00:00:01       18644992  76%    8.43MB/s   00:00:00       23625728  96%    9.43MB/s   00:00:00       24657317 100%    8.75MB/s   00:00:02 (xfer#755, to-check=881/1752)
synthetic_009876/posterior_std.pt
         232019 100%  254.34MB/s   00:00:00 (xfer#756, to-check=882/1752)
synthetic_009876/posterior_variance.pt
         232054 100%   13.89MB/s   00:00:00 (xfer#757, to-check=883/1752)
synthetic_009877/
synthetic_009877/composite_mean.pt
         232026 100%   29.29MB/s   00:00:00 (xfer#758, to-check=885/1752)
synthetic_009877/metadata.json
           1799 100%   24.81MB/s   00:00:00 (xfer#759, to-check=886/1752)
synthetic_009877/posterior_mean.pt
         232026 100%    4.29MB/s   00:00:00 (xfer#760, to-check=887/1752)
synthetic_009877/posterior_samples.pt
        4947968  20%    9.15MB/s   00:00:02       10059776  41%    9.55MB/s   00:00:01       15826944  64%   10.35MB/s   00:00:00       21594112  88%   10.78MB/s   00:00:00       24657317 100%   10.02MB/s   00:00:02 (xfer#761, to-check=888/1752)
synthetic_009877/posterior_std.pt
         232019 100%  236.94MB/s   00:00:00 (xfer#762, to-check=889/1752)
synthetic_009877/posterior_variance.pt
         232054 100%  298.27MB/s   00:00:00 (xfer#763, to-check=890/1752)
synthetic_009878/
synthetic_009878/composite_mean.pt
         232026 100%    7.58MB/s   00:00:00 (xfer#764, to-check=892/1752)
synthetic_009878/metadata.json
           1799 100%   16.35MB/s   00:00:00 (xfer#765, to-check=893/1752)
synthetic_009878/posterior_mean.pt
         232026 100%   29.59MB/s   00:00:00 (xfer#766, to-check=894/1752)
synthetic_009878/posterior_samples.pt
        4980736  20%    9.38MB/s   00:00:02       10354688  42%    9.70MB/s   00:00:01       15532032  63%    9.44MB/s   00:00:00       21299200  86%   10.89MB/s   00:00:00       24657317 100%    9.80MB/s   00:00:02 (xfer#767, to-check=895/1752)
synthetic_009878/posterior_std.pt
         232019 100%  243.97MB/s   00:00:00 (xfer#768, to-check=896/1752)
synthetic_009878/posterior_variance.pt
         232054 100%   19.36MB/s   00:00:00 (xfer#769, to-check=897/1752)
synthetic_009879/
synthetic_009879/composite_mean.pt
         232026 100%   21.97MB/s   00:00:00 (xfer#770, to-check=899/1752)
synthetic_009879/metadata.json
           1800 100%    8.98MB/s   00:00:00 (xfer#771, to-check=900/1752)
synthetic_009879/posterior_mean.pt
         232026 100%   18.27MB/s   00:00:00 (xfer#772, to-check=901/1752)
synthetic_009879/posterior_samples.pt
        6127616  25%   11.65MB/s   00:00:01       12812288  52%   12.20MB/s   00:00:00       19365888  79%   11.88MB/s   00:00:00       24657317 100%   11.96MB/s   00:00:01 (xfer#773, to-check=902/1752)
synthetic_009879/posterior_std.pt
         232019 100%  328.87MB/s   00:00:00 (xfer#774, to-check=903/1752)
synthetic_009879/posterior_variance.pt
         232054 100%  368.19MB/s   00:00:00 (xfer#775, to-check=904/1752)
synthetic_009880/
synthetic_009880/composite_mean.pt
         232026 100%    9.05MB/s   00:00:00 (xfer#776, to-check=906/1752)
synthetic_009880/metadata.json
           1800 100%   29.63MB/s   00:00:00 (xfer#777, to-check=907/1752)
synthetic_009880/posterior_mean.pt
         232026 100%   23.35MB/s   00:00:00 (xfer#778, to-check=908/1752)
synthetic_009880/posterior_samples.pt
        6881280  28%   12.87MB/s   00:00:01       13959168  57%   12.94MB/s   00:00:00       21037056  85%   13.45MB/s   00:00:00       24657317 100%   12.82MB/s   00:00:01 (xfer#779, to-check=909/1752)
synthetic_009880/posterior_std.pt
         232019 100%  254.34MB/s   00:00:00 (xfer#780, to-check=910/1752)
synthetic_009880/posterior_variance.pt
         232054 100%   26.72MB/s   00:00:00 (xfer#781, to-check=911/1752)
synthetic_009881/
synthetic_009881/composite_mean.pt
         232026 100%   13.38MB/s   00:00:00 (xfer#782, to-check=913/1752)
synthetic_009881/metadata.json
           1800 100%   23.84MB/s   00:00:00 (xfer#783, to-check=914/1752)
synthetic_009881/posterior_mean.pt
         232026 100%   12.10MB/s   00:00:00 (xfer#784, to-check=915/1752)
synthetic_009881/posterior_samples.pt
        6782976  28%   12.81MB/s   00:00:01       13074432  53%   11.16MB/s   00:00:00       18153472  74%    9.53MB/s   00:00:00       22118400  90%    6.92MB/s   00:00:00       24657317 100%    9.42MB/s   00:00:02 (xfer#785, to-check=916/1752)
synthetic_009881/posterior_std.pt
         232019 100%  248.02MB/s   00:00:00 (xfer#786, to-check=917/1752)
synthetic_009881/posterior_variance.pt
         232054 100%    3.63MB/s   00:00:00 (xfer#787, to-check=918/1752)
synthetic_009882/
synthetic_009882/composite_mean.pt
         232026 100%    4.03MB/s   00:00:00 (xfer#788, to-check=920/1752)
synthetic_009882/metadata.json
           1801 100%   17.36MB/s   00:00:00 (xfer#789, to-check=921/1752)
synthetic_009882/posterior_mean.pt
         232026 100%   31.26MB/s   00:00:00 (xfer#790, to-check=922/1752)
synthetic_009882/posterior_samples.pt
        3899392  16%    7.34MB/s   00:00:02        7962624  32%    7.74MB/s   00:00:02       12288000  50%    8.14MB/s   00:00:01       17006592  69%    8.44MB/s   00:00:00       21725184  88%    8.96MB/s   00:00:00       24657317 100%    8.08MB/s   00:00:02 (xfer#791, to-check=923/1752)
synthetic_009882/posterior_std.pt
         232019 100%  256.16MB/s   00:00:00 (xfer#792, to-check=924/1752)
synthetic_009882/posterior_variance.pt
         232054 100%    9.89MB/s   00:00:00 (xfer#793, to-check=925/1752)
synthetic_009883/
synthetic_009883/composite_mean.pt
         232026 100%   11.49MB/s   00:00:00 (xfer#794, to-check=927/1752)
synthetic_009883/metadata.json
           1799 100%   24.48MB/s   00:00:00 (xfer#795, to-check=928/1752)
synthetic_009883/posterior_mean.pt
         232026 100%   10.98MB/s   00:00:00 (xfer#796, to-check=929/1752)
synthetic_009883/posterior_samples.pt
        4587520  19%    8.54MB/s   00:00:02        9568256  39%    8.98MB/s   00:00:01       14417920  58%    8.69MB/s   00:00:01       17956864  73%    6.63MB/s   00:00:00       21495808  87%    6.65MB/s   00:00:00       24657317 100%    7.71MB/s   00:00:03 (xfer#797, to-check=930/1752)
synthetic_009883/posterior_std.pt
         232019 100%  255.81MB/s   00:00:00 (xfer#798, to-check=931/1752)
synthetic_009883/posterior_variance.pt
         232054 100%   14.33MB/s   00:00:00 (xfer#799, to-check=932/1752)
synthetic_009884/
synthetic_009884/composite_mean.pt
         232026 100%   11.48MB/s   00:00:00 (xfer#800, to-check=934/1752)
synthetic_009884/metadata.json
           1798 100%   22.55MB/s   00:00:00 (xfer#801, to-check=935/1752)
synthetic_009884/posterior_mean.pt
         232026 100%    5.04MB/s   00:00:00 (xfer#802, to-check=936/1752)
synthetic_009884/posterior_samples.pt
        3932160  16%    7.50MB/s   00:00:02        8126464  33%    7.61MB/s   00:00:02       12582912  51%    8.41MB/s   00:00:01       16646144  68%    7.36MB/s   00:00:01       21233664  86%    8.61MB/s   00:00:00       24657317 100%    7.89MB/s   00:00:02 (xfer#803, to-check=937/1752)
synthetic_009884/posterior_std.pt
         232019 100%  259.09MB/s   00:00:00 (xfer#804, to-check=938/1752)
synthetic_009884/posterior_variance.pt
         232054 100%   21.34MB/s   00:00:00 (xfer#805, to-check=939/1752)
synthetic_009885/
synthetic_009885/composite_mean.pt
         232026 100%   19.24MB/s   00:00:00 (xfer#806, to-check=941/1752)
synthetic_009885/metadata.json
           1800 100%   22.02MB/s   00:00:00 (xfer#807, to-check=942/1752)
synthetic_009885/posterior_mean.pt
         232026 100%    4.31MB/s   00:00:00 (xfer#808, to-check=943/1752)
synthetic_009885/posterior_samples.pt
        3145728  13%    5.74MB/s   00:00:03        6815744  28%    6.72MB/s   00:00:02       10354688  42%    6.59MB/s   00:00:02       14286848  58%    7.43MB/s   00:00:01       18219008  74%    7.10MB/s   00:00:00       22151168  90%    7.46MB/s   00:00:00       24657317 100%    6.82MB/s   00:00:03 (xfer#809, to-check=944/1752)
synthetic_009885/posterior_std.pt
         232019 100%  260.62MB/s   00:00:00 (xfer#810, to-check=945/1752)
synthetic_009885/posterior_variance.pt
         232054 100%   16.64MB/s   00:00:00 (xfer#811, to-check=946/1752)
synthetic_009886/
synthetic_009886/composite_mean.pt
         232026 100%    6.83MB/s   00:00:00 (xfer#812, to-check=948/1752)
synthetic_009886/metadata.json
           1800 100%   25.17MB/s   00:00:00 (xfer#813, to-check=949/1752)
synthetic_009886/posterior_mean.pt
         232026 100%    7.36MB/s   00:00:00 (xfer#814, to-check=950/1752)
synthetic_009886/posterior_samples.pt
        3342336  14%    6.34MB/s   00:00:03        7405568  30%    7.63MB/s   00:00:02       11468800  47%    7.53MB/s   00:00:01       15400960  62%    7.48MB/s   00:00:01       19464192  79%    7.57MB/s   00:00:00       23658496  96%    7.68MB/s   00:00:00       24657317 100%    7.34MB/s   00:00:03 (xfer#815, to-check=951/1752)
synthetic_009886/posterior_std.pt
         232019 100%  241.56MB/s   00:00:00 (xfer#816, to-check=952/1752)
synthetic_009886/posterior_variance.pt
         232054 100%   12.40MB/s   00:00:00 (xfer#817, to-check=953/1752)
synthetic_009887/
synthetic_009887/composite_mean.pt
         232026 100%   10.60MB/s   00:00:00 (xfer#818, to-check=955/1752)
synthetic_009887/metadata.json
           1800 100%   25.99MB/s   00:00:00 (xfer#819, to-check=956/1752)
synthetic_009887/posterior_mean.pt
         232026 100%    5.91MB/s   00:00:00 (xfer#820, to-check=957/1752)
synthetic_009887/posterior_samples.pt
        4456448  18%    8.41MB/s   00:00:02        8519680  35%    7.41MB/s   00:00:02       12976128  53%    7.84MB/s   00:00:01       17694720  72%    8.65MB/s   00:00:00       22282240  90%    8.62MB/s   00:00:00       24657317 100%    8.17MB/s   00:00:02 (xfer#821, to-check=958/1752)
synthetic_009887/posterior_std.pt
         232019 100%   10.56MB/s   00:00:00 (xfer#822, to-check=959/1752)
synthetic_009887/posterior_variance.pt
         232054 100%   39.67MB/s   00:00:00 (xfer#823, to-check=960/1752)
synthetic_009888/
synthetic_009888/composite_mean.pt
         232026 100%   24.08MB/s   00:00:00 (xfer#824, to-check=962/1752)
synthetic_009888/metadata.json
           1800 100%   18.90MB/s   00:00:00 (xfer#825, to-check=963/1752)
synthetic_009888/posterior_mean.pt
         232026 100%    5.06MB/s   00:00:00 (xfer#826, to-check=964/1752)
synthetic_009888/posterior_samples.pt
        4751360  19%    9.06MB/s   00:00:02        9666560  39%    9.22MB/s   00:00:01       14385152  58%    8.98MB/s   00:00:01       19234816  78%    9.15MB/s   00:00:00       23560192  96%    8.12MB/s   00:00:00       24657317 100%    8.90MB/s   00:00:02 (xfer#827, to-check=965/1752)
synthetic_009888/posterior_std.pt
         232019 100%   47.75MB/s   00:00:00 (xfer#828, to-check=966/1752)
synthetic_009888/posterior_variance.pt
         232054 100%   26.22MB/s   00:00:00 (xfer#829, to-check=967/1752)
synthetic_009889/
synthetic_009889/composite_mean.pt
         232026 100%   21.31MB/s   00:00:00 (xfer#830, to-check=969/1752)
synthetic_009889/metadata.json
           1799 100%   27.68MB/s   00:00:00 (xfer#831, to-check=970/1752)
synthetic_009889/posterior_mean.pt
         232026 100%    5.64MB/s   00:00:00 (xfer#832, to-check=971/1752)
synthetic_009889/posterior_samples.pt
        5931008  24%   10.85MB/s   00:00:01       12091392  49%   11.56MB/s   00:00:01       18415616  75%   12.06MB/s   00:00:00       24657317 100%   11.85MB/s   00:00:00       24657317 100%   11.40MB/s   00:00:02 (xfer#833, to-check=972/1752)
synthetic_009889/posterior_std.pt
         232019 100%  228.87MB/s   00:00:00 (xfer#834, to-check=973/1752)
synthetic_009889/posterior_variance.pt
         232054 100%  316.58MB/s   00:00:00 (xfer#835, to-check=974/1752)
synthetic_009890/
synthetic_009890/composite_mean.pt
         232026 100%    8.19MB/s   00:00:00 (xfer#836, to-check=976/1752)
synthetic_009890/metadata.json
           1800 100%   18.85MB/s   00:00:00 (xfer#837, to-check=977/1752)
synthetic_009890/posterior_mean.pt
         232026 100%   29.87MB/s   00:00:00 (xfer#838, to-check=978/1752)
synthetic_009890/posterior_samples.pt
        7241728  29%   13.47MB/s   00:00:01       14024704  57%   12.77MB/s   00:00:00       20840448  85%   12.75MB/s   00:00:00       24657317 100%   12.79MB/s   00:00:01 (xfer#839, to-check=979/1752)
synthetic_009890/posterior_std.pt
         232019 100%  282.52MB/s   00:00:00 (xfer#840, to-check=980/1752)
synthetic_009890/posterior_variance.pt
         232054 100%  306.95MB/s   00:00:00 (xfer#841, to-check=981/1752)
synthetic_009891/
synthetic_009891/composite_mean.pt
         232026 100%   12.62MB/s   00:00:00 (xfer#842, to-check=983/1752)
synthetic_009891/metadata.json
           1800 100%   40.91MB/s   00:00:00 (xfer#843, to-check=984/1752)
synthetic_009891/posterior_mean.pt
         232026 100%   10.63MB/s   00:00:00 (xfer#844, to-check=985/1752)
synthetic_009891/posterior_samples.pt
        5046272  20%    9.43MB/s   00:00:01       11993088  49%   12.95MB/s   00:00:00       19202048  78%   13.65MB/s   00:00:00       24657317 100%   11.89MB/s   00:00:01 (xfer#845, to-check=986/1752)
synthetic_009891/posterior_std.pt
         232019 100%  291.94MB/s   00:00:00 (xfer#846, to-check=987/1752)
synthetic_009891/posterior_variance.pt
         232054 100%  348.43MB/s   00:00:00 (xfer#847, to-check=988/1752)
synthetic_009892/
synthetic_009892/composite_mean.pt
         232026 100%   21.57MB/s   00:00:00 (xfer#848, to-check=990/1752)
synthetic_009892/metadata.json
           1800 100%   23.53MB/s   00:00:00 (xfer#849, to-check=991/1752)
synthetic_009892/posterior_mean.pt
         232026 100%   12.80MB/s   00:00:00 (xfer#850, to-check=992/1752)
synthetic_009892/posterior_samples.pt
        6750208  27%   12.79MB/s   00:00:01       13434880  54%   12.74MB/s   00:00:00       19333120  78%   10.56MB/s   00:00:00       24657317 100%   12.22MB/s   00:00:01 (xfer#851, to-check=993/1752)
synthetic_009892/posterior_std.pt
         232019 100%  221.08MB/s   00:00:00 (xfer#852, to-check=994/1752)
synthetic_009892/posterior_variance.pt
         232054 100%  284.47MB/s   00:00:00 (xfer#853, to-check=995/1752)
synthetic_009893/
synthetic_009893/composite_mean.pt
         232026 100%   27.09MB/s   00:00:00 (xfer#854, to-check=997/1752)
synthetic_009893/metadata.json
           1799 100%   24.48MB/s   00:00:00 (xfer#855, to-check=998/1752)
synthetic_009893/posterior_mean.pt
         232026 100%    9.36MB/s   00:00:00 (xfer#856, to-check=999/1752)
synthetic_009893/posterior_samples.pt
        5275648  21%    9.98MB/s   00:00:01       12484608  51%   13.58MB/s   00:00:00       19300352  78%   12.82MB/s   00:00:00       24657317 100%   12.02MB/s   00:00:01 (xfer#857, to-check=1000/1752)
synthetic_009893/posterior_std.pt
         232019 100%  259.09MB/s   00:00:00 (xfer#858, to-check=1001/1752)
synthetic_009893/posterior_variance.pt
         232054 100%  310.03MB/s   00:00:00 (xfer#859, to-check=1002/1752)
synthetic_009894/
synthetic_009894/composite_mean.pt
         232026 100%   15.69MB/s   00:00:00 (xfer#860, to-check=1004/1752)
synthetic_009894/metadata.json
           1798 100%   24.80MB/s   00:00:00 (xfer#861, to-check=1005/1752)
synthetic_009894/posterior_mean.pt
         232026 100%   12.59MB/s   00:00:00 (xfer#862, to-check=1006/1752)
synthetic_009894/posterior_samples.pt
        6684672  27%   12.69MB/s   00:00:01       13500416  55%   12.89MB/s   00:00:00       20185088  82%   12.56MB/s   00:00:00       23724032  96%    6.34MB/s   00:00:00       24657317 100%   10.97MB/s   00:00:02 (xfer#863, to-check=1007/1752)
synthetic_009894/posterior_std.pt
         232019 100%  250.90MB/s   00:00:00 (xfer#864, to-check=1008/1752)
synthetic_009894/posterior_variance.pt
         232054 100%  326.49MB/s   00:00:00 (xfer#865, to-check=1009/1752)
synthetic_009895/
synthetic_009895/composite_mean.pt
         232026 100%   39.86MB/s   00:00:00 (xfer#866, to-check=1011/1752)
synthetic_009895/metadata.json
           1799 100%   21.48MB/s   00:00:00 (xfer#867, to-check=1012/1752)
synthetic_009895/posterior_mean.pt
         232026 100%   16.03MB/s   00:00:00 (xfer#868, to-check=1013/1752)
synthetic_009895/posterior_samples.pt
        3964928  16%    7.27MB/s   00:00:02        9207808  37%    9.43MB/s   00:00:01       13664256  55%    8.35MB/s   00:00:01       19431424  79%   10.91MB/s   00:00:00       24657317 100%    9.11MB/s   00:00:02 (xfer#869, to-check=1014/1752)
synthetic_009895/posterior_std.pt
         232019 100%  248.88MB/s   00:00:00 (xfer#870, to-check=1015/1752)
synthetic_009895/posterior_variance.pt
         232054 100%  294.30MB/s   00:00:00 (xfer#871, to-check=1016/1752)
synthetic_009896/
synthetic_009896/composite_mean.pt
         232026 100%  327.37MB/s   00:00:00 (xfer#872, to-check=1018/1752)
synthetic_009896/metadata.json
           1800 100%   31.72MB/s   00:00:00 (xfer#873, to-check=1019/1752)
synthetic_009896/posterior_mean.pt
         232026 100%    8.06MB/s   00:00:00 (xfer#874, to-check=1020/1752)
synthetic_009896/posterior_samples.pt
        5734400  23%   10.88MB/s   00:00:01       11501568  47%   10.64MB/s   00:00:01       17137664  70%   10.63MB/s   00:00:00       23035904  93%   11.24MB/s   00:00:00       24657317 100%   10.78MB/s   00:00:02 (xfer#875, to-check=1021/1752)
synthetic_009896/posterior_std.pt
         232019 100%  230.23MB/s   00:00:00 (xfer#876, to-check=1022/1752)
synthetic_009896/posterior_variance.pt
         232054 100%   11.32MB/s   00:00:00 (xfer#877, to-check=1023/1752)
synthetic_009897/
synthetic_009897/composite_mean.pt
         232026 100%   28.63MB/s   00:00:00 (xfer#878, to-check=1025/1752)
synthetic_009897/metadata.json
           1801 100%   23.85MB/s   00:00:00 (xfer#879, to-check=1026/1752)
synthetic_009897/posterior_mean.pt
         232026 100%   17.06MB/s   00:00:00 (xfer#880, to-check=1027/1752)
synthetic_009897/posterior_samples.pt
        5898240  24%   11.19MB/s   00:00:01       11665408  47%   10.93MB/s   00:00:01       16449536  67%    8.51MB/s   00:00:00       20905984  85%    8.33MB/s   00:00:00       24657317 100%    9.39MB/s   00:00:02 (xfer#881, to-check=1028/1752)
synthetic_009897/posterior_std.pt
         232019 100%  253.16MB/s   00:00:00 (xfer#882, to-check=1029/1752)
synthetic_009897/posterior_variance.pt
         232054 100%    7.25MB/s   00:00:00 (xfer#883, to-check=1030/1752)
synthetic_009898/
synthetic_009898/composite_mean.pt
         232026 100%   26.03MB/s   00:00:00 (xfer#884, to-check=1032/1752)
synthetic_009898/metadata.json
           1799 100%   22.63MB/s   00:00:00 (xfer#885, to-check=1033/1752)
synthetic_009898/posterior_mean.pt
         232026 100%    5.89MB/s   00:00:00 (xfer#886, to-check=1034/1752)
synthetic_009898/posterior_samples.pt
        5046272  20%    9.36MB/s   00:00:01       10289152  42%    9.94MB/s   00:00:01       15532032  63%    9.90MB/s   00:00:00       21168128  86%   10.49MB/s   00:00:00       24657317 100%    9.83MB/s   00:00:02 (xfer#887, to-check=1035/1752)
synthetic_009898/posterior_std.pt
         232019 100%  264.03MB/s   00:00:00 (xfer#888, to-check=1036/1752)
synthetic_009898/posterior_variance.pt
         232054 100%  314.33MB/s   00:00:00 (xfer#889, to-check=1037/1752)
synthetic_009899/
synthetic_009899/composite_mean.pt
         232026 100%   11.11MB/s   00:00:00 (xfer#890, to-check=1039/1752)
synthetic_009899/metadata.json
           1800 100%   18.65MB/s   00:00:00 (xfer#891, to-check=1040/1752)
synthetic_009899/posterior_mean.pt
         232026 100%   18.84MB/s   00:00:00 (xfer#892, to-check=1041/1752)
synthetic_009899/posterior_samples.pt
        5668864  23%   10.80MB/s   00:00:01        9437184  38%    7.14MB/s   00:00:02       13369344  54%    7.35MB/s   00:00:01       15958016  65%    4.90MB/s   00:00:01       19496960  79%    6.24MB/s   00:00:00       23166976  94%    6.82MB/s   00:00:00       24657317 100%    7.13MB/s   00:00:03 (xfer#893, to-check=1042/1752)
synthetic_009899/posterior_std.pt
         232019 100%   37.82MB/s   00:00:00 (xfer#894, to-check=1043/1752)
synthetic_009899/posterior_variance.pt
         232054 100%   12.59MB/s   00:00:00 (xfer#895, to-check=1044/1752)
synthetic_009900/
synthetic_009900/composite_mean.pt
         232026 100%   22.85MB/s   00:00:00 (xfer#896, to-check=1046/1752)
synthetic_009900/metadata.json
           1801 100%   23.93MB/s   00:00:00 (xfer#897, to-check=1047/1752)
synthetic_009900/posterior_mean.pt
         232026 100%    4.61MB/s   00:00:00 (xfer#898, to-check=1048/1752)
synthetic_009900/posterior_samples.pt
        3342336  14%    6.30MB/s   00:00:03        5799936  24%    4.36MB/s   00:00:04        8552448  35%    5.19MB/s   00:00:02       11698176  47%    5.65MB/s   00:00:02       14843904  60%    5.60MB/s   00:00:01       18120704  73%    5.84MB/s   00:00:01       21266432  86%    5.92MB/s   00:00:00       24412160  99%    5.84MB/s   00:00:00       24657317 100%    5.58MB/s   00:00:04 (xfer#899, to-check=1049/1752)
synthetic_009900/posterior_std.pt
         232019 100%   13.94MB/s   00:00:00 (xfer#900, to-check=1050/1752)
synthetic_009900/posterior_variance.pt
         232054 100%    9.26MB/s   00:00:00 (xfer#901, to-check=1051/1752)
synthetic_009901/
synthetic_009901/composite_mean.pt
         232026 100%    3.99MB/s   00:00:00 (xfer#902, to-check=1053/1752)
synthetic_009901/metadata.json
           1799 100%   18.22MB/s   00:00:00 (xfer#903, to-check=1054/1752)
synthetic_009901/posterior_mean.pt
         232026 100%    4.93MB/s   00:00:00 (xfer#904, to-check=1055/1752)
synthetic_009901/posterior_samples.pt
        2129920   9%    4.02MB/s   00:00:05        4620288  19%    4.43MB/s   00:00:04        6979584  28%    4.38MB/s   00:00:03        9207808  37%    4.09MB/s   00:00:03       11829248  48%    4.79MB/s   00:00:02       14581760  59%    4.83MB/s   00:00:01       17334272  70%    4.95MB/s   00:00:01       20217856  82%    5.00MB/s   00:00:00       23101440  94%    5.26MB/s   00:00:00       24657317 100%    4.63MB/s   00:00:05 (xfer#905, to-check=1056/1752)
synthetic_009901/posterior_std.pt
         232019 100%  259.67MB/s   00:00:00 (xfer#906, to-check=1057/1752)
synthetic_009901/posterior_variance.pt
         232054 100%    9.87MB/s   00:00:00 (xfer#907, to-check=1058/1752)
synthetic_009902/
synthetic_009902/composite_mean.pt
         232026 100%    4.19MB/s   00:00:00 (xfer#908, to-check=1060/1752)
synthetic_009902/metadata.json
           1800 100%   16.18MB/s   00:00:00 (xfer#909, to-check=1061/1752)
synthetic_009902/posterior_mean.pt
         232026 100%   12.36MB/s   00:00:00 (xfer#910, to-check=1062/1752)
synthetic_009902/posterior_samples.pt
        2850816  12%    5.18MB/s   00:00:04        5341184  22%    4.42MB/s   00:00:04        7700480  31%    4.38MB/s   00:00:03       10321920  42%    4.63MB/s   00:00:02       13074432  53%    5.06MB/s   00:00:02       15958016  65%    5.34MB/s   00:00:01       18841600  76%    5.33MB/s   00:00:01       21856256  89%    5.52MB/s   00:00:00       24608768 100%    5.17MB/s   00:00:00       24657317 100%    4.97MB/s   00:00:04 (xfer#911, to-check=1063/1752)
synthetic_009902/posterior_std.pt
         232019 100%  244.75MB/s   00:00:00 (xfer#912, to-check=1064/1752)
synthetic_009902/posterior_variance.pt
         232054 100%    6.92MB/s   00:00:00 (xfer#913, to-check=1065/1752)
synthetic_009903/
synthetic_009903/composite_mean.pt
         232026 100%    5.07MB/s   00:00:00 (xfer#914, to-check=1067/1752)
synthetic_009903/metadata.json
           1800 100%   15.19MB/s   00:00:00 (xfer#915, to-check=1068/1752)
synthetic_009903/posterior_mean.pt
         232026 100%   12.78MB/s   00:00:00 (xfer#916, to-check=1069/1752)
synthetic_009903/posterior_samples.pt
        2785280  11%    5.30MB/s   00:00:03        5799936  24%    5.58MB/s   00:00:03        8683520  35%    5.43MB/s   00:00:02       11567104  47%    5.41MB/s   00:00:02       14417920  58%    5.43MB/s   00:00:01       17170432  70%    5.16MB/s   00:00:01       20185088  82%    5.70MB/s   00:00:00       23199744  94%    5.75MB/s   00:00:00       24657317 100%    5.46MB/s   00:00:04 (xfer#917, to-check=1070/1752)
synthetic_009903/posterior_std.pt
         232019 100%   17.43MB/s   00:00:00 (xfer#918, to-check=1071/1752)
synthetic_009903/posterior_variance.pt
         232054 100%   28.58MB/s   00:00:00 (xfer#919, to-check=1072/1752)
synthetic_009904/
synthetic_009904/composite_mean.pt
         232026 100%    4.25MB/s   00:00:00 (xfer#920, to-check=1074/1752)
synthetic_009904/metadata.json
           1801 100%   18.86MB/s   00:00:00 (xfer#921, to-check=1075/1752)
synthetic_009904/posterior_mean.pt
         232026 100%   13.50MB/s   00:00:00 (xfer#922, to-check=1076/1752)
synthetic_009904/posterior_samples.pt
        3211264  13%    5.71MB/s   00:00:03        6619136  27%    6.45MB/s   00:00:02       10027008  41%    6.36MB/s   00:00:02       13434880  54%    6.20MB/s   00:00:01       17235968  70%    6.92MB/s   00:00:01       21037056  85%    7.25MB/s   00:00:00       24657317 100%    6.47MB/s   00:00:03 (xfer#923, to-check=1077/1752)
synthetic_009904/posterior_std.pt
         232019 100%  254.34MB/s   00:00:00 (xfer#924, to-check=1078/1752)
synthetic_009904/posterior_variance.pt
         232054 100%   10.87MB/s   00:00:00 (xfer#925, to-check=1079/1752)
synthetic_009905/
synthetic_009905/composite_mean.pt
         232026 100%   11.47MB/s   00:00:00 (xfer#926, to-check=1081/1752)
synthetic_009905/metadata.json
           1800 100%   21.18MB/s   00:00:00 (xfer#927, to-check=1082/1752)
synthetic_009905/posterior_mean.pt
         232026 100%    5.58MB/s   00:00:00 (xfer#928, to-check=1083/1752)
synthetic_009905/posterior_samples.pt
        4358144  18%    8.25MB/s   00:00:02        8814592  36%    8.48MB/s   00:00:01       13664256  55%    8.99MB/s   00:00:01       19169280  78%   10.21MB/s   00:00:00       24543232 100%   10.10MB/s   00:00:00       24657317 100%    9.12MB/s   00:00:02 (xfer#929, to-check=1084/1752)
synthetic_009905/posterior_std.pt
         232019 100%   25.31MB/s   00:00:00 (xfer#930, to-check=1085/1752)
synthetic_009905/posterior_variance.pt
         232054 100%  101.42MB/s   00:00:00 (xfer#931, to-check=1086/1752)
synthetic_009906/
synthetic_009906/composite_mean.pt
         232026 100%    9.20MB/s   00:00:00 (xfer#932, to-check=1088/1752)
synthetic_009906/metadata.json
           1801 100%   17.03MB/s   00:00:00 (xfer#933, to-check=1089/1752)
synthetic_009906/posterior_mean.pt
         232026 100%    5.92MB/s   00:00:00 (xfer#934, to-check=1090/1752)
synthetic_009906/posterior_samples.pt
        5898240  24%   10.78MB/s   00:00:01       12713984  52%   12.80MB/s   00:00:00       20054016  81%   13.79MB/s   00:00:00       24657317 100%   12.25MB/s   00:00:01 (xfer#935, to-check=1091/1752)
synthetic_009906/posterior_std.pt
         232019 100%  261.21MB/s   00:00:00 (xfer#936, to-check=1092/1752)
synthetic_009906/posterior_variance.pt
         232054 100%   61.93MB/s   00:00:00 (xfer#937, to-check=1093/1752)
synthetic_009907/
synthetic_009907/composite_mean.pt
         232026 100%   45.49MB/s   00:00:00 (xfer#938, to-check=1095/1752)
synthetic_009907/metadata.json
           1800 100%   25.17MB/s   00:00:00 (xfer#939, to-check=1096/1752)
synthetic_009907/posterior_mean.pt
         232026 100%   10.63MB/s   00:00:00 (xfer#940, to-check=1097/1752)
synthetic_009907/posterior_samples.pt
        6619136  27%   12.62MB/s   00:00:01       13434880  54%   12.81MB/s   00:00:00       20152320  82%   12.81MB/s   00:00:00       24657317 100%   12.23MB/s   00:00:01 (xfer#941, to-check=1098/1752)
synthetic_009907/posterior_std.pt
         232019 100%  245.00MB/s   00:00:00 (xfer#942, to-check=1099/1752)
synthetic_009907/posterior_variance.pt
         232054 100%  316.69MB/s   00:00:00 (xfer#943, to-check=1100/1752)
synthetic_009908/
synthetic_009908/composite_mean.pt
         232026 100%   12.38MB/s   00:00:00 (xfer#944, to-check=1102/1752)
synthetic_009908/metadata.json
           1800 100%   23.53MB/s   00:00:00 (xfer#945, to-check=1103/1752)
synthetic_009908/posterior_mean.pt
         232026 100%    3.68MB/s   00:00:00 (xfer#946, to-check=1104/1752)
synthetic_009908/posterior_samples.pt
        7340032  30%   13.81MB/s   00:00:01       13041664  53%   10.38MB/s   00:00:01       18546688  75%   10.48MB/s   00:00:00       24657317 100%   11.65MB/s   00:00:02 (xfer#947, to-check=1105/1752)
synthetic_009908/posterior_std.pt
         232019 100%  246.70MB/s   00:00:00 (xfer#948, to-check=1106/1752)
synthetic_009908/posterior_variance.pt
         232054 100%  317.45MB/s   00:00:00 (xfer#949, to-check=1107/1752)
synthetic_009909/
synthetic_009909/composite_mean.pt
         232026 100%   51.73MB/s   00:00:00 (xfer#950, to-check=1109/1752)
synthetic_009909/metadata.json
           1800 100%   25.62MB/s   00:00:00 (xfer#951, to-check=1110/1752)
synthetic_009909/posterior_mean.pt
         232026 100%   13.19MB/s   00:00:00 (xfer#952, to-check=1111/1752)
synthetic_009909/posterior_samples.pt
        6946816  28%   13.20MB/s   00:00:01       13762560  56%   12.97MB/s   00:00:00       16941056  69%    6.02MB/s   00:00:01       21397504  87%    8.37MB/s   00:00:00       24657317 100%    9.98MB/s   00:00:02 (xfer#953, to-check=1112/1752)
synthetic_009909/posterior_std.pt
         232019 100%  250.90MB/s   00:00:00 (xfer#954, to-check=1113/1752)
synthetic_009909/posterior_variance.pt
         232054 100%  313.48MB/s   00:00:00 (xfer#955, to-check=1114/1752)
synthetic_009910/
synthetic_009910/composite_mean.pt
         232026 100%   12.26MB/s   00:00:00 (xfer#956, to-check=1116/1752)
synthetic_009910/metadata.json
           1800 100%   29.51MB/s   00:00:00 (xfer#957, to-check=1117/1752)
synthetic_009910/posterior_mean.pt
         232026 100%    8.17MB/s   00:00:00 (xfer#958, to-check=1118/1752)
synthetic_009910/posterior_samples.pt
        5603328  23%   10.63MB/s   00:00:01       11370496  46%   10.97MB/s   00:00:01       17235968  70%   11.03MB/s   00:00:00       23134208  94%   11.00MB/s   00:00:00       24657317 100%   10.76MB/s   00:00:02 (xfer#959, to-check=1119/1752)
synthetic_009910/posterior_std.pt
         232019 100%  256.45MB/s   00:00:00 (xfer#960, to-check=1120/1752)
synthetic_009910/posterior_variance.pt
         232054 100%  342.01MB/s   00:00:00 (xfer#961, to-check=1121/1752)
synthetic_009911/
synthetic_009911/composite_mean.pt
         232026 100%   13.46MB/s   00:00:00 (xfer#962, to-check=1123/1752)
synthetic_009911/metadata.json
           1799 100%   27.57MB/s   00:00:00 (xfer#963, to-check=1124/1752)
synthetic_009911/posterior_mean.pt
         232026 100%    7.89MB/s   00:00:00 (xfer#964, to-check=1125/1752)
synthetic_009911/posterior_samples.pt
        5963776  24%   11.27MB/s   00:00:01       12386304  50%   12.11MB/s   00:00:00       18546688  75%   11.74MB/s   00:00:00       24313856  99%   10.95MB/s   00:00:00       24657317 100%   11.38MB/s   00:00:02 (xfer#965, to-check=1126/1752)
synthetic_009911/posterior_std.pt
         232019 100%  236.63MB/s   00:00:00 (xfer#966, to-check=1127/1752)
synthetic_009911/posterior_variance.pt
         232054 100%   37.02MB/s   00:00:00 (xfer#967, to-check=1128/1752)
synthetic_009912/
synthetic_009912/composite_mean.pt
         232026 100%   23.69MB/s   00:00:00 (xfer#968, to-check=1130/1752)
synthetic_009912/metadata.json
           1800 100%   25.62MB/s   00:00:00 (xfer#969, to-check=1131/1752)
synthetic_009912/posterior_mean.pt
         232026 100%   10.67MB/s   00:00:00 (xfer#970, to-check=1132/1752)
synthetic_009912/posterior_samples.pt
        6258688  25%   11.72MB/s   00:00:01       12681216  51%   11.52MB/s   00:00:00       18841600  76%   11.46MB/s   00:00:00       24657317 100%   11.53MB/s   00:00:02 (xfer#971, to-check=1133/1752)
synthetic_009912/posterior_std.pt
         232019 100%  284.86MB/s   00:00:00 (xfer#972, to-check=1134/1752)
synthetic_009912/posterior_variance.pt
         232054 100%   11.99MB/s   00:00:00 (xfer#973, to-check=1135/1752)
synthetic_009913/
synthetic_009913/composite_mean.pt
         232026 100%   17.74MB/s   00:00:00 (xfer#974, to-check=1137/1752)
synthetic_009913/metadata.json
           1801 100%   32.45MB/s   00:00:00 (xfer#975, to-check=1138/1752)
synthetic_009913/posterior_mean.pt
         232026 100%   10.57MB/s   00:00:00 (xfer#976, to-check=1139/1752)
synthetic_009913/posterior_samples.pt
        6324224  26%   12.01MB/s   00:00:01       11829248  48%   10.46MB/s   00:00:01       17596416  71%   10.88MB/s   00:00:00       23363584  95%   11.00MB/s   00:00:00       24657317 100%   10.94MB/s   00:00:02 (xfer#977, to-check=1140/1752)
synthetic_009913/posterior_std.pt
         232019 100%  299.86MB/s   00:00:00 (xfer#978, to-check=1141/1752)
synthetic_009913/posterior_variance.pt
         232054 100%  342.01MB/s   00:00:00 (xfer#979, to-check=1142/1752)
synthetic_009914/
synthetic_009914/composite_mean.pt
         232026 100%   61.37MB/s   00:00:00 (xfer#980, to-check=1144/1752)
synthetic_009914/metadata.json
           1799 100%   29.02MB/s   00:00:00 (xfer#981, to-check=1145/1752)
synthetic_009914/posterior_mean.pt
         232026 100%    7.78MB/s   00:00:00 (xfer#982, to-check=1146/1752)
synthetic_009914/posterior_samples.pt
        6553600  27%   11.87MB/s   00:00:01       13107200  53%   12.49MB/s   00:00:00       20185088  82%   13.09MB/s   00:00:00       24657317 100%   11.54MB/s   00:00:02 (xfer#983, to-check=1147/1752)
synthetic_009914/posterior_std.pt
         232019 100%  275.23MB/s   00:00:00 (xfer#984, to-check=1148/1752)
synthetic_009914/posterior_variance.pt
         232054 100%  347.00MB/s   00:00:00 (xfer#985, to-check=1149/1752)
synthetic_009915/
synthetic_009915/composite_mean.pt
         232026 100%  342.47MB/s   00:00:00 (xfer#986, to-check=1151/1752)
synthetic_009915/metadata.json
           1800 100%   31.17MB/s   00:00:00 (xfer#987, to-check=1152/1752)
synthetic_009915/posterior_mean.pt
         232026 100%    8.84MB/s   00:00:00 (xfer#988, to-check=1153/1752)
synthetic_009915/posterior_samples.pt
        7340032  30%   13.83MB/s   00:00:01       14155776  57%   12.87MB/s   00:00:00       20905984  85%   12.87MB/s   00:00:00       24657317 100%   12.13MB/s   00:00:01 (xfer#989, to-check=1154/1752)
synthetic_009915/posterior_std.pt
         232019 100%   63.46MB/s   00:00:00 (xfer#990, to-check=1155/1752)
synthetic_009915/posterior_variance.pt
         232054 100%   13.38MB/s   00:00:00 (xfer#991, to-check=1156/1752)
synthetic_009916/
synthetic_009916/composite_mean.pt
         232026 100%   32.85MB/s   00:00:00 (xfer#992, to-check=1158/1752)
synthetic_009916/metadata.json
           1801 100%   26.39MB/s   00:00:00 (xfer#993, to-check=1159/1752)
synthetic_009916/posterior_mean.pt
         232026 100%    6.09MB/s   00:00:00 (xfer#994, to-check=1160/1752)
synthetic_009916/posterior_samples.pt
        5505024  22%   10.43MB/s   00:00:01       11927552  48%   12.14MB/s   00:00:00       18350080  74%   11.83MB/s   00:00:00       24657317 100%   11.64MB/s   00:00:02 (xfer#995, to-check=1161/1752)
synthetic_009916/posterior_std.pt
         232019 100%  261.80MB/s   00:00:00 (xfer#996, to-check=1162/1752)
synthetic_009916/posterior_variance.pt
         232054 100%   12.34MB/s   00:00:00 (xfer#997, to-check=1163/1752)
synthetic_009917/
synthetic_009917/composite_mean.pt
         232026 100%   18.54MB/s   00:00:00 (xfer#998, to-check=1165/1752)
synthetic_009917/metadata.json
           1800 100%   41.86MB/s   00:00:00 (xfer#999, to-check=1166/1752)
synthetic_009917/posterior_mean.pt
         232026 100%   37.58MB/s   00:00:00 (xfer#1000, to-check=1167/1752)
synthetic_009917/posterior_samples.pt
        6684672  27%   12.69MB/s   00:00:01       13107200  53%   11.51MB/s   00:00:00       20316160  82%   13.70MB/s   00:00:00       24657317 100%   12.59MB/s   00:00:01 (xfer#1001, to-check=1168/1752)
synthetic_009917/posterior_std.pt
         232019 100%  354.63MB/s   00:00:00 (xfer#1002, to-check=1169/1752)
synthetic_009917/posterior_variance.pt
         232054 100%   91.04MB/s   00:00:00 (xfer#1003, to-check=1170/1752)
synthetic_009918/
synthetic_009918/composite_mean.pt
         232026 100%   10.65MB/s   00:00:00 (xfer#1004, to-check=1172/1752)
synthetic_009918/metadata.json
           1800 100%   27.17MB/s   00:00:00 (xfer#1005, to-check=1173/1752)
synthetic_009918/posterior_mean.pt
         232026 100%   11.25MB/s   00:00:00 (xfer#1006, to-check=1174/1752)
synthetic_009918/posterior_samples.pt
        6750208  27%   12.70MB/s   00:00:01       13434880  54%   12.71MB/s   00:00:00       20250624  82%   12.77MB/s   00:00:00       24657317 100%   12.53MB/s   00:00:01 (xfer#1007, to-check=1175/1752)
synthetic_009918/posterior_std.pt
         232019 100%  284.42MB/s   00:00:00 (xfer#1008, to-check=1176/1752)
synthetic_009918/posterior_variance.pt
         232054 100%  121.72MB/s   00:00:00 (xfer#1009, to-check=1177/1752)
synthetic_009919/
synthetic_009919/composite_mean.pt
         232026 100%   10.86MB/s   00:00:00 (xfer#1010, to-check=1179/1752)
synthetic_009919/metadata.json
           1798 100%   28.65MB/s   00:00:00 (xfer#1011, to-check=1180/1752)
synthetic_009919/posterior_mean.pt
         232026 100%   10.02MB/s   00:00:00 (xfer#1012, to-check=1181/1752)
synthetic_009919/posterior_samples.pt
        6815744  28%   12.87MB/s   00:00:01       13500416  55%   12.63MB/s   00:00:00       17793024  72%    8.09MB/s   00:00:00       23429120  95%   10.58MB/s   00:00:00       24657317 100%   10.87MB/s   00:00:02 (xfer#1013, to-check=1182/1752)
synthetic_009919/posterior_std.pt
         232019 100%  262.17MB/s   00:00:00 (xfer#1014, to-check=1183/1752)
synthetic_009919/posterior_variance.pt
         232054 100%  291.53MB/s   00:00:00 (xfer#1015, to-check=1184/1752)
synthetic_009920/
synthetic_009920/composite_mean.pt
         232026 100%   23.19MB/s   00:00:00 (xfer#1016, to-check=1186/1752)
synthetic_009920/metadata.json
           1800 100%  188.22KB/s   00:00:00 (xfer#1017, to-check=1187/1752)
synthetic_009920/posterior_mean.pt
         232026 100%   19.96MB/s   00:00:00 (xfer#1018, to-check=1188/1752)
synthetic_009920/posterior_samples.pt
        6422528  26%   11.68MB/s   00:00:01       12845056  52%   12.23MB/s   00:00:00       19267584  78%   11.95MB/s   00:00:00       24657317 100%   12.11MB/s   00:00:01 (xfer#1019, to-check=1189/1752)
synthetic_009920/posterior_std.pt
         232019 100%  318.38MB/s   00:00:00 (xfer#1020, to-check=1190/1752)
synthetic_009920/posterior_variance.pt
         232054 100%  367.61MB/s   00:00:00 (xfer#1021, to-check=1191/1752)
synthetic_009921/
synthetic_009921/composite_mean.pt
         232026 100%   30.68MB/s   00:00:00 (xfer#1022, to-check=1193/1752)
synthetic_009921/metadata.json
           1798 100%   40.63MB/s   00:00:00 (xfer#1023, to-check=1194/1752)
synthetic_009921/posterior_mean.pt
         232026 100%    7.53MB/s   00:00:00 (xfer#1024, to-check=1195/1752)
synthetic_009921/posterior_samples.pt
        4390912  18%    8.36MB/s   00:00:02        9895936  40%   10.48MB/s   00:00:01       15400960  62%   10.48MB/s   00:00:00       20905984  85%   10.46MB/s   00:00:00       24657317 100%    9.92MB/s   00:00:02 (xfer#1025, to-check=1196/1752)
synthetic_009921/posterior_std.pt
         232019 100%  285.56MB/s   00:00:00 (xfer#1026, to-check=1197/1752)
synthetic_009921/posterior_variance.pt
         232054 100%  313.48MB/s   00:00:00 (xfer#1027, to-check=1198/1752)
synthetic_009922/
synthetic_009922/composite_mean.pt
         232026 100%    8.21MB/s   00:00:00 (xfer#1028, to-check=1200/1752)
synthetic_009922/metadata.json
           1799 100%   25.61MB/s   00:00:00 (xfer#1029, to-check=1201/1752)
synthetic_009922/posterior_mean.pt
         232026 100%    8.32MB/s   00:00:00 (xfer#1030, to-check=1202/1752)
synthetic_009922/posterior_samples.pt
        4718592  19%    8.97MB/s   00:00:02        9961472  40%    9.98MB/s   00:00:01       15728640  64%   10.98MB/s   00:00:00       21495808  87%   10.99MB/s   00:00:00       24657317 100%   10.21MB/s   00:00:02 (xfer#1031, to-check=1203/1752)
synthetic_009922/posterior_std.pt
         232019 100%  302.30MB/s   00:00:00 (xfer#1032, to-check=1204/1752)
synthetic_009922/posterior_variance.pt
         232054 100%   48.72MB/s   00:00:00 (xfer#1033, to-check=1205/1752)
synthetic_009923/
synthetic_009923/composite_mean.pt
         232026 100%    9.06MB/s   00:00:00 (xfer#1034, to-check=1207/1752)
synthetic_009923/metadata.json
           1798 100%   23.50MB/s   00:00:00 (xfer#1035, to-check=1208/1752)
synthetic_009923/posterior_mean.pt
         232026 100%    7.99MB/s   00:00:00 (xfer#1036, to-check=1209/1752)
synthetic_009923/posterior_samples.pt
        5898240  24%   11.17MB/s   00:00:01       12058624  49%   10.83MB/s   00:00:01       16547840  67%    8.52MB/s   00:00:00       20873216  85%    8.21MB/s   00:00:00       24657317 100%    9.62MB/s   00:00:02 (xfer#1037, to-check=1210/1752)
synthetic_009923/posterior_std.pt
         232019 100%  400.72MB/s   00:00:00 (xfer#1038, to-check=1211/1752)
synthetic_009923/posterior_variance.pt
         232054 100%    8.60MB/s   00:00:00 (xfer#1039, to-check=1212/1752)
synthetic_009924/
synthetic_009924/composite_mean.pt
         232026 100%    4.88MB/s   00:00:00 (xfer#1040, to-check=1214/1752)
synthetic_009924/metadata.json
           1797 100%   13.19MB/s   00:00:00 (xfer#1041, to-check=1215/1752)
synthetic_009924/posterior_mean.pt
         232026 100%   21.41MB/s   00:00:00 (xfer#1042, to-check=1216/1752)
synthetic_009924/posterior_samples.pt
        4161536  17%    7.84MB/s   00:00:02        7831552  32%    6.91MB/s   00:00:02       11894784  48%    7.58MB/s   00:00:01       16089088  65%    7.61MB/s   00:00:01       20414464  83%    8.13MB/s   00:00:00       24657317 100%    7.65MB/s   00:00:03 (xfer#1043, to-check=1217/1752)
synthetic_009924/posterior_std.pt
         232019 100%   35.69MB/s   00:00:00 (xfer#1044, to-check=1218/1752)
synthetic_009924/posterior_variance.pt
         232054 100%   16.29MB/s   00:00:00 (xfer#1045, to-check=1219/1752)
synthetic_009925/
synthetic_009925/composite_mean.pt
         232026 100%   47.72MB/s   00:00:00 (xfer#1046, to-check=1221/1752)
synthetic_009925/metadata.json
           1797 100%   28.52MB/s   00:00:00 (xfer#1047, to-check=1222/1752)
synthetic_009925/posterior_mean.pt
         232026 100%    3.72MB/s   00:00:00 (xfer#1048, to-check=1223/1752)
synthetic_009925/posterior_samples.pt
        4620288  19%    8.41MB/s   00:00:02        8552448  35%    7.38MB/s   00:00:02       12877824  52%    8.22MB/s   00:00:01       17432576  71%    8.08MB/s   00:00:00       22020096  89%    8.71MB/s   00:00:00       24657317 100%    7.99MB/s   00:00:02 (xfer#1049, to-check=1224/1752)
synthetic_009925/posterior_std.pt
         232019 100%  258.81MB/s   00:00:00 (xfer#1050, to-check=1225/1752)
synthetic_009925/posterior_variance.pt
         232054 100%  334.25MB/s   00:00:00 (xfer#1051, to-check=1226/1752)
synthetic_009926/
synthetic_009926/composite_mean.pt
         232026 100%    9.10MB/s   00:00:00 (xfer#1052, to-check=1228/1752)
synthetic_009926/metadata.json
           1799 100%   20.44MB/s   00:00:00 (xfer#1053, to-check=1229/1752)
synthetic_009926/posterior_mean.pt
         232026 100%   18.46MB/s   00:00:00 (xfer#1054, to-check=1230/1752)
synthetic_009926/posterior_samples.pt
        4161536  17%    7.39MB/s   00:00:02        8749056  35%    8.70MB/s   00:00:01       13041664  53%    8.18MB/s   00:00:01       17530880  71%    8.53MB/s   00:00:00       22249472  90%    8.62MB/s   00:00:00       24657317 100%    8.30MB/s   00:00:02 (xfer#1055, to-check=1231/1752)
synthetic_009926/posterior_std.pt
         232019 100%  278.28MB/s   00:00:00 (xfer#1056, to-check=1232/1752)
synthetic_009926/posterior_variance.pt
         232054 100%   15.99MB/s   00:00:00 (xfer#1057, to-check=1233/1752)
synthetic_009927/
synthetic_009927/composite_mean.pt
         232026 100%    7.43MB/s   00:00:00 (xfer#1058, to-check=1235/1752)
synthetic_009927/metadata.json
           1798 100%   16.80MB/s   00:00:00 (xfer#1059, to-check=1236/1752)
synthetic_009927/posterior_mean.pt
         232026 100%   55.67MB/s   00:00:00 (xfer#1060, to-check=1237/1752)
synthetic_009927/posterior_samples.pt
        4784128  19%    9.11MB/s   00:00:02        9764864  40%    8.94MB/s   00:00:01       14745600  60%    9.49MB/s   00:00:00       19595264  79%    9.15MB/s   00:00:00       24657317 100%    9.21MB/s   00:00:02 (xfer#1061, to-check=1238/1752)
synthetic_009927/posterior_std.pt
         232019 100%  257.58MB/s   00:00:00 (xfer#1062, to-check=1239/1752)
synthetic_009927/posterior_variance.pt
         232054 100%  323.53MB/s   00:00:00 (xfer#1063, to-check=1240/1752)
synthetic_009928/
synthetic_009928/composite_mean.pt
         232026 100%    5.96MB/s   00:00:00 (xfer#1064, to-check=1242/1752)
synthetic_009928/metadata.json
           1799 100%   21.16MB/s   00:00:00 (xfer#1065, to-check=1243/1752)
synthetic_009928/posterior_mean.pt
         232026 100%   22.72MB/s   00:00:00 (xfer#1066, to-check=1244/1752)
synthetic_009928/posterior_samples.pt
        4882432  20%    9.28MB/s   00:00:02       10387456  42%   10.48MB/s   00:00:01       16154624  66%   10.99MB/s   00:00:00       22315008  91%   11.63MB/s   00:00:00       24657317 100%   10.53MB/s   00:00:02 (xfer#1067, to-check=1245/1752)
synthetic_009928/posterior_std.pt
         232019 100%  248.61MB/s   00:00:00 (xfer#1068, to-check=1246/1752)
synthetic_009928/posterior_variance.pt
         232054 100%  303.54MB/s   00:00:00 (xfer#1069, to-check=1247/1752)
synthetic_009929/
synthetic_009929/composite_mean.pt
         232026 100%   40.33MB/s   00:00:00 (xfer#1070, to-check=1249/1752)
synthetic_009929/metadata.json
           1799 100%   28.56MB/s   00:00:00 (xfer#1071, to-check=1250/1752)
synthetic_009929/posterior_mean.pt
         232026 100%   12.62MB/s   00:00:00 (xfer#1072, to-check=1251/1752)
synthetic_009929/posterior_samples.pt
        7077888  29%   12.87MB/s   00:00:01       14286848  58%   13.40MB/s   00:00:00       21233664  86%   13.20MB/s   00:00:00       24657317 100%   12.84MB/s   00:00:01 (xfer#1073, to-check=1252/1752)
synthetic_009929/posterior_std.pt
         232019 100%  252.88MB/s   00:00:00 (xfer#1074, to-check=1253/1752)
synthetic_009929/posterior_variance.pt
         232054 100%  148.73MB/s   00:00:00 (xfer#1075, to-check=1254/1752)
synthetic_009930/
synthetic_009930/composite_mean.pt
         232026 100%   20.17MB/s   00:00:00 (xfer#1076, to-check=1256/1752)
synthetic_009930/metadata.json
           1798 100%   18.39MB/s   00:00:00 (xfer#1077, to-check=1257/1752)
synthetic_009930/posterior_mean.pt
         232026 100%   12.52MB/s   00:00:00 (xfer#1078, to-check=1258/1752)
synthetic_009930/posterior_samples.pt
        6684672  27%   12.68MB/s   00:00:01       13500416  55%   12.74MB/s   00:00:00       20185088  82%   12.60MB/s   00:00:00       24657317 100%   12.49MB/s   00:00:01 (xfer#1079, to-check=1259/1752)
synthetic_009930/posterior_std.pt
         232019 100%  275.23MB/s   00:00:00 (xfer#1080, to-check=1260/1752)
synthetic_009930/posterior_variance.pt
         232054 100%  331.86MB/s   00:00:00 (xfer#1081, to-check=1261/1752)
synthetic_009931/
synthetic_009931/composite_mean.pt
         232026 100%   19.87MB/s   00:00:00 (xfer#1082, to-check=1263/1752)
synthetic_009931/metadata.json
           1798 100%   30.60MB/s   00:00:00 (xfer#1083, to-check=1264/1752)
synthetic_009931/posterior_mean.pt
         232026 100%   11.50MB/s   00:00:00 (xfer#1084, to-check=1265/1752)
synthetic_009931/posterior_samples.pt
        6094848  25%   11.55MB/s   00:00:01       12582912  51%   12.37MB/s   00:00:00       18644992  76%   11.48MB/s   00:00:00       24150016  98%   10.49MB/s   00:00:00       24657317 100%   11.25MB/s   00:00:02 (xfer#1085, to-check=1266/1752)
synthetic_009931/posterior_std.pt
         232019 100%  253.43MB/s   00:00:00 (xfer#1086, to-check=1267/1752)
synthetic_009931/posterior_variance.pt
         232054 100%  314.44MB/s   00:00:00 (xfer#1087, to-check=1268/1752)
synthetic_009932/
synthetic_009932/composite_mean.pt
         232026 100%    6.05MB/s   00:00:00 (xfer#1088, to-check=1270/1752)
synthetic_009932/metadata.json
           1797 100%   24.45MB/s   00:00:00 (xfer#1089, to-check=1271/1752)
synthetic_009932/posterior_mean.pt
         232026 100%   24.12MB/s   00:00:00 (xfer#1090, to-check=1272/1752)
synthetic_009932/posterior_samples.pt
        4784128  19%    9.10MB/s   00:00:02       11337728  46%   12.26MB/s   00:00:01       16646144  68%    9.59MB/s   00:00:00       22020096  89%   10.11MB/s   00:00:00       24657317 100%    9.99MB/s   00:00:02 (xfer#1091, to-check=1273/1752)
synthetic_009932/posterior_std.pt
         232019 100%  242.63MB/s   00:00:00 (xfer#1092, to-check=1274/1752)
synthetic_009932/posterior_variance.pt
         232054 100%   19.92MB/s   00:00:00 (xfer#1093, to-check=1275/1752)
synthetic_009933/
synthetic_009933/composite_mean.pt
         232026 100%   44.88MB/s   00:00:00 (xfer#1094, to-check=1277/1752)
synthetic_009933/metadata.json
           1800 100%   26.87MB/s   00:00:00 (xfer#1095, to-check=1278/1752)
synthetic_009933/posterior_mean.pt
         232026 100%    6.11MB/s   00:00:00 (xfer#1096, to-check=1279/1752)
synthetic_009933/posterior_samples.pt
        5144576  21%    9.72MB/s   00:00:01       11042816  45%   11.05MB/s   00:00:01       16809984  68%   10.61MB/s   00:00:00       22839296  93%   11.45MB/s   00:00:00       24657317 100%   10.63MB/s   00:00:02 (xfer#1097, to-check=1280/1752)
synthetic_009933/posterior_std.pt
         232019 100%  247.22MB/s   00:00:00 (xfer#1098, to-check=1281/1752)
synthetic_009933/posterior_variance.pt
         232054 100%  274.62MB/s   00:00:00 (xfer#1099, to-check=1282/1752)
synthetic_009934/
synthetic_009934/composite_mean.pt
         232026 100%   12.78MB/s   00:00:00 (xfer#1100, to-check=1284/1752)
synthetic_009934/metadata.json
           1799 100%   27.26MB/s   00:00:00 (xfer#1101, to-check=1285/1752)
synthetic_009934/posterior_mean.pt
         232026 100%    8.58MB/s   00:00:00 (xfer#1102, to-check=1286/1752)
synthetic_009934/posterior_samples.pt
        5865472  24%   11.14MB/s   00:00:01       11993088  49%   11.69MB/s   00:00:01       17924096  73%   11.09MB/s   00:00:00       23953408  97%   11.04MB/s   00:00:00       24657317 100%   11.07MB/s   00:00:02 (xfer#1103, to-check=1287/1752)
synthetic_009934/posterior_std.pt
         232019 100%  285.47MB/s   00:00:00 (xfer#1104, to-check=1288/1752)
synthetic_009934/posterior_variance.pt
         232054 100%   27.02MB/s   00:00:00 (xfer#1105, to-check=1289/1752)
synthetic_009935/
synthetic_009935/composite_mean.pt
         232026 100%   22.94MB/s   00:00:00 (xfer#1106, to-check=1291/1752)
synthetic_009935/metadata.json
           1798 100%   17.50MB/s   00:00:00 (xfer#1107, to-check=1292/1752)
synthetic_009935/posterior_mean.pt
         232026 100%    9.60MB/s   00:00:00 (xfer#1108, to-check=1293/1752)
synthetic_009935/posterior_samples.pt
        5144576  21%    9.66MB/s   00:00:01       11173888  45%   10.99MB/s   00:00:01       16547840  67%   10.03MB/s   00:00:00       22708224  92%   11.55MB/s   00:00:00       24657317 100%   10.43MB/s   00:00:02 (xfer#1109, to-check=1294/1752)
synthetic_009935/posterior_std.pt
         232019 100%  245.26MB/s   00:00:00 (xfer#1110, to-check=1295/1752)
synthetic_009935/posterior_variance.pt
         232054 100%  250.67MB/s   00:00:00 (xfer#1111, to-check=1296/1752)
synthetic_009936/
synthetic_009936/composite_mean.pt
         232026 100%   17.53MB/s   00:00:00 (xfer#1112, to-check=1298/1752)
synthetic_009936/metadata.json
           1800 100%   30.64MB/s   00:00:00 (xfer#1113, to-check=1299/1752)
synthetic_009936/posterior_mean.pt
         232026 100%   24.02MB/s   00:00:00 (xfer#1114, to-check=1300/1752)
synthetic_009936/posterior_samples.pt
        5931008  24%   11.02MB/s   00:00:01       11698176  47%   10.99MB/s   00:00:01       17203200  70%   10.46MB/s   00:00:00       23363584  95%   11.59MB/s   00:00:00       24657317 100%   10.97MB/s   00:00:02 (xfer#1115, to-check=1301/1752)
synthetic_009936/posterior_std.pt
         232019 100%  255.18MB/s   00:00:00 (xfer#1116, to-check=1302/1752)
synthetic_009936/posterior_variance.pt
         232054 100%   53.21MB/s   00:00:00 (xfer#1117, to-check=1303/1752)
synthetic_009937/
synthetic_009937/composite_mean.pt
         232026 100%   23.40MB/s   00:00:00 (xfer#1118, to-check=1305/1752)
synthetic_009937/metadata.json
           1800 100%   19.10MB/s   00:00:00 (xfer#1119, to-check=1306/1752)
synthetic_009937/posterior_mean.pt
         232026 100%    6.10MB/s   00:00:00 (xfer#1120, to-check=1307/1752)
synthetic_009937/posterior_samples.pt
        6389760  26%   12.08MB/s   00:00:01       12550144  51%   11.74MB/s   00:00:00       18579456  75%   11.03MB/s   00:00:00       24657317 100%   11.70MB/s   00:00:02 (xfer#1121, to-check=1308/1752)
synthetic_009937/posterior_std.pt
         232019 100%  316.10MB/s   00:00:00 (xfer#1122, to-check=1309/1752)
synthetic_009937/posterior_variance.pt
         232054 100%  419.06MB/s   00:00:00 (xfer#1123, to-check=1310/1752)
synthetic_009938/
synthetic_009938/composite_mean.pt
         232026 100%    6.54MB/s   00:00:00 (xfer#1124, to-check=1312/1752)
synthetic_009938/metadata.json
           1798 100%   29.12MB/s   00:00:00 (xfer#1125, to-check=1313/1752)
synthetic_009938/posterior_mean.pt
         232026 100%   26.53MB/s   00:00:00 (xfer#1126, to-check=1314/1752)
synthetic_009938/posterior_samples.pt
        6684672  27%   12.34MB/s   00:00:01       13762560  56%   13.19MB/s   00:00:00       20971520  85%   13.46MB/s   00:00:00       24657317 100%   12.05MB/s   00:00:01 (xfer#1127, to-check=1315/1752)
synthetic_009938/posterior_std.pt
         232019 100%  143.58MB/s   00:00:00 (xfer#1128, to-check=1316/1752)
synthetic_009938/posterior_variance.pt
         232054 100%   29.55MB/s   00:00:00 (xfer#1129, to-check=1317/1752)
synthetic_009939/
synthetic_009939/composite_mean.pt
         232026 100%   16.44MB/s   00:00:00 (xfer#1130, to-check=1319/1752)
synthetic_009939/metadata.json
           1799 100%   29.13MB/s   00:00:00 (xfer#1131, to-check=1320/1752)
synthetic_009939/posterior_mean.pt
         232026 100%    6.21MB/s   00:00:00 (xfer#1132, to-check=1321/1752)
synthetic_009939/posterior_samples.pt
        5963776  24%   10.64MB/s   00:00:01       12124160  49%   11.61MB/s   00:00:01       17793024  72%    9.60MB/s   00:00:00       21463040  87%    6.98MB/s   00:00:00       24657317 100%    9.60MB/s   00:00:02 (xfer#1133, to-check=1322/1752)
synthetic_009939/posterior_std.pt
         232019 100%  265.62MB/s   00:00:00 (xfer#1134, to-check=1323/1752)
synthetic_009939/posterior_variance.pt
         232054 100%   13.80MB/s   00:00:00 (xfer#1135, to-check=1324/1752)
synthetic_009940/
synthetic_009940/composite_mean.pt
         232026 100%   11.95MB/s   00:00:00 (xfer#1136, to-check=1326/1752)
synthetic_009940/metadata.json
           1799 100%   21.42MB/s   00:00:00 (xfer#1137, to-check=1327/1752)
synthetic_009940/posterior_mean.pt
         232026 100%    6.16MB/s   00:00:00 (xfer#1138, to-check=1328/1752)
synthetic_009940/posterior_samples.pt
        5439488  22%    9.70MB/s   00:00:01       10813440  44%   10.24MB/s   00:00:01       15925248  65%    9.47MB/s   00:00:00       21299200  86%    9.63MB/s   00:00:00       24657317 100%    9.71MB/s   00:00:02 (xfer#1139, to-check=1329/1752)
synthetic_009940/posterior_std.pt
         232019 100%  251.72MB/s   00:00:00 (xfer#1140, to-check=1330/1752)
synthetic_009940/posterior_variance.pt
         232054 100%  330.33MB/s   00:00:00 (xfer#1141, to-check=1331/1752)
synthetic_009941/
synthetic_009941/composite_mean.pt
         232026 100%    6.21MB/s   00:00:00 (xfer#1142, to-check=1333/1752)
synthetic_009941/metadata.json
           1799 100%   17.90MB/s   00:00:00 (xfer#1143, to-check=1334/1752)
synthetic_009941/posterior_mean.pt
         232026 100%   21.10MB/s   00:00:00 (xfer#1144, to-check=1335/1752)
synthetic_009941/posterior_samples.pt
        5177344  21%    9.87MB/s   00:00:01       10518528  43%   10.07MB/s   00:00:01       14450688  59%    7.20MB/s   00:00:01       19038208  77%    8.71MB/s   00:00:00       24657317 100%    9.17MB/s   00:00:02 (xfer#1145, to-check=1336/1752)
synthetic_009941/posterior_std.pt
         232019 100%  252.88MB/s   00:00:00 (xfer#1146, to-check=1337/1752)
synthetic_009941/posterior_variance.pt
         232054 100%  313.48MB/s   00:00:00 (xfer#1147, to-check=1338/1752)
synthetic_009942/
synthetic_009942/composite_mean.pt
         232026 100%    5.28MB/s   00:00:00 (xfer#1148, to-check=1340/1752)
synthetic_009942/metadata.json
           1798 100%   25.24MB/s   00:00:00 (xfer#1149, to-check=1341/1752)
synthetic_009942/posterior_mean.pt
         232026 100%   12.70MB/s   00:00:00 (xfer#1150, to-check=1342/1752)
synthetic_009942/posterior_samples.pt
        4620288  19%    8.48MB/s   00:00:02        9601024  39%    8.92MB/s   00:00:01       13795328  56%    7.94MB/s   00:00:01       18120704  73%    8.23MB/s   00:00:00       22970368  93%    8.98MB/s   00:00:00       24657317 100%    8.40MB/s   00:00:02 (xfer#1151, to-check=1343/1752)
synthetic_009942/posterior_std.pt
         232019 100%   89.87MB/s   00:00:00 (xfer#1152, to-check=1344/1752)
synthetic_009942/posterior_variance.pt
         232054 100%   10.27MB/s   00:00:00 (xfer#1153, to-check=1345/1752)
synthetic_009943/
synthetic_009943/composite_mean.pt
         232026 100%   11.27MB/s   00:00:00 (xfer#1154, to-check=1347/1752)
synthetic_009943/metadata.json
           1798 100%   21.15MB/s   00:00:00 (xfer#1155, to-check=1348/1752)
synthetic_009943/posterior_mean.pt
         232026 100%    4.29MB/s   00:00:00 (xfer#1156, to-check=1349/1752)
synthetic_009943/posterior_samples.pt
        4816896  20%    9.17MB/s   00:00:02        9830400  40%    9.56MB/s   00:00:01       15171584  62%    9.76MB/s   00:00:00       20938752  85%   10.44MB/s   00:00:00       24657317 100%    9.67MB/s   00:00:02 (xfer#1157, to-check=1350/1752)
synthetic_009943/posterior_std.pt
         232019 100%  219.51MB/s   00:00:00 (xfer#1158, to-check=1351/1752)
synthetic_009943/posterior_variance.pt
         232054 100%  251.75MB/s   00:00:00 (xfer#1159, to-check=1352/1752)
synthetic_009944/
synthetic_009944/composite_mean.pt
         232026 100%   21.92MB/s   00:00:00 (xfer#1160, to-check=1354/1752)
synthetic_009944/metadata.json
           1800 100%   21.49MB/s   00:00:00 (xfer#1161, to-check=1355/1752)
synthetic_009944/posterior_mean.pt
         232026 100%    5.41MB/s   00:00:00 (xfer#1162, to-check=1356/1752)
synthetic_009944/posterior_samples.pt
        3440640  14%    6.55MB/s   00:00:03        7733248  31%    7.74MB/s   00:00:02       12189696  49%    8.16MB/s   00:00:01       16515072  67%    8.07MB/s   00:00:00       21102592  86%    8.46MB/s   00:00:00       24657317 100%    7.85MB/s   00:00:02 (xfer#1163, to-check=1357/1752)
synthetic_009944/posterior_std.pt
         232019 100%  252.61MB/s   00:00:00 (xfer#1164, to-check=1358/1752)
synthetic_009944/posterior_variance.pt
         232054 100%   19.52MB/s   00:00:00 (xfer#1165, to-check=1359/1752)
synthetic_009945/
synthetic_009945/composite_mean.pt
         232026 100%   10.48MB/s   00:00:00 (xfer#1166, to-check=1361/1752)
synthetic_009945/metadata.json
           1800 100%   21.69MB/s   00:00:00 (xfer#1167, to-check=1362/1752)
synthetic_009945/posterior_mean.pt
         232026 100%    5.70MB/s   00:00:00 (xfer#1168, to-check=1363/1752)
synthetic_009945/posterior_samples.pt
        4128768  17%    7.83MB/s   00:00:02        8585216  35%    8.42MB/s   00:00:01       11436032  46%    5.16MB/s   00:00:02       15106048  61%    6.59MB/s   00:00:01       19038208  77%    6.92MB/s   00:00:00       22970368  93%    6.86MB/s   00:00:00       24657317 100%    6.96MB/s   00:00:03 (xfer#1169, to-check=1364/1752)
synthetic_009945/posterior_std.pt
         232019 100%   15.34MB/s   00:00:00 (xfer#1170, to-check=1365/1752)
synthetic_009945/posterior_variance.pt
         232054 100%   80.97MB/s   00:00:00 (xfer#1171, to-check=1366/1752)
synthetic_009946/
synthetic_009946/composite_mean.pt
         232026 100%    4.40MB/s   00:00:00 (xfer#1172, to-check=1368/1752)
synthetic_009946/metadata.json
           1798 100%   17.00MB/s   00:00:00 (xfer#1173, to-check=1369/1752)
synthetic_009946/posterior_mean.pt
         232026 100%   13.73MB/s   00:00:00 (xfer#1174, to-check=1370/1752)
synthetic_009946/posterior_samples.pt
        3473408  14%    6.46MB/s   00:00:03        7405568  30%    7.32MB/s   00:00:02       11468800  47%    7.71MB/s   00:00:01       15400960  62%    7.29MB/s   00:00:01       19202048  78%    6.65MB/s   00:00:00       23134208  94%    7.45MB/s   00:00:00       24657317 100%    7.05MB/s   00:00:03 (xfer#1175, to-check=1371/1752)
synthetic_009946/posterior_std.pt
         232019 100%  260.04MB/s   00:00:00 (xfer#1176, to-check=1372/1752)
synthetic_009946/posterior_variance.pt
         232054 100%  318.86MB/s   00:00:00 (xfer#1177, to-check=1373/1752)
synthetic_009947/
synthetic_009947/composite_mean.pt
         232026 100%    5.15MB/s   00:00:00 (xfer#1178, to-check=1375/1752)
synthetic_009947/metadata.json
           1799 100%   23.14MB/s   00:00:00 (xfer#1179, to-check=1376/1752)
synthetic_009947/posterior_mean.pt
         232026 100%   22.47MB/s   00:00:00 (xfer#1180, to-check=1377/1752)
synthetic_009947/posterior_samples.pt
        4030464  16%    7.50MB/s   00:00:02        7733248  31%    7.06MB/s   00:00:02       11894784  48%    7.62MB/s   00:00:01       15302656  62%    6.32MB/s   00:00:01       19234816  78%    7.15MB/s   00:00:00       23560192  96%    7.99MB/s   00:00:00       24657317 100%    7.24MB/s   00:00:03 (xfer#1181, to-check=1378/1752)
synthetic_009947/posterior_std.pt
         232019 100%  235.13MB/s   00:00:00 (xfer#1182, to-check=1379/1752)
synthetic_009947/posterior_variance.pt
         232054 100%    9.81MB/s   00:00:00 (xfer#1183, to-check=1380/1752)
synthetic_009948/
synthetic_009948/composite_mean.pt
         232026 100%    8.67MB/s   00:00:00 (xfer#1184, to-check=1382/1752)
synthetic_009948/metadata.json
           1799 100%   17.90MB/s   00:00:00 (xfer#1185, to-check=1383/1752)
synthetic_009948/posterior_mean.pt
         232026 100%   31.75MB/s   00:00:00 (xfer#1186, to-check=1384/1752)
synthetic_009948/posterior_samples.pt
        4456448  18%    8.05MB/s   00:00:02        9043968  37%    8.73MB/s   00:00:01       14024704  57%    8.95MB/s   00:00:01       19136512  78%    9.13MB/s   00:00:00       24248320  98%    9.54MB/s   00:00:00       24657317 100%    8.81MB/s   00:00:02 (xfer#1187, to-check=1385/1752)
synthetic_009948/posterior_std.pt
         232019 100%   12.26MB/s   00:00:00 (xfer#1188, to-check=1386/1752)
synthetic_009948/posterior_variance.pt
         232054 100%   28.52MB/s   00:00:00 (xfer#1189, to-check=1387/1752)
synthetic_009949/
synthetic_009949/composite_mean.pt
         232026 100%    4.92MB/s   00:00:00 (xfer#1190, to-check=1389/1752)
synthetic_009949/metadata.json
           1799 100%   23.21MB/s   00:00:00 (xfer#1191, to-check=1390/1752)
synthetic_009949/posterior_mean.pt
         232026 100%   26.68MB/s   00:00:00 (xfer#1192, to-check=1391/1752)
synthetic_009949/posterior_samples.pt
        5079040  21%    9.26MB/s   00:00:02        8814592  36%    7.01MB/s   00:00:02       13008896  53%    7.76MB/s   00:00:01       17334272  70%    8.07MB/s   00:00:00       21528576  87%    8.00MB/s   00:00:00       24657317 100%    8.06MB/s   00:00:02 (xfer#1193, to-check=1392/1752)
synthetic_009949/posterior_std.pt
         232019 100%   23.86MB/s   00:00:00 (xfer#1194, to-check=1393/1752)
synthetic_009949/posterior_variance.pt
         232054 100%   75.38MB/s   00:00:00 (xfer#1195, to-check=1394/1752)
synthetic_009950/
synthetic_009950/composite_mean.pt
         232026 100%    6.99MB/s   00:00:00 (xfer#1196, to-check=1396/1752)
synthetic_009950/metadata.json
           1799 100%   25.98MB/s   00:00:00 (xfer#1197, to-check=1397/1752)
synthetic_009950/posterior_mean.pt
         232026 100%    5.77MB/s   00:00:00 (xfer#1198, to-check=1398/1752)
synthetic_009950/posterior_samples.pt
        4849664  20%    8.95MB/s   00:00:02        9568256  39%    8.79MB/s   00:00:01       14680064  60%    9.73MB/s   00:00:00       19791872  80%    9.66MB/s   00:00:00       24657317 100%    9.28MB/s   00:00:02 (xfer#1199, to-check=1399/1752)
synthetic_009950/posterior_std.pt
         232019 100%  256.45MB/s   00:00:00 (xfer#1200, to-check=1400/1752)
synthetic_009950/posterior_variance.pt
         232054 100%  286.31MB/s   00:00:00 (xfer#1201, to-check=1401/1752)
synthetic_009951/
synthetic_009951/composite_mean.pt
         232026 100%   10.63MB/s   00:00:00 (xfer#1202, to-check=1403/1752)
synthetic_009951/metadata.json
           1799 100%   19.93MB/s   00:00:00 (xfer#1203, to-check=1404/1752)
synthetic_009951/posterior_mean.pt
         232026 100%   13.79MB/s   00:00:00 (xfer#1204, to-check=1405/1752)
synthetic_009951/posterior_samples.pt
        5341184  22%   10.06MB/s   00:00:01        9666560  39%    8.25MB/s   00:00:01       14909440  60%    9.98MB/s   00:00:00       18382848  75%    6.54MB/s   00:00:00       22446080  91%    7.41MB/s   00:00:00       24657317 100%    8.35MB/s   00:00:02 (xfer#1205, to-check=1406/1752)
synthetic_009951/posterior_std.pt
         232019 100%  247.29MB/s   00:00:00 (xfer#1206, to-check=1407/1752)
synthetic_009951/posterior_variance.pt
         232054 100%   17.45MB/s   00:00:00 (xfer#1207, to-check=1408/1752)
synthetic_009952/
synthetic_009952/composite_mean.pt
         232026 100%    7.99MB/s   00:00:00 (xfer#1208, to-check=1410/1752)
synthetic_009952/metadata.json
           1799 100%   23.52MB/s   00:00:00 (xfer#1209, to-check=1411/1752)
synthetic_009952/posterior_mean.pt
         232026 100%    6.79MB/s   00:00:00 (xfer#1210, to-check=1412/1752)
synthetic_009952/posterior_samples.pt
        4489216  18%    8.15MB/s   00:00:02        8814592  36%    8.19MB/s   00:00:01       13664256  55%    9.08MB/s   00:00:01       18644992  76%    9.48MB/s   00:00:00       23494656  95%    9.15MB/s   00:00:00       24657317 100%    8.73MB/s   00:00:02 (xfer#1211, to-check=1413/1752)
synthetic_009952/posterior_std.pt
         232019 100%  253.16MB/s   00:00:00 (xfer#1212, to-check=1414/1752)
synthetic_009952/posterior_variance.pt
         232054 100%  320.30MB/s   00:00:00 (xfer#1213, to-check=1415/1752)
synthetic_009953/
synthetic_009953/composite_mean.pt
         232026 100%   14.25MB/s   00:00:00 (xfer#1214, to-check=1417/1752)
synthetic_009953/metadata.json
           1799 100%   22.28MB/s   00:00:00 (xfer#1215, to-check=1418/1752)
synthetic_009953/posterior_mean.pt
         232026 100%    5.66MB/s   00:00:00 (xfer#1216, to-check=1419/1752)
synthetic_009953/posterior_samples.pt
        5242880  21%    9.93MB/s   00:00:01       10387456  42%    9.81MB/s   00:00:01       15859712  64%    9.84MB/s   00:00:00       21364736  87%   10.47MB/s   00:00:00       24657317 100%    9.88MB/s   00:00:02 (xfer#1217, to-check=1420/1752)
synthetic_009953/posterior_std.pt
         232019 100%  259.67MB/s   00:00:00 (xfer#1218, to-check=1421/1752)
synthetic_009953/posterior_variance.pt
         232054 100%   13.38MB/s   00:00:00 (xfer#1219, to-check=1422/1752)
synthetic_009954/
synthetic_009954/composite_mean.pt
         232026 100%   36.87MB/s   00:00:00 (xfer#1220, to-check=1424/1752)
synthetic_009954/metadata.json
           1797 100%   24.79MB/s   00:00:00 (xfer#1221, to-check=1425/1752)
synthetic_009954/posterior_mean.pt
         232026 100%    6.18MB/s   00:00:00 (xfer#1222, to-check=1426/1752)
synthetic_009954/posterior_samples.pt
        4358144  18%    7.67MB/s   00:00:02        9601024  39%    9.80MB/s   00:00:01       15237120  62%   10.69MB/s   00:00:00       20480000  83%    9.69MB/s   00:00:00       24657317 100%    9.41MB/s   00:00:02 (xfer#1223, to-check=1427/1752)
synthetic_009954/posterior_std.pt
         232019 100%  266.84MB/s   00:00:00 (xfer#1224, to-check=1428/1752)
synthetic_009954/posterior_variance.pt
         232054 100%  317.56MB/s   00:00:00 (xfer#1225, to-check=1429/1752)
synthetic_009955/
synthetic_009955/composite_mean.pt
         232026 100%   13.29MB/s   00:00:00 (xfer#1226, to-check=1431/1752)
synthetic_009955/metadata.json
           1798 100%   24.89MB/s   00:00:00 (xfer#1227, to-check=1432/1752)
synthetic_009955/posterior_mean.pt
         232026 100%    8.31MB/s   00:00:00 (xfer#1228, to-check=1433/1752)
synthetic_009955/posterior_samples.pt
        5341184  22%   10.01MB/s   00:00:01       10846208  44%   10.46MB/s   00:00:01       16351232  66%   10.49MB/s   00:00:00       21856256  89%   10.38MB/s   00:00:00       24657317 100%   10.18MB/s   00:00:02 (xfer#1229, to-check=1434/1752)
synthetic_009955/posterior_std.pt
         232019 100%  253.78MB/s   00:00:00 (xfer#1230, to-check=1435/1752)
synthetic_009955/posterior_variance.pt
         232054 100%   15.88MB/s   00:00:00 (xfer#1231, to-check=1436/1752)
synthetic_009956/
synthetic_009956/composite_mean.pt
         232026 100%    8.73MB/s   00:00:00 (xfer#1232, to-check=1438/1752)
synthetic_009956/metadata.json
           1799 100%   22.92MB/s   00:00:00 (xfer#1233, to-check=1439/1752)
synthetic_009956/posterior_mean.pt
         232026 100%   30.31MB/s   00:00:00 (xfer#1234, to-check=1440/1752)
synthetic_009956/posterior_samples.pt
        5603328  23%   10.59MB/s   00:00:01       10027008  41%    8.28MB/s   00:00:01       11173888  45%    2.04MB/s   00:00:06       12484608  51%    2.38MB/s   00:00:04       13795328  56%    2.45MB/s   00:00:04       15106048  61%    2.49MB/s   00:00:03       16547840  67%    2.52MB/s   00:00:03       17989632  73%    2.64MB/s   00:00:02       19562496  79%    2.86MB/s   00:00:01       21266432  86%    3.03MB/s   00:00:01       22970368  93%    3.14MB/s   00:00:00       24657317 100%    3.76MB/s   00:00:06 (xfer#1235, to-check=1441/1752)
synthetic_009956/posterior_std.pt
         232019 100%  251.44MB/s   00:00:00 (xfer#1236, to-check=1442/1752)
synthetic_009956/posterior_variance.pt
         232054 100%    3.05MB/s   00:00:00 (xfer#1237, to-check=1443/1752)
synthetic_009957/
synthetic_009957/composite_mean.pt
         232026 100%    3.77MB/s   00:00:00 (xfer#1238, to-check=1445/1752)
synthetic_009957/metadata.json
           1798 100%    5.53MB/s   00:00:00 (xfer#1239, to-check=1446/1752)
synthetic_009957/posterior_mean.pt
         232026 100%    3.77MB/s   00:00:00 (xfer#1240, to-check=1447/1752)
synthetic_009957/posterior_samples.pt
        1966080   8%    3.71MB/s   00:00:05        3964928  16%    3.75MB/s   00:00:05        6193152  25%    3.94MB/s   00:00:04        8552448  35%    4.10MB/s   00:00:03       10780672  44%    3.97MB/s   00:00:03       13271040  54%    4.73MB/s   00:00:02       15761408  64%    4.72MB/s   00:00:01       18513920  75%    5.10MB/s   00:00:01       21266432  86%    5.10MB/s   00:00:00       24281088  98%    5.25MB/s   00:00:00       24657317 100%    4.42MB/s   00:00:05 (xfer#1241, to-check=1448/1752)
synthetic_009957/posterior_std.pt
         232019 100%  249.75MB/s   00:00:00 (xfer#1242, to-check=1449/1752)
synthetic_009957/posterior_variance.pt
         232054 100%   10.06MB/s   00:00:00 (xfer#1243, to-check=1450/1752)
synthetic_009958/
synthetic_009958/composite_mean.pt
         232026 100%    3.93MB/s   00:00:00 (xfer#1244, to-check=1452/1752)
synthetic_009958/metadata.json
           1799 100%   20.92MB/s   00:00:00 (xfer#1245, to-check=1453/1752)
synthetic_009958/posterior_mean.pt
         232026 100%    4.68MB/s   00:00:00 (xfer#1246, to-check=1454/1752)
synthetic_009958/posterior_samples.pt
        3342336  14%    5.96MB/s   00:00:03        6881280  28%    6.70MB/s   00:00:02       10944512  44%    7.49MB/s   00:00:01       15597568  63%    8.87MB/s   00:00:00       20381696  83%    9.08MB/s   00:00:00       24657317 100%    7.91MB/s   00:00:02 (xfer#1247, to-check=1455/1752)
synthetic_009958/posterior_std.pt
         232019 100%  290.75MB/s   00:00:00 (xfer#1248, to-check=1456/1752)
synthetic_009958/posterior_variance.pt
         232054 100%    8.18MB/s   00:00:00 (xfer#1249, to-check=1457/1752)
synthetic_009959/
synthetic_009959/composite_mean.pt
         232026 100%   22.80MB/s   00:00:00 (xfer#1250, to-check=1459/1752)
synthetic_009959/metadata.json
           1798 100%   21.15MB/s   00:00:00 (xfer#1251, to-check=1460/1752)
synthetic_009959/posterior_mean.pt
         232026 100%   22.41MB/s   00:00:00 (xfer#1252, to-check=1461/1752)
synthetic_009959/posterior_samples.pt
        6094848  25%   11.05MB/s   00:00:01       12779520  52%   12.74MB/s   00:00:00       19857408  81%   13.49MB/s   00:00:00       24657317 100%   12.35MB/s   00:00:01 (xfer#1253, to-check=1462/1752)
synthetic_009959/posterior_std.pt
         232019 100%  260.04MB/s   00:00:00 (xfer#1254, to-check=1463/1752)
synthetic_009959/posterior_variance.pt
         232054 100%   18.88MB/s   00:00:00 (xfer#1255, to-check=1464/1752)
synthetic_009960/
synthetic_009960/composite_mean.pt
         232026 100%   14.34MB/s   00:00:00 (xfer#1256, to-check=1466/1752)
synthetic_009960/metadata.json
           1798 100%   22.27MB/s   00:00:00 (xfer#1257, to-check=1467/1752)
synthetic_009960/posterior_mean.pt
         232026 100%   12.47MB/s   00:00:00 (xfer#1258, to-check=1468/1752)
synthetic_009960/posterior_samples.pt
        6750208  27%   12.77MB/s   00:00:01       13041664  53%   11.49MB/s   00:00:00       20250624  82%   11.54MB/s   00:00:00       24657317 100%   12.16MB/s   00:00:01 (xfer#1259, to-check=1469/1752)
synthetic_009960/posterior_std.pt
         232019 100%  224.44MB/s   00:00:00 (xfer#1260, to-check=1470/1752)
synthetic_009960/posterior_variance.pt
         232054 100%  260.66MB/s   00:00:00 (xfer#1261, to-check=1471/1752)
synthetic_009961/
synthetic_009961/composite_mean.pt
         232026 100%   18.51MB/s   00:00:00 (xfer#1262, to-check=1473/1752)
synthetic_009961/metadata.json
           1798 100%   26.74MB/s   00:00:00 (xfer#1263, to-check=1474/1752)
synthetic_009961/posterior_mean.pt
         232026 100%   16.04MB/s   00:00:00 (xfer#1264, to-check=1475/1752)
synthetic_009961/posterior_samples.pt
        6127616  25%   10.49MB/s   00:00:01        9928704  40%    6.93MB/s   00:00:02       11599872  47%    3.07MB/s   00:00:04       13303808  54%    3.13MB/s   00:00:03       15138816  61%    3.28MB/s   00:00:02       17104896  69%    3.51MB/s   00:00:02       19070976  77%    3.68MB/s   00:00:01       21037056  85%    3.51MB/s   00:00:00       23003136  93%    3.62MB/s   00:00:00       24657317 100%    4.54MB/s   00:00:05 (xfer#1265, to-check=1476/1752)
synthetic_009961/posterior_std.pt
         232019 100%   10.20MB/s   00:00:00 (xfer#1266, to-check=1477/1752)
synthetic_009961/posterior_variance.pt
         232054 100%    3.81MB/s   00:00:00 (xfer#1267, to-check=1478/1752)
synthetic_009962/
synthetic_009962/composite_mean.pt
         232026 100%    3.20MB/s   00:00:00 (xfer#1268, to-check=1480/1752)
synthetic_009962/metadata.json
           1799 100%    5.45MB/s   00:00:00 (xfer#1269, to-check=1481/1752)
synthetic_009962/posterior_mean.pt
         232026 100%    6.06MB/s   00:00:00 (xfer#1270, to-check=1482/1752)
synthetic_009962/posterior_samples.pt
        2162688   9%    4.12MB/s   00:00:05        4456448  18%    4.11MB/s   00:00:04        6946816  28%    4.60MB/s   00:00:03        9437184  38%    4.61MB/s   00:00:03       12058624  49%    4.62MB/s   00:00:02       14909440  60%    5.14MB/s   00:00:01       17530880  71%    4.74MB/s   00:00:01       20414464  83%    5.04MB/s   00:00:00       23429120  95%    5.74MB/s   00:00:00       24657317 100%    4.77MB/s   00:00:04 (xfer#1271, to-check=1483/1752)
synthetic_009962/posterior_std.pt
         232019 100%    7.03MB/s   00:00:00 (xfer#1272, to-check=1484/1752)
synthetic_009962/posterior_variance.pt
         232054 100%    3.92MB/s   00:00:00 (xfer#1273, to-check=1485/1752)
synthetic_009963/
synthetic_009963/composite_mean.pt
         232026 100%   42.34MB/s   00:00:00 (xfer#1274, to-check=1487/1752)
synthetic_009963/metadata.json
           1797 100%   26.33MB/s   00:00:00 (xfer#1275, to-check=1488/1752)
synthetic_009963/posterior_mean.pt
         232026 100%    4.06MB/s   00:00:00 (xfer#1276, to-check=1489/1752)
synthetic_009963/posterior_samples.pt
        2818048  11%    5.35MB/s   00:00:03        6225920  25%    6.16MB/s   00:00:02        9633792  39%    6.22MB/s   00:00:02       11894784  48%    4.05MB/s   00:00:03       14647296  59%    4.93MB/s   00:00:01       17399808  71%    5.14MB/s   00:00:01       20414464  83%    5.53MB/s   00:00:00       23527424  95%    5.92MB/s   00:00:00       24657317 100%    5.39MB/s   00:00:04 (xfer#1277, to-check=1490/1752)
synthetic_009963/posterior_std.pt
         232019 100%   14.92MB/s   00:00:00 (xfer#1278, to-check=1491/1752)
synthetic_009963/posterior_variance.pt
         232054 100%    5.71MB/s   00:00:00 (xfer#1279, to-check=1492/1752)
synthetic_009964/
synthetic_009964/composite_mean.pt
         232026 100%    4.99MB/s   00:00:00 (xfer#1280, to-check=1494/1752)
synthetic_009964/metadata.json
           1800 100%   14.31MB/s   00:00:00 (xfer#1281, to-check=1495/1752)
synthetic_009964/posterior_mean.pt
         232026 100%   13.43MB/s   00:00:00 (xfer#1282, to-check=1496/1752)
synthetic_009964/posterior_samples.pt
        2129920   9%    3.96MB/s   00:00:05        3538944  14%    2.53MB/s   00:00:07        5505024  22%    3.49MB/s   00:00:05        7471104  30%    3.54MB/s   00:00:04        9568256  39%    3.71MB/s   00:00:03       11665408  47%    3.64MB/s   00:00:03       13631488  55%    3.68MB/s   00:00:02       15728640  64%    3.73MB/s   00:00:02       17956864  73%    4.10MB/s   00:00:01       20185088  82%    4.25MB/s   00:00:01       22413312  91%    4.21MB/s   00:00:00       24657317 100%    3.74MB/s   00:00:06 (xfer#1283, to-check=1497/1752)
synthetic_009964/posterior_std.pt
         232019 100%   13.57MB/s   00:00:00 (xfer#1284, to-check=1498/1752)
synthetic_009964/posterior_variance.pt
         232054 100%    3.89MB/s   00:00:00 (xfer#1285, to-check=1499/1752)
synthetic_009965/
synthetic_009965/composite_mean.pt
         232026 100%   37.47MB/s   00:00:00 (xfer#1286, to-check=1501/1752)
synthetic_009965/metadata.json
           1801 100%   26.01MB/s   00:00:00 (xfer#1287, to-check=1502/1752)
synthetic_009965/posterior_mean.pt
         232026 100%    4.05MB/s   00:00:00 (xfer#1288, to-check=1503/1752)
synthetic_009965/posterior_samples.pt
        2490368  10%    4.62MB/s   00:00:04        5242880  21%    5.16MB/s   00:00:03        7995392  32%    5.01MB/s   00:00:03       11010048  45%    5.49MB/s   00:00:02       13893632  56%    5.31MB/s   00:00:01       16777216  68%    5.45MB/s   00:00:01       19595264  79%    4.92MB/s   00:00:00       21954560  89%    4.30MB/s   00:00:00       23691264  96%    2.20MB/s   00:00:00       23822336  97%  253.79KB/s   00:00:03       23953408  97%  181.39KB/s   00:00:03       24084480  98%  138.96KB/s   00:00:04       24215552  98%  125.33KB/s   00:00:03       24346624  99%  120.28KB/s   00:00:02       24477696  99%  140.76KB/s   00:00:01       24608768 100%  130.57KB/s   00:00:00       24657317 100%    2.13MB/s   00:00:11 (xfer#1289, to-check=1504/1752)
synthetic_009965/posterior_std.pt
          65536  28%   56.89KB/s   00:00:02         196608  85%  133.49KB/s   00:00:00         232019 100%  108.66KB/s   00:00:02 (xfer#1290, to-check=1505/1752)
synthetic_009965/posterior_variance.pt
          98304  42%   83.36KB/s   00:00:01         229376  99%  158.56KB/s   00:00:00         232054 100%  115.64KB/s   00:00:01 (xfer#1291, to-check=1506/1752)
synthetic_009966/
synthetic_009966/composite_mean.pt
         131072  56%  149.12KB/s   00:00:00         232026 100%  167.57KB/s   00:00:01 (xfer#1292, to-check=1508/1752)
synthetic_009966/metadata.json
           1800 100%    4.85MB/s   00:00:00 (xfer#1293, to-check=1509/1752)
synthetic_009966/posterior_mean.pt
         232026 100%  519.42KB/s   00:00:00 (xfer#1294, to-check=1510/1752)
synthetic_009966/posterior_samples.pt
         196608   1%  223.14KB/s   00:01:47         327680   1%  194.30KB/s   00:02:02         458752   2%  240.99KB/s   00:01:38         589824   2%  155.43KB/s   00:02:31         720896   3%  128.78KB/s   00:03:01         851968   3%  216.10KB/s   00:01:47         983040   4%  131.59KB/s   00:02:55        1114112   5%  129.32KB/s   00:02:57        1245184   5%  160.16KB/s   00:02:22        1376256   6%  189.41KB/s   00:02:00        1507328   6%  241.79KB/s   00:01:33        1638400   7%   65.05KB/s   00:05:45        1769472   7%   24.01KB/s   00:15:30        1900544   8%   10.44KB/s   00:35:29        2031616   8%   34.92KB/s   00:10:32        2162688   9%   56.34KB/s   00:06:29        2293760   9%  186.58KB/s   00:01:57        2424832  10%   84.56KB/s   00:04:16        2555904  10%   64.17KB/s   00:05:36        2686976  11%  109.21KB/s   00:03:16        2818048  11%   92.27KB/s   00:03:51        2949120  12%  102.98KB/s   00:03:25        3080192  12%   57.57KB/s   00:06:06        3211264  13%  199.61KB/s   00:01:44        3342336  14%  130.73KB/s   00:02:39        3473408  14%   29.81KB/s   00:11:33        3604480  15%   82.93KB/s   00:04:07        3735552  15%  215.49KB/s   00:01:34        3866624  16%   45.71KB/s   00:07:24        3997696  16%  118.58KB/s   00:02:50        4128768  17%   75.46KB/s   00:04:25        4259840  17%  122.55KB/s   00:02:42        4390912  18%   46.08KB/s   00:07:09        4521984  18%   53.02KB/s   00:06:10        4653056  19%  187.28KB/s   00:01:44        4784128  19%   83.57KB/s   00:03:52        4915200  20%   95.92KB/s   00:03:20        5046272  20%   85.22KB/s   00:03:44        5177344  21%   93.37KB/s   00:03:23        5308416  22%   92.77KB/s   00:03:23        5439488  22%  206.44KB/s   00:01:30        5570560  23%   82.61KB/s   00:03:45        5701632  23%   97.31KB/s   00:03:10        5832704  24%  230.64KB/s   00:01:19        5963776  24%   43.16KB/s   00:07:02        6094848  25%  222.37KB/s   00:01:21        6225920  25%   82.77KB/s   00:03:37        6356992  26%   78.76KB/s   00:03:46        6488064  26%  102.38KB/s   00:02:53        6619136  27%   97.37KB/s   00:03:00        6750208  27%  102.74KB/s   00:02:50        6881280  28%   98.43KB/s   00:02:56        7012352  28%   63.58KB/s   00:04:30        7274496  30%   87.48KB/s   00:03:14        7405568  30%  177.15KB/s   00:01:35        7536640  31%   47.08KB/s   00:05:55        7667712  31%   57.83KB/s   00:04:46        7798784  32%  245.46KB/s   00:01:07        7929856  32%   84.01KB/s   00:03:14        8060928  33%  106.86KB/s   00:02:31        8192000  33%  146.55KB/s   00:01:49        8323072  34%   51.55KB/s   00:05:09        8454144  34%   74.81KB/s   00:03:31        8716288  35%  325.41KB/s   00:00:47        9109504  37%  565.02KB/s   00:00:26        9502720  39%  745.61KB/s   00:00:19       10027008  41%  907.94KB/s   00:00:15       10682368  43%    1.06MB/s   00:00:12       11468800  47%    1.24MB/s   00:00:10       12255232  50%    1.48MB/s   00:00:07       13041664  53%    1.49MB/s   00:00:07       13959168  57%    1.68MB/s   00:00:06       15007744  61%    1.95MB/s   00:00:04       16056320  65%    1.92MB/s   00:00:04       17235968  70%    2.21MB/s   00:00:03       18415616  75%    2.20MB/s   00:00:02       19726336  80%    2.48MB/s   00:00:01       21037056  85%    2.31MB/s   00:00:01       22609920  92%    2.80MB/s   00:00:00       24444928  99%    3.40MB/s   00:00:00       24657317 100%  207.43KB/s   00:01:56 (xfer#1295, to-check=1511/1752)
synthetic_009966/posterior_std.pt
         232019 100%   45.38MB/s   00:00:00 (xfer#1296, to-check=1512/1752)
synthetic_009966/posterior_variance.pt
         232054 100%    3.83MB/s   00:00:00 (xfer#1297, to-check=1513/1752)
synthetic_009967/
synthetic_009967/composite_mean.pt
         232026 100%    3.81MB/s   00:00:00 (xfer#1298, to-check=1515/1752)
synthetic_009967/metadata.json
           1800 100%   14.69MB/s   00:00:00 (xfer#1299, to-check=1516/1752)
synthetic_009967/posterior_mean.pt
         232026 100%    3.66MB/s   00:00:00 (xfer#1300, to-check=1517/1752)
synthetic_009967/posterior_samples.pt
        2490368  10%    4.71MB/s   00:00:04        5242880  21%    5.03MB/s   00:00:03        8650752  35%    6.36MB/s   00:00:02       12582912  51%    7.09MB/s   00:00:01       16777216  68%    7.95MB/s   00:00:00       21495808  87%    8.79MB/s   00:00:00       24657317 100%    6.89MB/s   00:00:03 (xfer#1301, to-check=1518/1752)
synthetic_009967/posterior_std.pt
         232019 100%  255.25MB/s   00:00:00 (xfer#1302, to-check=1519/1752)
synthetic_009967/posterior_variance.pt
         232054 100%    9.55MB/s   00:00:00 (xfer#1303, to-check=1520/1752)
synthetic_009968/
synthetic_009968/composite_mean.pt
         232026 100%   18.74MB/s   00:00:00 (xfer#1304, to-check=1522/1752)
synthetic_009968/metadata.json
           1799 100%   24.56MB/s   00:00:00 (xfer#1305, to-check=1523/1752)
synthetic_009968/posterior_mean.pt
         232026 100%    9.04MB/s   00:00:00 (xfer#1306, to-check=1524/1752)
synthetic_009968/posterior_samples.pt
        5013504  20%    9.22MB/s   00:00:02       10649600  43%   10.67MB/s   00:00:01       16285696  66%   10.61MB/s   00:00:00       22052864  89%   10.76MB/s   00:00:00       24657317 100%   10.21MB/s   00:00:02 (xfer#1307, to-check=1525/1752)
synthetic_009968/posterior_std.pt
         232019 100%  247.49MB/s   00:00:00 (xfer#1308, to-check=1526/1752)
synthetic_009968/posterior_variance.pt
         232054 100%   71.15MB/s   00:00:00 (xfer#1309, to-check=1527/1752)
synthetic_009969/
synthetic_009969/composite_mean.pt
         232026 100%   10.04MB/s   00:00:00 (xfer#1310, to-check=1529/1752)
synthetic_009969/metadata.json
           1801 100%   29.17MB/s   00:00:00 (xfer#1311, to-check=1530/1752)
synthetic_009969/posterior_mean.pt
         232026 100%    9.15MB/s   00:00:00 (xfer#1312, to-check=1531/1752)
synthetic_009969/posterior_samples.pt
        5603328  23%   10.43MB/s   00:00:01       11501568  47%   11.16MB/s   00:00:01       17137664  70%   10.56MB/s   00:00:00       22904832  93%   10.77MB/s   00:00:00       24657317 100%   10.61MB/s   00:00:02 (xfer#1313, to-check=1532/1752)
synthetic_009969/posterior_std.pt
         232019 100%  327.83MB/s   00:00:00 (xfer#1314, to-check=1533/1752)
synthetic_009969/posterior_variance.pt
         232054 100%    9.07MB/s   00:00:00 (xfer#1315, to-check=1534/1752)
synthetic_009970/
synthetic_009970/composite_mean.pt
         232026 100%   16.09MB/s   00:00:00 (xfer#1316, to-check=1536/1752)
synthetic_009970/metadata.json
           1800 100%   35.82MB/s   00:00:00 (xfer#1317, to-check=1537/1752)
synthetic_009970/posterior_mean.pt
         232026 100%   12.13MB/s   00:00:00 (xfer#1318, to-check=1538/1752)
synthetic_009970/posterior_samples.pt
        5734400  23%   10.77MB/s   00:00:01       11370496  46%   10.47MB/s   00:00:01       16973824  69%   10.66MB/s   00:00:00       22478848  91%   10.32MB/s   00:00:00       24657317 100%   10.40MB/s   00:00:02 (xfer#1319, to-check=1539/1752)
synthetic_009970/posterior_std.pt
         232019 100%  234.13MB/s   00:00:00 (xfer#1320, to-check=1540/1752)
synthetic_009970/posterior_variance.pt
         232054 100%   15.22MB/s   00:00:00 (xfer#1321, to-check=1541/1752)
synthetic_009971/
synthetic_009971/composite_mean.pt
         232026 100%   11.95MB/s   00:00:00 (xfer#1322, to-check=1543/1752)
synthetic_009971/metadata.json
           1800 100%   28.12MB/s   00:00:00 (xfer#1323, to-check=1544/1752)
synthetic_009971/posterior_mean.pt
         232026 100%   12.45MB/s   00:00:00 (xfer#1324, to-check=1545/1752)
synthetic_009971/posterior_samples.pt
        5472256  22%   10.38MB/s   00:00:01       11010048  45%   10.44MB/s   00:00:01       16515072  67%   10.25MB/s   00:00:00       22315008  91%   11.06MB/s   00:00:00       24657317 100%   10.41MB/s   00:00:02 (xfer#1325, to-check=1546/1752)
synthetic_009971/posterior_std.pt
         232019 100%  260.92MB/s   00:00:00 (xfer#1326, to-check=1547/1752)
synthetic_009971/posterior_variance.pt
         232054 100%    8.71MB/s   00:00:00 (xfer#1327, to-check=1548/1752)
synthetic_009972/
synthetic_009972/composite_mean.pt
         232026 100%   13.18MB/s   00:00:00 (xfer#1328, to-check=1550/1752)
synthetic_009972/metadata.json
           1800 100%   38.92MB/s   00:00:00 (xfer#1329, to-check=1551/1752)
synthetic_009972/posterior_mean.pt
         232026 100%   14.28MB/s   00:00:00 (xfer#1330, to-check=1552/1752)
synthetic_009972/posterior_samples.pt
        5505024  22%   10.43MB/s   00:00:01       10977280  45%   10.43MB/s   00:00:01       16580608  67%   10.58MB/s   00:00:00       22118400  90%   10.49MB/s   00:00:00       24657317 100%   10.14MB/s   00:00:02 (xfer#1331, to-check=1553/1752)
synthetic_009972/posterior_std.pt
         232019 100%   25.24MB/s   00:00:00 (xfer#1332, to-check=1554/1752)
synthetic_009972/posterior_variance.pt
         232054 100%    9.83MB/s   00:00:00 (xfer#1333, to-check=1555/1752)
synthetic_009973/
synthetic_009973/composite_mean.pt
         232026 100%   13.80MB/s   00:00:00 (xfer#1334, to-check=1557/1752)
synthetic_009973/metadata.json
           1799 100%   36.53MB/s   00:00:00 (xfer#1335, to-check=1558/1752)
synthetic_009973/posterior_mean.pt
         232026 100%   12.73MB/s   00:00:00 (xfer#1336, to-check=1559/1752)
synthetic_009973/posterior_samples.pt
        5537792  22%   10.33MB/s   00:00:01       11042816  45%   10.43MB/s   00:00:01       16449536  67%   10.27MB/s   00:00:00       21954560  89%   10.48MB/s   00:00:00       24657317 100%   10.26MB/s   00:00:02 (xfer#1337, to-check=1560/1752)
synthetic_009973/posterior_std.pt
         232019 100%  246.37MB/s   00:00:00 (xfer#1338, to-check=1561/1752)
synthetic_009973/posterior_variance.pt
         232054 100%   26.41MB/s   00:00:00 (xfer#1339, to-check=1562/1752)
synthetic_009974/
synthetic_009974/composite_mean.pt
         232026 100%    7.86MB/s   00:00:00 (xfer#1340, to-check=1564/1752)
synthetic_009974/metadata.json
           1798 100%   38.88MB/s   00:00:00 (xfer#1341, to-check=1565/1752)
synthetic_009974/posterior_mean.pt
         232026 100%   10.27MB/s   00:00:00 (xfer#1342, to-check=1566/1752)
synthetic_009974/posterior_samples.pt
        5570560  23%   10.61MB/s   00:00:01       11075584  45%   10.45MB/s   00:00:01       16678912  68%   10.52MB/s   00:00:00       22216704  90%   10.52MB/s   00:00:00       24657317 100%   10.41MB/s   00:00:02 (xfer#1343, to-check=1567/1752)
synthetic_009974/posterior_std.pt
         232019 100%  260.04MB/s   00:00:00 (xfer#1344, to-check=1568/1752)
synthetic_009974/posterior_variance.pt
         232054 100%   13.29MB/s   00:00:00 (xfer#1345, to-check=1569/1752)
synthetic_009975/
synthetic_009975/composite_mean.pt
         232026 100%   11.13MB/s   00:00:00 (xfer#1346, to-check=1571/1752)
synthetic_009975/metadata.json
           1800 100%   37.31MB/s   00:00:00 (xfer#1347, to-check=1572/1752)
synthetic_009975/posterior_mean.pt
         232026 100%   11.61MB/s   00:00:00 (xfer#1348, to-check=1573/1752)
synthetic_009975/posterior_samples.pt
        5537792  22%   10.48MB/s   00:00:01       11075584  45%   10.52MB/s   00:00:01       16580608  67%   10.49MB/s   00:00:00       22085632  90%   10.36MB/s   00:00:00       24657317 100%   10.35MB/s   00:00:02 (xfer#1349, to-check=1574/1752)
synthetic_009975/posterior_std.pt
         232019 100%  257.01MB/s   00:00:00 (xfer#1350, to-check=1575/1752)
synthetic_009975/posterior_variance.pt
         232054 100%   31.71MB/s   00:00:00 (xfer#1351, to-check=1576/1752)
synthetic_009976/
synthetic_009976/composite_mean.pt
         232026 100%    7.78MB/s   00:00:00 (xfer#1352, to-check=1578/1752)
synthetic_009976/metadata.json
           1800 100%   41.86MB/s   00:00:00 (xfer#1353, to-check=1579/1752)
synthetic_009976/posterior_mean.pt
         232026 100%   11.44MB/s   00:00:00 (xfer#1354, to-check=1580/1752)
synthetic_009976/posterior_samples.pt
        5603328  23%   10.59MB/s   00:00:01       11108352  45%   10.50MB/s   00:00:01       16678912  68%   10.59MB/s   00:00:00       22216704  90%   10.49MB/s   00:00:00       24657317 100%   10.43MB/s   00:00:02 (xfer#1355, to-check=1581/1752)
synthetic_009976/posterior_std.pt
         232019 100%  246.63MB/s   00:00:00 (xfer#1356, to-check=1582/1752)
synthetic_009976/posterior_variance.pt
         232054 100%   12.94MB/s   00:00:00 (xfer#1357, to-check=1583/1752)
synthetic_009977/
synthetic_009977/composite_mean.pt
         232026 100%   11.01MB/s   00:00:00 (xfer#1358, to-check=1585/1752)
synthetic_009977/metadata.json
           1800 100%   39.78MB/s   00:00:00 (xfer#1359, to-check=1586/1752)
synthetic_009977/posterior_mean.pt
         232026 100%   11.63MB/s   00:00:00 (xfer#1360, to-check=1587/1752)
synthetic_009977/posterior_samples.pt
        5537792  22%   10.51MB/s   00:00:01       11141120  45%   10.52MB/s   00:00:01       16711680  68%   10.52MB/s   00:00:00       20086784  81%    5.18MB/s   00:00:00       22347776  91%    4.22MB/s   00:00:00       24657317 100%    8.15MB/s   00:00:02 (xfer#1361, to-check=1588/1752)
synthetic_009977/posterior_std.pt
         232019 100%  247.49MB/s   00:00:00 (xfer#1362, to-check=1589/1752)
synthetic_009977/posterior_variance.pt
         232054 100%   18.79MB/s   00:00:00 (xfer#1363, to-check=1590/1752)
synthetic_009978/
synthetic_009978/composite_mean.pt
         232026 100%   11.09MB/s   00:00:00 (xfer#1364, to-check=1592/1752)
synthetic_009978/metadata.json
           1800 100%   27.69MB/s   00:00:00 (xfer#1365, to-check=1593/1752)
synthetic_009978/posterior_mean.pt
         232026 100%   20.99MB/s   00:00:00 (xfer#1366, to-check=1594/1752)
synthetic_009978/posterior_samples.pt
        5144576  21%    6.29MB/s   00:00:02       10452992  42%   10.03MB/s   00:00:01       16056320  65%   10.49MB/s   00:00:00       21823488  89%   10.73MB/s   00:00:00       24657317 100%    9.12MB/s   00:00:02 (xfer#1367, to-check=1595/1752)
synthetic_009978/posterior_std.pt
         232019 100%  306.09MB/s   00:00:00 (xfer#1368, to-check=1596/1752)
synthetic_009978/posterior_variance.pt
         232054 100%   12.53MB/s   00:00:00 (xfer#1369, to-check=1597/1752)
synthetic_009979/
synthetic_009979/composite_mean.pt
         232026 100%    9.14MB/s   00:00:00 (xfer#1370, to-check=1599/1752)
synthetic_009979/metadata.json
           1801 100%   29.52MB/s   00:00:00 (xfer#1371, to-check=1600/1752)
synthetic_009979/posterior_mean.pt
         232026 100%   19.55MB/s   00:00:00 (xfer#1372, to-check=1601/1752)
synthetic_009979/posterior_samples.pt
        5275648  21%   10.03MB/s   00:00:01        7766016  31%    4.71MB/s   00:00:03       12877824  52%    9.71MB/s   00:00:01       17727488  72%    9.25MB/s   00:00:00       23199744  94%   10.37MB/s   00:00:00       24657317 100%    8.78MB/s   00:00:02 (xfer#1373, to-check=1602/1752)
synthetic_009979/posterior_std.pt
         232019 100%  236.94MB/s   00:00:00 (xfer#1374, to-check=1603/1752)
synthetic_009979/posterior_variance.pt
         232054 100%  251.21MB/s   00:00:00 (xfer#1375, to-check=1604/1752)
synthetic_009980/
synthetic_009980/composite_mean.pt
         232026 100%    9.71MB/s   00:00:00 (xfer#1376, to-check=1606/1752)
synthetic_009980/metadata.json
           1799 100%   27.68MB/s   00:00:00 (xfer#1377, to-check=1607/1752)
synthetic_009980/posterior_mean.pt
         232026 100%   12.06MB/s   00:00:00 (xfer#1378, to-check=1608/1752)
synthetic_009980/posterior_samples.pt
        5636096  23%   10.69MB/s   00:00:01       11272192  46%   10.62MB/s   00:00:01       16908288  69%   10.66MB/s   00:00:00       22544384  91%   10.63MB/s   00:00:00       24657317 100%   10.51MB/s   00:00:02 (xfer#1379, to-check=1609/1752)
synthetic_009980/posterior_std.pt
         232019 100%  393.09MB/s   00:00:00 (xfer#1380, to-check=1610/1752)
synthetic_009980/posterior_variance.pt
         232054 100%   11.82MB/s   00:00:00 (xfer#1381, to-check=1611/1752)
synthetic_009981/
synthetic_009981/composite_mean.pt
         232026 100%   19.50MB/s   00:00:00 (xfer#1382, to-check=1613/1752)
synthetic_009981/metadata.json
           1801 100%   40.02MB/s   00:00:00 (xfer#1383, to-check=1614/1752)
synthetic_009981/posterior_mean.pt
         232026 100%    7.75MB/s   00:00:00 (xfer#1384, to-check=1615/1752)
synthetic_009981/posterior_samples.pt
        5636096  23%   10.72MB/s   00:00:01       11272192  46%   10.66MB/s   00:00:01       16908288  69%   10.67MB/s   00:00:00       22544384  91%   10.70MB/s   00:00:00       24657317 100%   10.57MB/s   00:00:02 (xfer#1385, to-check=1616/1752)
synthetic_009981/posterior_std.pt
         232019 100%  268.15MB/s   00:00:00 (xfer#1386, to-check=1617/1752)
synthetic_009981/posterior_variance.pt
         232054 100%   13.34MB/s   00:00:00 (xfer#1387, to-check=1618/1752)
synthetic_009982/
synthetic_009982/composite_mean.pt
         232026 100%   16.96MB/s   00:00:00 (xfer#1388, to-check=1620/1752)
synthetic_009982/metadata.json
           1800 100%   26.77MB/s   00:00:00 (xfer#1389, to-check=1621/1752)
synthetic_009982/posterior_mean.pt
         232026 100%    9.34MB/s   00:00:00 (xfer#1390, to-check=1622/1752)
synthetic_009982/posterior_samples.pt
        5636096  23%   10.66MB/s   00:00:01       11272192  46%   10.73MB/s   00:00:01       16777216  68%   10.20MB/s   00:00:00       22151168  90%   10.21MB/s   00:00:00       24657317 100%   10.35MB/s   00:00:02 (xfer#1391, to-check=1623/1752)
synthetic_009982/posterior_std.pt
         232019 100%  334.80MB/s   00:00:00 (xfer#1392, to-check=1624/1752)
synthetic_009982/posterior_variance.pt
         232054 100%   12.65MB/s   00:00:00 (xfer#1393, to-check=1625/1752)
synthetic_009983/
synthetic_009983/composite_mean.pt
         232026 100%   12.85MB/s   00:00:00 (xfer#1394, to-check=1627/1752)
synthetic_009983/metadata.json
           1800 100%   34.95MB/s   00:00:00 (xfer#1395, to-check=1628/1752)
synthetic_009983/posterior_mean.pt
         232026 100%    9.91MB/s   00:00:00 (xfer#1396, to-check=1629/1752)
synthetic_009983/posterior_samples.pt
        5668864  23%   10.55MB/s   00:00:01       11304960  46%   10.33MB/s   00:00:01       16809984  68%   10.34MB/s   00:00:00       22183936  90%   10.04MB/s   00:00:00       24657317 100%   10.12MB/s   00:00:02 (xfer#1397, to-check=1630/1752)
synthetic_009983/posterior_std.pt
         232019 100%  326.44MB/s   00:00:00 (xfer#1398, to-check=1631/1752)
synthetic_009983/posterior_variance.pt
         232054 100%   47.56MB/s   00:00:00 (xfer#1399, to-check=1632/1752)
synthetic_009984/
synthetic_009984/composite_mean.pt
         232026 100%    8.37MB/s   00:00:00 (xfer#1400, to-check=1634/1752)
synthetic_009984/metadata.json
           1800 100%   30.64MB/s   00:00:00 (xfer#1401, to-check=1635/1752)
synthetic_009984/posterior_mean.pt
         232026 100%    9.93MB/s   00:00:00 (xfer#1402, to-check=1636/1752)
synthetic_009984/posterior_samples.pt
        5505024  22%   10.39MB/s   00:00:01       11272192  46%   10.74MB/s   00:00:01       16908288  69%   10.61MB/s   00:00:00       22544384  91%   10.74MB/s   00:00:00       24657317 100%   10.50MB/s   00:00:02 (xfer#1403, to-check=1637/1752)
synthetic_009984/posterior_std.pt
         232019 100%  429.66MB/s   00:00:00 (xfer#1404, to-check=1638/1752)
synthetic_009984/posterior_variance.pt
         232054 100%   14.50MB/s   00:00:00 (xfer#1405, to-check=1639/1752)
synthetic_009985/
synthetic_009985/composite_mean.pt
         232026 100%   18.01MB/s   00:00:00 (xfer#1406, to-check=1641/1752)
synthetic_009985/metadata.json
           1799 100%   41.84MB/s   00:00:00 (xfer#1407, to-check=1642/1752)
synthetic_009985/posterior_mean.pt
         232026 100%    7.64MB/s   00:00:00 (xfer#1408, to-check=1643/1752)
synthetic_009985/posterior_samples.pt
        5668864  23%   10.80MB/s   00:00:01       11304960  46%   10.59MB/s   00:00:01       16416768  67%    9.73MB/s   00:00:00       21135360  86%    8.97MB/s   00:00:00       24657317 100%    9.78MB/s   00:00:02 (xfer#1409, to-check=1644/1752)
synthetic_009985/posterior_std.pt
         232019 100%  242.89MB/s   00:00:00 (xfer#1410, to-check=1645/1752)
synthetic_009985/posterior_variance.pt
         232054 100%  280.43MB/s   00:00:00 (xfer#1411, to-check=1646/1752)
synthetic_009986/
synthetic_009986/composite_mean.pt
         232026 100%    9.40MB/s   00:00:00 (xfer#1412, to-check=1648/1752)
synthetic_009986/metadata.json
           1800 100%   24.91MB/s   00:00:00 (xfer#1413, to-check=1649/1752)
synthetic_009986/posterior_mean.pt
         232026 100%   11.27MB/s   00:00:00 (xfer#1414, to-check=1650/1752)
synthetic_009986/posterior_samples.pt
        5767168  23%   10.73MB/s   00:00:01       11403264  46%   10.67MB/s   00:00:01       17039360  69%   10.67MB/s   00:00:00       22806528  92%   10.69MB/s   00:00:00       24657317 100%   10.57MB/s   00:00:02 (xfer#1415, to-check=1651/1752)
synthetic_009986/posterior_std.pt
         232019 100%  259.09MB/s   00:00:00 (xfer#1416, to-check=1652/1752)
synthetic_009986/posterior_variance.pt
         232054 100%   12.54MB/s   00:00:00 (xfer#1417, to-check=1653/1752)
synthetic_009987/
synthetic_009987/composite_mean.pt
         232026 100%   23.26MB/s   00:00:00 (xfer#1418, to-check=1655/1752)
synthetic_009987/metadata.json
           1799 100%   31.15MB/s   00:00:00 (xfer#1419, to-check=1656/1752)
synthetic_009987/posterior_mean.pt
         232026 100%    8.82MB/s   00:00:00 (xfer#1420, to-check=1657/1752)
synthetic_009987/posterior_samples.pt
        5734400  23%   10.69MB/s   00:00:01       11436032  46%   10.87MB/s   00:00:01       17006592  69%   10.52MB/s   00:00:00       22773760  92%   10.85MB/s   00:00:00       24657317 100%   10.59MB/s   00:00:02 (xfer#1421, to-check=1658/1752)
synthetic_009987/posterior_std.pt
         232019 100%  264.64MB/s   00:00:00 (xfer#1422, to-check=1659/1752)
synthetic_009987/posterior_variance.pt
         232054 100%   15.95MB/s   00:00:00 (xfer#1423, to-check=1660/1752)
synthetic_009988/
synthetic_009988/composite_mean.pt
         232026 100%   17.75MB/s   00:00:00 (xfer#1424, to-check=1662/1752)
synthetic_009988/metadata.json
           1801 100%   38.94MB/s   00:00:00 (xfer#1425, to-check=1663/1752)
synthetic_009988/posterior_mean.pt
         232026 100%    7.70MB/s   00:00:00 (xfer#1426, to-check=1664/1752)
synthetic_009988/posterior_samples.pt
        5668864  23%   10.81MB/s   00:00:01       11272192  46%   10.61MB/s   00:00:01       16842752  68%   10.58MB/s   00:00:00       22446080  91%   10.56MB/s   00:00:00       24657317 100%   10.47MB/s   00:00:02 (xfer#1427, to-check=1665/1752)
synthetic_009988/posterior_std.pt
         232019 100%  238.40MB/s   00:00:00 (xfer#1428, to-check=1666/1752)
synthetic_009988/posterior_variance.pt
         232054 100%   23.08MB/s   00:00:00 (xfer#1429, to-check=1667/1752)
synthetic_009989/
synthetic_009989/composite_mean.pt
         232026 100%   11.15MB/s   00:00:00 (xfer#1430, to-check=1669/1752)
synthetic_009989/metadata.json
           1799 100%   39.98MB/s   00:00:00 (xfer#1431, to-check=1670/1752)
synthetic_009989/posterior_mean.pt
         232026 100%    8.54MB/s   00:00:00 (xfer#1432, to-check=1671/1752)
synthetic_009989/posterior_samples.pt
        5537792  22%   10.54MB/s   00:00:01       11042816  45%   10.43MB/s   00:00:01       16482304  67%   10.36MB/s   00:00:00       21987328  89%   10.46MB/s   00:00:00       24657317 100%   10.30MB/s   00:00:02 (xfer#1433, to-check=1672/1752)
synthetic_009989/posterior_std.pt
         232019 100%  252.88MB/s   00:00:00 (xfer#1434, to-check=1673/1752)
synthetic_009989/posterior_variance.pt
         232054 100%   27.05MB/s   00:00:00 (xfer#1435, to-check=1674/1752)
synthetic_009990/
synthetic_009990/composite_mean.pt
         232026 100%   11.20MB/s   00:00:00 (xfer#1436, to-check=1676/1752)
synthetic_009990/metadata.json
           1799 100%   39.98MB/s   00:00:00 (xfer#1437, to-check=1677/1752)
synthetic_009990/posterior_mean.pt
         232026 100%   12.01MB/s   00:00:00 (xfer#1438, to-check=1678/1752)
synthetic_009990/posterior_samples.pt
        5537792  22%   10.45MB/s   00:00:01       10944512  44%   10.27MB/s   00:00:01       16351232  66%   10.26MB/s   00:00:00       21889024  89%   10.56MB/s   00:00:00       24657317 100%   10.28MB/s   00:00:02 (xfer#1439, to-check=1679/1752)
synthetic_009990/posterior_std.pt
         232019 100%  264.03MB/s   00:00:00 (xfer#1440, to-check=1680/1752)
synthetic_009990/posterior_variance.pt
         232054 100%   10.72MB/s   00:00:00 (xfer#1441, to-check=1681/1752)
synthetic_009991/
synthetic_009991/composite_mean.pt
         232026 100%   16.64MB/s   00:00:00 (xfer#1442, to-check=1683/1752)
synthetic_009991/metadata.json
           1799 100%   39.11MB/s   00:00:00 (xfer#1443, to-check=1684/1752)
synthetic_009991/posterior_mean.pt
         232026 100%   11.47MB/s   00:00:00 (xfer#1444, to-check=1685/1752)
synthetic_009991/posterior_samples.pt
        5439488  22%   10.36MB/s   00:00:01       10616832  43%    9.56MB/s   00:00:01       15728640  64%    9.62MB/s   00:00:00       20971520  85%    9.97MB/s   00:00:00       24657317 100%    9.73MB/s   00:00:02 (xfer#1445, to-check=1686/1752)
synthetic_009991/posterior_std.pt
         232019 100%  250.02MB/s   00:00:00 (xfer#1446, to-check=1687/1752)
synthetic_009991/posterior_variance.pt
         232054 100%   17.62MB/s   00:00:00 (xfer#1447, to-check=1688/1752)
synthetic_009992/
synthetic_009992/composite_mean.pt
         232026 100%    9.59MB/s   00:00:00 (xfer#1448, to-check=1690/1752)
synthetic_009992/metadata.json
           1800 100%   33.03MB/s   00:00:00 (xfer#1449, to-check=1691/1752)
synthetic_009992/posterior_mean.pt
         232026 100%    8.88MB/s   00:00:00 (xfer#1450, to-check=1692/1752)
synthetic_009992/posterior_samples.pt
        5144576  21%    9.81MB/s   00:00:01       10321920  42%    9.83MB/s   00:00:01       15499264  63%    9.81MB/s   00:00:00       20938752  85%   10.21MB/s   00:00:00       24657317 100%    9.89MB/s   00:00:02 (xfer#1451, to-check=1693/1752)
synthetic_009992/posterior_std.pt
         232019 100%  266.92MB/s   00:00:00 (xfer#1452, to-check=1694/1752)
synthetic_009992/posterior_variance.pt
         232054 100%   15.24MB/s   00:00:00 (xfer#1453, to-check=1695/1752)
synthetic_009993/
synthetic_009993/composite_mean.pt
         232026 100%   13.12MB/s   00:00:00 (xfer#1454, to-check=1697/1752)
synthetic_009993/metadata.json
           1801 100%   41.88MB/s   00:00:00 (xfer#1455, to-check=1698/1752)
synthetic_009993/posterior_mean.pt
         232026 100%    6.64MB/s   00:00:00 (xfer#1456, to-check=1699/1752)
synthetic_009993/posterior_samples.pt
        4653056  19%    8.79MB/s   00:00:02       10289152  42%   10.59MB/s   00:00:01       15859712  64%   10.26MB/s   00:00:00       21561344  87%   10.87MB/s   00:00:00       24657317 100%   10.08MB/s   00:00:02 (xfer#1457, to-check=1700/1752)
synthetic_009993/posterior_std.pt
         232019 100%   56.52MB/s   00:00:00 (xfer#1458, to-check=1701/1752)
synthetic_009993/posterior_variance.pt
         232054 100%   18.08MB/s   00:00:00 (xfer#1459, to-check=1702/1752)
synthetic_009994/
synthetic_009994/composite_mean.pt
         232026 100%   10.43MB/s   00:00:00 (xfer#1460, to-check=1704/1752)
synthetic_009994/metadata.json
           1801 100%   16.37MB/s   00:00:00 (xfer#1461, to-check=1705/1752)
synthetic_009994/posterior_mean.pt
         232026 100%    7.62MB/s   00:00:00 (xfer#1462, to-check=1706/1752)
synthetic_009994/posterior_samples.pt
        5636096  23%   10.52MB/s   00:00:01       11272192  46%   10.55MB/s   00:00:01       16646144  68%   10.15MB/s   00:00:00       21987328  89%   10.11MB/s   00:00:00       24657317 100%   10.26MB/s   00:00:02 (xfer#1463, to-check=1707/1752)
synthetic_009994/posterior_std.pt
         232019 100%  100.57MB/s   00:00:00 (xfer#1464, to-check=1708/1752)
synthetic_009994/posterior_variance.pt
         232054 100%   10.61MB/s   00:00:00 (xfer#1465, to-check=1709/1752)
synthetic_009995/
synthetic_009995/composite_mean.pt
         232026 100%    9.95MB/s   00:00:00 (xfer#1466, to-check=1711/1752)
synthetic_009995/metadata.json
           1798 100%   16.65MB/s   00:00:00 (xfer#1467, to-check=1712/1752)
synthetic_009995/posterior_mean.pt
         232026 100%   11.52MB/s   00:00:00 (xfer#1468, to-check=1713/1752)
synthetic_009995/posterior_samples.pt
        5406720  22%   10.11MB/s   00:00:01       10911744  44%   10.41MB/s   00:00:01       16384000  66%   10.33MB/s   00:00:00       21889024  89%   10.50MB/s   00:00:00       24657317 100%   10.22MB/s   00:00:02 (xfer#1469, to-check=1714/1752)
synthetic_009995/posterior_std.pt
         232019 100%  229.32MB/s   00:00:00 (xfer#1470, to-check=1715/1752)
synthetic_009995/posterior_variance.pt
         232054 100%   17.03MB/s   00:00:00 (xfer#1471, to-check=1716/1752)
synthetic_009996/
synthetic_009996/composite_mean.pt
         232026 100%    9.22MB/s   00:00:00 (xfer#1472, to-check=1718/1752)
synthetic_009996/metadata.json
           1801 100%   14.82MB/s   00:00:00 (xfer#1473, to-check=1719/1752)
synthetic_009996/posterior_mean.pt
         232026 100%    8.99MB/s   00:00:00 (xfer#1474, to-check=1720/1752)
synthetic_009996/posterior_samples.pt
        5570560  23%   10.61MB/s   00:00:01       10813440  44%    9.84MB/s   00:00:01       16187392  66%   10.25MB/s   00:00:00       21594112  88%   10.26MB/s   00:00:00       24657317 100%   10.14MB/s   00:00:02 (xfer#1475, to-check=1721/1752)
synthetic_009996/posterior_std.pt
         232019 100%  255.18MB/s   00:00:00 (xfer#1476, to-check=1722/1752)
synthetic_009996/posterior_variance.pt
         232054 100%    8.67MB/s   00:00:00 (xfer#1477, to-check=1723/1752)
synthetic_009997/
synthetic_009997/composite_mean.pt
         232026 100%   21.57MB/s   00:00:00 (xfer#1478, to-check=1725/1752)
synthetic_009997/metadata.json
           1801 100%   30.79MB/s   00:00:00 (xfer#1479, to-check=1726/1752)
synthetic_009997/posterior_mean.pt
         232026 100%   12.17MB/s   00:00:00 (xfer#1480, to-check=1727/1752)
synthetic_009997/posterior_samples.pt
        5406720  22%   10.29MB/s   00:00:01       11010048  45%   10.54MB/s   00:00:01       16547840  67%   10.56MB/s   00:00:00       21954560  89%   10.21MB/s   00:00:00       24657317 100%   10.26MB/s   00:00:02 (xfer#1481, to-check=1728/1752)
synthetic_009997/posterior_std.pt
         232019 100%  249.48MB/s   00:00:00 (xfer#1482, to-check=1729/1752)
synthetic_009997/posterior_variance.pt
         232054 100%   39.71MB/s   00:00:00 (xfer#1483, to-check=1730/1752)
synthetic_009998/
synthetic_009998/composite_mean.pt
         232026 100%    8.13MB/s   00:00:00 (xfer#1484, to-check=1732/1752)
synthetic_009998/metadata.json
           1800 100%   38.92MB/s   00:00:00 (xfer#1485, to-check=1733/1752)
synthetic_009998/posterior_mean.pt
         232026 100%   11.82MB/s   00:00:00 (xfer#1486, to-check=1734/1752)
synthetic_009998/posterior_samples.pt
        5570560  23%   10.53MB/s   00:00:01       11042816  45%   10.36MB/s   00:00:01       13926400  56%    4.20MB/s   00:00:02       17367040  70%    6.48MB/s   00:00:01       23003136  93%   10.72MB/s   00:00:00       24657317 100%    8.29MB/s   00:00:02 (xfer#1487, to-check=1735/1752)
synthetic_009998/posterior_std.pt
         232019 100%  289.30MB/s   00:00:00 (xfer#1488, to-check=1736/1752)
synthetic_009998/posterior_variance.pt
         232054 100%   12.43MB/s   00:00:00 (xfer#1489, to-check=1737/1752)
synthetic_009999/
synthetic_009999/composite_mean.pt
         232026 100%    8.52MB/s   00:00:00 (xfer#1490, to-check=1739/1752)
synthetic_009999/metadata.json
           1800 100%   23.84MB/s   00:00:00 (xfer#1491, to-check=1740/1752)
synthetic_009999/posterior_mean.pt
         232026 100%   24.91MB/s   00:00:00 (xfer#1492, to-check=1741/1752)
synthetic_009999/posterior_samples.pt
        5537792  22%   10.42MB/s   00:00:01       11239424  46%   10.86MB/s   00:00:01       16941056  69%   10.71MB/s   00:00:00       22675456  92%   10.81MB/s   00:00:00       24657317 100%   10.57MB/s   00:00:02 (xfer#1493, to-check=1742/1752)
synthetic_009999/posterior_std.pt
         232019 100%  254.62MB/s   00:00:00 (xfer#1494, to-check=1743/1752)
synthetic_009999/posterior_variance.pt
         232054 100%   15.33MB/s   00:00:00 (xfer#1495, to-check=1744/1752)
synthetic_010000/
synthetic_010000/composite_mean.pt
         232026 100%   10.68MB/s   00:00:00 (xfer#1496, to-check=1746/1752)
synthetic_010000/metadata.json
           1798 100%   13.39MB/s   00:00:00 (xfer#1497, to-check=1747/1752)
synthetic_010000/posterior_mean.pt
         232026 100%   13.22MB/s   00:00:00 (xfer#1498, to-check=1748/1752)
synthetic_010000/posterior_samples.pt
        5570560  23%   10.45MB/s   00:00:01       11206656  45%   10.75MB/s   00:00:01       16777216  68%   10.50MB/s   00:00:00       22380544  91%   10.55MB/s   00:00:00       24657317 100%   10.44MB/s   00:00:02 (xfer#1499, to-check=1749/1752)
synthetic_010000/posterior_std.pt
         232019 100%  237.91MB/s   00:00:00 (xfer#1500, to-check=1750/1752)
synthetic_010000/posterior_variance.pt
         232054 100%   18.09MB/s   00:00:00 (xfer#1501, to-check=1751/1752)

sent 6398M bytes  received 34548 bytes  8067k bytes/sec
total size is 6397M  speedup is 1.00
Transfer starting: 2 files
batch_0040_external_evaluation_manifest.csv
batch_0040_manifest.csv

sent 92969 bytes  received 64 bytes  376k bytes/sec
total size is 92700  speedup is 1.00
Transfer starting: 2 files
br_lora_batch_0040_mac_sha256.txt
br_lora_batch_0040_production_audit.json

sent 156k bytes  received 64 bytes  461k bytes/sec
total size is 156k  speedup is 1.00

===== FALCON TRANSFER VERIFICATION =====
Case directories : 250
Files checksummed: 1501
Mac/Falcon SHA256: IDENTICAL

==============================================================================
BR-LoRA FALCON BATCH ACCEPTANCE
==============================================================================

Batch                    : batch_0040
Batch directory          : /scratch/bhanug/br_lora_library/batches/batch_0040
Current master           : /scratch/bhanug/br_lora_library/manifests/br_lora_library_manifest.csv

===== TRANSFER CHECK =====
Files                    : 1501
Mac/Falcon SHA-256       : IDENTICAL

===== MAC PRODUCTION AUDIT =====
Status                   : PASS
Cases                    : 250
Posterior samples        : 100
Evaluation seed          : 42
Execution manifest hash  : MATCH

===== MASTER PRE-STATE =====
Rows                     : 9750
Library IDs              : synthetic_000001 to synthetic_009750
Current master SHA-256   : 849b946dc03320babbd498db5dbe584a3087f8b581761721d3bb088fae2d02ff

==============================================================================
BATCH ACCEPTANCE: PASS
==============================================================================

Accepted batch           : batch_0040
Accepted cases           : 250
Master rows before       : 9750
Master rows after        : 10000
Library IDs              : synthetic_000001 to synthetic_010000
Unique pair keys         : 10000
Unique donor slices      : 10000
Unique external bases    : 8145
Master SHA-256           : 3bbfb9468f5e32871e648d311a920999cd2fc9c40e5e5d822d13d129835228bd
Acceptance audit         : /scratch/bhanug/br_lora_library/audits/br_lora_batch_0040_acceptance.json
Pre-promotion snapshot   : /scratch/bhanug/br_lora_library/manifests/br_lora_library_manifest_09750_pre_batch_0040.csv

SAFE TO DELETE LOCAL MAC BATCH AFTER THIS PASS.

==============================================================================
BR-LoRA FROZEN LIBRARY PIPELINE
==============================================================================

Batch                    : batch_0040
Frozen design            : /Users/bhanugarg/Desktop/localized-medical-image-synthesis/downstream_evaluation/manifests/br_lora_library_design_10000/batches/batch_0040_manifest.csv
Local staging            : /Users/bhanugarg/archive/br_lora_library_staging/batch_0040
Falcon library           : /scratch/bhanug/br_lora_library
Falcon acceptance        : True
Cleanup                  : True

==============================================================================
STAGE 1 — LOCAL GENERATION + PRODUCTION AUDIT
==============================================================================

/opt/anaconda3/envs/brats-nnunet/bin/python /Users/bhanugarg/Desktop/localized-medical-image-synthesis/scripts/run_br_lora_library_batch.py --batch batch_0040


==============================================================================
STAGE 2 — PREPARE FALCON BATCH DESTINATION
==============================================================================

ssh falcon bash -s


==============================================================================
STAGE 2 — TRANSFER BATCH TO FALCON
==============================================================================

rsync -avh --partial --progress --inplace /Users/bhanugarg/archive/br_lora_library_staging/batch_0040/ falcon:/scratch/bhanug/br_lora_library/batches/batch_0040/


==============================================================================
STAGE 3 — TRANSFER MANIFESTS
==============================================================================

rsync -avh --partial /Users/bhanugarg/Desktop/localized-medical-image-synthesis/downstream_evaluation/manifests/br_lora_library_design_10000/batches/batch_0040_manifest.csv /Users/bhanugarg/Desktop/localized-medical-image-synthesis/downstream_evaluation/manifests/br_lora_library_design_10000/batches/batch_0040_external_evaluation_manifest.csv falcon:/scratch/bhanug/br_lora_library/manifests/


==============================================================================
STAGE 3 — TRANSFER AUDIT RECORDS
==============================================================================

rsync -avh --partial /Users/bhanugarg/archive/br_lora_library_staging/br_lora_batch_0040_production_audit.json /Users/bhanugarg/archive/br_lora_library_staging/br_lora_batch_0040_mac_sha256.txt falcon:/scratch/bhanug/br_lora_library/audits/


==============================================================================
STAGE 4 — FALCON SHA-256 VERIFICATION
==============================================================================

ssh falcon bash -s


==============================================================================
STAGE 5 — FALCON ACCEPTANCE
==============================================================================

ssh falcon bash -s


==============================================================================
LOCAL CLEANUP COMPLETE
==============================================================================

Deleted: /Users/bhanugarg/archive/br_lora_library_staging/batch_0040

==============================================================================
PIPELINE STAGE COMPLETE
==============================================================================

Batch                    : batch_0040
Local production         : PASS
Transfer                 : PASS
Mac/Falcon SHA-256       : IDENTICAL
Falcon acceptance        : PASS
Local cleanup            : COMPLETE

============================================================
COMPLETED: batch_0040
Finished: Sun Aug 16 02:21:03 EDT 2026
============================================================
