============================================================
BR-LoRA PIPELINE: batch_0034
Started: Sun Aug 16 00:23:14 EDT 2026
============================================================


==============================================================================
BR-LoRA EXTERNAL EVALUATION CONSTRUCTION
==============================================================================

Evaluation
------------------------------------------------------------------------------
Evaluation name          : br_lora_external_evaluation
Checkpoint               : /Users/bhanugarg/Desktop/localized-medical-image-synthesis/checkpoints/br_lora_full_train/final.pt
Device                   : mps
Seed                     : 42
Posterior realizations   : 100
Fixed diffusion noise    : True
Timestep fraction        : 0.75
Resume mode              : False

External dataset
------------------------------------------------------------------------------
Specification            : /Users/bhanugarg/archive/BraTS2020_ValidationData/MICCAI_BraTS2020_ValidationData/validation_dataset.yaml
Dataset root             : /Users/bhanugarg/archive/BraTS2020_ValidationData/MICCAI_BraTS2020_ValidationData
Registered subjects      : 125

Evaluation manifest
------------------------------------------------------------------------------
Manifest                 : /Users/bhanugarg/Desktop/localized-medical-image-synthesis/downstream_evaluation/manifests/br_lora_library_design_10000/batches/batch_0034_external_evaluation_manifest.csv
Cases                    : 250

BR-LoRA
------------------------------------------------------------------------------
Variational modules      : 7
Variational parameters   : 36,104
Donor image channel      : 0

Provenance
------------------------------------------------------------------------------
Git commit               : 35f169f8d879ca3e8fff921419a96451e704ba28
Future output directory  : /Users/bhanugarg/archive/br_lora_library_staging/batch_0034

==============================================================================
CONSTRUCTION VERDICT: PASS
The fitted BR-LoRA checkpoint, registered external dataset, fixed evaluation manifest, and diffusion schedule were constructed successfully.
==============================================================================

==============================================================================
RUNNING EXTERNAL POSTERIOR INFERENCE
==============================================================================

[1/250] synthetic_008251
  Case seed              : 1689146983
  External subject       : BraTS20_Validation_103
  External slice         : 61
  Donor mask pixels      : 2278
  Posterior stack        : (100, 1, 1, 240, 240)
  Case output            : /Users/bhanugarg/archive/br_lora_library_staging/batch_0034/synthetic_008251
  Verdict                : PASS

[2/250] synthetic_008252
  Case seed              : 2095434119
  External subject       : BraTS20_Validation_103
  External slice         : 62
  Donor mask pixels      : 844
  Posterior stack        : (100, 1, 1, 240, 240)
  Case output            : /Users/bhanugarg/archive/br_lora_library_staging/batch_0034/synthetic_008252
  Verdict                : PASS

[3/250] synthetic_008253
  Case seed              : 1793946981
  External subject       : BraTS20_Validation_103
  External slice         : 63
  Donor mask pixels      : 2199
  Posterior stack        : (100, 1, 1, 240, 240)
  Case output            : /Users/bhanugarg/archive/br_lora_library_staging/batch_0034/synthetic_008253
  Verdict                : PASS

[4/250] synthetic_008254
  Case seed              : 893200706
  External subject       : BraTS20_Validation_103
  External slice         : 64
  Donor mask pixels      : 1109
  Posterior stack        : (100, 1, 1, 240, 240)
  Case output            : /Users/bhanugarg/archive/br_lora_library_staging/batch_0034/synthetic_008254
  Verdict                : PASS

[5/250] synthetic_008255
  Case seed              : 1758601767
  External subject       : BraTS20_Validation_103
  External slice         : 65
  Donor mask pixels      : 4135
  Posterior stack        : (100, 1, 1, 240, 240)
  Case output            : /Users/bhanugarg/archive/br_lora_library_staging/batch_0034/synthetic_008255
  Verdict                : PASS

[6/250] synthetic_008256
  Case seed              : 1351711866
  External subject       : BraTS20_Validation_103
  External slice         : 66
  Donor mask pixels      : 3071
  Posterior stack        : (100, 1, 1, 240, 240)
  Case output            : /Users/bhanugarg/archive/br_lora_library_staging/batch_0034/synthetic_008256
  Verdict                : PASS

[7/250] synthetic_008257
  Case seed              : 1451198476
  External subject       : BraTS20_Validation_103
  External slice         : 67
  Donor mask pixels      : 2897
  Posterior stack        : (100, 1, 1, 240, 240)
  Case output            : /Users/bhanugarg/archive/br_lora_library_staging/batch_0034/synthetic_008257
  Verdict                : PASS

[8/250] synthetic_008258
  Case seed              : 2067143553
  External subject       : BraTS20_Validation_103
  External slice         : 68
  Donor mask pixels      : 2250
  Posterior stack        : (100, 1, 1, 240, 240)
  Case output            : /Users/bhanugarg/archive/br_lora_library_staging/batch_0034/synthetic_008258
  Verdict                : PASS

[9/250] synthetic_008259
  Case seed              : 348631935
  External subject       : BraTS20_Validation_103
  External slice         : 69
  Donor mask pixels      : 2529
  Posterior stack        : (100, 1, 1, 240, 240)
  Case output            : /Users/bhanugarg/archive/br_lora_library_staging/batch_0034/synthetic_008259
  Verdict                : PASS

[10/250] synthetic_008260
  Case seed              : 1256804858
  External subject       : BraTS20_Validation_103
  External slice         : 70
  Donor mask pixels      : 3680
  Posterior stack        : (100, 1, 1, 240, 240)
  Case output            : /Users/bhanugarg/archive/br_lora_library_staging/batch_0034/synthetic_008260
  Verdict                : PASS

[11/250] synthetic_008261
  Case seed              : 866280360
  External subject       : BraTS20_Validation_103
  External slice         : 71
  Donor mask pixels      : 1988
  Posterior stack        : (100, 1, 1, 240, 240)
  Case output            : /Users/bhanugarg/archive/br_lora_library_staging/batch_0034/synthetic_008261
  Verdict                : PASS

[12/250] synthetic_008262
  Case seed              : 102648041
  External subject       : BraTS20_Validation_103
  External slice         : 72
  Donor mask pixels      : 4093
  Posterior stack        : (100, 1, 1, 240, 240)
  Case output            : /Users/bhanugarg/archive/br_lora_library_staging/batch_0034/synthetic_008262
  Verdict                : PASS

[13/250] synthetic_008263
  Case seed              : 776497830
  External subject       : BraTS20_Validation_103
  External slice         : 73
  Donor mask pixels      : 3343
  Posterior stack        : (100, 1, 1, 240, 240)
  Case output            : /Users/bhanugarg/archive/br_lora_library_staging/batch_0034/synthetic_008263
  Verdict                : PASS

[14/250] synthetic_008264
  Case seed              : 265289018
  External subject       : BraTS20_Validation_103
  External slice         : 74
  Donor mask pixels      : 3278
  Posterior stack        : (100, 1, 1, 240, 240)
  Case output            : /Users/bhanugarg/archive/br_lora_library_staging/batch_0034/synthetic_008264
  Verdict                : PASS

[15/250] synthetic_008265
  Case seed              : 555551559
  External subject       : BraTS20_Validation_103
  External slice         : 75
  Donor mask pixels      : 2150
  Posterior stack        : (100, 1, 1, 240, 240)
  Case output            : /Users/bhanugarg/archive/br_lora_library_staging/batch_0034/synthetic_008265
  Verdict                : PASS

[16/250] synthetic_008266
  Case seed              : 727959013
  External subject       : BraTS20_Validation_103
  External slice         : 76
  Donor mask pixels      : 3859
  Posterior stack        : (100, 1, 1, 240, 240)
  Case output            : /Users/bhanugarg/archive/br_lora_library_staging/batch_0034/synthetic_008266
  Verdict                : PASS

[17/250] synthetic_008267
  Case seed              : 1903392456
  External subject       : BraTS20_Validation_103
  External slice         : 77
  Donor mask pixels      : 2490
  Posterior stack        : (100, 1, 1, 240, 240)
  Case output            : /Users/bhanugarg/archive/br_lora_library_staging/batch_0034/synthetic_008267
  Verdict                : PASS

[18/250] synthetic_008268
  Case seed              : 906728055
  External subject       : BraTS20_Validation_103
  External slice         : 78
  Donor mask pixels      : 3030
  Posterior stack        : (100, 1, 1, 240, 240)
  Case output            : /Users/bhanugarg/archive/br_lora_library_staging/batch_0034/synthetic_008268
  Verdict                : PASS

[19/250] synthetic_008269
  Case seed              : 156286134
  External subject       : BraTS20_Validation_103
  External slice         : 79
  Donor mask pixels      : 1299
  Posterior stack        : (100, 1, 1, 240, 240)
  Case output            : /Users/bhanugarg/archive/br_lora_library_staging/batch_0034/synthetic_008269
  Verdict                : PASS

[20/250] synthetic_008270
  Case seed              : 365280840
  External subject       : BraTS20_Validation_103
  External slice         : 80
  Donor mask pixels      : 1142
  Posterior stack        : (100, 1, 1, 240, 240)
  Case output            : /Users/bhanugarg/archive/br_lora_library_staging/batch_0034/synthetic_008270
  Verdict                : PASS

[21/250] synthetic_008271
  Case seed              : 379810179
  External subject       : BraTS20_Validation_103
  External slice         : 81
  Donor mask pixels      : 1049
  Posterior stack        : (100, 1, 1, 240, 240)
  Case output            : /Users/bhanugarg/archive/br_lora_library_staging/batch_0034/synthetic_008271
  Verdict                : PASS

[22/250] synthetic_008272
  Case seed              : 1134859188
  External subject       : BraTS20_Validation_103
  External slice         : 82
  Donor mask pixels      : 2466
  Posterior stack        : (100, 1, 1, 240, 240)
  Case output            : /Users/bhanugarg/archive/br_lora_library_staging/batch_0034/synthetic_008272
  Verdict                : PASS

[23/250] synthetic_008273
  Case seed              : 839880149
  External subject       : BraTS20_Validation_103
  External slice         : 83
  Donor mask pixels      : 1173
  Posterior stack        : (100, 1, 1, 240, 240)
  Case output            : /Users/bhanugarg/archive/br_lora_library_staging/batch_0034/synthetic_008273
  Verdict                : PASS

[24/250] synthetic_008274
  Case seed              : 741181665
  External subject       : BraTS20_Validation_103
  External slice         : 84
  Donor mask pixels      : 3105
  Posterior stack        : (100, 1, 1, 240, 240)
  Case output            : /Users/bhanugarg/archive/br_lora_library_staging/batch_0034/synthetic_008274
  Verdict                : PASS

[25/250] synthetic_008275
  Case seed              : 854436709
  External subject       : BraTS20_Validation_103
  External slice         : 85
  Donor mask pixels      : 375
  Posterior stack        : (100, 1, 1, 240, 240)
  Case output            : /Users/bhanugarg/archive/br_lora_library_staging/batch_0034/synthetic_008275
  Verdict                : PASS

[26/250] synthetic_008276
  Case seed              : 1604206476
  External subject       : BraTS20_Validation_103
  External slice         : 86
  Donor mask pixels      : 2122
  Posterior stack        : (100, 1, 1, 240, 240)
  Case output            : /Users/bhanugarg/archive/br_lora_library_staging/batch_0034/synthetic_008276
  Verdict                : PASS

[27/250] synthetic_008277
  Case seed              : 107173692
  External subject       : BraTS20_Validation_103
  External slice         : 87
  Donor mask pixels      : 1985
  Posterior stack        : (100, 1, 1, 240, 240)
  Case output            : /Users/bhanugarg/archive/br_lora_library_staging/batch_0034/synthetic_008277
  Verdict                : PASS

[28/250] synthetic_008278
  Case seed              : 723473883
  External subject       : BraTS20_Validation_103
  External slice         : 88
  Donor mask pixels      : 3027
  Posterior stack        : (100, 1, 1, 240, 240)
  Case output            : /Users/bhanugarg/archive/br_lora_library_staging/batch_0034/synthetic_008278
  Verdict                : PASS

[29/250] synthetic_008279
  Case seed              : 1237410355
  External subject       : BraTS20_Validation_103
  External slice         : 89
  Donor mask pixels      : 2472
  Posterior stack        : (100, 1, 1, 240, 240)
  Case output            : /Users/bhanugarg/archive/br_lora_library_staging/batch_0034/synthetic_008279
  Verdict                : PASS

[30/250] synthetic_008280
  Case seed              : 124462079
  External subject       : BraTS20_Validation_103
  External slice         : 90
  Donor mask pixels      : 774
  Posterior stack        : (100, 1, 1, 240, 240)
  Case output            : /Users/bhanugarg/archive/br_lora_library_staging/batch_0034/synthetic_008280
  Verdict                : PASS

[31/250] synthetic_008281
  Case seed              : 1224839098
  External subject       : BraTS20_Validation_103
  External slice         : 91
  Donor mask pixels      : 1416
  Posterior stack        : (100, 1, 1, 240, 240)
  Case output            : /Users/bhanugarg/archive/br_lora_library_staging/batch_0034/synthetic_008281
  Verdict                : PASS

[32/250] synthetic_008282
  Case seed              : 899098843
  External subject       : BraTS20_Validation_103
  External slice         : 92
  Donor mask pixels      : 1151
  Posterior stack        : (100, 1, 1, 240, 240)
  Case output            : /Users/bhanugarg/archive/br_lora_library_staging/batch_0034/synthetic_008282
  Verdict                : PASS

[33/250] synthetic_008283
  Case seed              : 445459701
  External subject       : BraTS20_Validation_103
  External slice         : 93
  Donor mask pixels      : 3958
  Posterior stack        : (100, 1, 1, 240, 240)
  Case output            : /Users/bhanugarg/archive/br_lora_library_staging/batch_0034/synthetic_008283
  Verdict                : PASS

[34/250] synthetic_008284
  Case seed              : 15220760
  External subject       : BraTS20_Validation_103
  External slice         : 94
  Donor mask pixels      : 1372
  Posterior stack        : (100, 1, 1, 240, 240)
  Case output            : /Users/bhanugarg/archive/br_lora_library_staging/batch_0034/synthetic_008284
  Verdict                : PASS

[35/250] synthetic_008285
  Case seed              : 885573982
  External subject       : BraTS20_Validation_104
  External slice         : 0
  Donor mask pixels      : 1272
  Posterior stack        : (100, 1, 1, 240, 240)
  Case output            : /Users/bhanugarg/archive/br_lora_library_staging/batch_0034/synthetic_008285
  Verdict                : PASS

[36/250] synthetic_008286
  Case seed              : 221808910
  External subject       : BraTS20_Validation_104
  External slice         : 1
  Donor mask pixels      : 576
  Posterior stack        : (100, 1, 1, 240, 240)
  Case output            : /Users/bhanugarg/archive/br_lora_library_staging/batch_0034/synthetic_008286
  Verdict                : PASS

[37/250] synthetic_008287
  Case seed              : 616390404
  External subject       : BraTS20_Validation_104
  External slice         : 2
  Donor mask pixels      : 1007
  Posterior stack        : (100, 1, 1, 240, 240)
  Case output            : /Users/bhanugarg/archive/br_lora_library_staging/batch_0034/synthetic_008287
  Verdict                : PASS

[38/250] synthetic_008288
  Case seed              : 1250480162
  External subject       : BraTS20_Validation_104
  External slice         : 3
  Donor mask pixels      : 321
  Posterior stack        : (100, 1, 1, 240, 240)
  Case output            : /Users/bhanugarg/archive/br_lora_library_staging/batch_0034/synthetic_008288
  Verdict                : PASS

[39/250] synthetic_008289
  Case seed              : 221407065
  External subject       : BraTS20_Validation_104
  External slice         : 4
  Donor mask pixels      : 1462
  Posterior stack        : (100, 1, 1, 240, 240)
  Case output            : /Users/bhanugarg/archive/br_lora_library_staging/batch_0034/synthetic_008289
  Verdict                : PASS

[40/250] synthetic_008290
  Case seed              : 2132789210
  External subject       : BraTS20_Validation_104
  External slice         : 5
  Donor mask pixels      : 1106
  Posterior stack        : (100, 1, 1, 240, 240)
  Case output            : /Users/bhanugarg/archive/br_lora_library_staging/batch_0034/synthetic_008290
  Verdict                : PASS

[41/250] synthetic_008291
  Case seed              : 302424148
  External subject       : BraTS20_Validation_104
  External slice         : 6
  Donor mask pixels      : 893
  Posterior stack        : (100, 1, 1, 240, 240)
  Case output            : /Users/bhanugarg/archive/br_lora_library_staging/batch_0034/synthetic_008291
  Verdict                : PASS

[42/250] synthetic_008292
  Case seed              : 1314010459
  External subject       : BraTS20_Validation_104
  External slice         : 7
  Donor mask pixels      : 1653
  Posterior stack        : (100, 1, 1, 240, 240)
  Case output            : /Users/bhanugarg/archive/br_lora_library_staging/batch_0034/synthetic_008292
  Verdict                : PASS

[43/250] synthetic_008293
  Case seed              : 1210137232
  External subject       : BraTS20_Validation_104
  External slice         : 8
  Donor mask pixels      : 1268
  Posterior stack        : (100, 1, 1, 240, 240)
  Case output            : /Users/bhanugarg/archive/br_lora_library_staging/batch_0034/synthetic_008293
  Verdict                : PASS

[44/250] synthetic_008294
  Case seed              : 2077594375
  External subject       : BraTS20_Validation_104
  External slice         : 9
  Donor mask pixels      : 2057
  Posterior stack        : (100, 1, 1, 240, 240)
  Case output            : /Users/bhanugarg/archive/br_lora_library_staging/batch_0034/synthetic_008294
  Verdict                : PASS

[45/250] synthetic_008295
  Case seed              : 513874163
  External subject       : BraTS20_Validation_104
  External slice         : 10
  Donor mask pixels      : 505
  Posterior stack        : (100, 1, 1, 240, 240)
  Case output            : /Users/bhanugarg/archive/br_lora_library_staging/batch_0034/synthetic_008295
  Verdict                : PASS

[46/250] synthetic_008296
  Case seed              : 1894523560
  External subject       : BraTS20_Validation_104
  External slice         : 11
  Donor mask pixels      : 621
  Posterior stack        : (100, 1, 1, 240, 240)
  Case output            : /Users/bhanugarg/archive/br_lora_library_staging/batch_0034/synthetic_008296
  Verdict                : PASS

[47/250] synthetic_008297
  Case seed              : 2085788593
  External subject       : BraTS20_Validation_104
  External slice         : 12
  Donor mask pixels      : 1302
  Posterior stack        : (100, 1, 1, 240, 240)
  Case output            : /Users/bhanugarg/archive/br_lora_library_staging/batch_0034/synthetic_008297
  Verdict                : PASS

[48/250] synthetic_008298
  Case seed              : 1799718551
  External subject       : BraTS20_Validation_104
  External slice         : 12
  Donor mask pixels      : 1248
  Posterior stack        : (100, 1, 1, 240, 240)
  Case output            : /Users/bhanugarg/archive/br_lora_library_staging/batch_0034/synthetic_008298
  Verdict                : PASS

[49/250] synthetic_008299
  Case seed              : 1888393030
  External subject       : BraTS20_Validation_104
  External slice         : 13
  Donor mask pixels      : 2149
  Posterior stack        : (100, 1, 1, 240, 240)
  Case output            : /Users/bhanugarg/archive/br_lora_library_staging/batch_0034/synthetic_008299
  Verdict                : PASS

[50/250] synthetic_008300
  Case seed              : 676369662
  External subject       : BraTS20_Validation_104
  External slice         : 13
  Donor mask pixels      : 1137
  Posterior stack        : (100, 1, 1, 240, 240)
  Case output            : /Users/bhanugarg/archive/br_lora_library_staging/batch_0034/synthetic_008300
  Verdict                : PASS

[51/250] synthetic_008301
  Case seed              : 438849785
  External subject       : BraTS20_Validation_104
  External slice         : 14
  Donor mask pixels      : 2167
  Posterior stack        : (100, 1, 1, 240, 240)
  Case output            : /Users/bhanugarg/archive/br_lora_library_staging/batch_0034/synthetic_008301
  Verdict                : PASS

[52/250] synthetic_008302
  Case seed              : 1451602110
  External subject       : BraTS20_Validation_104
  External slice         : 15
  Donor mask pixels      : 305
  Posterior stack        : (100, 1, 1, 240, 240)
  Case output            : /Users/bhanugarg/archive/br_lora_library_staging/batch_0034/synthetic_008302
  Verdict                : PASS

[53/250] synthetic_008303
  Case seed              : 684872774
  External subject       : BraTS20_Validation_104
  External slice         : 15
  Donor mask pixels      : 1840
  Posterior stack        : (100, 1, 1, 240, 240)
  Case output            : /Users/bhanugarg/archive/br_lora_library_staging/batch_0034/synthetic_008303
  Verdict                : PASS

[54/250] synthetic_008304
  Case seed              : 1665625124
  External subject       : BraTS20_Validation_104
  External slice         : 16
  Donor mask pixels      : 644
  Posterior stack        : (100, 1, 1, 240, 240)
  Case output            : /Users/bhanugarg/archive/br_lora_library_staging/batch_0034/synthetic_008304
  Verdict                : PASS

[55/250] synthetic_008305
  Case seed              : 714432985
  External subject       : BraTS20_Validation_104
  External slice         : 16
  Donor mask pixels      : 2106
  Posterior stack        : (100, 1, 1, 240, 240)
  Case output            : /Users/bhanugarg/archive/br_lora_library_staging/batch_0034/synthetic_008305
  Verdict                : PASS

[56/250] synthetic_008306
  Case seed              : 1150191044
  External subject       : BraTS20_Validation_104
  External slice         : 17
  Donor mask pixels      : 1659
  Posterior stack        : (100, 1, 1, 240, 240)
  Case output            : /Users/bhanugarg/archive/br_lora_library_staging/batch_0034/synthetic_008306
  Verdict                : PASS

[57/250] synthetic_008307
  Case seed              : 1424395520
  External subject       : BraTS20_Validation_104
  External slice         : 17
  Donor mask pixels      : 2039
  Posterior stack        : (100, 1, 1, 240, 240)
  Case output            : /Users/bhanugarg/archive/br_lora_library_staging/batch_0034/synthetic_008307
  Verdict                : PASS

[58/250] synthetic_008308
  Case seed              : 1042676503
  External subject       : BraTS20_Validation_104
  External slice         : 18
  Donor mask pixels      : 738
  Posterior stack        : (100, 1, 1, 240, 240)
  Case output            : /Users/bhanugarg/archive/br_lora_library_staging/batch_0034/synthetic_008308
  Verdict                : PASS

[59/250] synthetic_008309
  Case seed              : 415203516
  External subject       : BraTS20_Validation_104
  External slice         : 18
  Donor mask pixels      : 1576
  Posterior stack        : (100, 1, 1, 240, 240)
  Case output            : /Users/bhanugarg/archive/br_lora_library_staging/batch_0034/synthetic_008309
  Verdict                : PASS

[60/250] synthetic_008310
  Case seed              : 1826956478
  External subject       : BraTS20_Validation_104
  External slice         : 19
  Donor mask pixels      : 362
  Posterior stack        : (100, 1, 1, 240, 240)
  Case output            : /Users/bhanugarg/archive/br_lora_library_staging/batch_0034/synthetic_008310
  Verdict                : PASS

[61/250] synthetic_008311
  Case seed              : 259068562
  External subject       : BraTS20_Validation_104
  External slice         : 19
  Donor mask pixels      : 845
  Posterior stack        : (100, 1, 1, 240, 240)
  Case output            : /Users/bhanugarg/archive/br_lora_library_staging/batch_0034/synthetic_008311
  Verdict                : PASS

[62/250] synthetic_008312
  Case seed              : 1438353540
  External subject       : BraTS20_Validation_104
  External slice         : 20
  Donor mask pixels      : 1884
  Posterior stack        : (100, 1, 1, 240, 240)
  Case output            : /Users/bhanugarg/archive/br_lora_library_staging/batch_0034/synthetic_008312
  Verdict                : PASS

[63/250] synthetic_008313
  Case seed              : 1817873743
  External subject       : BraTS20_Validation_104
  External slice         : 20
  Donor mask pixels      : 1662
  Posterior stack        : (100, 1, 1, 240, 240)
  Case output            : /Users/bhanugarg/archive/br_lora_library_staging/batch_0034/synthetic_008313
  Verdict                : PASS

[64/250] synthetic_008314
  Case seed              : 650955718
  External subject       : BraTS20_Validation_104
  External slice         : 21
  Donor mask pixels      : 3386
  Posterior stack        : (100, 1, 1, 240, 240)
  Case output            : /Users/bhanugarg/archive/br_lora_library_staging/batch_0034/synthetic_008314
  Verdict                : PASS

[65/250] synthetic_008315
  Case seed              : 1120045306
  External subject       : BraTS20_Validation_104
  External slice         : 21
  Donor mask pixels      : 764
  Posterior stack        : (100, 1, 1, 240, 240)
  Case output            : /Users/bhanugarg/archive/br_lora_library_staging/batch_0034/synthetic_008315
  Verdict                : PASS

[66/250] synthetic_008316
  Case seed              : 1294723154
  External subject       : BraTS20_Validation_104
  External slice         : 22
  Donor mask pixels      : 1478
  Posterior stack        : (100, 1, 1, 240, 240)
  Case output            : /Users/bhanugarg/archive/br_lora_library_staging/batch_0034/synthetic_008316
  Verdict                : PASS

[67/250] synthetic_008317
  Case seed              : 856064767
  External subject       : BraTS20_Validation_104
  External slice         : 22
  Donor mask pixels      : 1432
  Posterior stack        : (100, 1, 1, 240, 240)
  Case output            : /Users/bhanugarg/archive/br_lora_library_staging/batch_0034/synthetic_008317
  Verdict                : PASS

[68/250] synthetic_008318
  Case seed              : 1240048243
  External subject       : BraTS20_Validation_104
  External slice         : 23
  Donor mask pixels      : 1809
  Posterior stack        : (100, 1, 1, 240, 240)
  Case output            : /Users/bhanugarg/archive/br_lora_library_staging/batch_0034/synthetic_008318
  Verdict                : PASS

[69/250] synthetic_008319
  Case seed              : 1011998986
  External subject       : BraTS20_Validation_104
  External slice         : 23
  Donor mask pixels      : 624
  Posterior stack        : (100, 1, 1, 240, 240)
  Case output            : /Users/bhanugarg/archive/br_lora_library_staging/batch_0034/synthetic_008319
  Verdict                : PASS

[70/250] synthetic_008320
  Case seed              : 1252427481
  External subject       : BraTS20_Validation_104
  External slice         : 24
  Donor mask pixels      : 841
  Posterior stack        : (100, 1, 1, 240, 240)
  Case output            : /Users/bhanugarg/archive/br_lora_library_staging/batch_0034/synthetic_008320
  Verdict                : PASS

[71/250] synthetic_008321
  Case seed              : 1176756487
  External subject       : BraTS20_Validation_104
  External slice         : 24
  Donor mask pixels      : 2867
  Posterior stack        : (100, 1, 1, 240, 240)
  Case output            : /Users/bhanugarg/archive/br_lora_library_staging/batch_0034/synthetic_008321
  Verdict                : PASS

[72/250] synthetic_008322
  Case seed              : 1249255806
  External subject       : BraTS20_Validation_104
  External slice         : 25
  Donor mask pixels      : 1063
  Posterior stack        : (100, 1, 1, 240, 240)
  Case output            : /Users/bhanugarg/archive/br_lora_library_staging/batch_0034/synthetic_008322
  Verdict                : PASS

[73/250] synthetic_008323
  Case seed              : 2057608923
  External subject       : BraTS20_Validation_104
  External slice         : 25
  Donor mask pixels      : 1589
  Posterior stack        : (100, 1, 1, 240, 240)
  Case output            : /Users/bhanugarg/archive/br_lora_library_staging/batch_0034/synthetic_008323
  Verdict                : PASS

[74/250] synthetic_008324
  Case seed              : 1891614595
  External subject       : BraTS20_Validation_104
  External slice         : 26
  Donor mask pixels      : 2682
  Posterior stack        : (100, 1, 1, 240, 240)
  Case output            : /Users/bhanugarg/archive/br_lora_library_staging/batch_0034/synthetic_008324
  Verdict                : PASS

[75/250] synthetic_008325
  Case seed              : 1185133181
  External subject       : BraTS20_Validation_104
  External slice         : 26
  Donor mask pixels      : 2350
  Posterior stack        : (100, 1, 1, 240, 240)
  Case output            : /Users/bhanugarg/archive/br_lora_library_staging/batch_0034/synthetic_008325
  Verdict                : PASS

[76/250] synthetic_008326
  Case seed              : 1063891277
  External subject       : BraTS20_Validation_104
  External slice         : 27
  Donor mask pixels      : 2516
  Posterior stack        : (100, 1, 1, 240, 240)
  Case output            : /Users/bhanugarg/archive/br_lora_library_staging/batch_0034/synthetic_008326
  Verdict                : PASS

[77/250] synthetic_008327
  Case seed              : 418647928
  External subject       : BraTS20_Validation_104
  External slice         : 102
  Donor mask pixels      : 3797
  Posterior stack        : (100, 1, 1, 240, 240)
  Case output            : /Users/bhanugarg/archive/br_lora_library_staging/batch_0034/synthetic_008327
  Verdict                : PASS

[78/250] synthetic_008328
  Case seed              : 705925525
  External subject       : BraTS20_Validation_104
  External slice         : 102
  Donor mask pixels      : 5136
  Posterior stack        : (100, 1, 1, 240, 240)
  Case output            : /Users/bhanugarg/archive/br_lora_library_staging/batch_0034/synthetic_008328
  Verdict                : PASS

[79/250] synthetic_008329
  Case seed              : 1272366897
  External subject       : BraTS20_Validation_104
  External slice         : 103
  Donor mask pixels      : 1566
  Posterior stack        : (100, 1, 1, 240, 240)
  Case output            : /Users/bhanugarg/archive/br_lora_library_staging/batch_0034/synthetic_008329
  Verdict                : PASS

[80/250] synthetic_008330
  Case seed              : 1705145979
  External subject       : BraTS20_Validation_104
  External slice         : 103
  Donor mask pixels      : 837
  Posterior stack        : (100, 1, 1, 240, 240)
  Case output            : /Users/bhanugarg/archive/br_lora_library_staging/batch_0034/synthetic_008330
  Verdict                : PASS

[81/250] synthetic_008331
  Case seed              : 672342150
  External subject       : BraTS20_Validation_104
  External slice         : 104
  Donor mask pixels      : 610
  Posterior stack        : (100, 1, 1, 240, 240)
  Case output            : /Users/bhanugarg/archive/br_lora_library_staging/batch_0034/synthetic_008331
  Verdict                : PASS

[82/250] synthetic_008332
  Case seed              : 87547614
  External subject       : BraTS20_Validation_104
  External slice         : 104
  Donor mask pixels      : 757
  Posterior stack        : (100, 1, 1, 240, 240)
  Case output            : /Users/bhanugarg/archive/br_lora_library_staging/batch_0034/synthetic_008332
  Verdict                : PASS

[83/250] synthetic_008333
  Case seed              : 1166292484
  External subject       : BraTS20_Validation_104
  External slice         : 105
  Donor mask pixels      : 1825
  Posterior stack        : (100, 1, 1, 240, 240)
  Case output            : /Users/bhanugarg/archive/br_lora_library_staging/batch_0034/synthetic_008333
  Verdict                : PASS

[84/250] synthetic_008334
  Case seed              : 2068181815
  External subject       : BraTS20_Validation_104
  External slice         : 105
  Donor mask pixels      : 2689
  Posterior stack        : (100, 1, 1, 240, 240)
  Case output            : /Users/bhanugarg/archive/br_lora_library_staging/batch_0034/synthetic_008334
  Verdict                : PASS

[85/250] synthetic_008335
  Case seed              : 1283336951
  External subject       : BraTS20_Validation_104
  External slice         : 106
  Donor mask pixels      : 350
  Posterior stack        : (100, 1, 1, 240, 240)
  Case output            : /Users/bhanugarg/archive/br_lora_library_staging/batch_0034/synthetic_008335
  Verdict                : PASS

[86/250] synthetic_008336
  Case seed              : 829205686
  External subject       : BraTS20_Validation_104
  External slice         : 106
  Donor mask pixels      : 3052
  Posterior stack        : (100, 1, 1, 240, 240)
  Case output            : /Users/bhanugarg/archive/br_lora_library_staging/batch_0034/synthetic_008336
  Verdict                : PASS

[87/250] synthetic_008337
  Case seed              : 579890226
  External subject       : BraTS20_Validation_104
  External slice         : 107
  Donor mask pixels      : 3016
  Posterior stack        : (100, 1, 1, 240, 240)
  Case output            : /Users/bhanugarg/archive/br_lora_library_staging/batch_0034/synthetic_008337
  Verdict                : PASS

[88/250] synthetic_008338
  Case seed              : 301100120
  External subject       : BraTS20_Validation_104
  External slice         : 107
  Donor mask pixels      : 3691
  Posterior stack        : (100, 1, 1, 240, 240)
  Case output            : /Users/bhanugarg/archive/br_lora_library_staging/batch_0034/synthetic_008338
  Verdict                : PASS

[89/250] synthetic_008339
  Case seed              : 352090986
  External subject       : BraTS20_Validation_104
  External slice         : 108
  Donor mask pixels      : 5743
  Posterior stack        : (100, 1, 1, 240, 240)
  Case output            : /Users/bhanugarg/archive/br_lora_library_staging/batch_0034/synthetic_008339
  Verdict                : PASS

[90/250] synthetic_008340
  Case seed              : 1791441400
  External subject       : BraTS20_Validation_104
  External slice         : 108
  Donor mask pixels      : 4586
  Posterior stack        : (100, 1, 1, 240, 240)
  Case output            : /Users/bhanugarg/archive/br_lora_library_staging/batch_0034/synthetic_008340
  Verdict                : PASS

[91/250] synthetic_008341
  Case seed              : 1642389222
  External subject       : BraTS20_Validation_104
  External slice         : 109
  Donor mask pixels      : 2989
  Posterior stack        : (100, 1, 1, 240, 240)
  Case output            : /Users/bhanugarg/archive/br_lora_library_staging/batch_0034/synthetic_008341
  Verdict                : PASS

[92/250] synthetic_008342
  Case seed              : 1481058456
  External subject       : BraTS20_Validation_104
  External slice         : 109
  Donor mask pixels      : 325
  Posterior stack        : (100, 1, 1, 240, 240)
  Case output            : /Users/bhanugarg/archive/br_lora_library_staging/batch_0034/synthetic_008342
  Verdict                : PASS

[93/250] synthetic_008343
  Case seed              : 1046359701
  External subject       : BraTS20_Validation_104
  External slice         : 110
  Donor mask pixels      : 2031
  Posterior stack        : (100, 1, 1, 240, 240)
  Case output            : /Users/bhanugarg/archive/br_lora_library_staging/batch_0034/synthetic_008343
  Verdict                : PASS

[94/250] synthetic_008344
  Case seed              : 1896978894
  External subject       : BraTS20_Validation_104
  External slice         : 110
  Donor mask pixels      : 1135
  Posterior stack        : (100, 1, 1, 240, 240)
  Case output            : /Users/bhanugarg/archive/br_lora_library_staging/batch_0034/synthetic_008344
  Verdict                : PASS

[95/250] synthetic_008345
  Case seed              : 951636537
  External subject       : BraTS20_Validation_104
  External slice         : 111
  Donor mask pixels      : 1796
  Posterior stack        : (100, 1, 1, 240, 240)
  Case output            : /Users/bhanugarg/archive/br_lora_library_staging/batch_0034/synthetic_008345
  Verdict                : PASS

[96/250] synthetic_008346
  Case seed              : 812692151
  External subject       : BraTS20_Validation_104
  External slice         : 111
  Donor mask pixels      : 1538
  Posterior stack        : (100, 1, 1, 240, 240)
  Case output            : /Users/bhanugarg/archive/br_lora_library_staging/batch_0034/synthetic_008346
  Verdict                : PASS

[97/250] synthetic_008347
  Case seed              : 1285241667
  External subject       : BraTS20_Validation_104
  External slice         : 112
  Donor mask pixels      : 790
  Posterior stack        : (100, 1, 1, 240, 240)
  Case output            : /Users/bhanugarg/archive/br_lora_library_staging/batch_0034/synthetic_008347
  Verdict                : PASS

[98/250] synthetic_008348
  Case seed              : 1996360843
  External subject       : BraTS20_Validation_104
  External slice         : 112
  Donor mask pixels      : 1234
  Posterior stack        : (100, 1, 1, 240, 240)
  Case output            : /Users/bhanugarg/archive/br_lora_library_staging/batch_0034/synthetic_008348
  Verdict                : PASS

[99/250] synthetic_008349
  Case seed              : 98787148
  External subject       : BraTS20_Validation_104
  External slice         : 113
  Donor mask pixels      : 1682
  Posterior stack        : (100, 1, 1, 240, 240)
  Case output            : /Users/bhanugarg/archive/br_lora_library_staging/batch_0034/synthetic_008349
  Verdict                : PASS

[100/250] synthetic_008350
  Case seed              : 2069616972
  External subject       : BraTS20_Validation_104
  External slice         : 113
  Donor mask pixels      : 1345
  Posterior stack        : (100, 1, 1, 240, 240)
  Case output            : /Users/bhanugarg/archive/br_lora_library_staging/batch_0034/synthetic_008350
  Verdict                : PASS

[101/250] synthetic_008351
  Case seed              : 578110274
  External subject       : BraTS20_Validation_104
  External slice         : 114
  Donor mask pixels      : 1498
  Posterior stack        : (100, 1, 1, 240, 240)
  Case output            : /Users/bhanugarg/archive/br_lora_library_staging/batch_0034/synthetic_008351
  Verdict                : PASS

[102/250] synthetic_008352
  Case seed              : 849281434
  External subject       : BraTS20_Validation_104
  External slice         : 114
  Donor mask pixels      : 643
  Posterior stack        : (100, 1, 1, 240, 240)
  Case output            : /Users/bhanugarg/archive/br_lora_library_staging/batch_0034/synthetic_008352
  Verdict                : PASS

[103/250] synthetic_008353
  Case seed              : 1945509137
  External subject       : BraTS20_Validation_104
  External slice         : 115
  Donor mask pixels      : 1154
  Posterior stack        : (100, 1, 1, 240, 240)
  Case output            : /Users/bhanugarg/archive/br_lora_library_staging/batch_0034/synthetic_008353
  Verdict                : PASS

[104/250] synthetic_008354
  Case seed              : 1526813245
  External subject       : BraTS20_Validation_104
  External slice         : 116
  Donor mask pixels      : 1080
  Posterior stack        : (100, 1, 1, 240, 240)
  Case output            : /Users/bhanugarg/archive/br_lora_library_staging/batch_0034/synthetic_008354
  Verdict                : PASS

[105/250] synthetic_008355
  Case seed              : 1004650915
  External subject       : BraTS20_Validation_104
  External slice         : 117
  Donor mask pixels      : 1430
  Posterior stack        : (100, 1, 1, 240, 240)
  Case output            : /Users/bhanugarg/archive/br_lora_library_staging/batch_0034/synthetic_008355
  Verdict                : PASS

[106/250] synthetic_008356
  Case seed              : 1057983946
  External subject       : BraTS20_Validation_104
  External slice         : 118
  Donor mask pixels      : 2373
  Posterior stack        : (100, 1, 1, 240, 240)
  Case output            : /Users/bhanugarg/archive/br_lora_library_staging/batch_0034/synthetic_008356
  Verdict                : PASS

[107/250] synthetic_008357
  Case seed              : 794684949
  External subject       : BraTS20_Validation_104
  External slice         : 119
  Donor mask pixels      : 1061
  Posterior stack        : (100, 1, 1, 240, 240)
  Case output            : /Users/bhanugarg/archive/br_lora_library_staging/batch_0034/synthetic_008357
  Verdict                : PASS

[108/250] synthetic_008358
  Case seed              : 843724792
  External subject       : BraTS20_Validation_104
  External slice         : 120
  Donor mask pixels      : 1388
  Posterior stack        : (100, 1, 1, 240, 240)
  Case output            : /Users/bhanugarg/archive/br_lora_library_staging/batch_0034/synthetic_008358
  Verdict                : PASS

[109/250] synthetic_008359
  Case seed              : 578619618
  External subject       : BraTS20_Validation_104
  External slice         : 121
  Donor mask pixels      : 791
  Posterior stack        : (100, 1, 1, 240, 240)
  Case output            : /Users/bhanugarg/archive/br_lora_library_staging/batch_0034/synthetic_008359
  Verdict                : PASS

[110/250] synthetic_008360
  Case seed              : 1309857975
  External subject       : BraTS20_Validation_104
  External slice         : 122
  Donor mask pixels      : 1095
  Posterior stack        : (100, 1, 1, 240, 240)
  Case output            : /Users/bhanugarg/archive/br_lora_library_staging/batch_0034/synthetic_008360
  Verdict                : PASS

[111/250] synthetic_008361
  Case seed              : 1728805458
  External subject       : BraTS20_Validation_104
  External slice         : 123
  Donor mask pixels      : 480
  Posterior stack        : (100, 1, 1, 240, 240)
  Case output            : /Users/bhanugarg/archive/br_lora_library_staging/batch_0034/synthetic_008361
  Verdict                : PASS

[112/250] synthetic_008362
  Case seed              : 1998295698
  External subject       : BraTS20_Validation_104
  External slice         : 124
  Donor mask pixels      : 341
  Posterior stack        : (100, 1, 1, 240, 240)
  Case output            : /Users/bhanugarg/archive/br_lora_library_staging/batch_0034/synthetic_008362
  Verdict                : PASS

[113/250] synthetic_008363
  Case seed              : 1489226407
  External subject       : BraTS20_Validation_105
  External slice         : 10
  Donor mask pixels      : 541
  Posterior stack        : (100, 1, 1, 240, 240)
  Case output            : /Users/bhanugarg/archive/br_lora_library_staging/batch_0034/synthetic_008363
  Verdict                : PASS

[114/250] synthetic_008364
  Case seed              : 1799986424
  External subject       : BraTS20_Validation_105
  External slice         : 10
  Donor mask pixels      : 717
  Posterior stack        : (100, 1, 1, 240, 240)
  Case output            : /Users/bhanugarg/archive/br_lora_library_staging/batch_0034/synthetic_008364
  Verdict                : PASS

[115/250] synthetic_008365
  Case seed              : 2124918849
  External subject       : BraTS20_Validation_105
  External slice         : 11
  Donor mask pixels      : 316
  Posterior stack        : (100, 1, 1, 240, 240)
  Case output            : /Users/bhanugarg/archive/br_lora_library_staging/batch_0034/synthetic_008365
  Verdict                : PASS

[116/250] synthetic_008366
  Case seed              : 951227250
  External subject       : BraTS20_Validation_105
  External slice         : 11
  Donor mask pixels      : 1130
  Posterior stack        : (100, 1, 1, 240, 240)
  Case output            : /Users/bhanugarg/archive/br_lora_library_staging/batch_0034/synthetic_008366
  Verdict                : PASS

[117/250] synthetic_008367
  Case seed              : 1096502439
  External subject       : BraTS20_Validation_105
  External slice         : 12
  Donor mask pixels      : 1027
  Posterior stack        : (100, 1, 1, 240, 240)
  Case output            : /Users/bhanugarg/archive/br_lora_library_staging/batch_0034/synthetic_008367
  Verdict                : PASS

[118/250] synthetic_008368
  Case seed              : 1621405943
  External subject       : BraTS20_Validation_105
  External slice         : 12
  Donor mask pixels      : 1182
  Posterior stack        : (100, 1, 1, 240, 240)
  Case output            : /Users/bhanugarg/archive/br_lora_library_staging/batch_0034/synthetic_008368
  Verdict                : PASS

[119/250] synthetic_008369
  Case seed              : 489107995
  External subject       : BraTS20_Validation_105
  External slice         : 13
  Donor mask pixels      : 1814
  Posterior stack        : (100, 1, 1, 240, 240)
  Case output            : /Users/bhanugarg/archive/br_lora_library_staging/batch_0034/synthetic_008369
  Verdict                : PASS

[120/250] synthetic_008370
  Case seed              : 929609390
  External subject       : BraTS20_Validation_105
  External slice         : 13
  Donor mask pixels      : 1010
  Posterior stack        : (100, 1, 1, 240, 240)
  Case output            : /Users/bhanugarg/archive/br_lora_library_staging/batch_0034/synthetic_008370
  Verdict                : PASS

[121/250] synthetic_008371
  Case seed              : 893040046
  External subject       : BraTS20_Validation_105
  External slice         : 14
  Donor mask pixels      : 610
  Posterior stack        : (100, 1, 1, 240, 240)
  Case output            : /Users/bhanugarg/archive/br_lora_library_staging/batch_0034/synthetic_008371
  Verdict                : PASS

[122/250] synthetic_008372
  Case seed              : 2125042678
  External subject       : BraTS20_Validation_105
  External slice         : 14
  Donor mask pixels      : 489
  Posterior stack        : (100, 1, 1, 240, 240)
  Case output            : /Users/bhanugarg/archive/br_lora_library_staging/batch_0034/synthetic_008372
  Verdict                : PASS

[123/250] synthetic_008373
  Case seed              : 1262308753
  External subject       : BraTS20_Validation_105
  External slice         : 15
  Donor mask pixels      : 476
  Posterior stack        : (100, 1, 1, 240, 240)
  Case output            : /Users/bhanugarg/archive/br_lora_library_staging/batch_0034/synthetic_008373
  Verdict                : PASS

[124/250] synthetic_008374
  Case seed              : 94945791
  External subject       : BraTS20_Validation_105
  External slice         : 15
  Donor mask pixels      : 333
  Posterior stack        : (100, 1, 1, 240, 240)
  Case output            : /Users/bhanugarg/archive/br_lora_library_staging/batch_0034/synthetic_008374
  Verdict                : PASS

[125/250] synthetic_008375
  Case seed              : 285779524
  External subject       : BraTS20_Validation_105
  External slice         : 16
  Donor mask pixels      : 881
  Posterior stack        : (100, 1, 1, 240, 240)
  Case output            : /Users/bhanugarg/archive/br_lora_library_staging/batch_0034/synthetic_008375
  Verdict                : PASS

[126/250] synthetic_008376
  Case seed              : 1230855776
  External subject       : BraTS20_Validation_105
  External slice         : 17
  Donor mask pixels      : 524
  Posterior stack        : (100, 1, 1, 240, 240)
  Case output            : /Users/bhanugarg/archive/br_lora_library_staging/batch_0034/synthetic_008376
  Verdict                : PASS

[127/250] synthetic_008377
  Case seed              : 722361529
  External subject       : BraTS20_Validation_105
  External slice         : 17
  Donor mask pixels      : 1989
  Posterior stack        : (100, 1, 1, 240, 240)
  Case output            : /Users/bhanugarg/archive/br_lora_library_staging/batch_0034/synthetic_008377
  Verdict                : PASS

[128/250] synthetic_008378
  Case seed              : 1028465772
  External subject       : BraTS20_Validation_105
  External slice         : 18
  Donor mask pixels      : 439
  Posterior stack        : (100, 1, 1, 240, 240)
  Case output            : /Users/bhanugarg/archive/br_lora_library_staging/batch_0034/synthetic_008378
  Verdict                : PASS

[129/250] synthetic_008379
  Case seed              : 904507985
  External subject       : BraTS20_Validation_105
  External slice         : 18
  Donor mask pixels      : 1062
  Posterior stack        : (100, 1, 1, 240, 240)
  Case output            : /Users/bhanugarg/archive/br_lora_library_staging/batch_0034/synthetic_008379
  Verdict                : PASS

[130/250] synthetic_008380
  Case seed              : 159846667
  External subject       : BraTS20_Validation_105
  External slice         : 19
  Donor mask pixels      : 1355
  Posterior stack        : (100, 1, 1, 240, 240)
  Case output            : /Users/bhanugarg/archive/br_lora_library_staging/batch_0034/synthetic_008380
  Verdict                : PASS

[131/250] synthetic_008381
  Case seed              : 1921142015
  External subject       : BraTS20_Validation_105
  External slice         : 19
  Donor mask pixels      : 1350
  Posterior stack        : (100, 1, 1, 240, 240)
  Case output            : /Users/bhanugarg/archive/br_lora_library_staging/batch_0034/synthetic_008381
  Verdict                : PASS

[132/250] synthetic_008382
  Case seed              : 2077431843
  External subject       : BraTS20_Validation_105
  External slice         : 20
  Donor mask pixels      : 1044
  Posterior stack        : (100, 1, 1, 240, 240)
  Case output            : /Users/bhanugarg/archive/br_lora_library_staging/batch_0034/synthetic_008382
  Verdict                : PASS

[133/250] synthetic_008383
  Case seed              : 776884057
  External subject       : BraTS20_Validation_105
  External slice         : 20
  Donor mask pixels      : 875
  Posterior stack        : (100, 1, 1, 240, 240)
  Case output            : /Users/bhanugarg/archive/br_lora_library_staging/batch_0034/synthetic_008383
  Verdict                : PASS

[134/250] synthetic_008384
  Case seed              : 751656113
  External subject       : BraTS20_Validation_105
  External slice         : 21
  Donor mask pixels      : 1494
  Posterior stack        : (100, 1, 1, 240, 240)
  Case output            : /Users/bhanugarg/archive/br_lora_library_staging/batch_0034/synthetic_008384
  Verdict                : PASS

[135/250] synthetic_008385
  Case seed              : 1438926871
  External subject       : BraTS20_Validation_105
  External slice         : 21
  Donor mask pixels      : 749
  Posterior stack        : (100, 1, 1, 240, 240)
  Case output            : /Users/bhanugarg/archive/br_lora_library_staging/batch_0034/synthetic_008385
  Verdict                : PASS

[136/250] synthetic_008386
  Case seed              : 1354226751
  External subject       : BraTS20_Validation_105
  External slice         : 22
  Donor mask pixels      : 1005
  Posterior stack        : (100, 1, 1, 240, 240)
  Case output            : /Users/bhanugarg/archive/br_lora_library_staging/batch_0034/synthetic_008386
  Verdict                : PASS

[137/250] synthetic_008387
  Case seed              : 1698635610
  External subject       : BraTS20_Validation_105
  External slice         : 22
  Donor mask pixels      : 571
  Posterior stack        : (100, 1, 1, 240, 240)
  Case output            : /Users/bhanugarg/archive/br_lora_library_staging/batch_0034/synthetic_008387
  Verdict                : PASS

[138/250] synthetic_008388
  Case seed              : 1707087059
  External subject       : BraTS20_Validation_105
  External slice         : 23
  Donor mask pixels      : 1085
  Posterior stack        : (100, 1, 1, 240, 240)
  Case output            : /Users/bhanugarg/archive/br_lora_library_staging/batch_0034/synthetic_008388
  Verdict                : PASS

[139/250] synthetic_008389
  Case seed              : 1158096480
  External subject       : BraTS20_Validation_105
  External slice         : 23
  Donor mask pixels      : 1445
  Posterior stack        : (100, 1, 1, 240, 240)
  Case output            : /Users/bhanugarg/archive/br_lora_library_staging/batch_0034/synthetic_008389
  Verdict                : PASS

[140/250] synthetic_008390
  Case seed              : 1808334332
  External subject       : BraTS20_Validation_105
  External slice         : 24
  Donor mask pixels      : 1096
  Posterior stack        : (100, 1, 1, 240, 240)
  Case output            : /Users/bhanugarg/archive/br_lora_library_staging/batch_0034/synthetic_008390
  Verdict                : PASS

[141/250] synthetic_008391
  Case seed              : 613175624
  External subject       : BraTS20_Validation_105
  External slice         : 24
  Donor mask pixels      : 1294
  Posterior stack        : (100, 1, 1, 240, 240)
  Case output            : /Users/bhanugarg/archive/br_lora_library_staging/batch_0034/synthetic_008391
  Verdict                : PASS

[142/250] synthetic_008392
  Case seed              : 433930407
  External subject       : BraTS20_Validation_105
  External slice         : 25
  Donor mask pixels      : 962
  Posterior stack        : (100, 1, 1, 240, 240)
  Case output            : /Users/bhanugarg/archive/br_lora_library_staging/batch_0034/synthetic_008392
  Verdict                : PASS

[143/250] synthetic_008393
  Case seed              : 1401639576
  External subject       : BraTS20_Validation_105
  External slice         : 25
  Donor mask pixels      : 1414
  Posterior stack        : (100, 1, 1, 240, 240)
  Case output            : /Users/bhanugarg/archive/br_lora_library_staging/batch_0034/synthetic_008393
  Verdict                : PASS

[144/250] synthetic_008394
  Case seed              : 921115311
  External subject       : BraTS20_Validation_105
  External slice         : 26
  Donor mask pixels      : 1299
  Posterior stack        : (100, 1, 1, 240, 240)
  Case output            : /Users/bhanugarg/archive/br_lora_library_staging/batch_0034/synthetic_008394
  Verdict                : PASS

[145/250] synthetic_008395
  Case seed              : 531437270
  External subject       : BraTS20_Validation_105
  External slice         : 26
  Donor mask pixels      : 941
  Posterior stack        : (100, 1, 1, 240, 240)
  Case output            : /Users/bhanugarg/archive/br_lora_library_staging/batch_0034/synthetic_008395
  Verdict                : PASS

[146/250] synthetic_008396
  Case seed              : 191589953
  External subject       : BraTS20_Validation_105
  External slice         : 27
  Donor mask pixels      : 2369
  Posterior stack        : (100, 1, 1, 240, 240)
  Case output            : /Users/bhanugarg/archive/br_lora_library_staging/batch_0034/synthetic_008396
  Verdict                : PASS

[147/250] synthetic_008397
  Case seed              : 1289374633
  External subject       : BraTS20_Validation_105
  External slice         : 27
  Donor mask pixels      : 858
  Posterior stack        : (100, 1, 1, 240, 240)
  Case output            : /Users/bhanugarg/archive/br_lora_library_staging/batch_0034/synthetic_008397
  Verdict                : PASS

[148/250] synthetic_008398
  Case seed              : 576203676
  External subject       : BraTS20_Validation_105
  External slice         : 28
  Donor mask pixels      : 1510
  Posterior stack        : (100, 1, 1, 240, 240)
  Case output            : /Users/bhanugarg/archive/br_lora_library_staging/batch_0034/synthetic_008398
  Verdict                : PASS

[149/250] synthetic_008399
  Case seed              : 1863070285
  External subject       : BraTS20_Validation_105
  External slice         : 28
  Donor mask pixels      : 996
  Posterior stack        : (100, 1, 1, 240, 240)
  Case output            : /Users/bhanugarg/archive/br_lora_library_staging/batch_0034/synthetic_008399
  Verdict                : PASS

[150/250] synthetic_008400
  Case seed              : 1125449363
  External subject       : BraTS20_Validation_105
  External slice         : 29
  Donor mask pixels      : 1011
  Posterior stack        : (100, 1, 1, 240, 240)
  Case output            : /Users/bhanugarg/archive/br_lora_library_staging/batch_0034/synthetic_008400
  Verdict                : PASS

[151/250] synthetic_008401
  Case seed              : 669638502
  External subject       : BraTS20_Validation_105
  External slice         : 29
  Donor mask pixels      : 358
  Posterior stack        : (100, 1, 1, 240, 240)
  Case output            : /Users/bhanugarg/archive/br_lora_library_staging/batch_0034/synthetic_008401
  Verdict                : PASS

[152/250] synthetic_008402
  Case seed              : 2061562282
  External subject       : BraTS20_Validation_105
  External slice         : 30
  Donor mask pixels      : 2178
  Posterior stack        : (100, 1, 1, 240, 240)
  Case output            : /Users/bhanugarg/archive/br_lora_library_staging/batch_0034/synthetic_008402
  Verdict                : PASS

[153/250] synthetic_008403
  Case seed              : 661955805
  External subject       : BraTS20_Validation_105
  External slice         : 30
  Donor mask pixels      : 1680
  Posterior stack        : (100, 1, 1, 240, 240)
  Case output            : /Users/bhanugarg/archive/br_lora_library_staging/batch_0034/synthetic_008403
  Verdict                : PASS

[154/250] synthetic_008404
  Case seed              : 1569361590
  External subject       : BraTS20_Validation_105
  External slice         : 120
  Donor mask pixels      : 1648
  Posterior stack        : (100, 1, 1, 240, 240)
  Case output            : /Users/bhanugarg/archive/br_lora_library_staging/batch_0034/synthetic_008404
  Verdict                : PASS

[155/250] synthetic_008405
  Case seed              : 225799194
  External subject       : BraTS20_Validation_105
  External slice         : 120
  Donor mask pixels      : 1022
  Posterior stack        : (100, 1, 1, 240, 240)
  Case output            : /Users/bhanugarg/archive/br_lora_library_staging/batch_0034/synthetic_008405
  Verdict                : PASS

[156/250] synthetic_008406
  Case seed              : 1604554603
  External subject       : BraTS20_Validation_105
  External slice         : 121
  Donor mask pixels      : 609
  Posterior stack        : (100, 1, 1, 240, 240)
  Case output            : /Users/bhanugarg/archive/br_lora_library_staging/batch_0034/synthetic_008406
  Verdict                : PASS

[157/250] synthetic_008407
  Case seed              : 1800450685
  External subject       : BraTS20_Validation_105
  External slice         : 121
  Donor mask pixels      : 1252
  Posterior stack        : (100, 1, 1, 240, 240)
  Case output            : /Users/bhanugarg/archive/br_lora_library_staging/batch_0034/synthetic_008407
  Verdict                : PASS

[158/250] synthetic_008408
  Case seed              : 1752911013
  External subject       : BraTS20_Validation_105
  External slice         : 122
  Donor mask pixels      : 819
  Posterior stack        : (100, 1, 1, 240, 240)
  Case output            : /Users/bhanugarg/archive/br_lora_library_staging/batch_0034/synthetic_008408
  Verdict                : PASS

[159/250] synthetic_008409
  Case seed              : 799458102
  External subject       : BraTS20_Validation_105
  External slice         : 122
  Donor mask pixels      : 1661
  Posterior stack        : (100, 1, 1, 240, 240)
  Case output            : /Users/bhanugarg/archive/br_lora_library_staging/batch_0034/synthetic_008409
  Verdict                : PASS

[160/250] synthetic_008410
  Case seed              : 1710143704
  External subject       : BraTS20_Validation_105
  External slice         : 123
  Donor mask pixels      : 2391
  Posterior stack        : (100, 1, 1, 240, 240)
  Case output            : /Users/bhanugarg/archive/br_lora_library_staging/batch_0034/synthetic_008410
  Verdict                : PASS

[161/250] synthetic_008411
  Case seed              : 1336183795
  External subject       : BraTS20_Validation_105
  External slice         : 123
  Donor mask pixels      : 440
  Posterior stack        : (100, 1, 1, 240, 240)
  Case output            : /Users/bhanugarg/archive/br_lora_library_staging/batch_0034/synthetic_008411
  Verdict                : PASS

[162/250] synthetic_008412
  Case seed              : 853781103
  External subject       : BraTS20_Validation_105
  External slice         : 124
  Donor mask pixels      : 2331
  Posterior stack        : (100, 1, 1, 240, 240)
  Case output            : /Users/bhanugarg/archive/br_lora_library_staging/batch_0034/synthetic_008412
  Verdict                : PASS

[163/250] synthetic_008413
  Case seed              : 216985264
  External subject       : BraTS20_Validation_105
  External slice         : 124
  Donor mask pixels      : 1141
  Posterior stack        : (100, 1, 1, 240, 240)
  Case output            : /Users/bhanugarg/archive/br_lora_library_staging/batch_0034/synthetic_008413
  Verdict                : PASS

[164/250] synthetic_008414
  Case seed              : 324042653
  External subject       : BraTS20_Validation_105
  External slice         : 125
  Donor mask pixels      : 690
  Posterior stack        : (100, 1, 1, 240, 240)
  Case output            : /Users/bhanugarg/archive/br_lora_library_staging/batch_0034/synthetic_008414
  Verdict                : PASS

[165/250] synthetic_008415
  Case seed              : 532995484
  External subject       : BraTS20_Validation_105
  External slice         : 125
  Donor mask pixels      : 2119
  Posterior stack        : (100, 1, 1, 240, 240)
  Case output            : /Users/bhanugarg/archive/br_lora_library_staging/batch_0034/synthetic_008415
  Verdict                : PASS

[166/250] synthetic_008416
  Case seed              : 298565
  External subject       : BraTS20_Validation_105
  External slice         : 126
  Donor mask pixels      : 489
  Posterior stack        : (100, 1, 1, 240, 240)
  Case output            : /Users/bhanugarg/archive/br_lora_library_staging/batch_0034/synthetic_008416
  Verdict                : PASS

[167/250] synthetic_008417
  Case seed              : 70444453
  External subject       : BraTS20_Validation_105
  External slice         : 126
  Donor mask pixels      : 957
  Posterior stack        : (100, 1, 1, 240, 240)
  Case output            : /Users/bhanugarg/archive/br_lora_library_staging/batch_0034/synthetic_008417
  Verdict                : PASS

[168/250] synthetic_008418
  Case seed              : 1706261844
  External subject       : BraTS20_Validation_105
  External slice         : 127
  Donor mask pixels      : 1606
  Posterior stack        : (100, 1, 1, 240, 240)
  Case output            : /Users/bhanugarg/archive/br_lora_library_staging/batch_0034/synthetic_008418
  Verdict                : PASS

[169/250] synthetic_008419
  Case seed              : 437242840
  External subject       : BraTS20_Validation_105
  External slice         : 127
  Donor mask pixels      : 604
  Posterior stack        : (100, 1, 1, 240, 240)
  Case output            : /Users/bhanugarg/archive/br_lora_library_staging/batch_0034/synthetic_008419
  Verdict                : PASS

[170/250] synthetic_008420
  Case seed              : 800733612
  External subject       : BraTS20_Validation_105
  External slice         : 128
  Donor mask pixels      : 1015
  Posterior stack        : (100, 1, 1, 240, 240)
  Case output            : /Users/bhanugarg/archive/br_lora_library_staging/batch_0034/synthetic_008420
  Verdict                : PASS

[171/250] synthetic_008421
  Case seed              : 1313718853
  External subject       : BraTS20_Validation_105
  External slice         : 129
  Donor mask pixels      : 1191
  Posterior stack        : (100, 1, 1, 240, 240)
  Case output            : /Users/bhanugarg/archive/br_lora_library_staging/batch_0034/synthetic_008421
  Verdict                : PASS

[172/250] synthetic_008422
  Case seed              : 1045898132
  External subject       : BraTS20_Validation_105
  External slice         : 129
  Donor mask pixels      : 322
  Posterior stack        : (100, 1, 1, 240, 240)
  Case output            : /Users/bhanugarg/archive/br_lora_library_staging/batch_0034/synthetic_008422
  Verdict                : PASS

[173/250] synthetic_008423
  Case seed              : 635613585
  External subject       : BraTS20_Validation_105
  External slice         : 130
  Donor mask pixels      : 1054
  Posterior stack        : (100, 1, 1, 240, 240)
  Case output            : /Users/bhanugarg/archive/br_lora_library_staging/batch_0034/synthetic_008423
  Verdict                : PASS

[174/250] synthetic_008424
  Case seed              : 1152047568
  External subject       : BraTS20_Validation_105
  External slice         : 130
  Donor mask pixels      : 1971
  Posterior stack        : (100, 1, 1, 240, 240)
  Case output            : /Users/bhanugarg/archive/br_lora_library_staging/batch_0034/synthetic_008424
  Verdict                : PASS

[175/250] synthetic_008425
  Case seed              : 710500973
  External subject       : BraTS20_Validation_105
  External slice         : 131
  Donor mask pixels      : 1346
  Posterior stack        : (100, 1, 1, 240, 240)
  Case output            : /Users/bhanugarg/archive/br_lora_library_staging/batch_0034/synthetic_008425
  Verdict                : PASS

[176/250] synthetic_008426
  Case seed              : 962040090
  External subject       : BraTS20_Validation_105
  External slice         : 131
  Donor mask pixels      : 1124
  Posterior stack        : (100, 1, 1, 240, 240)
  Case output            : /Users/bhanugarg/archive/br_lora_library_staging/batch_0034/synthetic_008426
  Verdict                : PASS

[177/250] synthetic_008427
  Case seed              : 935832523
  External subject       : BraTS20_Validation_105
  External slice         : 132
  Donor mask pixels      : 1157
  Posterior stack        : (100, 1, 1, 240, 240)
  Case output            : /Users/bhanugarg/archive/br_lora_library_staging/batch_0034/synthetic_008427
  Verdict                : PASS

[178/250] synthetic_008428
  Case seed              : 1867368777
  External subject       : BraTS20_Validation_105
  External slice         : 132
  Donor mask pixels      : 391
  Posterior stack        : (100, 1, 1, 240, 240)
  Case output            : /Users/bhanugarg/archive/br_lora_library_staging/batch_0034/synthetic_008428
  Verdict                : PASS

[179/250] synthetic_008429
  Case seed              : 365240715
  External subject       : BraTS20_Validation_105
  External slice         : 133
  Donor mask pixels      : 512
  Posterior stack        : (100, 1, 1, 240, 240)
  Case output            : /Users/bhanugarg/archive/br_lora_library_staging/batch_0034/synthetic_008429
  Verdict                : PASS

[180/250] synthetic_008430
  Case seed              : 1664920035
  External subject       : BraTS20_Validation_105
  External slice         : 133
  Donor mask pixels      : 861
  Posterior stack        : (100, 1, 1, 240, 240)
  Case output            : /Users/bhanugarg/archive/br_lora_library_staging/batch_0034/synthetic_008430
  Verdict                : PASS

[181/250] synthetic_008431
  Case seed              : 404808959
  External subject       : BraTS20_Validation_105
  External slice         : 134
  Donor mask pixels      : 303
  Posterior stack        : (100, 1, 1, 240, 240)
  Case output            : /Users/bhanugarg/archive/br_lora_library_staging/batch_0034/synthetic_008431
  Verdict                : PASS

[182/250] synthetic_008432
  Case seed              : 99393840
  External subject       : BraTS20_Validation_105
  External slice         : 134
  Donor mask pixels      : 1091
  Posterior stack        : (100, 1, 1, 240, 240)
  Case output            : /Users/bhanugarg/archive/br_lora_library_staging/batch_0034/synthetic_008432
  Verdict                : PASS

[183/250] synthetic_008433
  Case seed              : 910621121
  External subject       : BraTS20_Validation_105
  External slice         : 135
  Donor mask pixels      : 595
  Posterior stack        : (100, 1, 1, 240, 240)
  Case output            : /Users/bhanugarg/archive/br_lora_library_staging/batch_0034/synthetic_008433
  Verdict                : PASS

[184/250] synthetic_008434
  Case seed              : 1214868789
  External subject       : BraTS20_Validation_105
  External slice         : 135
  Donor mask pixels      : 422
  Posterior stack        : (100, 1, 1, 240, 240)
  Case output            : /Users/bhanugarg/archive/br_lora_library_staging/batch_0034/synthetic_008434
  Verdict                : PASS

[185/250] synthetic_008435
  Case seed              : 2140838317
  External subject       : BraTS20_Validation_105
  External slice         : 136
  Donor mask pixels      : 1215
  Posterior stack        : (100, 1, 1, 240, 240)
  Case output            : /Users/bhanugarg/archive/br_lora_library_staging/batch_0034/synthetic_008435
  Verdict                : PASS

[186/250] synthetic_008436
  Case seed              : 395532449
  External subject       : BraTS20_Validation_105
  External slice         : 136
  Donor mask pixels      : 690
  Posterior stack        : (100, 1, 1, 240, 240)
  Case output            : /Users/bhanugarg/archive/br_lora_library_staging/batch_0034/synthetic_008436
  Verdict                : PASS

[187/250] synthetic_008437
  Case seed              : 1912433111
  External subject       : BraTS20_Validation_105
  External slice         : 137
  Donor mask pixels      : 904
  Posterior stack        : (100, 1, 1, 240, 240)
  Case output            : /Users/bhanugarg/archive/br_lora_library_staging/batch_0034/synthetic_008437
  Verdict                : PASS

[188/250] synthetic_008438
  Case seed              : 842706731
  External subject       : BraTS20_Validation_105
  External slice         : 137
  Donor mask pixels      : 593
  Posterior stack        : (100, 1, 1, 240, 240)
  Case output            : /Users/bhanugarg/archive/br_lora_library_staging/batch_0034/synthetic_008438
  Verdict                : PASS

[189/250] synthetic_008439
  Case seed              : 406325451
  External subject       : BraTS20_Validation_105
  External slice         : 138
  Donor mask pixels      : 1129
  Posterior stack        : (100, 1, 1, 240, 240)
  Case output            : /Users/bhanugarg/archive/br_lora_library_staging/batch_0034/synthetic_008439
  Verdict                : PASS

[190/250] synthetic_008440
  Case seed              : 425482100
  External subject       : BraTS20_Validation_105
  External slice         : 139
  Donor mask pixels      : 795
  Posterior stack        : (100, 1, 1, 240, 240)
  Case output            : /Users/bhanugarg/archive/br_lora_library_staging/batch_0034/synthetic_008440
  Verdict                : PASS

[191/250] synthetic_008441
  Case seed              : 582538930
  External subject       : BraTS20_Validation_106
  External slice         : 3
  Donor mask pixels      : 564
  Posterior stack        : (100, 1, 1, 240, 240)
  Case output            : /Users/bhanugarg/archive/br_lora_library_staging/batch_0034/synthetic_008441
  Verdict                : PASS

[192/250] synthetic_008442
  Case seed              : 1198177957
  External subject       : BraTS20_Validation_106
  External slice         : 4
  Donor mask pixels      : 823
  Posterior stack        : (100, 1, 1, 240, 240)
  Case output            : /Users/bhanugarg/archive/br_lora_library_staging/batch_0034/synthetic_008442
  Verdict                : PASS

[193/250] synthetic_008443
  Case seed              : 2117636296
  External subject       : BraTS20_Validation_106
  External slice         : 5
  Donor mask pixels      : 595
  Posterior stack        : (100, 1, 1, 240, 240)
  Case output            : /Users/bhanugarg/archive/br_lora_library_staging/batch_0034/synthetic_008443
  Verdict                : PASS

[194/250] synthetic_008444
  Case seed              : 2034207329
  External subject       : BraTS20_Validation_106
  External slice         : 6
  Donor mask pixels      : 443
  Posterior stack        : (100, 1, 1, 240, 240)
  Case output            : /Users/bhanugarg/archive/br_lora_library_staging/batch_0034/synthetic_008444
  Verdict                : PASS

[195/250] synthetic_008445
  Case seed              : 819214971
  External subject       : BraTS20_Validation_106
  External slice         : 7
  Donor mask pixels      : 863
  Posterior stack        : (100, 1, 1, 240, 240)
  Case output            : /Users/bhanugarg/archive/br_lora_library_staging/batch_0034/synthetic_008445
  Verdict                : PASS

[196/250] synthetic_008446
  Case seed              : 155948223
  External subject       : BraTS20_Validation_106
  External slice         : 8
  Donor mask pixels      : 632
  Posterior stack        : (100, 1, 1, 240, 240)
  Case output            : /Users/bhanugarg/archive/br_lora_library_staging/batch_0034/synthetic_008446
  Verdict                : PASS

[197/250] synthetic_008447
  Case seed              : 610432969
  External subject       : BraTS20_Validation_106
  External slice         : 9
  Donor mask pixels      : 707
  Posterior stack        : (100, 1, 1, 240, 240)
  Case output            : /Users/bhanugarg/archive/br_lora_library_staging/batch_0034/synthetic_008447
  Verdict                : PASS

[198/250] synthetic_008448
  Case seed              : 651539670
  External subject       : BraTS20_Validation_106
  External slice         : 10
  Donor mask pixels      : 1392
  Posterior stack        : (100, 1, 1, 240, 240)
  Case output            : /Users/bhanugarg/archive/br_lora_library_staging/batch_0034/synthetic_008448
  Verdict                : PASS

[199/250] synthetic_008449
  Case seed              : 1251187503
  External subject       : BraTS20_Validation_106
  External slice         : 12
  Donor mask pixels      : 463
  Posterior stack        : (100, 1, 1, 240, 240)
  Case output            : /Users/bhanugarg/archive/br_lora_library_staging/batch_0034/synthetic_008449
  Verdict                : PASS

[200/250] synthetic_008450
  Case seed              : 174436309
  External subject       : BraTS20_Validation_106
  External slice         : 13
  Donor mask pixels      : 1836
  Posterior stack        : (100, 1, 1, 240, 240)
  Case output            : /Users/bhanugarg/archive/br_lora_library_staging/batch_0034/synthetic_008450
  Verdict                : PASS

[201/250] synthetic_008451
  Case seed              : 159370058
  External subject       : BraTS20_Validation_106
  External slice         : 14
  Donor mask pixels      : 1222
  Posterior stack        : (100, 1, 1, 240, 240)
  Case output            : /Users/bhanugarg/archive/br_lora_library_staging/batch_0034/synthetic_008451
  Verdict                : PASS

[202/250] synthetic_008452
  Case seed              : 1296525756
  External subject       : BraTS20_Validation_106
  External slice         : 15
  Donor mask pixels      : 951
  Posterior stack        : (100, 1, 1, 240, 240)
  Case output            : /Users/bhanugarg/archive/br_lora_library_staging/batch_0034/synthetic_008452
  Verdict                : PASS

[203/250] synthetic_008453
  Case seed              : 1305940925
  External subject       : BraTS20_Validation_106
  External slice         : 16
  Donor mask pixels      : 1228
  Posterior stack        : (100, 1, 1, 240, 240)
  Case output            : /Users/bhanugarg/archive/br_lora_library_staging/batch_0034/synthetic_008453
  Verdict                : PASS

[204/250] synthetic_008454
  Case seed              : 229474899
  External subject       : BraTS20_Validation_106
  External slice         : 17
  Donor mask pixels      : 1193
  Posterior stack        : (100, 1, 1, 240, 240)
  Case output            : /Users/bhanugarg/archive/br_lora_library_staging/batch_0034/synthetic_008454
  Verdict                : PASS

[205/250] synthetic_008455
  Case seed              : 1072019272
  External subject       : BraTS20_Validation_106
  External slice         : 18
  Donor mask pixels      : 860
  Posterior stack        : (100, 1, 1, 240, 240)
  Case output            : /Users/bhanugarg/archive/br_lora_library_staging/batch_0034/synthetic_008455
  Verdict                : PASS

[206/250] synthetic_008456
  Case seed              : 1491479867
  External subject       : BraTS20_Validation_106
  External slice         : 19
  Donor mask pixels      : 2610
  Posterior stack        : (100, 1, 1, 240, 240)
  Case output            : /Users/bhanugarg/archive/br_lora_library_staging/batch_0034/synthetic_008456
  Verdict                : PASS

[207/250] synthetic_008457
  Case seed              : 1104622545
  External subject       : BraTS20_Validation_106
  External slice         : 20
  Donor mask pixels      : 950
  Posterior stack        : (100, 1, 1, 240, 240)
  Case output            : /Users/bhanugarg/archive/br_lora_library_staging/batch_0034/synthetic_008457
  Verdict                : PASS

[208/250] synthetic_008458
  Case seed              : 894185415
  External subject       : BraTS20_Validation_106
  External slice         : 21
  Donor mask pixels      : 2002
  Posterior stack        : (100, 1, 1, 240, 240)
  Case output            : /Users/bhanugarg/archive/br_lora_library_staging/batch_0034/synthetic_008458
  Verdict                : PASS

[209/250] synthetic_008459
  Case seed              : 1136524462
  External subject       : BraTS20_Validation_106
  External slice         : 22
  Donor mask pixels      : 845
  Posterior stack        : (100, 1, 1, 240, 240)
  Case output            : /Users/bhanugarg/archive/br_lora_library_staging/batch_0034/synthetic_008459
  Verdict                : PASS

[210/250] synthetic_008460
  Case seed              : 1573868872
  External subject       : BraTS20_Validation_106
  External slice         : 23
  Donor mask pixels      : 508
  Posterior stack        : (100, 1, 1, 240, 240)
  Case output            : /Users/bhanugarg/archive/br_lora_library_staging/batch_0034/synthetic_008460
  Verdict                : PASS

[211/250] synthetic_008461
  Case seed              : 227885329
  External subject       : BraTS20_Validation_106
  External slice         : 25
  Donor mask pixels      : 301
  Posterior stack        : (100, 1, 1, 240, 240)
  Case output            : /Users/bhanugarg/archive/br_lora_library_staging/batch_0034/synthetic_008461
  Verdict                : PASS

[212/250] synthetic_008462
  Case seed              : 1738645471
  External subject       : BraTS20_Validation_106
  External slice         : 26
  Donor mask pixels      : 1035
  Posterior stack        : (100, 1, 1, 240, 240)
  Case output            : /Users/bhanugarg/archive/br_lora_library_staging/batch_0034/synthetic_008462
  Verdict                : PASS

[213/250] synthetic_008463
  Case seed              : 2049553741
  External subject       : BraTS20_Validation_106
  External slice         : 27
  Donor mask pixels      : 1021
  Posterior stack        : (100, 1, 1, 240, 240)
  Case output            : /Users/bhanugarg/archive/br_lora_library_staging/batch_0034/synthetic_008463
  Verdict                : PASS

[214/250] synthetic_008464
  Case seed              : 2138097016
  External subject       : BraTS20_Validation_106
  External slice         : 28
  Donor mask pixels      : 333
  Posterior stack        : (100, 1, 1, 240, 240)
  Case output            : /Users/bhanugarg/archive/br_lora_library_staging/batch_0034/synthetic_008464
  Verdict                : PASS

[215/250] synthetic_008465
  Case seed              : 1638471135
  External subject       : BraTS20_Validation_106
  External slice         : 29
  Donor mask pixels      : 516
  Posterior stack        : (100, 1, 1, 240, 240)
  Case output            : /Users/bhanugarg/archive/br_lora_library_staging/batch_0034/synthetic_008465
  Verdict                : PASS

[216/250] synthetic_008466
  Case seed              : 1026477746
  External subject       : BraTS20_Validation_106
  External slice         : 30
  Donor mask pixels      : 362
  Posterior stack        : (100, 1, 1, 240, 240)
  Case output            : /Users/bhanugarg/archive/br_lora_library_staging/batch_0034/synthetic_008466
  Verdict                : PASS

[217/250] synthetic_008467
  Case seed              : 1635586269
  External subject       : BraTS20_Validation_106
  External slice         : 31
  Donor mask pixels      : 944
  Posterior stack        : (100, 1, 1, 240, 240)
  Case output            : /Users/bhanugarg/archive/br_lora_library_staging/batch_0034/synthetic_008467
  Verdict                : PASS

[218/250] synthetic_008468
  Case seed              : 1160699531
  External subject       : BraTS20_Validation_106
  External slice         : 32
  Donor mask pixels      : 681
  Posterior stack        : (100, 1, 1, 240, 240)
  Case output            : /Users/bhanugarg/archive/br_lora_library_staging/batch_0034/synthetic_008468
  Verdict                : PASS

[219/250] synthetic_008469
  Case seed              : 1463864645
  External subject       : BraTS20_Validation_106
  External slice         : 33
  Donor mask pixels      : 1084
  Posterior stack        : (100, 1, 1, 240, 240)
  Case output            : /Users/bhanugarg/archive/br_lora_library_staging/batch_0034/synthetic_008469
  Verdict                : PASS

[220/250] synthetic_008470
  Case seed              : 993218212
  External subject       : BraTS20_Validation_106
  External slice         : 34
  Donor mask pixels      : 1242
  Posterior stack        : (100, 1, 1, 240, 240)
  Case output            : /Users/bhanugarg/archive/br_lora_library_staging/batch_0034/synthetic_008470
  Verdict                : PASS

[221/250] synthetic_008471
  Case seed              : 162504456
  External subject       : BraTS20_Validation_106
  External slice         : 35
  Donor mask pixels      : 1562
  Posterior stack        : (100, 1, 1, 240, 240)
  Case output            : /Users/bhanugarg/archive/br_lora_library_staging/batch_0034/synthetic_008471
  Verdict                : PASS

[222/250] synthetic_008472
  Case seed              : 949335231
  External subject       : BraTS20_Validation_106
  External slice         : 36
  Donor mask pixels      : 1744
  Posterior stack        : (100, 1, 1, 240, 240)
  Case output            : /Users/bhanugarg/archive/br_lora_library_staging/batch_0034/synthetic_008472
  Verdict                : PASS

[223/250] synthetic_008473
  Case seed              : 1248019600
  External subject       : BraTS20_Validation_106
  External slice         : 37
  Donor mask pixels      : 2448
  Posterior stack        : (100, 1, 1, 240, 240)
  Case output            : /Users/bhanugarg/archive/br_lora_library_staging/batch_0034/synthetic_008473
  Verdict                : PASS

[224/250] synthetic_008474
  Case seed              : 1746064983
  External subject       : BraTS20_Validation_106
  External slice         : 38
  Donor mask pixels      : 2548
  Posterior stack        : (100, 1, 1, 240, 240)
  Case output            : /Users/bhanugarg/archive/br_lora_library_staging/batch_0034/synthetic_008474
  Verdict                : PASS

[225/250] synthetic_008475
  Case seed              : 1396404903
  External subject       : BraTS20_Validation_106
  External slice         : 39
  Donor mask pixels      : 1971
  Posterior stack        : (100, 1, 1, 240, 240)
  Case output            : /Users/bhanugarg/archive/br_lora_library_staging/batch_0034/synthetic_008475
  Verdict                : PASS

[226/250] synthetic_008476
  Case seed              : 2093226756
  External subject       : BraTS20_Validation_106
  External slice         : 40
  Donor mask pixels      : 1262
  Posterior stack        : (100, 1, 1, 240, 240)
  Case output            : /Users/bhanugarg/archive/br_lora_library_staging/batch_0034/synthetic_008476
  Verdict                : PASS

[227/250] synthetic_008477
  Case seed              : 1833795960
  External subject       : BraTS20_Validation_106
  External slice         : 41
  Donor mask pixels      : 1109
  Posterior stack        : (100, 1, 1, 240, 240)
  Case output            : /Users/bhanugarg/archive/br_lora_library_staging/batch_0034/synthetic_008477
  Verdict                : PASS

[228/250] synthetic_008478
  Case seed              : 63671080
  External subject       : BraTS20_Validation_106
  External slice         : 42
  Donor mask pixels      : 2289
  Posterior stack        : (100, 1, 1, 240, 240)
  Case output            : /Users/bhanugarg/archive/br_lora_library_staging/batch_0034/synthetic_008478
  Verdict                : PASS

[229/250] synthetic_008479
  Case seed              : 1065635769
  External subject       : BraTS20_Validation_106
  External slice         : 43
  Donor mask pixels      : 3480
  Posterior stack        : (100, 1, 1, 240, 240)
  Case output            : /Users/bhanugarg/archive/br_lora_library_staging/batch_0034/synthetic_008479
  Verdict                : PASS

[230/250] synthetic_008480
  Case seed              : 1502890267
  External subject       : BraTS20_Validation_106
  External slice         : 44
  Donor mask pixels      : 681
  Posterior stack        : (100, 1, 1, 240, 240)
  Case output            : /Users/bhanugarg/archive/br_lora_library_staging/batch_0034/synthetic_008480
  Verdict                : PASS

[231/250] synthetic_008481
  Case seed              : 1716457920
  External subject       : BraTS20_Validation_106
  External slice         : 45
  Donor mask pixels      : 1543
  Posterior stack        : (100, 1, 1, 240, 240)
  Case output            : /Users/bhanugarg/archive/br_lora_library_staging/batch_0034/synthetic_008481
  Verdict                : PASS

[232/250] synthetic_008482
  Case seed              : 1047617200
  External subject       : BraTS20_Validation_106
  External slice         : 46
  Donor mask pixels      : 1319
  Posterior stack        : (100, 1, 1, 240, 240)
  Case output            : /Users/bhanugarg/archive/br_lora_library_staging/batch_0034/synthetic_008482
  Verdict                : PASS

[233/250] synthetic_008483
  Case seed              : 637534698
  External subject       : BraTS20_Validation_106
  External slice         : 47
  Donor mask pixels      : 2165
  Posterior stack        : (100, 1, 1, 240, 240)
  Case output            : /Users/bhanugarg/archive/br_lora_library_staging/batch_0034/synthetic_008483
  Verdict                : PASS

[234/250] synthetic_008484
  Case seed              : 1734656718
  External subject       : BraTS20_Validation_106
  External slice         : 48
  Donor mask pixels      : 1528
  Posterior stack        : (100, 1, 1, 240, 240)
  Case output            : /Users/bhanugarg/archive/br_lora_library_staging/batch_0034/synthetic_008484
  Verdict                : PASS

[235/250] synthetic_008485
  Case seed              : 67940564
  External subject       : BraTS20_Validation_106
  External slice         : 49
  Donor mask pixels      : 5628
  Posterior stack        : (100, 1, 1, 240, 240)
  Case output            : /Users/bhanugarg/archive/br_lora_library_staging/batch_0034/synthetic_008485
  Verdict                : PASS

[236/250] synthetic_008486
  Case seed              : 1859209355
  External subject       : BraTS20_Validation_106
  External slice         : 50
  Donor mask pixels      : 2746
  Posterior stack        : (100, 1, 1, 240, 240)
  Case output            : /Users/bhanugarg/archive/br_lora_library_staging/batch_0034/synthetic_008486
  Verdict                : PASS

[237/250] synthetic_008487
  Case seed              : 2008973826
  External subject       : BraTS20_Validation_106
  External slice         : 51
  Donor mask pixels      : 3101
  Posterior stack        : (100, 1, 1, 240, 240)
  Case output            : /Users/bhanugarg/archive/br_lora_library_staging/batch_0034/synthetic_008487
  Verdict                : PASS

[238/250] synthetic_008488
  Case seed              : 1122834496
  External subject       : BraTS20_Validation_106
  External slice         : 52
  Donor mask pixels      : 2806
  Posterior stack        : (100, 1, 1, 240, 240)
  Case output            : /Users/bhanugarg/archive/br_lora_library_staging/batch_0034/synthetic_008488
  Verdict                : PASS

[239/250] synthetic_008489
  Case seed              : 50661618
  External subject       : BraTS20_Validation_106
  External slice         : 53
  Donor mask pixels      : 1480
  Posterior stack        : (100, 1, 1, 240, 240)
  Case output            : /Users/bhanugarg/archive/br_lora_library_staging/batch_0034/synthetic_008489
  Verdict                : PASS

[240/250] synthetic_008490
  Case seed              : 320563300
  External subject       : BraTS20_Validation_106
  External slice         : 54
  Donor mask pixels      : 3235
  Posterior stack        : (100, 1, 1, 240, 240)
  Case output            : /Users/bhanugarg/archive/br_lora_library_staging/batch_0034/synthetic_008490
  Verdict                : PASS

[241/250] synthetic_008491
  Case seed              : 1898455182
  External subject       : BraTS20_Validation_106
  External slice         : 55
  Donor mask pixels      : 1895
  Posterior stack        : (100, 1, 1, 240, 240)
  Case output            : /Users/bhanugarg/archive/br_lora_library_staging/batch_0034/synthetic_008491
  Verdict                : PASS

[242/250] synthetic_008492
  Case seed              : 595295564
  External subject       : BraTS20_Validation_106
  External slice         : 56
  Donor mask pixels      : 507
  Posterior stack        : (100, 1, 1, 240, 240)
  Case output            : /Users/bhanugarg/archive/br_lora_library_staging/batch_0034/synthetic_008492
  Verdict                : PASS

[243/250] synthetic_008493
  Case seed              : 857785599
  External subject       : BraTS20_Validation_106
  External slice         : 57
  Donor mask pixels      : 3394
  Posterior stack        : (100, 1, 1, 240, 240)
  Case output            : /Users/bhanugarg/archive/br_lora_library_staging/batch_0034/synthetic_008493
  Verdict                : PASS

[244/250] synthetic_008494
  Case seed              : 1156384632
  External subject       : BraTS20_Validation_106
  External slice         : 58
  Donor mask pixels      : 1070
  Posterior stack        : (100, 1, 1, 240, 240)
  Case output            : /Users/bhanugarg/archive/br_lora_library_staging/batch_0034/synthetic_008494
  Verdict                : PASS

[245/250] synthetic_008495
  Case seed              : 286617273
  External subject       : BraTS20_Validation_106
  External slice         : 59
  Donor mask pixels      : 2472
  Posterior stack        : (100, 1, 1, 240, 240)
  Case output            : /Users/bhanugarg/archive/br_lora_library_staging/batch_0034/synthetic_008495
  Verdict                : PASS

[246/250] synthetic_008496
  Case seed              : 1053086621
  External subject       : BraTS20_Validation_106
  External slice         : 60
  Donor mask pixels      : 2175
  Posterior stack        : (100, 1, 1, 240, 240)
  Case output            : /Users/bhanugarg/archive/br_lora_library_staging/batch_0034/synthetic_008496
  Verdict                : PASS

[247/250] synthetic_008497
  Case seed              : 2034007
  External subject       : BraTS20_Validation_106
  External slice         : 61
  Donor mask pixels      : 3083
  Posterior stack        : (100, 1, 1, 240, 240)
  Case output            : /Users/bhanugarg/archive/br_lora_library_staging/batch_0034/synthetic_008497
  Verdict                : PASS

[248/250] synthetic_008498
  Case seed              : 192748803
  External subject       : BraTS20_Validation_106
  External slice         : 62
  Donor mask pixels      : 1161
  Posterior stack        : (100, 1, 1, 240, 240)
  Case output            : /Users/bhanugarg/archive/br_lora_library_staging/batch_0034/synthetic_008498
  Verdict                : PASS

[249/250] synthetic_008499
  Case seed              : 219216671
  External subject       : BraTS20_Validation_106
  External slice         : 63
  Donor mask pixels      : 2483
  Posterior stack        : (100, 1, 1, 240, 240)
  Case output            : /Users/bhanugarg/archive/br_lora_library_staging/batch_0034/synthetic_008499
  Verdict                : PASS

[250/250] synthetic_008500
  Case seed              : 867130124
  External subject       : BraTS20_Validation_106
  External slice         : 64
  Donor mask pixels      : 2319
  Posterior stack        : (100, 1, 1, 240, 240)
  Case output            : /Users/bhanugarg/archive/br_lora_library_staging/batch_0034/synthetic_008500
  Verdict                : PASS

==============================================================================
BR-LoRA EXTERNAL EVALUATION: PASS
Completed cases          : 250
Posterior realizations   : 100 per case
Evaluation summary       : /Users/bhanugarg/archive/br_lora_library_staging/batch_0034/evaluation_summary.json
==============================================================================

==============================================================================
BR-LoRA LIBRARY BATCH PRODUCTION
==============================================================================

Batch                    : batch_0034
Frozen design manifest   : /Users/bhanugarg/Desktop/localized-medical-image-synthesis/downstream_evaluation/manifests/br_lora_library_design_10000/batches/batch_0034_manifest.csv
Execution manifest       : /Users/bhanugarg/Desktop/localized-medical-image-synthesis/downstream_evaluation/manifests/br_lora_library_design_10000/batches/batch_0034_external_evaluation_manifest.csv
Checkpoint               : /Users/bhanugarg/Desktop/localized-medical-image-synthesis/checkpoints/br_lora_full_train/final.pt
Posterior samples        : 100
Evaluation seed          : 42
Device                   : mps
Output                   : /Users/bhanugarg/archive/br_lora_library_staging/batch_0034
Prepare only             : False
Resume                   : False

===== EXECUTION MANIFEST: PASS =====
Cases                    : 250
Case IDs                 : synthetic_008251 to synthetic_008500
External subjects        : 4
Unique base slices       : 186
Unique donor slices      : 250
Manifest SHA-256         : d2998a8159eddae52078702b74551bdab3e754b46e7eae47997a36084d8757b7

==============================================================================
LAUNCHING VALIDATED BR-LoRA INFERENCE ENGINE
==============================================================================

/opt/anaconda3/envs/brats-nnunet/bin/python /Users/bhanugarg/Desktop/localized-medical-image-synthesis/scripts/evaluate_br_lora_external.py --checkpoint /Users/bhanugarg/Desktop/localized-medical-image-synthesis/checkpoints/br_lora_full_train/final.pt --validation-dataset /Users/bhanugarg/archive/BraTS2020_ValidationData/MICCAI_BraTS2020_ValidationData/validation_dataset.yaml --evaluation-manifest /Users/bhanugarg/Desktop/localized-medical-image-synthesis/downstream_evaluation/manifests/br_lora_library_design_10000/batches/batch_0034_external_evaluation_manifest.csv --posterior-samples 100 --seed 42 --output-dir /Users/bhanugarg/archive/br_lora_library_staging/batch_0034 --device mps


==============================================================================
LOCAL PRODUCTION AUDIT: PASS
==============================================================================
Cases audited            : 250
Problems                 : 0
Files checksummed        : 1501
Production audit         : /Users/bhanugarg/archive/br_lora_library_staging/br_lora_batch_0034_production_audit.json
Mac checksum inventory   : /Users/bhanugarg/archive/br_lora_library_staging/br_lora_batch_0034_mac_sha256.txt

==============================================================================
READY FOR FALCON TRANSFER
==============================================================================

No Falcon state was modified.
No local production data was deleted.
Remote batch destination reset:
  /scratch/bhanug/br_lora_library/batches/batch_0034
Transfer starting: 1752 files
./
evaluation_summary.json
            856 100%    3.01MB/s   00:00:00 (xfer#1, to-check=1/1752)
synthetic_008251/
synthetic_008251/composite_mean.pt
         232026 100%   75.08MB/s   00:00:00 (xfer#2, to-check=3/1752)
synthetic_008251/metadata.json
           1799 100%    5.15MB/s   00:00:00 (xfer#3, to-check=4/1752)
synthetic_008251/posterior_mean.pt
         232026 100%   93.56MB/s   00:00:00 (xfer#4, to-check=5/1752)
synthetic_008251/posterior_samples.pt
        6717440  27%   12.69MB/s   00:00:01       10027008  41%    5.16MB/s   00:00:02       14712832  60%    8.73MB/s   00:00:01       19431424  79%    8.59MB/s   00:00:00       24150016  98%    8.99MB/s   00:00:00       24657317 100%    8.69MB/s   00:00:02 (xfer#5, to-check=6/1752)
synthetic_008251/posterior_std.pt
         232019 100%   21.46MB/s   00:00:00 (xfer#6, to-check=7/1752)
synthetic_008251/posterior_variance.pt
         232054 100%   20.52MB/s   00:00:00 (xfer#7, to-check=8/1752)
synthetic_008252/
synthetic_008252/composite_mean.pt
         232026 100%   60.20MB/s   00:00:00 (xfer#8, to-check=10/1752)
synthetic_008252/metadata.json
           1799 100%   28.11MB/s   00:00:00 (xfer#9, to-check=11/1752)
synthetic_008252/posterior_mean.pt
         232026 100%    4.12MB/s   00:00:00 (xfer#10, to-check=12/1752)
synthetic_008252/posterior_samples.pt
        6029312  24%   10.73MB/s   00:00:01       11534336  47%   10.50MB/s   00:00:01       18219008  74%   12.27MB/s   00:00:00       23986176  97%   10.45MB/s   00:00:00       24657317 100%   10.48MB/s   00:00:02 (xfer#11, to-check=13/1752)
synthetic_008252/posterior_std.pt
         232019 100%  274.17MB/s   00:00:00 (xfer#12, to-check=14/1752)
synthetic_008252/posterior_variance.pt
         232054 100%    4.60MB/s   00:00:00 (xfer#13, to-check=15/1752)
synthetic_008253/
synthetic_008253/composite_mean.pt
         232026 100%   59.29MB/s   00:00:00 (xfer#14, to-check=17/1752)
synthetic_008253/metadata.json
           1799 100%   21.16MB/s   00:00:00 (xfer#15, to-check=18/1752)
synthetic_008253/posterior_mean.pt
         232026 100%   47.81MB/s   00:00:00 (xfer#16, to-check=19/1752)
synthetic_008253/posterior_samples.pt
        4816896  20%    9.18MB/s   00:00:02        9863168  40%    9.44MB/s   00:00:01       14843904  60%    8.90MB/s   00:00:01       20480000  83%    9.70MB/s   00:00:00       24657317 100%    9.31MB/s   00:00:02 (xfer#17, to-check=20/1752)
synthetic_008253/posterior_std.pt
         232019 100%   17.80MB/s   00:00:00 (xfer#18, to-check=21/1752)
synthetic_008253/posterior_variance.pt
         232054 100%   32.24MB/s   00:00:00 (xfer#19, to-check=22/1752)
synthetic_008254/
synthetic_008254/composite_mean.pt
         232026 100%   11.00MB/s   00:00:00 (xfer#20, to-check=24/1752)
synthetic_008254/metadata.json
           1798 100%   22.90MB/s   00:00:00 (xfer#21, to-check=25/1752)
synthetic_008254/posterior_mean.pt
         232026 100%    8.04MB/s   00:00:00 (xfer#22, to-check=26/1752)
synthetic_008254/posterior_samples.pt
        4980736  20%    9.42MB/s   00:00:01       10747904  44%   10.97MB/s   00:00:01       16646144  68%   11.15MB/s   00:00:00       22806528  92%   11.59MB/s   00:00:00       24657317 100%   10.72MB/s   00:00:02 (xfer#23, to-check=27/1752)
synthetic_008254/posterior_std.pt
         232019 100%  342.97MB/s   00:00:00 (xfer#24, to-check=28/1752)
synthetic_008254/posterior_variance.pt
         232054 100%    9.08MB/s   00:00:00 (xfer#25, to-check=29/1752)
synthetic_008255/
synthetic_008255/composite_mean.pt
         232026 100%   33.56MB/s   00:00:00 (xfer#26, to-check=31/1752)
synthetic_008255/metadata.json
           1799 100%   31.29MB/s   00:00:00 (xfer#27, to-check=32/1752)
synthetic_008255/posterior_mean.pt
         232026 100%   11.96MB/s   00:00:00 (xfer#28, to-check=33/1752)
synthetic_008255/posterior_samples.pt
        5767168  23%   10.99MB/s   00:00:01       11927552  48%   11.55MB/s   00:00:01       17956864  73%   11.38MB/s   00:00:00       24117248  98%   11.33MB/s   00:00:00       24657317 100%   11.26MB/s   00:00:02 (xfer#29, to-check=34/1752)
synthetic_008255/posterior_std.pt
         232019 100%   20.82MB/s   00:00:00 (xfer#30, to-check=35/1752)
synthetic_008255/posterior_variance.pt
         232054 100%   29.21MB/s   00:00:00 (xfer#31, to-check=36/1752)
synthetic_008256/
synthetic_008256/composite_mean.pt
         232026 100%   13.67MB/s   00:00:00 (xfer#32, to-check=38/1752)
synthetic_008256/metadata.json
           1799 100%   17.01MB/s   00:00:00 (xfer#33, to-check=39/1752)
synthetic_008256/posterior_mean.pt
         232026 100%    9.09MB/s   00:00:00 (xfer#34, to-check=40/1752)
synthetic_008256/posterior_samples.pt
        6160384  25%   11.49MB/s   00:00:01       11796480  48%   10.65MB/s   00:00:01       17694720  72%   11.25MB/s   00:00:00       22413312  91%    8.38MB/s   00:00:00       24657317 100%   10.15MB/s   00:00:02 (xfer#35, to-check=41/1752)
synthetic_008256/posterior_std.pt
         232019 100%  107.37MB/s   00:00:00 (xfer#36, to-check=42/1752)
synthetic_008256/posterior_variance.pt
         232054 100%    6.07MB/s   00:00:00 (xfer#37, to-check=43/1752)
synthetic_008257/
synthetic_008257/composite_mean.pt
         232026 100%   26.25MB/s   00:00:00 (xfer#38, to-check=45/1752)
synthetic_008257/metadata.json
           1799 100%   17.34MB/s   00:00:00 (xfer#39, to-check=46/1752)
synthetic_008257/posterior_mean.pt
         232026 100%    6.48MB/s   00:00:00 (xfer#40, to-check=47/1752)
synthetic_008257/posterior_samples.pt
        4587520  19%    8.69MB/s   00:00:02        9699328  39%    9.59MB/s   00:00:01       14942208  61%    9.88MB/s   00:00:00       20578304  83%   10.68MB/s   00:00:00       24657317 100%    9.67MB/s   00:00:02 (xfer#41, to-check=48/1752)
synthetic_008257/posterior_std.pt
         232019 100%   88.51MB/s   00:00:00 (xfer#42, to-check=49/1752)
synthetic_008257/posterior_variance.pt
         232054 100%   57.10MB/s   00:00:00 (xfer#43, to-check=50/1752)
synthetic_008258/
synthetic_008258/composite_mean.pt
         232026 100%   20.62MB/s   00:00:00 (xfer#44, to-check=52/1752)
synthetic_008258/metadata.json
           1800 100%   29.15MB/s   00:00:00 (xfer#45, to-check=53/1752)
synthetic_008258/posterior_mean.pt
         232026 100%    6.31MB/s   00:00:00 (xfer#46, to-check=54/1752)
synthetic_008258/posterior_samples.pt
        4554752  18%    8.52MB/s   00:00:02       10846208  44%   11.33MB/s   00:00:01       16613376  67%   10.73MB/s   00:00:00       21364736  87%    8.32MB/s   00:00:00       23658496  96%    4.11MB/s   00:00:00       24657317 100%    8.30MB/s   00:00:02 (xfer#47, to-check=55/1752)
synthetic_008258/posterior_std.pt
         232019 100%  111.36MB/s   00:00:00 (xfer#48, to-check=56/1752)
synthetic_008258/posterior_variance.pt
         232054 100%   11.90MB/s   00:00:00 (xfer#49, to-check=57/1752)
synthetic_008259/
synthetic_008259/composite_mean.pt
         232026 100%    7.66MB/s   00:00:00 (xfer#50, to-check=59/1752)
synthetic_008259/metadata.json
           1798 100%   11.75MB/s   00:00:00 (xfer#51, to-check=60/1752)
synthetic_008259/posterior_mean.pt
         232026 100%    2.85MB/s   00:00:00 (xfer#52, to-check=61/1752)
synthetic_008259/posterior_samples.pt
        3178496  13%    5.96MB/s   00:00:03        6848512  28%    6.61MB/s   00:00:02       10256384  42%    6.32MB/s   00:00:02       13926400  56%    6.95MB/s   00:00:01       17596416  71%    6.85MB/s   00:00:00       21135360  86%    6.63MB/s   00:00:00       24657317 100%    6.69MB/s   00:00:00       24657317 100%    6.50MB/s   00:00:03 (xfer#53, to-check=62/1752)
synthetic_008259/posterior_std.pt
         232019 100%   16.36MB/s   00:00:00 (xfer#54, to-check=63/1752)
synthetic_008259/posterior_variance.pt
         232054 100%   51.04MB/s   00:00:00 (xfer#55, to-check=64/1752)
synthetic_008260/
synthetic_008260/composite_mean.pt
         232026 100%    3.93MB/s   00:00:00 (xfer#56, to-check=66/1752)
synthetic_008260/metadata.json
           1799 100%   21.23MB/s   00:00:00 (xfer#57, to-check=67/1752)
synthetic_008260/posterior_mean.pt
         232026 100%   13.02MB/s   00:00:00 (xfer#58, to-check=68/1752)
synthetic_008260/posterior_samples.pt
        3670016  15%    6.76MB/s   00:00:02        7208960  29%    6.66MB/s   00:00:02       10878976  44%    6.99MB/s   00:00:01       14811136  60%    7.21MB/s   00:00:01       18874368  77%    7.50MB/s   00:00:00       22937600  93%    7.51MB/s   00:00:00       24657317 100%    7.10MB/s   00:00:03 (xfer#59, to-check=69/1752)
synthetic_008260/posterior_std.pt
         232019 100%   11.23MB/s   00:00:00 (xfer#60, to-check=70/1752)
synthetic_008260/posterior_variance.pt
         232054 100%   24.16MB/s   00:00:00 (xfer#61, to-check=71/1752)
synthetic_008261/
synthetic_008261/composite_mean.pt
         232026 100%    7.06MB/s   00:00:00 (xfer#62, to-check=73/1752)
synthetic_008261/metadata.json
           1798 100%   15.05MB/s   00:00:00 (xfer#63, to-check=74/1752)
synthetic_008261/posterior_mean.pt
         232026 100%    4.10MB/s   00:00:00 (xfer#64, to-check=75/1752)
synthetic_008261/posterior_samples.pt
        2523136  10%    4.55MB/s   00:00:04        5931008  24%    6.11MB/s   00:00:02        9076736  37%    5.74MB/s   00:00:02       12484608  51%    6.02MB/s   00:00:01       16285696  66%    7.17MB/s   00:00:01       20217856  82%    7.16MB/s   00:00:00       23887872  97%    6.64MB/s   00:00:00       24657317 100%    6.21MB/s   00:00:03 (xfer#65, to-check=76/1752)
synthetic_008261/posterior_std.pt
         232019 100%   13.40MB/s   00:00:00 (xfer#66, to-check=77/1752)
synthetic_008261/posterior_variance.pt
         232054 100%   26.60MB/s   00:00:00 (xfer#67, to-check=78/1752)
synthetic_008262/
synthetic_008262/composite_mean.pt
         232026 100%    4.57MB/s   00:00:00 (xfer#68, to-check=80/1752)
synthetic_008262/metadata.json
           1798 100%   19.03MB/s   00:00:00 (xfer#69, to-check=81/1752)
synthetic_008262/posterior_mean.pt
         232026 100%   14.97MB/s   00:00:00 (xfer#70, to-check=82/1752)
synthetic_008262/posterior_samples.pt
        4096000  17%    7.21MB/s   00:00:02        8290304  34%    7.88MB/s   00:00:01       12484608  51%    7.66MB/s   00:00:01       16547840  67%    7.24MB/s   00:00:01       20480000  83%    6.81MB/s   00:00:00       23527424  95%    5.78MB/s   00:00:00       24657317 100%    6.96MB/s   00:00:03 (xfer#71, to-check=83/1752)
synthetic_008262/posterior_std.pt
         232019 100%   17.56MB/s   00:00:00 (xfer#72, to-check=84/1752)
synthetic_008262/posterior_variance.pt
         232054 100%    8.44MB/s   00:00:00 (xfer#73, to-check=85/1752)
synthetic_008263/
synthetic_008263/composite_mean.pt
         232026 100%    4.35MB/s   00:00:00 (xfer#74, to-check=87/1752)
synthetic_008263/metadata.json
           1798 100%   17.67MB/s   00:00:00 (xfer#75, to-check=88/1752)
synthetic_008263/posterior_mean.pt
         232026 100%    5.30MB/s   00:00:00 (xfer#76, to-check=89/1752)
synthetic_008263/posterior_samples.pt
        3407872  14%    6.21MB/s   00:00:03        6815744  28%    6.43MB/s   00:00:02       10747904  44%    7.12MB/s   00:00:01       14942208  61%    7.45MB/s   00:00:01       19005440  77%    7.71MB/s   00:00:00       21364736  87%    4.48MB/s   00:00:00       24510464  99%    5.52MB/s   00:00:00       24657317 100%    6.39MB/s   00:00:03 (xfer#77, to-check=90/1752)
synthetic_008263/posterior_std.pt
         232019 100%   13.54MB/s   00:00:00 (xfer#78, to-check=91/1752)
synthetic_008263/posterior_variance.pt
         232054 100%   19.28MB/s   00:00:00 (xfer#79, to-check=92/1752)
synthetic_008264/
synthetic_008264/composite_mean.pt
         232026 100%    4.31MB/s   00:00:00 (xfer#80, to-check=94/1752)
synthetic_008264/metadata.json
           1798 100%   16.80MB/s   00:00:00 (xfer#81, to-check=95/1752)
synthetic_008264/posterior_mean.pt
         232026 100%   17.49MB/s   00:00:00 (xfer#82, to-check=96/1752)
synthetic_008264/posterior_samples.pt
        2686976  11%    5.00MB/s   00:00:04        5832704  24%    5.69MB/s   00:00:03        9109504  37%    6.13MB/s   00:00:02       12648448  51%    6.36MB/s   00:00:01       16187392  66%    6.56MB/s   00:00:01       19595264  79%    6.11MB/s   00:00:00       23265280  94%    6.60MB/s   00:00:00       24657317 100%    6.05MB/s   00:00:03 (xfer#83, to-check=97/1752)
synthetic_008264/posterior_std.pt
         232019 100%  116.83MB/s   00:00:00 (xfer#84, to-check=98/1752)
synthetic_008264/posterior_variance.pt
         232054 100%   12.74MB/s   00:00:00 (xfer#85, to-check=99/1752)
synthetic_008265/
synthetic_008265/composite_mean.pt
         232026 100%    3.80MB/s   00:00:00 (xfer#86, to-check=101/1752)
synthetic_008265/metadata.json
           1799 100%   11.51MB/s   00:00:00 (xfer#87, to-check=102/1752)
synthetic_008265/posterior_mean.pt
         232026 100%   25.48MB/s   00:00:00 (xfer#88, to-check=103/1752)
synthetic_008265/posterior_samples.pt
        3112960  13%    5.90MB/s   00:00:03        6782976  28%    6.64MB/s   00:00:02        9928704  40%    5.71MB/s   00:00:02       13598720  55%    6.98MB/s   00:00:01       17530880  71%    7.34MB/s   00:00:00       18710528  76%  508.43KB/s   00:00:11       24281088  98%    9.85MB/s   00:00:00       24657317 100%    4.34MB/s   00:00:05 (xfer#89, to-check=104/1752)
synthetic_008265/posterior_std.pt
         232019 100%   13.51MB/s   00:00:00 (xfer#90, to-check=105/1752)
synthetic_008265/posterior_variance.pt
         232054 100%   37.57MB/s   00:00:00 (xfer#91, to-check=106/1752)
synthetic_008266/
synthetic_008266/composite_mean.pt
         232026 100%    4.28MB/s   00:00:00 (xfer#92, to-check=108/1752)
synthetic_008266/metadata.json
           1798 100%   24.13MB/s   00:00:00 (xfer#93, to-check=109/1752)
synthetic_008266/posterior_mean.pt
         232026 100%   26.35MB/s   00:00:00 (xfer#94, to-check=110/1752)
synthetic_008266/posterior_samples.pt
        3997696  16%    7.45MB/s   00:00:02        8060928  33%    7.53MB/s   00:00:02       11993088  49%    7.47MB/s   00:00:01       16449536  67%    8.25MB/s   00:00:00       21168128  86%    8.98MB/s   00:00:00       24657317 100%    7.88MB/s   00:00:02 (xfer#95, to-check=111/1752)
synthetic_008266/posterior_std.pt
         232019 100%  129.10MB/s   00:00:00 (xfer#96, to-check=112/1752)
synthetic_008266/posterior_variance.pt
         232054 100%   16.26MB/s   00:00:00 (xfer#97, to-check=113/1752)
synthetic_008267/
synthetic_008267/composite_mean.pt
         232026 100%   18.69MB/s   00:00:00 (xfer#98, to-check=115/1752)
synthetic_008267/metadata.json
           1799 100%   27.26MB/s   00:00:00 (xfer#99, to-check=116/1752)
synthetic_008267/posterior_mean.pt
         232026 100%    5.38MB/s   00:00:00 (xfer#100, to-check=117/1752)
synthetic_008267/posterior_samples.pt
        4947968  20%    8.90MB/s   00:00:02        9797632  40%    9.15MB/s   00:00:01       14516224  59%    8.95MB/s   00:00:01       19726336  80%    9.94MB/s   00:00:00       24608768 100%    8.86MB/s   00:00:00       24657317 100%    9.04MB/s   00:00:02 (xfer#101, to-check=118/1752)
synthetic_008267/posterior_std.pt
         232019 100%  140.94MB/s   00:00:00 (xfer#102, to-check=119/1752)
synthetic_008267/posterior_variance.pt
         232054 100%  182.00MB/s   00:00:00 (xfer#103, to-check=120/1752)
synthetic_008268/
synthetic_008268/composite_mean.pt
         232026 100%    4.54MB/s   00:00:00 (xfer#104, to-check=122/1752)
synthetic_008268/metadata.json
           1798 100%   24.13MB/s   00:00:00 (xfer#105, to-check=123/1752)
synthetic_008268/posterior_mean.pt
         232026 100%   52.02MB/s   00:00:00 (xfer#106, to-check=124/1752)
synthetic_008268/posterior_samples.pt
        5406720  22%   10.28MB/s   00:00:01       10518528  43%    9.63MB/s   00:00:01       16547840  67%   11.29MB/s   00:00:00       23134208  94%   12.56MB/s   00:00:00       24657317 100%   10.88MB/s   00:00:02 (xfer#107, to-check=125/1752)
synthetic_008268/posterior_std.pt
         232019 100%   87.01MB/s   00:00:00 (xfer#108, to-check=126/1752)
synthetic_008268/posterior_variance.pt
         232054 100%  277.00MB/s   00:00:00 (xfer#109, to-check=127/1752)
synthetic_008269/
synthetic_008269/composite_mean.pt
         232026 100%   20.85MB/s   00:00:00 (xfer#110, to-check=129/1752)
synthetic_008269/metadata.json
           1798 100%   28.09MB/s   00:00:00 (xfer#111, to-check=130/1752)
synthetic_008269/posterior_mean.pt
         232026 100%   15.41MB/s   00:00:00 (xfer#112, to-check=131/1752)
synthetic_008269/posterior_samples.pt
        7143424  29%   13.62MB/s   00:00:01       13959168  57%   12.74MB/s   00:00:00       20774912  84%   12.79MB/s   00:00:00       24657317 100%   12.58MB/s   00:00:01 (xfer#113, to-check=132/1752)
synthetic_008269/posterior_std.pt
         232019 100%   73.83MB/s   00:00:00 (xfer#114, to-check=133/1752)
synthetic_008269/posterior_variance.pt
         232054 100%  192.94MB/s   00:00:00 (xfer#115, to-check=134/1752)
synthetic_008270/
synthetic_008270/composite_mean.pt
         232026 100%   14.60MB/s   00:00:00 (xfer#116, to-check=136/1752)
synthetic_008270/metadata.json
           1798 100%   33.61MB/s   00:00:00 (xfer#117, to-check=137/1752)
synthetic_008270/posterior_mean.pt
         232026 100%   10.75MB/s   00:00:00 (xfer#118, to-check=138/1752)
synthetic_008270/posterior_samples.pt
        6717440  27%   12.70MB/s   00:00:01       12222464  50%   10.49MB/s   00:00:01       19300352  78%   13.09MB/s   00:00:00       24657317 100%   12.11MB/s   00:00:01 (xfer#119, to-check=139/1752)
synthetic_008270/posterior_std.pt
         232019 100%   84.62MB/s   00:00:00 (xfer#120, to-check=140/1752)
synthetic_008270/posterior_variance.pt
         232054 100%  191.42MB/s   00:00:00 (xfer#121, to-check=141/1752)
synthetic_008271/
synthetic_008271/composite_mean.pt
         232026 100%  202.47MB/s   00:00:00 (xfer#122, to-check=143/1752)
synthetic_008271/metadata.json
           1798 100%   29.12MB/s   00:00:00 (xfer#123, to-check=144/1752)
synthetic_008271/posterior_mean.pt
         232026 100%   12.23MB/s   00:00:00 (xfer#124, to-check=145/1752)
synthetic_008271/posterior_samples.pt
        6717440  27%   12.69MB/s   00:00:01       11272192  46%    8.46MB/s   00:00:01       17694720  72%   11.80MB/s   00:00:00       24281088  98%   12.56MB/s   00:00:00       24657317 100%   11.33MB/s   00:00:02 (xfer#125, to-check=146/1752)
synthetic_008271/posterior_std.pt
         232019 100%   98.13MB/s   00:00:00 (xfer#126, to-check=147/1752)
synthetic_008271/posterior_variance.pt
         232054 100%    9.46MB/s   00:00:00 (xfer#127, to-check=148/1752)
synthetic_008272/
synthetic_008272/composite_mean.pt
         232026 100%   22.88MB/s   00:00:00 (xfer#128, to-check=150/1752)
synthetic_008272/metadata.json
           1799 100%   25.61MB/s   00:00:00 (xfer#129, to-check=151/1752)
synthetic_008272/posterior_mean.pt
         232026 100%   34.08MB/s   00:00:00 (xfer#130, to-check=152/1752)
synthetic_008272/posterior_samples.pt
        6455296  26%   12.30MB/s   00:00:01       13664256  55%   13.29MB/s   00:00:00       20611072  84%   13.21MB/s   00:00:00       24248320  98%    6.93MB/s   00:00:00       24657317 100%   11.35MB/s   00:00:02 (xfer#131, to-check=153/1752)
synthetic_008272/posterior_std.pt
         232019 100%   10.78MB/s   00:00:00 (xfer#132, to-check=154/1752)
synthetic_008272/posterior_variance.pt
         232054 100%   52.44MB/s   00:00:00 (xfer#133, to-check=155/1752)
synthetic_008273/
synthetic_008273/composite_mean.pt
         232026 100%   45.85MB/s   00:00:00 (xfer#134, to-check=157/1752)
synthetic_008273/metadata.json
           1798 100%   24.55MB/s   00:00:00 (xfer#135, to-check=158/1752)
synthetic_008273/posterior_mean.pt
         232026 100%    4.30MB/s   00:00:00 (xfer#136, to-check=159/1752)
synthetic_008273/posterior_samples.pt
        5505024  22%   10.39MB/s   00:00:01       11010048  45%   10.42MB/s   00:00:01       16777216  68%   10.35MB/s   00:00:00       22544384  91%   10.88MB/s   00:00:00       24657317 100%   10.53MB/s   00:00:02 (xfer#137, to-check=160/1752)
synthetic_008273/posterior_std.pt
         232019 100%   41.29MB/s   00:00:00 (xfer#138, to-check=161/1752)
synthetic_008273/posterior_variance.pt
         232054 100%   40.11MB/s   00:00:00 (xfer#139, to-check=162/1752)
synthetic_008274/
synthetic_008274/composite_mean.pt
         232026 100%    6.81MB/s   00:00:00 (xfer#140, to-check=164/1752)
synthetic_008274/metadata.json
           1798 100%   15.88MB/s   00:00:00 (xfer#141, to-check=165/1752)
synthetic_008274/posterior_mean.pt
         232026 100%   10.02MB/s   00:00:00 (xfer#142, to-check=166/1752)
synthetic_008274/posterior_samples.pt
        6291456  26%   11.96MB/s   00:00:01       12582912  51%   11.92MB/s   00:00:00       17432576  71%    9.00MB/s   00:00:00       23101440  94%    9.17MB/s   00:00:00       24657317 100%    9.70MB/s   00:00:02 (xfer#143, to-check=167/1752)
synthetic_008274/posterior_std.pt
         232019 100%  124.24MB/s   00:00:00 (xfer#144, to-check=168/1752)
synthetic_008274/posterior_variance.pt
         232054 100%    4.23MB/s   00:00:00 (xfer#145, to-check=169/1752)
synthetic_008275/
synthetic_008275/composite_mean.pt
         232026 100%    3.51MB/s   00:00:00 (xfer#146, to-check=171/1752)
synthetic_008275/metadata.json
           1798 100%    5.81MB/s   00:00:00 (xfer#147, to-check=172/1752)
synthetic_008275/posterior_mean.pt
         232026 100%    3.33MB/s   00:00:00 (xfer#148, to-check=173/1752)
synthetic_008275/posterior_samples.pt
        3375104  14%    6.03MB/s   00:00:03        7045120  29%    6.53MB/s   00:00:02       10584064  43%    6.55MB/s   00:00:02       14516224  59%    6.94MB/s   00:00:01       18055168  73%    6.65MB/s   00:00:00       21987328  89%    7.27MB/s   00:00:00       24657317 100%    6.67MB/s   00:00:03 (xfer#149, to-check=174/1752)
synthetic_008275/posterior_std.pt
         232019 100%  141.02MB/s   00:00:00 (xfer#150, to-check=175/1752)
synthetic_008275/posterior_variance.pt
         232054 100%   10.87MB/s   00:00:00 (xfer#151, to-check=176/1752)
synthetic_008276/
synthetic_008276/composite_mean.pt
         232026 100%   56.08MB/s   00:00:00 (xfer#152, to-check=178/1752)
synthetic_008276/metadata.json
           1799 100%  121.92KB/s   00:00:00 (xfer#153, to-check=179/1752)
synthetic_008276/posterior_mean.pt
         232026 100%    4.59MB/s   00:00:00 (xfer#154, to-check=180/1752)
synthetic_008276/posterior_samples.pt
        3702784  15%    7.02MB/s   00:00:02        7503872  30%    7.25MB/s   00:00:02       11304960  46%    7.06MB/s   00:00:01       15368192  62%    7.32MB/s   00:00:01       19300352  78%    7.41MB/s   00:00:00       22970368  93%    6.92MB/s   00:00:00       24657317 100%    7.14MB/s   00:00:03 (xfer#155, to-check=181/1752)
synthetic_008276/posterior_std.pt
         232019 100%   99.81MB/s   00:00:00 (xfer#156, to-check=182/1752)
synthetic_008276/posterior_variance.pt
         232054 100%    8.00MB/s   00:00:00 (xfer#157, to-check=183/1752)
synthetic_008277/
synthetic_008277/composite_mean.pt
         232026 100%   18.31MB/s   00:00:00 (xfer#158, to-check=185/1752)
synthetic_008277/metadata.json
           1798 100%   11.66MB/s   00:00:00 (xfer#159, to-check=186/1752)
synthetic_008277/posterior_mean.pt
         232026 100%    4.75MB/s   00:00:00 (xfer#160, to-check=187/1752)
synthetic_008277/posterior_samples.pt
        4325376  18%    7.56MB/s   00:00:02        8912896  36%    8.10MB/s   00:00:01       13500416  55%    8.24MB/s   00:00:01       17825792  72%    8.23MB/s   00:00:00       22151168  90%    7.72MB/s   00:00:00       24657317 100%    7.67MB/s   00:00:03 (xfer#161, to-check=188/1752)
synthetic_008277/posterior_std.pt
         232019 100%  168.89MB/s   00:00:00 (xfer#162, to-check=189/1752)
synthetic_008277/posterior_variance.pt
         232054 100%  264.75MB/s   00:00:00 (xfer#163, to-check=190/1752)
synthetic_008278/
synthetic_008278/composite_mean.pt
         232026 100%    2.11MB/s   00:00:00 (xfer#164, to-check=192/1752)
synthetic_008278/metadata.json
           1798 100%   15.43MB/s   00:00:00 (xfer#165, to-check=193/1752)
synthetic_008278/posterior_mean.pt
         232026 100%    3.36MB/s   00:00:00 (xfer#166, to-check=194/1752)
synthetic_008278/posterior_samples.pt
        3342336  14%    6.12MB/s   00:00:03        7012352  28%    6.89MB/s   00:00:02       11075584  45%    7.49MB/s   00:00:01       15007744  61%    7.08MB/s   00:00:01       19464192  79%    8.50MB/s   00:00:00       23789568  96%    7.91MB/s   00:00:00       24657317 100%    7.27MB/s   00:00:03 (xfer#167, to-check=195/1752)
synthetic_008278/posterior_std.pt
         232019 100%   88.30MB/s   00:00:00 (xfer#168, to-check=196/1752)
synthetic_008278/posterior_variance.pt
         232054 100%    9.05MB/s   00:00:00 (xfer#169, to-check=197/1752)
synthetic_008279/
synthetic_008279/composite_mean.pt
         232026 100%   29.97MB/s   00:00:00 (xfer#170, to-check=199/1752)
synthetic_008279/metadata.json
           1800 100%   22.57MB/s   00:00:00 (xfer#171, to-check=200/1752)
synthetic_008279/posterior_mean.pt
         232026 100%   12.57MB/s   00:00:00 (xfer#172, to-check=201/1752)
synthetic_008279/posterior_samples.pt
        4292608  17%    7.89MB/s   00:00:02        8880128  36%    8.71MB/s   00:00:01       11927552  48%    5.64MB/s   00:00:02       15073280  61%    5.88MB/s   00:00:01       18350080  74%    5.87MB/s   00:00:01       21102592  86%    5.25MB/s   00:00:00       23658496  96%    4.81MB/s   00:00:00       24657317 100%    6.17MB/s   00:00:03 (xfer#173, to-check=202/1752)
synthetic_008279/posterior_std.pt
         232019 100%    8.97MB/s   00:00:00 (xfer#174, to-check=203/1752)
synthetic_008279/posterior_variance.pt
         232054 100%    7.29MB/s   00:00:00 (xfer#175, to-check=204/1752)
synthetic_008280/
synthetic_008280/composite_mean.pt
         232026 100%    3.83MB/s   00:00:00 (xfer#176, to-check=206/1752)
synthetic_008280/metadata.json
           1798 100%    5.81MB/s   00:00:00 (xfer#177, to-check=207/1752)
synthetic_008280/posterior_mean.pt
         232026 100%    7.80MB/s   00:00:00 (xfer#178, to-check=208/1752)
synthetic_008280/posterior_samples.pt
        2818048  11%    5.32MB/s   00:00:03        5963776  24%    5.65MB/s   00:00:03        8978432  36%    5.55MB/s   00:00:02       11960320  49%    5.63MB/s   00:00:02       14843904  60%    5.49MB/s   00:00:01       17727488  72%    5.28MB/s   00:00:01       20742144  84%    5.71MB/s   00:00:00       23887872  97%    5.90MB/s   00:00:00       24657317 100%    5.52MB/s   00:00:04 (xfer#179, to-check=209/1752)
synthetic_008280/posterior_std.pt
         232019 100%  122.58MB/s   00:00:00 (xfer#180, to-check=210/1752)
synthetic_008280/posterior_variance.pt
         232054 100%   10.37MB/s   00:00:00 (xfer#181, to-check=211/1752)
synthetic_008281/
synthetic_008281/composite_mean.pt
         232026 100%    5.30MB/s   00:00:00 (xfer#182, to-check=213/1752)
synthetic_008281/metadata.json
           1799 100%   20.68MB/s   00:00:00 (xfer#183, to-check=214/1752)
synthetic_008281/posterior_mean.pt
         232026 100%    8.71MB/s   00:00:00 (xfer#184, to-check=215/1752)
synthetic_008281/posterior_samples.pt
        3178496  13%    6.05MB/s   00:00:03        6586368  27%    6.42MB/s   00:00:02        9994240  41%    6.30MB/s   00:00:02       13664256  55%    6.75MB/s   00:00:01       17203200  70%    6.71MB/s   00:00:01       20742144  84%    6.37MB/s   00:00:00       24248320  98%    6.67MB/s   00:00:00       24657317 100%    6.41MB/s   00:00:03 (xfer#185, to-check=216/1752)
synthetic_008281/posterior_std.pt
         232019 100%  132.19MB/s   00:00:00 (xfer#186, to-check=217/1752)
synthetic_008281/posterior_variance.pt
         232054 100%  200.65MB/s   00:00:00 (xfer#187, to-check=218/1752)
synthetic_008282/
synthetic_008282/composite_mean.pt
         232026 100%    5.78MB/s   00:00:00 (xfer#188, to-check=220/1752)
synthetic_008282/metadata.json
           1799 100%   21.48MB/s   00:00:00 (xfer#189, to-check=221/1752)
synthetic_008282/posterior_mean.pt
         232026 100%    3.99MB/s   00:00:00 (xfer#190, to-check=222/1752)
synthetic_008282/posterior_samples.pt
        3801088  15%    7.24MB/s   00:00:02        7995392  32%    7.52MB/s   00:00:02       11108352  45%    5.53MB/s   00:00:02       14385152  58%    5.83MB/s   00:00:01       17924096  73%    6.47MB/s   00:00:00       21331968  87%    6.50MB/s   00:00:00       24657317 100%    6.54MB/s   00:00:03 (xfer#191, to-check=223/1752)
synthetic_008282/posterior_std.pt
         232019 100%   23.09MB/s   00:00:00 (xfer#192, to-check=224/1752)
synthetic_008282/posterior_variance.pt
         232054 100%   11.07MB/s   00:00:00 (xfer#193, to-check=225/1752)
synthetic_008283/
synthetic_008283/composite_mean.pt
         232026 100%    5.00MB/s   00:00:00 (xfer#194, to-check=227/1752)
synthetic_008283/metadata.json
           1798 100%   20.15MB/s   00:00:00 (xfer#195, to-check=228/1752)
synthetic_008283/posterior_mean.pt
         232026 100%   29.15MB/s   00:00:00 (xfer#196, to-check=229/1752)
synthetic_008283/posterior_samples.pt
        3407872  14%    6.35MB/s   00:00:03        7077888  29%    6.81MB/s   00:00:02       11141120  45%    7.71MB/s   00:00:01       15204352  62%    7.50MB/s   00:00:01       19398656  79%    7.85MB/s   00:00:00       23592960  96%    7.74MB/s   00:00:00       24657317 100%    7.25MB/s   00:00:03 (xfer#197, to-check=230/1752)
synthetic_008283/posterior_std.pt
         232019 100%  136.26MB/s   00:00:00 (xfer#198, to-check=231/1752)
synthetic_008283/posterior_variance.pt
         232054 100%   13.84MB/s   00:00:00 (xfer#199, to-check=232/1752)
synthetic_008284/
synthetic_008284/composite_mean.pt
         232026 100%   10.74MB/s   00:00:00 (xfer#200, to-check=234/1752)
synthetic_008284/metadata.json
           1798 100%   23.13MB/s   00:00:00 (xfer#201, to-check=235/1752)
synthetic_008284/posterior_mean.pt
         232026 100%    9.31MB/s   00:00:00 (xfer#202, to-check=236/1752)
synthetic_008284/posterior_samples.pt
        3833856  16%    7.24MB/s   00:00:02        7110656  29%    5.99MB/s   00:00:02       10387456  42%    6.25MB/s   00:00:02       13500416  55%    5.70MB/s   00:00:01       16515072  67%    5.29MB/s   00:00:01       20447232  83%    6.90MB/s   00:00:00       24248320  98%    7.25MB/s   00:00:00       24657317 100%    6.32MB/s   00:00:03 (xfer#203, to-check=237/1752)
synthetic_008284/posterior_std.pt
         232019 100%   12.89MB/s   00:00:00 (xfer#204, to-check=238/1752)
synthetic_008284/posterior_variance.pt
         232054 100%    8.98MB/s   00:00:00 (xfer#205, to-check=239/1752)
synthetic_008285/
synthetic_008285/composite_mean.pt
         232026 100%    6.25MB/s   00:00:00 (xfer#206, to-check=241/1752)
synthetic_008285/metadata.json
           1796 100%   19.47MB/s   00:00:00 (xfer#207, to-check=242/1752)
synthetic_008285/posterior_mean.pt
         232026 100%    5.21MB/s   00:00:00 (xfer#208, to-check=243/1752)
synthetic_008285/posterior_samples.pt
        3637248  15%    6.94MB/s   00:00:02        7766016  31%    7.49MB/s   00:00:02        9994240  41%    3.62MB/s   00:00:03       13926400  56%    7.32MB/s   00:00:01       17727488  72%    6.24MB/s   00:00:01       21528576  87%    7.20MB/s   00:00:00       24657317 100%    6.44MB/s   00:00:03 (xfer#209, to-check=244/1752)
synthetic_008285/posterior_std.pt
         232019 100%   26.08MB/s   00:00:00 (xfer#210, to-check=245/1752)
synthetic_008285/posterior_variance.pt
         232054 100%   48.60MB/s   00:00:00 (xfer#211, to-check=246/1752)
synthetic_008286/
synthetic_008286/composite_mean.pt
         232026 100%    4.09MB/s   00:00:00 (xfer#212, to-check=248/1752)
synthetic_008286/metadata.json
           1798 100%   18.44MB/s   00:00:00 (xfer#213, to-check=249/1752)
synthetic_008286/posterior_mean.pt
         232026 100%   22.03MB/s   00:00:00 (xfer#214, to-check=250/1752)
synthetic_008286/posterior_samples.pt
        3964928  16%    7.42MB/s   00:00:02        8028160  33%    7.66MB/s   00:00:02       12091392  49%    7.57MB/s   00:00:01       16285696  66%    7.86MB/s   00:00:01       20086784  81%    6.85MB/s   00:00:00       24281088  98%    7.95MB/s   00:00:00       24657317 100%    7.48MB/s   00:00:03 (xfer#215, to-check=251/1752)
synthetic_008286/posterior_std.pt
         232019 100%   45.47MB/s   00:00:00 (xfer#216, to-check=252/1752)
synthetic_008286/posterior_variance.pt
         232054 100%   13.83MB/s   00:00:00 (xfer#217, to-check=253/1752)
synthetic_008287/
synthetic_008287/composite_mean.pt
         232026 100%    6.13MB/s   00:00:00 (xfer#218, to-check=255/1752)
synthetic_008287/metadata.json
           1798 100%   22.27MB/s   00:00:00 (xfer#219, to-check=256/1752)
synthetic_008287/posterior_mean.pt
         232026 100%    9.52MB/s   00:00:00 (xfer#220, to-check=257/1752)
synthetic_008287/posterior_samples.pt
        4292608  17%    8.00MB/s   00:00:02        8749056  35%    8.34MB/s   00:00:01       13205504  54%    8.05MB/s   00:00:01       17661952  72%    8.12MB/s   00:00:00       21856256  89%    7.92MB/s   00:00:00       24657317 100%    8.13MB/s   00:00:02 (xfer#221, to-check=258/1752)
synthetic_008287/posterior_std.pt
         232019 100%  136.84MB/s   00:00:00 (xfer#222, to-check=259/1752)
synthetic_008287/posterior_variance.pt
         232054 100%  235.17MB/s   00:00:00 (xfer#223, to-check=260/1752)
synthetic_008288/
synthetic_008288/composite_mean.pt
         232026 100%    8.36MB/s   00:00:00 (xfer#224, to-check=262/1752)
synthetic_008288/metadata.json
           1798 100%   30.09MB/s   00:00:00 (xfer#225, to-check=263/1752)
synthetic_008288/posterior_mean.pt
         232026 100%   22.17MB/s   00:00:00 (xfer#226, to-check=264/1752)
synthetic_008288/posterior_samples.pt
        5210112  21%    9.75MB/s   00:00:01       10715136  43%   10.40MB/s   00:00:01       16482304  67%   10.99MB/s   00:00:00       22511616  91%   11.26MB/s   00:00:00       24657317 100%   10.52MB/s   00:00:02 (xfer#227, to-check=265/1752)
synthetic_008288/posterior_std.pt
         232019 100%  134.25MB/s   00:00:00 (xfer#228, to-check=266/1752)
synthetic_008288/posterior_variance.pt
         232054 100%  162.50MB/s   00:00:00 (xfer#229, to-check=267/1752)
synthetic_008289/
synthetic_008289/composite_mean.pt
         232026 100%   11.30MB/s   00:00:00 (xfer#230, to-check=269/1752)
synthetic_008289/metadata.json
           1796 100%   28.06MB/s   00:00:00 (xfer#231, to-check=270/1752)
synthetic_008289/posterior_mean.pt
         232026 100%   63.06MB/s   00:00:00 (xfer#232, to-check=271/1752)
synthetic_008289/posterior_samples.pt
        6717440  27%   12.78MB/s   00:00:01       14057472  57%   13.76MB/s   00:00:00       19070976  77%    9.55MB/s   00:00:00       24182784  98%    9.56MB/s   00:00:00       24657317 100%   11.21MB/s   00:00:02 (xfer#233, to-check=272/1752)
synthetic_008289/posterior_std.pt
         232019 100%  124.88MB/s   00:00:00 (xfer#234, to-check=273/1752)
synthetic_008289/posterior_variance.pt
         232054 100%    6.25MB/s   00:00:00 (xfer#235, to-check=274/1752)
synthetic_008290/
synthetic_008290/composite_mean.pt
         232026 100%   27.90MB/s   00:00:00 (xfer#236, to-check=276/1752)
synthetic_008290/metadata.json
           1798 100%   27.24MB/s   00:00:00 (xfer#237, to-check=277/1752)
synthetic_008290/posterior_mean.pt
         232026 100%    5.20MB/s   00:00:00 (xfer#238, to-check=278/1752)
synthetic_008290/posterior_samples.pt
        6455296  26%   12.11MB/s   00:00:01       12877824  52%   12.13MB/s   00:00:00       20086784  81%   13.35MB/s   00:00:00       24657317 100%   12.51MB/s   00:00:01 (xfer#239, to-check=279/1752)
synthetic_008290/posterior_std.pt
         232019 100%   38.16MB/s   00:00:00 (xfer#240, to-check=280/1752)
synthetic_008290/posterior_variance.pt
         232054 100%   24.03MB/s   00:00:00 (xfer#241, to-check=281/1752)
synthetic_008291/
synthetic_008291/composite_mean.pt
         232026 100%    8.91MB/s   00:00:00 (xfer#242, to-check=283/1752)
synthetic_008291/metadata.json
           1797 100%   23.19MB/s   00:00:00 (xfer#243, to-check=284/1752)
synthetic_008291/posterior_mean.pt
         232026 100%   16.25MB/s   00:00:00 (xfer#244, to-check=285/1752)
synthetic_008291/posterior_samples.pt
        5046272  20%    8.34MB/s   00:00:02        8159232  33%    5.79MB/s   00:00:02       13664256  55%   10.39MB/s   00:00:01       19562496  79%   11.15MB/s   00:00:00       24657317 100%    9.71MB/s   00:00:00       24657317 100%    8.91MB/s   00:00:02 (xfer#245, to-check=286/1752)
synthetic_008291/posterior_std.pt
         232019 100%  115.06MB/s   00:00:00 (xfer#246, to-check=287/1752)
synthetic_008291/posterior_variance.pt
         232054 100%  213.04MB/s   00:00:00 (xfer#247, to-check=288/1752)
synthetic_008292/
synthetic_008292/composite_mean.pt
         232026 100%   19.24MB/s   00:00:00 (xfer#248, to-check=290/1752)
synthetic_008292/metadata.json
           1799 100%   26.46MB/s   00:00:00 (xfer#249, to-check=291/1752)
synthetic_008292/posterior_mean.pt
         232026 100%   17.78MB/s   00:00:00 (xfer#250, to-check=292/1752)
synthetic_008292/posterior_samples.pt
        5537792  22%   10.49MB/s   00:00:01       11698176  47%   11.63MB/s   00:00:01       17858560  72%   11.46MB/s   00:00:00       24150016  98%   11.82MB/s   00:00:00       24657317 100%   11.20MB/s   00:00:02 (xfer#251, to-check=293/1752)
synthetic_008292/posterior_std.pt
         232019 100%   86.70MB/s   00:00:00 (xfer#252, to-check=294/1752)
synthetic_008292/posterior_variance.pt
         232054 100%  223.72MB/s   00:00:00 (xfer#253, to-check=295/1752)
synthetic_008293/
synthetic_008293/composite_mean.pt
         232026 100%   48.89MB/s   00:00:00 (xfer#254, to-check=297/1752)
synthetic_008293/metadata.json
           1799 100%   25.25MB/s   00:00:00 (xfer#255, to-check=298/1752)
synthetic_008293/posterior_mean.pt
         232026 100%    6.41MB/s   00:00:00 (xfer#256, to-check=299/1752)
synthetic_008293/posterior_samples.pt
        6160384  25%   11.65MB/s   00:00:01       12845056  52%   12.41MB/s   00:00:00       18743296  76%   11.02MB/s   00:00:00       24657317 100%   11.59MB/s   00:00:02 (xfer#257, to-check=300/1752)
synthetic_008293/posterior_std.pt
         232019 100%  156.72MB/s   00:00:00 (xfer#258, to-check=301/1752)
synthetic_008293/posterior_variance.pt
         232054 100%    6.24MB/s   00:00:00 (xfer#259, to-check=302/1752)
synthetic_008294/
synthetic_008294/composite_mean.pt
         232026 100%  180.18MB/s   00:00:00 (xfer#260, to-check=304/1752)
synthetic_008294/metadata.json
           1798 100%   32.99MB/s   00:00:00 (xfer#261, to-check=305/1752)
synthetic_008294/posterior_mean.pt
         232026 100%   13.47MB/s   00:00:00 (xfer#262, to-check=306/1752)
synthetic_008294/posterior_samples.pt
        6160384  25%   11.72MB/s   00:00:01       11927552  48%   10.68MB/s   00:00:01       18219008  74%   11.83MB/s   00:00:00       24641536 100%   12.14MB/s   00:00:00       24657317 100%   11.44MB/s   00:00:02 (xfer#263, to-check=307/1752)
synthetic_008294/posterior_std.pt
         232019 100%  139.60MB/s   00:00:00 (xfer#264, to-check=308/1752)
synthetic_008294/posterior_variance.pt
         232054 100%   21.94MB/s   00:00:00 (xfer#265, to-check=309/1752)
synthetic_008295/
synthetic_008295/composite_mean.pt
         232026 100%   16.57MB/s   00:00:00 (xfer#266, to-check=311/1752)
synthetic_008295/metadata.json
           1799 100%   31.84MB/s   00:00:00 (xfer#267, to-check=312/1752)
synthetic_008295/posterior_mean.pt
         232026 100%   19.77MB/s   00:00:00 (xfer#268, to-check=313/1752)
synthetic_008295/posterior_samples.pt
        6356992  26%   11.73MB/s   00:00:01       11468800  47%    9.28MB/s   00:00:01       16318464  66%    9.06MB/s   00:00:00       21692416  88%    9.87MB/s   00:00:00       24657317 100%    9.99MB/s   00:00:02 (xfer#269, to-check=314/1752)
synthetic_008295/posterior_std.pt
         232019 100%   12.18MB/s   00:00:00 (xfer#270, to-check=315/1752)
synthetic_008295/posterior_variance.pt
         232054 100%   11.41MB/s   00:00:00 (xfer#271, to-check=316/1752)
synthetic_008296/
synthetic_008296/composite_mean.pt
         232026 100%   48.51MB/s   00:00:00 (xfer#272, to-check=318/1752)
synthetic_008296/metadata.json
           1798 100%   30.60MB/s   00:00:00 (xfer#273, to-check=319/1752)
synthetic_008296/posterior_mean.pt
         232026 100%    3.99MB/s   00:00:00 (xfer#274, to-check=320/1752)
synthetic_008296/posterior_samples.pt
        5275648  21%    9.16MB/s   00:00:02       10911744  44%   10.42MB/s   00:00:01       16941056  69%   11.44MB/s   00:00:00       22970368  93%   11.46MB/s   00:00:00       24657317 100%   10.43MB/s   00:00:02 (xfer#275, to-check=321/1752)
synthetic_008296/posterior_std.pt
         232019 100%  141.47MB/s   00:00:00 (xfer#276, to-check=322/1752)
synthetic_008296/posterior_variance.pt
         232054 100%  280.43MB/s   00:00:00 (xfer#277, to-check=323/1752)
synthetic_008297/
synthetic_008297/composite_mean.pt
         232026 100%  171.02MB/s   00:00:00 (xfer#278, to-check=325/1752)
synthetic_008297/metadata.json
           1799 100%   39.11MB/s   00:00:00 (xfer#279, to-check=326/1752)
synthetic_008297/posterior_mean.pt
         232026 100%    5.64MB/s   00:00:00 (xfer#280, to-check=327/1752)
synthetic_008297/posterior_samples.pt
        6586368  27%   12.06MB/s   00:00:01       12615680  51%   11.22MB/s   00:00:01       18776064  76%   11.59MB/s   00:00:00       24657317 100%   11.58MB/s   00:00:02 (xfer#281, to-check=328/1752)
synthetic_008297/posterior_std.pt
         232019 100%  186.10MB/s   00:00:00 (xfer#282, to-check=329/1752)
synthetic_008297/posterior_variance.pt
         232054 100%   14.65MB/s   00:00:00 (xfer#283, to-check=330/1752)
synthetic_008298/
synthetic_008298/composite_mean.pt
         232026 100%    7.42MB/s   00:00:00 (xfer#284, to-check=332/1752)
synthetic_008298/metadata.json
           1799 100%   29.49MB/s   00:00:00 (xfer#285, to-check=333/1752)
synthetic_008298/posterior_mean.pt
         232026 100%   16.90MB/s   00:00:00 (xfer#286, to-check=334/1752)
synthetic_008298/posterior_samples.pt
        6094848  25%   11.46MB/s   00:00:01       12517376  51%   12.02MB/s   00:00:00       17760256  72%    9.76MB/s   00:00:00       24444928  99%   12.34MB/s   00:00:00       24657317 100%   11.26MB/s   00:00:02 (xfer#287, to-check=335/1752)
synthetic_008298/posterior_std.pt
         232019 100%  196.34MB/s   00:00:00 (xfer#288, to-check=336/1752)
synthetic_008298/posterior_variance.pt
         232054 100%  256.48MB/s   00:00:00 (xfer#289, to-check=337/1752)
synthetic_008299/
synthetic_008299/composite_mean.pt
         232026 100%    8.71MB/s   00:00:00 (xfer#290, to-check=339/1752)
synthetic_008299/metadata.json
           1800 100%   31.30MB/s   00:00:00 (xfer#291, to-check=340/1752)
synthetic_008299/posterior_mean.pt
         232026 100%    9.22MB/s   00:00:00 (xfer#292, to-check=341/1752)
synthetic_008299/posterior_samples.pt
        6520832  26%   12.39MB/s   00:00:01       12943360  52%   12.07MB/s   00:00:00       16384000  66%    6.43MB/s   00:00:01       21233664  86%    9.08MB/s   00:00:00       24657317 100%    9.74MB/s   00:00:02 (xfer#293, to-check=342/1752)
synthetic_008299/posterior_std.pt
         232019 100%   95.33MB/s   00:00:00 (xfer#294, to-check=343/1752)
synthetic_008299/posterior_variance.pt
         232054 100%  155.85MB/s   00:00:00 (xfer#295, to-check=344/1752)
synthetic_008300/
synthetic_008300/composite_mean.pt
         232026 100%   14.98MB/s   00:00:00 (xfer#296, to-check=346/1752)
synthetic_008300/metadata.json
           1799 100%   19.72MB/s   00:00:00 (xfer#297, to-check=347/1752)
synthetic_008300/posterior_mean.pt
         232026 100%   26.53MB/s   00:00:00 (xfer#298, to-check=348/1752)
synthetic_008300/posterior_samples.pt
        4718592  19%    8.95MB/s   00:00:02       10354688  42%   10.10MB/s   00:00:01       16121856  65%   10.32MB/s   00:00:00       21364736  87%    9.48MB/s   00:00:00       24657317 100%    9.74MB/s   00:00:02 (xfer#299, to-check=349/1752)
synthetic_008300/posterior_std.pt
         232019 100%  119.41MB/s   00:00:00 (xfer#300, to-check=350/1752)
synthetic_008300/posterior_variance.pt
         232054 100%  199.02MB/s   00:00:00 (xfer#301, to-check=351/1752)
synthetic_008301/
synthetic_008301/composite_mean.pt
         232026 100%   23.14MB/s   00:00:00 (xfer#302, to-check=353/1752)
synthetic_008301/metadata.json
           1798 100%   22.62MB/s   00:00:00 (xfer#303, to-check=354/1752)
synthetic_008301/posterior_mean.pt
         232026 100%   20.22MB/s   00:00:00 (xfer#304, to-check=355/1752)
synthetic_008301/posterior_samples.pt
        6160384  25%   11.67MB/s   00:00:01       12288000  50%   11.69MB/s   00:00:01       18612224  75%   11.46MB/s   00:00:00       23232512  94%    8.42MB/s   00:00:00       24657317 100%   10.59MB/s   00:00:02 (xfer#305, to-check=356/1752)
synthetic_008301/posterior_std.pt
         232019 100%   85.20MB/s   00:00:00 (xfer#306, to-check=357/1752)
synthetic_008301/posterior_variance.pt
         232054 100%   15.88MB/s   00:00:00 (xfer#307, to-check=358/1752)
synthetic_008302/
synthetic_008302/composite_mean.pt
         232026 100%   14.38MB/s   00:00:00 (xfer#308, to-check=360/1752)
synthetic_008302/metadata.json
           1798 100%   28.09MB/s   00:00:00 (xfer#309, to-check=361/1752)
synthetic_008302/posterior_mean.pt
         232026 100%    5.12MB/s   00:00:00 (xfer#310, to-check=362/1752)
synthetic_008302/posterior_samples.pt
        5111808  21%    9.58MB/s   00:00:01       10223616  41%    9.68MB/s   00:00:01       15204352  62%    9.24MB/s   00:00:00       20185088  82%    7.61MB/s   00:00:00       21856256  89%    3.18MB/s   00:00:00       23429120  95%    2.72MB/s   00:00:00       24657317 100%    6.45MB/s   00:00:03 (xfer#311, to-check=363/1752)
synthetic_008302/posterior_std.pt
         232019 100%    7.38MB/s   00:00:00 (xfer#312, to-check=364/1752)
synthetic_008302/posterior_variance.pt
         232054 100%    1.95MB/s   00:00:00 (xfer#313, to-check=365/1752)
synthetic_008303/
synthetic_008303/composite_mean.pt
         232026 100%    5.02MB/s   00:00:00 (xfer#314, to-check=367/1752)
synthetic_008303/metadata.json
           1798 100%    5.83MB/s   00:00:00 (xfer#315, to-check=368/1752)
synthetic_008303/posterior_mean.pt
         232026 100%    2.98MB/s   00:00:00 (xfer#316, to-check=369/1752)
synthetic_008303/posterior_samples.pt
        1540096   6%    2.89MB/s   00:00:07        3244032  13%    3.01MB/s   00:00:06        4784128  19%    2.89MB/s   00:00:06        6619136  27%    3.24MB/s   00:00:05        8454144  34%    3.36MB/s   00:00:04       10420224  42%    3.35MB/s   00:00:04       12255232  50%    3.47MB/s   00:00:03       13860864  56%    2.73MB/s   00:00:03       15564800  63%    3.05MB/s   00:00:02       17399808  71%    3.30MB/s   00:00:02       19234816  78%    3.41MB/s   00:00:01       21200896  86%    3.57MB/s   00:00:00       23298048  94%    3.80MB/s   00:00:00       24657317 100%    3.24MB/s   00:00:07 (xfer#317, to-check=370/1752)
synthetic_008303/posterior_std.pt
         232019 100%    8.84MB/s   00:00:00 (xfer#318, to-check=371/1752)
synthetic_008303/posterior_variance.pt
         232054 100%    3.62MB/s   00:00:00 (xfer#319, to-check=372/1752)
synthetic_008304/
synthetic_008304/composite_mean.pt
         232026 100%    6.61MB/s   00:00:00 (xfer#320, to-check=374/1752)
synthetic_008304/metadata.json
           1799 100%    9.21MB/s   00:00:00 (xfer#321, to-check=375/1752)
synthetic_008304/posterior_mean.pt
         232026 100%    2.71MB/s   00:00:00 (xfer#322, to-check=376/1752)
synthetic_008304/posterior_samples.pt
        2097152   9%    3.83MB/s   00:00:05        3932160  16%    3.46MB/s   00:00:05        6029312  24%    3.79MB/s   00:00:04        8257536  33%    3.94MB/s   00:00:03       10485760  43%    4.01MB/s   00:00:03       12845056  52%    4.49MB/s   00:00:02       15171584  62%    4.30MB/s   00:00:02       17661952  72%    4.58MB/s   00:00:01       20283392  82%    4.64MB/s   00:00:00       22740992  92%    4.44MB/s   00:00:00       24657317 100%    4.10MB/s   00:00:05 (xfer#323, to-check=377/1752)
synthetic_008304/posterior_std.pt
         232019 100%    8.73MB/s   00:00:00 (xfer#324, to-check=378/1752)
synthetic_008304/posterior_variance.pt
         232054 100%    3.02MB/s   00:00:00 (xfer#325, to-check=379/1752)
synthetic_008305/
synthetic_008305/composite_mean.pt
         232026 100%    3.72MB/s   00:00:00 (xfer#326, to-check=381/1752)
synthetic_008305/metadata.json
           1798 100%    4.28MB/s   00:00:00 (xfer#327, to-check=382/1752)
synthetic_008305/posterior_mean.pt
         232026 100%    4.15MB/s   00:00:00 (xfer#328, to-check=383/1752)
synthetic_008305/posterior_samples.pt
        1998848   8%    3.56MB/s   00:00:06        3702784  15%    3.24MB/s   00:00:06        5406720  22%    3.13MB/s   00:00:05        7372800  30%    3.41MB/s   00:00:04        9338880  38%    3.50MB/s   00:00:04       11304960  46%    3.65MB/s   00:00:03       13271040  54%    3.68MB/s   00:00:02       15237120  62%    3.54MB/s   00:00:02       17203200  70%    3.44MB/s   00:00:02       19300352  78%    3.99MB/s   00:00:01       21528576  87%    4.07MB/s   00:00:00       23855104  97%    4.43MB/s   00:00:00       24657317 100%    3.62MB/s   00:00:06 (xfer#329, to-check=384/1752)
synthetic_008305/posterior_std.pt
         232019 100%   11.10MB/s   00:00:00 (xfer#330, to-check=385/1752)
synthetic_008305/posterior_variance.pt
         232054 100%   21.15MB/s   00:00:00 (xfer#331, to-check=386/1752)
synthetic_008306/
synthetic_008306/composite_mean.pt
         232026 100%    3.68MB/s   00:00:00 (xfer#332, to-check=388/1752)
synthetic_008306/metadata.json
           1798 100%   21.22MB/s   00:00:00 (xfer#333, to-check=389/1752)
synthetic_008306/posterior_mean.pt
         232026 100%    3.55MB/s   00:00:00 (xfer#334, to-check=390/1752)
synthetic_008306/posterior_samples.pt
        2490368  10%    4.57MB/s   00:00:04        5111808  21%    4.96MB/s   00:00:03        7864320  32%    4.92MB/s   00:00:03       10747904  44%    5.08MB/s   00:00:02       13762560  56%    5.46MB/s   00:00:01       16384000  66%    4.82MB/s   00:00:01       19496960  79%    5.94MB/s   00:00:00       22544384  91%    5.71MB/s   00:00:00       24657317 100%    5.15MB/s   00:00:04 (xfer#335, to-check=391/1752)
synthetic_008306/posterior_std.pt
         232019 100%   10.45MB/s   00:00:00 (xfer#336, to-check=392/1752)
synthetic_008306/posterior_variance.pt
         232054 100%   23.21MB/s   00:00:00 (xfer#337, to-check=393/1752)
synthetic_008307/
synthetic_008307/composite_mean.pt
         232026 100%    4.49MB/s   00:00:00 (xfer#338, to-check=395/1752)
synthetic_008307/metadata.json
           1799 100%   19.04MB/s   00:00:00 (xfer#339, to-check=396/1752)
synthetic_008307/posterior_mean.pt
         232026 100%   14.15MB/s   00:00:00 (xfer#340, to-check=397/1752)
synthetic_008307/posterior_samples.pt
        3375104  14%    6.21MB/s   00:00:03        7045120  29%    6.76MB/s   00:00:02       11239424  46%    7.95MB/s   00:00:01       15826944  64%    8.71MB/s   00:00:00       21037056  85%    9.94MB/s   00:00:00       24657317 100%    7.87MB/s   00:00:02 (xfer#341, to-check=398/1752)
synthetic_008307/posterior_std.pt
         232019 100%  126.89MB/s   00:00:00 (xfer#342, to-check=399/1752)
synthetic_008307/posterior_variance.pt
         232054 100%  159.43MB/s   00:00:00 (xfer#343, to-check=400/1752)
synthetic_008308/
synthetic_008308/composite_mean.pt
         232026 100%   11.77MB/s   00:00:00 (xfer#344, to-check=402/1752)
synthetic_008308/metadata.json
           1797 100%   13.00MB/s   00:00:00 (xfer#345, to-check=403/1752)
synthetic_008308/posterior_mean.pt
         232026 100%   32.16MB/s   00:00:00 (xfer#346, to-check=404/1752)
synthetic_008308/posterior_samples.pt
        5144576  21%    9.74MB/s   00:00:01       11829248  48%   12.74MB/s   00:00:00       19169280  78%   13.99MB/s   00:00:00       23953408  97%    8.79MB/s   00:00:00       24657317 100%   11.19MB/s   00:00:02 (xfer#347, to-check=405/1752)
synthetic_008308/posterior_std.pt
         232019 100%  106.08MB/s   00:00:00 (xfer#348, to-check=406/1752)
synthetic_008308/posterior_variance.pt
         232054 100%  119.49MB/s   00:00:00 (xfer#349, to-check=407/1752)
synthetic_008309/
synthetic_008309/composite_mean.pt
         232026 100%    7.32MB/s   00:00:00 (xfer#350, to-check=409/1752)
synthetic_008309/metadata.json
           1798 100%   18.07MB/s   00:00:00 (xfer#351, to-check=410/1752)
synthetic_008309/posterior_mean.pt
         232026 100%   27.39MB/s   00:00:00 (xfer#352, to-check=411/1752)
synthetic_008309/posterior_samples.pt
        5701632  23%   10.56MB/s   00:00:01       10813440  44%    9.18MB/s   00:00:01       15400960  62%    8.42MB/s   00:00:01       20250624  82%    8.89MB/s   00:00:00       23265280  94%    5.51MB/s   00:00:00       24657317 100%    8.30MB/s   00:00:02 (xfer#353, to-check=412/1752)
synthetic_008309/posterior_std.pt
         232019 100%  166.98MB/s   00:00:00 (xfer#354, to-check=413/1752)
synthetic_008309/posterior_variance.pt
         232054 100%    9.01MB/s   00:00:00 (xfer#355, to-check=414/1752)
synthetic_008310/
synthetic_008310/composite_mean.pt
         232026 100%    5.45MB/s   00:00:00 (xfer#356, to-check=416/1752)
synthetic_008310/metadata.json
           1798 100%   20.15MB/s   00:00:00 (xfer#357, to-check=417/1752)
synthetic_008310/posterior_mean.pt
         232026 100%    8.81MB/s   00:00:00 (xfer#358, to-check=418/1752)
synthetic_008310/posterior_samples.pt
        2195456   9%    4.16MB/s   00:00:05        4816896  20%    4.92MB/s   00:00:03        7569408  31%    5.17MB/s   00:00:03       10190848  41%    4.63MB/s   00:00:02       13303808  54%    5.94MB/s   00:00:01       16482304  67%    5.92MB/s   00:00:01       19759104  80%    6.07MB/s   00:00:00       22904832  93%    5.56MB/s   00:00:00       24657317 100%    5.30MB/s   00:00:04 (xfer#359, to-check=419/1752)
synthetic_008310/posterior_std.pt
         232019 100%   35.06MB/s   00:00:00 (xfer#360, to-check=420/1752)
synthetic_008310/posterior_variance.pt
         232054 100%   14.32MB/s   00:00:00 (xfer#361, to-check=421/1752)
synthetic_008311/
synthetic_008311/composite_mean.pt
         232026 100%    4.07MB/s   00:00:00 (xfer#362, to-check=423/1752)
synthetic_008311/metadata.json
           1799 100%   19.29MB/s   00:00:00 (xfer#363, to-check=424/1752)
synthetic_008311/posterior_mean.pt
         232026 100%   59.04MB/s   00:00:00 (xfer#364, to-check=425/1752)
synthetic_008311/posterior_samples.pt
        3145728  13%    5.93MB/s   00:00:03        5210112  21%    3.94MB/s   00:00:04        8388608  34%    5.90MB/s   00:00:02       11665408  47%    5.95MB/s   00:00:02       15204352  62%    6.53MB/s   00:00:01       18874368  77%    6.71MB/s   00:00:00       22806528  92%    7.12MB/s   00:00:00       24657317 100%    6.00MB/s   00:00:03 (xfer#365, to-check=426/1752)
synthetic_008311/posterior_std.pt
         232019 100%    9.13MB/s   00:00:00 (xfer#366, to-check=427/1752)
synthetic_008311/posterior_variance.pt
         232054 100%    3.80MB/s   00:00:00 (xfer#367, to-check=428/1752)
synthetic_008312/
synthetic_008312/composite_mean.pt
         232026 100%    3.91MB/s   00:00:00 (xfer#368, to-check=430/1752)
synthetic_008312/metadata.json
           1799 100%    5.76MB/s   00:00:00 (xfer#369, to-check=431/1752)
synthetic_008312/posterior_mean.pt
         232026 100%   40.92MB/s   00:00:00 (xfer#370, to-check=432/1752)
synthetic_008312/posterior_samples.pt
        1638400   7%    3.10MB/s   00:00:07        3244032  13%    3.02MB/s   00:00:06        4816896  20%    2.89MB/s   00:00:06        6520832  26%    2.97MB/s   00:00:05        8224768  33%    3.11MB/s   00:00:05       10059776  41%    3.33MB/s   00:00:04       12025856  49%    3.40MB/s   00:00:03       13729792  56%    3.08MB/s   00:00:03       15695872  64%    3.38MB/s   00:00:02       17661952  72%    3.73MB/s   00:00:01       19759104  80%    3.83MB/s   00:00:01       21856256  89%    3.94MB/s   00:00:00       24215552  98%    4.23MB/s   00:00:00       24657317 100%    3.39MB/s   00:00:06 (xfer#371, to-check=433/1752)
synthetic_008312/posterior_std.pt
         232019 100%   15.08MB/s   00:00:00 (xfer#372, to-check=434/1752)
synthetic_008312/posterior_variance.pt
         232054 100%    3.64MB/s   00:00:00 (xfer#373, to-check=435/1752)
synthetic_008313/
synthetic_008313/composite_mean.pt
         232026 100%    1.81MB/s   00:00:00 (xfer#374, to-check=437/1752)
synthetic_008313/metadata.json
           1799 100%    5.50MB/s   00:00:00 (xfer#375, to-check=438/1752)
synthetic_008313/posterior_mean.pt
         232026 100%    2.88MB/s   00:00:00 (xfer#376, to-check=439/1752)
synthetic_008313/posterior_samples.pt
        2228224   9%    4.21MB/s   00:00:05        4587520  19%    4.45MB/s   00:00:04        7340032  30%    4.84MB/s   00:00:03       10223616  41%    5.18MB/s   00:00:02       13107200  53%    5.04MB/s   00:00:02       16121856  65%    5.72MB/s   00:00:01       19005440  77%    5.40MB/s   00:00:00       22020096  89%    5.56MB/s   00:00:00       24657317 100%    5.09MB/s   00:00:04 (xfer#377, to-check=440/1752)
synthetic_008313/posterior_std.pt
         232019 100%  121.71MB/s   00:00:00 (xfer#378, to-check=441/1752)
synthetic_008313/posterior_variance.pt
         232054 100%    4.15MB/s   00:00:00 (xfer#379, to-check=442/1752)
synthetic_008314/
synthetic_008314/composite_mean.pt
         232026 100%  136.61MB/s   00:00:00 (xfer#380, to-check=444/1752)
synthetic_008314/metadata.json
           1798 100%   17.16MB/s   00:00:00 (xfer#381, to-check=445/1752)
synthetic_008314/posterior_mean.pt
         232026 100%    3.93MB/s   00:00:00 (xfer#382, to-check=446/1752)
synthetic_008314/posterior_samples.pt
        3342336  14%    6.36MB/s   00:00:03        7536640  31%    7.81MB/s   00:00:02       11993088  49%    8.46MB/s   00:00:01       16646144  68%    8.87MB/s   00:00:00       22085632  90%    9.87MB/s   00:00:00       24657317 100%    8.39MB/s   00:00:02 (xfer#383, to-check=447/1752)
synthetic_008314/posterior_std.pt
         232019 100%  130.86MB/s   00:00:00 (xfer#384, to-check=448/1752)
synthetic_008314/posterior_variance.pt
         232054 100%   48.77MB/s   00:00:00 (xfer#385, to-check=449/1752)
synthetic_008315/
synthetic_008315/composite_mean.pt
         232026 100%   11.08MB/s   00:00:00 (xfer#386, to-check=451/1752)
synthetic_008315/metadata.json
           1799 100%   27.26MB/s   00:00:00 (xfer#387, to-check=452/1752)
synthetic_008315/posterior_mean.pt
         232026 100%   18.04MB/s   00:00:00 (xfer#388, to-check=453/1752)
synthetic_008315/posterior_samples.pt
        6225920  25%   11.66MB/s   00:00:01       13434880  54%   13.58MB/s   00:00:00       20512768  83%   13.42MB/s   00:00:00       24657317 100%   12.59MB/s   00:00:01 (xfer#389, to-check=454/1752)
synthetic_008315/posterior_std.pt
         232019 100%  269.87MB/s   00:00:00 (xfer#390, to-check=455/1752)
synthetic_008315/posterior_variance.pt
         232054 100%  330.21MB/s   00:00:00 (xfer#391, to-check=456/1752)
synthetic_008316/
synthetic_008316/composite_mean.pt
         232026 100%   18.14MB/s   00:00:00 (xfer#392, to-check=458/1752)
synthetic_008316/metadata.json
           1799 100%   21.67MB/s   00:00:00 (xfer#393, to-check=459/1752)
synthetic_008316/posterior_mean.pt
         232026 100%    9.22MB/s   00:00:00 (xfer#394, to-check=460/1752)
synthetic_008316/posterior_samples.pt
        3407872  14%    6.29MB/s   00:00:03        9961472  40%   12.40MB/s   00:00:01       17039360  69%   13.42MB/s   00:00:00       22052864  89%    9.07MB/s   00:00:00       24657317 100%    9.42MB/s   00:00:02 (xfer#395, to-check=461/1752)
synthetic_008316/posterior_std.pt
         232019 100%   12.62MB/s   00:00:00 (xfer#396, to-check=462/1752)
synthetic_008316/posterior_variance.pt
         232054 100%   33.41MB/s   00:00:00 (xfer#397, to-check=463/1752)
synthetic_008317/
synthetic_008317/composite_mean.pt
         232026 100%    4.72MB/s   00:00:00 (xfer#398, to-check=465/1752)
synthetic_008317/metadata.json
           1798 100%   20.91MB/s   00:00:00 (xfer#399, to-check=466/1752)
synthetic_008317/posterior_mean.pt
         232026 100%   17.06MB/s   00:00:00 (xfer#400, to-check=467/1752)
synthetic_008317/posterior_samples.pt
        3932160  16%    7.42MB/s   00:00:02        8519680  35%    8.17MB/s   00:00:01       12845056  52%    8.04MB/s   00:00:01       17170432  70%    8.25MB/s   00:00:00       19234816  78%    3.83MB/s   00:00:01       22511616  91%    6.18MB/s   00:00:00       24657317 100%    6.82MB/s   00:00:03 (xfer#401, to-check=468/1752)
synthetic_008317/posterior_std.pt
         232019 100%  132.89MB/s   00:00:00 (xfer#402, to-check=469/1752)
synthetic_008317/posterior_variance.pt
         232054 100%    3.83MB/s   00:00:00 (xfer#403, to-check=470/1752)
synthetic_008318/
synthetic_008318/composite_mean.pt
         232026 100%   25.15MB/s   00:00:00 (xfer#404, to-check=472/1752)
synthetic_008318/metadata.json
           1800 100%   22.57MB/s   00:00:00 (xfer#405, to-check=473/1752)
synthetic_008318/posterior_mean.pt
         232026 100%    4.11MB/s   00:00:00 (xfer#406, to-check=474/1752)
synthetic_008318/posterior_samples.pt
        3735552  15%    6.66MB/s   00:00:02        7274496  30%    6.64MB/s   00:00:02       11337728  46%    7.21MB/s   00:00:01       15007744  61%    6.71MB/s   00:00:01       18808832  76%    7.18MB/s   00:00:00       22740992  92%    7.23MB/s   00:00:00       24657317 100%    6.90MB/s   00:00:03 (xfer#407, to-check=475/1752)
synthetic_008318/posterior_std.pt
         232019 100%  133.38MB/s   00:00:00 (xfer#408, to-check=476/1752)
synthetic_008318/posterior_variance.pt
         232054 100%   14.74MB/s   00:00:00 (xfer#409, to-check=477/1752)
synthetic_008319/
synthetic_008319/composite_mean.pt
         232026 100%    3.28MB/s   00:00:00 (xfer#410, to-check=479/1752)
synthetic_008319/metadata.json
           1799 100%   15.61MB/s   00:00:00 (xfer#411, to-check=480/1752)
synthetic_008319/posterior_mean.pt
         232026 100%   24.73MB/s   00:00:00 (xfer#412, to-check=481/1752)
synthetic_008319/posterior_samples.pt
        1310720   5%    2.41MB/s   00:00:09        2752512  11%    2.67MB/s   00:00:07        4849664  20%    3.92MB/s   00:00:04        7077888  29%    4.19MB/s   00:00:04        9437184  38%    4.20MB/s   00:00:03       11796480  48%    4.30MB/s   00:00:02       14286848  58%    4.40MB/s   00:00:02       16121856  65%    3.39MB/s   00:00:02       17956864  73%    3.19MB/s   00:00:02       19922944  81%    3.68MB/s   00:00:01       21757952  88%    3.36MB/s   00:00:00       23724032  96%    3.64MB/s   00:00:00       24657317 100%    3.60MB/s   00:00:06 (xfer#413, to-check=482/1752)
synthetic_008319/posterior_std.pt
         232019 100%    9.68MB/s   00:00:00 (xfer#414, to-check=483/1752)
synthetic_008319/posterior_variance.pt
         232054 100%    2.97MB/s   00:00:00 (xfer#415, to-check=484/1752)
synthetic_008320/
synthetic_008320/composite_mean.pt
         232026 100%    6.33MB/s   00:00:00 (xfer#416, to-check=486/1752)
synthetic_008320/metadata.json
           1799 100%    5.98MB/s   00:00:00 (xfer#417, to-check=487/1752)
synthetic_008320/posterior_mean.pt
         232026 100%    3.01MB/s   00:00:00 (xfer#418, to-check=488/1752)
synthetic_008320/posterior_samples.pt
        1998848   8%    3.79MB/s   00:00:05        4096000  17%    3.57MB/s   00:00:05        6193152  25%    3.99MB/s   00:00:04        8552448  35%    4.33MB/s   00:00:03       10813440  44%    4.31MB/s   00:00:03       12877824  52%    3.75MB/s   00:00:02       14712832  60%    3.35MB/s   00:00:02       16416768  67%    3.15MB/s   00:00:02       18644992  76%    4.09MB/s   00:00:01       20873216  85%    4.22MB/s   00:00:00       23101440  94%    4.19MB/s   00:00:00       24657317 100%    3.90MB/s   00:00:06 (xfer#419, to-check=489/1752)
synthetic_008320/posterior_std.pt
         232019 100%    8.91MB/s   00:00:00 (xfer#420, to-check=490/1752)
synthetic_008320/posterior_variance.pt
         232054 100%    4.62MB/s   00:00:00 (xfer#421, to-check=491/1752)
synthetic_008321/
synthetic_008321/composite_mean.pt
         232026 100%    4.22MB/s   00:00:00 (xfer#422, to-check=493/1752)
synthetic_008321/metadata.json
           1799 100%    5.78MB/s   00:00:00 (xfer#423, to-check=494/1752)
synthetic_008321/posterior_mean.pt
         232026 100%    4.00MB/s   00:00:00 (xfer#424, to-check=495/1752)
synthetic_008321/posterior_samples.pt
        2523136  10%    4.77MB/s   00:00:04        4882432  20%    4.41MB/s   00:00:04        7241728  29%    4.27MB/s   00:00:03        9732096  39%    4.42MB/s   00:00:03       12091392  49%    4.38MB/s   00:00:02       14450688  59%    4.33MB/s   00:00:02       16941056  69%    4.58MB/s   00:00:01       19693568  80%    4.88MB/s   00:00:00       22577152  92%    5.03MB/s   00:00:00       24657317 100%    4.59MB/s   00:00:05 (xfer#425, to-check=496/1752)
synthetic_008321/posterior_std.pt
         232019 100%    9.59MB/s   00:00:00 (xfer#426, to-check=497/1752)
synthetic_008321/posterior_variance.pt
         232054 100%   40.74MB/s   00:00:00 (xfer#427, to-check=498/1752)
synthetic_008322/
synthetic_008322/composite_mean.pt
         232026 100%    2.97MB/s   00:00:00 (xfer#428, to-check=500/1752)
synthetic_008322/metadata.json
           1799 100%    9.43MB/s   00:00:00 (xfer#429, to-check=501/1752)
synthetic_008322/posterior_mean.pt
         232026 100%    3.65MB/s   00:00:00 (xfer#430, to-check=502/1752)
synthetic_008322/posterior_samples.pt
        2195456   9%    3.98MB/s   00:00:05        4423680  18%    4.05MB/s   00:00:04        7045120  29%    4.68MB/s   00:00:03        9535488  39%    4.65MB/s   00:00:03       11894784  48%    3.85MB/s   00:00:03       14778368  60%    5.19MB/s   00:00:01       17793024  72%    5.40MB/s   00:00:01       20545536  83%    5.02MB/s   00:00:00       23560192  96%    5.36MB/s   00:00:00       24657317 100%    4.69MB/s   00:00:05 (xfer#431, to-check=503/1752)
synthetic_008322/posterior_std.pt
         232019 100%  113.47MB/s   00:00:00 (xfer#432, to-check=504/1752)
synthetic_008322/posterior_variance.pt
         232054 100%    5.58MB/s   00:00:00 (xfer#433, to-check=505/1752)
synthetic_008323/
synthetic_008323/composite_mean.pt
         232026 100%    3.77MB/s   00:00:00 (xfer#434, to-check=507/1752)
synthetic_008323/metadata.json
           1799 100%   16.81MB/s   00:00:00 (xfer#435, to-check=508/1752)
synthetic_008323/posterior_mean.pt
         232026 100%   79.74MB/s   00:00:00 (xfer#436, to-check=509/1752)
synthetic_008323/posterior_samples.pt
        2785280  11%    5.25MB/s   00:00:03        5799936  24%    5.32MB/s   00:00:03        8552448  35%    5.17MB/s   00:00:02       11042816  45%    4.63MB/s   00:00:02       14057472  57%    5.27MB/s   00:00:01       17072128  69%    5.73MB/s   00:00:01       19955712  81%    5.49MB/s   00:00:00       22970368  93%    5.71MB/s   00:00:00       24657317 100%    5.35MB/s   00:00:04 (xfer#437, to-check=510/1752)
synthetic_008323/posterior_std.pt
         232019 100%   90.06MB/s   00:00:00 (xfer#438, to-check=511/1752)
synthetic_008323/posterior_variance.pt
         232054 100%   11.87MB/s   00:00:00 (xfer#439, to-check=512/1752)
synthetic_008324/
synthetic_008324/composite_mean.pt
         232026 100%    4.12MB/s   00:00:00 (xfer#440, to-check=514/1752)
synthetic_008324/metadata.json
           1799 100%   22.28MB/s   00:00:00 (xfer#441, to-check=515/1752)
synthetic_008324/posterior_mean.pt
         232026 100%    4.80MB/s   00:00:00 (xfer#442, to-check=516/1752)
synthetic_008324/posterior_samples.pt
        3342336  14%    6.15MB/s   00:00:03        6488064  26%    5.88MB/s   00:00:02       10027008  41%    6.67MB/s   00:00:02       13434880  54%    6.43MB/s   00:00:01       16580608  67%    5.58MB/s   00:00:01       20381696  83%    7.21MB/s   00:00:00       24657317 100%    6.50MB/s   00:00:03 (xfer#443, to-check=517/1752)
synthetic_008324/posterior_std.pt
         232019 100%   86.50MB/s   00:00:00 (xfer#444, to-check=518/1752)
synthetic_008324/posterior_variance.pt
         232054 100%   17.34MB/s   00:00:00 (xfer#445, to-check=519/1752)
synthetic_008325/
synthetic_008325/composite_mean.pt
         232026 100%   20.49MB/s   00:00:00 (xfer#446, to-check=521/1752)
synthetic_008325/metadata.json
           1799 100%   26.36MB/s   00:00:00 (xfer#447, to-check=522/1752)
synthetic_008325/posterior_mean.pt
         232026 100%    5.63MB/s   00:00:00 (xfer#448, to-check=523/1752)
synthetic_008325/posterior_samples.pt
        3473408  14%    6.55MB/s   00:00:03        6881280  28%    6.45MB/s   00:00:02        9895936  40%    5.48MB/s   00:00:02       13697024  56%    7.10MB/s   00:00:01       17891328  73%    7.83MB/s   00:00:00       22347776  91%    7.88MB/s   00:00:00       24657317 100%    6.99MB/s   00:00:03 (xfer#449, to-check=524/1752)
synthetic_008325/posterior_std.pt
         232019 100%  131.64MB/s   00:00:00 (xfer#450, to-check=525/1752)
synthetic_008325/posterior_variance.pt
         232054 100%    7.65MB/s   00:00:00 (xfer#451, to-check=526/1752)
synthetic_008326/
synthetic_008326/composite_mean.pt
         232026 100%    9.12MB/s   00:00:00 (xfer#452, to-check=528/1752)
synthetic_008326/metadata.json
           1799 100%   17.17MB/s   00:00:00 (xfer#453, to-check=529/1752)
synthetic_008326/posterior_mean.pt
         232026 100%    6.59MB/s   00:00:00 (xfer#454, to-check=530/1752)
synthetic_008326/posterior_samples.pt
        4751360  19%    8.97MB/s   00:00:02        8945664  36%    7.33MB/s   00:00:02       14057472  57%    9.02MB/s   00:00:01       18644992  76%    8.63MB/s   00:00:00       23363584  95%    8.70MB/s   00:00:00       24657317 100%    8.43MB/s   00:00:02 (xfer#455, to-check=531/1752)
synthetic_008326/posterior_std.pt
         232019 100%  127.62MB/s   00:00:00 (xfer#456, to-check=532/1752)
synthetic_008326/posterior_variance.pt
         232054 100%   47.31MB/s   00:00:00 (xfer#457, to-check=533/1752)
synthetic_008327/
synthetic_008327/composite_mean.pt
         232026 100%   13.34MB/s   00:00:00 (xfer#458, to-check=535/1752)
synthetic_008327/metadata.json
           1799 100%   26.75MB/s   00:00:00 (xfer#459, to-check=536/1752)
synthetic_008327/posterior_mean.pt
         232026 100%    9.88MB/s   00:00:00 (xfer#460, to-check=537/1752)
synthetic_008327/posterior_samples.pt
        4030464  16%    7.43MB/s   00:00:02        8749056  35%    8.93MB/s   00:00:01       12582912  51%    7.26MB/s   00:00:01       15990784  65%    6.37MB/s   00:00:01       19791872  80%    6.97MB/s   00:00:00       23068672  94%    6.09MB/s   00:00:00       24657317 100%    7.13MB/s   00:00:03 (xfer#461, to-check=538/1752)
synthetic_008327/posterior_std.pt
         232019 100%   18.29MB/s   00:00:00 (xfer#462, to-check=539/1752)
synthetic_008327/posterior_variance.pt
         232054 100%  126.17MB/s   00:00:00 (xfer#463, to-check=540/1752)
synthetic_008328/
synthetic_008328/composite_mean.pt
         232026 100%    4.24MB/s   00:00:00 (xfer#464, to-check=542/1752)
synthetic_008328/metadata.json
           1799 100%   17.51MB/s   00:00:00 (xfer#465, to-check=543/1752)
synthetic_008328/posterior_mean.pt
         232026 100%   27.79MB/s   00:00:00 (xfer#466, to-check=544/1752)
synthetic_008328/posterior_samples.pt
        4030464  16%    7.65MB/s   00:00:02        8617984  35%    8.43MB/s   00:00:01       12812288  52%    7.55MB/s   00:00:01       17137664  70%    8.24MB/s   00:00:00       21594112  88%    8.04MB/s   00:00:00       23035904  93%    2.59MB/s   00:00:00       24657317 100%    6.85MB/s   00:00:03 (xfer#467, to-check=545/1752)
synthetic_008328/posterior_std.pt
         232019 100%  122.37MB/s   00:00:00 (xfer#468, to-check=546/1752)
synthetic_008328/posterior_variance.pt
         232054 100%    6.69MB/s   00:00:00 (xfer#469, to-check=547/1752)
synthetic_008329/
synthetic_008329/composite_mean.pt
         232026 100%   12.51MB/s   00:00:00 (xfer#470, to-check=549/1752)
synthetic_008329/metadata.json
           1800 100%   21.69MB/s   00:00:00 (xfer#471, to-check=550/1752)
synthetic_008329/posterior_mean.pt
         232026 100%    6.83MB/s   00:00:00 (xfer#472, to-check=551/1752)
synthetic_008329/posterior_samples.pt
        3211264  13%    6.03MB/s   00:00:03        6258688  25%    5.35MB/s   00:00:03        9011200  37%    5.01MB/s   00:00:02       11894784  48%    5.50MB/s   00:00:02       14909440  60%    5.62MB/s   00:00:01       18055168  73%    5.99MB/s   00:00:01       20807680  84%    5.13MB/s   00:00:00       23822336  97%    5.56MB/s   00:00:00       24657317 100%    5.50MB/s   00:00:04 (xfer#473, to-check=552/1752)
synthetic_008329/posterior_std.pt
         232019 100%    9.92MB/s   00:00:00 (xfer#474, to-check=553/1752)
synthetic_008329/posterior_variance.pt
         232054 100%   51.60MB/s   00:00:00 (xfer#475, to-check=554/1752)
synthetic_008330/
synthetic_008330/composite_mean.pt
         232026 100%    4.13MB/s   00:00:00 (xfer#476, to-check=556/1752)
synthetic_008330/metadata.json
           1800 100%   21.18MB/s   00:00:00 (xfer#477, to-check=557/1752)
synthetic_008330/posterior_mean.pt
         232026 100%    6.68MB/s   00:00:00 (xfer#478, to-check=558/1752)
synthetic_008330/posterior_samples.pt
        3112960  13%    5.91MB/s   00:00:03        6258688  25%    5.84MB/s   00:00:03        9404416  38%    5.84MB/s   00:00:02       12419072  50%    5.45MB/s   00:00:02       15958016  65%    6.39MB/s   00:00:01       19496960  79%    6.24MB/s   00:00:00       23166976  94%    6.57MB/s   00:00:00       24657317 100%    6.01MB/s   00:00:03 (xfer#479, to-check=559/1752)
synthetic_008330/posterior_std.pt
         232019 100%   13.37MB/s   00:00:00 (xfer#480, to-check=560/1752)
synthetic_008330/posterior_variance.pt
         232054 100%   26.95MB/s   00:00:00 (xfer#481, to-check=561/1752)
synthetic_008331/
synthetic_008331/composite_mean.pt
         232026 100%    7.35MB/s   00:00:00 (xfer#482, to-check=563/1752)
synthetic_008331/metadata.json
           1800 100%   16.36MB/s   00:00:00 (xfer#483, to-check=564/1752)
synthetic_008331/posterior_mean.pt
         232026 100%    7.47MB/s   00:00:00 (xfer#484, to-check=565/1752)
synthetic_008331/posterior_samples.pt
        3145728  13%    4.79MB/s   00:00:04        5898240  24%    5.01MB/s   00:00:03        9043968  37%    5.74MB/s   00:00:02       12058624  49%    5.41MB/s   00:00:02       15466496  63%    6.50MB/s   00:00:01       18874368  77%    6.32MB/s   00:00:00       22544384  91%    6.52MB/s   00:00:00       24657317 100%    5.78MB/s   00:00:04 (xfer#485, to-check=566/1752)
synthetic_008331/posterior_std.pt
         232019 100%    6.64MB/s   00:00:00 (xfer#486, to-check=567/1752)
synthetic_008331/posterior_variance.pt
         232054 100%   72.56MB/s   00:00:00 (xfer#487, to-check=568/1752)
synthetic_008332/
synthetic_008332/composite_mean.pt
         232026 100%    3.83MB/s   00:00:00 (xfer#488, to-check=570/1752)
synthetic_008332/metadata.json
           1799 100%   19.09MB/s   00:00:00 (xfer#489, to-check=571/1752)
synthetic_008332/posterior_mean.pt
         232026 100%   39.04MB/s   00:00:00 (xfer#490, to-check=572/1752)
synthetic_008332/posterior_samples.pt
        3538944  14%    6.44MB/s   00:00:03        7471104  30%    7.00MB/s   00:00:02       11010048  45%    6.64MB/s   00:00:01       14778368  60%    7.01MB/s   00:00:01       18710528  76%    7.06MB/s   00:00:00       22249472  90%    6.70MB/s   00:00:00       24657317 100%    6.74MB/s   00:00:03 (xfer#491, to-check=573/1752)
synthetic_008332/posterior_std.pt
         232019 100%  113.71MB/s   00:00:00 (xfer#492, to-check=574/1752)
synthetic_008332/posterior_variance.pt
         232054 100%    7.57MB/s   00:00:00 (xfer#493, to-check=575/1752)
synthetic_008333/
synthetic_008333/composite_mean.pt
         232026 100%   41.58MB/s   00:00:00 (xfer#494, to-check=577/1752)
synthetic_008333/metadata.json
           1801 100%   26.88MB/s   00:00:00 (xfer#495, to-check=578/1752)
synthetic_008333/posterior_mean.pt
         232026 100%    4.16MB/s   00:00:00 (xfer#496, to-check=579/1752)
synthetic_008333/posterior_samples.pt
        3801088  15%    6.57MB/s   00:00:03        7471104  30%    7.00MB/s   00:00:02       11272192  46%    6.81MB/s   00:00:01       14417920  58%    5.78MB/s   00:00:01       18350080  74%    7.06MB/s   00:00:00       22380544  91%    7.63MB/s   00:00:00       24657317 100%    6.80MB/s   00:00:03 (xfer#497, to-check=580/1752)
synthetic_008333/posterior_std.pt
         232019 100%  128.05MB/s   00:00:00 (xfer#498, to-check=581/1752)
synthetic_008333/posterior_variance.pt
         232054 100%    7.04MB/s   00:00:00 (xfer#499, to-check=582/1752)
synthetic_008334/
synthetic_008334/composite_mean.pt
         232026 100%   22.10MB/s   00:00:00 (xfer#500, to-check=584/1752)
synthetic_008334/metadata.json
           1800 100%   24.24MB/s   00:00:00 (xfer#501, to-check=585/1752)
synthetic_008334/posterior_mean.pt
         232026 100%    8.65MB/s   00:00:00 (xfer#502, to-check=586/1752)
synthetic_008334/posterior_samples.pt
        4096000  17%    7.75MB/s   00:00:02        7897088  32%    7.06MB/s   00:00:02       12353536  50%    8.16MB/s   00:00:01       17203200  70%    9.06MB/s   00:00:00       22052864  89%    9.20MB/s   00:00:00       24657317 100%    8.32MB/s   00:00:02 (xfer#503, to-check=587/1752)
synthetic_008334/posterior_std.pt
         232019 100%  119.74MB/s   00:00:00 (xfer#504, to-check=588/1752)
synthetic_008334/posterior_variance.pt
         232054 100%  187.10MB/s   00:00:00 (xfer#505, to-check=589/1752)
synthetic_008335/
synthetic_008335/composite_mean.pt
         232026 100%   13.36MB/s   00:00:00 (xfer#506, to-check=591/1752)
synthetic_008335/metadata.json
           1801 100%   23.85MB/s   00:00:00 (xfer#507, to-check=592/1752)
synthetic_008335/posterior_mean.pt
         232026 100%   17.21MB/s   00:00:00 (xfer#508, to-check=593/1752)
synthetic_008335/posterior_samples.pt
        5734400  23%   10.38MB/s   00:00:01       10846208  44%    9.68MB/s   00:00:01       17137664  70%   11.94MB/s   00:00:00       23625728  96%   11.54MB/s   00:00:00       24657317 100%   10.31MB/s   00:00:02 (xfer#509, to-check=594/1752)
synthetic_008335/posterior_std.pt
         232019 100%  124.52MB/s   00:00:00 (xfer#510, to-check=595/1752)
synthetic_008335/posterior_variance.pt
         232054 100%  200.44MB/s   00:00:00 (xfer#511, to-check=596/1752)
synthetic_008336/
synthetic_008336/composite_mean.pt
         232026 100%   10.89MB/s   00:00:00 (xfer#512, to-check=598/1752)
synthetic_008336/metadata.json
           1799 100%   24.15MB/s   00:00:00 (xfer#513, to-check=599/1752)
synthetic_008336/posterior_mean.pt
         232026 100%   10.07MB/s   00:00:00 (xfer#514, to-check=600/1752)
synthetic_008336/posterior_samples.pt
        5111808  21%    9.69MB/s   00:00:01       10485760  43%   10.21MB/s   00:00:01       16252928  66%   10.62MB/s   00:00:00       22413312  91%   11.49MB/s   00:00:00       24657317 100%   10.47MB/s   00:00:02 (xfer#515, to-check=601/1752)
synthetic_008336/posterior_std.pt
         232019 100%   87.50MB/s   00:00:00 (xfer#516, to-check=602/1752)
synthetic_008336/posterior_variance.pt
         232054 100%   12.88MB/s   00:00:00 (xfer#517, to-check=603/1752)
synthetic_008337/
synthetic_008337/composite_mean.pt
         232026 100%   34.56MB/s   00:00:00 (xfer#518, to-check=605/1752)
synthetic_008337/metadata.json
           1799 100%   29.13MB/s   00:00:00 (xfer#519, to-check=606/1752)
synthetic_008337/posterior_mean.pt
         232026 100%   15.55MB/s   00:00:00 (xfer#520, to-check=607/1752)
synthetic_008337/posterior_samples.pt
        4882432  20%    9.19MB/s   00:00:02       11108352  45%   10.41MB/s   00:00:01       14778368  60%    6.81MB/s   00:00:01       19890176  81%    9.57MB/s   00:00:00       24657317 100%    9.03MB/s   00:00:02 (xfer#521, to-check=608/1752)
synthetic_008337/posterior_std.pt
         232019 100%    3.00MB/s   00:00:00 (xfer#522, to-check=609/1752)
synthetic_008337/posterior_variance.pt
         232054 100%   12.66MB/s   00:00:00 (xfer#523, to-check=610/1752)
synthetic_008338/
synthetic_008338/composite_mean.pt
         232026 100%    4.07MB/s   00:00:00 (xfer#524, to-check=612/1752)
synthetic_008338/metadata.json
           1800 100%    5.25MB/s   00:00:00 (xfer#525, to-check=613/1752)
synthetic_008338/posterior_mean.pt
         232026 100%   25.71MB/s   00:00:00 (xfer#526, to-check=614/1752)
synthetic_008338/posterior_samples.pt
        3735552  15%    6.29MB/s   00:00:03        5996544  24%    4.30MB/s   00:00:04        9142272  37%    5.84MB/s   00:00:02       12419072  50%    5.81MB/s   00:00:02       15564800  63%    5.98MB/s   00:00:01       18841600  76%    6.10MB/s   00:00:00       22118400  90%    5.65MB/s   00:00:00       24657317 100%    5.71MB/s   00:00:04 (xfer#527, to-check=615/1752)
synthetic_008338/posterior_std.pt
         232019 100%  118.33MB/s   00:00:00 (xfer#528, to-check=616/1752)
synthetic_008338/posterior_variance.pt
         232054 100%    9.26MB/s   00:00:00 (xfer#529, to-check=617/1752)
synthetic_008339/
synthetic_008339/composite_mean.pt
         232026 100%    4.19MB/s   00:00:00 (xfer#530, to-check=619/1752)
synthetic_008339/metadata.json
           1799 100%   18.84MB/s   00:00:00 (xfer#531, to-check=620/1752)
synthetic_008339/posterior_mean.pt
         232026 100%   52.10MB/s   00:00:00 (xfer#532, to-check=621/1752)
synthetic_008339/posterior_samples.pt
        3080192  12%    5.75MB/s   00:00:03        6356992  26%    5.99MB/s   00:00:02        9142272  37%    5.28MB/s   00:00:02       11763712  48%    4.70MB/s   00:00:02       14647296  59%    5.24MB/s   00:00:01       17530880  71%    5.45MB/s   00:00:01       20414464  83%    5.36MB/s   00:00:00       23560192  96%    5.66MB/s   00:00:00       24657317 100%    5.46MB/s   00:00:04 (xfer#533, to-check=622/1752)
synthetic_008339/posterior_std.pt
         232019 100%    2.50MB/s   00:00:00 (xfer#534, to-check=623/1752)
synthetic_008339/posterior_variance.pt
         232054 100%    1.85MB/s   00:00:00 (xfer#535, to-check=624/1752)
synthetic_008340/
synthetic_008340/composite_mean.pt
         232026 100%  159.41MB/s   00:00:00 (xfer#536, to-check=626/1752)
synthetic_008340/metadata.json
           1800 100%   22.02MB/s   00:00:00 (xfer#537, to-check=627/1752)
synthetic_008340/posterior_mean.pt
         232026 100%   20.83MB/s   00:00:00 (xfer#538, to-check=628/1752)
synthetic_008340/posterior_samples.pt
        1966080   8%    3.64MB/s   00:00:05        4456448  18%    4.61MB/s   00:00:04        7208960  29%    4.81MB/s   00:00:03        9961472  40%    4.48MB/s   00:00:03       12582912  51%    4.98MB/s   00:00:02       15466496  63%    5.29MB/s   00:00:01       18382848  75%    5.56MB/s   00:00:01       20971520  85%    4.74MB/s   00:00:00       23724032  96%    5.09MB/s   00:00:00       24657317 100%    4.81MB/s   00:00:04 (xfer#539, to-check=629/1752)
synthetic_008340/posterior_std.pt
         232019 100%    5.09MB/s   00:00:00 (xfer#540, to-check=630/1752)
synthetic_008340/posterior_variance.pt
         232054 100%    5.15MB/s   00:00:00 (xfer#541, to-check=631/1752)
synthetic_008341/
synthetic_008341/composite_mean.pt
         232026 100%   13.60MB/s   00:00:00 (xfer#542, to-check=633/1752)
synthetic_008341/metadata.json
           1800 100%   18.46MB/s   00:00:00 (xfer#543, to-check=634/1752)
synthetic_008341/posterior_mean.pt
         232026 100%    4.18MB/s   00:00:00 (xfer#544, to-check=635/1752)
synthetic_008341/posterior_samples.pt
        2850816  12%    5.42MB/s   00:00:03        5865472  24%    5.49MB/s   00:00:03        8617984  35%    4.87MB/s   00:00:03       12025856  49%    6.33MB/s   00:00:01       15564800  63%    6.25MB/s   00:00:01       18972672  77%    6.49MB/s   00:00:00       22511616  91%    6.52MB/s   00:00:00       24657317 100%    5.97MB/s   00:00:03 (xfer#545, to-check=636/1752)
synthetic_008341/posterior_std.pt
         232019 100%   22.18MB/s   00:00:00 (xfer#546, to-check=637/1752)
synthetic_008341/posterior_variance.pt
         232054 100%    4.35MB/s   00:00:00 (xfer#547, to-check=638/1752)
synthetic_008342/
synthetic_008342/composite_mean.pt
         232026 100%   36.63MB/s   00:00:00 (xfer#548, to-check=640/1752)
synthetic_008342/metadata.json
           1801 100%  122.20KB/s   00:00:00 (xfer#549, to-check=641/1752)
synthetic_008342/posterior_mean.pt
         232026 100%    6.04MB/s   00:00:00 (xfer#550, to-check=642/1752)
synthetic_008342/posterior_samples.pt
        3899392  16%    6.84MB/s   00:00:02        7438336  30%    6.45MB/s   00:00:02       10846208  44%    6.36MB/s   00:00:02       14778368  60%    7.45MB/s   00:00:01       17694720  72%    5.29MB/s   00:00:01       20971520  85%    6.16MB/s   00:00:00       24248320  98%    6.20MB/s   00:00:00       24657317 100%    6.37MB/s   00:00:03 (xfer#551, to-check=643/1752)
synthetic_008342/posterior_std.pt
         232019 100%   80.70MB/s   00:00:00 (xfer#552, to-check=644/1752)
synthetic_008342/posterior_variance.pt
         232054 100%   10.43MB/s   00:00:00 (xfer#553, to-check=645/1752)
synthetic_008343/
synthetic_008343/composite_mean.pt
         232026 100%    7.14MB/s   00:00:00 (xfer#554, to-check=647/1752)
synthetic_008343/metadata.json
           1800 100%   19.30MB/s   00:00:00 (xfer#555, to-check=648/1752)
synthetic_008343/posterior_mean.pt
         232026 100%    3.93MB/s   00:00:00 (xfer#556, to-check=649/1752)
synthetic_008343/posterior_samples.pt
        3047424  12%    5.79MB/s   00:00:03        5668864  23%    4.88MB/s   00:00:03        8814592  36%    5.57MB/s   00:00:02       11960320  49%    5.65MB/s   00:00:02       14450688  59%    4.48MB/s   00:00:02       17465344  71%    5.65MB/s   00:00:01       20611072  84%    5.94MB/s   00:00:00       23494656  95%    5.47MB/s   00:00:00       24657317 100%    5.40MB/s   00:00:04 (xfer#557, to-check=650/1752)
synthetic_008343/posterior_std.pt
         232019 100%   86.36MB/s   00:00:00 (xfer#558, to-check=651/1752)
synthetic_008343/posterior_variance.pt
         232054 100%    9.37MB/s   00:00:00 (xfer#559, to-check=652/1752)
synthetic_008344/
synthetic_008344/composite_mean.pt
         232026 100%    3.61MB/s   00:00:00 (xfer#560, to-check=654/1752)
synthetic_008344/metadata.json
           1801 100%   17.36MB/s   00:00:00 (xfer#561, to-check=655/1752)
synthetic_008344/posterior_mean.pt
         232026 100%    6.27MB/s   00:00:00 (xfer#562, to-check=656/1752)
synthetic_008344/posterior_samples.pt
        3112960  13%    5.19MB/s   00:00:03        5210112  21%    3.89MB/s   00:00:04        6946816  28%    3.31MB/s   00:00:05        8585216  35%    2.85MB/s   00:00:05        9895936  40%    2.35MB/s   00:00:05       11337728  46%    2.60MB/s   00:00:04       12910592  52%    2.83MB/s   00:00:03       14483456  59%    2.75MB/s   00:00:03       16056320  65%    2.84MB/s   00:00:02       17760256  72%    3.00MB/s   00:00:02       19595264  79%    3.24MB/s   00:00:01       21299200  86%    3.24MB/s   00:00:00       23265280  94%    3.59MB/s   00:00:00       24657317 100%    3.23MB/s   00:00:07 (xfer#563, to-check=657/1752)
synthetic_008344/posterior_std.pt
         232019 100%    7.41MB/s   00:00:00 (xfer#564, to-check=658/1752)
synthetic_008344/posterior_variance.pt
         232054 100%    2.02MB/s   00:00:00 (xfer#565, to-check=659/1752)
synthetic_008345/
synthetic_008345/composite_mean.pt
         232026 100%    3.64MB/s   00:00:00 (xfer#566, to-check=661/1752)
synthetic_008345/metadata.json
           1799 100%    3.42MB/s   00:00:00 (xfer#567, to-check=662/1752)
synthetic_008345/posterior_mean.pt
         232026 100%    2.00MB/s   00:00:00 (xfer#568, to-check=663/1752)
synthetic_008345/posterior_samples.pt
        2293760   9%    4.06MB/s   00:00:05        4358144  18%    3.83MB/s   00:00:05        6848512  28%    4.54MB/s   00:00:03        9076736  37%    4.15MB/s   00:00:03       11698176  47%    4.70MB/s   00:00:02       14188544  58%    4.67MB/s   00:00:02       16941056  69%    5.08MB/s   00:00:01       19824640  80%    5.33MB/s   00:00:00       22315008  91%    4.65MB/s   00:00:00       24379392  99%    3.85MB/s   00:00:00       24657317 100%    4.44MB/s   00:00:05 (xfer#569, to-check=664/1752)
synthetic_008345/posterior_std.pt
         232019 100%   11.20MB/s   00:00:00 (xfer#570, to-check=665/1752)
synthetic_008345/posterior_variance.pt
         232054 100%   56.53MB/s   00:00:00 (xfer#571, to-check=666/1752)
synthetic_008346/
synthetic_008346/composite_mean.pt
         232026 100%    3.54MB/s   00:00:00 (xfer#572, to-check=668/1752)
synthetic_008346/metadata.json
           1799 100%   18.45MB/s   00:00:00 (xfer#573, to-check=669/1752)
synthetic_008346/posterior_mean.pt
         232026 100%    3.61MB/s   00:00:00 (xfer#574, to-check=670/1752)
synthetic_008346/posterior_samples.pt
        2392064  10%    4.53MB/s   00:00:04        4980736  20%    4.61MB/s   00:00:04        7077888  29%    3.84MB/s   00:00:04        9142272  37%    3.65MB/s   00:00:04       11370496  46%    3.93MB/s   00:00:03       13598720  55%    4.07MB/s   00:00:02       15958016  65%    4.07MB/s   00:00:02       18317312  74%    4.25MB/s   00:00:01       20545536  83%    4.13MB/s   00:00:00       22904832  93%    4.41MB/s   00:00:00       24657317 100%    4.12MB/s   00:00:05 (xfer#575, to-check=671/1752)
synthetic_008346/posterior_std.pt
         232019 100%  137.86MB/s   00:00:00 (xfer#576, to-check=672/1752)
synthetic_008346/posterior_variance.pt
         232054 100%    4.04MB/s   00:00:00 (xfer#577, to-check=673/1752)
synthetic_008347/
synthetic_008347/composite_mean.pt
         232026 100%    9.79MB/s   00:00:00 (xfer#578, to-check=675/1752)
synthetic_008347/metadata.json
           1800 100%   20.45MB/s   00:00:00 (xfer#579, to-check=676/1752)
synthetic_008347/posterior_mean.pt
         232026 100%    3.88MB/s   00:00:00 (xfer#580, to-check=677/1752)
synthetic_008347/posterior_samples.pt
        2457600  10%    4.59MB/s   00:00:04        4947968  20%    4.45MB/s   00:00:04        7569408  31%    4.93MB/s   00:00:03       10321920  42%    5.06MB/s   00:00:02       13336576  54%    5.47MB/s   00:00:01       16056320  65%    5.17MB/s   00:00:01       18546688  75%    4.58MB/s   00:00:01       21561344  87%    5.72MB/s   00:00:00       24657317 100%    5.07MB/s   00:00:04 (xfer#581, to-check=678/1752)
synthetic_008347/posterior_std.pt
         232019 100%   31.56MB/s   00:00:00 (xfer#582, to-check=679/1752)
synthetic_008347/posterior_variance.pt
         232054 100%   10.74MB/s   00:00:00 (xfer#583, to-check=680/1752)
synthetic_008348/
synthetic_008348/composite_mean.pt
         232026 100%    4.45MB/s   00:00:00 (xfer#584, to-check=682/1752)
synthetic_008348/metadata.json
           1800 100%   18.85MB/s   00:00:00 (xfer#585, to-check=683/1752)
synthetic_008348/posterior_mean.pt
         232026 100%   24.93MB/s   00:00:00 (xfer#586, to-check=684/1752)
synthetic_008348/posterior_samples.pt
        3178496  13%    5.87MB/s   00:00:03        6586368  27%    6.15MB/s   00:00:02       10125312  41%    6.75MB/s   00:00:02       13533184  55%    6.08MB/s   00:00:01       17203200  70%    6.95MB/s   00:00:01       21266432  86%    7.75MB/s   00:00:00       24657317 100%    6.66MB/s   00:00:03 (xfer#587, to-check=685/1752)
synthetic_008348/posterior_std.pt
         232019 100%  108.46MB/s   00:00:00 (xfer#588, to-check=686/1752)
synthetic_008348/posterior_variance.pt
         232054 100%  182.00MB/s   00:00:00 (xfer#589, to-check=687/1752)
synthetic_008349/
synthetic_008349/composite_mean.pt
         232026 100%    8.59MB/s   00:00:00 (xfer#590, to-check=689/1752)
synthetic_008349/metadata.json
           1799 100%   20.44MB/s   00:00:00 (xfer#591, to-check=690/1752)
synthetic_008349/posterior_mean.pt
         232026 100%   10.84MB/s   00:00:00 (xfer#592, to-check=691/1752)
synthetic_008349/posterior_samples.pt
        4816896  20%    9.08MB/s   00:00:02       10059776  41%    9.51MB/s   00:00:01       15958016  65%   10.72MB/s   00:00:00       21856256  89%   10.77MB/s   00:00:00       24657317 100%    9.80MB/s   00:00:02 (xfer#593, to-check=692/1752)
synthetic_008349/posterior_std.pt
         232019 100%  123.40MB/s   00:00:00 (xfer#594, to-check=693/1752)
synthetic_008349/posterior_variance.pt
         232054 100%  288.89MB/s   00:00:00 (xfer#595, to-check=694/1752)
synthetic_008350/
synthetic_008350/composite_mean.pt
         232026 100%    8.53MB/s   00:00:00 (xfer#596, to-check=696/1752)
synthetic_008350/metadata.json
           1800 100%   22.57MB/s   00:00:00 (xfer#597, to-check=697/1752)
synthetic_008350/posterior_mean.pt
         232026 100%   14.40MB/s   00:00:00 (xfer#598, to-check=698/1752)
synthetic_008350/posterior_samples.pt
        5079040  21%    9.34MB/s   00:00:01       10584064  43%   10.47MB/s   00:00:01       16482304  67%   11.04MB/s   00:00:00       22773760  92%   11.92MB/s   00:00:00       24657317 100%   10.63MB/s   00:00:02 (xfer#599, to-check=699/1752)
synthetic_008350/posterior_std.pt
         232019 100%  173.96MB/s   00:00:00 (xfer#600, to-check=700/1752)
synthetic_008350/posterior_variance.pt
         232054 100%   21.80MB/s   00:00:00 (xfer#601, to-check=701/1752)
synthetic_008351/
synthetic_008351/composite_mean.pt
         232026 100%   10.50MB/s   00:00:00 (xfer#602, to-check=703/1752)
synthetic_008351/metadata.json
           1799 100%   41.84MB/s   00:00:00 (xfer#603, to-check=704/1752)
synthetic_008351/posterior_mean.pt
         232026 100%   41.35MB/s   00:00:00 (xfer#604, to-check=705/1752)
synthetic_008351/posterior_samples.pt
        5767168  23%   10.87MB/s   00:00:01       11665408  47%   11.22MB/s   00:00:01       16777216  68%    9.38MB/s   00:00:00       23724032  96%   13.00MB/s   00:00:00       24657317 100%   10.93MB/s   00:00:02 (xfer#605, to-check=706/1752)
synthetic_008351/posterior_std.pt
         232019 100%  164.38MB/s   00:00:00 (xfer#606, to-check=707/1752)
synthetic_008351/posterior_variance.pt
         232054 100%  223.99MB/s   00:00:00 (xfer#607, to-check=708/1752)
synthetic_008352/
synthetic_008352/composite_mean.pt
         232026 100%  146.94MB/s   00:00:00 (xfer#608, to-check=710/1752)
synthetic_008352/metadata.json
           1799 100%   37.28MB/s   00:00:00 (xfer#609, to-check=711/1752)
synthetic_008352/posterior_mean.pt
         232026 100%    6.30MB/s   00:00:00 (xfer#610, to-check=712/1752)
synthetic_008352/posterior_samples.pt
        6160384  25%    9.89MB/s   00:00:01        9961472  40%    6.88MB/s   00:00:02       14811136  60%    8.98MB/s   00:00:01       19922944  81%    9.75MB/s   00:00:00       24657317 100%    8.96MB/s   00:00:02 (xfer#611, to-check=713/1752)
synthetic_008352/posterior_std.pt
         232019 100%  125.15MB/s   00:00:00 (xfer#612, to-check=714/1752)
synthetic_008352/posterior_variance.pt
         232054 100%    8.39MB/s   00:00:00 (xfer#613, to-check=715/1752)
synthetic_008353/
synthetic_008353/composite_mean.pt
         232026 100%   61.06MB/s   00:00:00 (xfer#614, to-check=717/1752)
synthetic_008353/metadata.json
           1801 100%   29.65MB/s   00:00:00 (xfer#615, to-check=718/1752)
synthetic_008353/posterior_mean.pt
         232026 100%   33.49MB/s   00:00:00 (xfer#616, to-check=719/1752)
synthetic_008353/posterior_samples.pt
        5144576  21%    9.62MB/s   00:00:01       10649600  43%    9.97MB/s   00:00:01       15892480  64%    9.95MB/s   00:00:00       18513920  75%    4.99MB/s   00:00:01       21200896  86%    5.03MB/s   00:00:00       24477696  99%    5.84MB/s   00:00:00       24657317 100%    7.49MB/s   00:00:03 (xfer#617, to-check=720/1752)
synthetic_008353/posterior_std.pt
         232019 100%   16.36MB/s   00:00:00 (xfer#618, to-check=721/1752)
synthetic_008353/posterior_variance.pt
         232054 100%    4.69MB/s   00:00:00 (xfer#619, to-check=722/1752)
synthetic_008354/
synthetic_008354/composite_mean.pt
         232026 100%    5.37MB/s   00:00:00 (xfer#620, to-check=724/1752)
synthetic_008354/metadata.json
           1800 100%   14.55MB/s   00:00:00 (xfer#621, to-check=725/1752)
synthetic_008354/posterior_mean.pt
         232026 100%    9.19MB/s   00:00:00 (xfer#622, to-check=726/1752)
synthetic_008354/posterior_samples.pt
        2523136  10%    4.50MB/s   00:00:04        5144576  21%    4.65MB/s   00:00:04        7766016  31%    4.86MB/s   00:00:03       10387456  42%    4.96MB/s   00:00:02       12353536  50%    3.48MB/s   00:00:03       14483456  59%    3.90MB/s   00:00:02       16580608  67%    3.91MB/s   00:00:01       18382848  75%    3.14MB/s   00:00:01       19955712  81%    2.94MB/s   00:00:01       21528576  87%    2.69MB/s   00:00:01       23232512  94%    3.21MB/s   00:00:00       24657317 100%    3.77MB/s   00:00:06 (xfer#623, to-check=727/1752)
synthetic_008354/posterior_std.pt
         232019 100%    8.57MB/s   00:00:00 (xfer#624, to-check=728/1752)
synthetic_008354/posterior_variance.pt
         232054 100%    3.96MB/s   00:00:00 (xfer#625, to-check=729/1752)
synthetic_008355/
synthetic_008355/composite_mean.pt
         232026 100%    3.33MB/s   00:00:00 (xfer#626, to-check=731/1752)
synthetic_008355/metadata.json
           1800 100%    5.25MB/s   00:00:00 (xfer#627, to-check=732/1752)
synthetic_008355/posterior_mean.pt
         232026 100%    2.57MB/s   00:00:00 (xfer#628, to-check=733/1752)
synthetic_008355/posterior_samples.pt
        1769472   7%    3.31MB/s   00:00:06        3342336  14%    2.93MB/s   00:00:06        5308416  22%    3.52MB/s   00:00:05        7274496  30%    3.63MB/s   00:00:04        9371648  38%    3.76MB/s   00:00:03       11567104  47%    4.19MB/s   00:00:02       13828096  56%    3.91MB/s   00:00:02       16187392  66%    4.19MB/s   00:00:01       18808832  76%    4.57MB/s   00:00:01       21168128  86%    4.49MB/s   00:00:00       23920640  97%    4.93MB/s   00:00:00       24657317 100%    3.91MB/s   00:00:06 (xfer#629, to-check=734/1752)
synthetic_008355/posterior_std.pt
         232019 100%   97.35MB/s   00:00:00 (xfer#630, to-check=735/1752)
synthetic_008355/posterior_variance.pt
         232054 100%    8.56MB/s   00:00:00 (xfer#631, to-check=736/1752)
synthetic_008356/
synthetic_008356/composite_mean.pt
         232026 100%    2.80MB/s   00:00:00 (xfer#632, to-check=738/1752)
synthetic_008356/metadata.json
           1801 100%   15.33MB/s   00:00:00 (xfer#633, to-check=739/1752)
synthetic_008356/posterior_mean.pt
         232026 100%    3.64MB/s   00:00:00 (xfer#634, to-check=740/1752)
synthetic_008356/posterior_samples.pt
        2752512  11%    5.04MB/s   00:00:04        5636096  23%    5.50MB/s   00:00:03        8388608  34%    5.21MB/s   00:00:02       11403264  46%    5.72MB/s   00:00:02       14417920  58%    5.72MB/s   00:00:01       17825792  72%    6.37MB/s   00:00:01       21626880  88%    7.18MB/s   00:00:00       24657317 100%    5.98MB/s   00:00:03 (xfer#635, to-check=741/1752)
synthetic_008356/posterior_std.pt
         232019 100%   12.12MB/s   00:00:00 (xfer#636, to-check=742/1752)
synthetic_008356/posterior_variance.pt
         232054 100%   27.27MB/s   00:00:00 (xfer#637, to-check=743/1752)
synthetic_008357/
synthetic_008357/composite_mean.pt
         232026 100%    4.58MB/s   00:00:00 (xfer#638, to-check=745/1752)
synthetic_008357/metadata.json
           1799 100%   23.21MB/s   00:00:00 (xfer#639, to-check=746/1752)
synthetic_008357/posterior_mean.pt
         232026 100%   29.03MB/s   00:00:00 (xfer#640, to-check=747/1752)
synthetic_008357/posterior_samples.pt
        4587520  19%    8.62MB/s   00:00:02        9568256  39%    9.15MB/s   00:00:01       15204352  62%   10.67MB/s   00:00:00       21626880  88%   12.07MB/s   00:00:00       24657317 100%   10.27MB/s   00:00:02 (xfer#641, to-check=748/1752)
synthetic_008357/posterior_std.pt
         232019 100%  223.26MB/s   00:00:00 (xfer#642, to-check=749/1752)
synthetic_008357/posterior_variance.pt
         232054 100%  368.78MB/s   00:00:00 (xfer#643, to-check=750/1752)
synthetic_008358/
synthetic_008358/composite_mean.pt
         232026 100%   23.12MB/s   00:00:00 (xfer#644, to-check=752/1752)
synthetic_008358/metadata.json
           1800 100%   33.64MB/s   00:00:00 (xfer#645, to-check=753/1752)
synthetic_008358/posterior_mean.pt
         232026 100%   11.12MB/s   00:00:00 (xfer#646, to-check=754/1752)
synthetic_008358/posterior_samples.pt
        7143424  29%   13.38MB/s   00:00:01       13959168  57%   12.87MB/s   00:00:00       20676608  84%   12.81MB/s   00:00:00       24657317 100%   12.75MB/s   00:00:01 (xfer#647, to-check=755/1752)
synthetic_008358/posterior_std.pt
         232019 100%   86.74MB/s   00:00:00 (xfer#648, to-check=756/1752)
synthetic_008358/posterior_variance.pt
         232054 100%  271.57MB/s   00:00:00 (xfer#649, to-check=757/1752)
synthetic_008359/
synthetic_008359/composite_mean.pt
         232026 100%   12.46MB/s   00:00:00 (xfer#650, to-check=759/1752)
synthetic_008359/metadata.json
           1800 100%   36.55MB/s   00:00:00 (xfer#651, to-check=760/1752)
synthetic_008359/posterior_mean.pt
         232026 100%   12.77MB/s   00:00:00 (xfer#652, to-check=761/1752)
synthetic_008359/posterior_samples.pt
        5341184  22%   10.09MB/s   00:00:01       12288000  50%   13.19MB/s   00:00:00       18972672  77%   12.47MB/s   00:00:00       24657317 100%   11.79MB/s   00:00:01 (xfer#653, to-check=762/1752)
synthetic_008359/posterior_std.pt
         232019 100%  152.09MB/s   00:00:00 (xfer#654, to-check=763/1752)
synthetic_008359/posterior_variance.pt
         232054 100%   25.68MB/s   00:00:00 (xfer#655, to-check=764/1752)
synthetic_008360/
synthetic_008360/composite_mean.pt
         232026 100%   10.94MB/s   00:00:00 (xfer#656, to-check=766/1752)
synthetic_008360/metadata.json
           1801 100%   33.66MB/s   00:00:00 (xfer#657, to-check=767/1752)
synthetic_008360/posterior_mean.pt
         232026 100%   16.15MB/s   00:00:00 (xfer#658, to-check=768/1752)
synthetic_008360/posterior_samples.pt
        6782976  28%   12.78MB/s   00:00:01       13598720  55%   12.73MB/s   00:00:00       20414464  83%   12.82MB/s   00:00:00       24657317 100%   12.61MB/s   00:00:01 (xfer#659, to-check=769/1752)
synthetic_008360/posterior_std.pt
         232019 100%  112.32MB/s   00:00:00 (xfer#660, to-check=770/1752)
synthetic_008360/posterior_variance.pt
         232054 100%   22.54MB/s   00:00:00 (xfer#661, to-check=771/1752)
synthetic_008361/
synthetic_008361/composite_mean.pt
         232026 100%   11.07MB/s   00:00:00 (xfer#662, to-check=773/1752)
synthetic_008361/metadata.json
           1800 100%   35.12MB/s   00:00:00 (xfer#663, to-check=774/1752)
synthetic_008361/posterior_mean.pt
         232026 100%   28.32MB/s   00:00:00 (xfer#664, to-check=775/1752)
synthetic_008361/posterior_samples.pt
        6717440  27%   12.64MB/s   00:00:01       13533184  55%   12.77MB/s   00:00:00       19955712  81%   12.20MB/s   00:00:00       24657317 100%   12.54MB/s   00:00:01 (xfer#665, to-check=776/1752)
synthetic_008361/posterior_std.pt
         232019 100%  202.06MB/s   00:00:00 (xfer#666, to-check=777/1752)
synthetic_008361/posterior_variance.pt
         232054 100%  170.63MB/s   00:00:00 (xfer#667, to-check=778/1752)
synthetic_008362/
synthetic_008362/composite_mean.pt
         232026 100%   12.35MB/s   00:00:00 (xfer#668, to-check=780/1752)
synthetic_008362/metadata.json
           1800 100%   37.31MB/s   00:00:00 (xfer#669, to-check=781/1752)
synthetic_008362/posterior_mean.pt
         232026 100%   11.25MB/s   00:00:00 (xfer#670, to-check=782/1752)
synthetic_008362/posterior_samples.pt
        5701632  23%    9.75MB/s   00:00:01       12648448  51%   12.82MB/s   00:00:00       18939904  77%   11.64MB/s   00:00:00       24657317 100%   11.65MB/s   00:00:02 (xfer#671, to-check=783/1752)
synthetic_008362/posterior_std.pt
         232019 100%   92.94MB/s   00:00:00 (xfer#672, to-check=784/1752)
synthetic_008362/posterior_variance.pt
         232054 100%  164.90MB/s   00:00:00 (xfer#673, to-check=785/1752)
synthetic_008363/
synthetic_008363/composite_mean.pt
         232026 100%   15.54MB/s   00:00:00 (xfer#674, to-check=787/1752)
synthetic_008363/metadata.json
           1798 100%   28.54MB/s   00:00:00 (xfer#675, to-check=788/1752)
synthetic_008363/posterior_mean.pt
         232026 100%   10.98MB/s   00:00:00 (xfer#676, to-check=789/1752)
synthetic_008363/posterior_samples.pt
        6815744  28%   12.77MB/s   00:00:01       13565952  55%   12.87MB/s   00:00:00       20316160  82%   12.75MB/s   00:00:00       24657317 100%   12.57MB/s   00:00:01 (xfer#677, to-check=790/1752)
synthetic_008363/posterior_std.pt
         232019 100%   85.76MB/s   00:00:00 (xfer#678, to-check=791/1752)
synthetic_008363/posterior_variance.pt
         232054 100%  133.23MB/s   00:00:00 (xfer#679, to-check=792/1752)
synthetic_008364/
synthetic_008364/composite_mean.pt
         232026 100%   18.74MB/s   00:00:00 (xfer#680, to-check=794/1752)
synthetic_008364/metadata.json
           1799 100%   22.28MB/s   00:00:00 (xfer#681, to-check=795/1752)
synthetic_008364/posterior_mean.pt
         232026 100%   10.44MB/s   00:00:00 (xfer#682, to-check=796/1752)
synthetic_008364/posterior_samples.pt
        6651904  27%   12.67MB/s   00:00:01       13467648  55%   12.86MB/s   00:00:00       20250624  82%   12.93MB/s   00:00:00       24657317 100%   12.42MB/s   00:00:01 (xfer#683, to-check=797/1752)
synthetic_008364/posterior_std.pt
         232019 100%  138.39MB/s   00:00:00 (xfer#684, to-check=798/1752)
synthetic_008364/posterior_variance.pt
         232054 100%   24.56MB/s   00:00:00 (xfer#685, to-check=799/1752)
synthetic_008365/
synthetic_008365/composite_mean.pt
         232026 100%   10.31MB/s   00:00:00 (xfer#686, to-check=801/1752)
synthetic_008365/metadata.json
           1799 100%   14.93MB/s   00:00:00 (xfer#687, to-check=802/1752)
synthetic_008365/posterior_mean.pt
         232026 100%   27.85MB/s   00:00:00 (xfer#688, to-check=803/1752)
synthetic_008365/posterior_samples.pt
        6520832  26%   12.42MB/s   00:00:01       13336576  54%   12.78MB/s   00:00:00       20152320  82%   12.84MB/s   00:00:00       24657317 100%   12.47MB/s   00:00:01 (xfer#689, to-check=804/1752)
synthetic_008365/posterior_std.pt
         232019 100%   91.66MB/s   00:00:00 (xfer#690, to-check=805/1752)
synthetic_008365/posterior_variance.pt
         232054 100%  202.31MB/s   00:00:00 (xfer#691, to-check=806/1752)
synthetic_008366/
synthetic_008366/composite_mean.pt
         232026 100%   13.79MB/s   00:00:00 (xfer#692, to-check=808/1752)
synthetic_008366/metadata.json
           1798 100%   23.81MB/s   00:00:00 (xfer#693, to-check=809/1752)
synthetic_008366/posterior_mean.pt
         232026 100%   21.66MB/s   00:00:00 (xfer#694, to-check=810/1752)
synthetic_008366/posterior_samples.pt
        6684672  27%   12.59MB/s   00:00:01       13500416  55%   12.82MB/s   00:00:00       20316160  82%   12.64MB/s   00:00:00       24657317 100%   12.49MB/s   00:00:01 (xfer#695, to-check=811/1752)
synthetic_008366/posterior_std.pt
         232019 100%   74.91MB/s   00:00:00 (xfer#696, to-check=812/1752)
synthetic_008366/posterior_variance.pt
         232054 100%  214.86MB/s   00:00:00 (xfer#697, to-check=813/1752)
synthetic_008367/
synthetic_008367/composite_mean.pt
         232026 100%   35.82MB/s   00:00:00 (xfer#698, to-check=815/1752)
synthetic_008367/metadata.json
           1798 100%   31.82MB/s   00:00:00 (xfer#699, to-check=816/1752)
synthetic_008367/posterior_mean.pt
         232026 100%   10.29MB/s   00:00:00 (xfer#700, to-check=817/1752)
synthetic_008367/posterior_samples.pt
        6225920  25%   10.89MB/s   00:00:01       12058624  49%   10.62MB/s   00:00:01       14843904  60%    5.16MB/s   00:00:01       19038208  77%    7.83MB/s   00:00:00       24018944  97%    9.48MB/s   00:00:00       24657317 100%    8.64MB/s   00:00:02 (xfer#701, to-check=818/1752)
synthetic_008367/posterior_std.pt
         232019 100%  136.00MB/s   00:00:00 (xfer#702, to-check=819/1752)
synthetic_008367/posterior_variance.pt
         232054 100%  228.40MB/s   00:00:00 (xfer#703, to-check=820/1752)
synthetic_008368/
synthetic_008368/composite_mean.pt
         232026 100%    9.20MB/s   00:00:00 (xfer#704, to-check=822/1752)
synthetic_008368/metadata.json
           1800 100%   27.27MB/s   00:00:00 (xfer#705, to-check=823/1752)
synthetic_008368/posterior_mean.pt
         232026 100%   23.24MB/s   00:00:00 (xfer#706, to-check=824/1752)
synthetic_008368/posterior_samples.pt
        5046272  20%    9.59MB/s   00:00:01        9895936  40%    8.64MB/s   00:00:01       15138816  61%    9.97MB/s   00:00:00       19595264  79%    8.46MB/s   00:00:00       24657317 100%    9.38MB/s   00:00:02 (xfer#707, to-check=825/1752)
synthetic_008368/posterior_std.pt
         232019 100%   98.30MB/s   00:00:00 (xfer#708, to-check=826/1752)
synthetic_008368/posterior_variance.pt
         232054 100%   25.76MB/s   00:00:00 (xfer#709, to-check=827/1752)
synthetic_008369/
synthetic_008369/composite_mean.pt
         232026 100%   16.46MB/s   00:00:00 (xfer#710, to-check=829/1752)
synthetic_008369/metadata.json
           1797 100%   25.95MB/s   00:00:00 (xfer#711, to-check=830/1752)
synthetic_008369/posterior_mean.pt
         232026 100%    6.63MB/s   00:00:00 (xfer#712, to-check=831/1752)
synthetic_008369/posterior_samples.pt
        5406720  22%    9.74MB/s   00:00:01       10518528  43%    9.64MB/s   00:00:01       16121856  65%   10.69MB/s   00:00:00       21790720  88%   10.80MB/s   00:00:00       24657317 100%   10.11MB/s   00:00:02 (xfer#713, to-check=832/1752)
synthetic_008369/posterior_std.pt
         232019 100%  178.89MB/s   00:00:00 (xfer#714, to-check=833/1752)
synthetic_008369/posterior_variance.pt
         232054 100%   38.21MB/s   00:00:00 (xfer#715, to-check=834/1752)
synthetic_008370/
synthetic_008370/composite_mean.pt
         232026 100%   11.89MB/s   00:00:00 (xfer#716, to-check=836/1752)
synthetic_008370/metadata.json
           1798 100%   27.24MB/s   00:00:00 (xfer#717, to-check=837/1752)
synthetic_008370/posterior_mean.pt
         232026 100%   10.20MB/s   00:00:00 (xfer#718, to-check=838/1752)
synthetic_008370/posterior_samples.pt
        5570560  23%   10.61MB/s   00:00:01       10158080  41%    8.65MB/s   00:00:01       16318464  66%   11.48MB/s   00:00:00       22085632  90%   10.23MB/s   00:00:00       24657317 100%   10.29MB/s   00:00:02 (xfer#719, to-check=839/1752)
synthetic_008370/posterior_std.pt
         232019 100%   45.09MB/s   00:00:00 (xfer#720, to-check=840/1752)
synthetic_008370/posterior_variance.pt
         232054 100%   12.74MB/s   00:00:00 (xfer#721, to-check=841/1752)
synthetic_008371/
synthetic_008371/composite_mean.pt
         232026 100%   18.79MB/s   00:00:00 (xfer#722, to-check=843/1752)
synthetic_008371/metadata.json
           1797 100%   33.59MB/s   00:00:00 (xfer#723, to-check=844/1752)
synthetic_008371/posterior_mean.pt
         232026 100%    6.48MB/s   00:00:00 (xfer#724, to-check=845/1752)
synthetic_008371/posterior_samples.pt
        6029312  24%   11.47MB/s   00:00:01       10878976  44%    8.78MB/s   00:00:01       17039360  69%   11.44MB/s   00:00:00       23068672  94%   11.48MB/s   00:00:00       24657317 100%   10.67MB/s   00:00:02 (xfer#725, to-check=846/1752)
synthetic_008371/posterior_std.pt
         232019 100%   13.02MB/s   00:00:00 (xfer#726, to-check=847/1752)
synthetic_008371/posterior_variance.pt
         232054 100%   23.40MB/s   00:00:00 (xfer#727, to-check=848/1752)
synthetic_008372/
synthetic_008372/composite_mean.pt
         232026 100%   60.69MB/s   00:00:00 (xfer#728, to-check=850/1752)
synthetic_008372/metadata.json
           1800 100%   51.80MB/s   00:00:00 (xfer#729, to-check=851/1752)
synthetic_008372/posterior_mean.pt
         232026 100%    5.96MB/s   00:00:00 (xfer#730, to-check=852/1752)
synthetic_008372/posterior_samples.pt
        5963776  24%   10.88MB/s   00:00:01       12156928  49%   11.61MB/s   00:00:01       18841600  76%   12.55MB/s   00:00:00       24657317 100%   11.63MB/s   00:00:02 (xfer#731, to-check=853/1752)
synthetic_008372/posterior_std.pt
         232019 100%  105.62MB/s   00:00:00 (xfer#732, to-check=854/1752)
synthetic_008372/posterior_variance.pt
         232054 100%  263.47MB/s   00:00:00 (xfer#733, to-check=855/1752)
synthetic_008373/
synthetic_008373/composite_mean.pt
         232026 100%   10.29MB/s   00:00:00 (xfer#734, to-check=857/1752)
synthetic_008373/metadata.json
           1798 100%   37.26MB/s   00:00:00 (xfer#735, to-check=858/1752)
synthetic_008373/posterior_mean.pt
         232026 100%   22.62MB/s   00:00:00 (xfer#736, to-check=859/1752)
synthetic_008373/posterior_samples.pt
        6684672  27%   12.50MB/s   00:00:01       14024704  57%   13.71MB/s   00:00:00       18022400  73%    7.25MB/s   00:00:00       23003136  93%    9.46MB/s   00:00:00       24657317 100%   10.62MB/s   00:00:02 (xfer#737, to-check=860/1752)
synthetic_008373/posterior_std.pt
         232019 100%  123.89MB/s   00:00:00 (xfer#738, to-check=861/1752)
synthetic_008373/posterior_variance.pt
         232054 100%   12.32MB/s   00:00:00 (xfer#739, to-check=862/1752)
synthetic_008374/
synthetic_008374/composite_mean.pt
         232026 100%   13.08MB/s   00:00:00 (xfer#740, to-check=864/1752)
synthetic_008374/metadata.json
           1798 100%   24.46MB/s   00:00:00 (xfer#741, to-check=865/1752)
synthetic_008374/posterior_mean.pt
         232026 100%    8.42MB/s   00:00:00 (xfer#742, to-check=866/1752)
synthetic_008374/posterior_samples.pt
        5963776  24%   11.25MB/s   00:00:01       12517376  51%   12.50MB/s   00:00:00       19464192  79%   13.18MB/s   00:00:00       24657317 100%   12.34MB/s   00:00:01 (xfer#743, to-check=867/1752)
synthetic_008374/posterior_std.pt
         232019 100%  150.52MB/s   00:00:00 (xfer#744, to-check=868/1752)
synthetic_008374/posterior_variance.pt
         232054 100%   70.39MB/s   00:00:00 (xfer#745, to-check=869/1752)
synthetic_008375/
synthetic_008375/composite_mean.pt
         232026 100%    7.93MB/s   00:00:00 (xfer#746, to-check=871/1752)
synthetic_008375/metadata.json
           1798 100%   30.60MB/s   00:00:00 (xfer#747, to-check=872/1752)
synthetic_008375/posterior_mean.pt
         232026 100%   36.84MB/s   00:00:00 (xfer#748, to-check=873/1752)
synthetic_008375/posterior_samples.pt
        6881280  28%   12.96MB/s   00:00:01       11730944  48%    9.25MB/s   00:00:01       17235968  70%   10.15MB/s   00:00:00       22347776  91%    9.70MB/s   00:00:00       24657317 100%   10.48MB/s   00:00:02 (xfer#749, to-check=874/1752)
synthetic_008375/posterior_std.pt
         232019 100%  126.80MB/s   00:00:00 (xfer#750, to-check=875/1752)
synthetic_008375/posterior_variance.pt
         232054 100%   10.73MB/s   00:00:00 (xfer#751, to-check=876/1752)
synthetic_008376/
synthetic_008376/composite_mean.pt
         232026 100%    9.20MB/s   00:00:00 (xfer#752, to-check=878/1752)
synthetic_008376/metadata.json
           1799 100%   24.15MB/s   00:00:00 (xfer#753, to-check=879/1752)
synthetic_008376/posterior_mean.pt
         232026 100%   43.85MB/s   00:00:00 (xfer#754, to-check=880/1752)
synthetic_008376/posterior_samples.pt
        5308416  22%    9.20MB/s   00:00:02       11075584  45%   10.99MB/s   00:00:01       17104896  69%   11.43MB/s   00:00:00       23265280  94%   11.06MB/s   00:00:00       24657317 100%   10.66MB/s   00:00:02 (xfer#755, to-check=881/1752)
synthetic_008376/posterior_std.pt
         232019 100%   67.46MB/s   00:00:00 (xfer#756, to-check=882/1752)
synthetic_008376/posterior_variance.pt
         232054 100%   17.44MB/s   00:00:00 (xfer#757, to-check=883/1752)
synthetic_008377/
synthetic_008377/composite_mean.pt
         232026 100%   12.33MB/s   00:00:00 (xfer#758, to-check=885/1752)
synthetic_008377/metadata.json
           1799 100%   19.29MB/s   00:00:00 (xfer#759, to-check=886/1752)
synthetic_008377/posterior_mean.pt
         232026 100%    7.35MB/s   00:00:00 (xfer#760, to-check=887/1752)
synthetic_008377/posterior_samples.pt
        6029312  24%   10.74MB/s   00:00:01       12091392  49%   11.56MB/s   00:00:01       18481152  75%   11.94MB/s   00:00:00       24657317 100%   11.41MB/s   00:00:02 (xfer#761, to-check=888/1752)
synthetic_008377/posterior_std.pt
         232019 100%   86.74MB/s   00:00:00 (xfer#762, to-check=889/1752)
synthetic_008377/posterior_variance.pt
         232054 100%   24.52MB/s   00:00:00 (xfer#763, to-check=890/1752)
synthetic_008378/
synthetic_008378/composite_mean.pt
         232026 100%   61.22MB/s   00:00:00 (xfer#764, to-check=892/1752)
synthetic_008378/metadata.json
           1798 100%   32.40MB/s   00:00:00 (xfer#765, to-check=893/1752)
synthetic_008378/posterior_mean.pt
         232026 100%    5.15MB/s   00:00:00 (xfer#766, to-check=894/1752)
synthetic_008378/posterior_samples.pt
        5668864  23%   10.71MB/s   00:00:01       11698176  47%   11.33MB/s   00:00:01       17596416  71%   11.22MB/s   00:00:00       24018944  97%   12.08MB/s   00:00:00       24657317 100%   11.20MB/s   00:00:02 (xfer#767, to-check=895/1752)
synthetic_008378/posterior_std.pt
         232019 100%   99.94MB/s   00:00:00 (xfer#768, to-check=896/1752)
synthetic_008378/posterior_variance.pt
         232054 100%   12.03MB/s   00:00:00 (xfer#769, to-check=897/1752)
synthetic_008379/
synthetic_008379/composite_mean.pt
         232026 100%   37.75MB/s   00:00:00 (xfer#770, to-check=899/1752)
synthetic_008379/metadata.json
           1797 100%   29.58MB/s   00:00:00 (xfer#771, to-check=900/1752)
synthetic_008379/posterior_mean.pt
         232026 100%    9.12MB/s   00:00:00 (xfer#772, to-check=901/1752)
synthetic_008379/posterior_samples.pt
        6553600  27%   12.19MB/s   00:00:01       12320768  50%   10.27MB/s   00:00:01       18481152  75%   11.65MB/s   00:00:00       24657317 100%   11.47MB/s   00:00:02 (xfer#773, to-check=902/1752)
synthetic_008379/posterior_std.pt
         232019 100%  179.76MB/s   00:00:00 (xfer#774, to-check=903/1752)
synthetic_008379/posterior_variance.pt
         232054 100%  242.92MB/s   00:00:00 (xfer#775, to-check=904/1752)
synthetic_008380/
synthetic_008380/composite_mean.pt
         232026 100%   22.24MB/s   00:00:00 (xfer#776, to-check=906/1752)
synthetic_008380/metadata.json
           1798 100%   41.81MB/s   00:00:00 (xfer#777, to-check=907/1752)
synthetic_008380/posterior_mean.pt
         232026 100%    7.91MB/s   00:00:00 (xfer#778, to-check=908/1752)
synthetic_008380/posterior_samples.pt
        6455296  26%   12.30MB/s   00:00:01       12222464  50%   10.90MB/s   00:00:01       19169280  78%   12.94MB/s   00:00:00       24657317 100%   12.12MB/s   00:00:01 (xfer#779, to-check=909/1752)
synthetic_008380/posterior_std.pt
         232019 100%   77.53MB/s   00:00:00 (xfer#780, to-check=910/1752)
synthetic_008380/posterior_variance.pt
         232054 100%   42.66MB/s   00:00:00 (xfer#781, to-check=911/1752)
synthetic_008381/
synthetic_008381/composite_mean.pt
         232026 100%    8.48MB/s   00:00:00 (xfer#782, to-check=913/1752)
synthetic_008381/metadata.json
           1800 100%   25.99MB/s   00:00:00 (xfer#783, to-check=914/1752)
synthetic_008381/posterior_mean.pt
         232026 100%   10.83MB/s   00:00:00 (xfer#784, to-check=915/1752)
synthetic_008381/posterior_samples.pt
        6881280  28%   12.91MB/s   00:00:01       14090240  57%   13.40MB/s   00:00:00       20905984  85%   12.81MB/s   00:00:00       24657317 100%   12.83MB/s   00:00:01 (xfer#785, to-check=916/1752)
synthetic_008381/posterior_std.pt
         232019 100%  122.99MB/s   00:00:00 (xfer#786, to-check=917/1752)
synthetic_008381/posterior_variance.pt
         232054 100%   36.23MB/s   00:00:00 (xfer#787, to-check=918/1752)
synthetic_008382/
synthetic_008382/composite_mean.pt
         232026 100%   10.77MB/s   00:00:00 (xfer#788, to-check=920/1752)
synthetic_008382/metadata.json
           1798 100%   26.84MB/s   00:00:00 (xfer#789, to-check=921/1752)
synthetic_008382/posterior_mean.pt
         232026 100%   10.23MB/s   00:00:00 (xfer#790, to-check=922/1752)
synthetic_008382/posterior_samples.pt
        6848512  28%   12.88MB/s   00:00:01       13664256  55%   12.74MB/s   00:00:00       20480000  83%   12.84MB/s   00:00:00       24657317 100%   12.55MB/s   00:00:01 (xfer#791, to-check=923/1752)
synthetic_008382/posterior_std.pt
         232019 100%   80.03MB/s   00:00:00 (xfer#792, to-check=924/1752)
synthetic_008382/posterior_variance.pt
         232054 100%  191.94MB/s   00:00:00 (xfer#793, to-check=925/1752)
synthetic_008383/
synthetic_008383/composite_mean.pt
         232026 100%   28.23MB/s   00:00:00 (xfer#794, to-check=927/1752)
synthetic_008383/metadata.json
           1799 100%   26.36MB/s   00:00:00 (xfer#795, to-check=928/1752)
synthetic_008383/posterior_mean.pt
         232026 100%   11.52MB/s   00:00:00 (xfer#796, to-check=929/1752)
synthetic_008383/posterior_samples.pt
        6619136  27%   12.51MB/s   00:00:01       11141120  45%    8.62MB/s   00:00:01       17301504  70%   11.64MB/s   00:00:00       24510464  99%   13.49MB/s   00:00:00       24657317 100%   11.43MB/s   00:00:02 (xfer#797, to-check=930/1752)
synthetic_008383/posterior_std.pt
         232019 100%  127.01MB/s   00:00:00 (xfer#798, to-check=931/1752)
synthetic_008383/posterior_variance.pt
         232054 100%  146.06MB/s   00:00:00 (xfer#799, to-check=932/1752)
synthetic_008384/
synthetic_008384/composite_mean.pt
         232026 100%   14.66MB/s   00:00:00 (xfer#800, to-check=934/1752)
synthetic_008384/metadata.json
           1797 100%   27.65MB/s   00:00:00 (xfer#801, to-check=935/1752)
synthetic_008384/posterior_mean.pt
         232026 100%    9.93MB/s   00:00:00 (xfer#802, to-check=936/1752)
synthetic_008384/posterior_samples.pt
        6717440  27%   12.77MB/s   00:00:01       13434880  54%   12.81MB/s   00:00:00       20086784  81%   12.57MB/s   00:00:00       24657317 100%   12.42MB/s   00:00:01 (xfer#803, to-check=937/1752)
synthetic_008384/posterior_std.pt
         232019 100%  116.10MB/s   00:00:00 (xfer#804, to-check=938/1752)
synthetic_008384/posterior_variance.pt
         232054 100%  187.25MB/s   00:00:00 (xfer#805, to-check=939/1752)
synthetic_008385/
synthetic_008385/composite_mean.pt
         232026 100%  127.45MB/s   00:00:00 (xfer#806, to-check=941/1752)
synthetic_008385/metadata.json
           1800 100%   31.17MB/s   00:00:00 (xfer#807, to-check=942/1752)
synthetic_008385/posterior_mean.pt
         232026 100%   12.29MB/s   00:00:00 (xfer#808, to-check=943/1752)
synthetic_008385/posterior_samples.pt
        6750208  27%   12.80MB/s   00:00:01       13565952  55%   12.76MB/s   00:00:00       20381696  83%   12.83MB/s   00:00:00       24657317 100%   12.56MB/s   00:00:01 (xfer#809, to-check=944/1752)
synthetic_008385/posterior_std.pt
         232019 100%  129.76MB/s   00:00:00 (xfer#810, to-check=945/1752)
synthetic_008385/posterior_variance.pt
         232054 100%   76.21MB/s   00:00:00 (xfer#811, to-check=946/1752)
synthetic_008386/
synthetic_008386/composite_mean.pt
         232026 100%   17.75MB/s   00:00:00 (xfer#812, to-check=948/1752)
synthetic_008386/metadata.json
           1799 100%   20.68MB/s   00:00:00 (xfer#813, to-check=949/1752)
synthetic_008386/posterior_mean.pt
         232026 100%   15.65MB/s   00:00:00 (xfer#814, to-check=950/1752)
synthetic_008386/posterior_samples.pt
        6717440  27%   12.69MB/s   00:00:01       13172736  53%   11.18MB/s   00:00:00       19169280  78%   10.99MB/s   00:00:00       24657317 100%   11.82MB/s   00:00:01 (xfer#815, to-check=951/1752)
synthetic_008386/posterior_std.pt
         232019 100%  118.51MB/s   00:00:00 (xfer#816, to-check=952/1752)
synthetic_008386/posterior_variance.pt
         232054 100%  202.84MB/s   00:00:00 (xfer#817, to-check=953/1752)
synthetic_008387/
synthetic_008387/composite_mean.pt
         232026 100%   25.91MB/s   00:00:00 (xfer#818, to-check=955/1752)
synthetic_008387/metadata.json
           1800 100%   31.17MB/s   00:00:00 (xfer#819, to-check=956/1752)
synthetic_008387/posterior_mean.pt
         232026 100%   10.21MB/s   00:00:00 (xfer#820, to-check=957/1752)
synthetic_008387/posterior_samples.pt
        6848512  28%   12.90MB/s   00:00:01       13533184  55%   12.48MB/s   00:00:00       20480000  83%   13.10MB/s   00:00:00       24657317 100%   12.53MB/s   00:00:01 (xfer#821, to-check=958/1752)
synthetic_008387/posterior_std.pt
         232019 100%   84.23MB/s   00:00:00 (xfer#822, to-check=959/1752)
synthetic_008387/posterior_variance.pt
         232054 100%  175.80MB/s   00:00:00 (xfer#823, to-check=960/1752)
synthetic_008388/
synthetic_008388/composite_mean.pt
         232026 100%   30.03MB/s   00:00:00 (xfer#824, to-check=962/1752)
synthetic_008388/metadata.json
           1798 100%   31.13MB/s   00:00:00 (xfer#825, to-check=963/1752)
synthetic_008388/posterior_mean.pt
         232026 100%   11.32MB/s   00:00:00 (xfer#826, to-check=964/1752)
synthetic_008388/posterior_samples.pt
        4554752  18%    8.56MB/s   00:00:02        8880128  36%    8.25MB/s   00:00:01       15368192  62%   12.37MB/s   00:00:00       21856256  89%   12.31MB/s   00:00:00       24657317 100%   10.31MB/s   00:00:02 (xfer#827, to-check=965/1752)
synthetic_008388/posterior_std.pt
         232019 100%  141.02MB/s   00:00:00 (xfer#828, to-check=966/1752)
synthetic_008388/posterior_variance.pt
         232054 100%  198.29MB/s   00:00:00 (xfer#829, to-check=967/1752)
synthetic_008389/
synthetic_008389/composite_mean.pt
         232026 100%    6.11MB/s   00:00:00 (xfer#830, to-check=969/1752)
synthetic_008389/metadata.json
           1798 100%   21.40MB/s   00:00:00 (xfer#831, to-check=970/1752)
synthetic_008389/posterior_mean.pt
         232026 100%  148.31MB/s   00:00:00 (xfer#832, to-check=971/1752)
synthetic_008389/posterior_samples.pt
        4784128  19%    8.94MB/s   00:00:02        9371648  38%    8.72MB/s   00:00:01       14483456  59%    9.72MB/s   00:00:00       19595264  79%    9.69MB/s   00:00:00       24657317 100%    9.39MB/s   00:00:02 (xfer#833, to-check=972/1752)
synthetic_008389/posterior_std.pt
         232019 100%   80.29MB/s   00:00:00 (xfer#834, to-check=973/1752)
synthetic_008389/posterior_variance.pt
         232054 100%  138.23MB/s   00:00:00 (xfer#835, to-check=974/1752)
synthetic_008390/
synthetic_008390/composite_mean.pt
         232026 100%   18.28MB/s   00:00:00 (xfer#836, to-check=976/1752)
synthetic_008390/metadata.json
           1798 100%   19.23MB/s   00:00:00 (xfer#837, to-check=977/1752)
synthetic_008390/posterior_mean.pt
         232026 100%   10.06MB/s   00:00:00 (xfer#838, to-check=978/1752)
synthetic_008390/posterior_samples.pt
        5799936  24%   10.55MB/s   00:00:01        9535488  39%    6.58MB/s   00:00:02       13074432  53%    6.73MB/s   00:00:01       17399808  71%    8.22MB/s   00:00:00       21987328  89%    8.21MB/s   00:00:00       24657317 100%    7.99MB/s   00:00:02 (xfer#839, to-check=979/1752)
synthetic_008390/posterior_std.pt
         232019 100%   92.43MB/s   00:00:00 (xfer#840, to-check=980/1752)
synthetic_008390/posterior_variance.pt
         232054 100%   14.90MB/s   00:00:00 (xfer#841, to-check=981/1752)
synthetic_008391/
synthetic_008391/composite_mean.pt
         232026 100%    4.69MB/s   00:00:00 (xfer#842, to-check=983/1752)
synthetic_008391/metadata.json
           1799 100%   20.21MB/s   00:00:00 (xfer#843, to-check=984/1752)
synthetic_008391/posterior_mean.pt
         232026 100%   56.66MB/s   00:00:00 (xfer#844, to-check=985/1752)
synthetic_008391/posterior_samples.pt
        5046272  20%    9.16MB/s   00:00:02       10027008  41%    9.50MB/s   00:00:01       12845056  52%    5.37MB/s   00:00:02       16154624  66%    6.30MB/s   00:00:01       20086784  81%    7.31MB/s   00:00:00       23625728  96%    6.69MB/s   00:00:00       24657317 100%    7.21MB/s   00:00:03 (xfer#845, to-check=986/1752)
synthetic_008391/posterior_std.pt
         232019 100%  132.19MB/s   00:00:00 (xfer#846, to-check=987/1752)
synthetic_008391/posterior_variance.pt
         232054 100%  208.78MB/s   00:00:00 (xfer#847, to-check=988/1752)
synthetic_008392/
synthetic_008392/composite_mean.pt
         232026 100%    7.85MB/s   00:00:00 (xfer#848, to-check=990/1752)
synthetic_008392/metadata.json
           1799 100%   20.39MB/s   00:00:00 (xfer#849, to-check=991/1752)
synthetic_008392/posterior_mean.pt
         232026 100%    6.19MB/s   00:00:00 (xfer#850, to-check=992/1752)
synthetic_008392/posterior_samples.pt
        4030464  16%    7.55MB/s   00:00:02        8093696  33%    7.70MB/s   00:00:02       12222464  50%    7.23MB/s   00:00:01       15106048  61%    5.44MB/s   00:00:01       17399808  71%    3.93MB/s   00:00:01       19496960  79%    3.99MB/s   00:00:01       22118400  90%    4.60MB/s   00:00:00       24657317 100%    5.61MB/s   00:00:04 (xfer#851, to-check=993/1752)
synthetic_008392/posterior_std.pt
         232019 100%   11.04MB/s   00:00:00 (xfer#852, to-check=994/1752)
synthetic_008392/posterior_variance.pt
         232054 100%    4.25MB/s   00:00:00 (xfer#853, to-check=995/1752)
synthetic_008393/
synthetic_008393/composite_mean.pt
         232026 100%    3.61MB/s   00:00:00 (xfer#854, to-check=997/1752)
synthetic_008393/metadata.json
           1799 100%    5.14MB/s   00:00:00 (xfer#855, to-check=998/1752)
synthetic_008393/posterior_mean.pt
         232026 100%   16.15MB/s   00:00:00 (xfer#856, to-check=999/1752)
synthetic_008393/posterior_samples.pt
        2555904  10%    4.60MB/s   00:00:04        4915200  20%    4.37MB/s   00:00:04        7634944  31%    5.19MB/s   00:00:03       10420224  42%    5.08MB/s   00:00:02       13041664  53%    4.87MB/s   00:00:02       15794176  64%    5.09MB/s   00:00:01       18677760  76%    5.48MB/s   00:00:01       21692416  88%    5.66MB/s   00:00:00       24576000 100%    5.49MB/s   00:00:00       24657317 100%    5.06MB/s   00:00:04 (xfer#857, to-check=1000/1752)
synthetic_008393/posterior_std.pt
         232019 100%   14.17MB/s   00:00:00 (xfer#858, to-check=1001/1752)
synthetic_008393/posterior_variance.pt
         232054 100%   20.21MB/s   00:00:00 (xfer#859, to-check=1002/1752)
synthetic_008394/
synthetic_008394/composite_mean.pt
         232026 100%    4.05MB/s   00:00:00 (xfer#860, to-check=1004/1752)
synthetic_008394/metadata.json
           1797 100%   17.66MB/s   00:00:00 (xfer#861, to-check=1005/1752)
synthetic_008394/posterior_mean.pt
         232026 100%    3.70MB/s   00:00:00 (xfer#862, to-check=1006/1752)
synthetic_008394/posterior_samples.pt
        3178496  13%    6.03MB/s   00:00:03        6324224  26%    5.80MB/s   00:00:03        9469952  38%    5.58MB/s   00:00:02       12746752  52%    6.25MB/s   00:00:01       16416768  67%    6.94MB/s   00:00:01       20086784  81%    6.80MB/s   00:00:00       23625728  96%    6.39MB/s   00:00:00       24657317 100%    6.21MB/s   00:00:03 (xfer#863, to-check=1007/1752)
synthetic_008394/posterior_std.pt
         232019 100%  150.22MB/s   00:00:00 (xfer#864, to-check=1008/1752)
synthetic_008394/posterior_variance.pt
         232054 100%   10.63MB/s   00:00:00 (xfer#865, to-check=1009/1752)
synthetic_008395/
synthetic_008395/composite_mean.pt
         232026 100%   51.69MB/s   00:00:00 (xfer#866, to-check=1011/1752)
synthetic_008395/metadata.json
           1799 100%   27.68MB/s   00:00:00 (xfer#867, to-check=1012/1752)
synthetic_008395/posterior_mean.pt
         232026 100%    3.83MB/s   00:00:00 (xfer#868, to-check=1013/1752)
synthetic_008395/posterior_samples.pt
        3801088  15%    6.90MB/s   00:00:02        7864320  32%    7.69MB/s   00:00:02       11796480  48%    7.50MB/s   00:00:01       15990784  65%    7.80MB/s   00:00:01       20054016  81%    7.50MB/s   00:00:00       24657317 100%    7.80MB/s   00:00:03 (xfer#869, to-check=1014/1752)
synthetic_008395/posterior_std.pt
         232019 100%  128.72MB/s   00:00:00 (xfer#870, to-check=1015/1752)
synthetic_008395/posterior_variance.pt
         232054 100%   27.04MB/s   00:00:00 (xfer#871, to-check=1016/1752)
synthetic_008396/
synthetic_008396/composite_mean.pt
         232026 100%   22.77MB/s   00:00:00 (xfer#872, to-check=1018/1752)
synthetic_008396/metadata.json
           1799 100%   23.44MB/s   00:00:00 (xfer#873, to-check=1019/1752)
synthetic_008396/posterior_mean.pt
         232026 100%    6.41MB/s   00:00:00 (xfer#874, to-check=1020/1752)
synthetic_008396/posterior_samples.pt
        6193152  25%   11.16MB/s   00:00:01       12484608  51%   11.96MB/s   00:00:00       19431424  79%   13.23MB/s   00:00:00       24657317 100%   12.27MB/s   00:00:01 (xfer#875, to-check=1021/1752)
synthetic_008396/posterior_std.pt
         232019 100%  135.90MB/s   00:00:00 (xfer#876, to-check=1022/1752)
synthetic_008396/posterior_variance.pt
         232054 100%  274.21MB/s   00:00:00 (xfer#877, to-check=1023/1752)
synthetic_008397/
synthetic_008397/composite_mean.pt
         232026 100%   17.22MB/s   00:00:00 (xfer#878, to-check=1025/1752)
synthetic_008397/metadata.json
           1800 100%   26.87MB/s   00:00:00 (xfer#879, to-check=1026/1752)
synthetic_008397/posterior_mean.pt
         232026 100%   11.81MB/s   00:00:00 (xfer#880, to-check=1027/1752)
synthetic_008397/posterior_samples.pt
        6488064  26%   11.39MB/s   00:00:01        9732096  39%    5.42MB/s   00:00:02       11239424  46%    2.18MB/s   00:00:05       12025856  49%    1.48MB/s   00:00:08       12779520  52%    1.35MB/s   00:00:08       13697024  56%    1.56MB/s   00:00:06       14614528  59%    1.53MB/s   00:00:06       15532032  63%    1.66MB/s   00:00:05       16449536  67%    1.44MB/s   00:00:05       17367040  70%    1.48MB/s   00:00:04       18284544  74%    1.59MB/s   00:00:03       19202048  78%    1.64MB/s   00:00:03       20250624  82%    1.80MB/s   00:00:02       21299200  86%    1.84MB/s   00:00:01       22347776  91%    1.92MB/s   00:00:01       23527424  95%    2.12MB/s   00:00:00       24657317 100%    2.49MB/s   00:00:09 (xfer#881, to-check=1028/1752)
synthetic_008397/posterior_std.pt
         232019 100%    8.67MB/s   00:00:00 (xfer#882, to-check=1029/1752)
synthetic_008397/posterior_variance.pt
         232054 100%    1.94MB/s   00:00:00 (xfer#883, to-check=1030/1752)
synthetic_008398/
synthetic_008398/composite_mean.pt
         232026 100%    2.13MB/s   00:00:00 (xfer#884, to-check=1032/1752)
synthetic_008398/metadata.json
           1797 100%    5.64MB/s   00:00:00 (xfer#885, to-check=1033/1752)
synthetic_008398/posterior_mean.pt
         232026 100%    2.68MB/s   00:00:00 (xfer#886, to-check=1034/1752)
synthetic_008398/posterior_samples.pt
        1474560   6%    2.70MB/s   00:00:08        3047424  12%    2.84MB/s   00:00:07        4620288  19%    2.91MB/s   00:00:06        5931008  24%    2.44MB/s   00:00:07        7766016  31%    3.22MB/s   00:00:04        9732096  39%    3.62MB/s   00:00:03       11567104  47%    3.45MB/s   00:00:03       13664256  55%    3.76MB/s   00:00:02       15761408  64%    3.96MB/s   00:00:02       17858560  72%    3.95MB/s   00:00:01       20217856  82%    4.26MB/s   00:00:00       22708224  92%    4.27MB/s   00:00:00       24657317 100%    3.52MB/s   00:00:06 (xfer#887, to-check=1035/1752)
synthetic_008398/posterior_std.pt
         232019 100%   16.19MB/s   00:00:00 (xfer#888, to-check=1036/1752)
synthetic_008398/posterior_variance.pt
         232054 100%   29.87MB/s   00:00:00 (xfer#889, to-check=1037/1752)
synthetic_008399/
synthetic_008399/composite_mean.pt
         232026 100%    3.69MB/s   00:00:00 (xfer#890, to-check=1039/1752)
synthetic_008399/metadata.json
           1799 100%   22.28MB/s   00:00:00 (xfer#891, to-check=1040/1752)
synthetic_008399/posterior_mean.pt
         232026 100%    4.11MB/s   00:00:00 (xfer#892, to-check=1041/1752)
synthetic_008399/posterior_samples.pt
        2916352  12%    5.55MB/s   00:00:03        6455296  26%    6.39MB/s   00:00:02        9273344  38%    5.26MB/s   00:00:02       11468800  47%    3.94MB/s   00:00:03       13828096  56%    4.21MB/s   00:00:02       15925248  65%    3.93MB/s   00:00:02       18284544  74%    4.42MB/s   00:00:01       20774912  84%    4.38MB/s   00:00:00       23265280  94%    4.71MB/s   00:00:00       24657317 100%    4.68MB/s   00:00:05 (xfer#893, to-check=1042/1752)
synthetic_008399/posterior_std.pt
         232019 100%  211.74MB/s   00:00:00 (xfer#894, to-check=1043/1752)
synthetic_008399/posterior_variance.pt
         232054 100%    5.59MB/s   00:00:00 (xfer#895, to-check=1044/1752)
synthetic_008400/
synthetic_008400/composite_mean.pt
         232026 100%    3.83MB/s   00:00:00 (xfer#896, to-check=1046/1752)
synthetic_008400/metadata.json
           1798 100%    5.69MB/s   00:00:00 (xfer#897, to-check=1047/1752)
synthetic_008400/posterior_mean.pt
         232026 100%    3.39MB/s   00:00:00 (xfer#898, to-check=1048/1752)
synthetic_008400/posterior_samples.pt
        2621440  11%    4.65MB/s   00:00:04        5242880  21%    4.89MB/s   00:00:03        7733248  31%    4.57MB/s   00:00:03       10616832  43%    4.84MB/s   00:00:02       13369344  54%    5.18MB/s   00:00:02       15237120  62%    3.34MB/s   00:00:02       17465344  71%    4.13MB/s   00:00:01       19824640  80%    4.29MB/s   00:00:01       22446080  91%    4.63MB/s   00:00:00       24657317 100%    4.49MB/s   00:00:05 (xfer#899, to-check=1049/1752)
synthetic_008400/posterior_std.pt
         232019 100%    8.53MB/s   00:00:00 (xfer#900, to-check=1050/1752)
synthetic_008400/posterior_variance.pt
         232054 100%    5.21MB/s   00:00:00 (xfer#901, to-check=1051/1752)
synthetic_008401/
synthetic_008401/composite_mean.pt
         232026 100%    9.37MB/s   00:00:00 (xfer#902, to-check=1053/1752)
synthetic_008401/metadata.json
           1797 100%   18.82MB/s   00:00:00 (xfer#903, to-check=1054/1752)
synthetic_008401/posterior_mean.pt
         232026 100%    4.08MB/s   00:00:00 (xfer#904, to-check=1055/1752)
synthetic_008401/posterior_samples.pt
        2752512  11%    4.78MB/s   00:00:04        5505024  22%    5.14MB/s   00:00:03        8388608  34%    5.20MB/s   00:00:02       11403264  46%    5.32MB/s   00:00:02       14417920  58%    5.11MB/s   00:00:01       17432576  71%    5.68MB/s   00:00:01       20185088  82%    5.16MB/s   00:00:00       22937600  93%    5.15MB/s   00:00:00       24657317 100%    5.12MB/s   00:00:04 (xfer#905, to-check=1056/1752)
synthetic_008401/posterior_std.pt
         232019 100%  200.58MB/s   00:00:00 (xfer#906, to-check=1057/1752)
synthetic_008401/posterior_variance.pt
         232054 100%    4.85MB/s   00:00:00 (xfer#907, to-check=1058/1752)
synthetic_008402/
synthetic_008402/composite_mean.pt
         232026 100%    8.75MB/s   00:00:00 (xfer#908, to-check=1060/1752)
synthetic_008402/metadata.json
           1799 100%   19.50MB/s   00:00:00 (xfer#909, to-check=1061/1752)
synthetic_008402/posterior_mean.pt
         232026 100%    6.27MB/s   00:00:00 (xfer#910, to-check=1062/1752)
synthetic_008402/posterior_samples.pt
        2752512  11%    5.08MB/s   00:00:04        5636096  23%    5.40MB/s   00:00:03        8781824  36%    5.98MB/s   00:00:02       12058624  49%    6.05MB/s   00:00:01       15466496  63%    6.31MB/s   00:00:01       19005440  77%    6.25MB/s   00:00:00       22413312  91%    6.28MB/s   00:00:00       24657317 100%    5.93MB/s   00:00:03 (xfer#911, to-check=1063/1752)
synthetic_008402/posterior_std.pt
         232019 100%   12.98MB/s   00:00:00 (xfer#912, to-check=1064/1752)
synthetic_008402/posterior_variance.pt
         232054 100%   22.98MB/s   00:00:00 (xfer#913, to-check=1065/1752)
synthetic_008403/
synthetic_008403/composite_mean.pt
         232026 100%    5.10MB/s   00:00:00 (xfer#914, to-check=1067/1752)
synthetic_008403/metadata.json
           1799 100%   19.50MB/s   00:00:00 (xfer#915, to-check=1068/1752)
synthetic_008403/posterior_mean.pt
         232026 100%   14.31MB/s   00:00:00 (xfer#916, to-check=1069/1752)
synthetic_008403/posterior_samples.pt
        3309568  13%    6.17MB/s   00:00:03        7372800  30%    7.44MB/s   00:00:02       11173888  45%    7.10MB/s   00:00:01       15106048  61%    7.41MB/s   00:00:01       18382848  75%    5.84MB/s   00:00:01       22183936  90%    7.03MB/s   00:00:00       24657317 100%    6.75MB/s   00:00:03 (xfer#917, to-check=1070/1752)
synthetic_008403/posterior_std.pt
         232019 100%   13.27MB/s   00:00:00 (xfer#918, to-check=1071/1752)
synthetic_008403/posterior_variance.pt
         232054 100%   13.50MB/s   00:00:00 (xfer#919, to-check=1072/1752)
synthetic_008404/
synthetic_008404/composite_mean.pt
         232026 100%  148.90MB/s   00:00:00 (xfer#920, to-check=1074/1752)
synthetic_008404/metadata.json
           1800 100%   22.57MB/s   00:00:00 (xfer#921, to-check=1075/1752)
synthetic_008404/posterior_mean.pt
         232026 100%    3.09MB/s   00:00:00 (xfer#922, to-check=1076/1752)
synthetic_008404/posterior_samples.pt
        4096000  17%    7.24MB/s   00:00:02        8159232  33%    7.71MB/s   00:00:02       12222464  50%    7.45MB/s   00:00:01       16154624  66%    7.23MB/s   00:00:01       20480000  83%    7.86MB/s   00:00:00       24657317 100%    7.52MB/s   00:00:03 (xfer#923, to-check=1077/1752)
synthetic_008404/posterior_std.pt
         232019 100%   81.80MB/s   00:00:00 (xfer#924, to-check=1078/1752)
synthetic_008404/posterior_variance.pt
         232054 100%  190.95MB/s   00:00:00 (xfer#925, to-check=1079/1752)
synthetic_008405/
synthetic_008405/composite_mean.pt
         232026 100%    5.43MB/s   00:00:00 (xfer#926, to-check=1081/1752)
synthetic_008405/metadata.json
           1800 100%   24.91MB/s   00:00:00 (xfer#927, to-check=1082/1752)
synthetic_008405/posterior_mean.pt
         232026 100%   22.68MB/s   00:00:00 (xfer#928, to-check=1083/1752)
synthetic_008405/posterior_samples.pt
        4390912  18%    7.90MB/s   00:00:02        8978432  36%    8.01MB/s   00:00:01       13434880  54%    8.43MB/s   00:00:01       18022400  73%    8.36MB/s   00:00:00       22478848  91%    8.46MB/s   00:00:00       24657317 100%    8.04MB/s   00:00:02 (xfer#929, to-check=1084/1752)
synthetic_008405/posterior_std.pt
         232019 100%   84.62MB/s   00:00:00 (xfer#930, to-check=1085/1752)
synthetic_008405/posterior_variance.pt
         232054 100%   12.32MB/s   00:00:00 (xfer#931, to-check=1086/1752)
synthetic_008406/
synthetic_008406/composite_mean.pt
         232026 100%    7.93MB/s   00:00:00 (xfer#932, to-check=1088/1752)
synthetic_008406/metadata.json
           1801 100%   23.85MB/s   00:00:00 (xfer#933, to-check=1089/1752)
synthetic_008406/posterior_mean.pt
         232026 100%    7.15MB/s   00:00:00 (xfer#934, to-check=1090/1752)
synthetic_008406/posterior_samples.pt
        4456448  18%    8.38MB/s   00:00:02        8912896  36%    8.26MB/s   00:00:01       13369344  54%    8.28MB/s   00:00:01       18087936  73%    8.92MB/s   00:00:00       22675456  92%    8.68MB/s   00:00:00       24657317 100%    8.45MB/s   00:00:02 (xfer#935, to-check=1091/1752)
synthetic_008406/posterior_std.pt
         232019 100%   40.67MB/s   00:00:00 (xfer#936, to-check=1092/1752)
synthetic_008406/posterior_variance.pt
         232054 100%   39.23MB/s   00:00:00 (xfer#937, to-check=1093/1752)
synthetic_008407/
synthetic_008407/composite_mean.pt
         232026 100%   13.82MB/s   00:00:00 (xfer#938, to-check=1095/1752)
synthetic_008407/metadata.json
           1800 100%   28.24MB/s   00:00:00 (xfer#939, to-check=1096/1752)
synthetic_008407/posterior_mean.pt
         232026 100%    5.39MB/s   00:00:00 (xfer#940, to-check=1097/1752)
synthetic_008407/posterior_samples.pt
        4620288  19%    8.75MB/s   00:00:02        9469952  38%    8.55MB/s   00:00:01       14450688  59%    9.19MB/s   00:00:01       19562496  79%    9.67MB/s   00:00:00       24657317 100%    9.13MB/s   00:00:02 (xfer#941, to-check=1098/1752)
synthetic_008407/posterior_std.pt
         232019 100%  150.74MB/s   00:00:00 (xfer#942, to-check=1099/1752)
synthetic_008407/posterior_variance.pt
         232054 100%  237.94MB/s   00:00:00 (xfer#943, to-check=1100/1752)
synthetic_008408/
synthetic_008408/composite_mean.pt
         232026 100%   27.84MB/s   00:00:00 (xfer#944, to-check=1102/1752)
synthetic_008408/metadata.json
           1800 100%   25.26MB/s   00:00:00 (xfer#945, to-check=1103/1752)
synthetic_008408/posterior_mean.pt
         232026 100%    6.76MB/s   00:00:00 (xfer#946, to-check=1104/1752)
synthetic_008408/posterior_samples.pt
        5406720  22%   10.06MB/s   00:00:01       11304960  46%   11.11MB/s   00:00:01       17989632  73%   12.43MB/s   00:00:00       24657317 100%   11.48MB/s   00:00:02 (xfer#947, to-check=1105/1752)
synthetic_008408/posterior_std.pt
         232019 100%   73.59MB/s   00:00:00 (xfer#948, to-check=1106/1752)
synthetic_008408/posterior_variance.pt
         232054 100%   22.55MB/s   00:00:00 (xfer#949, to-check=1107/1752)
synthetic_008409/
synthetic_008409/composite_mean.pt
         232026 100%   18.97MB/s   00:00:00 (xfer#950, to-check=1109/1752)
synthetic_008409/metadata.json
           1799 100%   38.28MB/s   00:00:00 (xfer#951, to-check=1110/1752)
synthetic_008409/posterior_mean.pt
         232026 100%    5.75MB/s   00:00:00 (xfer#952, to-check=1111/1752)
synthetic_008409/posterior_samples.pt
        7503872  30%   14.26MB/s   00:00:01       12877824  52%   10.08MB/s   00:00:01       20086784  81%   13.50MB/s   00:00:00       24657317 100%   12.43MB/s   00:00:01 (xfer#953, to-check=1112/1752)
synthetic_008409/posterior_std.pt
         232019 100%   87.11MB/s   00:00:00 (xfer#954, to-check=1113/1752)
synthetic_008409/posterior_variance.pt
         232054 100%   35.15MB/s   00:00:00 (xfer#955, to-check=1114/1752)
synthetic_008410/
synthetic_008410/composite_mean.pt
         232026 100%   13.58MB/s   00:00:00 (xfer#956, to-check=1116/1752)
synthetic_008410/metadata.json
           1800 100%   28.57MB/s   00:00:00 (xfer#957, to-check=1117/1752)
synthetic_008410/posterior_mean.pt
         232026 100%    9.05MB/s   00:00:00 (xfer#958, to-check=1118/1752)
synthetic_008410/posterior_samples.pt
        4128768  17%    7.55MB/s   00:00:02       10551296  43%   12.04MB/s   00:00:01       17760256  72%   13.66MB/s   00:00:00       24576000 100%   12.76MB/s   00:00:00       24657317 100%   11.30MB/s   00:00:02 (xfer#959, to-check=1119/1752)
synthetic_008410/posterior_std.pt
         232019 100%  116.27MB/s   00:00:00 (xfer#960, to-check=1120/1752)
synthetic_008410/posterior_variance.pt
         232054 100%  197.96MB/s   00:00:00 (xfer#961, to-check=1121/1752)
synthetic_008411/
synthetic_008411/composite_mean.pt
         232026 100%   15.19MB/s   00:00:00 (xfer#962, to-check=1123/1752)
synthetic_008411/metadata.json
           1800 100%   31.17MB/s   00:00:00 (xfer#963, to-check=1124/1752)
synthetic_008411/posterior_mean.pt
         232026 100%   11.88MB/s   00:00:00 (xfer#964, to-check=1125/1752)
synthetic_008411/posterior_samples.pt
        3670016  15%    6.63MB/s   00:00:03        9699328  39%   11.48MB/s   00:00:01       15859712  64%   11.71MB/s   00:00:00       22118400  90%   11.94MB/s   00:00:00       24657317 100%   10.39MB/s   00:00:02 (xfer#965, to-check=1126/1752)
synthetic_008411/posterior_std.pt
         232019 100%   72.24MB/s   00:00:00 (xfer#966, to-check=1127/1752)
synthetic_008411/posterior_variance.pt
         232054 100%   72.39MB/s   00:00:00 (xfer#967, to-check=1128/1752)
synthetic_008412/
synthetic_008412/composite_mean.pt
         232026 100%   14.55MB/s   00:00:00 (xfer#968, to-check=1130/1752)
synthetic_008412/metadata.json
           1799 100%   22.84MB/s   00:00:00 (xfer#969, to-check=1131/1752)
synthetic_008412/posterior_mean.pt
         232026 100%   10.91MB/s   00:00:00 (xfer#970, to-check=1132/1752)
synthetic_008412/posterior_samples.pt
        6062080  25%   11.20MB/s   00:00:01       12746752  52%   12.70MB/s   00:00:00       19300352  78%   12.39MB/s   00:00:00       24657317 100%   11.99MB/s   00:00:01 (xfer#971, to-check=1133/1752)
synthetic_008412/posterior_std.pt
         232019 100%  286.27MB/s   00:00:00 (xfer#972, to-check=1134/1752)
synthetic_008412/posterior_variance.pt
         232054 100%   86.45MB/s   00:00:00 (xfer#973, to-check=1135/1752)
synthetic_008413/
synthetic_008413/composite_mean.pt
         232026 100%    4.88MB/s   00:00:00 (xfer#974, to-check=1137/1752)
synthetic_008413/metadata.json
           1799 100%   18.89MB/s   00:00:00 (xfer#975, to-check=1138/1752)
synthetic_008413/posterior_mean.pt
         232026 100%   41.42MB/s   00:00:00 (xfer#976, to-check=1139/1752)
synthetic_008413/posterior_samples.pt
        5898240  24%   10.85MB/s   00:00:01       12681216  51%   12.93MB/s   00:00:00       19529728  79%   13.06MB/s   00:00:00       24657317 100%   12.20MB/s   00:00:01 (xfer#977, to-check=1140/1752)
synthetic_008413/posterior_std.pt
         232019 100%  130.92MB/s   00:00:00 (xfer#978, to-check=1141/1752)
synthetic_008413/posterior_variance.pt
         232054 100%  218.25MB/s   00:00:00 (xfer#979, to-check=1142/1752)
synthetic_008414/
synthetic_008414/composite_mean.pt
         232026 100%   13.42MB/s   00:00:00 (xfer#980, to-check=1144/1752)
synthetic_008414/metadata.json
           1800 100%   29.51MB/s   00:00:00 (xfer#981, to-check=1145/1752)
synthetic_008414/posterior_mean.pt
         232026 100%   14.09MB/s   00:00:00 (xfer#982, to-check=1146/1752)
synthetic_008414/posterior_samples.pt
        6881280  28%   13.01MB/s   00:00:01       13795328  56%   12.97MB/s   00:00:00       20480000  83%   12.01MB/s   00:00:00       24657317 100%   12.48MB/s   00:00:01 (xfer#983, to-check=1147/1752)
synthetic_008414/posterior_std.pt
         232019 100%  170.85MB/s   00:00:00 (xfer#984, to-check=1148/1752)
synthetic_008414/posterior_variance.pt
         232054 100%  252.64MB/s   00:00:00 (xfer#985, to-check=1149/1752)
synthetic_008415/
synthetic_008415/composite_mean.pt
         232026 100%   33.25MB/s   00:00:00 (xfer#986, to-check=1151/1752)
synthetic_008415/metadata.json
           1799 100%   42.83MB/s   00:00:00 (xfer#987, to-check=1152/1752)
synthetic_008415/posterior_mean.pt
         232026 100%    8.99MB/s   00:00:00 (xfer#988, to-check=1153/1752)
synthetic_008415/posterior_samples.pt
        3276800  13%    5.78MB/s   00:00:03        8781824  36%    9.85MB/s   00:00:01       14155776  57%    9.71MB/s   00:00:01       19922944  81%   10.85MB/s   00:00:00       24657317 100%    9.26MB/s   00:00:02 (xfer#989, to-check=1154/1752)
synthetic_008415/posterior_std.pt
         232019 100%  129.33MB/s   00:00:00 (xfer#990, to-check=1155/1752)
synthetic_008415/posterior_variance.pt
         232054 100%   12.25MB/s   00:00:00 (xfer#991, to-check=1156/1752)
synthetic_008416/
synthetic_008416/composite_mean.pt
         232026 100%  108.68MB/s   00:00:00 (xfer#992, to-check=1158/1752)
synthetic_008416/metadata.json
           1796 100%   20.18MB/s   00:00:00 (xfer#993, to-check=1159/1752)
synthetic_008416/posterior_mean.pt
         232026 100%   17.20MB/s   00:00:00 (xfer#994, to-check=1160/1752)
synthetic_008416/posterior_samples.pt
        5701632  23%   10.77MB/s   00:00:01       11993088  49%   11.60MB/s   00:00:01       18546688  75%   12.10MB/s   00:00:00       24657317 100%   11.50MB/s   00:00:02 (xfer#995, to-check=1161/1752)
synthetic_008416/posterior_std.pt
         232019 100%  114.83MB/s   00:00:00 (xfer#996, to-check=1162/1752)
synthetic_008416/posterior_variance.pt
         232054 100%  194.43MB/s   00:00:00 (xfer#997, to-check=1163/1752)
synthetic_008417/
synthetic_008417/composite_mean.pt
         232026 100%  200.07MB/s   00:00:00 (xfer#998, to-check=1165/1752)
synthetic_008417/metadata.json
           1799 100%   37.28MB/s   00:00:00 (xfer#999, to-check=1166/1752)
synthetic_008417/posterior_mean.pt
         232026 100%    6.51MB/s   00:00:00 (xfer#1000, to-check=1167/1752)
synthetic_008417/posterior_samples.pt
        7110656  29%   13.55MB/s   00:00:01       14057472  57%   12.69MB/s   00:00:00       20545536  83%   11.55MB/s   00:00:00       24657317 100%   12.62MB/s   00:00:01 (xfer#1001, to-check=1168/1752)
synthetic_008417/posterior_std.pt
         232019 100%   97.60MB/s   00:00:00 (xfer#1002, to-check=1169/1752)
synthetic_008417/posterior_variance.pt
         232054 100%   31.20MB/s   00:00:00 (xfer#1003, to-check=1170/1752)
synthetic_008418/
synthetic_008418/composite_mean.pt
         232026 100%   13.29MB/s   00:00:00 (xfer#1004, to-check=1172/1752)
synthetic_008418/metadata.json
           1801 100%   30.14MB/s   00:00:00 (xfer#1005, to-check=1173/1752)
synthetic_008418/posterior_mean.pt
         232026 100%    7.17MB/s   00:00:00 (xfer#1006, to-check=1174/1752)
synthetic_008418/posterior_samples.pt
        7012352  28%   13.37MB/s   00:00:01       13828096  56%   12.75MB/s   00:00:00       20643840  84%   12.80MB/s   00:00:00       24657317 100%   12.72MB/s   00:00:01 (xfer#1007, to-check=1175/1752)
synthetic_008418/posterior_std.pt
         232019 100%  144.13MB/s   00:00:00 (xfer#1008, to-check=1176/1752)
synthetic_008418/posterior_variance.pt
         232054 100%  159.54MB/s   00:00:00 (xfer#1009, to-check=1177/1752)
synthetic_008419/
synthetic_008419/composite_mean.pt
         232026 100%   10.69MB/s   00:00:00 (xfer#1010, to-check=1179/1752)
synthetic_008419/metadata.json
           1799 100%   22.28MB/s   00:00:00 (xfer#1011, to-check=1180/1752)
synthetic_008419/posterior_mean.pt
         232026 100%   12.01MB/s   00:00:00 (xfer#1012, to-check=1181/1752)
synthetic_008419/posterior_samples.pt
        6782976  28%   12.80MB/s   00:00:01       11436032  46%    8.08MB/s   00:00:01       15040512  61%    6.64MB/s   00:00:01       18841600  76%    6.98MB/s   00:00:00       22773760  92%    7.23MB/s   00:00:00       24657317 100%    8.25MB/s   00:00:02 (xfer#1013, to-check=1182/1752)
synthetic_008419/posterior_std.pt
         232019 100%   20.48MB/s   00:00:00 (xfer#1014, to-check=1183/1752)
synthetic_008419/posterior_variance.pt
         232054 100%    4.07MB/s   00:00:00 (xfer#1015, to-check=1184/1752)
synthetic_008420/
synthetic_008420/composite_mean.pt
         232026 100%   25.23MB/s   00:00:00 (xfer#1016, to-check=1186/1752)
synthetic_008420/metadata.json
           1800 100%   23.23MB/s   00:00:00 (xfer#1017, to-check=1187/1752)
synthetic_008420/posterior_mean.pt
         232026 100%   62.88MB/s   00:00:00 (xfer#1018, to-check=1188/1752)
synthetic_008420/posterior_samples.pt
        3932160  16%    6.95MB/s   00:00:02        8126464  33%    7.78MB/s   00:00:02       12451840  50%    7.65MB/s   00:00:01       16646144  68%    7.93MB/s   00:00:00       20316160  82%    6.84MB/s   00:00:00       23986176  97%    6.69MB/s   00:00:00       24657317 100%    7.25MB/s   00:00:03 (xfer#1019, to-check=1189/1752)
synthetic_008420/posterior_std.pt
         232019 100%  165.26MB/s   00:00:00 (xfer#1020, to-check=1190/1752)
synthetic_008420/posterior_variance.pt
         232054 100%   12.93MB/s   00:00:00 (xfer#1021, to-check=1191/1752)
synthetic_008421/
synthetic_008421/composite_mean.pt
         232026 100%   22.10MB/s   00:00:00 (xfer#1022, to-check=1193/1752)
synthetic_008421/metadata.json
           1801 100%   26.39MB/s   00:00:00 (xfer#1023, to-check=1194/1752)
synthetic_008421/posterior_mean.pt
         232026 100%    4.30MB/s   00:00:00 (xfer#1024, to-check=1195/1752)
synthetic_008421/posterior_samples.pt
        4325376  18%    8.21MB/s   00:00:02        6422528  26%    1.99MB/s   00:00:08       12058624  49%   10.39MB/s   00:00:01       16384000  66%    8.18MB/s   00:00:00       20709376  84%    8.00MB/s   00:00:00       24657317 100%    6.61MB/s   00:00:03 (xfer#1025, to-check=1196/1752)
synthetic_008421/posterior_std.pt
         232019 100%  120.45MB/s   00:00:00 (xfer#1026, to-check=1197/1752)
synthetic_008421/posterior_variance.pt
         232054 100%   12.38MB/s   00:00:00 (xfer#1027, to-check=1198/1752)
synthetic_008422/
synthetic_008422/composite_mean.pt
         232026 100%    9.83MB/s   00:00:00 (xfer#1028, to-check=1200/1752)
synthetic_008422/metadata.json
           1801 100%   20.70MB/s   00:00:00 (xfer#1029, to-check=1201/1752)
synthetic_008422/posterior_mean.pt
         232026 100%   16.52MB/s   00:00:00 (xfer#1030, to-check=1202/1752)
synthetic_008422/posterior_samples.pt
        4456448  18%    8.46MB/s   00:00:02        9043968  37%    8.48MB/s   00:00:01       13893632  56%    8.88MB/s   00:00:01       18874368  77%    9.41MB/s   00:00:00       23855104  97%    9.41MB/s   00:00:00       24657317 100%    8.75MB/s   00:00:02 (xfer#1031, to-check=1203/1752)
synthetic_008422/posterior_std.pt
         232019 100%  138.04MB/s   00:00:00 (xfer#1032, to-check=1204/1752)
synthetic_008422/posterior_variance.pt
         232054 100%  204.72MB/s   00:00:00 (xfer#1033, to-check=1205/1752)
synthetic_008423/
synthetic_008423/composite_mean.pt
         232026 100%    8.73MB/s   00:00:00 (xfer#1034, to-check=1207/1752)
synthetic_008423/metadata.json
           1800 100%   26.37MB/s   00:00:00 (xfer#1035, to-check=1208/1752)
synthetic_008423/posterior_mean.pt
         232026 100%   32.21MB/s   00:00:00 (xfer#1036, to-check=1209/1752)
synthetic_008423/posterior_samples.pt
        5341184  22%    9.60MB/s   00:00:01       10846208  44%   10.49MB/s   00:00:01       16351232  66%   10.00MB/s   00:00:00       22511616  91%   11.34MB/s   00:00:00       24657317 100%   10.39MB/s   00:00:02 (xfer#1037, to-check=1210/1752)
synthetic_008423/posterior_std.pt
         232019 100%  123.89MB/s   00:00:00 (xfer#1038, to-check=1211/1752)
synthetic_008423/posterior_variance.pt
         232054 100%   17.67MB/s   00:00:00 (xfer#1039, to-check=1212/1752)
synthetic_008424/
synthetic_008424/composite_mean.pt
         232026 100%   28.60MB/s   00:00:00 (xfer#1040, to-check=1214/1752)
synthetic_008424/metadata.json
           1801 100%   30.66MB/s   00:00:00 (xfer#1041, to-check=1215/1752)
synthetic_008424/posterior_mean.pt
         232026 100%   19.41MB/s   00:00:00 (xfer#1042, to-check=1216/1752)
synthetic_008424/posterior_samples.pt
        6651904  27%   12.34MB/s   00:00:01       14090240  57%   14.19MB/s   00:00:00       20807680  84%   12.64MB/s   00:00:00       24657317 100%   12.79MB/s   00:00:01 (xfer#1043, to-check=1217/1752)
synthetic_008424/posterior_std.pt
         232019 100%  130.07MB/s   00:00:00 (xfer#1044, to-check=1218/1752)
synthetic_008424/posterior_variance.pt
         232054 100%   28.63MB/s   00:00:00 (xfer#1045, to-check=1219/1752)
synthetic_008425/
synthetic_008425/composite_mean.pt
         232026 100%   14.24MB/s   00:00:00 (xfer#1046, to-check=1221/1752)
synthetic_008425/metadata.json
           1799 100%   21.42MB/s   00:00:00 (xfer#1047, to-check=1222/1752)
synthetic_008425/posterior_mean.pt
         232026 100%   19.96MB/s   00:00:00 (xfer#1048, to-check=1223/1752)
synthetic_008425/posterior_samples.pt
        6717440  27%   12.62MB/s   00:00:01       13074432  53%   12.12MB/s   00:00:00       19824640  80%   12.74MB/s   00:00:00       24657317 100%   12.30MB/s   00:00:01 (xfer#1049, to-check=1224/1752)
synthetic_008425/posterior_std.pt
         232019 100%    3.02MB/s   00:00:00 (xfer#1050, to-check=1225/1752)
synthetic_008425/posterior_variance.pt
         232054 100%  123.15MB/s   00:00:00 (xfer#1051, to-check=1226/1752)
synthetic_008426/
synthetic_008426/composite_mean.pt
         232026 100%  132.02MB/s   00:00:00 (xfer#1052, to-check=1228/1752)
synthetic_008426/metadata.json
           1799 100%   18.22MB/s   00:00:00 (xfer#1053, to-check=1229/1752)
synthetic_008426/posterior_mean.pt
         232026 100%  138.98MB/s   00:00:00 (xfer#1054, to-check=1230/1752)
synthetic_008426/posterior_samples.pt
        6848512  28%   13.06MB/s   00:00:01       13565952  55%   12.65MB/s   00:00:00       17596416  71%    7.67MB/s   00:00:00       23625728  96%   11.40MB/s   00:00:00       24657317 100%   11.06MB/s   00:00:02 (xfer#1055, to-check=1231/1752)
synthetic_008426/posterior_std.pt
         232019 100%  114.22MB/s   00:00:00 (xfer#1056, to-check=1232/1752)
synthetic_008426/posterior_variance.pt
         232054 100%   20.75MB/s   00:00:00 (xfer#1057, to-check=1233/1752)
synthetic_008427/
synthetic_008427/composite_mean.pt
         232026 100%   18.31MB/s   00:00:00 (xfer#1058, to-check=1235/1752)
synthetic_008427/metadata.json
           1798 100%   24.89MB/s   00:00:00 (xfer#1059, to-check=1236/1752)
synthetic_008427/posterior_mean.pt
         232026 100%   26.23MB/s   00:00:00 (xfer#1060, to-check=1237/1752)
synthetic_008427/posterior_samples.pt
        6291456  26%   11.85MB/s   00:00:01       10682368  43%    7.56MB/s   00:00:01       15597568  63%    9.37MB/s   00:00:00       20512768  83%    9.06MB/s   00:00:00       24657317 100%    9.45MB/s   00:00:02 (xfer#1061, to-check=1238/1752)
synthetic_008427/posterior_std.pt
         232019 100%   58.04MB/s   00:00:00 (xfer#1062, to-check=1239/1752)
synthetic_008427/posterior_variance.pt
         232054 100%   17.29MB/s   00:00:00 (xfer#1063, to-check=1240/1752)
synthetic_008428/
synthetic_008428/composite_mean.pt
         232026 100%    8.48MB/s   00:00:00 (xfer#1064, to-check=1242/1752)
synthetic_008428/metadata.json
           1801 100%   22.30MB/s   00:00:00 (xfer#1065, to-check=1243/1752)
synthetic_008428/posterior_mean.pt
         232026 100%    8.55MB/s   00:00:00 (xfer#1066, to-check=1244/1752)
synthetic_008428/posterior_samples.pt
        5963776  24%   10.71MB/s   00:00:01       11206656  45%    9.97MB/s   00:00:01       17235968  70%   10.92MB/s   00:00:00       22872064  93%   10.71MB/s   00:00:00       24657317 100%   10.54MB/s   00:00:02 (xfer#1067, to-check=1245/1752)
synthetic_008428/posterior_std.pt
         232019 100%  140.57MB/s   00:00:00 (xfer#1068, to-check=1246/1752)
synthetic_008428/posterior_variance.pt
         232054 100%    9.68MB/s   00:00:00 (xfer#1069, to-check=1247/1752)
synthetic_008429/
synthetic_008429/composite_mean.pt
         232026 100%   20.95MB/s   00:00:00 (xfer#1070, to-check=1249/1752)
synthetic_008429/metadata.json
           1800 100%   34.29MB/s   00:00:00 (xfer#1071, to-check=1250/1752)
synthetic_008429/posterior_mean.pt
         232026 100%   10.88MB/s   00:00:00 (xfer#1072, to-check=1251/1752)
synthetic_008429/posterior_samples.pt
        6225920  25%   11.83MB/s   00:00:01       10911744  44%    8.31MB/s   00:00:01       12582912  51%    2.97MB/s   00:00:03       14942208  61%    4.33MB/s   00:00:02       17432576  71%    4.49MB/s   00:00:01       19365888  79%    3.58MB/s   00:00:01       21463040  87%    3.73MB/s   00:00:00       23560192  96%    3.92MB/s   00:00:00       24657317 100%    5.25MB/s   00:00:04 (xfer#1073, to-check=1252/1752)
synthetic_008429/posterior_std.pt
         232019 100%    9.60MB/s   00:00:00 (xfer#1074, to-check=1253/1752)
synthetic_008429/posterior_variance.pt
         232054 100%    3.83MB/s   00:00:00 (xfer#1075, to-check=1254/1752)
synthetic_008430/
synthetic_008430/composite_mean.pt
         232026 100%    4.31MB/s   00:00:00 (xfer#1076, to-check=1256/1752)
synthetic_008430/metadata.json
           1800 100%    4.69MB/s   00:00:00 (xfer#1077, to-check=1257/1752)
synthetic_008430/posterior_mean.pt
         232026 100%    3.54MB/s   00:00:00 (xfer#1078, to-check=1258/1752)
synthetic_008430/posterior_samples.pt
        2195456   9%    4.06MB/s   00:00:05        4423680  18%    4.06MB/s   00:00:04        6782976  28%    4.24MB/s   00:00:04        9109504  37%    4.03MB/s   00:00:03       11468800  47%    4.32MB/s   00:00:02       13959168  57%    4.38MB/s   00:00:02       15958016  65%    3.67MB/s   00:00:02       17924096  73%    3.54MB/s   00:00:01       20021248  81%    3.93MB/s   00:00:01       21987328  89%    3.63MB/s   00:00:00       24477696  99%    4.42MB/s   00:00:00       24657317 100%    4.03MB/s   00:00:05 (xfer#1079, to-check=1259/1752)
synthetic_008430/posterior_std.pt
         232019 100%    7.56MB/s   00:00:00 (xfer#1080, to-check=1260/1752)
synthetic_008430/posterior_variance.pt
         232054 100%    2.97MB/s   00:00:00 (xfer#1081, to-check=1261/1752)
synthetic_008431/
synthetic_008431/composite_mean.pt
         232026 100%   61.83MB/s   00:00:00 (xfer#1082, to-check=1263/1752)
synthetic_008431/metadata.json
           1799 100%   15.61MB/s   00:00:00 (xfer#1083, to-check=1264/1752)
synthetic_008431/posterior_mean.pt
         232026 100%    3.85MB/s   00:00:00 (xfer#1084, to-check=1265/1752)
synthetic_008431/posterior_samples.pt
        2326528   9%    4.11MB/s   00:00:05        4816896  20%    4.68MB/s   00:00:04        7176192  29%    4.40MB/s   00:00:03        9797632  40%    4.52MB/s   00:00:03       12419072  50%    4.56MB/s   00:00:02       15040512  61%    4.90MB/s   00:00:01       17530880  71%    4.52MB/s   00:00:01       19595264  79%    3.56MB/s   00:00:01       21561344  87%    3.71MB/s   00:00:00       23789568  96%    4.05MB/s   00:00:00       24657317 100%    4.28MB/s   00:00:05 (xfer#1085, to-check=1266/1752)
synthetic_008431/posterior_std.pt
         232019 100%   29.65MB/s   00:00:00 (xfer#1086, to-check=1267/1752)
synthetic_008431/posterior_variance.pt
         232054 100%    3.05MB/s   00:00:00 (xfer#1087, to-check=1268/1752)
synthetic_008432/
synthetic_008432/composite_mean.pt
         232026 100%    3.82MB/s   00:00:00 (xfer#1088, to-check=1270/1752)
synthetic_008432/metadata.json
           1798 100%    5.31MB/s   00:00:00 (xfer#1089, to-check=1271/1752)
synthetic_008432/posterior_mean.pt
         232026 100%   15.85MB/s   00:00:00 (xfer#1090, to-check=1272/1752)
synthetic_008432/posterior_samples.pt
        2424832  10%    4.31MB/s   00:00:04        4915200  20%    4.37MB/s   00:00:04        7274496  30%    4.33MB/s   00:00:03        9764864  40%    4.67MB/s   00:00:03       12386304  50%    4.75MB/s   00:00:02       14876672  60%    4.37MB/s   00:00:02       17498112  71%    4.83MB/s   00:00:01       19988480  81%    4.52MB/s   00:00:00       22478848  91%    4.74MB/s   00:00:00       24657317 100%    4.54MB/s   00:00:05 (xfer#1091, to-check=1273/1752)
synthetic_008432/posterior_std.pt
         232019 100%   64.10MB/s   00:00:00 (xfer#1092, to-check=1274/1752)
synthetic_008432/posterior_variance.pt
         232054 100%    7.59MB/s   00:00:00 (xfer#1093, to-check=1275/1752)
synthetic_008433/
synthetic_008433/composite_mean.pt
         232026 100%    2.80MB/s   00:00:00 (xfer#1094, to-check=1277/1752)
synthetic_008433/metadata.json
           1800 100%   16.07MB/s   00:00:00 (xfer#1095, to-check=1278/1752)
synthetic_008433/posterior_mean.pt
         232026 100%    4.19MB/s   00:00:00 (xfer#1096, to-check=1279/1752)
synthetic_008433/posterior_samples.pt
        2523136  10%    4.81MB/s   00:00:04        5505024  22%    5.42MB/s   00:00:03        8519680  35%    5.71MB/s   00:00:02       11534336  47%    5.35MB/s   00:00:02       14811136  60%    5.76MB/s   00:00:01       18087936  73%    6.23MB/s   00:00:01       21102592  86%    5.54MB/s   00:00:00       24641536 100%    6.72MB/s   00:00:00       24657317 100%    5.64MB/s   00:00:04 (xfer#1097, to-check=1280/1752)
synthetic_008433/posterior_std.pt
         232019 100%   10.75MB/s   00:00:00 (xfer#1098, to-check=1281/1752)
synthetic_008433/posterior_variance.pt
         232054 100%    4.18MB/s   00:00:00 (xfer#1099, to-check=1282/1752)
synthetic_008434/
synthetic_008434/composite_mean.pt
         232026 100%   35.42MB/s   00:00:00 (xfer#1100, to-check=1284/1752)
synthetic_008434/metadata.json
           1801 100%   22.65MB/s   00:00:00 (xfer#1101, to-check=1285/1752)
synthetic_008434/posterior_mean.pt
         232026 100%    3.90MB/s   00:00:00 (xfer#1102, to-check=1286/1752)
synthetic_008434/posterior_samples.pt
        3735552  15%    6.72MB/s   00:00:02        7667712  31%    7.38MB/s   00:00:02       11862016  48%    7.52MB/s   00:00:01       16580608  67%    8.99MB/s   00:00:00       21561344  87%    9.35MB/s   00:00:00       24657317 100%    8.15MB/s   00:00:02 (xfer#1103, to-check=1287/1752)
synthetic_008434/posterior_std.pt
         232019 100%   20.16MB/s   00:00:00 (xfer#1104, to-check=1288/1752)
synthetic_008434/posterior_variance.pt
         232054 100%   23.13MB/s   00:00:00 (xfer#1105, to-check=1289/1752)
synthetic_008435/
synthetic_008435/composite_mean.pt
         232026 100%   23.49MB/s   00:00:00 (xfer#1106, to-check=1291/1752)
synthetic_008435/metadata.json
           1800 100%   27.17MB/s   00:00:00 (xfer#1107, to-check=1292/1752)
synthetic_008435/posterior_mean.pt
         232026 100%    4.87MB/s   00:00:00 (xfer#1108, to-check=1293/1752)
synthetic_008435/posterior_samples.pt
        5570560  23%   10.55MB/s   00:00:01       11730944  48%   11.54MB/s   00:00:01       18677760  76%   13.25MB/s   00:00:00       24657317 100%   12.05MB/s   00:00:01 (xfer#1109, to-check=1294/1752)
synthetic_008435/posterior_std.pt
         232019 100%   86.70MB/s   00:00:00 (xfer#1110, to-check=1295/1752)
synthetic_008435/posterior_variance.pt
         232054 100%   94.49MB/s   00:00:00 (xfer#1111, to-check=1296/1752)
synthetic_008436/
synthetic_008436/composite_mean.pt
         232026 100%   14.07MB/s   00:00:00 (xfer#1112, to-check=1298/1752)
synthetic_008436/metadata.json
           1799 100%   28.56MB/s   00:00:00 (xfer#1113, to-check=1299/1752)
synthetic_008436/posterior_mean.pt
         232026 100%   12.37MB/s   00:00:00 (xfer#1114, to-check=1300/1752)
synthetic_008436/posterior_samples.pt
        6815744  28%   12.82MB/s   00:00:01       13107200  53%   12.00MB/s   00:00:00       19922944  81%   12.79MB/s   00:00:00       24657317 100%   12.02MB/s   00:00:01 (xfer#1115, to-check=1301/1752)
synthetic_008436/posterior_std.pt
         232019 100%    8.84MB/s   00:00:00 (xfer#1116, to-check=1302/1752)
synthetic_008436/posterior_variance.pt
         232054 100%    3.69MB/s   00:00:00 (xfer#1117, to-check=1303/1752)
synthetic_008437/
synthetic_008437/composite_mean.pt
         232026 100%   32.58MB/s   00:00:00 (xfer#1118, to-check=1305/1752)
synthetic_008437/metadata.json
           1800 100%   20.69MB/s   00:00:00 (xfer#1119, to-check=1306/1752)
synthetic_008437/posterior_mean.pt
         232026 100%    4.34MB/s   00:00:00 (xfer#1120, to-check=1307/1752)
synthetic_008437/posterior_samples.pt
        7503872  30%   14.25MB/s   00:00:01       14319616  58%   12.82MB/s   00:00:00       21004288  85%   12.74MB/s   00:00:00       24657317 100%   12.90MB/s   00:00:01 (xfer#1121, to-check=1308/1752)
synthetic_008437/posterior_std.pt
         232019 100%  170.07MB/s   00:00:00 (xfer#1122, to-check=1309/1752)
synthetic_008437/posterior_variance.pt
         232054 100%  262.80MB/s   00:00:00 (xfer#1123, to-check=1310/1752)
synthetic_008438/
synthetic_008438/composite_mean.pt
         232026 100%   12.81MB/s   00:00:00 (xfer#1124, to-check=1312/1752)
synthetic_008438/metadata.json
           1799 100%   28.11MB/s   00:00:00 (xfer#1125, to-check=1313/1752)
synthetic_008438/posterior_mean.pt
         232026 100%   10.97MB/s   00:00:00 (xfer#1126, to-check=1314/1752)
synthetic_008438/posterior_samples.pt
        6750208  27%   12.75MB/s   00:00:01       13303808  54%   12.30MB/s   00:00:00       19857408  81%   12.32MB/s   00:00:00       24657317 100%   12.28MB/s   00:00:01 (xfer#1127, to-check=1315/1752)
synthetic_008438/posterior_std.pt
         232019 100%  120.97MB/s   00:00:00 (xfer#1128, to-check=1316/1752)
synthetic_008438/posterior_variance.pt
         232054 100%    2.59MB/s   00:00:00 (xfer#1129, to-check=1317/1752)
synthetic_008439/
synthetic_008439/composite_mean.pt
         232026 100%  100.82MB/s   00:00:00 (xfer#1130, to-check=1319/1752)
synthetic_008439/metadata.json
           1799 100%   18.64MB/s   00:00:00 (xfer#1131, to-check=1320/1752)
synthetic_008439/posterior_mean.pt
         232026 100%  178.72MB/s   00:00:00 (xfer#1132, to-check=1321/1752)
synthetic_008439/posterior_samples.pt
        4751360  19%    8.94MB/s   00:00:02       12353536  50%   14.05MB/s   00:00:00       19169280  78%   12.78MB/s   00:00:00       24657317 100%   11.96MB/s   00:00:01 (xfer#1133, to-check=1322/1752)
synthetic_008439/posterior_std.pt
         232019 100%  146.73MB/s   00:00:00 (xfer#1134, to-check=1323/1752)
synthetic_008439/posterior_variance.pt
         232054 100%  178.61MB/s   00:00:00 (xfer#1135, to-check=1324/1752)
synthetic_008440/
synthetic_008440/composite_mean.pt
         232026 100%   16.16MB/s   00:00:00 (xfer#1136, to-check=1326/1752)
synthetic_008440/metadata.json
           1799 100%   16.97MB/s   00:00:00 (xfer#1137, to-check=1327/1752)
synthetic_008440/posterior_mean.pt
         232026 100%   10.40MB/s   00:00:00 (xfer#1138, to-check=1328/1752)
synthetic_008440/posterior_samples.pt
        6750208  27%   12.69MB/s   00:00:01       13565952  55%   12.91MB/s   00:00:00       20250624  82%   12.70MB/s   00:00:00       24657317 100%   12.59MB/s   00:00:01 (xfer#1139, to-check=1329/1752)
synthetic_008440/posterior_std.pt
         232019 100%  143.58MB/s   00:00:00 (xfer#1140, to-check=1330/1752)
synthetic_008440/posterior_variance.pt
         232054 100%   29.55MB/s   00:00:00 (xfer#1141, to-check=1331/1752)
synthetic_008441/
synthetic_008441/composite_mean.pt
         232026 100%   12.74MB/s   00:00:00 (xfer#1142, to-check=1333/1752)
synthetic_008441/metadata.json
           1797 100%   17.11MB/s   00:00:00 (xfer#1143, to-check=1334/1752)
synthetic_008441/posterior_mean.pt
         232026 100%    9.71MB/s   00:00:00 (xfer#1144, to-check=1335/1752)
synthetic_008441/posterior_samples.pt
        6717440  27%   12.79MB/s   00:00:01       13533184  55%   12.84MB/s   00:00:00       20348928  83%   12.73MB/s   00:00:00       24657317 100%   12.44MB/s   00:00:01 (xfer#1145, to-check=1336/1752)
synthetic_008441/posterior_std.pt
         232019 100%  193.27MB/s   00:00:00 (xfer#1146, to-check=1337/1752)
synthetic_008441/posterior_variance.pt
         232054 100%   11.02MB/s   00:00:00 (xfer#1147, to-check=1338/1752)
synthetic_008442/
synthetic_008442/composite_mean.pt
         232026 100%    7.51MB/s   00:00:00 (xfer#1148, to-check=1340/1752)
synthetic_008442/metadata.json
           1798 100%   17.50MB/s   00:00:00 (xfer#1149, to-check=1341/1752)
synthetic_008442/posterior_mean.pt
         232026 100%   18.88MB/s   00:00:00 (xfer#1150, to-check=1342/1752)
synthetic_008442/posterior_samples.pt
        6914048  28%   13.12MB/s   00:00:01       13729792  56%   12.79MB/s   00:00:00       20545536  83%   12.85MB/s   00:00:00       24657317 100%   12.69MB/s   00:00:01 (xfer#1151, to-check=1343/1752)
synthetic_008442/posterior_std.pt
         232019 100%  142.10MB/s   00:00:00 (xfer#1152, to-check=1344/1752)
synthetic_008442/posterior_variance.pt
         232054 100%   19.12MB/s   00:00:00 (xfer#1153, to-check=1345/1752)
synthetic_008443/
synthetic_008443/composite_mean.pt
         232026 100%   17.58MB/s   00:00:00 (xfer#1154, to-check=1347/1752)
synthetic_008443/metadata.json
           1797 100%   15.59MB/s   00:00:00 (xfer#1155, to-check=1348/1752)
synthetic_008443/posterior_mean.pt
         232026 100%   23.83MB/s   00:00:00 (xfer#1156, to-check=1349/1752)
synthetic_008443/posterior_samples.pt
        6651904  27%   12.65MB/s   00:00:01       13467648  55%   12.79MB/s   00:00:00       20152320  82%   12.75MB/s   00:00:00       24657317 100%   12.48MB/s   00:00:01 (xfer#1157, to-check=1350/1752)
synthetic_008443/posterior_std.pt
         232019 100%  138.04MB/s   00:00:00 (xfer#1158, to-check=1351/1752)
synthetic_008443/posterior_variance.pt
         232054 100%  256.48MB/s   00:00:00 (xfer#1159, to-check=1352/1752)
synthetic_008444/
synthetic_008444/composite_mean.pt
         232026 100%    8.34MB/s   00:00:00 (xfer#1160, to-check=1354/1752)
synthetic_008444/metadata.json
           1798 100%   18.39MB/s   00:00:00 (xfer#1161, to-check=1355/1752)
synthetic_008444/posterior_mean.pt
         232026 100%  153.13MB/s   00:00:00 (xfer#1162, to-check=1356/1752)
synthetic_008444/posterior_samples.pt
        6750208  27%   12.79MB/s   00:00:01       13434880  54%   12.69MB/s   00:00:00       20250624  82%   12.81MB/s   00:00:00       24657317 100%   12.50MB/s   00:00:01 (xfer#1163, to-check=1357/1752)
synthetic_008444/posterior_std.pt
         232019 100%  115.43MB/s   00:00:00 (xfer#1164, to-check=1358/1752)
synthetic_008444/posterior_variance.pt
         232054 100%  197.58MB/s   00:00:00 (xfer#1165, to-check=1359/1752)
synthetic_008445/
synthetic_008445/composite_mean.pt
         232026 100%   28.03MB/s   00:00:00 (xfer#1166, to-check=1361/1752)
synthetic_008445/metadata.json
           1796 100%   20.88MB/s   00:00:00 (xfer#1167, to-check=1362/1752)
synthetic_008445/posterior_mean.pt
         232026 100%   11.40MB/s   00:00:00 (xfer#1168, to-check=1363/1752)
synthetic_008445/posterior_samples.pt
        6815744  28%   12.83MB/s   00:00:01       13500416  55%   12.65MB/s   00:00:00       20316160  82%   12.93MB/s   00:00:00       24657317 100%   12.62MB/s   00:00:01 (xfer#1169, to-check=1364/1752)
synthetic_008445/posterior_std.pt
         232019 100%   83.03MB/s   00:00:00 (xfer#1170, to-check=1365/1752)
synthetic_008445/posterior_variance.pt
         232054 100%   21.79MB/s   00:00:00 (xfer#1171, to-check=1366/1752)
synthetic_008446/
synthetic_008446/composite_mean.pt
         232026 100%   21.32MB/s   00:00:00 (xfer#1172, to-check=1368/1752)
synthetic_008446/metadata.json
           1796 100%    7.75MB/s   00:00:00 (xfer#1173, to-check=1369/1752)
synthetic_008446/posterior_mean.pt
         232026 100%   11.42MB/s   00:00:00 (xfer#1174, to-check=1370/1752)
synthetic_008446/posterior_samples.pt
        6815744  28%   12.74MB/s   00:00:01       13631488  55%   12.59MB/s   00:00:00       20447232  83%   12.94MB/s   00:00:00       24657317 100%   12.23MB/s   00:00:01 (xfer#1175, to-check=1371/1752)
synthetic_008446/posterior_std.pt
         232019 100%   95.50MB/s   00:00:00 (xfer#1176, to-check=1372/1752)
synthetic_008446/posterior_variance.pt
         232054 100%  204.90MB/s   00:00:00 (xfer#1177, to-check=1373/1752)
synthetic_008447/
synthetic_008447/composite_mean.pt
         232026 100%   10.85MB/s   00:00:00 (xfer#1178, to-check=1375/1752)
synthetic_008447/metadata.json
           1798 100%   25.24MB/s   00:00:00 (xfer#1179, to-check=1376/1752)
synthetic_008447/posterior_mean.pt
         232026 100%    3.51MB/s   00:00:00 (xfer#1180, to-check=1377/1752)
synthetic_008447/posterior_samples.pt
        6127616  25%   11.27MB/s   00:00:01       13336576  54%   13.73MB/s   00:00:00       20021248  81%   12.70MB/s   00:00:00       24657317 100%   11.54MB/s   00:00:02 (xfer#1181, to-check=1378/1752)
synthetic_008447/posterior_std.pt
         232019 100%   23.03MB/s   00:00:00 (xfer#1182, to-check=1379/1752)
synthetic_008447/posterior_variance.pt
         232054 100%    6.55MB/s   00:00:00 (xfer#1183, to-check=1380/1752)
synthetic_008448/
synthetic_008448/composite_mean.pt
         232026 100%   19.64MB/s   00:00:00 (xfer#1184, to-check=1382/1752)
synthetic_008448/metadata.json
           1799 100%   21.74MB/s   00:00:00 (xfer#1185, to-check=1383/1752)
synthetic_008448/posterior_mean.pt
         232026 100%    6.92MB/s   00:00:00 (xfer#1186, to-check=1384/1752)
synthetic_008448/posterior_samples.pt
        5898240  24%   11.02MB/s   00:00:01       12976128  53%   13.40MB/s   00:00:00       19791872  80%   12.91MB/s   00:00:00       24657317 100%   12.38MB/s   00:00:01 (xfer#1187, to-check=1385/1752)
synthetic_008448/posterior_std.pt
         232019 100%   93.57MB/s   00:00:00 (xfer#1188, to-check=1386/1752)
synthetic_008448/posterior_variance.pt
         232054 100%   65.09MB/s   00:00:00 (xfer#1189, to-check=1387/1752)
synthetic_008449/
synthetic_008449/composite_mean.pt
         232026 100%   18.16MB/s   00:00:00 (xfer#1190, to-check=1389/1752)
synthetic_008449/metadata.json
           1799 100%   39.98MB/s   00:00:00 (xfer#1191, to-check=1390/1752)
synthetic_008449/posterior_mean.pt
         232026 100%   12.44MB/s   00:00:00 (xfer#1192, to-check=1391/1752)
synthetic_008449/posterior_samples.pt
        5144576  21%    9.79MB/s   00:00:01       12615680  51%   14.18MB/s   00:00:00       19300352  78%   12.68MB/s   00:00:00       24657317 100%   12.12MB/s   00:00:01 (xfer#1193, to-check=1392/1752)
synthetic_008449/posterior_std.pt
         232019 100%   81.32MB/s   00:00:00 (xfer#1194, to-check=1393/1752)
synthetic_008449/posterior_variance.pt
         232054 100%  245.89MB/s   00:00:00 (xfer#1195, to-check=1394/1752)
synthetic_008450/
synthetic_008450/composite_mean.pt
         232026 100%   17.64MB/s   00:00:00 (xfer#1196, to-check=1396/1752)
synthetic_008450/metadata.json
           1799 100%   22.01MB/s   00:00:00 (xfer#1197, to-check=1397/1752)
synthetic_008450/posterior_mean.pt
         232026 100%   11.58MB/s   00:00:00 (xfer#1198, to-check=1398/1752)
synthetic_008450/posterior_samples.pt
        6782976  28%   12.71MB/s   00:00:01       13467648  55%   12.75MB/s   00:00:00       20152320  82%   12.66MB/s   00:00:00       24657317 100%   12.54MB/s   00:00:01 (xfer#1199, to-check=1399/1752)
synthetic_008450/posterior_std.pt
         232019 100%   79.59MB/s   00:00:00 (xfer#1200, to-check=1400/1752)
synthetic_008450/posterior_variance.pt
         232054 100%  236.97MB/s   00:00:00 (xfer#1201, to-check=1401/1752)
synthetic_008451/
synthetic_008451/composite_mean.pt
         232026 100%    9.10MB/s   00:00:00 (xfer#1202, to-check=1403/1752)
synthetic_008451/metadata.json
           1797 100%   25.58MB/s   00:00:00 (xfer#1203, to-check=1404/1752)
synthetic_008451/posterior_mean.pt
         232026 100%   41.04MB/s   00:00:00 (xfer#1204, to-check=1405/1752)
synthetic_008451/posterior_samples.pt
        6651904  27%   12.59MB/s   00:00:01       13467648  55%   12.82MB/s   00:00:00       17760256  72%    8.11MB/s   00:00:00       20905984  85%    5.77MB/s   00:00:00       23461888  95%    4.80MB/s   00:00:00       24657317 100%    8.34MB/s   00:00:02 (xfer#1205, to-check=1406/1752)
synthetic_008451/posterior_std.pt
         232019 100%   14.19MB/s   00:00:00 (xfer#1206, to-check=1407/1752)
synthetic_008451/posterior_variance.pt
         232054 100%   12.46MB/s   00:00:00 (xfer#1207, to-check=1408/1752)
synthetic_008452/
synthetic_008452/composite_mean.pt
         232026 100%    4.91MB/s   00:00:00 (xfer#1208, to-check=1410/1752)
synthetic_008452/metadata.json
           1798 100%   15.30MB/s   00:00:00 (xfer#1209, to-check=1411/1752)
synthetic_008452/posterior_mean.pt
         232026 100%   15.53MB/s   00:00:00 (xfer#1210, to-check=1412/1752)
synthetic_008452/posterior_samples.pt
        3047424  12%    5.79MB/s   00:00:03        6291456  26%    5.98MB/s   00:00:02        9437184  38%    5.82MB/s   00:00:02       12845056  52%    6.15MB/s   00:00:01       16515072  67%    6.94MB/s   00:00:01       19791872  80%    6.20MB/s   00:00:00       23461888  95%    6.66MB/s   00:00:00       24657317 100%    6.16MB/s   00:00:03 (xfer#1211, to-check=1413/1752)
synthetic_008452/posterior_std.pt
         232019 100%    5.61MB/s   00:00:00 (xfer#1212, to-check=1414/1752)
synthetic_008452/posterior_variance.pt
         232054 100%    4.82MB/s   00:00:00 (xfer#1213, to-check=1415/1752)
synthetic_008453/
synthetic_008453/composite_mean.pt
         232026 100%   25.43MB/s   00:00:00 (xfer#1214, to-check=1417/1752)
synthetic_008453/metadata.json
           1798 100%    8.01MB/s   00:00:00 (xfer#1215, to-check=1418/1752)
synthetic_008453/posterior_mean.pt
         232026 100%    4.59MB/s   00:00:00 (xfer#1216, to-check=1419/1752)
synthetic_008453/posterior_samples.pt
        3506176  14%    6.51MB/s   00:00:03        7176192  29%    6.66MB/s   00:00:02       10452992  42%    6.16MB/s   00:00:02       13336576  54%    5.42MB/s   00:00:01       17006592  69%    6.92MB/s   00:00:01       20873216  85%    7.37MB/s   00:00:00       24657317 100%    6.56MB/s   00:00:03 (xfer#1217, to-check=1420/1752)
synthetic_008453/posterior_std.pt
         232019 100%  189.09MB/s   00:00:00 (xfer#1218, to-check=1421/1752)
synthetic_008453/posterior_variance.pt
         232054 100%   12.24MB/s   00:00:00 (xfer#1219, to-check=1422/1752)
synthetic_008454/
synthetic_008454/composite_mean.pt
         232026 100%    6.73MB/s   00:00:00 (xfer#1220, to-check=1424/1752)
synthetic_008454/metadata.json
           1797 100%   14.64MB/s   00:00:00 (xfer#1221, to-check=1425/1752)
synthetic_008454/posterior_mean.pt
         232026 100%    9.39MB/s   00:00:00 (xfer#1222, to-check=1426/1752)
synthetic_008454/posterior_samples.pt
        3997696  16%    6.92MB/s   00:00:02        6782976  28%    4.97MB/s   00:00:03       10190848  41%    6.08MB/s   00:00:02       13729792  56%    6.45MB/s   00:00:01       17137664  70%    6.49MB/s   00:00:01       20676608  84%    6.59MB/s   00:00:00       24608768 100%    7.34MB/s   00:00:00       24657317 100%    6.35MB/s   00:00:03 (xfer#1223, to-check=1427/1752)
synthetic_008454/posterior_std.pt
         232019 100%    4.16MB/s   00:00:00 (xfer#1224, to-check=1428/1752)
synthetic_008454/posterior_variance.pt
         232054 100%   28.88MB/s   00:00:00 (xfer#1225, to-check=1429/1752)
synthetic_008455/
synthetic_008455/composite_mean.pt
         232026 100%    4.25MB/s   00:00:00 (xfer#1226, to-check=1431/1752)
synthetic_008455/metadata.json
           1799 100%    6.81MB/s   00:00:00 (xfer#1227, to-check=1432/1752)
synthetic_008455/posterior_mean.pt
         232026 100%   40.07MB/s   00:00:00 (xfer#1228, to-check=1433/1752)
synthetic_008455/posterior_samples.pt
        3571712  14%    6.73MB/s   00:00:02        7503872  30%    7.44MB/s   00:00:02       11567104  47%    7.36MB/s   00:00:01       15499264  63%    7.15MB/s   00:00:01       19824640  80%    7.71MB/s   00:00:00       23756800  96%    7.28MB/s   00:00:00       24657317 100%    7.22MB/s   00:00:03 (xfer#1229, to-check=1434/1752)
synthetic_008455/posterior_std.pt
         232019 100%  149.18MB/s   00:00:00 (xfer#1230, to-check=1435/1752)
synthetic_008455/posterior_variance.pt
         232054 100%  270.54MB/s   00:00:00 (xfer#1231, to-check=1436/1752)
synthetic_008456/
synthetic_008456/composite_mean.pt
         232026 100%    4.77MB/s   00:00:00 (xfer#1232, to-check=1438/1752)
synthetic_008456/metadata.json
           1799 100%   19.93MB/s   00:00:00 (xfer#1233, to-check=1439/1752)
synthetic_008456/posterior_mean.pt
         232026 100%   19.65MB/s   00:00:00 (xfer#1234, to-check=1440/1752)
synthetic_008456/posterior_samples.pt
        4063232  16%    7.28MB/s   00:00:02        7995392  32%    7.18MB/s   00:00:02       11927552  48%    7.34MB/s   00:00:01       15990784  65%    7.71MB/s   00:00:01       19660800  80%    6.94MB/s   00:00:00       23330816  95%    6.71MB/s   00:00:00       24657317 100%    7.19MB/s   00:00:03 (xfer#1235, to-check=1441/1752)
synthetic_008456/posterior_std.pt
         232019 100%   15.81MB/s   00:00:00 (xfer#1236, to-check=1442/1752)
synthetic_008456/posterior_variance.pt
         232054 100%   17.05MB/s   00:00:00 (xfer#1237, to-check=1443/1752)
synthetic_008457/
synthetic_008457/composite_mean.pt
         232026 100%    5.39MB/s   00:00:00 (xfer#1238, to-check=1445/1752)
synthetic_008457/metadata.json
           1799 100%    6.15MB/s   00:00:00 (xfer#1239, to-check=1446/1752)
synthetic_008457/posterior_mean.pt
         232026 100%   20.85MB/s   00:00:00 (xfer#1240, to-check=1447/1752)
synthetic_008457/posterior_samples.pt
        4063232  16%    7.71MB/s   00:00:02        8388608  34%    8.12MB/s   00:00:01       12845056  52%    8.17MB/s   00:00:01       16908288  69%    7.37MB/s   00:00:01       22020096  89%    9.14MB/s   00:00:00       24657317 100%    8.14MB/s   00:00:02 (xfer#1241, to-check=1448/1752)
synthetic_008457/posterior_std.pt
         232019 100%   81.86MB/s   00:00:00 (xfer#1242, to-check=1449/1752)
synthetic_008457/posterior_variance.pt
         232054 100%   10.75MB/s   00:00:00 (xfer#1243, to-check=1450/1752)
synthetic_008458/
synthetic_008458/composite_mean.pt
         232026 100%   58.11MB/s   00:00:00 (xfer#1244, to-check=1452/1752)
synthetic_008458/metadata.json
           1797 100%   20.19MB/s   00:00:00 (xfer#1245, to-check=1453/1752)
synthetic_008458/posterior_mean.pt
         232026 100%   21.68MB/s   00:00:00 (xfer#1246, to-check=1454/1752)
synthetic_008458/posterior_samples.pt
        4751360  19%    8.97MB/s   00:00:02       10518528  43%   10.60MB/s   00:00:01       16154624  66%   10.68MB/s   00:00:00       22315008  91%   10.88MB/s   00:00:00       24657317 100%   10.24MB/s   00:00:02 (xfer#1247, to-check=1455/1752)
synthetic_008458/posterior_std.pt
         232019 100%   89.22MB/s   00:00:00 (xfer#1248, to-check=1456/1752)
synthetic_008458/posterior_variance.pt
         232054 100%  223.34MB/s   00:00:00 (xfer#1249, to-check=1457/1752)
synthetic_008459/
synthetic_008459/composite_mean.pt
         232026 100%  174.92MB/s   00:00:00 (xfer#1250, to-check=1459/1752)
synthetic_008459/metadata.json
           1798 100%   32.99MB/s   00:00:00 (xfer#1251, to-check=1460/1752)
synthetic_008459/posterior_mean.pt
         232026 100%   11.52MB/s   00:00:00 (xfer#1252, to-check=1461/1752)
synthetic_008459/posterior_samples.pt
        7077888  29%   13.30MB/s   00:00:01       14155776  57%   13.39MB/s   00:00:00       20840448  85%   12.69MB/s   00:00:00       24657317 100%   12.82MB/s   00:00:01 (xfer#1253, to-check=1462/1752)
synthetic_008459/posterior_std.pt
         232019 100%  125.43MB/s   00:00:00 (xfer#1254, to-check=1463/1752)
synthetic_008459/posterior_variance.pt
         232054 100%  229.59MB/s   00:00:00 (xfer#1255, to-check=1464/1752)
synthetic_008460/
synthetic_008460/composite_mean.pt
         232026 100%   19.33MB/s   00:00:00 (xfer#1256, to-check=1466/1752)
synthetic_008460/metadata.json
           1799 100%   26.36MB/s   00:00:00 (xfer#1257, to-check=1467/1752)
synthetic_008460/posterior_mean.pt
         232026 100%   12.94MB/s   00:00:00 (xfer#1258, to-check=1468/1752)
synthetic_008460/posterior_samples.pt
        6750208  27%   12.78MB/s   00:00:01       13434880  54%   12.73MB/s   00:00:00       18448384  75%    8.97MB/s   00:00:00       24657317 100%   11.78MB/s   00:00:01 (xfer#1259, to-check=1469/1752)
synthetic_008460/posterior_std.pt
         232019 100%   73.10MB/s   00:00:00 (xfer#1260, to-check=1470/1752)
synthetic_008460/posterior_variance.pt
         232054 100%  154.75MB/s   00:00:00 (xfer#1261, to-check=1471/1752)
synthetic_008461/
synthetic_008461/composite_mean.pt
         232026 100%  146.83MB/s   00:00:00 (xfer#1262, to-check=1473/1752)
synthetic_008461/metadata.json
           1796 100%   30.06MB/s   00:00:00 (xfer#1263, to-check=1474/1752)
synthetic_008461/posterior_mean.pt
         232026 100%   21.91MB/s   00:00:00 (xfer#1264, to-check=1475/1752)
synthetic_008461/posterior_samples.pt
        6717440  27%   12.74MB/s   00:00:01       13533184  55%   12.74MB/s   00:00:00       18055168  73%    8.30MB/s   00:00:00       24657317 100%   11.44MB/s   00:00:02 (xfer#1265, to-check=1476/1752)
synthetic_008461/posterior_std.pt
         232019 100%  118.65MB/s   00:00:00 (xfer#1266, to-check=1477/1752)
synthetic_008461/posterior_variance.pt
         232054 100%   31.88MB/s   00:00:00 (xfer#1267, to-check=1478/1752)
synthetic_008462/
synthetic_008462/composite_mean.pt
         232026 100%   20.39MB/s   00:00:00 (xfer#1268, to-check=1480/1752)
synthetic_008462/metadata.json
           1798 100%   27.24MB/s   00:00:00 (xfer#1269, to-check=1481/1752)
synthetic_008462/posterior_mean.pt
         232026 100%  100.44MB/s   00:00:00 (xfer#1270, to-check=1482/1752)
synthetic_008462/posterior_samples.pt
        6586368  27%   12.46MB/s   00:00:01       11960320  49%   10.22MB/s   00:00:01       18644992  76%   12.51MB/s   00:00:00       24657317 100%   11.90MB/s   00:00:01 (xfer#1271, to-check=1483/1752)
synthetic_008462/posterior_std.pt
         232019 100%  143.31MB/s   00:00:00 (xfer#1272, to-check=1484/1752)
synthetic_008462/posterior_variance.pt
         232054 100%   26.00MB/s   00:00:00 (xfer#1273, to-check=1485/1752)
synthetic_008463/
synthetic_008463/composite_mean.pt
         232026 100%   14.98MB/s   00:00:00 (xfer#1274, to-check=1487/1752)
synthetic_008463/metadata.json
           1798 100%   40.63MB/s   00:00:00 (xfer#1275, to-check=1488/1752)
synthetic_008463/posterior_mean.pt
         232026 100%   16.90MB/s   00:00:00 (xfer#1276, to-check=1489/1752)
synthetic_008463/posterior_samples.pt
        6782976  28%   12.80MB/s   00:00:01       13598720  55%   12.97MB/s   00:00:00       20414464  83%   12.87MB/s   00:00:00       24657317 100%   12.65MB/s   00:00:01 (xfer#1277, to-check=1490/1752)
synthetic_008463/posterior_std.pt
         232019 100%   99.68MB/s   00:00:00 (xfer#1278, to-check=1491/1752)
synthetic_008463/posterior_variance.pt
         232054 100%  204.95MB/s   00:00:00 (xfer#1279, to-check=1492/1752)
synthetic_008464/
synthetic_008464/composite_mean.pt
         232026 100%   14.17MB/s   00:00:00 (xfer#1280, to-check=1494/1752)
synthetic_008464/metadata.json
           1799 100%   25.61MB/s   00:00:00 (xfer#1281, to-check=1495/1752)
synthetic_008464/posterior_mean.pt
         232026 100%   13.03MB/s   00:00:00 (xfer#1282, to-check=1496/1752)
synthetic_008464/posterior_samples.pt
        6782976  28%   12.77MB/s   00:00:01       13598720  55%   12.81MB/s   00:00:00       20152320  82%   12.41MB/s   00:00:00       24657317 100%   12.50MB/s   00:00:01 (xfer#1283, to-check=1497/1752)
synthetic_008464/posterior_std.pt
         232019 100%  119.98MB/s   00:00:00 (xfer#1284, to-check=1498/1752)
synthetic_008464/posterior_variance.pt
         232054 100%  230.27MB/s   00:00:00 (xfer#1285, to-check=1499/1752)
synthetic_008465/
synthetic_008465/composite_mean.pt
         232026 100%   13.79MB/s   00:00:00 (xfer#1286, to-check=1501/1752)
synthetic_008465/metadata.json
           1799 100%   24.90MB/s   00:00:00 (xfer#1287, to-check=1502/1752)
synthetic_008465/posterior_mean.pt
         232026 100%   28.80MB/s   00:00:00 (xfer#1288, to-check=1503/1752)
synthetic_008465/posterior_samples.pt
        6782976  28%   12.59MB/s   00:00:01       13205504  54%   12.01MB/s   00:00:00       20283392  82%   12.07MB/s   00:00:00       24657317 100%   11.44MB/s   00:00:02 (xfer#1289, to-check=1504/1752)
synthetic_008465/posterior_std.pt
         232019 100%  129.47MB/s   00:00:00 (xfer#1290, to-check=1505/1752)
synthetic_008465/posterior_variance.pt
         232054 100%  208.35MB/s   00:00:00 (xfer#1291, to-check=1506/1752)
synthetic_008466/
synthetic_008466/composite_mean.pt
         232026 100%   11.35MB/s   00:00:00 (xfer#1292, to-check=1508/1752)
synthetic_008466/metadata.json
           1799 100%   25.16MB/s   00:00:00 (xfer#1293, to-check=1509/1752)
synthetic_008466/posterior_mean.pt
         232026 100%   11.16MB/s   00:00:00 (xfer#1294, to-check=1510/1752)
synthetic_008466/posterior_samples.pt
        5341184  22%   10.09MB/s   00:00:01       11239424  46%   11.24MB/s   00:00:01       17530880  71%   11.85MB/s   00:00:00       23953408  97%   12.13MB/s   00:00:00       24657317 100%   11.25MB/s   00:00:02 (xfer#1295, to-check=1511/1752)
synthetic_008466/posterior_std.pt
         232019 100%  106.43MB/s   00:00:00 (xfer#1296, to-check=1512/1752)
synthetic_008466/posterior_variance.pt
         232054 100%    7.69MB/s   00:00:00 (xfer#1297, to-check=1513/1752)
synthetic_008467/
synthetic_008467/composite_mean.pt
         232026 100%   13.06MB/s   00:00:00 (xfer#1298, to-check=1515/1752)
synthetic_008467/metadata.json
           1798 100%   40.86MB/s   00:00:00 (xfer#1299, to-check=1516/1752)
synthetic_008467/posterior_mean.pt
         232026 100%   48.82MB/s   00:00:00 (xfer#1300, to-check=1517/1752)
synthetic_008467/posterior_samples.pt
        6815744  28%   12.92MB/s   00:00:01       13107200  53%   12.00MB/s   00:00:00       20054016  81%   13.25MB/s   00:00:00       24657317 100%   12.62MB/s   00:00:01 (xfer#1301, to-check=1518/1752)
synthetic_008467/posterior_std.pt
         232019 100%  104.28MB/s   00:00:00 (xfer#1302, to-check=1519/1752)
synthetic_008467/posterior_variance.pt
         232054 100%  253.54MB/s   00:00:00 (xfer#1303, to-check=1520/1752)
synthetic_008468/
synthetic_008468/composite_mean.pt
         232026 100%   12.10MB/s   00:00:00 (xfer#1304, to-check=1522/1752)
synthetic_008468/metadata.json
           1799 100%   42.83MB/s   00:00:00 (xfer#1305, to-check=1523/1752)
synthetic_008468/posterior_mean.pt
         232026 100%    7.44MB/s   00:00:00 (xfer#1306, to-check=1524/1752)
synthetic_008468/posterior_samples.pt
        6815744  28%   12.92MB/s   00:00:01       13631488  55%   12.72MB/s   00:00:00       20447232  83%   12.86MB/s   00:00:00       24657317 100%   12.64MB/s   00:00:01 (xfer#1307, to-check=1525/1752)
synthetic_008468/posterior_std.pt
         232019 100%  148.80MB/s   00:00:00 (xfer#1308, to-check=1526/1752)
synthetic_008468/posterior_variance.pt
         232054 100%  127.70MB/s   00:00:00 (xfer#1309, to-check=1527/1752)
synthetic_008469/
synthetic_008469/composite_mean.pt
         232026 100%   12.79MB/s   00:00:00 (xfer#1310, to-check=1529/1752)
synthetic_008469/metadata.json
           1799 100%   29.49MB/s   00:00:00 (xfer#1311, to-check=1530/1752)
synthetic_008469/posterior_mean.pt
         232026 100%    9.92MB/s   00:00:00 (xfer#1312, to-check=1531/1752)
synthetic_008469/posterior_samples.pt
        6782976  28%   12.79MB/s   00:00:01       13467648  55%   12.73MB/s   00:00:00       20283392  82%   12.73MB/s   00:00:00       24657317 100%   12.53MB/s   00:00:01 (xfer#1313, to-check=1532/1752)
synthetic_008469/posterior_std.pt
         232019 100%  134.04MB/s   00:00:00 (xfer#1314, to-check=1533/1752)
synthetic_008469/posterior_variance.pt
         232054 100%  175.50MB/s   00:00:00 (xfer#1315, to-check=1534/1752)
synthetic_008470/
synthetic_008470/composite_mean.pt
         232026 100%   24.47MB/s   00:00:00 (xfer#1316, to-check=1536/1752)
synthetic_008470/metadata.json
           1798 100%   29.12MB/s   00:00:00 (xfer#1317, to-check=1537/1752)
synthetic_008470/posterior_mean.pt
         232026 100%   11.15MB/s   00:00:00 (xfer#1318, to-check=1538/1752)
synthetic_008470/posterior_samples.pt
        6684672  27%   12.68MB/s   00:00:01       13369344  54%   12.72MB/s   00:00:00       20185088  82%   12.82MB/s   00:00:00       24657317 100%   12.50MB/s   00:00:01 (xfer#1319, to-check=1539/1752)
synthetic_008470/posterior_std.pt
         232019 100%   89.37MB/s   00:00:00 (xfer#1320, to-check=1540/1752)
synthetic_008470/posterior_variance.pt
         232054 100%  195.50MB/s   00:00:00 (xfer#1321, to-check=1541/1752)
synthetic_008471/
synthetic_008471/composite_mean.pt
         232026 100%   28.93MB/s   00:00:00 (xfer#1322, to-check=1543/1752)
synthetic_008471/metadata.json
           1798 100%   28.65MB/s   00:00:00 (xfer#1323, to-check=1544/1752)
synthetic_008471/posterior_mean.pt
         232026 100%   11.94MB/s   00:00:00 (xfer#1324, to-check=1545/1752)
synthetic_008471/posterior_samples.pt
        6750208  27%   12.59MB/s   00:00:01       13565952  55%   12.82MB/s   00:00:00       20250624  82%   12.73MB/s   00:00:00       24657317 100%   12.50MB/s   00:00:01 (xfer#1325, to-check=1546/1752)
synthetic_008471/posterior_std.pt
         232019 100%  113.54MB/s   00:00:00 (xfer#1326, to-check=1547/1752)
synthetic_008471/posterior_variance.pt
         232054 100%  214.02MB/s   00:00:00 (xfer#1327, to-check=1548/1752)
synthetic_008472/
synthetic_008472/composite_mean.pt
         232026 100%   10.47MB/s   00:00:00 (xfer#1328, to-check=1550/1752)
synthetic_008472/metadata.json
           1798 100%    8.25MB/s   00:00:00 (xfer#1329, to-check=1551/1752)
synthetic_008472/posterior_mean.pt
         232026 100%   27.89MB/s   00:00:00 (xfer#1330, to-check=1552/1752)
synthetic_008472/posterior_samples.pt
        4849664  20%    9.16MB/s   00:00:02        9175040  37%    8.06MB/s   00:00:01       14155776  57%    9.42MB/s   00:00:01       20152320  82%   11.44MB/s   00:00:00       24657317 100%    9.80MB/s   00:00:02 (xfer#1331, to-check=1553/1752)
synthetic_008472/posterior_std.pt
         232019 100%  103.11MB/s   00:00:00 (xfer#1332, to-check=1554/1752)
synthetic_008472/posterior_variance.pt
         232054 100%  275.19MB/s   00:00:00 (xfer#1333, to-check=1555/1752)
synthetic_008473/
synthetic_008473/composite_mean.pt
         232026 100%    8.35MB/s   00:00:00 (xfer#1334, to-check=1557/1752)
synthetic_008473/metadata.json
           1799 100%   33.63MB/s   00:00:00 (xfer#1335, to-check=1558/1752)
synthetic_008473/posterior_mean.pt
         232026 100%   14.86MB/s   00:00:00 (xfer#1336, to-check=1559/1752)
synthetic_008473/posterior_samples.pt
        6455296  26%   12.03MB/s   00:00:01       13369344  54%   12.86MB/s   00:00:00       20709376  84%   13.86MB/s   00:00:00       24657317 100%   12.73MB/s   00:00:01 (xfer#1337, to-check=1560/1752)
synthetic_008473/posterior_std.pt
         232019 100%  107.78MB/s   00:00:00 (xfer#1338, to-check=1561/1752)
synthetic_008473/posterior_variance.pt
         232054 100%  104.73MB/s   00:00:00 (xfer#1339, to-check=1562/1752)
synthetic_008474/
synthetic_008474/composite_mean.pt
         232026 100%   11.83MB/s   00:00:00 (xfer#1340, to-check=1564/1752)
synthetic_008474/metadata.json
           1799 100%   27.68MB/s   00:00:00 (xfer#1341, to-check=1565/1752)
synthetic_008474/posterior_mean.pt
         232026 100%   10.19MB/s   00:00:00 (xfer#1342, to-check=1566/1752)
synthetic_008474/posterior_samples.pt
        6815744  28%   12.85MB/s   00:00:01       13631488  55%   12.78MB/s   00:00:00       20316160  82%   12.70MB/s   00:00:00       24657317 100%   12.51MB/s   00:00:01 (xfer#1343, to-check=1567/1752)
synthetic_008474/posterior_std.pt
         232019 100%   92.97MB/s   00:00:00 (xfer#1344, to-check=1568/1752)
synthetic_008474/posterior_variance.pt
         232054 100%  213.78MB/s   00:00:00 (xfer#1345, to-check=1569/1752)
synthetic_008475/
synthetic_008475/composite_mean.pt
         232026 100%   70.40MB/s   00:00:00 (xfer#1346, to-check=1571/1752)
synthetic_008475/metadata.json
           1799 100%   28.11MB/s   00:00:00 (xfer#1347, to-check=1572/1752)
synthetic_008475/posterior_mean.pt
         232026 100%   10.67MB/s   00:00:00 (xfer#1348, to-check=1573/1752)
synthetic_008475/posterior_samples.pt
        6619136  27%   11.57MB/s   00:00:01       13959168  57%   13.96MB/s   00:00:00       20250624  82%   11.17MB/s   00:00:00       24657317 100%   11.40MB/s   00:00:02 (xfer#1349, to-check=1574/1752)
synthetic_008475/posterior_std.pt
         232019 100%   93.25MB/s   00:00:00 (xfer#1350, to-check=1575/1752)
synthetic_008475/posterior_variance.pt
         232054 100%  242.42MB/s   00:00:00 (xfer#1351, to-check=1576/1752)
synthetic_008476/
synthetic_008476/composite_mean.pt
         232026 100%  160.13MB/s   00:00:00 (xfer#1352, to-check=1578/1752)
synthetic_008476/metadata.json
           1799 100%   30.62MB/s   00:00:00 (xfer#1353, to-check=1579/1752)
synthetic_008476/posterior_mean.pt
         232026 100%    9.65MB/s   00:00:00 (xfer#1354, to-check=1580/1752)
synthetic_008476/posterior_samples.pt
        5898240  24%   11.22MB/s   00:00:01       12189696  49%   11.41MB/s   00:00:01       19005440  77%   12.94MB/s   00:00:00       24657317 100%   11.85MB/s   00:00:01 (xfer#1355, to-check=1581/1752)
synthetic_008476/posterior_std.pt
         232019 100%  189.13MB/s   00:00:00 (xfer#1356, to-check=1582/1752)
synthetic_008476/posterior_variance.pt
         232054 100%   17.89MB/s   00:00:00 (xfer#1357, to-check=1583/1752)
synthetic_008477/
synthetic_008477/composite_mean.pt
         232026 100%   26.04MB/s   00:00:00 (xfer#1358, to-check=1585/1752)
synthetic_008477/metadata.json
           1799 100%   40.66MB/s   00:00:00 (xfer#1359, to-check=1586/1752)
synthetic_008477/posterior_mean.pt
         232026 100%    6.87MB/s   00:00:00 (xfer#1360, to-check=1587/1752)
synthetic_008477/posterior_samples.pt
        3964928  16%    7.38MB/s   00:00:02        8421376  34%    8.44MB/s   00:00:01       13533184  55%    9.73MB/s   00:00:01       18907136  77%   10.03MB/s   00:00:00       24543232 100%   10.71MB/s   00:00:00       24657317 100%    9.04MB/s   00:00:02 (xfer#1361, to-check=1588/1752)
synthetic_008477/posterior_std.pt
         232019 100%   94.28MB/s   00:00:00 (xfer#1362, to-check=1589/1752)
synthetic_008477/posterior_variance.pt
         232054 100%  207.79MB/s   00:00:00 (xfer#1363, to-check=1590/1752)
synthetic_008478/
synthetic_008478/composite_mean.pt
         232026 100%   11.14MB/s   00:00:00 (xfer#1364, to-check=1592/1752)
synthetic_008478/metadata.json
           1797 100%   22.82MB/s   00:00:00 (xfer#1365, to-check=1593/1752)
synthetic_008478/posterior_mean.pt
         232026 100%   30.43MB/s   00:00:00 (xfer#1366, to-check=1594/1752)
synthetic_008478/posterior_samples.pt
        5570560  23%   10.57MB/s   00:00:01       11206656  45%   10.69MB/s   00:00:01       16973824  69%   10.58MB/s   00:00:00       23003136  93%   11.32MB/s   00:00:00       24657317 100%   10.41MB/s   00:00:02 (xfer#1367, to-check=1595/1752)
synthetic_008478/posterior_std.pt
         232019 100%  125.72MB/s   00:00:00 (xfer#1368, to-check=1596/1752)
synthetic_008478/posterior_variance.pt
         232054 100%  135.09MB/s   00:00:00 (xfer#1369, to-check=1597/1752)
synthetic_008479/
synthetic_008479/composite_mean.pt
         232026 100%   11.55MB/s   00:00:00 (xfer#1370, to-check=1599/1752)
synthetic_008479/metadata.json
           1799 100%    5.78MB/s   00:00:00 (xfer#1371, to-check=1600/1752)
synthetic_008479/posterior_mean.pt
         232026 100%   17.48MB/s   00:00:00 (xfer#1372, to-check=1601/1752)
synthetic_008479/posterior_samples.pt
        5734400  23%   10.56MB/s   00:00:01       11763712  48%   11.44MB/s   00:00:01       18055168  73%   11.68MB/s   00:00:00       22642688  92%    8.49MB/s   00:00:00       23789568  96%    2.17MB/s   00:00:00       24657317 100%    8.70MB/s   00:00:02 (xfer#1373, to-check=1602/1752)
synthetic_008479/posterior_std.pt
         232019 100%  118.33MB/s   00:00:00 (xfer#1374, to-check=1603/1752)
synthetic_008479/posterior_variance.pt
         232054 100%   36.93MB/s   00:00:00 (xfer#1375, to-check=1604/1752)
synthetic_008480/
synthetic_008480/composite_mean.pt
         232026 100%   11.23MB/s   00:00:00 (xfer#1376, to-check=1606/1752)
synthetic_008480/metadata.json
           1799 100%   14.31MB/s   00:00:00 (xfer#1377, to-check=1607/1752)
synthetic_008480/posterior_mean.pt
         232026 100%    5.23MB/s   00:00:00 (xfer#1378, to-check=1608/1752)
synthetic_008480/posterior_samples.pt
        2916352  12%    5.56MB/s   00:00:03        5505024  22%    4.83MB/s   00:00:03        8126464  33%    4.57MB/s   00:00:03       11010048  45%    5.02MB/s   00:00:02       13893632  56%    5.00MB/s   00:00:02       16646144  68%    5.22MB/s   00:00:01       19267584  78%    4.91MB/s   00:00:01       21757952  88%    4.52MB/s   00:00:00       24543232 100%    5.31MB/s   00:00:00       24657317 100%    4.96MB/s   00:00:04 (xfer#1379, to-check=1609/1752)
synthetic_008480/posterior_std.pt
         232019 100%   13.19MB/s   00:00:00 (xfer#1380, to-check=1610/1752)
synthetic_008480/posterior_variance.pt
         232054 100%    3.96MB/s   00:00:00 (xfer#1381, to-check=1611/1752)
synthetic_008481/
synthetic_008481/composite_mean.pt
         232026 100%   31.04MB/s   00:00:00 (xfer#1382, to-check=1613/1752)
synthetic_008481/metadata.json
           1799 100%   19.77MB/s   00:00:00 (xfer#1383, to-check=1614/1752)
synthetic_008481/posterior_mean.pt
         232026 100%    3.68MB/s   00:00:00 (xfer#1384, to-check=1615/1752)
synthetic_008481/posterior_samples.pt
        3014656  12%    5.44MB/s   00:00:03        5898240  24%    5.35MB/s   00:00:03        8650752  35%    5.06MB/s   00:00:03       12058624  49%    5.99MB/s   00:00:02       15335424  62%    6.22MB/s   00:00:01       17498112  71%    4.11MB/s   00:00:01       19988480  81%    4.63MB/s   00:00:00       22740992  92%    5.23MB/s   00:00:00       24657317 100%    5.21MB/s   00:00:04 (xfer#1385, to-check=1616/1752)
synthetic_008481/posterior_std.pt
         232019 100%   93.20MB/s   00:00:00 (xfer#1386, to-check=1617/1752)
synthetic_008481/posterior_variance.pt
         232054 100%    9.92MB/s   00:00:00 (xfer#1387, to-check=1618/1752)
synthetic_008482/
synthetic_008482/composite_mean.pt
         232026 100%    4.07MB/s   00:00:00 (xfer#1388, to-check=1620/1752)
synthetic_008482/metadata.json
           1799 100%   19.50MB/s   00:00:00 (xfer#1389, to-check=1621/1752)
synthetic_008482/posterior_mean.pt
         232026 100%    4.14MB/s   00:00:00 (xfer#1390, to-check=1622/1752)
synthetic_008482/posterior_samples.pt
        3244032  13%    5.70MB/s   00:00:03        6520832  26%    5.80MB/s   00:00:02        9666560  39%    5.91MB/s   00:00:02       12943360  52%    5.99MB/s   00:00:01       16220160  66%    5.95MB/s   00:00:01       19365888  79%    5.83MB/s   00:00:00       22642688  92%    6.18MB/s   00:00:00       24657317 100%    5.90MB/s   00:00:03 (xfer#1391, to-check=1623/1752)
synthetic_008482/posterior_std.pt
         232019 100%   10.12MB/s   00:00:00 (xfer#1392, to-check=1624/1752)
synthetic_008482/posterior_variance.pt
         232054 100%   12.39MB/s   00:00:00 (xfer#1393, to-check=1625/1752)
synthetic_008483/
synthetic_008483/composite_mean.pt
         232026 100%    4.78MB/s   00:00:00 (xfer#1394, to-check=1627/1752)
synthetic_008483/metadata.json
           1798 100%    4.61MB/s   00:00:00 (xfer#1395, to-check=1628/1752)
synthetic_008483/posterior_mean.pt
         232026 100%    5.52MB/s   00:00:00 (xfer#1396, to-check=1629/1752)
synthetic_008483/posterior_samples.pt
        2949120  12%    5.44MB/s   00:00:03        6225920  25%    6.21MB/s   00:00:02        9633792  39%    6.06MB/s   00:00:02       12779520  52%    5.88MB/s   00:00:01       16056320  65%    6.20MB/s   00:00:01       19595264  79%    6.42MB/s   00:00:00       23003136  93%    6.41MB/s   00:00:00       24657317 100%    6.08MB/s   00:00:03 (xfer#1397, to-check=1630/1752)
synthetic_008483/posterior_std.pt
         232019 100%  182.44MB/s   00:00:00 (xfer#1398, to-check=1631/1752)
synthetic_008483/posterior_variance.pt
         232054 100%    7.14MB/s   00:00:00 (xfer#1399, to-check=1632/1752)
synthetic_008484/
synthetic_008484/composite_mean.pt
         232026 100%    4.24MB/s   00:00:00 (xfer#1400, to-check=1634/1752)
synthetic_008484/metadata.json
           1799 100%   17.17MB/s   00:00:00 (xfer#1401, to-check=1635/1752)
synthetic_008484/posterior_mean.pt
         232026 100%   12.98MB/s   00:00:00 (xfer#1402, to-check=1636/1752)
synthetic_008484/posterior_samples.pt
        3702784  15%    7.02MB/s   00:00:02        7634944  31%    7.42MB/s   00:00:02       11304960  46%    6.97MB/s   00:00:01       15368192  62%    7.06MB/s   00:00:01       19562496  79%    7.98MB/s   00:00:00       22773760  92%    6.08MB/s   00:00:00       24657317 100%    6.95MB/s   00:00:03 (xfer#1403, to-check=1637/1752)
synthetic_008484/posterior_std.pt
         232019 100%   86.67MB/s   00:00:00 (xfer#1404, to-check=1638/1752)
synthetic_008484/posterior_variance.pt
         232054 100%    7.27MB/s   00:00:00 (xfer#1405, to-check=1639/1752)
synthetic_008485/
synthetic_008485/composite_mean.pt
         232026 100%    4.38MB/s   00:00:00 (xfer#1406, to-check=1641/1752)
synthetic_008485/metadata.json
           1797 100%   14.29MB/s   00:00:00 (xfer#1407, to-check=1642/1752)
synthetic_008485/posterior_mean.pt
         232026 100%   30.40MB/s   00:00:00 (xfer#1408, to-check=1643/1752)
synthetic_008485/posterior_samples.pt
        3473408  14%    6.14MB/s   00:00:03        7274496  30%    7.21MB/s   00:00:02       11337728  46%    7.51MB/s   00:00:01       15663104  64%    8.16MB/s   00:00:01       19857408  81%    7.67MB/s   00:00:00       24051712  98%    7.56MB/s   00:00:00       24657317 100%    7.30MB/s   00:00:03 (xfer#1409, to-check=1644/1752)
synthetic_008485/posterior_std.pt
         232019 100%  215.23MB/s   00:00:00 (xfer#1410, to-check=1645/1752)
synthetic_008485/posterior_variance.pt
         232054 100%   10.22MB/s   00:00:00 (xfer#1411, to-check=1646/1752)
synthetic_008486/
synthetic_008486/composite_mean.pt
         232026 100%   22.72MB/s   00:00:00 (xfer#1412, to-check=1648/1752)
synthetic_008486/metadata.json
           1799 100%   19.29MB/s   00:00:00 (xfer#1413, to-check=1649/1752)
synthetic_008486/posterior_mean.pt
         232026 100%    4.65MB/s   00:00:00 (xfer#1414, to-check=1650/1752)
synthetic_008486/posterior_samples.pt
        4227072  17%    8.00MB/s   00:00:02        8552448  35%    8.14MB/s   00:00:01       12877824  52%    8.20MB/s   00:00:01       17465344  71%    8.19MB/s   00:00:00       22052864  89%    8.46MB/s   00:00:00       24657317 100%    8.13MB/s   00:00:02 (xfer#1415, to-check=1651/1752)
synthetic_008486/posterior_std.pt
         232019 100%   12.41MB/s   00:00:00 (xfer#1416, to-check=1652/1752)
synthetic_008486/posterior_variance.pt
         232054 100%   61.24MB/s   00:00:00 (xfer#1417, to-check=1653/1752)
synthetic_008487/
synthetic_008487/composite_mean.pt
         232026 100%   15.03MB/s   00:00:00 (xfer#1418, to-check=1655/1752)
synthetic_008487/metadata.json
           1799 100%   27.68MB/s   00:00:00 (xfer#1419, to-check=1656/1752)
synthetic_008487/posterior_mean.pt
         232026 100%    5.09MB/s   00:00:00 (xfer#1420, to-check=1657/1752)
synthetic_008487/posterior_samples.pt
        4489216  18%    8.42MB/s   00:00:02        8814592  36%    8.09MB/s   00:00:01       13139968  53%    8.17MB/s   00:00:01       17661952  72%    8.62MB/s   00:00:00       22052864  89%    8.31MB/s   00:00:00       24657317 100%    8.23MB/s   00:00:02 (xfer#1421, to-check=1658/1752)
synthetic_008487/posterior_std.pt
         232019 100%   18.20MB/s   00:00:00 (xfer#1422, to-check=1659/1752)
synthetic_008487/posterior_variance.pt
         232054 100%   13.17MB/s   00:00:00 (xfer#1423, to-check=1660/1752)
synthetic_008488/
synthetic_008488/composite_mean.pt
         232026 100%    7.16MB/s   00:00:00 (xfer#1424, to-check=1662/1752)
synthetic_008488/metadata.json
           1799 100%   14.31MB/s   00:00:00 (xfer#1425, to-check=1663/1752)
synthetic_008488/posterior_mean.pt
         232026 100%    6.99MB/s   00:00:00 (xfer#1426, to-check=1664/1752)
synthetic_008488/posterior_samples.pt
        4882432  20%    9.06MB/s   00:00:02        9338880  38%    8.43MB/s   00:00:01       14188544  58%    9.11MB/s   00:00:01       19431424  79%    9.49MB/s   00:00:00       24657317 100%    9.58MB/s   00:00:00       24657317 100%    9.04MB/s   00:00:02 (xfer#1427, to-check=1665/1752)
synthetic_008488/posterior_std.pt
         232019 100%   81.47MB/s   00:00:00 (xfer#1428, to-check=1666/1752)
synthetic_008488/posterior_variance.pt
         232054 100%  176.37MB/s   00:00:00 (xfer#1429, to-check=1667/1752)
synthetic_008489/
synthetic_008489/composite_mean.pt
         232026 100%    7.16MB/s   00:00:00 (xfer#1430, to-check=1669/1752)
synthetic_008489/metadata.json
           1798 100%   26.34MB/s   00:00:00 (xfer#1431, to-check=1670/1752)
synthetic_008489/posterior_mean.pt
         232026 100%   30.37MB/s   00:00:00 (xfer#1432, to-check=1671/1752)
synthetic_008489/posterior_samples.pt
        5275648  21%    9.90MB/s   00:00:01       11173888  45%   11.15MB/s   00:00:01       16416768  67%    9.98MB/s   00:00:00       22315008  91%   11.23MB/s   00:00:00       24657317 100%   10.56MB/s   00:00:02 (xfer#1433, to-check=1672/1752)
synthetic_008489/posterior_std.pt
         232019 100%  155.27MB/s   00:00:00 (xfer#1434, to-check=1673/1752)
synthetic_008489/posterior_variance.pt
         232054 100%  147.34MB/s   00:00:00 (xfer#1435, to-check=1674/1752)
synthetic_008490/
synthetic_008490/composite_mean.pt
         232026 100%   10.84MB/s   00:00:00 (xfer#1436, to-check=1676/1752)
synthetic_008490/metadata.json
           1798 100%   25.59MB/s   00:00:00 (xfer#1437, to-check=1677/1752)
synthetic_008490/posterior_mean.pt
         232026 100%   10.17MB/s   00:00:00 (xfer#1438, to-check=1678/1752)
synthetic_008490/posterior_samples.pt
        6062080  25%   11.15MB/s   00:00:01       13139968  53%   13.40MB/s   00:00:00       20086784  81%   13.11MB/s   00:00:00       24657317 100%   12.35MB/s   00:00:01 (xfer#1439, to-check=1679/1752)
synthetic_008490/posterior_std.pt
         232019 100%  124.31MB/s   00:00:00 (xfer#1440, to-check=1680/1752)
synthetic_008490/posterior_variance.pt
         232054 100%   87.03MB/s   00:00:00 (xfer#1441, to-check=1681/1752)
synthetic_008491/
synthetic_008491/composite_mean.pt
         232026 100%   18.58MB/s   00:00:00 (xfer#1442, to-check=1683/1752)
synthetic_008491/metadata.json
           1799 100%   18.08MB/s   00:00:00 (xfer#1443, to-check=1684/1752)
synthetic_008491/posterior_mean.pt
         232026 100%   10.92MB/s   00:00:00 (xfer#1444, to-check=1685/1752)
synthetic_008491/posterior_samples.pt
        6750208  27%   12.85MB/s   00:00:01       13565952  55%   12.85MB/s   00:00:00       19726336  80%   10.62MB/s   00:00:00       24657317 100%   11.54MB/s   00:00:02 (xfer#1445, to-check=1686/1752)
synthetic_008491/posterior_std.pt
         232019 100%  113.29MB/s   00:00:00 (xfer#1446, to-check=1687/1752)
synthetic_008491/posterior_variance.pt
         232054 100%  184.72MB/s   00:00:00 (xfer#1447, to-check=1688/1752)
synthetic_008492/
synthetic_008492/composite_mean.pt
         232026 100%  156.04MB/s   00:00:00 (xfer#1448, to-check=1690/1752)
synthetic_008492/metadata.json
           1798 100%   30.09MB/s   00:00:00 (xfer#1449, to-check=1691/1752)
synthetic_008492/posterior_mean.pt
         232026 100%   10.31MB/s   00:00:00 (xfer#1450, to-check=1692/1752)
synthetic_008492/posterior_samples.pt
        7110656  29%   13.50MB/s   00:00:01       13926400  56%   12.66MB/s   00:00:00       20086784  81%   10.70MB/s   00:00:00       24657317 100%   11.48MB/s   00:00:02 (xfer#1451, to-check=1693/1752)
synthetic_008492/posterior_std.pt
         232019 100%   96.88MB/s   00:00:00 (xfer#1452, to-check=1694/1752)
synthetic_008492/posterior_variance.pt
         232054 100%   37.29MB/s   00:00:00 (xfer#1453, to-check=1695/1752)
synthetic_008493/
synthetic_008493/composite_mean.pt
         232026 100%   23.07MB/s   00:00:00 (xfer#1454, to-check=1697/1752)
synthetic_008493/metadata.json
           1798 100%   32.40MB/s   00:00:00 (xfer#1455, to-check=1698/1752)
synthetic_008493/posterior_mean.pt
         232026 100%   16.15MB/s   00:00:00 (xfer#1456, to-check=1699/1752)
synthetic_008493/posterior_samples.pt
        6258688  25%   11.93MB/s   00:00:01       12812288  52%   12.07MB/s   00:00:00       19628032  80%   12.52MB/s   00:00:00       23822336  97%    6.58MB/s   00:00:00       24657317 100%   10.82MB/s   00:00:02 (xfer#1457, to-check=1700/1752)
synthetic_008493/posterior_std.pt
         232019 100%    1.02MB/s   00:00:00 (xfer#1458, to-check=1701/1752)
synthetic_008493/posterior_variance.pt
         232054 100%    1.09MB/s   00:00:00 (xfer#1459, to-check=1702/1752)
synthetic_008494/
synthetic_008494/composite_mean.pt
         232026 100%    3.96MB/s   00:00:00 (xfer#1460, to-check=1704/1752)
synthetic_008494/metadata.json
           1799 100%    5.23MB/s   00:00:00 (xfer#1461, to-check=1705/1752)
synthetic_008494/posterior_mean.pt
         232026 100%    4.66MB/s   00:00:00 (xfer#1462, to-check=1706/1752)
synthetic_008494/posterior_samples.pt
        4882432  20%    9.06MB/s   00:00:02        9863168  40%    9.36MB/s   00:00:01       14286848  58%    7.83MB/s   00:00:01       18087936  73%    7.10MB/s   00:00:00       21102592  86%    5.34MB/s   00:00:00       24657317 100%    7.69MB/s   00:00:03 (xfer#1463, to-check=1707/1752)
synthetic_008494/posterior_std.pt
         232019 100%    2.31MB/s   00:00:00 (xfer#1464, to-check=1708/1752)
synthetic_008494/posterior_variance.pt
         232054 100%  147.83MB/s   00:00:00 (xfer#1465, to-check=1709/1752)
synthetic_008495/
synthetic_008495/composite_mean.pt
         232026 100%  124.73MB/s   00:00:00 (xfer#1466, to-check=1711/1752)
synthetic_008495/metadata.json
           1798 100%   15.60MB/s   00:00:00 (xfer#1467, to-check=1712/1752)
synthetic_008495/posterior_mean.pt
         232026 100%    3.16MB/s   00:00:00 (xfer#1468, to-check=1713/1752)
synthetic_008495/posterior_samples.pt
        2686976  11%    4.95MB/s   00:00:04        5832704  24%    5.94MB/s   00:00:03        9764864  40%    7.28MB/s   00:00:01       12648448  51%    5.14MB/s   00:00:02       16580608  67%    7.23MB/s   00:00:01       20512768  83%    7.47MB/s   00:00:00       24444928  99%    7.16MB/s   00:00:00       24657317 100%    6.43MB/s   00:00:03 (xfer#1469, to-check=1714/1752)
synthetic_008495/posterior_std.pt
         232019 100%   47.37MB/s   00:00:00 (xfer#1470, to-check=1715/1752)
synthetic_008495/posterior_variance.pt
         232054 100%    9.35MB/s   00:00:00 (xfer#1471, to-check=1716/1752)
synthetic_008496/
synthetic_008496/composite_mean.pt
         232026 100%    5.15MB/s   00:00:00 (xfer#1472, to-check=1718/1752)
synthetic_008496/metadata.json
           1799 100%   20.92MB/s   00:00:00 (xfer#1473, to-check=1719/1752)
synthetic_008496/posterior_mean.pt
         232026 100%   15.60MB/s   00:00:00 (xfer#1474, to-check=1720/1752)
synthetic_008496/posterior_samples.pt
        3997696  16%    7.36MB/s   00:00:02        7766016  31%    6.97MB/s   00:00:02       10518528  43%    5.01MB/s   00:00:02       13402112  54%    5.37MB/s   00:00:01       16678912  68%    5.63MB/s   00:00:01       20086784  81%    6.02MB/s   00:00:00       23625728  96%    6.18MB/s   00:00:00       24657317 100%    6.03MB/s   00:00:03 (xfer#1475, to-check=1721/1752)
synthetic_008496/posterior_std.pt
         232019 100%  167.49MB/s   00:00:00 (xfer#1476, to-check=1722/1752)
synthetic_008496/posterior_variance.pt
         232054 100%    8.11MB/s   00:00:00 (xfer#1477, to-check=1723/1752)
synthetic_008497/
synthetic_008497/composite_mean.pt
         232026 100%    4.42MB/s   00:00:00 (xfer#1478, to-check=1725/1752)
synthetic_008497/metadata.json
           1796 100%   12.69MB/s   00:00:00 (xfer#1479, to-check=1726/1752)
synthetic_008497/posterior_mean.pt
         232026 100%    5.60MB/s   00:00:00 (xfer#1480, to-check=1727/1752)
synthetic_008497/posterior_samples.pt
        3211264  13%    6.07MB/s   00:00:03        5963776  24%    4.70MB/s   00:00:03        8060928  33%    3.92MB/s   00:00:04       10682368  43%    4.99MB/s   00:00:02       12648448  51%    3.72MB/s   00:00:03       15532032  63%    5.47MB/s   00:00:01       18284544  74%    5.00MB/s   00:00:01       21168128  86%    5.14MB/s   00:00:00       23920640  97%    5.16MB/s   00:00:00       24657317 100%    4.90MB/s   00:00:04 (xfer#1481, to-check=1728/1752)
synthetic_008497/posterior_std.pt
         232019 100%  116.58MB/s   00:00:00 (xfer#1482, to-check=1729/1752)
synthetic_008497/posterior_variance.pt
         232054 100%    5.23MB/s   00:00:00 (xfer#1483, to-check=1730/1752)
synthetic_008498/
synthetic_008498/composite_mean.pt
         232026 100%    4.44MB/s   00:00:00 (xfer#1484, to-check=1732/1752)
synthetic_008498/metadata.json
           1798 100%   19.23MB/s   00:00:00 (xfer#1485, to-check=1733/1752)
synthetic_008498/posterior_mean.pt
         232026 100%    4.16MB/s   00:00:00 (xfer#1486, to-check=1734/1752)
synthetic_008498/posterior_samples.pt
        3047424  12%    5.48MB/s   00:00:03        6062080  25%    5.59MB/s   00:00:03        8945664  36%    5.17MB/s   00:00:02       12091392  49%    5.99MB/s   00:00:02       15237120  62%    5.70MB/s   00:00:01       18251776  74%    5.66MB/s   00:00:01       21790720  88%    6.26MB/s   00:00:00       24657317 100%    5.71MB/s   00:00:04 (xfer#1487, to-check=1735/1752)
synthetic_008498/posterior_std.pt
         232019 100%   88.41MB/s   00:00:00 (xfer#1488, to-check=1736/1752)
synthetic_008498/posterior_variance.pt
         232054 100%   14.98MB/s   00:00:00 (xfer#1489, to-check=1737/1752)
synthetic_008499/
synthetic_008499/composite_mean.pt
         232026 100%   13.33MB/s   00:00:00 (xfer#1490, to-check=1739/1752)
synthetic_008499/metadata.json
           1798 100%   11.06MB/s   00:00:00 (xfer#1491, to-check=1740/1752)
synthetic_008499/posterior_mean.pt
         232026 100%    4.50MB/s   00:00:00 (xfer#1492, to-check=1741/1752)
synthetic_008499/posterior_samples.pt
        2555904  10%    4.64MB/s   00:00:04        6488064  26%    6.84MB/s   00:00:02       10027008  41%    6.41MB/s   00:00:02       12845056  52%    5.19MB/s   00:00:02       15990784  65%    5.67MB/s   00:00:01       19136512  78%    5.99MB/s   00:00:00       22544384  91%    6.08MB/s   00:00:00       24657317 100%    5.83MB/s   00:00:04 (xfer#1493, to-check=1742/1752)
synthetic_008499/posterior_std.pt
         232019 100%   86.07MB/s   00:00:00 (xfer#1494, to-check=1743/1752)
synthetic_008499/posterior_variance.pt
         232054 100%   14.04MB/s   00:00:00 (xfer#1495, to-check=1744/1752)
synthetic_008500/
synthetic_008500/composite_mean.pt
         232026 100%    8.60MB/s   00:00:00 (xfer#1496, to-check=1746/1752)
synthetic_008500/metadata.json
           1798 100%   22.90MB/s   00:00:00 (xfer#1497, to-check=1747/1752)
synthetic_008500/posterior_mean.pt
         232026 100%    5.61MB/s   00:00:00 (xfer#1498, to-check=1748/1752)
synthetic_008500/posterior_samples.pt
        3473408  14%    6.35MB/s   00:00:03        7012352  28%    6.52MB/s   00:00:02       10682368  43%    6.91MB/s   00:00:01       14352384  58%    6.78MB/s   00:00:01       18153472  74%    6.94MB/s   00:00:00       21823488  89%    6.90MB/s   00:00:00       24657317 100%    6.76MB/s   00:00:03 (xfer#1499, to-check=1749/1752)
synthetic_008500/posterior_std.pt
         232019 100%   12.61MB/s   00:00:00 (xfer#1500, to-check=1750/1752)
synthetic_008500/posterior_variance.pt
         232054 100%    7.93MB/s   00:00:00 (xfer#1501, to-check=1751/1752)

sent 6398M bytes  received 34548 bytes  8284k bytes/sec
total size is 6397M  speedup is 1.00
Transfer starting: 2 files
batch_0034_external_evaluation_manifest.csv
batch_0034_manifest.csv

sent 92773 bytes  received 64 bytes  354k bytes/sec
total size is 92504  speedup is 1.00
Transfer starting: 2 files
br_lora_batch_0034_mac_sha256.txt
br_lora_batch_0034_production_audit.json

sent 156k bytes  received 64 bytes  458k bytes/sec
total size is 156k  speedup is 1.00

===== FALCON TRANSFER VERIFICATION =====
Case directories : 250
Files checksummed: 1501
Mac/Falcon SHA256: IDENTICAL

==============================================================================
BR-LoRA FALCON BATCH ACCEPTANCE
==============================================================================

Batch                    : batch_0034
Batch directory          : /scratch/bhanug/br_lora_library/batches/batch_0034
Current master           : /scratch/bhanug/br_lora_library/manifests/br_lora_library_manifest.csv

===== TRANSFER CHECK =====
Files                    : 1501
Mac/Falcon SHA-256       : IDENTICAL

===== MAC PRODUCTION AUDIT =====
Status                   : PASS
Cases                    : 250
Posterior samples        : 100
Evaluation seed          : 42
Execution manifest hash  : MATCH

===== MASTER PRE-STATE =====
Rows                     : 8250
Library IDs              : synthetic_000001 to synthetic_008250
Current master SHA-256   : 46cc524f5c4fccdd65d493a33195205363dfa58077a050902be730b60b9817b9

==============================================================================
BATCH ACCEPTANCE: PASS
==============================================================================

Accepted batch           : batch_0034
Accepted cases           : 250
Master rows before       : 8250
Master rows after        : 8500
Library IDs              : synthetic_000001 to synthetic_008500
Unique pair keys         : 8500
Unique donor slices      : 8500
Unique external bases    : 6968
Master SHA-256           : 611e74e793190db870a4eefd6558aa9afba1ff537cf5179ac276da636e620661
Acceptance audit         : /scratch/bhanug/br_lora_library/audits/br_lora_batch_0034_acceptance.json
Pre-promotion snapshot   : /scratch/bhanug/br_lora_library/manifests/br_lora_library_manifest_08250_pre_batch_0034.csv

SAFE TO DELETE LOCAL MAC BATCH AFTER THIS PASS.

==============================================================================
BR-LoRA FROZEN LIBRARY PIPELINE
==============================================================================

Batch                    : batch_0034
Frozen design            : /Users/bhanugarg/Desktop/localized-medical-image-synthesis/downstream_evaluation/manifests/br_lora_library_design_10000/batches/batch_0034_manifest.csv
Local staging            : /Users/bhanugarg/archive/br_lora_library_staging/batch_0034
Falcon library           : /scratch/bhanug/br_lora_library
Falcon acceptance        : True
Cleanup                  : True

==============================================================================
STAGE 1 — LOCAL GENERATION + PRODUCTION AUDIT
==============================================================================

/opt/anaconda3/envs/brats-nnunet/bin/python /Users/bhanugarg/Desktop/localized-medical-image-synthesis/scripts/run_br_lora_library_batch.py --batch batch_0034


==============================================================================
STAGE 2 — PREPARE FALCON BATCH DESTINATION
==============================================================================

ssh falcon bash -s


==============================================================================
STAGE 2 — TRANSFER BATCH TO FALCON
==============================================================================

rsync -avh --partial --progress --inplace /Users/bhanugarg/archive/br_lora_library_staging/batch_0034/ falcon:/scratch/bhanug/br_lora_library/batches/batch_0034/


==============================================================================
STAGE 3 — TRANSFER MANIFESTS
==============================================================================

rsync -avh --partial /Users/bhanugarg/Desktop/localized-medical-image-synthesis/downstream_evaluation/manifests/br_lora_library_design_10000/batches/batch_0034_manifest.csv /Users/bhanugarg/Desktop/localized-medical-image-synthesis/downstream_evaluation/manifests/br_lora_library_design_10000/batches/batch_0034_external_evaluation_manifest.csv falcon:/scratch/bhanug/br_lora_library/manifests/


==============================================================================
STAGE 3 — TRANSFER AUDIT RECORDS
==============================================================================

rsync -avh --partial /Users/bhanugarg/archive/br_lora_library_staging/br_lora_batch_0034_production_audit.json /Users/bhanugarg/archive/br_lora_library_staging/br_lora_batch_0034_mac_sha256.txt falcon:/scratch/bhanug/br_lora_library/audits/


==============================================================================
STAGE 4 — FALCON SHA-256 VERIFICATION
==============================================================================

ssh falcon bash -s


==============================================================================
STAGE 5 — FALCON ACCEPTANCE
==============================================================================

ssh falcon bash -s


==============================================================================
LOCAL CLEANUP COMPLETE
==============================================================================

Deleted: /Users/bhanugarg/archive/br_lora_library_staging/batch_0034

==============================================================================
PIPELINE STAGE COMPLETE
==============================================================================

Batch                    : batch_0034
Local production         : PASS
Transfer                 : PASS
Mac/Falcon SHA-256       : IDENTICAL
Falcon acceptance        : PASS
Local cleanup            : COMPLETE
Next batch               : batch_0035

============================================================
COMPLETED: batch_0034
Finished: Sun Aug 16 00:40:07 EDT 2026
============================================================
