============================================================
BR-LoRA PIPELINE: batch_0035
Started: Sun Aug 16 00:40:07 EDT 2026
============================================================


==============================================================================
BR-LoRA EXTERNAL EVALUATION CONSTRUCTION
==============================================================================

Evaluation
------------------------------------------------------------------------------
Evaluation name          : br_lora_external_evaluation
Checkpoint               : /Users/bhanugarg/Desktop/localized-medical-image-synthesis/checkpoints/br_lora_full_train/final.pt
Device                   : mps
Seed                     : 42
Posterior realizations   : 100
Fixed diffusion noise    : True
Timestep fraction        : 0.75
Resume mode              : False

External dataset
------------------------------------------------------------------------------
Specification            : /Users/bhanugarg/archive/BraTS2020_ValidationData/MICCAI_BraTS2020_ValidationData/validation_dataset.yaml
Dataset root             : /Users/bhanugarg/archive/BraTS2020_ValidationData/MICCAI_BraTS2020_ValidationData
Registered subjects      : 125

Evaluation manifest
------------------------------------------------------------------------------
Manifest                 : /Users/bhanugarg/Desktop/localized-medical-image-synthesis/downstream_evaluation/manifests/br_lora_library_design_10000/batches/batch_0035_external_evaluation_manifest.csv
Cases                    : 250

BR-LoRA
------------------------------------------------------------------------------
Variational modules      : 7
Variational parameters   : 36,104
Donor image channel      : 0

Provenance
------------------------------------------------------------------------------
Git commit               : 35f169f8d879ca3e8fff921419a96451e704ba28
Future output directory  : /Users/bhanugarg/archive/br_lora_library_staging/batch_0035

==============================================================================
CONSTRUCTION VERDICT: PASS
The fitted BR-LoRA checkpoint, registered external dataset, fixed evaluation manifest, and diffusion schedule were constructed successfully.
==============================================================================

==============================================================================
RUNNING EXTERNAL POSTERIOR INFERENCE
==============================================================================

[1/250] synthetic_008501
  Case seed              : 327337471
  External subject       : BraTS20_Validation_106
  External slice         : 114
  Donor mask pixels      : 1143
  Posterior stack        : (100, 1, 1, 240, 240)
  Case output            : /Users/bhanugarg/archive/br_lora_library_staging/batch_0035/synthetic_008501
  Verdict                : PASS

[2/250] synthetic_008502
  Case seed              : 1519837575
  External subject       : BraTS20_Validation_106
  External slice         : 115
  Donor mask pixels      : 1735
  Posterior stack        : (100, 1, 1, 240, 240)
  Case output            : /Users/bhanugarg/archive/br_lora_library_staging/batch_0035/synthetic_008502
  Verdict                : PASS

[3/250] synthetic_008503
  Case seed              : 35952728
  External subject       : BraTS20_Validation_106
  External slice         : 116
  Donor mask pixels      : 724
  Posterior stack        : (100, 1, 1, 240, 240)
  Case output            : /Users/bhanugarg/archive/br_lora_library_staging/batch_0035/synthetic_008503
  Verdict                : PASS

[4/250] synthetic_008504
  Case seed              : 1200565190
  External subject       : BraTS20_Validation_106
  External slice         : 117
  Donor mask pixels      : 1216
  Posterior stack        : (100, 1, 1, 240, 240)
  Case output            : /Users/bhanugarg/archive/br_lora_library_staging/batch_0035/synthetic_008504
  Verdict                : PASS

[5/250] synthetic_008505
  Case seed              : 104374490
  External subject       : BraTS20_Validation_106
  External slice         : 118
  Donor mask pixels      : 516
  Posterior stack        : (100, 1, 1, 240, 240)
  Case output            : /Users/bhanugarg/archive/br_lora_library_staging/batch_0035/synthetic_008505
  Verdict                : PASS

[6/250] synthetic_008506
  Case seed              : 79263690
  External subject       : BraTS20_Validation_106
  External slice         : 119
  Donor mask pixels      : 939
  Posterior stack        : (100, 1, 1, 240, 240)
  Case output            : /Users/bhanugarg/archive/br_lora_library_staging/batch_0035/synthetic_008506
  Verdict                : PASS

[7/250] synthetic_008507
  Case seed              : 1261216696
  External subject       : BraTS20_Validation_106
  External slice         : 120
  Donor mask pixels      : 1080
  Posterior stack        : (100, 1, 1, 240, 240)
  Case output            : /Users/bhanugarg/archive/br_lora_library_staging/batch_0035/synthetic_008507
  Verdict                : PASS

[8/250] synthetic_008508
  Case seed              : 1134117917
  External subject       : BraTS20_Validation_106
  External slice         : 121
  Donor mask pixels      : 1262
  Posterior stack        : (100, 1, 1, 240, 240)
  Case output            : /Users/bhanugarg/archive/br_lora_library_staging/batch_0035/synthetic_008508
  Verdict                : PASS

[9/250] synthetic_008509
  Case seed              : 1957345320
  External subject       : BraTS20_Validation_106
  External slice         : 122
  Donor mask pixels      : 935
  Posterior stack        : (100, 1, 1, 240, 240)
  Case output            : /Users/bhanugarg/archive/br_lora_library_staging/batch_0035/synthetic_008509
  Verdict                : PASS

[10/250] synthetic_008510
  Case seed              : 666325230
  External subject       : BraTS20_Validation_106
  External slice         : 123
  Donor mask pixels      : 1359
  Posterior stack        : (100, 1, 1, 240, 240)
  Case output            : /Users/bhanugarg/archive/br_lora_library_staging/batch_0035/synthetic_008510
  Verdict                : PASS

[11/250] synthetic_008511
  Case seed              : 79481157
  External subject       : BraTS20_Validation_106
  External slice         : 124
  Donor mask pixels      : 861
  Posterior stack        : (100, 1, 1, 240, 240)
  Case output            : /Users/bhanugarg/archive/br_lora_library_staging/batch_0035/synthetic_008511
  Verdict                : PASS

[12/250] synthetic_008512
  Case seed              : 1893566814
  External subject       : BraTS20_Validation_106
  External slice         : 125
  Donor mask pixels      : 1798
  Posterior stack        : (100, 1, 1, 240, 240)
  Case output            : /Users/bhanugarg/archive/br_lora_library_staging/batch_0035/synthetic_008512
  Verdict                : PASS

[13/250] synthetic_008513
  Case seed              : 622730987
  External subject       : BraTS20_Validation_106
  External slice         : 126
  Donor mask pixels      : 736
  Posterior stack        : (100, 1, 1, 240, 240)
  Case output            : /Users/bhanugarg/archive/br_lora_library_staging/batch_0035/synthetic_008513
  Verdict                : PASS

[14/250] synthetic_008514
  Case seed              : 381551692
  External subject       : BraTS20_Validation_106
  External slice         : 127
  Donor mask pixels      : 2263
  Posterior stack        : (100, 1, 1, 240, 240)
  Case output            : /Users/bhanugarg/archive/br_lora_library_staging/batch_0035/synthetic_008514
  Verdict                : PASS

[15/250] synthetic_008515
  Case seed              : 50888936
  External subject       : BraTS20_Validation_106
  External slice         : 128
  Donor mask pixels      : 745
  Posterior stack        : (100, 1, 1, 240, 240)
  Case output            : /Users/bhanugarg/archive/br_lora_library_staging/batch_0035/synthetic_008515
  Verdict                : PASS

[16/250] synthetic_008516
  Case seed              : 357694118
  External subject       : BraTS20_Validation_106
  External slice         : 129
  Donor mask pixels      : 1865
  Posterior stack        : (100, 1, 1, 240, 240)
  Case output            : /Users/bhanugarg/archive/br_lora_library_staging/batch_0035/synthetic_008516
  Verdict                : PASS

[17/250] synthetic_008517
  Case seed              : 387854279
  External subject       : BraTS20_Validation_106
  External slice         : 130
  Donor mask pixels      : 507
  Posterior stack        : (100, 1, 1, 240, 240)
  Case output            : /Users/bhanugarg/archive/br_lora_library_staging/batch_0035/synthetic_008517
  Verdict                : PASS

[18/250] synthetic_008518
  Case seed              : 1589249125
  External subject       : BraTS20_Validation_106
  External slice         : 131
  Donor mask pixels      : 785
  Posterior stack        : (100, 1, 1, 240, 240)
  Case output            : /Users/bhanugarg/archive/br_lora_library_staging/batch_0035/synthetic_008518
  Verdict                : PASS

[19/250] synthetic_008519
  Case seed              : 1384297004
  External subject       : BraTS20_Validation_107
  External slice         : 6
  Donor mask pixels      : 316
  Posterior stack        : (100, 1, 1, 240, 240)
  Case output            : /Users/bhanugarg/archive/br_lora_library_staging/batch_0035/synthetic_008519
  Verdict                : PASS

[20/250] synthetic_008520
  Case seed              : 737478057
  External subject       : BraTS20_Validation_107
  External slice         : 7
  Donor mask pixels      : 494
  Posterior stack        : (100, 1, 1, 240, 240)
  Case output            : /Users/bhanugarg/archive/br_lora_library_staging/batch_0035/synthetic_008520
  Verdict                : PASS

[21/250] synthetic_008521
  Case seed              : 1665392613
  External subject       : BraTS20_Validation_107
  External slice         : 8
  Donor mask pixels      : 669
  Posterior stack        : (100, 1, 1, 240, 240)
  Case output            : /Users/bhanugarg/archive/br_lora_library_staging/batch_0035/synthetic_008521
  Verdict                : PASS

[22/250] synthetic_008522
  Case seed              : 799879574
  External subject       : BraTS20_Validation_107
  External slice         : 9
  Donor mask pixels      : 986
  Posterior stack        : (100, 1, 1, 240, 240)
  Case output            : /Users/bhanugarg/archive/br_lora_library_staging/batch_0035/synthetic_008522
  Verdict                : PASS

[23/250] synthetic_008523
  Case seed              : 4061633
  External subject       : BraTS20_Validation_107
  External slice         : 10
  Donor mask pixels      : 1411
  Posterior stack        : (100, 1, 1, 240, 240)
  Case output            : /Users/bhanugarg/archive/br_lora_library_staging/batch_0035/synthetic_008523
  Verdict                : PASS

[24/250] synthetic_008524
  Case seed              : 891004799
  External subject       : BraTS20_Validation_107
  External slice         : 11
  Donor mask pixels      : 1121
  Posterior stack        : (100, 1, 1, 240, 240)
  Case output            : /Users/bhanugarg/archive/br_lora_library_staging/batch_0035/synthetic_008524
  Verdict                : PASS

[25/250] synthetic_008525
  Case seed              : 501917831
  External subject       : BraTS20_Validation_107
  External slice         : 12
  Donor mask pixels      : 739
  Posterior stack        : (100, 1, 1, 240, 240)
  Case output            : /Users/bhanugarg/archive/br_lora_library_staging/batch_0035/synthetic_008525
  Verdict                : PASS

[26/250] synthetic_008526
  Case seed              : 1927564250
  External subject       : BraTS20_Validation_107
  External slice         : 13
  Donor mask pixels      : 829
  Posterior stack        : (100, 1, 1, 240, 240)
  Case output            : /Users/bhanugarg/archive/br_lora_library_staging/batch_0035/synthetic_008526
  Verdict                : PASS

[27/250] synthetic_008527
  Case seed              : 1160869324
  External subject       : BraTS20_Validation_107
  External slice         : 14
  Donor mask pixels      : 1508
  Posterior stack        : (100, 1, 1, 240, 240)
  Case output            : /Users/bhanugarg/archive/br_lora_library_staging/batch_0035/synthetic_008527
  Verdict                : PASS

[28/250] synthetic_008528
  Case seed              : 1438353845
  External subject       : BraTS20_Validation_107
  External slice         : 15
  Donor mask pixels      : 1052
  Posterior stack        : (100, 1, 1, 240, 240)
  Case output            : /Users/bhanugarg/archive/br_lora_library_staging/batch_0035/synthetic_008528
  Verdict                : PASS

[29/250] synthetic_008529
  Case seed              : 431659479
  External subject       : BraTS20_Validation_107
  External slice         : 16
  Donor mask pixels      : 1211
  Posterior stack        : (100, 1, 1, 240, 240)
  Case output            : /Users/bhanugarg/archive/br_lora_library_staging/batch_0035/synthetic_008529
  Verdict                : PASS

[30/250] synthetic_008530
  Case seed              : 327402971
  External subject       : BraTS20_Validation_107
  External slice         : 17
  Donor mask pixels      : 745
  Posterior stack        : (100, 1, 1, 240, 240)
  Case output            : /Users/bhanugarg/archive/br_lora_library_staging/batch_0035/synthetic_008530
  Verdict                : PASS

[31/250] synthetic_008531
  Case seed              : 623064437
  External subject       : BraTS20_Validation_107
  External slice         : 18
  Donor mask pixels      : 1620
  Posterior stack        : (100, 1, 1, 240, 240)
  Case output            : /Users/bhanugarg/archive/br_lora_library_staging/batch_0035/synthetic_008531
  Verdict                : PASS

[32/250] synthetic_008532
  Case seed              : 1547604945
  External subject       : BraTS20_Validation_107
  External slice         : 19
  Donor mask pixels      : 1455
  Posterior stack        : (100, 1, 1, 240, 240)
  Case output            : /Users/bhanugarg/archive/br_lora_library_staging/batch_0035/synthetic_008532
  Verdict                : PASS

[33/250] synthetic_008533
  Case seed              : 1066071665
  External subject       : BraTS20_Validation_107
  External slice         : 20
  Donor mask pixels      : 797
  Posterior stack        : (100, 1, 1, 240, 240)
  Case output            : /Users/bhanugarg/archive/br_lora_library_staging/batch_0035/synthetic_008533
  Verdict                : PASS

[34/250] synthetic_008534
  Case seed              : 51807851
  External subject       : BraTS20_Validation_107
  External slice         : 21
  Donor mask pixels      : 1659
  Posterior stack        : (100, 1, 1, 240, 240)
  Case output            : /Users/bhanugarg/archive/br_lora_library_staging/batch_0035/synthetic_008534
  Verdict                : PASS

[35/250] synthetic_008535
  Case seed              : 1733747520
  External subject       : BraTS20_Validation_107
  External slice         : 22
  Donor mask pixels      : 1132
  Posterior stack        : (100, 1, 1, 240, 240)
  Case output            : /Users/bhanugarg/archive/br_lora_library_staging/batch_0035/synthetic_008535
  Verdict                : PASS

[36/250] synthetic_008536
  Case seed              : 849416992
  External subject       : BraTS20_Validation_107
  External slice         : 23
  Donor mask pixels      : 1259
  Posterior stack        : (100, 1, 1, 240, 240)
  Case output            : /Users/bhanugarg/archive/br_lora_library_staging/batch_0035/synthetic_008536
  Verdict                : PASS

[37/250] synthetic_008537
  Case seed              : 324356543
  External subject       : BraTS20_Validation_107
  External slice         : 24
  Donor mask pixels      : 1575
  Posterior stack        : (100, 1, 1, 240, 240)
  Case output            : /Users/bhanugarg/archive/br_lora_library_staging/batch_0035/synthetic_008537
  Verdict                : PASS

[38/250] synthetic_008538
  Case seed              : 1885996837
  External subject       : BraTS20_Validation_107
  External slice         : 25
  Donor mask pixels      : 1841
  Posterior stack        : (100, 1, 1, 240, 240)
  Case output            : /Users/bhanugarg/archive/br_lora_library_staging/batch_0035/synthetic_008538
  Verdict                : PASS

[39/250] synthetic_008539
  Case seed              : 979099240
  External subject       : BraTS20_Validation_107
  External slice         : 26
  Donor mask pixels      : 1109
  Posterior stack        : (100, 1, 1, 240, 240)
  Case output            : /Users/bhanugarg/archive/br_lora_library_staging/batch_0035/synthetic_008539
  Verdict                : PASS

[40/250] synthetic_008540
  Case seed              : 2007386054
  External subject       : BraTS20_Validation_107
  External slice         : 27
  Donor mask pixels      : 1319
  Posterior stack        : (100, 1, 1, 240, 240)
  Case output            : /Users/bhanugarg/archive/br_lora_library_staging/batch_0035/synthetic_008540
  Verdict                : PASS

[41/250] synthetic_008541
  Case seed              : 1037428375
  External subject       : BraTS20_Validation_107
  External slice         : 28
  Donor mask pixels      : 1442
  Posterior stack        : (100, 1, 1, 240, 240)
  Case output            : /Users/bhanugarg/archive/br_lora_library_staging/batch_0035/synthetic_008541
  Verdict                : PASS

[42/250] synthetic_008542
  Case seed              : 1020524425
  External subject       : BraTS20_Validation_107
  External slice         : 29
  Donor mask pixels      : 1517
  Posterior stack        : (100, 1, 1, 240, 240)
  Case output            : /Users/bhanugarg/archive/br_lora_library_staging/batch_0035/synthetic_008542
  Verdict                : PASS

[43/250] synthetic_008543
  Case seed              : 585438038
  External subject       : BraTS20_Validation_107
  External slice         : 30
  Donor mask pixels      : 1103
  Posterior stack        : (100, 1, 1, 240, 240)
  Case output            : /Users/bhanugarg/archive/br_lora_library_staging/batch_0035/synthetic_008543
  Verdict                : PASS

[44/250] synthetic_008544
  Case seed              : 102573509
  External subject       : BraTS20_Validation_107
  External slice         : 31
  Donor mask pixels      : 1089
  Posterior stack        : (100, 1, 1, 240, 240)
  Case output            : /Users/bhanugarg/archive/br_lora_library_staging/batch_0035/synthetic_008544
  Verdict                : PASS

[45/250] synthetic_008545
  Case seed              : 1207178970
  External subject       : BraTS20_Validation_107
  External slice         : 32
  Donor mask pixels      : 741
  Posterior stack        : (100, 1, 1, 240, 240)
  Case output            : /Users/bhanugarg/archive/br_lora_library_staging/batch_0035/synthetic_008545
  Verdict                : PASS

[46/250] synthetic_008546
  Case seed              : 1159677578
  External subject       : BraTS20_Validation_107
  External slice         : 33
  Donor mask pixels      : 3227
  Posterior stack        : (100, 1, 1, 240, 240)
  Case output            : /Users/bhanugarg/archive/br_lora_library_staging/batch_0035/synthetic_008546
  Verdict                : PASS

[47/250] synthetic_008547
  Case seed              : 1956677154
  External subject       : BraTS20_Validation_107
  External slice         : 34
  Donor mask pixels      : 1017
  Posterior stack        : (100, 1, 1, 240, 240)
  Case output            : /Users/bhanugarg/archive/br_lora_library_staging/batch_0035/synthetic_008547
  Verdict                : PASS

[48/250] synthetic_008548
  Case seed              : 1423392157
  External subject       : BraTS20_Validation_107
  External slice         : 35
  Donor mask pixels      : 1640
  Posterior stack        : (100, 1, 1, 240, 240)
  Case output            : /Users/bhanugarg/archive/br_lora_library_staging/batch_0035/synthetic_008548
  Verdict                : PASS

[49/250] synthetic_008549
  Case seed              : 604219509
  External subject       : BraTS20_Validation_107
  External slice         : 36
  Donor mask pixels      : 652
  Posterior stack        : (100, 1, 1, 240, 240)
  Case output            : /Users/bhanugarg/archive/br_lora_library_staging/batch_0035/synthetic_008549
  Verdict                : PASS

[50/250] synthetic_008550
  Case seed              : 872994179
  External subject       : BraTS20_Validation_107
  External slice         : 37
  Donor mask pixels      : 1597
  Posterior stack        : (100, 1, 1, 240, 240)
  Case output            : /Users/bhanugarg/archive/br_lora_library_staging/batch_0035/synthetic_008550
  Verdict                : PASS

[51/250] synthetic_008551
  Case seed              : 1966761750
  External subject       : BraTS20_Validation_107
  External slice         : 38
  Donor mask pixels      : 2963
  Posterior stack        : (100, 1, 1, 240, 240)
  Case output            : /Users/bhanugarg/archive/br_lora_library_staging/batch_0035/synthetic_008551
  Verdict                : PASS

[52/250] synthetic_008552
  Case seed              : 1146698544
  External subject       : BraTS20_Validation_107
  External slice         : 39
  Donor mask pixels      : 935
  Posterior stack        : (100, 1, 1, 240, 240)
  Case output            : /Users/bhanugarg/archive/br_lora_library_staging/batch_0035/synthetic_008552
  Verdict                : PASS

[53/250] synthetic_008553
  Case seed              : 2136190434
  External subject       : BraTS20_Validation_107
  External slice         : 40
  Donor mask pixels      : 2601
  Posterior stack        : (100, 1, 1, 240, 240)
  Case output            : /Users/bhanugarg/archive/br_lora_library_staging/batch_0035/synthetic_008553
  Verdict                : PASS

[54/250] synthetic_008554
  Case seed              : 1383370506
  External subject       : BraTS20_Validation_107
  External slice         : 41
  Donor mask pixels      : 1737
  Posterior stack        : (100, 1, 1, 240, 240)
  Case output            : /Users/bhanugarg/archive/br_lora_library_staging/batch_0035/synthetic_008554
  Verdict                : PASS

[55/250] synthetic_008555
  Case seed              : 1274858133
  External subject       : BraTS20_Validation_107
  External slice         : 103
  Donor mask pixels      : 3525
  Posterior stack        : (100, 1, 1, 240, 240)
  Case output            : /Users/bhanugarg/archive/br_lora_library_staging/batch_0035/synthetic_008555
  Verdict                : PASS

[56/250] synthetic_008556
  Case seed              : 675519684
  External subject       : BraTS20_Validation_107
  External slice         : 103
  Donor mask pixels      : 2827
  Posterior stack        : (100, 1, 1, 240, 240)
  Case output            : /Users/bhanugarg/archive/br_lora_library_staging/batch_0035/synthetic_008556
  Verdict                : PASS

[57/250] synthetic_008557
  Case seed              : 308142307
  External subject       : BraTS20_Validation_107
  External slice         : 104
  Donor mask pixels      : 3996
  Posterior stack        : (100, 1, 1, 240, 240)
  Case output            : /Users/bhanugarg/archive/br_lora_library_staging/batch_0035/synthetic_008557
  Verdict                : PASS

[58/250] synthetic_008558
  Case seed              : 827728979
  External subject       : BraTS20_Validation_107
  External slice         : 104
  Donor mask pixels      : 994
  Posterior stack        : (100, 1, 1, 240, 240)
  Case output            : /Users/bhanugarg/archive/br_lora_library_staging/batch_0035/synthetic_008558
  Verdict                : PASS

[59/250] synthetic_008559
  Case seed              : 736119023
  External subject       : BraTS20_Validation_107
  External slice         : 105
  Donor mask pixels      : 2762
  Posterior stack        : (100, 1, 1, 240, 240)
  Case output            : /Users/bhanugarg/archive/br_lora_library_staging/batch_0035/synthetic_008559
  Verdict                : PASS

[60/250] synthetic_008560
  Case seed              : 1075177399
  External subject       : BraTS20_Validation_107
  External slice         : 105
  Donor mask pixels      : 4067
  Posterior stack        : (100, 1, 1, 240, 240)
  Case output            : /Users/bhanugarg/archive/br_lora_library_staging/batch_0035/synthetic_008560
  Verdict                : PASS

[61/250] synthetic_008561
  Case seed              : 902251706
  External subject       : BraTS20_Validation_107
  External slice         : 106
  Donor mask pixels      : 1691
  Posterior stack        : (100, 1, 1, 240, 240)
  Case output            : /Users/bhanugarg/archive/br_lora_library_staging/batch_0035/synthetic_008561
  Verdict                : PASS

[62/250] synthetic_008562
  Case seed              : 663315087
  External subject       : BraTS20_Validation_107
  External slice         : 106
  Donor mask pixels      : 4219
  Posterior stack        : (100, 1, 1, 240, 240)
  Case output            : /Users/bhanugarg/archive/br_lora_library_staging/batch_0035/synthetic_008562
  Verdict                : PASS

[63/250] synthetic_008563
  Case seed              : 1646066493
  External subject       : BraTS20_Validation_107
  External slice         : 107
  Donor mask pixels      : 2096
  Posterior stack        : (100, 1, 1, 240, 240)
  Case output            : /Users/bhanugarg/archive/br_lora_library_staging/batch_0035/synthetic_008563
  Verdict                : PASS

[64/250] synthetic_008564
  Case seed              : 677240066
  External subject       : BraTS20_Validation_107
  External slice         : 107
  Donor mask pixels      : 2632
  Posterior stack        : (100, 1, 1, 240, 240)
  Case output            : /Users/bhanugarg/archive/br_lora_library_staging/batch_0035/synthetic_008564
  Verdict                : PASS

[65/250] synthetic_008565
  Case seed              : 1375659645
  External subject       : BraTS20_Validation_107
  External slice         : 108
  Donor mask pixels      : 1487
  Posterior stack        : (100, 1, 1, 240, 240)
  Case output            : /Users/bhanugarg/archive/br_lora_library_staging/batch_0035/synthetic_008565
  Verdict                : PASS

[66/250] synthetic_008566
  Case seed              : 640709492
  External subject       : BraTS20_Validation_107
  External slice         : 108
  Donor mask pixels      : 1848
  Posterior stack        : (100, 1, 1, 240, 240)
  Case output            : /Users/bhanugarg/archive/br_lora_library_staging/batch_0035/synthetic_008566
  Verdict                : PASS

[67/250] synthetic_008567
  Case seed              : 1883583955
  External subject       : BraTS20_Validation_107
  External slice         : 109
  Donor mask pixels      : 1903
  Posterior stack        : (100, 1, 1, 240, 240)
  Case output            : /Users/bhanugarg/archive/br_lora_library_staging/batch_0035/synthetic_008567
  Verdict                : PASS

[68/250] synthetic_008568
  Case seed              : 401673570
  External subject       : BraTS20_Validation_107
  External slice         : 109
  Donor mask pixels      : 1982
  Posterior stack        : (100, 1, 1, 240, 240)
  Case output            : /Users/bhanugarg/archive/br_lora_library_staging/batch_0035/synthetic_008568
  Verdict                : PASS

[69/250] synthetic_008569
  Case seed              : 2075298574
  External subject       : BraTS20_Validation_107
  External slice         : 110
  Donor mask pixels      : 2482
  Posterior stack        : (100, 1, 1, 240, 240)
  Case output            : /Users/bhanugarg/archive/br_lora_library_staging/batch_0035/synthetic_008569
  Verdict                : PASS

[70/250] synthetic_008570
  Case seed              : 1779824548
  External subject       : BraTS20_Validation_107
  External slice         : 111
  Donor mask pixels      : 327
  Posterior stack        : (100, 1, 1, 240, 240)
  Case output            : /Users/bhanugarg/archive/br_lora_library_staging/batch_0035/synthetic_008570
  Verdict                : PASS

[71/250] synthetic_008571
  Case seed              : 570108132
  External subject       : BraTS20_Validation_107
  External slice         : 111
  Donor mask pixels      : 1412
  Posterior stack        : (100, 1, 1, 240, 240)
  Case output            : /Users/bhanugarg/archive/br_lora_library_staging/batch_0035/synthetic_008571
  Verdict                : PASS

[72/250] synthetic_008572
  Case seed              : 396739770
  External subject       : BraTS20_Validation_107
  External slice         : 112
  Donor mask pixels      : 510
  Posterior stack        : (100, 1, 1, 240, 240)
  Case output            : /Users/bhanugarg/archive/br_lora_library_staging/batch_0035/synthetic_008572
  Verdict                : PASS

[73/250] synthetic_008573
  Case seed              : 440991732
  External subject       : BraTS20_Validation_107
  External slice         : 112
  Donor mask pixels      : 774
  Posterior stack        : (100, 1, 1, 240, 240)
  Case output            : /Users/bhanugarg/archive/br_lora_library_staging/batch_0035/synthetic_008573
  Verdict                : PASS

[74/250] synthetic_008574
  Case seed              : 823598953
  External subject       : BraTS20_Validation_107
  External slice         : 113
  Donor mask pixels      : 1492
  Posterior stack        : (100, 1, 1, 240, 240)
  Case output            : /Users/bhanugarg/archive/br_lora_library_staging/batch_0035/synthetic_008574
  Verdict                : PASS

[75/250] synthetic_008575
  Case seed              : 1788914035
  External subject       : BraTS20_Validation_107
  External slice         : 114
  Donor mask pixels      : 566
  Posterior stack        : (100, 1, 1, 240, 240)
  Case output            : /Users/bhanugarg/archive/br_lora_library_staging/batch_0035/synthetic_008575
  Verdict                : PASS

[76/250] synthetic_008576
  Case seed              : 775562539
  External subject       : BraTS20_Validation_107
  External slice         : 115
  Donor mask pixels      : 4952
  Posterior stack        : (100, 1, 1, 240, 240)
  Case output            : /Users/bhanugarg/archive/br_lora_library_staging/batch_0035/synthetic_008576
  Verdict                : PASS

[77/250] synthetic_008577
  Case seed              : 952576962
  External subject       : BraTS20_Validation_107
  External slice         : 116
  Donor mask pixels      : 3025
  Posterior stack        : (100, 1, 1, 240, 240)
  Case output            : /Users/bhanugarg/archive/br_lora_library_staging/batch_0035/synthetic_008577
  Verdict                : PASS

[78/250] synthetic_008578
  Case seed              : 1844082541
  External subject       : BraTS20_Validation_107
  External slice         : 117
  Donor mask pixels      : 3013
  Posterior stack        : (100, 1, 1, 240, 240)
  Case output            : /Users/bhanugarg/archive/br_lora_library_staging/batch_0035/synthetic_008578
  Verdict                : PASS

[79/250] synthetic_008579
  Case seed              : 884246543
  External subject       : BraTS20_Validation_107
  External slice         : 118
  Donor mask pixels      : 2886
  Posterior stack        : (100, 1, 1, 240, 240)
  Case output            : /Users/bhanugarg/archive/br_lora_library_staging/batch_0035/synthetic_008579
  Verdict                : PASS

[80/250] synthetic_008580
  Case seed              : 1826190873
  External subject       : BraTS20_Validation_107
  External slice         : 119
  Donor mask pixels      : 2328
  Posterior stack        : (100, 1, 1, 240, 240)
  Case output            : /Users/bhanugarg/archive/br_lora_library_staging/batch_0035/synthetic_008580
  Verdict                : PASS

[81/250] synthetic_008581
  Case seed              : 1003221311
  External subject       : BraTS20_Validation_107
  External slice         : 120
  Donor mask pixels      : 904
  Posterior stack        : (100, 1, 1, 240, 240)
  Case output            : /Users/bhanugarg/archive/br_lora_library_staging/batch_0035/synthetic_008581
  Verdict                : PASS

[82/250] synthetic_008582
  Case seed              : 1257671846
  External subject       : BraTS20_Validation_107
  External slice         : 121
  Donor mask pixels      : 1811
  Posterior stack        : (100, 1, 1, 240, 240)
  Case output            : /Users/bhanugarg/archive/br_lora_library_staging/batch_0035/synthetic_008582
  Verdict                : PASS

[83/250] synthetic_008583
  Case seed              : 1853265663
  External subject       : BraTS20_Validation_107
  External slice         : 122
  Donor mask pixels      : 3094
  Posterior stack        : (100, 1, 1, 240, 240)
  Case output            : /Users/bhanugarg/archive/br_lora_library_staging/batch_0035/synthetic_008583
  Verdict                : PASS

[84/250] synthetic_008584
  Case seed              : 1896448720
  External subject       : BraTS20_Validation_107
  External slice         : 123
  Donor mask pixels      : 973
  Posterior stack        : (100, 1, 1, 240, 240)
  Case output            : /Users/bhanugarg/archive/br_lora_library_staging/batch_0035/synthetic_008584
  Verdict                : PASS

[85/250] synthetic_008585
  Case seed              : 575840707
  External subject       : BraTS20_Validation_107
  External slice         : 124
  Donor mask pixels      : 716
  Posterior stack        : (100, 1, 1, 240, 240)
  Case output            : /Users/bhanugarg/archive/br_lora_library_staging/batch_0035/synthetic_008585
  Verdict                : PASS

[86/250] synthetic_008586
  Case seed              : 57548540
  External subject       : BraTS20_Validation_107
  External slice         : 125
  Donor mask pixels      : 994
  Posterior stack        : (100, 1, 1, 240, 240)
  Case output            : /Users/bhanugarg/archive/br_lora_library_staging/batch_0035/synthetic_008586
  Verdict                : PASS

[87/250] synthetic_008587
  Case seed              : 102011977
  External subject       : BraTS20_Validation_107
  External slice         : 126
  Donor mask pixels      : 443
  Posterior stack        : (100, 1, 1, 240, 240)
  Case output            : /Users/bhanugarg/archive/br_lora_library_staging/batch_0035/synthetic_008587
  Verdict                : PASS

[88/250] synthetic_008588
  Case seed              : 1677309246
  External subject       : BraTS20_Validation_107
  External slice         : 127
  Donor mask pixels      : 2310
  Posterior stack        : (100, 1, 1, 240, 240)
  Case output            : /Users/bhanugarg/archive/br_lora_library_staging/batch_0035/synthetic_008588
  Verdict                : PASS

[89/250] synthetic_008589
  Case seed              : 106284897
  External subject       : BraTS20_Validation_107
  External slice         : 128
  Donor mask pixels      : 1120
  Posterior stack        : (100, 1, 1, 240, 240)
  Case output            : /Users/bhanugarg/archive/br_lora_library_staging/batch_0035/synthetic_008589
  Verdict                : PASS

[90/250] synthetic_008590
  Case seed              : 1069280728
  External subject       : BraTS20_Validation_107
  External slice         : 129
  Donor mask pixels      : 1068
  Posterior stack        : (100, 1, 1, 240, 240)
  Case output            : /Users/bhanugarg/archive/br_lora_library_staging/batch_0035/synthetic_008590
  Verdict                : PASS

[91/250] synthetic_008591
  Case seed              : 1319170341
  External subject       : BraTS20_Validation_107
  External slice         : 130
  Donor mask pixels      : 945
  Posterior stack        : (100, 1, 1, 240, 240)
  Case output            : /Users/bhanugarg/archive/br_lora_library_staging/batch_0035/synthetic_008591
  Verdict                : PASS

[92/250] synthetic_008592
  Case seed              : 620189990
  External subject       : BraTS20_Validation_107
  External slice         : 131
  Donor mask pixels      : 700
  Posterior stack        : (100, 1, 1, 240, 240)
  Case output            : /Users/bhanugarg/archive/br_lora_library_staging/batch_0035/synthetic_008592
  Verdict                : PASS

[93/250] synthetic_008593
  Case seed              : 2071097371
  External subject       : BraTS20_Validation_107
  External slice         : 132
  Donor mask pixels      : 966
  Posterior stack        : (100, 1, 1, 240, 240)
  Case output            : /Users/bhanugarg/archive/br_lora_library_staging/batch_0035/synthetic_008593
  Verdict                : PASS

[94/250] synthetic_008594
  Case seed              : 1017709636
  External subject       : BraTS20_Validation_107
  External slice         : 133
  Donor mask pixels      : 1157
  Posterior stack        : (100, 1, 1, 240, 240)
  Case output            : /Users/bhanugarg/archive/br_lora_library_staging/batch_0035/synthetic_008594
  Verdict                : PASS

[95/250] synthetic_008595
  Case seed              : 1036256016
  External subject       : BraTS20_Validation_107
  External slice         : 135
  Donor mask pixels      : 903
  Posterior stack        : (100, 1, 1, 240, 240)
  Case output            : /Users/bhanugarg/archive/br_lora_library_staging/batch_0035/synthetic_008595
  Verdict                : PASS

[96/250] synthetic_008596
  Case seed              : 1718507099
  External subject       : BraTS20_Validation_107
  External slice         : 136
  Donor mask pixels      : 321
  Posterior stack        : (100, 1, 1, 240, 240)
  Case output            : /Users/bhanugarg/archive/br_lora_library_staging/batch_0035/synthetic_008596
  Verdict                : PASS

[97/250] synthetic_008597
  Case seed              : 386824359
  External subject       : BraTS20_Validation_108
  External slice         : 1
  Donor mask pixels      : 998
  Posterior stack        : (100, 1, 1, 240, 240)
  Case output            : /Users/bhanugarg/archive/br_lora_library_staging/batch_0035/synthetic_008597
  Verdict                : PASS

[98/250] synthetic_008598
  Case seed              : 842863635
  External subject       : BraTS20_Validation_108
  External slice         : 2
  Donor mask pixels      : 869
  Posterior stack        : (100, 1, 1, 240, 240)
  Case output            : /Users/bhanugarg/archive/br_lora_library_staging/batch_0035/synthetic_008598
  Verdict                : PASS

[99/250] synthetic_008599
  Case seed              : 880008532
  External subject       : BraTS20_Validation_108
  External slice         : 3
  Donor mask pixels      : 484
  Posterior stack        : (100, 1, 1, 240, 240)
  Case output            : /Users/bhanugarg/archive/br_lora_library_staging/batch_0035/synthetic_008599
  Verdict                : PASS

[100/250] synthetic_008600
  Case seed              : 263954524
  External subject       : BraTS20_Validation_108
  External slice         : 4
  Donor mask pixels      : 472
  Posterior stack        : (100, 1, 1, 240, 240)
  Case output            : /Users/bhanugarg/archive/br_lora_library_staging/batch_0035/synthetic_008600
  Verdict                : PASS

[101/250] synthetic_008601
  Case seed              : 460500142
  External subject       : BraTS20_Validation_108
  External slice         : 5
  Donor mask pixels      : 902
  Posterior stack        : (100, 1, 1, 240, 240)
  Case output            : /Users/bhanugarg/archive/br_lora_library_staging/batch_0035/synthetic_008601
  Verdict                : PASS

[102/250] synthetic_008602
  Case seed              : 642038270
  External subject       : BraTS20_Validation_108
  External slice         : 6
  Donor mask pixels      : 1450
  Posterior stack        : (100, 1, 1, 240, 240)
  Case output            : /Users/bhanugarg/archive/br_lora_library_staging/batch_0035/synthetic_008602
  Verdict                : PASS

[103/250] synthetic_008603
  Case seed              : 855842876
  External subject       : BraTS20_Validation_108
  External slice         : 6
  Donor mask pixels      : 1057
  Posterior stack        : (100, 1, 1, 240, 240)
  Case output            : /Users/bhanugarg/archive/br_lora_library_staging/batch_0035/synthetic_008603
  Verdict                : PASS

[104/250] synthetic_008604
  Case seed              : 1357813472
  External subject       : BraTS20_Validation_108
  External slice         : 7
  Donor mask pixels      : 606
  Posterior stack        : (100, 1, 1, 240, 240)
  Case output            : /Users/bhanugarg/archive/br_lora_library_staging/batch_0035/synthetic_008604
  Verdict                : PASS

[105/250] synthetic_008605
  Case seed              : 1876662241
  External subject       : BraTS20_Validation_108
  External slice         : 7
  Donor mask pixels      : 2521
  Posterior stack        : (100, 1, 1, 240, 240)
  Case output            : /Users/bhanugarg/archive/br_lora_library_staging/batch_0035/synthetic_008605
  Verdict                : PASS

[106/250] synthetic_008606
  Case seed              : 2071172866
  External subject       : BraTS20_Validation_108
  External slice         : 8
  Donor mask pixels      : 1893
  Posterior stack        : (100, 1, 1, 240, 240)
  Case output            : /Users/bhanugarg/archive/br_lora_library_staging/batch_0035/synthetic_008606
  Verdict                : PASS

[107/250] synthetic_008607
  Case seed              : 188494670
  External subject       : BraTS20_Validation_108
  External slice         : 8
  Donor mask pixels      : 933
  Posterior stack        : (100, 1, 1, 240, 240)
  Case output            : /Users/bhanugarg/archive/br_lora_library_staging/batch_0035/synthetic_008607
  Verdict                : PASS

[108/250] synthetic_008608
  Case seed              : 1363126691
  External subject       : BraTS20_Validation_108
  External slice         : 9
  Donor mask pixels      : 461
  Posterior stack        : (100, 1, 1, 240, 240)
  Case output            : /Users/bhanugarg/archive/br_lora_library_staging/batch_0035/synthetic_008608
  Verdict                : PASS

[109/250] synthetic_008609
  Case seed              : 2063698853
  External subject       : BraTS20_Validation_108
  External slice         : 9
  Donor mask pixels      : 1679
  Posterior stack        : (100, 1, 1, 240, 240)
  Case output            : /Users/bhanugarg/archive/br_lora_library_staging/batch_0035/synthetic_008609
  Verdict                : PASS

[110/250] synthetic_008610
  Case seed              : 1831338917
  External subject       : BraTS20_Validation_108
  External slice         : 10
  Donor mask pixels      : 497
  Posterior stack        : (100, 1, 1, 240, 240)
  Case output            : /Users/bhanugarg/archive/br_lora_library_staging/batch_0035/synthetic_008610
  Verdict                : PASS

[111/250] synthetic_008611
  Case seed              : 794843172
  External subject       : BraTS20_Validation_108
  External slice         : 10
  Donor mask pixels      : 358
  Posterior stack        : (100, 1, 1, 240, 240)
  Case output            : /Users/bhanugarg/archive/br_lora_library_staging/batch_0035/synthetic_008611
  Verdict                : PASS

[112/250] synthetic_008612
  Case seed              : 621404766
  External subject       : BraTS20_Validation_108
  External slice         : 11
  Donor mask pixels      : 1067
  Posterior stack        : (100, 1, 1, 240, 240)
  Case output            : /Users/bhanugarg/archive/br_lora_library_staging/batch_0035/synthetic_008612
  Verdict                : PASS

[113/250] synthetic_008613
  Case seed              : 1556690755
  External subject       : BraTS20_Validation_108
  External slice         : 11
  Donor mask pixels      : 2106
  Posterior stack        : (100, 1, 1, 240, 240)
  Case output            : /Users/bhanugarg/archive/br_lora_library_staging/batch_0035/synthetic_008613
  Verdict                : PASS

[114/250] synthetic_008614
  Case seed              : 90334835
  External subject       : BraTS20_Validation_108
  External slice         : 12
  Donor mask pixels      : 540
  Posterior stack        : (100, 1, 1, 240, 240)
  Case output            : /Users/bhanugarg/archive/br_lora_library_staging/batch_0035/synthetic_008614
  Verdict                : PASS

[115/250] synthetic_008615
  Case seed              : 1234010651
  External subject       : BraTS20_Validation_108
  External slice         : 12
  Donor mask pixels      : 902
  Posterior stack        : (100, 1, 1, 240, 240)
  Case output            : /Users/bhanugarg/archive/br_lora_library_staging/batch_0035/synthetic_008615
  Verdict                : PASS

[116/250] synthetic_008616
  Case seed              : 101947021
  External subject       : BraTS20_Validation_108
  External slice         : 13
  Donor mask pixels      : 645
  Posterior stack        : (100, 1, 1, 240, 240)
  Case output            : /Users/bhanugarg/archive/br_lora_library_staging/batch_0035/synthetic_008616
  Verdict                : PASS

[117/250] synthetic_008617
  Case seed              : 387150621
  External subject       : BraTS20_Validation_108
  External slice         : 13
  Donor mask pixels      : 2080
  Posterior stack        : (100, 1, 1, 240, 240)
  Case output            : /Users/bhanugarg/archive/br_lora_library_staging/batch_0035/synthetic_008617
  Verdict                : PASS

[118/250] synthetic_008618
  Case seed              : 1852361137
  External subject       : BraTS20_Validation_108
  External slice         : 14
  Donor mask pixels      : 1101
  Posterior stack        : (100, 1, 1, 240, 240)
  Case output            : /Users/bhanugarg/archive/br_lora_library_staging/batch_0035/synthetic_008618
  Verdict                : PASS

[119/250] synthetic_008619
  Case seed              : 1139660170
  External subject       : BraTS20_Validation_108
  External slice         : 14
  Donor mask pixels      : 1162
  Posterior stack        : (100, 1, 1, 240, 240)
  Case output            : /Users/bhanugarg/archive/br_lora_library_staging/batch_0035/synthetic_008619
  Verdict                : PASS

[120/250] synthetic_008620
  Case seed              : 1168250117
  External subject       : BraTS20_Validation_108
  External slice         : 15
  Donor mask pixels      : 973
  Posterior stack        : (100, 1, 1, 240, 240)
  Case output            : /Users/bhanugarg/archive/br_lora_library_staging/batch_0035/synthetic_008620
  Verdict                : PASS

[121/250] synthetic_008621
  Case seed              : 4979706
  External subject       : BraTS20_Validation_108
  External slice         : 15
  Donor mask pixels      : 758
  Posterior stack        : (100, 1, 1, 240, 240)
  Case output            : /Users/bhanugarg/archive/br_lora_library_staging/batch_0035/synthetic_008621
  Verdict                : PASS

[122/250] synthetic_008622
  Case seed              : 1561120377
  External subject       : BraTS20_Validation_108
  External slice         : 16
  Donor mask pixels      : 1580
  Posterior stack        : (100, 1, 1, 240, 240)
  Case output            : /Users/bhanugarg/archive/br_lora_library_staging/batch_0035/synthetic_008622
  Verdict                : PASS

[123/250] synthetic_008623
  Case seed              : 1414053211
  External subject       : BraTS20_Validation_108
  External slice         : 16
  Donor mask pixels      : 933
  Posterior stack        : (100, 1, 1, 240, 240)
  Case output            : /Users/bhanugarg/archive/br_lora_library_staging/batch_0035/synthetic_008623
  Verdict                : PASS

[124/250] synthetic_008624
  Case seed              : 655534978
  External subject       : BraTS20_Validation_108
  External slice         : 17
  Donor mask pixels      : 971
  Posterior stack        : (100, 1, 1, 240, 240)
  Case output            : /Users/bhanugarg/archive/br_lora_library_staging/batch_0035/synthetic_008624
  Verdict                : PASS

[125/250] synthetic_008625
  Case seed              : 1750774510
  External subject       : BraTS20_Validation_108
  External slice         : 17
  Donor mask pixels      : 1038
  Posterior stack        : (100, 1, 1, 240, 240)
  Case output            : /Users/bhanugarg/archive/br_lora_library_staging/batch_0035/synthetic_008625
  Verdict                : PASS

[126/250] synthetic_008626
  Case seed              : 26828180
  External subject       : BraTS20_Validation_108
  External slice         : 18
  Donor mask pixels      : 1527
  Posterior stack        : (100, 1, 1, 240, 240)
  Case output            : /Users/bhanugarg/archive/br_lora_library_staging/batch_0035/synthetic_008626
  Verdict                : PASS

[127/250] synthetic_008627
  Case seed              : 1401767022
  External subject       : BraTS20_Validation_108
  External slice         : 18
  Donor mask pixels      : 1468
  Posterior stack        : (100, 1, 1, 240, 240)
  Case output            : /Users/bhanugarg/archive/br_lora_library_staging/batch_0035/synthetic_008627
  Verdict                : PASS

[128/250] synthetic_008628
  Case seed              : 829902204
  External subject       : BraTS20_Validation_108
  External slice         : 19
  Donor mask pixels      : 789
  Posterior stack        : (100, 1, 1, 240, 240)
  Case output            : /Users/bhanugarg/archive/br_lora_library_staging/batch_0035/synthetic_008628
  Verdict                : PASS

[129/250] synthetic_008629
  Case seed              : 338873979
  External subject       : BraTS20_Validation_108
  External slice         : 19
  Donor mask pixels      : 571
  Posterior stack        : (100, 1, 1, 240, 240)
  Case output            : /Users/bhanugarg/archive/br_lora_library_staging/batch_0035/synthetic_008629
  Verdict                : PASS

[130/250] synthetic_008630
  Case seed              : 1689134422
  External subject       : BraTS20_Validation_108
  External slice         : 20
  Donor mask pixels      : 1793
  Posterior stack        : (100, 1, 1, 240, 240)
  Case output            : /Users/bhanugarg/archive/br_lora_library_staging/batch_0035/synthetic_008630
  Verdict                : PASS

[131/250] synthetic_008631
  Case seed              : 925645483
  External subject       : BraTS20_Validation_108
  External slice         : 20
  Donor mask pixels      : 1763
  Posterior stack        : (100, 1, 1, 240, 240)
  Case output            : /Users/bhanugarg/archive/br_lora_library_staging/batch_0035/synthetic_008631
  Verdict                : PASS

[132/250] synthetic_008632
  Case seed              : 1682880222
  External subject       : BraTS20_Validation_108
  External slice         : 21
  Donor mask pixels      : 664
  Posterior stack        : (100, 1, 1, 240, 240)
  Case output            : /Users/bhanugarg/archive/br_lora_library_staging/batch_0035/synthetic_008632
  Verdict                : PASS

[133/250] synthetic_008633
  Case seed              : 324434220
  External subject       : BraTS20_Validation_108
  External slice         : 21
  Donor mask pixels      : 843
  Posterior stack        : (100, 1, 1, 240, 240)
  Case output            : /Users/bhanugarg/archive/br_lora_library_staging/batch_0035/synthetic_008633
  Verdict                : PASS

[134/250] synthetic_008634
  Case seed              : 1558685109
  External subject       : BraTS20_Validation_108
  External slice         : 22
  Donor mask pixels      : 2439
  Posterior stack        : (100, 1, 1, 240, 240)
  Case output            : /Users/bhanugarg/archive/br_lora_library_staging/batch_0035/synthetic_008634
  Verdict                : PASS

[135/250] synthetic_008635
  Case seed              : 848278545
  External subject       : BraTS20_Validation_108
  External slice         : 22
  Donor mask pixels      : 3499
  Posterior stack        : (100, 1, 1, 240, 240)
  Case output            : /Users/bhanugarg/archive/br_lora_library_staging/batch_0035/synthetic_008635
  Verdict                : PASS

[136/250] synthetic_008636
  Case seed              : 249496625
  External subject       : BraTS20_Validation_108
  External slice         : 23
  Donor mask pixels      : 374
  Posterior stack        : (100, 1, 1, 240, 240)
  Case output            : /Users/bhanugarg/archive/br_lora_library_staging/batch_0035/synthetic_008636
  Verdict                : PASS

[137/250] synthetic_008637
  Case seed              : 534132476
  External subject       : BraTS20_Validation_108
  External slice         : 23
  Donor mask pixels      : 1058
  Posterior stack        : (100, 1, 1, 240, 240)
  Case output            : /Users/bhanugarg/archive/br_lora_library_staging/batch_0035/synthetic_008637
  Verdict                : PASS

[138/250] synthetic_008638
  Case seed              : 107709617
  External subject       : BraTS20_Validation_108
  External slice         : 24
  Donor mask pixels      : 429
  Posterior stack        : (100, 1, 1, 240, 240)
  Case output            : /Users/bhanugarg/archive/br_lora_library_staging/batch_0035/synthetic_008638
  Verdict                : PASS

[139/250] synthetic_008639
  Case seed              : 1948845554
  External subject       : BraTS20_Validation_108
  External slice         : 24
  Donor mask pixels      : 1008
  Posterior stack        : (100, 1, 1, 240, 240)
  Case output            : /Users/bhanugarg/archive/br_lora_library_staging/batch_0035/synthetic_008639
  Verdict                : PASS

[140/250] synthetic_008640
  Case seed              : 1165655315
  External subject       : BraTS20_Validation_108
  External slice         : 25
  Donor mask pixels      : 1379
  Posterior stack        : (100, 1, 1, 240, 240)
  Case output            : /Users/bhanugarg/archive/br_lora_library_staging/batch_0035/synthetic_008640
  Verdict                : PASS

[141/250] synthetic_008641
  Case seed              : 1409609756
  External subject       : BraTS20_Validation_108
  External slice         : 25
  Donor mask pixels      : 1199
  Posterior stack        : (100, 1, 1, 240, 240)
  Case output            : /Users/bhanugarg/archive/br_lora_library_staging/batch_0035/synthetic_008641
  Verdict                : PASS

[142/250] synthetic_008642
  Case seed              : 1674227769
  External subject       : BraTS20_Validation_108
  External slice         : 26
  Donor mask pixels      : 1831
  Posterior stack        : (100, 1, 1, 240, 240)
  Case output            : /Users/bhanugarg/archive/br_lora_library_staging/batch_0035/synthetic_008642
  Verdict                : PASS

[143/250] synthetic_008643
  Case seed              : 205889076
  External subject       : BraTS20_Validation_108
  External slice         : 27
  Donor mask pixels      : 530
  Posterior stack        : (100, 1, 1, 240, 240)
  Case output            : /Users/bhanugarg/archive/br_lora_library_staging/batch_0035/synthetic_008643
  Verdict                : PASS

[144/250] synthetic_008644
  Case seed              : 1479181553
  External subject       : BraTS20_Validation_108
  External slice         : 27
  Donor mask pixels      : 441
  Posterior stack        : (100, 1, 1, 240, 240)
  Case output            : /Users/bhanugarg/archive/br_lora_library_staging/batch_0035/synthetic_008644
  Verdict                : PASS

[145/250] synthetic_008645
  Case seed              : 1769675097
  External subject       : BraTS20_Validation_108
  External slice         : 28
  Donor mask pixels      : 1176
  Posterior stack        : (100, 1, 1, 240, 240)
  Case output            : /Users/bhanugarg/archive/br_lora_library_staging/batch_0035/synthetic_008645
  Verdict                : PASS

[146/250] synthetic_008646
  Case seed              : 763257347
  External subject       : BraTS20_Validation_108
  External slice         : 28
  Donor mask pixels      : 715
  Posterior stack        : (100, 1, 1, 240, 240)
  Case output            : /Users/bhanugarg/archive/br_lora_library_staging/batch_0035/synthetic_008646
  Verdict                : PASS

[147/250] synthetic_008647
  Case seed              : 853532395
  External subject       : BraTS20_Validation_108
  External slice         : 29
  Donor mask pixels      : 544
  Posterior stack        : (100, 1, 1, 240, 240)
  Case output            : /Users/bhanugarg/archive/br_lora_library_staging/batch_0035/synthetic_008647
  Verdict                : PASS

[148/250] synthetic_008648
  Case seed              : 2127144011
  External subject       : BraTS20_Validation_108
  External slice         : 29
  Donor mask pixels      : 815
  Posterior stack        : (100, 1, 1, 240, 240)
  Case output            : /Users/bhanugarg/archive/br_lora_library_staging/batch_0035/synthetic_008648
  Verdict                : PASS

[149/250] synthetic_008649
  Case seed              : 2065080155
  External subject       : BraTS20_Validation_108
  External slice         : 30
  Donor mask pixels      : 1095
  Posterior stack        : (100, 1, 1, 240, 240)
  Case output            : /Users/bhanugarg/archive/br_lora_library_staging/batch_0035/synthetic_008649
  Verdict                : PASS

[150/250] synthetic_008650
  Case seed              : 22360868
  External subject       : BraTS20_Validation_108
  External slice         : 30
  Donor mask pixels      : 935
  Posterior stack        : (100, 1, 1, 240, 240)
  Case output            : /Users/bhanugarg/archive/br_lora_library_staging/batch_0035/synthetic_008650
  Verdict                : PASS

[151/250] synthetic_008651
  Case seed              : 1340304855
  External subject       : BraTS20_Validation_108
  External slice         : 124
  Donor mask pixels      : 626
  Posterior stack        : (100, 1, 1, 240, 240)
  Case output            : /Users/bhanugarg/archive/br_lora_library_staging/batch_0035/synthetic_008651
  Verdict                : PASS

[152/250] synthetic_008652
  Case seed              : 1755979622
  External subject       : BraTS20_Validation_108
  External slice         : 124
  Donor mask pixels      : 5090
  Posterior stack        : (100, 1, 1, 240, 240)
  Case output            : /Users/bhanugarg/archive/br_lora_library_staging/batch_0035/synthetic_008652
  Verdict                : PASS

[153/250] synthetic_008653
  Case seed              : 1208212001
  External subject       : BraTS20_Validation_108
  External slice         : 125
  Donor mask pixels      : 337
  Posterior stack        : (100, 1, 1, 240, 240)
  Case output            : /Users/bhanugarg/archive/br_lora_library_staging/batch_0035/synthetic_008653
  Verdict                : PASS

[154/250] synthetic_008654
  Case seed              : 860907791
  External subject       : BraTS20_Validation_108
  External slice         : 125
  Donor mask pixels      : 3297
  Posterior stack        : (100, 1, 1, 240, 240)
  Case output            : /Users/bhanugarg/archive/br_lora_library_staging/batch_0035/synthetic_008654
  Verdict                : PASS

[155/250] synthetic_008655
  Case seed              : 678955779
  External subject       : BraTS20_Validation_108
  External slice         : 126
  Donor mask pixels      : 2144
  Posterior stack        : (100, 1, 1, 240, 240)
  Case output            : /Users/bhanugarg/archive/br_lora_library_staging/batch_0035/synthetic_008655
  Verdict                : PASS

[156/250] synthetic_008656
  Case seed              : 1244072141
  External subject       : BraTS20_Validation_108
  External slice         : 126
  Donor mask pixels      : 1280
  Posterior stack        : (100, 1, 1, 240, 240)
  Case output            : /Users/bhanugarg/archive/br_lora_library_staging/batch_0035/synthetic_008656
  Verdict                : PASS

[157/250] synthetic_008657
  Case seed              : 1005224539
  External subject       : BraTS20_Validation_108
  External slice         : 127
  Donor mask pixels      : 2553
  Posterior stack        : (100, 1, 1, 240, 240)
  Case output            : /Users/bhanugarg/archive/br_lora_library_staging/batch_0035/synthetic_008657
  Verdict                : PASS

[158/250] synthetic_008658
  Case seed              : 416650204
  External subject       : BraTS20_Validation_108
  External slice         : 127
  Donor mask pixels      : 969
  Posterior stack        : (100, 1, 1, 240, 240)
  Case output            : /Users/bhanugarg/archive/br_lora_library_staging/batch_0035/synthetic_008658
  Verdict                : PASS

[159/250] synthetic_008659
  Case seed              : 1066066101
  External subject       : BraTS20_Validation_108
  External slice         : 128
  Donor mask pixels      : 1416
  Posterior stack        : (100, 1, 1, 240, 240)
  Case output            : /Users/bhanugarg/archive/br_lora_library_staging/batch_0035/synthetic_008659
  Verdict                : PASS

[160/250] synthetic_008660
  Case seed              : 1068040028
  External subject       : BraTS20_Validation_108
  External slice         : 128
  Donor mask pixels      : 1016
  Posterior stack        : (100, 1, 1, 240, 240)
  Case output            : /Users/bhanugarg/archive/br_lora_library_staging/batch_0035/synthetic_008660
  Verdict                : PASS

[161/250] synthetic_008661
  Case seed              : 613557034
  External subject       : BraTS20_Validation_108
  External slice         : 129
  Donor mask pixels      : 1159
  Posterior stack        : (100, 1, 1, 240, 240)
  Case output            : /Users/bhanugarg/archive/br_lora_library_staging/batch_0035/synthetic_008661
  Verdict                : PASS

[162/250] synthetic_008662
  Case seed              : 1867853367
  External subject       : BraTS20_Validation_108
  External slice         : 129
  Donor mask pixels      : 981
  Posterior stack        : (100, 1, 1, 240, 240)
  Case output            : /Users/bhanugarg/archive/br_lora_library_staging/batch_0035/synthetic_008662
  Verdict                : PASS

[163/250] synthetic_008663
  Case seed              : 169744143
  External subject       : BraTS20_Validation_108
  External slice         : 130
  Donor mask pixels      : 1208
  Posterior stack        : (100, 1, 1, 240, 240)
  Case output            : /Users/bhanugarg/archive/br_lora_library_staging/batch_0035/synthetic_008663
  Verdict                : PASS

[164/250] synthetic_008664
  Case seed              : 2104606648
  External subject       : BraTS20_Validation_108
  External slice         : 130
  Donor mask pixels      : 1867
  Posterior stack        : (100, 1, 1, 240, 240)
  Case output            : /Users/bhanugarg/archive/br_lora_library_staging/batch_0035/synthetic_008664
  Verdict                : PASS

[165/250] synthetic_008665
  Case seed              : 1819292739
  External subject       : BraTS20_Validation_108
  External slice         : 131
  Donor mask pixels      : 321
  Posterior stack        : (100, 1, 1, 240, 240)
  Case output            : /Users/bhanugarg/archive/br_lora_library_staging/batch_0035/synthetic_008665
  Verdict                : PASS

[166/250] synthetic_008666
  Case seed              : 1411772529
  External subject       : BraTS20_Validation_108
  External slice         : 131
  Donor mask pixels      : 558
  Posterior stack        : (100, 1, 1, 240, 240)
  Case output            : /Users/bhanugarg/archive/br_lora_library_staging/batch_0035/synthetic_008666
  Verdict                : PASS

[167/250] synthetic_008667
  Case seed              : 2034626675
  External subject       : BraTS20_Validation_108
  External slice         : 132
  Donor mask pixels      : 1730
  Posterior stack        : (100, 1, 1, 240, 240)
  Case output            : /Users/bhanugarg/archive/br_lora_library_staging/batch_0035/synthetic_008667
  Verdict                : PASS

[168/250] synthetic_008668
  Case seed              : 1514263476
  External subject       : BraTS20_Validation_108
  External slice         : 132
  Donor mask pixels      : 2360
  Posterior stack        : (100, 1, 1, 240, 240)
  Case output            : /Users/bhanugarg/archive/br_lora_library_staging/batch_0035/synthetic_008668
  Verdict                : PASS

[169/250] synthetic_008669
  Case seed              : 1234186565
  External subject       : BraTS20_Validation_108
  External slice         : 133
  Donor mask pixels      : 1406
  Posterior stack        : (100, 1, 1, 240, 240)
  Case output            : /Users/bhanugarg/archive/br_lora_library_staging/batch_0035/synthetic_008669
  Verdict                : PASS

[170/250] synthetic_008670
  Case seed              : 1443910530
  External subject       : BraTS20_Validation_108
  External slice         : 134
  Donor mask pixels      : 1848
  Posterior stack        : (100, 1, 1, 240, 240)
  Case output            : /Users/bhanugarg/archive/br_lora_library_staging/batch_0035/synthetic_008670
  Verdict                : PASS

[171/250] synthetic_008671
  Case seed              : 1061352755
  External subject       : BraTS20_Validation_108
  External slice         : 135
  Donor mask pixels      : 826
  Posterior stack        : (100, 1, 1, 240, 240)
  Case output            : /Users/bhanugarg/archive/br_lora_library_staging/batch_0035/synthetic_008671
  Verdict                : PASS

[172/250] synthetic_008672
  Case seed              : 1072713415
  External subject       : BraTS20_Validation_108
  External slice         : 136
  Donor mask pixels      : 674
  Posterior stack        : (100, 1, 1, 240, 240)
  Case output            : /Users/bhanugarg/archive/br_lora_library_staging/batch_0035/synthetic_008672
  Verdict                : PASS

[173/250] synthetic_008673
  Case seed              : 898123240
  External subject       : BraTS20_Validation_108
  External slice         : 137
  Donor mask pixels      : 872
  Posterior stack        : (100, 1, 1, 240, 240)
  Case output            : /Users/bhanugarg/archive/br_lora_library_staging/batch_0035/synthetic_008673
  Verdict                : PASS

[174/250] synthetic_008674
  Case seed              : 439256346
  External subject       : BraTS20_Validation_108
  External slice         : 138
  Donor mask pixels      : 603
  Posterior stack        : (100, 1, 1, 240, 240)
  Case output            : /Users/bhanugarg/archive/br_lora_library_staging/batch_0035/synthetic_008674
  Verdict                : PASS

[175/250] synthetic_008675
  Case seed              : 664432463
  External subject       : BraTS20_Validation_109
  External slice         : 3
  Donor mask pixels      : 414
  Posterior stack        : (100, 1, 1, 240, 240)
  Case output            : /Users/bhanugarg/archive/br_lora_library_staging/batch_0035/synthetic_008675
  Verdict                : PASS

[176/250] synthetic_008676
  Case seed              : 491005270
  External subject       : BraTS20_Validation_109
  External slice         : 4
  Donor mask pixels      : 657
  Posterior stack        : (100, 1, 1, 240, 240)
  Case output            : /Users/bhanugarg/archive/br_lora_library_staging/batch_0035/synthetic_008676
  Verdict                : PASS

[177/250] synthetic_008677
  Case seed              : 1750010270
  External subject       : BraTS20_Validation_109
  External slice         : 5
  Donor mask pixels      : 587
  Posterior stack        : (100, 1, 1, 240, 240)
  Case output            : /Users/bhanugarg/archive/br_lora_library_staging/batch_0035/synthetic_008677
  Verdict                : PASS

[178/250] synthetic_008678
  Case seed              : 293567691
  External subject       : BraTS20_Validation_109
  External slice         : 6
  Donor mask pixels      : 820
  Posterior stack        : (100, 1, 1, 240, 240)
  Case output            : /Users/bhanugarg/archive/br_lora_library_staging/batch_0035/synthetic_008678
  Verdict                : PASS

[179/250] synthetic_008679
  Case seed              : 1738962608
  External subject       : BraTS20_Validation_109
  External slice         : 8
  Donor mask pixels      : 440
  Posterior stack        : (100, 1, 1, 240, 240)
  Case output            : /Users/bhanugarg/archive/br_lora_library_staging/batch_0035/synthetic_008679
  Verdict                : PASS

[180/250] synthetic_008680
  Case seed              : 1716720943
  External subject       : BraTS20_Validation_109
  External slice         : 9
  Donor mask pixels      : 1502
  Posterior stack        : (100, 1, 1, 240, 240)
  Case output            : /Users/bhanugarg/archive/br_lora_library_staging/batch_0035/synthetic_008680
  Verdict                : PASS

[181/250] synthetic_008681
  Case seed              : 1586936952
  External subject       : BraTS20_Validation_109
  External slice         : 10
  Donor mask pixels      : 858
  Posterior stack        : (100, 1, 1, 240, 240)
  Case output            : /Users/bhanugarg/archive/br_lora_library_staging/batch_0035/synthetic_008681
  Verdict                : PASS

[182/250] synthetic_008682
  Case seed              : 241643581
  External subject       : BraTS20_Validation_109
  External slice         : 11
  Donor mask pixels      : 387
  Posterior stack        : (100, 1, 1, 240, 240)
  Case output            : /Users/bhanugarg/archive/br_lora_library_staging/batch_0035/synthetic_008682
  Verdict                : PASS

[183/250] synthetic_008683
  Case seed              : 1258236728
  External subject       : BraTS20_Validation_109
  External slice         : 12
  Donor mask pixels      : 1044
  Posterior stack        : (100, 1, 1, 240, 240)
  Case output            : /Users/bhanugarg/archive/br_lora_library_staging/batch_0035/synthetic_008683
  Verdict                : PASS

[184/250] synthetic_008684
  Case seed              : 781423349
  External subject       : BraTS20_Validation_109
  External slice         : 13
  Donor mask pixels      : 495
  Posterior stack        : (100, 1, 1, 240, 240)
  Case output            : /Users/bhanugarg/archive/br_lora_library_staging/batch_0035/synthetic_008684
  Verdict                : PASS

[185/250] synthetic_008685
  Case seed              : 4753121
  External subject       : BraTS20_Validation_109
  External slice         : 14
  Donor mask pixels      : 306
  Posterior stack        : (100, 1, 1, 240, 240)
  Case output            : /Users/bhanugarg/archive/br_lora_library_staging/batch_0035/synthetic_008685
  Verdict                : PASS

[186/250] synthetic_008686
  Case seed              : 1619763786
  External subject       : BraTS20_Validation_109
  External slice         : 15
  Donor mask pixels      : 1708
  Posterior stack        : (100, 1, 1, 240, 240)
  Case output            : /Users/bhanugarg/archive/br_lora_library_staging/batch_0035/synthetic_008686
  Verdict                : PASS

[187/250] synthetic_008687
  Case seed              : 1886865762
  External subject       : BraTS20_Validation_109
  External slice         : 16
  Donor mask pixels      : 1038
  Posterior stack        : (100, 1, 1, 240, 240)
  Case output            : /Users/bhanugarg/archive/br_lora_library_staging/batch_0035/synthetic_008687
  Verdict                : PASS

[188/250] synthetic_008688
  Case seed              : 279307973
  External subject       : BraTS20_Validation_109
  External slice         : 17
  Donor mask pixels      : 899
  Posterior stack        : (100, 1, 1, 240, 240)
  Case output            : /Users/bhanugarg/archive/br_lora_library_staging/batch_0035/synthetic_008688
  Verdict                : PASS

[189/250] synthetic_008689
  Case seed              : 953524895
  External subject       : BraTS20_Validation_109
  External slice         : 18
  Donor mask pixels      : 1456
  Posterior stack        : (100, 1, 1, 240, 240)
  Case output            : /Users/bhanugarg/archive/br_lora_library_staging/batch_0035/synthetic_008689
  Verdict                : PASS

[190/250] synthetic_008690
  Case seed              : 683472557
  External subject       : BraTS20_Validation_109
  External slice         : 19
  Donor mask pixels      : 1306
  Posterior stack        : (100, 1, 1, 240, 240)
  Case output            : /Users/bhanugarg/archive/br_lora_library_staging/batch_0035/synthetic_008690
  Verdict                : PASS

[191/250] synthetic_008691
  Case seed              : 1730364584
  External subject       : BraTS20_Validation_109
  External slice         : 20
  Donor mask pixels      : 1669
  Posterior stack        : (100, 1, 1, 240, 240)
  Case output            : /Users/bhanugarg/archive/br_lora_library_staging/batch_0035/synthetic_008691
  Verdict                : PASS

[192/250] synthetic_008692
  Case seed              : 925563684
  External subject       : BraTS20_Validation_109
  External slice         : 21
  Donor mask pixels      : 1088
  Posterior stack        : (100, 1, 1, 240, 240)
  Case output            : /Users/bhanugarg/archive/br_lora_library_staging/batch_0035/synthetic_008692
  Verdict                : PASS

[193/250] synthetic_008693
  Case seed              : 3580986
  External subject       : BraTS20_Validation_109
  External slice         : 22
  Donor mask pixels      : 1927
  Posterior stack        : (100, 1, 1, 240, 240)
  Case output            : /Users/bhanugarg/archive/br_lora_library_staging/batch_0035/synthetic_008693
  Verdict                : PASS

[194/250] synthetic_008694
  Case seed              : 945077903
  External subject       : BraTS20_Validation_109
  External slice         : 23
  Donor mask pixels      : 1033
  Posterior stack        : (100, 1, 1, 240, 240)
  Case output            : /Users/bhanugarg/archive/br_lora_library_staging/batch_0035/synthetic_008694
  Verdict                : PASS

[195/250] synthetic_008695
  Case seed              : 644002097
  External subject       : BraTS20_Validation_109
  External slice         : 23
  Donor mask pixels      : 981
  Posterior stack        : (100, 1, 1, 240, 240)
  Case output            : /Users/bhanugarg/archive/br_lora_library_staging/batch_0035/synthetic_008695
  Verdict                : PASS

[196/250] synthetic_008696
  Case seed              : 1349157603
  External subject       : BraTS20_Validation_109
  External slice         : 24
  Donor mask pixels      : 1161
  Posterior stack        : (100, 1, 1, 240, 240)
  Case output            : /Users/bhanugarg/archive/br_lora_library_staging/batch_0035/synthetic_008696
  Verdict                : PASS

[197/250] synthetic_008697
  Case seed              : 843137698
  External subject       : BraTS20_Validation_109
  External slice         : 24
  Donor mask pixels      : 1573
  Posterior stack        : (100, 1, 1, 240, 240)
  Case output            : /Users/bhanugarg/archive/br_lora_library_staging/batch_0035/synthetic_008697
  Verdict                : PASS

[198/250] synthetic_008698
  Case seed              : 793511030
  External subject       : BraTS20_Validation_109
  External slice         : 25
  Donor mask pixels      : 941
  Posterior stack        : (100, 1, 1, 240, 240)
  Case output            : /Users/bhanugarg/archive/br_lora_library_staging/batch_0035/synthetic_008698
  Verdict                : PASS

[199/250] synthetic_008699
  Case seed              : 1531993736
  External subject       : BraTS20_Validation_109
  External slice         : 25
  Donor mask pixels      : 1079
  Posterior stack        : (100, 1, 1, 240, 240)
  Case output            : /Users/bhanugarg/archive/br_lora_library_staging/batch_0035/synthetic_008699
  Verdict                : PASS

[200/250] synthetic_008700
  Case seed              : 359602224
  External subject       : BraTS20_Validation_109
  External slice         : 26
  Donor mask pixels      : 1496
  Posterior stack        : (100, 1, 1, 240, 240)
  Case output            : /Users/bhanugarg/archive/br_lora_library_staging/batch_0035/synthetic_008700
  Verdict                : PASS

[201/250] synthetic_008701
  Case seed              : 449020089
  External subject       : BraTS20_Validation_109
  External slice         : 27
  Donor mask pixels      : 1683
  Posterior stack        : (100, 1, 1, 240, 240)
  Case output            : /Users/bhanugarg/archive/br_lora_library_staging/batch_0035/synthetic_008701
  Verdict                : PASS

[202/250] synthetic_008702
  Case seed              : 939653287
  External subject       : BraTS20_Validation_109
  External slice         : 27
  Donor mask pixels      : 1051
  Posterior stack        : (100, 1, 1, 240, 240)
  Case output            : /Users/bhanugarg/archive/br_lora_library_staging/batch_0035/synthetic_008702
  Verdict                : PASS

[203/250] synthetic_008703
  Case seed              : 1830431786
  External subject       : BraTS20_Validation_109
  External slice         : 28
  Donor mask pixels      : 1694
  Posterior stack        : (100, 1, 1, 240, 240)
  Case output            : /Users/bhanugarg/archive/br_lora_library_staging/batch_0035/synthetic_008703
  Verdict                : PASS

[204/250] synthetic_008704
  Case seed              : 1871993251
  External subject       : BraTS20_Validation_109
  External slice         : 28
  Donor mask pixels      : 323
  Posterior stack        : (100, 1, 1, 240, 240)
  Case output            : /Users/bhanugarg/archive/br_lora_library_staging/batch_0035/synthetic_008704
  Verdict                : PASS

[205/250] synthetic_008705
  Case seed              : 1768662917
  External subject       : BraTS20_Validation_109
  External slice         : 29
  Donor mask pixels      : 1737
  Posterior stack        : (100, 1, 1, 240, 240)
  Case output            : /Users/bhanugarg/archive/br_lora_library_staging/batch_0035/synthetic_008705
  Verdict                : PASS

[206/250] synthetic_008706
  Case seed              : 1052371562
  External subject       : BraTS20_Validation_109
  External slice         : 29
  Donor mask pixels      : 950
  Posterior stack        : (100, 1, 1, 240, 240)
  Case output            : /Users/bhanugarg/archive/br_lora_library_staging/batch_0035/synthetic_008706
  Verdict                : PASS

[207/250] synthetic_008707
  Case seed              : 146006961
  External subject       : BraTS20_Validation_109
  External slice         : 30
  Donor mask pixels      : 657
  Posterior stack        : (100, 1, 1, 240, 240)
  Case output            : /Users/bhanugarg/archive/br_lora_library_staging/batch_0035/synthetic_008707
  Verdict                : PASS

[208/250] synthetic_008708
  Case seed              : 921836779
  External subject       : BraTS20_Validation_109
  External slice         : 30
  Donor mask pixels      : 1482
  Posterior stack        : (100, 1, 1, 240, 240)
  Case output            : /Users/bhanugarg/archive/br_lora_library_staging/batch_0035/synthetic_008708
  Verdict                : PASS

[209/250] synthetic_008709
  Case seed              : 1278221243
  External subject       : BraTS20_Validation_109
  External slice         : 31
  Donor mask pixels      : 970
  Posterior stack        : (100, 1, 1, 240, 240)
  Case output            : /Users/bhanugarg/archive/br_lora_library_staging/batch_0035/synthetic_008709
  Verdict                : PASS

[210/250] synthetic_008710
  Case seed              : 1384742453
  External subject       : BraTS20_Validation_109
  External slice         : 31
  Donor mask pixels      : 413
  Posterior stack        : (100, 1, 1, 240, 240)
  Case output            : /Users/bhanugarg/archive/br_lora_library_staging/batch_0035/synthetic_008710
  Verdict                : PASS

[211/250] synthetic_008711
  Case seed              : 834453077
  External subject       : BraTS20_Validation_109
  External slice         : 32
  Donor mask pixels      : 1366
  Posterior stack        : (100, 1, 1, 240, 240)
  Case output            : /Users/bhanugarg/archive/br_lora_library_staging/batch_0035/synthetic_008711
  Verdict                : PASS

[212/250] synthetic_008712
  Case seed              : 2112165500
  External subject       : BraTS20_Validation_109
  External slice         : 32
  Donor mask pixels      : 2181
  Posterior stack        : (100, 1, 1, 240, 240)
  Case output            : /Users/bhanugarg/archive/br_lora_library_staging/batch_0035/synthetic_008712
  Verdict                : PASS

[213/250] synthetic_008713
  Case seed              : 161948841
  External subject       : BraTS20_Validation_109
  External slice         : 33
  Donor mask pixels      : 647
  Posterior stack        : (100, 1, 1, 240, 240)
  Case output            : /Users/bhanugarg/archive/br_lora_library_staging/batch_0035/synthetic_008713
  Verdict                : PASS

[214/250] synthetic_008714
  Case seed              : 1236931663
  External subject       : BraTS20_Validation_109
  External slice         : 33
  Donor mask pixels      : 389
  Posterior stack        : (100, 1, 1, 240, 240)
  Case output            : /Users/bhanugarg/archive/br_lora_library_staging/batch_0035/synthetic_008714
  Verdict                : PASS

[215/250] synthetic_008715
  Case seed              : 249114523
  External subject       : BraTS20_Validation_109
  External slice         : 34
  Donor mask pixels      : 425
  Posterior stack        : (100, 1, 1, 240, 240)
  Case output            : /Users/bhanugarg/archive/br_lora_library_staging/batch_0035/synthetic_008715
  Verdict                : PASS

[216/250] synthetic_008716
  Case seed              : 605587819
  External subject       : BraTS20_Validation_109
  External slice         : 34
  Donor mask pixels      : 923
  Posterior stack        : (100, 1, 1, 240, 240)
  Case output            : /Users/bhanugarg/archive/br_lora_library_staging/batch_0035/synthetic_008716
  Verdict                : PASS

[217/250] synthetic_008717
  Case seed              : 909052208
  External subject       : BraTS20_Validation_109
  External slice         : 35
  Donor mask pixels      : 618
  Posterior stack        : (100, 1, 1, 240, 240)
  Case output            : /Users/bhanugarg/archive/br_lora_library_staging/batch_0035/synthetic_008717
  Verdict                : PASS

[218/250] synthetic_008718
  Case seed              : 2048104867
  External subject       : BraTS20_Validation_109
  External slice         : 35
  Donor mask pixels      : 1717
  Posterior stack        : (100, 1, 1, 240, 240)
  Case output            : /Users/bhanugarg/archive/br_lora_library_staging/batch_0035/synthetic_008718
  Verdict                : PASS

[219/250] synthetic_008719
  Case seed              : 389871506
  External subject       : BraTS20_Validation_109
  External slice         : 36
  Donor mask pixels      : 1420
  Posterior stack        : (100, 1, 1, 240, 240)
  Case output            : /Users/bhanugarg/archive/br_lora_library_staging/batch_0035/synthetic_008719
  Verdict                : PASS

[220/250] synthetic_008720
  Case seed              : 1794787860
  External subject       : BraTS20_Validation_109
  External slice         : 36
  Donor mask pixels      : 2782
  Posterior stack        : (100, 1, 1, 240, 240)
  Case output            : /Users/bhanugarg/archive/br_lora_library_staging/batch_0035/synthetic_008720
  Verdict                : PASS

[221/250] synthetic_008721
  Case seed              : 934397019
  External subject       : BraTS20_Validation_109
  External slice         : 37
  Donor mask pixels      : 2070
  Posterior stack        : (100, 1, 1, 240, 240)
  Case output            : /Users/bhanugarg/archive/br_lora_library_staging/batch_0035/synthetic_008721
  Verdict                : PASS

[222/250] synthetic_008722
  Case seed              : 254115098
  External subject       : BraTS20_Validation_109
  External slice         : 37
  Donor mask pixels      : 519
  Posterior stack        : (100, 1, 1, 240, 240)
  Case output            : /Users/bhanugarg/archive/br_lora_library_staging/batch_0035/synthetic_008722
  Verdict                : PASS

[223/250] synthetic_008723
  Case seed              : 409593923
  External subject       : BraTS20_Validation_109
  External slice         : 38
  Donor mask pixels      : 1000
  Posterior stack        : (100, 1, 1, 240, 240)
  Case output            : /Users/bhanugarg/archive/br_lora_library_staging/batch_0035/synthetic_008723
  Verdict                : PASS

[224/250] synthetic_008724
  Case seed              : 1295405915
  External subject       : BraTS20_Validation_109
  External slice         : 38
  Donor mask pixels      : 1746
  Posterior stack        : (100, 1, 1, 240, 240)
  Case output            : /Users/bhanugarg/archive/br_lora_library_staging/batch_0035/synthetic_008724
  Verdict                : PASS

[225/250] synthetic_008725
  Case seed              : 551434614
  External subject       : BraTS20_Validation_109
  External slice         : 39
  Donor mask pixels      : 2310
  Posterior stack        : (100, 1, 1, 240, 240)
  Case output            : /Users/bhanugarg/archive/br_lora_library_staging/batch_0035/synthetic_008725
  Verdict                : PASS

[226/250] synthetic_008726
  Case seed              : 1899840390
  External subject       : BraTS20_Validation_109
  External slice         : 39
  Donor mask pixels      : 554
  Posterior stack        : (100, 1, 1, 240, 240)
  Case output            : /Users/bhanugarg/archive/br_lora_library_staging/batch_0035/synthetic_008726
  Verdict                : PASS

[227/250] synthetic_008727
  Case seed              : 1819573482
  External subject       : BraTS20_Validation_109
  External slice         : 40
  Donor mask pixels      : 1883
  Posterior stack        : (100, 1, 1, 240, 240)
  Case output            : /Users/bhanugarg/archive/br_lora_library_staging/batch_0035/synthetic_008727
  Verdict                : PASS

[228/250] synthetic_008728
  Case seed              : 238951483
  External subject       : BraTS20_Validation_109
  External slice         : 40
  Donor mask pixels      : 3076
  Posterior stack        : (100, 1, 1, 240, 240)
  Case output            : /Users/bhanugarg/archive/br_lora_library_staging/batch_0035/synthetic_008728
  Verdict                : PASS

[229/250] synthetic_008729
  Case seed              : 299555248
  External subject       : BraTS20_Validation_109
  External slice         : 41
  Donor mask pixels      : 1734
  Posterior stack        : (100, 1, 1, 240, 240)
  Case output            : /Users/bhanugarg/archive/br_lora_library_staging/batch_0035/synthetic_008729
  Verdict                : PASS

[230/250] synthetic_008730
  Case seed              : 1804294053
  External subject       : BraTS20_Validation_109
  External slice         : 41
  Donor mask pixels      : 1426
  Posterior stack        : (100, 1, 1, 240, 240)
  Case output            : /Users/bhanugarg/archive/br_lora_library_staging/batch_0035/synthetic_008730
  Verdict                : PASS

[231/250] synthetic_008731
  Case seed              : 794715385
  External subject       : BraTS20_Validation_109
  External slice         : 42
  Donor mask pixels      : 2994
  Posterior stack        : (100, 1, 1, 240, 240)
  Case output            : /Users/bhanugarg/archive/br_lora_library_staging/batch_0035/synthetic_008731
  Verdict                : PASS

[232/250] synthetic_008732
  Case seed              : 2065308946
  External subject       : BraTS20_Validation_109
  External slice         : 42
  Donor mask pixels      : 1245
  Posterior stack        : (100, 1, 1, 240, 240)
  Case output            : /Users/bhanugarg/archive/br_lora_library_staging/batch_0035/synthetic_008732
  Verdict                : PASS

[233/250] synthetic_008733
  Case seed              : 684626264
  External subject       : BraTS20_Validation_109
  External slice         : 120
  Donor mask pixels      : 1865
  Posterior stack        : (100, 1, 1, 240, 240)
  Case output            : /Users/bhanugarg/archive/br_lora_library_staging/batch_0035/synthetic_008733
  Verdict                : PASS

[234/250] synthetic_008734
  Case seed              : 405449702
  External subject       : BraTS20_Validation_109
  External slice         : 120
  Donor mask pixels      : 795
  Posterior stack        : (100, 1, 1, 240, 240)
  Case output            : /Users/bhanugarg/archive/br_lora_library_staging/batch_0035/synthetic_008734
  Verdict                : PASS

[235/250] synthetic_008735
  Case seed              : 1589836829
  External subject       : BraTS20_Validation_109
  External slice         : 121
  Donor mask pixels      : 932
  Posterior stack        : (100, 1, 1, 240, 240)
  Case output            : /Users/bhanugarg/archive/br_lora_library_staging/batch_0035/synthetic_008735
  Verdict                : PASS

[236/250] synthetic_008736
  Case seed              : 1675552250
  External subject       : BraTS20_Validation_109
  External slice         : 121
  Donor mask pixels      : 1666
  Posterior stack        : (100, 1, 1, 240, 240)
  Case output            : /Users/bhanugarg/archive/br_lora_library_staging/batch_0035/synthetic_008736
  Verdict                : PASS

[237/250] synthetic_008737
  Case seed              : 1529138831
  External subject       : BraTS20_Validation_109
  External slice         : 122
  Donor mask pixels      : 3538
  Posterior stack        : (100, 1, 1, 240, 240)
  Case output            : /Users/bhanugarg/archive/br_lora_library_staging/batch_0035/synthetic_008737
  Verdict                : PASS

[238/250] synthetic_008738
  Case seed              : 1733220267
  External subject       : BraTS20_Validation_109
  External slice         : 122
  Donor mask pixels      : 859
  Posterior stack        : (100, 1, 1, 240, 240)
  Case output            : /Users/bhanugarg/archive/br_lora_library_staging/batch_0035/synthetic_008738
  Verdict                : PASS

[239/250] synthetic_008739
  Case seed              : 381471808
  External subject       : BraTS20_Validation_109
  External slice         : 123
  Donor mask pixels      : 387
  Posterior stack        : (100, 1, 1, 240, 240)
  Case output            : /Users/bhanugarg/archive/br_lora_library_staging/batch_0035/synthetic_008739
  Verdict                : PASS

[240/250] synthetic_008740
  Case seed              : 1958473631
  External subject       : BraTS20_Validation_109
  External slice         : 123
  Donor mask pixels      : 1182
  Posterior stack        : (100, 1, 1, 240, 240)
  Case output            : /Users/bhanugarg/archive/br_lora_library_staging/batch_0035/synthetic_008740
  Verdict                : PASS

[241/250] synthetic_008741
  Case seed              : 1821017463
  External subject       : BraTS20_Validation_109
  External slice         : 124
  Donor mask pixels      : 2647
  Posterior stack        : (100, 1, 1, 240, 240)
  Case output            : /Users/bhanugarg/archive/br_lora_library_staging/batch_0035/synthetic_008741
  Verdict                : PASS

[242/250] synthetic_008742
  Case seed              : 748609493
  External subject       : BraTS20_Validation_109
  External slice         : 124
  Donor mask pixels      : 1505
  Posterior stack        : (100, 1, 1, 240, 240)
  Case output            : /Users/bhanugarg/archive/br_lora_library_staging/batch_0035/synthetic_008742
  Verdict                : PASS

[243/250] synthetic_008743
  Case seed              : 681609896
  External subject       : BraTS20_Validation_109
  External slice         : 125
  Donor mask pixels      : 437
  Posterior stack        : (100, 1, 1, 240, 240)
  Case output            : /Users/bhanugarg/archive/br_lora_library_staging/batch_0035/synthetic_008743
  Verdict                : PASS

[244/250] synthetic_008744
  Case seed              : 640895337
  External subject       : BraTS20_Validation_109
  External slice         : 126
  Donor mask pixels      : 921
  Posterior stack        : (100, 1, 1, 240, 240)
  Case output            : /Users/bhanugarg/archive/br_lora_library_staging/batch_0035/synthetic_008744
  Verdict                : PASS

[245/250] synthetic_008745
  Case seed              : 1235674686
  External subject       : BraTS20_Validation_109
  External slice         : 127
  Donor mask pixels      : 1170
  Posterior stack        : (100, 1, 1, 240, 240)
  Case output            : /Users/bhanugarg/archive/br_lora_library_staging/batch_0035/synthetic_008745
  Verdict                : PASS

[246/250] synthetic_008746
  Case seed              : 2015430772
  External subject       : BraTS20_Validation_109
  External slice         : 128
  Donor mask pixels      : 942
  Posterior stack        : (100, 1, 1, 240, 240)
  Case output            : /Users/bhanugarg/archive/br_lora_library_staging/batch_0035/synthetic_008746
  Verdict                : PASS

[247/250] synthetic_008747
  Case seed              : 314679753
  External subject       : BraTS20_Validation_109
  External slice         : 129
  Donor mask pixels      : 962
  Posterior stack        : (100, 1, 1, 240, 240)
  Case output            : /Users/bhanugarg/archive/br_lora_library_staging/batch_0035/synthetic_008747
  Verdict                : PASS

[248/250] synthetic_008748
  Case seed              : 1999194029
  External subject       : BraTS20_Validation_109
  External slice         : 130
  Donor mask pixels      : 765
  Posterior stack        : (100, 1, 1, 240, 240)
  Case output            : /Users/bhanugarg/archive/br_lora_library_staging/batch_0035/synthetic_008748
  Verdict                : PASS

[249/250] synthetic_008749
  Case seed              : 1497691520
  External subject       : BraTS20_Validation_109
  External slice         : 131
  Donor mask pixels      : 738
  Posterior stack        : (100, 1, 1, 240, 240)
  Case output            : /Users/bhanugarg/archive/br_lora_library_staging/batch_0035/synthetic_008749
  Verdict                : PASS

[250/250] synthetic_008750
  Case seed              : 1648123791
  External subject       : BraTS20_Validation_109
  External slice         : 132
  Donor mask pixels      : 946
  Posterior stack        : (100, 1, 1, 240, 240)
  Case output            : /Users/bhanugarg/archive/br_lora_library_staging/batch_0035/synthetic_008750
  Verdict                : PASS

==============================================================================
BR-LoRA EXTERNAL EVALUATION: PASS
Completed cases          : 250
Posterior realizations   : 100 per case
Evaluation summary       : /Users/bhanugarg/archive/br_lora_library_staging/batch_0035/evaluation_summary.json
==============================================================================

==============================================================================
BR-LoRA LIBRARY BATCH PRODUCTION
==============================================================================

Batch                    : batch_0035
Frozen design manifest   : /Users/bhanugarg/Desktop/localized-medical-image-synthesis/downstream_evaluation/manifests/br_lora_library_design_10000/batches/batch_0035_manifest.csv
Execution manifest       : /Users/bhanugarg/Desktop/localized-medical-image-synthesis/downstream_evaluation/manifests/br_lora_library_design_10000/batches/batch_0035_external_evaluation_manifest.csv
Checkpoint               : /Users/bhanugarg/Desktop/localized-medical-image-synthesis/checkpoints/br_lora_full_train/final.pt
Posterior samples        : 100
Evaluation seed          : 42
Device                   : mps
Output                   : /Users/bhanugarg/archive/br_lora_library_staging/batch_0035
Prepare only             : False
Resume                   : False

===== EXECUTION MANIFEST: PASS =====
Cases                    : 250
Case IDs                 : synthetic_008501 to synthetic_008750
External subjects        : 4
Unique base slices       : 184
Unique donor slices      : 250
Manifest SHA-256         : 9c2b4cbae524c29ab83385acbd8715296e25a8f60b22a41eff4cc4fd37b7b92f

==============================================================================
LAUNCHING VALIDATED BR-LoRA INFERENCE ENGINE
==============================================================================

/opt/anaconda3/envs/brats-nnunet/bin/python /Users/bhanugarg/Desktop/localized-medical-image-synthesis/scripts/evaluate_br_lora_external.py --checkpoint /Users/bhanugarg/Desktop/localized-medical-image-synthesis/checkpoints/br_lora_full_train/final.pt --validation-dataset /Users/bhanugarg/archive/BraTS2020_ValidationData/MICCAI_BraTS2020_ValidationData/validation_dataset.yaml --evaluation-manifest /Users/bhanugarg/Desktop/localized-medical-image-synthesis/downstream_evaluation/manifests/br_lora_library_design_10000/batches/batch_0035_external_evaluation_manifest.csv --posterior-samples 100 --seed 42 --output-dir /Users/bhanugarg/archive/br_lora_library_staging/batch_0035 --device mps


==============================================================================
LOCAL PRODUCTION AUDIT: PASS
==============================================================================
Cases audited            : 250
Problems                 : 0
Files checksummed        : 1501
Production audit         : /Users/bhanugarg/archive/br_lora_library_staging/br_lora_batch_0035_production_audit.json
Mac checksum inventory   : /Users/bhanugarg/archive/br_lora_library_staging/br_lora_batch_0035_mac_sha256.txt

==============================================================================
READY FOR FALCON TRANSFER
==============================================================================

No Falcon state was modified.
No local production data was deleted.
Remote batch destination reset:
  /scratch/bhanug/br_lora_library/batches/batch_0035
Transfer starting: 1752 files
./
evaluation_summary.json
            856 100%    3.33MB/s   00:00:00 (xfer#1, to-check=1/1752)
synthetic_008501/
synthetic_008501/composite_mean.pt
         232026 100%   48.25MB/s   00:00:00 (xfer#2, to-check=3/1752)
synthetic_008501/metadata.json
           1799 100%    4.66MB/s   00:00:00 (xfer#3, to-check=4/1752)
synthetic_008501/posterior_mean.pt
         232026 100%   60.93MB/s   00:00:00 (xfer#4, to-check=5/1752)
synthetic_008501/posterior_samples.pt
        6389760  26%   12.02MB/s   00:00:01        8945664  36%    4.60MB/s   00:00:03       14254080  58%   10.05MB/s   00:00:00       19955712  81%   10.01MB/s   00:00:00       24657317 100%    9.71MB/s   00:00:02 (xfer#5, to-check=6/1752)
synthetic_008501/posterior_std.pt
         232019 100%   96.66MB/s   00:00:00 (xfer#6, to-check=7/1752)
synthetic_008501/posterior_variance.pt
         232054 100%  184.28MB/s   00:00:00 (xfer#7, to-check=8/1752)
synthetic_008502/
synthetic_008502/composite_mean.pt
         232026 100%   10.20MB/s   00:00:00 (xfer#8, to-check=10/1752)
synthetic_008502/metadata.json
           1800 100%   23.53MB/s   00:00:00 (xfer#9, to-check=11/1752)
synthetic_008502/posterior_mean.pt
         232026 100%   12.05MB/s   00:00:00 (xfer#10, to-check=12/1752)
synthetic_008502/posterior_samples.pt
        3768320  15%    7.06MB/s   00:00:02       10289152  42%   12.40MB/s   00:00:01       16580608  67%   11.38MB/s   00:00:00       23920640  97%   13.80MB/s   00:00:00       24657317 100%   11.16MB/s   00:00:02 (xfer#11, to-check=13/1752)
synthetic_008502/posterior_std.pt
         232019 100%  178.61MB/s   00:00:00 (xfer#12, to-check=14/1752)
synthetic_008502/posterior_variance.pt
         232054 100%   16.91MB/s   00:00:00 (xfer#13, to-check=15/1752)
synthetic_008503/
synthetic_008503/composite_mean.pt
         232026 100%   11.32MB/s   00:00:00 (xfer#14, to-check=17/1752)
synthetic_008503/metadata.json
           1798 100%   41.81MB/s   00:00:00 (xfer#15, to-check=18/1752)
synthetic_008503/posterior_mean.pt
         232026 100%   22.85MB/s   00:00:00 (xfer#16, to-check=19/1752)
synthetic_008503/posterior_samples.pt
        6717440  27%   12.62MB/s   00:00:01       12156928  49%    9.90MB/s   00:00:01       17891328  73%   10.83MB/s   00:00:00       23527424  95%    9.94MB/s   00:00:00       24657317 100%   10.75MB/s   00:00:02 (xfer#17, to-check=20/1752)
synthetic_008503/posterior_std.pt
         232019 100%  172.89MB/s   00:00:00 (xfer#18, to-check=21/1752)
synthetic_008503/posterior_variance.pt
         232054 100%    5.46MB/s   00:00:00 (xfer#19, to-check=22/1752)
synthetic_008504/
synthetic_008504/composite_mean.pt
         232026 100%  101.69MB/s   00:00:00 (xfer#20, to-check=24/1752)
synthetic_008504/metadata.json
           1800 100%   35.64MB/s   00:00:00 (xfer#21, to-check=25/1752)
synthetic_008504/posterior_mean.pt
         232026 100%   45.02MB/s   00:00:00 (xfer#22, to-check=26/1752)
synthetic_008504/posterior_samples.pt
        5898240  24%   11.17MB/s   00:00:01       12058624  49%   11.49MB/s   00:00:01       18743296  76%   12.70MB/s   00:00:00       24657317 100%   11.51MB/s   00:00:02 (xfer#23, to-check=27/1752)
synthetic_008504/posterior_std.pt
         232019 100%  152.27MB/s   00:00:00 (xfer#24, to-check=28/1752)
synthetic_008504/posterior_variance.pt
         232054 100%   51.00MB/s   00:00:00 (xfer#25, to-check=29/1752)
synthetic_008505/
synthetic_008505/composite_mean.pt
         232026 100%   22.76MB/s   00:00:00 (xfer#26, to-check=31/1752)
synthetic_008505/metadata.json
           1800 100%   36.55MB/s   00:00:00 (xfer#27, to-check=32/1752)
synthetic_008505/posterior_mean.pt
         232026 100%    8.73MB/s   00:00:00 (xfer#28, to-check=33/1752)
synthetic_008505/posterior_samples.pt
        5865472  24%   11.18MB/s   00:00:01       12419072  50%   12.48MB/s   00:00:00       18579456  75%   11.72MB/s   00:00:00       24657317 100%   11.60MB/s   00:00:02 (xfer#29, to-check=34/1752)
synthetic_008505/posterior_std.pt
         232019 100%   95.58MB/s   00:00:00 (xfer#30, to-check=35/1752)
synthetic_008505/posterior_variance.pt
         232054 100%   79.18MB/s   00:00:00 (xfer#31, to-check=36/1752)
synthetic_008506/
synthetic_008506/composite_mean.pt
         232026 100%    7.81MB/s   00:00:00 (xfer#32, to-check=38/1752)
synthetic_008506/metadata.json
           1799 100%   29.02MB/s   00:00:00 (xfer#33, to-check=39/1752)
synthetic_008506/posterior_mean.pt
         232026 100%    7.12MB/s   00:00:00 (xfer#34, to-check=40/1752)
synthetic_008506/posterior_samples.pt
        5963776  24%   11.05MB/s   00:00:01       13041664  53%   13.35MB/s   00:00:00       19333120  78%   12.00MB/s   00:00:00       24657317 100%   12.11MB/s   00:00:01 (xfer#35, to-check=41/1752)
synthetic_008506/posterior_std.pt
         232019 100%  108.99MB/s   00:00:00 (xfer#36, to-check=42/1752)
synthetic_008506/posterior_variance.pt
         232054 100%  189.47MB/s   00:00:00 (xfer#37, to-check=43/1752)
synthetic_008507/
synthetic_008507/composite_mean.pt
         232026 100%   16.33MB/s   00:00:00 (xfer#38, to-check=45/1752)
synthetic_008507/metadata.json
           1801 100%   40.02MB/s   00:00:00 (xfer#39, to-check=46/1752)
synthetic_008507/posterior_mean.pt
         232026 100%   13.42MB/s   00:00:00 (xfer#40, to-check=47/1752)
synthetic_008507/posterior_samples.pt
        6848512  28%   12.88MB/s   00:00:01       13533184  55%   12.63MB/s   00:00:00       20348928  83%   12.58MB/s   00:00:00       24657317 100%   12.45MB/s   00:00:01 (xfer#41, to-check=48/1752)
synthetic_008507/posterior_std.pt
         232019 100%  173.70MB/s   00:00:00 (xfer#42, to-check=49/1752)
synthetic_008507/posterior_variance.pt
         232054 100%  248.65MB/s   00:00:00 (xfer#43, to-check=50/1752)
synthetic_008508/
synthetic_008508/composite_mean.pt
         232026 100%   21.14MB/s   00:00:00 (xfer#44, to-check=52/1752)
synthetic_008508/metadata.json
           1800 100%   38.10MB/s   00:00:00 (xfer#45, to-check=53/1752)
synthetic_008508/posterior_mean.pt
         232026 100%    5.46MB/s   00:00:00 (xfer#46, to-check=54/1752)
synthetic_008508/posterior_samples.pt
        6553600  27%   12.46MB/s   00:00:01       12713984  52%   11.26MB/s   00:00:01       19693568  80%   13.07MB/s   00:00:00       24018944  97%    8.05MB/s   00:00:00       24657317 100%   10.95MB/s   00:00:02 (xfer#47, to-check=55/1752)
synthetic_008508/posterior_std.pt
         232019 100%   86.84MB/s   00:00:00 (xfer#48, to-check=56/1752)
synthetic_008508/posterior_variance.pt
         232054 100%  140.77MB/s   00:00:00 (xfer#49, to-check=57/1752)
synthetic_008509/
synthetic_008509/composite_mean.pt
         232026 100%   11.23MB/s   00:00:00 (xfer#50, to-check=59/1752)
synthetic_008509/metadata.json
           1801 100%   24.50MB/s   00:00:00 (xfer#51, to-check=60/1752)
synthetic_008509/posterior_mean.pt
         232026 100%   33.38MB/s   00:00:00 (xfer#52, to-check=61/1752)
synthetic_008509/posterior_samples.pt
        4653056  19%    8.48MB/s   00:00:02        8716288  35%    7.62MB/s   00:00:01       12779520  52%    7.47MB/s   00:00:01       17235968  70%    8.36MB/s   00:00:00       21954560  89%    8.84MB/s   00:00:00       24657317 100%    8.17MB/s   00:00:02 (xfer#53, to-check=62/1752)
synthetic_008509/posterior_std.pt
         232019 100%   96.20MB/s   00:00:00 (xfer#54, to-check=63/1752)
synthetic_008509/posterior_variance.pt
         232054 100%   19.06MB/s   00:00:00 (xfer#55, to-check=64/1752)
synthetic_008510/
synthetic_008510/composite_mean.pt
         232026 100%    8.64MB/s   00:00:00 (xfer#56, to-check=66/1752)
synthetic_008510/metadata.json
           1800 100%   26.87MB/s   00:00:00 (xfer#57, to-check=67/1752)
synthetic_008510/posterior_mean.pt
         232026 100%    8.74MB/s   00:00:00 (xfer#58, to-check=68/1752)
synthetic_008510/posterior_samples.pt
        4915200  20%    9.36MB/s   00:00:02        9502720  39%    8.41MB/s   00:00:01       14221312  58%    8.81MB/s   00:00:01       18153472  74%    7.43MB/s   00:00:00       22216704  90%    7.10MB/s   00:00:00       24657317 100%    8.16MB/s   00:00:02 (xfer#59, to-check=69/1752)
synthetic_008510/posterior_std.pt
         232019 100%  134.76MB/s   00:00:00 (xfer#60, to-check=70/1752)
synthetic_008510/posterior_variance.pt
         232054 100%  205.27MB/s   00:00:00 (xfer#61, to-check=71/1752)
synthetic_008511/
synthetic_008511/composite_mean.pt
         232026 100%   10.00MB/s   00:00:00 (xfer#62, to-check=73/1752)
synthetic_008511/metadata.json
           1799 100%   23.52MB/s   00:00:00 (xfer#63, to-check=74/1752)
synthetic_008511/posterior_mean.pt
         232026 100%   27.96MB/s   00:00:00 (xfer#64, to-check=75/1752)
synthetic_008511/posterior_samples.pt
        4947968  20%    9.17MB/s   00:00:02        9535488  39%    8.33MB/s   00:00:01       14778368  60%    9.61MB/s   00:00:00       19365888  79%    8.63MB/s   00:00:00       24346624  99%    9.46MB/s   00:00:00       24657317 100%    8.97MB/s   00:00:02 (xfer#65, to-check=76/1752)
synthetic_008511/posterior_std.pt
         232019 100%    9.51MB/s   00:00:00 (xfer#66, to-check=77/1752)
synthetic_008511/posterior_variance.pt
         232054 100%   13.67MB/s   00:00:00 (xfer#67, to-check=78/1752)
synthetic_008512/
synthetic_008512/composite_mean.pt
         232026 100%    5.85MB/s   00:00:00 (xfer#68, to-check=80/1752)
synthetic_008512/metadata.json
           1801 100%   18.28MB/s   00:00:00 (xfer#69, to-check=81/1752)
synthetic_008512/posterior_mean.pt
         232026 100%   22.17MB/s   00:00:00 (xfer#70, to-check=82/1752)
synthetic_008512/posterior_samples.pt
        4325376  18%    7.85MB/s   00:00:02        9175040  37%    9.08MB/s   00:00:01       14024704  57%    8.98MB/s   00:00:01       19398656  79%    9.48MB/s   00:00:00       24657317 100%    9.00MB/s   00:00:02 (xfer#71, to-check=83/1752)
synthetic_008512/posterior_std.pt
         232019 100%  108.47MB/s   00:00:00 (xfer#72, to-check=84/1752)
synthetic_008512/posterior_variance.pt
         232054 100%   55.76MB/s   00:00:00 (xfer#73, to-check=85/1752)
synthetic_008513/
synthetic_008513/composite_mean.pt
         232026 100%   12.92MB/s   00:00:00 (xfer#74, to-check=87/1752)
synthetic_008513/metadata.json
           1800 100%   23.53MB/s   00:00:00 (xfer#75, to-check=88/1752)
synthetic_008513/posterior_mean.pt
         232026 100%   18.54MB/s   00:00:00 (xfer#76, to-check=89/1752)
synthetic_008513/posterior_samples.pt
        4685824  19%    8.24MB/s   00:00:02        8617984  35%    7.13MB/s   00:00:02       14254080  58%   10.68MB/s   00:00:00       18808832  76%    8.56MB/s   00:00:00       22740992  92%    7.20MB/s   00:00:00       24657317 100%    8.20MB/s   00:00:02 (xfer#77, to-check=90/1752)
synthetic_008513/posterior_std.pt
         232019 100%  121.99MB/s   00:00:00 (xfer#78, to-check=91/1752)
synthetic_008513/posterior_variance.pt
         232054 100%   18.29MB/s   00:00:00 (xfer#79, to-check=92/1752)
synthetic_008514/
synthetic_008514/composite_mean.pt
         232026 100%   20.37MB/s   00:00:00 (xfer#80, to-check=94/1752)
synthetic_008514/metadata.json
           1799 100%   24.81MB/s   00:00:00 (xfer#81, to-check=95/1752)
synthetic_008514/posterior_mean.pt
         232026 100%    4.90MB/s   00:00:00 (xfer#82, to-check=96/1752)
synthetic_008514/posterior_samples.pt
        5242880  21%    9.56MB/s   00:00:01       10485760  43%    9.85MB/s   00:00:01       15204352  62%    8.87MB/s   00:00:01       20840448  85%   10.25MB/s   00:00:00       24313856  99%    6.54MB/s   00:00:00       24657317 100%    8.81MB/s   00:00:02 (xfer#83, to-check=97/1752)
synthetic_008514/posterior_std.pt
         232019 100%  114.30MB/s   00:00:00 (xfer#84, to-check=98/1752)
synthetic_008514/posterior_variance.pt
         232054 100%  212.21MB/s   00:00:00 (xfer#85, to-check=99/1752)
synthetic_008515/
synthetic_008515/composite_mean.pt
         232026 100%    8.20MB/s   00:00:00 (xfer#86, to-check=101/1752)
synthetic_008515/metadata.json
           1799 100%   23.83MB/s   00:00:00 (xfer#87, to-check=102/1752)
synthetic_008515/posterior_mean.pt
         232026 100%    8.57MB/s   00:00:00 (xfer#88, to-check=103/1752)
synthetic_008515/posterior_samples.pt
        4128768  17%    7.87MB/s   00:00:02        8355840  34%    7.93MB/s   00:00:01       12943360  52%    8.68MB/s   00:00:01       17137664  70%    7.63MB/s   00:00:00       21725184  88%    8.73MB/s   00:00:00       24657317 100%    8.04MB/s   00:00:02 (xfer#89, to-check=104/1752)
synthetic_008515/posterior_std.pt
         232019 100%  158.62MB/s   00:00:00 (xfer#90, to-check=105/1752)
synthetic_008515/posterior_variance.pt
         232054 100%    8.14MB/s   00:00:00 (xfer#91, to-check=106/1752)
synthetic_008516/
synthetic_008516/composite_mean.pt
         232026 100%   24.36MB/s   00:00:00 (xfer#92, to-check=108/1752)
synthetic_008516/metadata.json
           1799 100%   17.68MB/s   00:00:00 (xfer#93, to-check=109/1752)
synthetic_008516/posterior_mean.pt
         232026 100%    5.47MB/s   00:00:00 (xfer#94, to-check=110/1752)
synthetic_008516/posterior_samples.pt
        5079040  21%    9.49MB/s   00:00:01        9797632  40%    8.92MB/s   00:00:01       14385152  58%    8.59MB/s   00:00:01       17793024  72%    5.98MB/s   00:00:01       20152320  82%    4.47MB/s   00:00:00       22773760  92%    4.83MB/s   00:00:00       24657317 100%    6.82MB/s   00:00:03 (xfer#95, to-check=111/1752)
synthetic_008516/posterior_std.pt
         232019 100%   10.40MB/s   00:00:00 (xfer#96, to-check=112/1752)
synthetic_008516/posterior_variance.pt
         232054 100%    5.14MB/s   00:00:00 (xfer#97, to-check=113/1752)
synthetic_008517/
synthetic_008517/composite_mean.pt
         232026 100%    8.40MB/s   00:00:00 (xfer#98, to-check=115/1752)
synthetic_008517/metadata.json
           1799 100%    9.75MB/s   00:00:00 (xfer#99, to-check=116/1752)
synthetic_008517/posterior_mean.pt
         232026 100%    4.69MB/s   00:00:00 (xfer#100, to-check=117/1752)
synthetic_008517/posterior_samples.pt
        2752512  11%    5.16MB/s   00:00:04        5898240  24%    5.65MB/s   00:00:03        8912896  36%    5.27MB/s   00:00:02       11796480  48%    5.26MB/s   00:00:02       14811136  60%    5.20MB/s   00:00:01       17694720  72%    5.21MB/s   00:00:01       20840448  85%    5.95MB/s   00:00:00       23986176  97%    5.71MB/s   00:00:00       24657317 100%    5.43MB/s   00:00:04 (xfer#101, to-check=118/1752)
synthetic_008517/posterior_std.pt
         232019 100%   11.80MB/s   00:00:00 (xfer#102, to-check=119/1752)
synthetic_008517/posterior_variance.pt
         232054 100%    4.44MB/s   00:00:00 (xfer#103, to-check=120/1752)
synthetic_008518/
synthetic_008518/composite_mean.pt
         232026 100%   26.10MB/s   00:00:00 (xfer#104, to-check=122/1752)
synthetic_008518/metadata.json
           1800 100%   24.16MB/s   00:00:00 (xfer#105, to-check=123/1752)
synthetic_008518/posterior_mean.pt
         232026 100%    4.28MB/s   00:00:00 (xfer#106, to-check=124/1752)
synthetic_008518/posterior_samples.pt
        3178496  13%    5.93MB/s   00:00:03        6586368  27%    6.36MB/s   00:00:02        9732096  39%    5.98MB/s   00:00:02       13402112  54%    6.77MB/s   00:00:01       17072128  69%    6.86MB/s   00:00:01       20742144  84%    6.96MB/s   00:00:00       24543232 100%    7.22MB/s   00:00:00       24657317 100%    6.53MB/s   00:00:03 (xfer#107, to-check=125/1752)
synthetic_008518/posterior_std.pt
         232019 100%    8.74MB/s   00:00:00 (xfer#108, to-check=126/1752)
synthetic_008518/posterior_variance.pt
         232054 100%   46.45MB/s   00:00:00 (xfer#109, to-check=127/1752)
synthetic_008519/
synthetic_008519/composite_mean.pt
         232026 100%    3.92MB/s   00:00:00 (xfer#110, to-check=129/1752)
synthetic_008519/metadata.json
           1798 100%   20.91MB/s   00:00:00 (xfer#111, to-check=130/1752)
synthetic_008519/posterior_mean.pt
         232026 100%   22.55MB/s   00:00:00 (xfer#112, to-check=131/1752)
synthetic_008519/posterior_samples.pt
        3899392  16%    6.33MB/s   00:00:03        8224768  33%    7.78MB/s   00:00:02       12156928  49%    7.41MB/s   00:00:01       16482304  67%    8.21MB/s   00:00:00       21200896  86%    8.64MB/s   00:00:00       24657317 100%    7.72MB/s   00:00:03 (xfer#113, to-check=132/1752)
synthetic_008519/posterior_std.pt
         232019 100%   78.44MB/s   00:00:00 (xfer#114, to-check=133/1752)
synthetic_008519/posterior_variance.pt
         232054 100%   16.55MB/s   00:00:00 (xfer#115, to-check=134/1752)
synthetic_008520/
synthetic_008520/composite_mean.pt
         232026 100%   11.23MB/s   00:00:00 (xfer#116, to-check=136/1752)
synthetic_008520/metadata.json
           1798 100%   26.34MB/s   00:00:00 (xfer#117, to-check=137/1752)
synthetic_008520/posterior_mean.pt
         232026 100%    6.85MB/s   00:00:00 (xfer#118, to-check=138/1752)
synthetic_008520/posterior_samples.pt
        5341184  22%   10.07MB/s   00:00:01       11239424  46%   11.21MB/s   00:00:01       17399808  71%   11.57MB/s   00:00:00       24346624  99%   13.22MB/s   00:00:00       24657317 100%   11.42MB/s   00:00:02 (xfer#119, to-check=139/1752)
synthetic_008520/posterior_std.pt
         232019 100%  132.66MB/s   00:00:00 (xfer#120, to-check=140/1752)
synthetic_008520/posterior_variance.pt
         232054 100%   16.61MB/s   00:00:00 (xfer#121, to-check=141/1752)
synthetic_008521/
synthetic_008521/composite_mean.pt
         232026 100%   27.69MB/s   00:00:00 (xfer#122, to-check=143/1752)
synthetic_008521/metadata.json
           1798 100%   25.96MB/s   00:00:00 (xfer#123, to-check=144/1752)
synthetic_008521/posterior_mean.pt
         232026 100%   33.36MB/s   00:00:00 (xfer#124, to-check=145/1752)
synthetic_008521/posterior_samples.pt
        5111808  21%    9.67MB/s   00:00:01       12189696  49%   13.48MB/s   00:00:00       19005440  77%   12.72MB/s   00:00:00       24657317 100%   11.93MB/s   00:00:01 (xfer#125, to-check=146/1752)
synthetic_008521/posterior_std.pt
         232019 100%  184.69MB/s   00:00:00 (xfer#126, to-check=147/1752)
synthetic_008521/posterior_variance.pt
         232054 100%  179.92MB/s   00:00:00 (xfer#127, to-check=148/1752)
synthetic_008522/
synthetic_008522/composite_mean.pt
         232026 100%   33.13MB/s   00:00:00 (xfer#128, to-check=150/1752)
synthetic_008522/metadata.json
           1797 100%   43.04MB/s   00:00:00 (xfer#129, to-check=151/1752)
synthetic_008522/posterior_mean.pt
         232026 100%   10.77MB/s   00:00:00 (xfer#130, to-check=152/1752)
synthetic_008522/posterior_samples.pt
        4947968  20%    8.47MB/s   00:00:02       11763712  48%   12.67MB/s   00:00:00       17924096  73%   11.09MB/s   00:00:00       22872064  93%    9.44MB/s   00:00:00       24657317 100%   10.38MB/s   00:00:02 (xfer#131, to-check=153/1752)
synthetic_008522/posterior_std.pt
         232019 100%  102.11MB/s   00:00:00 (xfer#132, to-check=154/1752)
synthetic_008522/posterior_variance.pt
         232054 100%   14.94MB/s   00:00:00 (xfer#133, to-check=155/1752)
synthetic_008523/
synthetic_008523/composite_mean.pt
         232026 100%   39.59MB/s   00:00:00 (xfer#134, to-check=157/1752)
synthetic_008523/metadata.json
           1796 100%   30.57MB/s   00:00:00 (xfer#135, to-check=158/1752)
synthetic_008523/posterior_mean.pt
         232026 100%    7.14MB/s   00:00:00 (xfer#136, to-check=159/1752)
synthetic_008523/posterior_samples.pt
        6520832  26%   11.99MB/s   00:00:01       13205504  54%   12.59MB/s   00:00:00       19890176  81%   12.33MB/s   00:00:00       24657317 100%   12.19MB/s   00:00:01 (xfer#137, to-check=160/1752)
synthetic_008523/posterior_std.pt
         232019 100%  114.42MB/s   00:00:00 (xfer#138, to-check=161/1752)
synthetic_008523/posterior_variance.pt
         232054 100%   17.21MB/s   00:00:00 (xfer#139, to-check=162/1752)
synthetic_008524/
synthetic_008524/composite_mean.pt
         232026 100%    6.20MB/s   00:00:00 (xfer#140, to-check=164/1752)
synthetic_008524/metadata.json
           1798 100%   28.54MB/s   00:00:00 (xfer#141, to-check=165/1752)
synthetic_008524/posterior_mean.pt
         232026 100%   54.99MB/s   00:00:00 (xfer#142, to-check=166/1752)
synthetic_008524/posterior_samples.pt
        6193152  25%   11.60MB/s   00:00:01       13008896  53%   12.79MB/s   00:00:00       20086784  81%   13.45MB/s   00:00:00       23494656  95%    5.98MB/s   00:00:00       24657317 100%   10.32MB/s   00:00:02 (xfer#143, to-check=167/1752)
synthetic_008524/posterior_std.pt
         232019 100%  126.23MB/s   00:00:00 (xfer#144, to-check=168/1752)
synthetic_008524/posterior_variance.pt
         232054 100%   11.83MB/s   00:00:00 (xfer#145, to-check=169/1752)
synthetic_008525/
synthetic_008525/composite_mean.pt
         232026 100%   13.98MB/s   00:00:00 (xfer#146, to-check=171/1752)
synthetic_008525/metadata.json
           1798 100%   10.85MB/s   00:00:00 (xfer#147, to-check=172/1752)
synthetic_008525/posterior_mean.pt
         232026 100%    4.88MB/s   00:00:00 (xfer#148, to-check=173/1752)
synthetic_008525/posterior_samples.pt
        3670016  15%    6.78MB/s   00:00:02        7471104  30%    7.15MB/s   00:00:02       11403264  46%    7.46MB/s   00:00:01       15466496  63%    7.45MB/s   00:00:01       19660800  80%    7.69MB/s   00:00:00       24117248  98%    8.02MB/s   00:00:00       24657317 100%    7.34MB/s   00:00:03 (xfer#149, to-check=174/1752)
synthetic_008525/posterior_std.pt
         232019 100%  147.22MB/s   00:00:00 (xfer#150, to-check=175/1752)
synthetic_008525/posterior_variance.pt
         232054 100%    5.42MB/s   00:00:00 (xfer#151, to-check=176/1752)
synthetic_008526/
synthetic_008526/composite_mean.pt
         232026 100%   24.86MB/s   00:00:00 (xfer#152, to-check=178/1752)
synthetic_008526/metadata.json
           1797 100%   21.39MB/s   00:00:00 (xfer#153, to-check=179/1752)
synthetic_008526/posterior_mean.pt
         232026 100%   21.67MB/s   00:00:00 (xfer#154, to-check=180/1752)
synthetic_008526/posterior_samples.pt
        4259840  17%    7.86MB/s   00:00:02        8323072  34%    7.39MB/s   00:00:02       12779520  52%    8.38MB/s   00:00:01       17104896  69%    7.92MB/s   00:00:00       21561344  87%    8.46MB/s   00:00:00       24657317 100%    7.71MB/s   00:00:03 (xfer#155, to-check=181/1752)
synthetic_008526/posterior_std.pt
         232019 100%  143.87MB/s   00:00:00 (xfer#156, to-check=182/1752)
synthetic_008526/posterior_variance.pt
         232054 100%    5.22MB/s   00:00:00 (xfer#157, to-check=183/1752)
synthetic_008527/
synthetic_008527/composite_mean.pt
         232026 100%   29.18MB/s   00:00:00 (xfer#158, to-check=185/1752)
synthetic_008527/metadata.json
           1798 100%   26.84MB/s   00:00:00 (xfer#159, to-check=186/1752)
synthetic_008527/posterior_mean.pt
         232026 100%    3.06MB/s   00:00:00 (xfer#160, to-check=187/1752)
synthetic_008527/posterior_samples.pt
        4718592  19%    8.50MB/s   00:00:02        9306112  38%    8.62MB/s   00:00:01       13631488  55%    8.00MB/s   00:00:01       18055168  73%    8.44MB/s   00:00:00       22282240  90%    7.98MB/s   00:00:00       24657317 100%    8.27MB/s   00:00:02 (xfer#161, to-check=188/1752)
synthetic_008527/posterior_std.pt
         232019 100%   82.35MB/s   00:00:00 (xfer#162, to-check=189/1752)
synthetic_008527/posterior_variance.pt
         232054 100%   15.52MB/s   00:00:00 (xfer#163, to-check=190/1752)
synthetic_008528/
synthetic_008528/composite_mean.pt
         232026 100%   10.07MB/s   00:00:00 (xfer#164, to-check=192/1752)
synthetic_008528/metadata.json
           1799 100%   25.16MB/s   00:00:00 (xfer#165, to-check=193/1752)
synthetic_008528/posterior_mean.pt
         232026 100%   32.47MB/s   00:00:00 (xfer#166, to-check=194/1752)
synthetic_008528/posterior_samples.pt
        4653056  19%    8.84MB/s   00:00:02        9502720  39%    9.22MB/s   00:00:01       14483456  59%    9.33MB/s   00:00:01       18939904  77%    8.46MB/s   00:00:00       24182784  98%    9.71MB/s   00:00:00       24657317 100%    9.04MB/s   00:00:02 (xfer#167, to-check=195/1752)
synthetic_008528/posterior_std.pt
         232019 100%   86.47MB/s   00:00:00 (xfer#168, to-check=196/1752)
synthetic_008528/posterior_variance.pt
         232054 100%   14.95MB/s   00:00:00 (xfer#169, to-check=197/1752)
synthetic_008529/
synthetic_008529/composite_mean.pt
         232026 100%   22.82MB/s   00:00:00 (xfer#170, to-check=199/1752)
synthetic_008529/metadata.json
           1797 100%   23.80MB/s   00:00:00 (xfer#171, to-check=200/1752)
synthetic_008529/posterior_mean.pt
         232026 100%   11.09MB/s   00:00:00 (xfer#172, to-check=201/1752)
synthetic_008529/posterior_samples.pt
        5832704  24%   11.06MB/s   00:00:01       11730944  48%   11.19MB/s   00:00:01       17498112  71%   10.39MB/s   00:00:00       24444928  99%   13.05MB/s   00:00:00       24657317 100%   11.34MB/s   00:00:02 (xfer#173, to-check=202/1752)
synthetic_008529/posterior_std.pt
         232019 100%  275.23MB/s   00:00:00 (xfer#174, to-check=203/1752)
synthetic_008529/posterior_variance.pt
         232054 100%   16.39MB/s   00:00:00 (xfer#175, to-check=204/1752)
synthetic_008530/
synthetic_008530/composite_mean.pt
         232026 100%    6.42MB/s   00:00:00 (xfer#176, to-check=206/1752)
synthetic_008530/metadata.json
           1799 100%   20.44MB/s   00:00:00 (xfer#177, to-check=207/1752)
synthetic_008530/posterior_mean.pt
         232026 100%   24.18MB/s   00:00:00 (xfer#178, to-check=208/1752)
synthetic_008530/posterior_samples.pt
        6651904  27%   12.69MB/s   00:00:01       13565952  55%   12.96MB/s   00:00:00       20381696  83%   12.83MB/s   00:00:00       24657317 100%   12.66MB/s   00:00:01 (xfer#179, to-check=209/1752)
synthetic_008530/posterior_std.pt
         232019 100%  184.69MB/s   00:00:00 (xfer#180, to-check=210/1752)
synthetic_008530/posterior_variance.pt
         232054 100%   19.81MB/s   00:00:00 (xfer#181, to-check=211/1752)
synthetic_008531/
synthetic_008531/composite_mean.pt
         232026 100%   12.39MB/s   00:00:00 (xfer#182, to-check=213/1752)
synthetic_008531/metadata.json
           1797 100%   34.89MB/s   00:00:00 (xfer#183, to-check=214/1752)
synthetic_008531/posterior_mean.pt
         232026 100%   10.91MB/s   00:00:00 (xfer#184, to-check=215/1752)
synthetic_008531/posterior_samples.pt
        6815744  28%   12.87MB/s   00:00:01       13434880  54%   10.40MB/s   00:00:01       19333120  78%   11.19MB/s   00:00:00       24657317 100%   11.62MB/s   00:00:02 (xfer#185, to-check=216/1752)
synthetic_008531/posterior_std.pt
         232019 100%  101.82MB/s   00:00:00 (xfer#186, to-check=217/1752)
synthetic_008531/posterior_variance.pt
         232054 100%  143.98MB/s   00:00:00 (xfer#187, to-check=218/1752)
synthetic_008532/
synthetic_008532/composite_mean.pt
         232026 100%   11.57MB/s   00:00:00 (xfer#188, to-check=220/1752)
synthetic_008532/metadata.json
           1799 100%   22.56MB/s   00:00:00 (xfer#189, to-check=221/1752)
synthetic_008532/posterior_mean.pt
         232026 100%   10.77MB/s   00:00:00 (xfer#190, to-check=222/1752)
synthetic_008532/posterior_samples.pt
        6815744  28%   12.81MB/s   00:00:01       13500416  55%   12.72MB/s   00:00:00       20316160  82%   12.77MB/s   00:00:00       24657317 100%   11.75MB/s   00:00:02 (xfer#191, to-check=223/1752)
synthetic_008532/posterior_std.pt
         232019 100%  183.34MB/s   00:00:00 (xfer#192, to-check=224/1752)
synthetic_008532/posterior_variance.pt
         232054 100%  294.67MB/s   00:00:00 (xfer#193, to-check=225/1752)
synthetic_008533/
synthetic_008533/composite_mean.pt
         232026 100%   13.36MB/s   00:00:00 (xfer#194, to-check=227/1752)
synthetic_008533/metadata.json
           1798 100%   26.34MB/s   00:00:00 (xfer#195, to-check=228/1752)
synthetic_008533/posterior_mean.pt
         232026 100%   32.37MB/s   00:00:00 (xfer#196, to-check=229/1752)
synthetic_008533/posterior_samples.pt
        5373952  22%    9.81MB/s   00:00:01        9404416  38%    7.69MB/s   00:00:01       14286848  58%    9.17MB/s   00:00:01       19791872  80%   10.42MB/s   00:00:00       24084480  98%    8.02MB/s   00:00:00       24657317 100%    8.90MB/s   00:00:02 (xfer#197, to-check=230/1752)
synthetic_008533/posterior_std.pt
         232019 100%  116.02MB/s   00:00:00 (xfer#198, to-check=231/1752)
synthetic_008533/posterior_variance.pt
         232054 100%   12.72MB/s   00:00:00 (xfer#199, to-check=232/1752)
synthetic_008534/
synthetic_008534/composite_mean.pt
         232026 100%   34.88MB/s   00:00:00 (xfer#200, to-check=234/1752)
synthetic_008534/metadata.json
           1797 100%   89.24KB/s   00:00:00 (xfer#201, to-check=235/1752)
synthetic_008534/posterior_mean.pt
         232026 100%    7.39MB/s   00:00:00 (xfer#202, to-check=236/1752)
synthetic_008534/posterior_samples.pt
        4227072  17%    8.03MB/s   00:00:02        8159232  33%    7.45MB/s   00:00:02       10715136  43%    4.83MB/s   00:00:02       14123008  57%    6.01MB/s   00:00:01       17661952  72%    6.73MB/s   00:00:00       21331968  87%    6.65MB/s   00:00:00       24657317 100%    6.52MB/s   00:00:03 (xfer#203, to-check=237/1752)
synthetic_008534/posterior_std.pt
         232019 100%   10.63MB/s   00:00:00 (xfer#204, to-check=238/1752)
synthetic_008534/posterior_variance.pt
         232054 100%    3.70MB/s   00:00:00 (xfer#205, to-check=239/1752)
synthetic_008535/
synthetic_008535/composite_mean.pt
         232026 100%   28.37MB/s   00:00:00 (xfer#206, to-check=241/1752)
synthetic_008535/metadata.json
           1799 100%   35.99KB/s   00:00:00 (xfer#207, to-check=242/1752)
synthetic_008535/posterior_mean.pt
         232026 100%   16.95MB/s   00:00:00 (xfer#208, to-check=243/1752)
synthetic_008535/posterior_samples.pt
        2752512  11%    4.73MB/s   00:00:04        5636096  23%    5.38MB/s   00:00:03        8650752  35%    5.33MB/s   00:00:02       11927552  48%    5.86MB/s   00:00:02       15073280  61%    5.85MB/s   00:00:01       18350080  74%    6.11MB/s   00:00:00       21495808  87%    5.79MB/s   00:00:00       24657317 100%    5.60MB/s   00:00:04 (xfer#209, to-check=244/1752)
synthetic_008535/posterior_std.pt
         232019 100%    9.80MB/s   00:00:00 (xfer#210, to-check=245/1752)
synthetic_008535/posterior_variance.pt
         232054 100%   20.70MB/s   00:00:00 (xfer#211, to-check=246/1752)
synthetic_008536/
synthetic_008536/composite_mean.pt
         232026 100%    3.95MB/s   00:00:00 (xfer#212, to-check=248/1752)
synthetic_008536/metadata.json
           1798 100%   17.50MB/s   00:00:00 (xfer#213, to-check=249/1752)
synthetic_008536/posterior_mean.pt
         232026 100%   30.59MB/s   00:00:00 (xfer#214, to-check=250/1752)
synthetic_008536/posterior_samples.pt
        3145728  13%    5.54MB/s   00:00:03        6291456  26%    5.84MB/s   00:00:03        9568256  39%    6.14MB/s   00:00:02       12976128  53%    6.28MB/s   00:00:01       16384000  66%    6.33MB/s   00:00:01       20185088  82%    6.85MB/s   00:00:00       23592960  96%    6.48MB/s   00:00:00       24657317 100%    6.15MB/s   00:00:03 (xfer#215, to-check=251/1752)
synthetic_008536/posterior_std.pt
         232019 100%  131.08MB/s   00:00:00 (xfer#216, to-check=252/1752)
synthetic_008536/posterior_variance.pt
         232054 100%  203.56MB/s   00:00:00 (xfer#217, to-check=253/1752)
synthetic_008537/
synthetic_008537/composite_mean.pt
         232026 100%    6.69MB/s   00:00:00 (xfer#218, to-check=255/1752)
synthetic_008537/metadata.json
           1798 100%   17.67MB/s   00:00:00 (xfer#219, to-check=256/1752)
synthetic_008537/posterior_mean.pt
         232026 100%    4.50MB/s   00:00:00 (xfer#220, to-check=257/1752)
synthetic_008537/posterior_samples.pt
        3932160  16%    7.43MB/s   00:00:02        7864320  32%    7.01MB/s   00:00:02       11796480  48%    7.14MB/s   00:00:01       15859712  64%    7.63MB/s   00:00:01       20316160  82%    8.25MB/s   00:00:00       24657317 100%    7.55MB/s   00:00:03 (xfer#221, to-check=258/1752)
synthetic_008537/posterior_std.pt
         232019 100%   10.64MB/s   00:00:00 (xfer#222, to-check=259/1752)
synthetic_008537/posterior_variance.pt
         232054 100%   61.84MB/s   00:00:00 (xfer#223, to-check=260/1752)
synthetic_008538/
synthetic_008538/composite_mean.pt
         232026 100%   10.21MB/s   00:00:00 (xfer#224, to-check=262/1752)
synthetic_008538/metadata.json
           1799 100%   22.28MB/s   00:00:00 (xfer#225, to-check=263/1752)
synthetic_008538/posterior_mean.pt
         232026 100%    4.23MB/s   00:00:00 (xfer#226, to-check=264/1752)
synthetic_008538/posterior_samples.pt
        4587520  19%    8.46MB/s   00:00:02        9175040  37%    8.42MB/s   00:00:01       13795328  56%    8.09MB/s   00:00:01       17334272  70%    6.22MB/s   00:00:01       21659648  88%    8.20MB/s   00:00:00       24657317 100%    7.79MB/s   00:00:03 (xfer#227, to-check=265/1752)
synthetic_008538/posterior_std.pt
         232019 100%   89.55MB/s   00:00:00 (xfer#228, to-check=266/1752)
synthetic_008538/posterior_variance.pt
         232054 100%  190.76MB/s   00:00:00 (xfer#229, to-check=267/1752)
synthetic_008539/
synthetic_008539/composite_mean.pt
         232026 100%    6.23MB/s   00:00:00 (xfer#230, to-check=269/1752)
synthetic_008539/metadata.json
           1798 100%   20.43MB/s   00:00:00 (xfer#231, to-check=270/1752)
synthetic_008539/posterior_mean.pt
         232026 100%   25.26MB/s   00:00:00 (xfer#232, to-check=271/1752)
synthetic_008539/posterior_samples.pt
        4423680  18%    8.43MB/s   00:00:02        9273344  38%    9.17MB/s   00:00:01       14352384  58%    9.42MB/s   00:00:01       19333120  78%    9.10MB/s   00:00:00       24576000 100%    9.71MB/s   00:00:00       24657317 100%    9.08MB/s   00:00:02 (xfer#233, to-check=272/1752)
synthetic_008539/posterior_std.pt
         232019 100%   16.28MB/s   00:00:00 (xfer#234, to-check=273/1752)
synthetic_008539/posterior_variance.pt
         232054 100%   24.72MB/s   00:00:00 (xfer#235, to-check=274/1752)
synthetic_008540/
synthetic_008540/composite_mean.pt
         232026 100%    6.11MB/s   00:00:00 (xfer#236, to-check=276/1752)
synthetic_008540/metadata.json
           1800 100%   20.69MB/s   00:00:00 (xfer#237, to-check=277/1752)
synthetic_008540/posterior_mean.pt
         232026 100%   15.66MB/s   00:00:00 (xfer#238, to-check=278/1752)
synthetic_008540/posterior_samples.pt
        4685824  19%    8.87MB/s   00:00:02        9797632  40%    9.72MB/s   00:00:01       15171584  62%    9.90MB/s   00:00:00       20938752  85%   10.98MB/s   00:00:00       24657317 100%    9.72MB/s   00:00:02 (xfer#239, to-check=279/1752)
synthetic_008540/posterior_std.pt
         232019 100%  169.30MB/s   00:00:00 (xfer#240, to-check=280/1752)
synthetic_008540/posterior_variance.pt
         232054 100%    7.82MB/s   00:00:00 (xfer#241, to-check=281/1752)
synthetic_008541/
synthetic_008541/composite_mean.pt
         232026 100%    3.35MB/s   00:00:00 (xfer#242, to-check=283/1752)
synthetic_008541/metadata.json
           1800 100%    3.94MB/s   00:00:00 (xfer#243, to-check=284/1752)
synthetic_008541/posterior_mean.pt
         232026 100%   92.05MB/s   00:00:00 (xfer#244, to-check=285/1752)
synthetic_008541/posterior_samples.pt
        3637248  15%    6.93MB/s   00:00:02        7700480  31%    7.58MB/s   00:00:02       11763712  48%    7.49MB/s   00:00:01       15695872  64%    7.45MB/s   00:00:01       20152320  82%    8.47MB/s   00:00:00       24543232 100%    8.37MB/s   00:00:00       24657317 100%    7.62MB/s   00:00:03 (xfer#245, to-check=286/1752)
synthetic_008541/posterior_std.pt
         232019 100%  176.31MB/s   00:00:00 (xfer#246, to-check=287/1752)
synthetic_008541/posterior_variance.pt
         232054 100%   10.20MB/s   00:00:00 (xfer#247, to-check=288/1752)
synthetic_008542/
synthetic_008542/composite_mean.pt
         232026 100%    9.26MB/s   00:00:00 (xfer#248, to-check=290/1752)
synthetic_008542/metadata.json
           1799 100%   23.83MB/s   00:00:00 (xfer#249, to-check=291/1752)
synthetic_008542/posterior_mean.pt
         232026 100%   10.60MB/s   00:00:00 (xfer#250, to-check=292/1752)
synthetic_008542/posterior_samples.pt
        4358144  18%    7.99MB/s   00:00:02        9207808  37%    8.91MB/s   00:00:01       13926400  56%    8.76MB/s   00:00:01       18251776  74%    8.22MB/s   00:00:00       22839296  93%    8.18MB/s   00:00:00       24657317 100%    8.29MB/s   00:00:02 (xfer#251, to-check=293/1752)
synthetic_008542/posterior_std.pt
         232019 100%   75.51MB/s   00:00:00 (xfer#252, to-check=294/1752)
synthetic_008542/posterior_variance.pt
         232054 100%   74.44MB/s   00:00:00 (xfer#253, to-check=295/1752)
synthetic_008543/
synthetic_008543/composite_mean.pt
         232026 100%    9.70MB/s   00:00:00 (xfer#254, to-check=297/1752)
synthetic_008543/metadata.json
           1797 100%   26.82MB/s   00:00:00 (xfer#255, to-check=298/1752)
synthetic_008543/posterior_mean.pt
         232026 100%    5.78MB/s   00:00:00 (xfer#256, to-check=299/1752)
synthetic_008543/posterior_samples.pt
        4718592  19%    8.57MB/s   00:00:02        9175040  37%    8.31MB/s   00:00:01       13762560  56%    8.56MB/s   00:00:01       18219008  74%    8.23MB/s   00:00:00       23199744  94%    9.04MB/s   00:00:00       24657317 100%    8.52MB/s   00:00:02 (xfer#257, to-check=300/1752)
synthetic_008543/posterior_std.pt
         232019 100%   21.21MB/s   00:00:00 (xfer#258, to-check=301/1752)
synthetic_008543/posterior_variance.pt
         232054 100%   27.02MB/s   00:00:00 (xfer#259, to-check=302/1752)
synthetic_008544/
synthetic_008544/composite_mean.pt
         232026 100%   39.26MB/s   00:00:00 (xfer#260, to-check=304/1752)
synthetic_008544/metadata.json
           1798 100%   25.59MB/s   00:00:00 (xfer#261, to-check=305/1752)
synthetic_008544/posterior_mean.pt
         232026 100%    4.40MB/s   00:00:00 (xfer#262, to-check=306/1752)
synthetic_008544/posterior_samples.pt
        5210112  21%    9.49MB/s   00:00:01       10321920  42%    9.54MB/s   00:00:01       15040512  61%    8.97MB/s   00:00:01       20283392  82%    9.73MB/s   00:00:00       24657317 100%    9.51MB/s   00:00:02 (xfer#263, to-check=307/1752)
synthetic_008544/posterior_std.pt
         232019 100%   28.54MB/s   00:00:00 (xfer#264, to-check=308/1752)
synthetic_008544/posterior_variance.pt
         232054 100%    5.69MB/s   00:00:00 (xfer#265, to-check=309/1752)
synthetic_008545/
synthetic_008545/composite_mean.pt
         232026 100%   27.27MB/s   00:00:00 (xfer#266, to-check=311/1752)
synthetic_008545/metadata.json
           1799 100%   24.48MB/s   00:00:00 (xfer#267, to-check=312/1752)
synthetic_008545/posterior_mean.pt
         232026 100%   26.57MB/s   00:00:00 (xfer#268, to-check=313/1752)
synthetic_008545/posterior_samples.pt
        5111808  21%    9.47MB/s   00:00:01       10878976  44%   10.99MB/s   00:00:01       16646144  68%   10.79MB/s   00:00:00       23199744  94%   12.47MB/s   00:00:00       24657317 100%   10.82MB/s   00:00:02 (xfer#269, to-check=314/1752)
synthetic_008545/posterior_std.pt
         232019 100%   24.57MB/s   00:00:00 (xfer#270, to-check=315/1752)
synthetic_008545/posterior_variance.pt
         232054 100%    6.96MB/s   00:00:00 (xfer#271, to-check=316/1752)
synthetic_008546/
synthetic_008546/composite_mean.pt
         232026 100%   35.87MB/s   00:00:00 (xfer#272, to-check=318/1752)
synthetic_008546/metadata.json
           1799 100%   39.98MB/s   00:00:00 (xfer#273, to-check=319/1752)
synthetic_008546/posterior_mean.pt
         232026 100%   18.01MB/s   00:00:00 (xfer#274, to-check=320/1752)
synthetic_008546/posterior_samples.pt
        5636096  23%   10.13MB/s   00:00:01       10747904  44%    9.33MB/s   00:00:01       16252928  66%    9.86MB/s   00:00:00       21889024  89%   10.41MB/s   00:00:00       24657317 100%   10.00MB/s   00:00:02 (xfer#275, to-check=321/1752)
synthetic_008546/posterior_std.pt
         232019 100%   23.99MB/s   00:00:00 (xfer#276, to-check=322/1752)
synthetic_008546/posterior_variance.pt
         232054 100%   12.32MB/s   00:00:00 (xfer#277, to-check=323/1752)
synthetic_008547/
synthetic_008547/composite_mean.pt
         232026 100%   48.70MB/s   00:00:00 (xfer#278, to-check=325/1752)
synthetic_008547/metadata.json
           1799 100%   39.98MB/s   00:00:00 (xfer#279, to-check=326/1752)
synthetic_008547/posterior_mean.pt
         232026 100%    5.72MB/s   00:00:00 (xfer#280, to-check=327/1752)
synthetic_008547/posterior_samples.pt
        5177344  21%    9.82MB/s   00:00:01       11599872  47%   11.99MB/s   00:00:01       17268736  70%   10.16MB/s   00:00:00       21331968  87%    7.57MB/s   00:00:00       24657317 100%    9.76MB/s   00:00:02 (xfer#281, to-check=328/1752)
synthetic_008547/posterior_std.pt
         232019 100%   16.01MB/s   00:00:00 (xfer#282, to-check=329/1752)
synthetic_008547/posterior_variance.pt
         232054 100%   22.45MB/s   00:00:00 (xfer#283, to-check=330/1752)
synthetic_008548/
synthetic_008548/composite_mean.pt
         232026 100%    5.07MB/s   00:00:00 (xfer#284, to-check=332/1752)
synthetic_008548/metadata.json
           1799 100%   22.28MB/s   00:00:00 (xfer#285, to-check=333/1752)
synthetic_008548/posterior_mean.pt
         232026 100%   23.18MB/s   00:00:00 (xfer#286, to-check=334/1752)
synthetic_008548/posterior_samples.pt
        5242880  21%    9.49MB/s   00:00:01       10223616  41%    9.29MB/s   00:00:01       15859712  64%   10.20MB/s   00:00:00       20709376  84%    9.08MB/s   00:00:00       24657317 100%    9.54MB/s   00:00:02 (xfer#287, to-check=335/1752)
synthetic_008548/posterior_std.pt
         232019 100%  132.51MB/s   00:00:00 (xfer#288, to-check=336/1752)
synthetic_008548/posterior_variance.pt
         232054 100%   11.07MB/s   00:00:00 (xfer#289, to-check=337/1752)
synthetic_008549/
synthetic_008549/composite_mean.pt
         232026 100%   23.01MB/s   00:00:00 (xfer#290, to-check=339/1752)
synthetic_008549/metadata.json
           1798 100%   36.51MB/s   00:00:00 (xfer#291, to-check=340/1752)
synthetic_008549/posterior_mean.pt
         232026 100%   20.08MB/s   00:00:00 (xfer#292, to-check=341/1752)
synthetic_008549/posterior_samples.pt
        5341184  22%   10.09MB/s   00:00:01       10846208  44%    9.95MB/s   00:00:01       14483456  59%    6.75MB/s   00:00:01       18808832  76%    8.25MB/s   00:00:00       23003136  93%    7.62MB/s   00:00:00       24657317 100%    8.40MB/s   00:00:02 (xfer#293, to-check=342/1752)
synthetic_008549/posterior_std.pt
         232019 100%  150.13MB/s   00:00:00 (xfer#294, to-check=343/1752)
synthetic_008549/posterior_variance.pt
         232054 100%  259.79MB/s   00:00:00 (xfer#295, to-check=344/1752)
synthetic_008550/
synthetic_008550/composite_mean.pt
         232026 100%   10.31MB/s   00:00:00 (xfer#296, to-check=346/1752)
synthetic_008550/metadata.json
           1798 100%   24.55MB/s   00:00:00 (xfer#297, to-check=347/1752)
synthetic_008550/posterior_mean.pt
         232026 100%    6.58MB/s   00:00:00 (xfer#298, to-check=348/1752)
synthetic_008550/posterior_samples.pt
        4587520  19%    8.62MB/s   00:00:02        9175040  37%    8.74MB/s   00:00:01       13631488  55%    8.49MB/s   00:00:01       18350080  74%    8.64MB/s   00:00:00       22937600  93%    8.51MB/s   00:00:00       24657317 100%    8.43MB/s   00:00:02 (xfer#299, to-check=349/1752)
synthetic_008550/posterior_std.pt
         232019 100%   91.93MB/s   00:00:00 (xfer#300, to-check=350/1752)
synthetic_008550/posterior_variance.pt
         232054 100%   17.56MB/s   00:00:00 (xfer#301, to-check=351/1752)
synthetic_008551/
synthetic_008551/composite_mean.pt
         232026 100%   25.88MB/s   00:00:00 (xfer#302, to-check=353/1752)
synthetic_008551/metadata.json
           1800 100%   26.77MB/s   00:00:00 (xfer#303, to-check=354/1752)
synthetic_008551/posterior_mean.pt
         232026 100%   11.54MB/s   00:00:00 (xfer#304, to-check=355/1752)
synthetic_008551/posterior_samples.pt
        4587520  19%    8.69MB/s   00:00:02        8781824  36%    7.71MB/s   00:00:01       13631488  55%    9.00MB/s   00:00:01       18481152  75%    9.18MB/s   00:00:00       23068672  94%    8.74MB/s   00:00:00       24657317 100%    8.50MB/s   00:00:02 (xfer#305, to-check=356/1752)
synthetic_008551/posterior_std.pt
         232019 100%   50.53MB/s   00:00:00 (xfer#306, to-check=357/1752)
synthetic_008551/posterior_variance.pt
         232054 100%    9.97MB/s   00:00:00 (xfer#307, to-check=358/1752)
synthetic_008552/
synthetic_008552/composite_mean.pt
         232026 100%   44.13MB/s   00:00:00 (xfer#308, to-check=360/1752)
synthetic_008552/metadata.json
           1799 100%   19.93MB/s   00:00:00 (xfer#309, to-check=361/1752)
synthetic_008552/posterior_mean.pt
         232026 100%    4.84MB/s   00:00:00 (xfer#310, to-check=362/1752)
synthetic_008552/posterior_samples.pt
        4751360  19%    8.96MB/s   00:00:02        9601024  39%    9.24MB/s   00:00:01       14712832  60%    9.54MB/s   00:00:00       19693568  80%    9.47MB/s   00:00:00       24657317 100%    9.26MB/s   00:00:02 (xfer#311, to-check=363/1752)
synthetic_008552/posterior_std.pt
         232019 100%  127.40MB/s   00:00:00 (xfer#312, to-check=364/1752)
synthetic_008552/posterior_variance.pt
         232054 100%  169.72MB/s   00:00:00 (xfer#313, to-check=365/1752)
synthetic_008553/
synthetic_008553/composite_mean.pt
         232026 100%    8.60MB/s   00:00:00 (xfer#314, to-check=367/1752)
synthetic_008553/metadata.json
           1799 100%   20.21MB/s   00:00:00 (xfer#315, to-check=368/1752)
synthetic_008553/posterior_mean.pt
         232026 100%   14.50MB/s   00:00:00 (xfer#316, to-check=369/1752)
synthetic_008553/posterior_samples.pt
        4849664  20%    8.70MB/s   00:00:02       10354688  42%   10.23MB/s   00:00:01       15990784  65%   10.69MB/s   00:00:00       21495808  87%    9.97MB/s   00:00:00       24657317 100%    9.95MB/s   00:00:02 (xfer#317, to-check=370/1752)
synthetic_008553/posterior_std.pt
         232019 100%   58.88MB/s   00:00:00 (xfer#318, to-check=371/1752)
synthetic_008553/posterior_variance.pt
         232054 100%    8.78MB/s   00:00:00 (xfer#319, to-check=372/1752)
synthetic_008554/
synthetic_008554/composite_mean.pt
         232026 100%   39.87MB/s   00:00:00 (xfer#320, to-check=374/1752)
synthetic_008554/metadata.json
           1800 100%   27.17MB/s   00:00:00 (xfer#321, to-check=375/1752)
synthetic_008554/posterior_mean.pt
         232026 100%   20.89MB/s   00:00:00 (xfer#322, to-check=376/1752)
synthetic_008554/posterior_samples.pt
        5865472  24%   11.07MB/s   00:00:01       11763712  48%   11.04MB/s   00:00:01       18448384  75%   12.43MB/s   00:00:00       24657317 100%   11.95MB/s   00:00:01 (xfer#323, to-check=377/1752)
synthetic_008554/posterior_std.pt
         232019 100%  181.37MB/s   00:00:00 (xfer#324, to-check=378/1752)
synthetic_008554/posterior_variance.pt
         232054 100%    8.44MB/s   00:00:00 (xfer#325, to-check=379/1752)
synthetic_008555/
synthetic_008555/composite_mean.pt
         232026 100%   14.08MB/s   00:00:00 (xfer#326, to-check=381/1752)
synthetic_008555/metadata.json
           1800 100%   42.86MB/s   00:00:00 (xfer#327, to-check=382/1752)
synthetic_008555/posterior_mean.pt
         232026 100%   92.66MB/s   00:00:00 (xfer#328, to-check=383/1752)
synthetic_008555/posterior_samples.pt
        6815744  28%   12.73MB/s   00:00:01       13631488  55%   12.83MB/s   00:00:00       19922944  81%   11.96MB/s   00:00:00       24657317 100%   12.41MB/s   00:00:01 (xfer#329, to-check=384/1752)
synthetic_008555/posterior_std.pt
         232019 100%  125.94MB/s   00:00:00 (xfer#330, to-check=385/1752)
synthetic_008555/posterior_variance.pt
         232054 100%   22.63MB/s   00:00:00 (xfer#331, to-check=386/1752)
synthetic_008556/
synthetic_008556/composite_mean.pt
         232026 100%   20.34MB/s   00:00:00 (xfer#332, to-check=388/1752)
synthetic_008556/metadata.json
           1800 100%   28.57MB/s   00:00:00 (xfer#333, to-check=389/1752)
synthetic_008556/posterior_mean.pt
         232026 100%   11.77MB/s   00:00:00 (xfer#334, to-check=390/1752)
synthetic_008556/posterior_samples.pt
        6684672  27%   12.72MB/s   00:00:01       12320768  50%   10.36MB/s   00:00:01       18415616  75%   11.53MB/s   00:00:00       24657317 100%   11.80MB/s   00:00:01 (xfer#335, to-check=391/1752)
synthetic_008556/posterior_std.pt
         232019 100%  172.06MB/s   00:00:00 (xfer#336, to-check=392/1752)
synthetic_008556/posterior_variance.pt
         232054 100%   87.47MB/s   00:00:00 (xfer#337, to-check=393/1752)
synthetic_008557/
synthetic_008557/composite_mean.pt
         232026 100%   11.90MB/s   00:00:00 (xfer#338, to-check=395/1752)
synthetic_008557/metadata.json
           1799 100%   39.98MB/s   00:00:00 (xfer#339, to-check=396/1752)
synthetic_008557/posterior_mean.pt
         232026 100%   12.28MB/s   00:00:00 (xfer#340, to-check=397/1752)
synthetic_008557/posterior_samples.pt
        6815744  28%   12.85MB/s   00:00:01       13565952  55%   12.87MB/s   00:00:00       17203200  70%    6.80MB/s   00:00:01       24018944  97%   12.41MB/s   00:00:00       24657317 100%   11.24MB/s   00:00:02 (xfer#341, to-check=398/1752)
synthetic_008557/posterior_std.pt
         232019 100%   27.12MB/s   00:00:00 (xfer#342, to-check=399/1752)
synthetic_008557/posterior_variance.pt
         232054 100%   98.13MB/s   00:00:00 (xfer#343, to-check=400/1752)
synthetic_008558/
synthetic_008558/composite_mean.pt
         232026 100%   37.50MB/s   00:00:00 (xfer#344, to-check=402/1752)
synthetic_008558/metadata.json
           1799 100%   24.90MB/s   00:00:00 (xfer#345, to-check=403/1752)
synthetic_008558/posterior_mean.pt
         232026 100%   25.79MB/s   00:00:00 (xfer#346, to-check=404/1752)
synthetic_008558/posterior_samples.pt
        6914048  28%   13.09MB/s   00:00:01       13729792  56%   12.75MB/s   00:00:00       20545536  83%   12.77MB/s   00:00:00       24657317 100%   12.69MB/s   00:00:01 (xfer#347, to-check=405/1752)
synthetic_008558/posterior_std.pt
         232019 100%  129.93MB/s   00:00:00 (xfer#348, to-check=406/1752)
synthetic_008558/posterior_variance.pt
         232054 100%   17.81MB/s   00:00:00 (xfer#349, to-check=407/1752)
synthetic_008559/
synthetic_008559/composite_mean.pt
         232026 100%   13.69MB/s   00:00:00 (xfer#350, to-check=409/1752)
synthetic_008559/metadata.json
           1799 100%   35.80MB/s   00:00:00 (xfer#351, to-check=410/1752)
synthetic_008559/posterior_mean.pt
         232026 100%   15.48MB/s   00:00:00 (xfer#352, to-check=411/1752)
synthetic_008559/posterior_samples.pt
        6782976  28%   12.69MB/s   00:00:01       13598720  55%   12.78MB/s   00:00:00       20414464  83%   12.74MB/s   00:00:00       24657317 100%   12.58MB/s   00:00:01 (xfer#353, to-check=412/1752)
synthetic_008559/posterior_std.pt
         232019 100%  146.55MB/s   00:00:00 (xfer#354, to-check=413/1752)
synthetic_008559/posterior_variance.pt
         232054 100%   39.46MB/s   00:00:00 (xfer#355, to-check=414/1752)
synthetic_008560/
synthetic_008560/composite_mean.pt
         232026 100%   10.16MB/s   00:00:00 (xfer#356, to-check=416/1752)
synthetic_008560/metadata.json
           1800 100%   32.43MB/s   00:00:00 (xfer#357, to-check=417/1752)
synthetic_008560/posterior_mean.pt
         232026 100%   18.71MB/s   00:00:00 (xfer#358, to-check=418/1752)
synthetic_008560/posterior_samples.pt
        6619136  27%   12.60MB/s   00:00:01       12779520  52%   11.54MB/s   00:00:00       19464192  79%   12.32MB/s   00:00:00       24657317 100%   12.21MB/s   00:00:01 (xfer#359, to-check=419/1752)
synthetic_008560/posterior_std.pt
         232019 100%  185.47MB/s   00:00:00 (xfer#360, to-check=420/1752)
synthetic_008560/posterior_variance.pt
         232054 100%    5.37MB/s   00:00:00 (xfer#361, to-check=421/1752)
synthetic_008561/
synthetic_008561/composite_mean.pt
         232026 100%   32.29MB/s   00:00:00 (xfer#362, to-check=423/1752)
synthetic_008561/metadata.json
           1799 100%   33.01MB/s   00:00:00 (xfer#363, to-check=424/1752)
synthetic_008561/posterior_mean.pt
         232026 100%   33.80MB/s   00:00:00 (xfer#364, to-check=425/1752)
synthetic_008561/posterior_samples.pt
        6914048  28%   13.14MB/s   00:00:01       13598720  55%   12.70MB/s   00:00:00       20283392  82%   12.73MB/s   00:00:00       24657317 100%   12.47MB/s   00:00:01 (xfer#365, to-check=426/1752)
synthetic_008561/posterior_std.pt
         232019 100%  159.08MB/s   00:00:00 (xfer#366, to-check=427/1752)
synthetic_008561/posterior_variance.pt
         232054 100%  265.66MB/s   00:00:00 (xfer#367, to-check=428/1752)
synthetic_008562/
synthetic_008562/composite_mean.pt
         232026 100%    8.44MB/s   00:00:00 (xfer#368, to-check=430/1752)
synthetic_008562/metadata.json
           1799 100%   28.56MB/s   00:00:00 (xfer#369, to-check=431/1752)
synthetic_008562/posterior_mean.pt
         232026 100%   44.35MB/s   00:00:00 (xfer#370, to-check=432/1752)
synthetic_008562/posterior_samples.pt
        6946816  28%   13.22MB/s   00:00:01       13631488  55%   12.74MB/s   00:00:00       20316160  82%   12.69MB/s   00:00:00       24657317 100%   12.70MB/s   00:00:01 (xfer#371, to-check=433/1752)
synthetic_008562/posterior_std.pt
         232019 100%   88.57MB/s   00:00:00 (xfer#372, to-check=434/1752)
synthetic_008562/posterior_variance.pt
         232054 100%   19.13MB/s   00:00:00 (xfer#373, to-check=435/1752)
synthetic_008563/
synthetic_008563/composite_mean.pt
         232026 100%   22.12MB/s   00:00:00 (xfer#374, to-check=437/1752)
synthetic_008563/metadata.json
           1800 100%   31.72MB/s   00:00:00 (xfer#375, to-check=438/1752)
synthetic_008563/posterior_mean.pt
         232026 100%   10.36MB/s   00:00:00 (xfer#376, to-check=439/1752)
synthetic_008563/posterior_samples.pt
        6815744  28%   12.79MB/s   00:00:01       13631488  55%   12.84MB/s   00:00:00       20447232  83%   12.77MB/s   00:00:00       24657317 100%   11.64MB/s   00:00:02 (xfer#377, to-check=440/1752)
synthetic_008563/posterior_std.pt
         232019 100%  129.47MB/s   00:00:00 (xfer#378, to-check=441/1752)
synthetic_008563/posterior_variance.pt
         232054 100%  186.43MB/s   00:00:00 (xfer#379, to-check=442/1752)
synthetic_008564/
synthetic_008564/composite_mean.pt
         232026 100%  182.59MB/s   00:00:00 (xfer#380, to-check=444/1752)
synthetic_008564/metadata.json
           1799 100%   25.61MB/s   00:00:00 (xfer#381, to-check=445/1752)
synthetic_008564/posterior_mean.pt
         232026 100%    7.52MB/s   00:00:00 (xfer#382, to-check=446/1752)
synthetic_008564/posterior_samples.pt
        6062080  25%   11.26MB/s   00:00:01       12615680  51%   12.43MB/s   00:00:00       19038208  77%   12.05MB/s   00:00:00       24657317 100%   12.05MB/s   00:00:01 (xfer#383, to-check=447/1752)
synthetic_008564/posterior_std.pt
         232019 100%  107.73MB/s   00:00:00 (xfer#384, to-check=448/1752)
synthetic_008564/posterior_variance.pt
         232054 100%  261.32MB/s   00:00:00 (xfer#385, to-check=449/1752)
synthetic_008565/
synthetic_008565/composite_mean.pt
         232026 100%  219.98MB/s   00:00:00 (xfer#386, to-check=451/1752)
synthetic_008565/metadata.json
           1800 100%   40.00MB/s   00:00:00 (xfer#387, to-check=452/1752)
synthetic_008565/posterior_mean.pt
         232026 100%    7.62MB/s   00:00:00 (xfer#388, to-check=453/1752)
synthetic_008565/posterior_samples.pt
        6356992  26%   11.86MB/s   00:00:01       10813440  44%    8.44MB/s   00:00:01       16318464  66%   10.34MB/s   00:00:00       22347776  91%   10.79MB/s   00:00:00       24657317 100%   10.45MB/s   00:00:02 (xfer#389, to-check=454/1752)
synthetic_008565/posterior_std.pt
         232019 100%  186.74MB/s   00:00:00 (xfer#390, to-check=455/1752)
synthetic_008565/posterior_variance.pt
         232054 100%  132.77MB/s   00:00:00 (xfer#391, to-check=456/1752)
synthetic_008566/
synthetic_008566/composite_mean.pt
         232026 100%    4.52MB/s   00:00:00 (xfer#392, to-check=458/1752)
synthetic_008566/metadata.json
           1799 100%   30.11MB/s   00:00:00 (xfer#393, to-check=459/1752)
synthetic_008566/posterior_mean.pt
         232026 100%   24.56MB/s   00:00:00 (xfer#394, to-check=460/1752)
synthetic_008566/posterior_samples.pt
        6127616  25%   11.62MB/s   00:00:01       12419072  50%   11.90MB/s   00:00:00       19234816  78%   12.93MB/s   00:00:00       24657317 100%   11.93MB/s   00:00:01 (xfer#395, to-check=461/1752)
synthetic_008566/posterior_std.pt
         232019 100%  109.87MB/s   00:00:00 (xfer#396, to-check=462/1752)
synthetic_008566/posterior_variance.pt
         232054 100%  315.29MB/s   00:00:00 (xfer#397, to-check=463/1752)
synthetic_008567/
synthetic_008567/composite_mean.pt
         232026 100%  224.40MB/s   00:00:00 (xfer#398, to-check=465/1752)
synthetic_008567/metadata.json
           1801 100%   43.93MB/s   00:00:00 (xfer#399, to-check=466/1752)
synthetic_008567/posterior_mean.pt
         232026 100%    5.97MB/s   00:00:00 (xfer#400, to-check=467/1752)
synthetic_008567/posterior_samples.pt
        6127616  25%   11.63MB/s   00:00:01       12419072  50%   11.85MB/s   00:00:00       18317312  74%   10.88MB/s   00:00:00       24346624  99%   11.42MB/s   00:00:00       24657317 100%   11.40MB/s   00:00:02 (xfer#401, to-check=468/1752)
synthetic_008567/posterior_std.pt
         232019 100%  143.78MB/s   00:00:00 (xfer#402, to-check=469/1752)
synthetic_008567/posterior_variance.pt
         232054 100%   19.20MB/s   00:00:00 (xfer#403, to-check=470/1752)
synthetic_008568/
synthetic_008568/composite_mean.pt
         232026 100%   14.75MB/s   00:00:00 (xfer#404, to-check=472/1752)
synthetic_008568/metadata.json
           1799 100%   31.29MB/s   00:00:00 (xfer#405, to-check=473/1752)
synthetic_008568/posterior_mean.pt
         232026 100%   17.03MB/s   00:00:00 (xfer#406, to-check=474/1752)
synthetic_008568/posterior_samples.pt
        6455296  26%   11.86MB/s   00:00:01       13139968  53%   12.70MB/s   00:00:00       19398656  79%   11.93MB/s   00:00:00       24657317 100%   11.94MB/s   00:00:01 (xfer#407, to-check=475/1752)
synthetic_008568/posterior_std.pt
         232019 100%  262.46MB/s   00:00:00 (xfer#408, to-check=476/1752)
synthetic_008568/posterior_variance.pt
         232054 100%  270.22MB/s   00:00:00 (xfer#409, to-check=477/1752)
synthetic_008569/
synthetic_008569/composite_mean.pt
         232026 100%    8.77MB/s   00:00:00 (xfer#410, to-check=479/1752)
synthetic_008569/metadata.json
           1801 100%   42.88MB/s   00:00:00 (xfer#411, to-check=480/1752)
synthetic_008569/posterior_mean.pt
         232026 100%   23.39MB/s   00:00:00 (xfer#412, to-check=481/1752)
synthetic_008569/posterior_samples.pt
        6619136  27%   12.58MB/s   00:00:01       10944512  44%    8.10MB/s   00:00:01       15794176  64%    9.06MB/s   00:00:00       21364736  87%   10.62MB/s   00:00:00       24657317 100%    9.86MB/s   00:00:02 (xfer#413, to-check=482/1752)
synthetic_008569/posterior_std.pt
         232019 100%  151.77MB/s   00:00:00 (xfer#414, to-check=483/1752)
synthetic_008569/posterior_variance.pt
         232054 100%  199.92MB/s   00:00:00 (xfer#415, to-check=484/1752)
synthetic_008570/
synthetic_008570/composite_mean.pt
         232026 100%    6.19MB/s   00:00:00 (xfer#416, to-check=486/1752)
synthetic_008570/metadata.json
           1800 100%   31.17MB/s   00:00:00 (xfer#417, to-check=487/1752)
synthetic_008570/posterior_mean.pt
         232026 100%   11.78MB/s   00:00:00 (xfer#418, to-check=488/1752)
synthetic_008570/posterior_samples.pt
        5537792  22%   10.54MB/s   00:00:01       10911744  44%   10.06MB/s   00:00:01       17072128  69%   11.66MB/s   00:00:00       23363584  95%   11.81MB/s   00:00:00       24657317 100%   10.91MB/s   00:00:02 (xfer#419, to-check=489/1752)
synthetic_008570/posterior_std.pt
         232019 100%  125.57MB/s   00:00:00 (xfer#420, to-check=490/1752)
synthetic_008570/posterior_variance.pt
         232054 100%  229.53MB/s   00:00:00 (xfer#421, to-check=491/1752)
synthetic_008571/
synthetic_008571/composite_mean.pt
         232026 100%   18.98MB/s   00:00:00 (xfer#422, to-check=493/1752)
synthetic_008571/metadata.json
           1799 100%   34.93MB/s   00:00:00 (xfer#423, to-check=494/1752)
synthetic_008571/posterior_mean.pt
         232026 100%    9.40MB/s   00:00:00 (xfer#424, to-check=495/1752)
synthetic_008571/posterior_samples.pt
        5275648  21%    9.89MB/s   00:00:01       10027008  41%    9.06MB/s   00:00:01       14843904  60%    8.79MB/s   00:00:01       19824640  80%    9.45MB/s   00:00:00       24657317 100%    9.31MB/s   00:00:02 (xfer#425, to-check=496/1752)
synthetic_008571/posterior_std.pt
         232019 100%   27.49MB/s   00:00:00 (xfer#426, to-check=497/1752)
synthetic_008571/posterior_variance.pt
         232054 100%   93.06MB/s   00:00:00 (xfer#427, to-check=498/1752)
synthetic_008572/
synthetic_008572/composite_mean.pt
         232026 100%    5.57MB/s   00:00:00 (xfer#428, to-check=500/1752)
synthetic_008572/metadata.json
           1799 100%   25.98MB/s   00:00:00 (xfer#429, to-check=501/1752)
synthetic_008572/posterior_mean.pt
         232026 100%   10.76MB/s   00:00:00 (xfer#430, to-check=502/1752)
synthetic_008572/posterior_samples.pt
        5177344  21%    9.36MB/s   00:00:01       10682368  43%   10.39MB/s   00:00:01       16318464  66%   10.40MB/s   00:00:00       21299200  86%    9.23MB/s   00:00:00       24657317 100%    9.83MB/s   00:00:02 (xfer#431, to-check=503/1752)
synthetic_008572/posterior_std.pt
         232019 100%  156.03MB/s   00:00:00 (xfer#432, to-check=504/1752)
synthetic_008572/posterior_variance.pt
         232054 100%  344.17MB/s   00:00:00 (xfer#433, to-check=505/1752)
synthetic_008573/
synthetic_008573/composite_mean.pt
         232026 100%    7.36MB/s   00:00:00 (xfer#434, to-check=507/1752)
synthetic_008573/metadata.json
           1799 100%   39.98MB/s   00:00:00 (xfer#435, to-check=508/1752)
synthetic_008573/posterior_mean.pt
         232026 100%   27.17MB/s   00:00:00 (xfer#436, to-check=509/1752)
synthetic_008573/posterior_samples.pt
        5505024  22%   10.34MB/s   00:00:01       10354688  42%    9.09MB/s   00:00:01       15990784  65%   10.54MB/s   00:00:00       21626880  88%   10.54MB/s   00:00:00       24657317 100%   10.11MB/s   00:00:02 (xfer#437, to-check=510/1752)
synthetic_008573/posterior_std.pt
         232019 100%   33.12MB/s   00:00:00 (xfer#438, to-check=511/1752)
synthetic_008573/posterior_variance.pt
         232054 100%   15.08MB/s   00:00:00 (xfer#439, to-check=512/1752)
synthetic_008574/
synthetic_008574/composite_mean.pt
         232026 100%   53.38MB/s   00:00:00 (xfer#440, to-check=514/1752)
synthetic_008574/metadata.json
           1800 100%   17.02MB/s   00:00:00 (xfer#441, to-check=515/1752)
synthetic_008574/posterior_mean.pt
         232026 100%    5.31MB/s   00:00:00 (xfer#442, to-check=516/1752)
synthetic_008574/posterior_samples.pt
        5308416  22%   10.11MB/s   00:00:01        9109504  37%    7.13MB/s   00:00:02       14352384  58%    9.93MB/s   00:00:00       19529728  79%    8.92MB/s   00:00:00       23724032  96%    7.98MB/s   00:00:00       24657317 100%    8.64MB/s   00:00:02 (xfer#443, to-check=517/1752)
synthetic_008574/posterior_std.pt
         232019 100%   57.10MB/s   00:00:00 (xfer#444, to-check=518/1752)
synthetic_008574/posterior_variance.pt
         232054 100%   12.82MB/s   00:00:00 (xfer#445, to-check=519/1752)
synthetic_008575/
synthetic_008575/composite_mean.pt
         232026 100%   18.77MB/s   00:00:00 (xfer#446, to-check=521/1752)
synthetic_008575/metadata.json
           1801 100%   19.52MB/s   00:00:00 (xfer#447, to-check=522/1752)
synthetic_008575/posterior_mean.pt
         232026 100%    4.86MB/s   00:00:00 (xfer#448, to-check=523/1752)
synthetic_008575/posterior_samples.pt
        4751360  19%    8.73MB/s   00:00:02        9601024  39%    9.04MB/s   00:00:01       14843904  60%    9.68MB/s   00:00:00       20086784  81%    9.88MB/s   00:00:00       24657317 100%    9.40MB/s   00:00:02 (xfer#449, to-check=524/1752)
synthetic_008575/posterior_std.pt
         232019 100%  138.29MB/s   00:00:00 (xfer#450, to-check=525/1752)
synthetic_008575/posterior_variance.pt
         232054 100%  199.02MB/s   00:00:00 (xfer#451, to-check=526/1752)
synthetic_008576/
synthetic_008576/composite_mean.pt
         232026 100%    7.18MB/s   00:00:00 (xfer#452, to-check=528/1752)
synthetic_008576/metadata.json
           1799 100%   27.26MB/s   00:00:00 (xfer#453, to-check=529/1752)
synthetic_008576/posterior_mean.pt
         232026 100%   35.45MB/s   00:00:00 (xfer#454, to-check=530/1752)
synthetic_008576/posterior_samples.pt
        5373952  22%   10.18MB/s   00:00:01        9699328  39%    7.71MB/s   00:00:01       13434880  54%    7.11MB/s   00:00:01       17629184  71%    7.97MB/s   00:00:00       22085632  90%    8.47MB/s   00:00:00       24657317 100%    8.02MB/s   00:00:02 (xfer#455, to-check=531/1752)
synthetic_008576/posterior_std.pt
         232019 100%   85.80MB/s   00:00:00 (xfer#456, to-check=532/1752)
synthetic_008576/posterior_variance.pt
         232054 100%   22.65MB/s   00:00:00 (xfer#457, to-check=533/1752)
synthetic_008577/
synthetic_008577/composite_mean.pt
         232026 100%   22.98MB/s   00:00:00 (xfer#458, to-check=535/1752)
synthetic_008577/metadata.json
           1799 100%   20.68MB/s   00:00:00 (xfer#459, to-check=536/1752)
synthetic_008577/posterior_mean.pt
         232026 100%    4.81MB/s   00:00:00 (xfer#460, to-check=537/1752)
synthetic_008577/posterior_samples.pt
        4816896  20%    8.73MB/s   00:00:02        9699328  39%    9.31MB/s   00:00:01       14385152  58%    8.77MB/s   00:00:01       19234816  78%    9.00MB/s   00:00:00       23691264  96%    7.93MB/s   00:00:00       24657317 100%    8.64MB/s   00:00:02 (xfer#461, to-check=538/1752)
synthetic_008577/posterior_std.pt
         232019 100%  170.88MB/s   00:00:00 (xfer#462, to-check=539/1752)
synthetic_008577/posterior_variance.pt
         232054 100%   15.93MB/s   00:00:00 (xfer#463, to-check=540/1752)
synthetic_008578/
synthetic_008578/composite_mean.pt
         232026 100%    5.20MB/s   00:00:00 (xfer#464, to-check=542/1752)
synthetic_008578/metadata.json
           1800 100%   17.52MB/s   00:00:00 (xfer#465, to-check=543/1752)
synthetic_008578/posterior_mean.pt
         232026 100%   32.74MB/s   00:00:00 (xfer#466, to-check=544/1752)
synthetic_008578/posterior_samples.pt
        4849664  20%    9.03MB/s   00:00:02        9437184  38%    8.59MB/s   00:00:01       14155776  57%    8.84MB/s   00:00:01       19005440  77%    9.23MB/s   00:00:00       23592960  96%    8.30MB/s   00:00:00       24657317 100%    8.72MB/s   00:00:02 (xfer#467, to-check=545/1752)
synthetic_008578/posterior_std.pt
         232019 100%  118.45MB/s   00:00:00 (xfer#468, to-check=546/1752)
synthetic_008578/posterior_variance.pt
         232054 100%   17.49MB/s   00:00:00 (xfer#469, to-check=547/1752)
synthetic_008579/
synthetic_008579/composite_mean.pt
         232026 100%    7.15MB/s   00:00:00 (xfer#470, to-check=549/1752)
synthetic_008579/metadata.json
           1800 100%   22.57MB/s   00:00:00 (xfer#471, to-check=550/1752)
synthetic_008579/posterior_mean.pt
         232026 100%   14.34MB/s   00:00:00 (xfer#472, to-check=551/1752)
synthetic_008579/posterior_samples.pt
        4849664  20%    9.25MB/s   00:00:02        9633792  39%    9.06MB/s   00:00:01       14352384  58%    8.99MB/s   00:00:01       19595264  79%    9.51MB/s   00:00:00       24657317 100%    9.64MB/s   00:00:00       24657317 100%    9.15MB/s   00:00:02 (xfer#473, to-check=552/1752)
synthetic_008579/posterior_std.pt
         232019 100%  111.25MB/s   00:00:00 (xfer#474, to-check=553/1752)
synthetic_008579/posterior_variance.pt
         232054 100%  262.88MB/s   00:00:00 (xfer#475, to-check=554/1752)
synthetic_008580/
synthetic_008580/composite_mean.pt
         232026 100%   10.06MB/s   00:00:00 (xfer#476, to-check=556/1752)
synthetic_008580/metadata.json
           1800 100%   27.69MB/s   00:00:00 (xfer#477, to-check=557/1752)
synthetic_008580/posterior_mean.pt
         232026 100%   10.34MB/s   00:00:00 (xfer#478, to-check=558/1752)
synthetic_008580/posterior_samples.pt
        5537792  22%   10.50MB/s   00:00:01       10780672  44%    9.92MB/s   00:00:01       16547840  67%   10.84MB/s   00:00:00       22052864  89%   10.33MB/s   00:00:00       24657317 100%   10.30MB/s   00:00:02 (xfer#479, to-check=559/1752)
synthetic_008580/posterior_std.pt
         232019 100%  137.86MB/s   00:00:00 (xfer#480, to-check=560/1752)
synthetic_008580/posterior_variance.pt
         232054 100%    8.14MB/s   00:00:00 (xfer#481, to-check=561/1752)
synthetic_008581/
synthetic_008581/composite_mean.pt
         232026 100%   25.78MB/s   00:00:00 (xfer#482, to-check=563/1752)
synthetic_008581/metadata.json
           1800 100%   35.12MB/s   00:00:00 (xfer#483, to-check=564/1752)
synthetic_008581/posterior_mean.pt
         232026 100%   22.83MB/s   00:00:00 (xfer#484, to-check=565/1752)
synthetic_008581/posterior_samples.pt
        5767168  23%   10.83MB/s   00:00:01       12582912  51%   13.00MB/s   00:00:00       19136512  78%   11.80MB/s   00:00:00       24657317 100%   12.02MB/s   00:00:01 (xfer#485, to-check=566/1752)
synthetic_008581/posterior_std.pt
         232019 100%  195.30MB/s   00:00:00 (xfer#486, to-check=567/1752)
synthetic_008581/posterior_variance.pt
         232054 100%  115.87MB/s   00:00:00 (xfer#487, to-check=568/1752)
synthetic_008582/
synthetic_008582/composite_mean.pt
         232026 100%    9.86MB/s   00:00:00 (xfer#488, to-check=570/1752)
synthetic_008582/metadata.json
           1801 100%   35.84MB/s   00:00:00 (xfer#489, to-check=571/1752)
synthetic_008582/posterior_mean.pt
         232026 100%   13.73MB/s   00:00:00 (xfer#490, to-check=572/1752)
synthetic_008582/posterior_samples.pt
        6815744  28%   12.85MB/s   00:00:01       13500416  55%   12.68MB/s   00:00:00       20316160  82%   12.77MB/s   00:00:00       24657317 100%   12.58MB/s   00:00:01 (xfer#491, to-check=573/1752)
synthetic_008582/posterior_std.pt
         232019 100%   85.73MB/s   00:00:00 (xfer#492, to-check=574/1752)
synthetic_008582/posterior_variance.pt
         232054 100%   38.39MB/s   00:00:00 (xfer#493, to-check=575/1752)
synthetic_008583/
synthetic_008583/composite_mean.pt
         232026 100%   22.09MB/s   00:00:00 (xfer#494, to-check=577/1752)
synthetic_008583/metadata.json
           1800 100%   30.64MB/s   00:00:00 (xfer#495, to-check=578/1752)
synthetic_008583/posterior_mean.pt
         232026 100%   10.95MB/s   00:00:00 (xfer#496, to-check=579/1752)
synthetic_008583/posterior_samples.pt
        6684672  27%   12.67MB/s   00:00:01       13369344  54%   12.67MB/s   00:00:00       20185088  82%   12.78MB/s   00:00:00       24657317 100%   11.68MB/s   00:00:02 (xfer#497, to-check=580/1752)
synthetic_008583/posterior_std.pt
         232019 100%  154.09MB/s   00:00:00 (xfer#498, to-check=581/1752)
synthetic_008583/posterior_variance.pt
         232054 100%  243.24MB/s   00:00:00 (xfer#499, to-check=582/1752)
synthetic_008584/
synthetic_008584/composite_mean.pt
         232026 100%   32.77MB/s   00:00:00 (xfer#500, to-check=584/1752)
synthetic_008584/metadata.json
           1800 100%   32.29MB/s   00:00:00 (xfer#501, to-check=585/1752)
synthetic_008584/posterior_mean.pt
         232026 100%   12.84MB/s   00:00:00 (xfer#502, to-check=586/1752)
synthetic_008584/posterior_samples.pt
        7274496  30%   13.53MB/s   00:00:01       13860864  56%   11.60MB/s   00:00:00       19103744  77%    9.99MB/s   00:00:00       24657317 100%   11.75MB/s   00:00:02 (xfer#503, to-check=587/1752)
synthetic_008584/posterior_std.pt
         232019 100%  182.73MB/s   00:00:00 (xfer#504, to-check=588/1752)
synthetic_008584/posterior_variance.pt
         232054 100%  349.08MB/s   00:00:00 (xfer#505, to-check=589/1752)
synthetic_008585/
synthetic_008585/composite_mean.pt
         232026 100%   38.88MB/s   00:00:00 (xfer#506, to-check=591/1752)
synthetic_008585/metadata.json
           1799 100%   45.26MB/s   00:00:00 (xfer#507, to-check=592/1752)
synthetic_008585/posterior_mean.pt
         232026 100%    8.79MB/s   00:00:00 (xfer#508, to-check=593/1752)
synthetic_008585/posterior_samples.pt
        7176192  29%   13.65MB/s   00:00:01       13598720  55%   11.31MB/s   00:00:00       17006592  69%    6.50MB/s   00:00:01       22970368  93%   11.34MB/s   00:00:00       24657317 100%   10.43MB/s   00:00:02 (xfer#509, to-check=594/1752)
synthetic_008585/posterior_std.pt
         232019 100%  138.46MB/s   00:00:00 (xfer#510, to-check=595/1752)
synthetic_008585/posterior_variance.pt
         232054 100%  163.42MB/s   00:00:00 (xfer#511, to-check=596/1752)
synthetic_008586/
synthetic_008586/composite_mean.pt
         232026 100%   10.58MB/s   00:00:00 (xfer#512, to-check=598/1752)
synthetic_008586/metadata.json
           1799 100%   28.67MB/s   00:00:00 (xfer#513, to-check=599/1752)
synthetic_008586/posterior_mean.pt
         232026 100%   21.79MB/s   00:00:00 (xfer#514, to-check=600/1752)
synthetic_008586/posterior_samples.pt
        5636096  23%   10.74MB/s   00:00:01       11796480  48%   11.52MB/s   00:00:01       17956864  73%   11.71MB/s   00:00:00       23724032  96%   10.71MB/s   00:00:00       24657317 100%   11.07MB/s   00:00:02 (xfer#515, to-check=601/1752)
synthetic_008586/posterior_std.pt
         232019 100%   11.57MB/s   00:00:00 (xfer#516, to-check=602/1752)
synthetic_008586/posterior_variance.pt
         232054 100%   28.10MB/s   00:00:00 (xfer#517, to-check=603/1752)
synthetic_008587/
synthetic_008587/composite_mean.pt
         232026 100%   32.84MB/s   00:00:00 (xfer#518, to-check=605/1752)
synthetic_008587/metadata.json
           1800 100%   38.92MB/s   00:00:00 (xfer#519, to-check=606/1752)
synthetic_008587/posterior_mean.pt
         232026 100%    7.11MB/s   00:00:00 (xfer#520, to-check=607/1752)
synthetic_008587/posterior_samples.pt
        6422528  26%   12.22MB/s   00:00:01       12713984  52%   11.83MB/s   00:00:00       19660800  80%   12.68MB/s   00:00:00       24657317 100%   11.93MB/s   00:00:01 (xfer#521, to-check=608/1752)
synthetic_008587/posterior_std.pt
         232019 100%  254.62MB/s   00:00:00 (xfer#522, to-check=609/1752)
synthetic_008587/posterior_variance.pt
         232054 100%   28.72MB/s   00:00:00 (xfer#523, to-check=610/1752)
synthetic_008588/
synthetic_008588/composite_mean.pt
         232026 100%   78.55MB/s   00:00:00 (xfer#524, to-check=612/1752)
synthetic_008588/metadata.json
           1801 100%   42.88MB/s   00:00:00 (xfer#525, to-check=613/1752)
synthetic_008588/posterior_mean.pt
         232026 100%    9.38MB/s   00:00:00 (xfer#526, to-check=614/1752)
synthetic_008588/posterior_samples.pt
        5898240  24%   10.88MB/s   00:00:01       12713984  52%   12.78MB/s   00:00:00       18874368  77%   11.75MB/s   00:00:00       22052864  89%    5.48MB/s   00:00:00       24657317 100%    9.84MB/s   00:00:02 (xfer#527, to-check=615/1752)
synthetic_008588/posterior_std.pt
         232019 100%  136.74MB/s   00:00:00 (xfer#528, to-check=616/1752)
synthetic_008588/posterior_variance.pt
         232054 100%  272.84MB/s   00:00:00 (xfer#529, to-check=617/1752)
synthetic_008589/
synthetic_008589/composite_mean.pt
         232026 100%    9.19MB/s   00:00:00 (xfer#530, to-check=619/1752)
synthetic_008589/metadata.json
           1799 100%   24.81MB/s   00:00:00 (xfer#531, to-check=620/1752)
synthetic_008589/posterior_mean.pt
         232026 100%   20.55MB/s   00:00:00 (xfer#532, to-check=621/1752)
synthetic_008589/posterior_samples.pt
        5079040  21%    9.43MB/s   00:00:01       10321920  42%    9.78MB/s   00:00:01       16351232  66%   11.38MB/s   00:00:00       22118400  90%   10.89MB/s   00:00:00       24657317 100%   10.44MB/s   00:00:02 (xfer#533, to-check=622/1752)
synthetic_008589/posterior_std.pt
         232019 100%  157.17MB/s   00:00:00 (xfer#534, to-check=623/1752)
synthetic_008589/posterior_variance.pt
         232054 100%    9.51MB/s   00:00:00 (xfer#535, to-check=624/1752)
synthetic_008590/
synthetic_008590/composite_mean.pt
         232026 100%   26.12MB/s   00:00:00 (xfer#536, to-check=626/1752)
synthetic_008590/metadata.json
           1800 100%   31.17MB/s   00:00:00 (xfer#537, to-check=627/1752)
synthetic_008590/posterior_mean.pt
         232026 100%   22.08MB/s   00:00:00 (xfer#538, to-check=628/1752)
synthetic_008590/posterior_samples.pt
        5898240  24%   11.25MB/s   00:00:01       10813440  44%    9.32MB/s   00:00:01       15269888  62%    8.49MB/s   00:00:01       20119552  82%    9.07MB/s   00:00:00       24657317 100%    9.49MB/s   00:00:02 (xfer#539, to-check=629/1752)
synthetic_008590/posterior_std.pt
         232019 100%   64.45MB/s   00:00:00 (xfer#540, to-check=630/1752)
synthetic_008590/posterior_variance.pt
         232054 100%    6.04MB/s   00:00:00 (xfer#541, to-check=631/1752)
synthetic_008591/
synthetic_008591/composite_mean.pt
         232026 100%   11.92MB/s   00:00:00 (xfer#542, to-check=633/1752)
synthetic_008591/metadata.json
           1800 100%   17.35MB/s   00:00:00 (xfer#543, to-check=634/1752)
synthetic_008591/posterior_mean.pt
         232026 100%    4.85MB/s   00:00:00 (xfer#544, to-check=635/1752)
synthetic_008591/posterior_samples.pt
        4358144  18%    7.39MB/s   00:00:02        7634944  31%    6.19MB/s   00:00:02       11567104  47%    7.12MB/s   00:00:01       15499264  63%    7.22MB/s   00:00:01       19824640  80%    7.99MB/s   00:00:00       24018944  97%    7.94MB/s   00:00:00       24657317 100%    7.21MB/s   00:00:03 (xfer#545, to-check=636/1752)
synthetic_008591/posterior_std.pt
         232019 100%  260.62MB/s   00:00:00 (xfer#546, to-check=637/1752)
synthetic_008591/posterior_variance.pt
         232054 100%   19.06MB/s   00:00:00 (xfer#547, to-check=638/1752)
synthetic_008592/
synthetic_008592/composite_mean.pt
         232026 100%    8.64MB/s   00:00:00 (xfer#548, to-check=640/1752)
synthetic_008592/metadata.json
           1798 100%   23.81MB/s   00:00:00 (xfer#549, to-check=641/1752)
synthetic_008592/posterior_mean.pt
         232026 100%    6.65MB/s   00:00:00 (xfer#550, to-check=642/1752)
synthetic_008592/posterior_samples.pt
        4423680  18%    8.01MB/s   00:00:02        8749056  35%    7.92MB/s   00:00:01       13205504  54%    8.46MB/s   00:00:01       17268736  70%    7.73MB/s   00:00:00       21594112  88%    7.76MB/s   00:00:00       24657317 100%    7.83MB/s   00:00:03 (xfer#551, to-check=643/1752)
synthetic_008592/posterior_std.pt
         232019 100%    9.85MB/s   00:00:00 (xfer#552, to-check=644/1752)
synthetic_008592/posterior_variance.pt
         232054 100%   14.28MB/s   00:00:00 (xfer#553, to-check=645/1752)
synthetic_008593/
synthetic_008593/composite_mean.pt
         232026 100%    4.94MB/s   00:00:00 (xfer#554, to-check=647/1752)
synthetic_008593/metadata.json
           1801 100%   19.26MB/s   00:00:00 (xfer#555, to-check=648/1752)
synthetic_008593/posterior_mean.pt
         232026 100%   12.75MB/s   00:00:00 (xfer#556, to-check=649/1752)
synthetic_008593/posterior_samples.pt
        3178496  13%    5.78MB/s   00:00:03        5931008  24%    4.66MB/s   00:00:03        8552448  35%    4.75MB/s   00:00:03       11304960  46%    5.05MB/s   00:00:02       14319616  58%    5.28MB/s   00:00:01       17334272  70%    5.64MB/s   00:00:01       20348928  83%    5.67MB/s   00:00:00       23166976  94%    5.37MB/s   00:00:00       24657317 100%    5.21MB/s   00:00:04 (xfer#557, to-check=650/1752)
synthetic_008593/posterior_std.pt
         232019 100%  253.16MB/s   00:00:00 (xfer#558, to-check=651/1752)
synthetic_008593/posterior_variance.pt
         232054 100%    9.55MB/s   00:00:00 (xfer#559, to-check=652/1752)
synthetic_008594/
synthetic_008594/composite_mean.pt
         232026 100%    3.65MB/s   00:00:00 (xfer#560, to-check=654/1752)
synthetic_008594/metadata.json
           1801 100%   15.07MB/s   00:00:00 (xfer#561, to-check=655/1752)
synthetic_008594/posterior_mean.pt
         232026 100%    3.61MB/s   00:00:00 (xfer#562, to-check=656/1752)
synthetic_008594/posterior_samples.pt
        3211264  13%    5.82MB/s   00:00:03        6225920  25%    5.74MB/s   00:00:03        9371648  38%    5.88MB/s   00:00:02       12517376  51%    5.79MB/s   00:00:01       15794176  64%    6.24MB/s   00:00:01       19202048  78%    6.31MB/s   00:00:00       22740992  92%    6.40MB/s   00:00:00       24657317 100%    6.05MB/s   00:00:03 (xfer#563, to-check=657/1752)
synthetic_008594/posterior_std.pt
         232019 100%   21.31MB/s   00:00:00 (xfer#564, to-check=658/1752)
synthetic_008594/posterior_variance.pt
         232054 100%   13.33MB/s   00:00:00 (xfer#565, to-check=659/1752)
synthetic_008595/
synthetic_008595/composite_mean.pt
         232026 100%    3.89MB/s   00:00:00 (xfer#566, to-check=661/1752)
synthetic_008595/metadata.json
           1801 100%   17.03MB/s   00:00:00 (xfer#567, to-check=662/1752)
synthetic_008595/posterior_mean.pt
         232026 100%   73.05MB/s   00:00:00 (xfer#568, to-check=663/1752)
synthetic_008595/posterior_samples.pt
        3276800  13%    6.17MB/s   00:00:03        6815744  28%    6.45MB/s   00:00:02       10485760  43%    6.95MB/s   00:00:01       14417920  58%    7.49MB/s   00:00:01       18481152  75%    7.15MB/s   00:00:00       21626880  88%    5.96MB/s   00:00:00       24657317 100%    6.53MB/s   00:00:03 (xfer#569, to-check=664/1752)
synthetic_008595/posterior_std.pt
         232019 100%   28.95MB/s   00:00:00 (xfer#570, to-check=665/1752)
synthetic_008595/posterior_variance.pt
         232054 100%   21.02MB/s   00:00:00 (xfer#571, to-check=666/1752)
synthetic_008596/
synthetic_008596/composite_mean.pt
         232026 100%    4.26MB/s   00:00:00 (xfer#572, to-check=668/1752)
synthetic_008596/metadata.json
           1801 100%   18.66MB/s   00:00:00 (xfer#573, to-check=669/1752)
synthetic_008596/posterior_mean.pt
         232026 100%    4.98MB/s   00:00:00 (xfer#574, to-check=670/1752)
synthetic_008596/posterior_samples.pt
        3342336  14%    6.13MB/s   00:00:03        6619136  27%    6.25MB/s   00:00:02       10027008  41%    6.49MB/s   00:00:02       14057472  57%    7.12MB/s   00:00:01       18120704  73%    7.29MB/s   00:00:00       22052864  89%    7.44MB/s   00:00:00       24657317 100%    6.77MB/s   00:00:03 (xfer#575, to-check=671/1752)
synthetic_008596/posterior_std.pt
         232019 100%  243.46MB/s   00:00:00 (xfer#576, to-check=672/1752)
synthetic_008596/posterior_variance.pt
         232054 100%  306.44MB/s   00:00:00 (xfer#577, to-check=673/1752)
synthetic_008597/
synthetic_008597/composite_mean.pt
         232026 100%    5.36MB/s   00:00:00 (xfer#578, to-check=675/1752)
synthetic_008597/metadata.json
           1798 100%   19.08MB/s   00:00:00 (xfer#579, to-check=676/1752)
synthetic_008597/posterior_mean.pt
         232026 100%   17.94MB/s   00:00:00 (xfer#580, to-check=677/1752)
synthetic_008597/posterior_samples.pt
        3964928  16%    7.53MB/s   00:00:02        8028160  33%    7.48MB/s   00:00:02       12091392  49%    7.37MB/s   00:00:01       16154624  66%    7.58MB/s   00:00:01       18841600  76%    5.12MB/s   00:00:01       21823488  89%    5.25MB/s   00:00:00       24657317 100%    6.54MB/s   00:00:03 (xfer#581, to-check=678/1752)
synthetic_008597/posterior_std.pt
         232019 100%  269.24MB/s   00:00:00 (xfer#582, to-check=679/1752)
synthetic_008597/posterior_variance.pt
         232054 100%    3.37MB/s   00:00:00 (xfer#583, to-check=680/1752)
synthetic_008598/
synthetic_008598/composite_mean.pt
         232026 100%    4.29MB/s   00:00:00 (xfer#584, to-check=682/1752)
synthetic_008598/metadata.json
           1798 100%   13.60MB/s   00:00:00 (xfer#585, to-check=683/1752)
synthetic_008598/posterior_mean.pt
         232026 100%   35.74MB/s   00:00:00 (xfer#586, to-check=684/1752)
synthetic_008598/posterior_samples.pt
        3571712  14%    6.77MB/s   00:00:02        7110656  29%    6.31MB/s   00:00:02       10780672  44%    7.00MB/s   00:00:01       14843904  60%    7.21MB/s   00:00:01       18776064  76%    6.83MB/s   00:00:00       21626880  88%    5.32MB/s   00:00:00       24641536 100%    5.39MB/s   00:00:00       24657317 100%    6.34MB/s   00:00:03 (xfer#587, to-check=685/1752)
synthetic_008598/posterior_std.pt
         232019 100%  244.49MB/s   00:00:00 (xfer#588, to-check=686/1752)
synthetic_008598/posterior_variance.pt
         232054 100%    7.75MB/s   00:00:00 (xfer#589, to-check=687/1752)
synthetic_008599/
synthetic_008599/composite_mean.pt
         232026 100%   11.61MB/s   00:00:00 (xfer#590, to-check=689/1752)
synthetic_008599/metadata.json
           1796 100%   22.81MB/s   00:00:00 (xfer#591, to-check=690/1752)
synthetic_008599/posterior_mean.pt
         232026 100%    4.27MB/s   00:00:00 (xfer#592, to-check=691/1752)
synthetic_008599/posterior_samples.pt
        3014656  12%    5.48MB/s   00:00:03        6160384  25%    5.70MB/s   00:00:03        9699328  39%    6.22MB/s   00:00:02       13107200  53%    6.48MB/s   00:00:01       16515072  67%    6.07MB/s   00:00:01       19791872  80%    6.17MB/s   00:00:00       22937600  93%    5.64MB/s   00:00:00       24657317 100%    5.94MB/s   00:00:03 (xfer#593, to-check=692/1752)
synthetic_008599/posterior_std.pt
         232019 100%   25.65MB/s   00:00:00 (xfer#594, to-check=693/1752)
synthetic_008599/posterior_variance.pt
         232054 100%    8.34MB/s   00:00:00 (xfer#595, to-check=694/1752)
synthetic_008600/
synthetic_008600/composite_mean.pt
         232026 100%   12.27MB/s   00:00:00 (xfer#596, to-check=696/1752)
synthetic_008600/metadata.json
           1796 100%   23.48MB/s   00:00:00 (xfer#597, to-check=697/1752)
synthetic_008600/posterior_mean.pt
         232026 100%    5.21MB/s   00:00:00 (xfer#598, to-check=698/1752)
synthetic_008600/posterior_samples.pt
        3276800  13%    5.64MB/s   00:00:03        6291456  26%    5.68MB/s   00:00:03       10092544  41%    6.79MB/s   00:00:02       13762560  56%    6.89MB/s   00:00:01       17301504  70%    6.64MB/s   00:00:01       21233664  86%    7.24MB/s   00:00:00       24657317 100%    6.53MB/s   00:00:03 (xfer#599, to-check=699/1752)
synthetic_008600/posterior_std.pt
         232019 100%  134.35MB/s   00:00:00 (xfer#600, to-check=700/1752)
synthetic_008600/posterior_variance.pt
         232054 100%    2.74MB/s   00:00:00 (xfer#601, to-check=701/1752)
synthetic_008601/
synthetic_008601/composite_mean.pt
         232026 100%   48.98MB/s   00:00:00 (xfer#602, to-check=703/1752)
synthetic_008601/metadata.json
           1797 100%   15.59MB/s   00:00:00 (xfer#603, to-check=704/1752)
synthetic_008601/posterior_mean.pt
         232026 100%   24.58MB/s   00:00:00 (xfer#604, to-check=705/1752)
synthetic_008601/posterior_samples.pt
        3407872  14%    6.37MB/s   00:00:03        7340032  30%    7.30MB/s   00:00:02       11436032  46%    7.81MB/s   00:00:01       15859712  64%    8.11MB/s   00:00:01       18677760  76%    5.10MB/s   00:00:01       21561344  87%    5.26MB/s   00:00:00       24657317 100%    6.56MB/s   00:00:03 (xfer#605, to-check=706/1752)
synthetic_008601/posterior_std.pt
         232019 100%  267.92MB/s   00:00:00 (xfer#606, to-check=707/1752)
synthetic_008601/posterior_variance.pt
         232054 100%    7.99MB/s   00:00:00 (xfer#607, to-check=708/1752)
synthetic_008602/
synthetic_008602/composite_mean.pt
         232026 100%    3.64MB/s   00:00:00 (xfer#608, to-check=710/1752)
synthetic_008602/metadata.json
           1798 100%   14.80MB/s   00:00:00 (xfer#609, to-check=711/1752)
synthetic_008602/posterior_mean.pt
         232026 100%   34.80MB/s   00:00:00 (xfer#610, to-check=712/1752)
synthetic_008602/posterior_samples.pt
        3276800  13%    6.11MB/s   00:00:03        6946816  28%    6.91MB/s   00:00:02       10878976  44%    6.97MB/s   00:00:01       14942208  61%    7.18MB/s   00:00:01       19005440  77%    7.34MB/s   00:00:00       23199744  94%    7.89MB/s   00:00:00       24657317 100%    7.01MB/s   00:00:03 (xfer#611, to-check=713/1752)
synthetic_008602/posterior_std.pt
         232019 100%  259.75MB/s   00:00:00 (xfer#612, to-check=714/1752)
synthetic_008602/posterior_variance.pt
         232054 100%   12.00MB/s   00:00:00 (xfer#613, to-check=715/1752)
synthetic_008603/
synthetic_008603/composite_mean.pt
         232026 100%   29.68MB/s   00:00:00 (xfer#614, to-check=717/1752)
synthetic_008603/metadata.json
           1798 100%   25.59MB/s   00:00:00 (xfer#615, to-check=718/1752)
synthetic_008603/posterior_mean.pt
         232026 100%    5.11MB/s   00:00:00 (xfer#616, to-check=719/1752)
synthetic_008603/posterior_samples.pt
        4292608  17%    8.12MB/s   00:00:02        8617984  35%    7.91MB/s   00:00:01       13074432  53%    8.37MB/s   00:00:01       17399808  71%    7.71MB/s   00:00:00       21725184  88%    8.18MB/s   00:00:00       24657317 100%    8.00MB/s   00:00:02 (xfer#617, to-check=720/1752)
synthetic_008603/posterior_std.pt
         232019 100%  164.64MB/s   00:00:00 (xfer#618, to-check=721/1752)
synthetic_008603/posterior_variance.pt
         232054 100%    8.34MB/s   00:00:00 (xfer#619, to-check=722/1752)
synthetic_008604/
synthetic_008604/composite_mean.pt
         232026 100%    5.93MB/s   00:00:00 (xfer#620, to-check=724/1752)
synthetic_008604/metadata.json
           1798 100%   19.70MB/s   00:00:00 (xfer#621, to-check=725/1752)
synthetic_008604/posterior_mean.pt
         232026 100%   18.16MB/s   00:00:00 (xfer#622, to-check=726/1752)
synthetic_008604/posterior_samples.pt
        4259840  17%    8.08MB/s   00:00:02        8454144  34%    7.63MB/s   00:00:02       12910592  52%    8.49MB/s   00:00:01       16973824  69%    7.67MB/s   00:00:00       21299200  86%    8.20MB/s   00:00:00       24657317 100%    7.91MB/s   00:00:02 (xfer#623, to-check=727/1752)
synthetic_008604/posterior_std.pt
         232019 100%  266.61MB/s   00:00:00 (xfer#624, to-check=728/1752)
synthetic_008604/posterior_variance.pt
         232054 100%  316.58MB/s   00:00:00 (xfer#625, to-check=729/1752)
synthetic_008605/
synthetic_008605/composite_mean.pt
         232026 100%    7.91MB/s   00:00:00 (xfer#626, to-check=731/1752)
synthetic_008605/metadata.json
           1798 100%   22.90MB/s   00:00:00 (xfer#627, to-check=732/1752)
synthetic_008605/posterior_mean.pt
         232026 100%    9.78MB/s   00:00:00 (xfer#628, to-check=733/1752)
synthetic_008605/posterior_samples.pt
        4718592  19%    8.86MB/s   00:00:02        9568256  39%    9.14MB/s   00:00:01       14680064  60%    9.23MB/s   00:00:01       19693568  80%    9.56MB/s   00:00:00       24379392  99%    8.68MB/s   00:00:00       24657317 100%    9.06MB/s   00:00:02 (xfer#629, to-check=734/1752)
synthetic_008605/posterior_std.pt
         232019 100%  295.00MB/s   00:00:00 (xfer#630, to-check=735/1752)
synthetic_008605/posterior_variance.pt
         232054 100%    4.86MB/s   00:00:00 (xfer#631, to-check=736/1752)
synthetic_008606/
synthetic_008606/composite_mean.pt
         232026 100%    1.90MB/s   00:00:00 (xfer#632, to-check=738/1752)
synthetic_008606/metadata.json
           1799 100%    2.98MB/s   00:00:00 (xfer#633, to-check=739/1752)
synthetic_008606/posterior_mean.pt
         232026 100%   25.73MB/s   00:00:00 (xfer#634, to-check=740/1752)
synthetic_008606/posterior_samples.pt
        4194304  17%    7.59MB/s   00:00:02        8781824  36%    8.39MB/s   00:00:01       12058624  49%    6.20MB/s   00:00:01       15466496  63%    6.22MB/s   00:00:01       19005440  77%    6.54MB/s   00:00:00       22675456  92%    6.59MB/s   00:00:00       24657317 100%    6.82MB/s   00:00:03 (xfer#635, to-check=741/1752)
synthetic_008606/posterior_std.pt
         232019 100%  248.88MB/s   00:00:00 (xfer#636, to-check=742/1752)
synthetic_008606/posterior_variance.pt
         232054 100%   10.51MB/s   00:00:00 (xfer#637, to-check=743/1752)
synthetic_008607/
synthetic_008607/composite_mean.pt
         232026 100%   44.08MB/s   00:00:00 (xfer#638, to-check=745/1752)
synthetic_008607/metadata.json
           1798 100%   22.27MB/s   00:00:00 (xfer#639, to-check=746/1752)
synthetic_008607/posterior_mean.pt
         232026 100%    4.00MB/s   00:00:00 (xfer#640, to-check=747/1752)
synthetic_008607/posterior_samples.pt
        3899392  16%    7.33MB/s   00:00:02        7962624  32%    7.28MB/s   00:00:02       11370496  46%    6.32MB/s   00:00:02       15433728  63%    7.64MB/s   00:00:01       19365888  79%    7.25MB/s   00:00:00       23298048  94%    7.12MB/s   00:00:00       24657317 100%    6.99MB/s   00:00:03 (xfer#641, to-check=748/1752)
synthetic_008607/posterior_std.pt
         232019 100%  299.77MB/s   00:00:00 (xfer#642, to-check=749/1752)
synthetic_008607/posterior_variance.pt
         232054 100%    7.28MB/s   00:00:00 (xfer#643, to-check=750/1752)
synthetic_008608/
synthetic_008608/composite_mean.pt
         232026 100%    2.86MB/s   00:00:00 (xfer#644, to-check=752/1752)
synthetic_008608/metadata.json
           1797 100%   10.20MB/s   00:00:00 (xfer#645, to-check=753/1752)
synthetic_008608/posterior_mean.pt
         232026 100%   34.78MB/s   00:00:00 (xfer#646, to-check=754/1752)
synthetic_008608/posterior_samples.pt
        3899392  16%    7.36MB/s   00:00:02        7831552  32%    7.45MB/s   00:00:02       12058624  49%    8.06MB/s   00:00:01       16089088  65%    7.58MB/s   00:00:01       20152320  82%    7.70MB/s   00:00:00       24346624  99%    7.94MB/s   00:00:00       24657317 100%    7.64MB/s   00:00:03 (xfer#647, to-check=755/1752)
synthetic_008608/posterior_std.pt
         232019 100%   67.65MB/s   00:00:00 (xfer#648, to-check=756/1752)
synthetic_008608/posterior_variance.pt
         232054 100%    9.91MB/s   00:00:00 (xfer#649, to-check=757/1752)
synthetic_008609/
synthetic_008609/composite_mean.pt
         232026 100%    6.62MB/s   00:00:00 (xfer#650, to-check=759/1752)
synthetic_008609/metadata.json
           1799 100%   16.47MB/s   00:00:00 (xfer#651, to-check=760/1752)
synthetic_008609/posterior_mean.pt
         232026 100%   17.53MB/s   00:00:00 (xfer#652, to-check=761/1752)
synthetic_008609/posterior_samples.pt
        4128768  17%    7.43MB/s   00:00:02        8716288  35%    8.50MB/s   00:00:01       13434880  54%    8.95MB/s   00:00:01       17104896  69%    6.61MB/s   00:00:01       20512768  83%    6.45MB/s   00:00:00       24657317 100%    7.35MB/s   00:00:00       24657317 100%    7.45MB/s   00:00:03 (xfer#653, to-check=762/1752)
synthetic_008609/posterior_std.pt
         232019 100%  250.29MB/s   00:00:00 (xfer#654, to-check=763/1752)
synthetic_008609/posterior_variance.pt
         232054 100%   17.89MB/s   00:00:00 (xfer#655, to-check=764/1752)
synthetic_008610/
synthetic_008610/composite_mean.pt
         232026 100%   11.14MB/s   00:00:00 (xfer#656, to-check=766/1752)
synthetic_008610/metadata.json
           1799 100%   24.90MB/s   00:00:00 (xfer#657, to-check=767/1752)
synthetic_008610/posterior_mean.pt
         232026 100%    4.42MB/s   00:00:00 (xfer#658, to-check=768/1752)
synthetic_008610/posterior_samples.pt
        4292608  17%    8.03MB/s   00:00:02        8617984  35%    8.02MB/s   00:00:01       13074432  53%    8.22MB/s   00:00:01       17661952  72%    8.65MB/s   00:00:00       21856256  89%    7.95MB/s   00:00:00       24657317 100%    8.17MB/s   00:00:02 (xfer#659, to-check=769/1752)
synthetic_008610/posterior_std.pt
         232019 100%  325.87MB/s   00:00:00 (xfer#660, to-check=770/1752)
synthetic_008610/posterior_variance.pt
         232054 100%    6.60MB/s   00:00:00 (xfer#661, to-check=771/1752)
synthetic_008611/
synthetic_008611/composite_mean.pt
         232026 100%    9.33MB/s   00:00:00 (xfer#662, to-check=773/1752)
synthetic_008611/metadata.json
           1798 100%   17.33MB/s   00:00:00 (xfer#663, to-check=774/1752)
synthetic_008611/posterior_mean.pt
         232026 100%   60.26MB/s   00:00:00 (xfer#664, to-check=775/1752)
synthetic_008611/posterior_samples.pt
        4423680  18%    8.13MB/s   00:00:02        6979584  28%    4.49MB/s   00:00:03       10649600  43%    6.93MB/s   00:00:01       14319616  58%    6.70MB/s   00:00:01       17858560  72%    6.71MB/s   00:00:00       21397504  87%    6.58MB/s   00:00:00       24657317 100%    6.62MB/s   00:00:03 (xfer#665, to-check=776/1752)
synthetic_008611/posterior_std.pt
         232019 100%   91.25MB/s   00:00:00 (xfer#666, to-check=777/1752)
synthetic_008611/posterior_variance.pt
         232054 100%  200.31MB/s   00:00:00 (xfer#667, to-check=778/1752)
synthetic_008612/
synthetic_008612/composite_mean.pt
         232026 100%    5.90MB/s   00:00:00 (xfer#668, to-check=780/1752)
synthetic_008612/metadata.json
           1797 100%   18.82MB/s   00:00:00 (xfer#669, to-check=781/1752)
synthetic_008612/posterior_mean.pt
         232026 100%   23.72MB/s   00:00:00 (xfer#670, to-check=782/1752)
synthetic_008612/posterior_samples.pt
        3964928  16%    7.12MB/s   00:00:02        7634944  31%    6.91MB/s   00:00:02       11173888  45%    6.62MB/s   00:00:01       14712832  60%    6.63MB/s   00:00:01       18513920  75%    6.82MB/s   00:00:00       22577152  92%    7.52MB/s   00:00:00       24657317 100%    6.92MB/s   00:00:03 (xfer#671, to-check=783/1752)
synthetic_008612/posterior_std.pt
         232019 100%  155.27MB/s   00:00:00 (xfer#672, to-check=784/1752)
synthetic_008612/posterior_variance.pt
         232054 100%   14.06MB/s   00:00:00 (xfer#673, to-check=785/1752)
synthetic_008613/
synthetic_008613/composite_mean.pt
         232026 100%   14.98MB/s   00:00:00 (xfer#674, to-check=787/1752)
synthetic_008613/metadata.json
           1800 100%   19.73MB/s   00:00:00 (xfer#675, to-check=788/1752)
synthetic_008613/posterior_mean.pt
         232026 100%    4.60MB/s   00:00:00 (xfer#676, to-check=789/1752)
synthetic_008613/posterior_samples.pt
        4358144  18%    8.07MB/s   00:00:02        7897088  32%    6.51MB/s   00:00:02       12091392  49%    7.60MB/s   00:00:01       16678912  68%    8.70MB/s   00:00:00       20873216  85%    7.86MB/s   00:00:00       24657317 100%    7.73MB/s   00:00:03 (xfer#677, to-check=790/1752)
synthetic_008613/posterior_std.pt
         232019 100%   21.13MB/s   00:00:00 (xfer#678, to-check=791/1752)
synthetic_008613/posterior_variance.pt
         232054 100%   41.99MB/s   00:00:00 (xfer#679, to-check=792/1752)
synthetic_008614/
synthetic_008614/composite_mean.pt
         232026 100%    4.39MB/s   00:00:00 (xfer#680, to-check=794/1752)
synthetic_008614/metadata.json
           1797 100%   11.36MB/s   00:00:00 (xfer#681, to-check=795/1752)
synthetic_008614/posterior_mean.pt
         232026 100%   37.36MB/s   00:00:00 (xfer#682, to-check=796/1752)
synthetic_008614/posterior_samples.pt
        4653056  19%    8.77MB/s   00:00:02        9240576  37%    8.70MB/s   00:00:01       13697024  56%    8.49MB/s   00:00:01       18546688  75%    9.22MB/s   00:00:00       23789568  96%    9.87MB/s   00:00:00       24657317 100%    8.83MB/s   00:00:02 (xfer#683, to-check=797/1752)
synthetic_008614/posterior_std.pt
         232019 100%   91.10MB/s   00:00:00 (xfer#684, to-check=798/1752)
synthetic_008614/posterior_variance.pt
         232054 100%  182.43MB/s   00:00:00 (xfer#685, to-check=799/1752)
synthetic_008615/
synthetic_008615/composite_mean.pt
         232026 100%    7.37MB/s   00:00:00 (xfer#686, to-check=801/1752)
synthetic_008615/metadata.json
           1798 100%   21.22MB/s   00:00:00 (xfer#687, to-check=802/1752)
synthetic_008615/posterior_mean.pt
         232026 100%   19.52MB/s   00:00:00 (xfer#688, to-check=803/1752)
synthetic_008615/posterior_samples.pt
        4489216  18%    8.09MB/s   00:00:02       10387456  42%   11.08MB/s   00:00:01       16678912  68%   11.99MB/s   00:00:00       22577152  92%   11.01MB/s   00:00:00       24657317 100%   10.41MB/s   00:00:02 (xfer#689, to-check=804/1752)
synthetic_008615/posterior_std.pt
         232019 100%  168.80MB/s   00:00:00 (xfer#690, to-check=805/1752)
synthetic_008615/posterior_variance.pt
         232054 100%  172.21MB/s   00:00:00 (xfer#691, to-check=806/1752)
synthetic_008616/
synthetic_008616/composite_mean.pt
         232026 100%   17.25MB/s   00:00:00 (xfer#692, to-check=808/1752)
synthetic_008616/metadata.json
           1798 100%   26.34MB/s   00:00:00 (xfer#693, to-check=809/1752)
synthetic_008616/posterior_mean.pt
         232026 100%   19.51MB/s   00:00:00 (xfer#694, to-check=810/1752)
synthetic_008616/posterior_samples.pt
        7274496  30%   13.87MB/s   00:00:01       12484608  51%    9.74MB/s   00:00:01       18776064  76%   11.39MB/s   00:00:00       24657317 100%   11.42MB/s   00:00:02 (xfer#695, to-check=811/1752)
synthetic_008616/posterior_std.pt
         232019 100%   89.80MB/s   00:00:00 (xfer#696, to-check=812/1752)
synthetic_008616/posterior_variance.pt
         232054 100%  164.78MB/s   00:00:00 (xfer#697, to-check=813/1752)
synthetic_008617/
synthetic_008617/composite_mean.pt
         232026 100%   20.38MB/s   00:00:00 (xfer#698, to-check=815/1752)
synthetic_008617/metadata.json
           1799 100%   29.13MB/s   00:00:00 (xfer#699, to-check=816/1752)
synthetic_008617/posterior_mean.pt
         232026 100%   16.24MB/s   00:00:00 (xfer#700, to-check=817/1752)
synthetic_008617/posterior_samples.pt
        6717440  27%   12.73MB/s   00:00:01       13402112  54%   12.74MB/s   00:00:00       20643840  84%   13.81MB/s   00:00:00       24657317 100%   12.73MB/s   00:00:01 (xfer#701, to-check=818/1752)
synthetic_008617/posterior_std.pt
         232019 100%  146.34MB/s   00:00:00 (xfer#702, to-check=819/1752)
synthetic_008617/posterior_variance.pt
         232054 100%  198.85MB/s   00:00:00 (xfer#703, to-check=820/1752)
synthetic_008618/
synthetic_008618/composite_mean.pt
         232026 100%   27.81MB/s   00:00:00 (xfer#704, to-check=822/1752)
synthetic_008618/metadata.json
           1798 100%   28.54MB/s   00:00:00 (xfer#705, to-check=823/1752)
synthetic_008618/posterior_mean.pt
         232026 100%   12.61MB/s   00:00:00 (xfer#706, to-check=824/1752)
synthetic_008618/posterior_samples.pt
        6717440  27%   12.70MB/s   00:00:01       13533184  55%   12.22MB/s   00:00:00       20611072  84%   13.27MB/s   00:00:00       24657317 100%   12.49MB/s   00:00:01 (xfer#707, to-check=825/1752)
synthetic_008618/posterior_std.pt
         232019 100%  166.89MB/s   00:00:00 (xfer#708, to-check=826/1752)
synthetic_008618/posterior_variance.pt
         232054 100%  265.66MB/s   00:00:00 (xfer#709, to-check=827/1752)
synthetic_008619/
synthetic_008619/composite_mean.pt
         232026 100%   27.19MB/s   00:00:00 (xfer#710, to-check=829/1752)
synthetic_008619/metadata.json
           1799 100%   18.89MB/s   00:00:00 (xfer#711, to-check=830/1752)
synthetic_008619/posterior_mean.pt
         232026 100%   10.32MB/s   00:00:00 (xfer#712, to-check=831/1752)
synthetic_008619/posterior_samples.pt
        6488064  26%   11.99MB/s   00:00:01       13303808  54%   12.83MB/s   00:00:00       20119552  82%   12.78MB/s   00:00:00       24657317 100%   12.35MB/s   00:00:01 (xfer#713, to-check=832/1752)
synthetic_008619/posterior_std.pt
         232019 100%   84.16MB/s   00:00:00 (xfer#714, to-check=833/1752)
synthetic_008619/posterior_variance.pt
         232054 100%  238.98MB/s   00:00:00 (xfer#715, to-check=834/1752)
synthetic_008620/
synthetic_008620/composite_mean.pt
         232026 100%   13.87MB/s   00:00:00 (xfer#716, to-check=836/1752)
synthetic_008620/metadata.json
           1798 100%   21.99MB/s   00:00:00 (xfer#717, to-check=837/1752)
synthetic_008620/posterior_mean.pt
         232026 100%   12.22MB/s   00:00:00 (xfer#718, to-check=838/1752)
synthetic_008620/posterior_samples.pt
        6782976  28%   12.93MB/s   00:00:01       13434880  54%   12.56MB/s   00:00:00       20250624  82%   12.80MB/s   00:00:00       24657317 100%   12.54MB/s   00:00:01 (xfer#719, to-check=839/1752)
synthetic_008620/posterior_std.pt
         232019 100%  116.58MB/s   00:00:00 (xfer#720, to-check=840/1752)
synthetic_008620/posterior_variance.pt
         232054 100%  195.66MB/s   00:00:00 (xfer#721, to-check=841/1752)
synthetic_008621/
synthetic_008621/composite_mean.pt
         232026 100%   12.95MB/s   00:00:00 (xfer#722, to-check=843/1752)
synthetic_008621/metadata.json
           1795 100%   21.12MB/s   00:00:00 (xfer#723, to-check=844/1752)
synthetic_008621/posterior_mean.pt
         232026 100%   13.55MB/s   00:00:00 (xfer#724, to-check=845/1752)
synthetic_008621/posterior_samples.pt
        6717440  27%   12.78MB/s   00:00:01       13533184  55%   12.76MB/s   00:00:00       20217856  82%   12.71MB/s   00:00:00       24657317 100%   12.51MB/s   00:00:01 (xfer#725, to-check=846/1752)
synthetic_008621/posterior_std.pt
         232019 100%   71.82MB/s   00:00:00 (xfer#726, to-check=847/1752)
synthetic_008621/posterior_variance.pt
         232054 100%  227.45MB/s   00:00:00 (xfer#727, to-check=848/1752)
synthetic_008622/
synthetic_008622/composite_mean.pt
         232026 100%   10.97MB/s   00:00:00 (xfer#728, to-check=850/1752)
synthetic_008622/metadata.json
           1798 100%   25.59MB/s   00:00:00 (xfer#729, to-check=851/1752)
synthetic_008622/posterior_mean.pt
         232026 100%   27.75MB/s   00:00:00 (xfer#730, to-check=852/1752)
synthetic_008622/posterior_samples.pt
        6815744  28%   12.81MB/s   00:00:01       13631488  55%   12.80MB/s   00:00:00       20447232  83%   12.76MB/s   00:00:00       24657317 100%   12.52MB/s   00:00:01 (xfer#731, to-check=853/1752)
synthetic_008622/posterior_std.pt
         232019 100%  114.13MB/s   00:00:00 (xfer#732, to-check=854/1752)
synthetic_008622/posterior_variance.pt
         232054 100%  180.94MB/s   00:00:00 (xfer#733, to-check=855/1752)
synthetic_008623/
synthetic_008623/composite_mean.pt
         232026 100%   29.92MB/s   00:00:00 (xfer#734, to-check=857/1752)
synthetic_008623/metadata.json
           1800 100%   22.02MB/s   00:00:00 (xfer#735, to-check=858/1752)
synthetic_008623/posterior_mean.pt
         232026 100%   12.13MB/s   00:00:00 (xfer#736, to-check=859/1752)
synthetic_008623/posterior_samples.pt
        4489216  18%    8.38MB/s   00:00:02       10256384  42%   10.77MB/s   00:00:01       16941056  69%   12.73MB/s   00:00:00       24018944  97%   13.26MB/s   00:00:00       24657317 100%   11.16MB/s   00:00:02 (xfer#737, to-check=860/1752)
synthetic_008623/posterior_std.pt
         232019 100%  129.86MB/s   00:00:00 (xfer#738, to-check=861/1752)
synthetic_008623/posterior_variance.pt
         232054 100%   24.25MB/s   00:00:00 (xfer#739, to-check=862/1752)
synthetic_008624/
synthetic_008624/composite_mean.pt
         232026 100%   18.78MB/s   00:00:00 (xfer#740, to-check=864/1752)
synthetic_008624/metadata.json
           1798 100%   36.51MB/s   00:00:00 (xfer#741, to-check=865/1752)
synthetic_008624/posterior_mean.pt
         232026 100%   16.89MB/s   00:00:00 (xfer#742, to-check=866/1752)
synthetic_008624/posterior_samples.pt
        6619136  27%   12.60MB/s   00:00:01       13303808  54%   12.66MB/s   00:00:00       19988480  81%   12.69MB/s   00:00:00       24657317 100%   12.40MB/s   00:00:01 (xfer#743, to-check=867/1752)
synthetic_008624/posterior_std.pt
         232019 100%  110.85MB/s   00:00:00 (xfer#744, to-check=868/1752)
synthetic_008624/posterior_variance.pt
         232054 100%  181.12MB/s   00:00:00 (xfer#745, to-check=869/1752)
synthetic_008625/
synthetic_008625/composite_mean.pt
         232026 100%   19.77MB/s   00:00:00 (xfer#746, to-check=871/1752)
synthetic_008625/metadata.json
           1798 100%   20.37MB/s   00:00:00 (xfer#747, to-check=872/1752)
synthetic_008625/posterior_mean.pt
         232026 100%    7.28MB/s   00:00:00 (xfer#748, to-check=873/1752)
synthetic_008625/posterior_samples.pt
        6979584  28%   13.15MB/s   00:00:01       13664256  55%   12.74MB/s   00:00:00       20348928  83%   12.75MB/s   00:00:00       24657317 100%   12.70MB/s   00:00:01 (xfer#749, to-check=874/1752)
synthetic_008625/posterior_std.pt
         232019 100%  173.96MB/s   00:00:00 (xfer#750, to-check=875/1752)
synthetic_008625/posterior_variance.pt
         232054 100%   42.70MB/s   00:00:00 (xfer#751, to-check=876/1752)
synthetic_008626/
synthetic_008626/composite_mean.pt
         232026 100%   12.91MB/s   00:00:00 (xfer#752, to-check=878/1752)
synthetic_008626/metadata.json
           1797 100%   19.07MB/s   00:00:00 (xfer#753, to-check=879/1752)
synthetic_008626/posterior_mean.pt
         232026 100%    9.83MB/s   00:00:00 (xfer#754, to-check=880/1752)
synthetic_008626/posterior_samples.pt
        6717440  27%   12.79MB/s   00:00:01       13402112  54%   12.63MB/s   00:00:00       20217856  82%   12.93MB/s   00:00:00       24657317 100%   12.64MB/s   00:00:01 (xfer#755, to-check=881/1752)
synthetic_008626/posterior_std.pt
         232019 100%   92.85MB/s   00:00:00 (xfer#756, to-check=882/1752)
synthetic_008626/posterior_variance.pt
         232054 100%   30.65MB/s   00:00:00 (xfer#757, to-check=883/1752)
synthetic_008627/
synthetic_008627/composite_mean.pt
         232026 100%   11.21MB/s   00:00:00 (xfer#758, to-check=885/1752)
synthetic_008627/metadata.json
           1800 100%   16.07MB/s   00:00:00 (xfer#759, to-check=886/1752)
synthetic_008627/posterior_mean.pt
         232026 100%    9.89MB/s   00:00:00 (xfer#760, to-check=887/1752)
synthetic_008627/posterior_samples.pt
        6848512  28%   12.86MB/s   00:00:01       13533184  55%   12.61MB/s   00:00:00       20348928  83%   12.81MB/s   00:00:00       24657317 100%   12.50MB/s   00:00:01 (xfer#761, to-check=888/1752)
synthetic_008627/posterior_std.pt
         232019 100%  109.26MB/s   00:00:00 (xfer#762, to-check=889/1752)
synthetic_008627/posterior_variance.pt
         232054 100%  247.26MB/s   00:00:00 (xfer#763, to-check=890/1752)
synthetic_008628/
synthetic_008628/composite_mean.pt
         232026 100%   21.04MB/s   00:00:00 (xfer#764, to-check=892/1752)
synthetic_008628/metadata.json
           1797 100%   14.67MB/s   00:00:00 (xfer#765, to-check=893/1752)
synthetic_008628/posterior_mean.pt
         232026 100%    5.83MB/s   00:00:00 (xfer#766, to-check=894/1752)
synthetic_008628/posterior_samples.pt
        7110656  29%   13.40MB/s   00:00:01       13795328  56%   12.62MB/s   00:00:00       20611072  84%   12.85MB/s   00:00:00       24657317 100%   12.69MB/s   00:00:01 (xfer#767, to-check=895/1752)
synthetic_008628/posterior_std.pt
         232019 100%  130.24MB/s   00:00:00 (xfer#768, to-check=896/1752)
synthetic_008628/posterior_variance.pt
         232054 100%  212.60MB/s   00:00:00 (xfer#769, to-check=897/1752)
synthetic_008629/
synthetic_008629/composite_mean.pt
         232026 100%   18.61MB/s   00:00:00 (xfer#770, to-check=899/1752)
synthetic_008629/metadata.json
           1798 100%   22.90MB/s   00:00:00 (xfer#771, to-check=900/1752)
synthetic_008629/posterior_mean.pt
         232026 100%   10.23MB/s   00:00:00 (xfer#772, to-check=901/1752)
synthetic_008629/posterior_samples.pt
        6848512  28%   12.73MB/s   00:00:01       13271040  54%   12.15MB/s   00:00:00       20086784  81%   12.78MB/s   00:00:00       24657317 100%   12.36MB/s   00:00:01 (xfer#773, to-check=902/1752)
synthetic_008629/posterior_std.pt
         232019 100%   86.23MB/s   00:00:00 (xfer#774, to-check=903/1752)
synthetic_008629/posterior_variance.pt
         232054 100%  185.20MB/s   00:00:00 (xfer#775, to-check=904/1752)
synthetic_008630/
synthetic_008630/composite_mean.pt
         232026 100%   16.80MB/s   00:00:00 (xfer#776, to-check=906/1752)
synthetic_008630/metadata.json
           1799 100%   24.48MB/s   00:00:00 (xfer#777, to-check=907/1752)
synthetic_008630/posterior_mean.pt
         232026 100%   13.61MB/s   00:00:00 (xfer#778, to-check=908/1752)
synthetic_008630/posterior_samples.pt
        6717440  27%   12.69MB/s   00:00:01       13467648  55%   12.87MB/s   00:00:00       20217856  82%   12.74MB/s   00:00:00       24657317 100%   12.55MB/s   00:00:01 (xfer#779, to-check=909/1752)
synthetic_008630/posterior_std.pt
         232019 100%  137.86MB/s   00:00:00 (xfer#780, to-check=910/1752)
synthetic_008630/posterior_variance.pt
         232054 100%  192.94MB/s   00:00:00 (xfer#781, to-check=911/1752)
synthetic_008631/
synthetic_008631/composite_mean.pt
         232026 100%   11.94MB/s   00:00:00 (xfer#782, to-check=913/1752)
synthetic_008631/metadata.json
           1798 100%   31.82MB/s   00:00:00 (xfer#783, to-check=914/1752)
synthetic_008631/posterior_mean.pt
         232026 100%   11.37MB/s   00:00:00 (xfer#784, to-check=915/1752)
synthetic_008631/posterior_samples.pt
        6815744  28%   12.87MB/s   00:00:01       13500416  55%   12.67MB/s   00:00:00       20316160  82%   12.77MB/s   00:00:00       24657317 100%   12.61MB/s   00:00:01 (xfer#785, to-check=916/1752)
synthetic_008631/posterior_std.pt
         232019 100%   90.54MB/s   00:00:00 (xfer#786, to-check=917/1752)
synthetic_008631/posterior_variance.pt
         232054 100%   25.77MB/s   00:00:00 (xfer#787, to-check=918/1752)
synthetic_008632/
synthetic_008632/composite_mean.pt
         232026 100%   23.33MB/s   00:00:00 (xfer#788, to-check=920/1752)
synthetic_008632/metadata.json
           1799 100%   26.46MB/s   00:00:00 (xfer#789, to-check=921/1752)
synthetic_008632/posterior_mean.pt
         232026 100%   10.61MB/s   00:00:00 (xfer#790, to-check=922/1752)
synthetic_008632/posterior_samples.pt
        6422528  26%   10.54MB/s   00:00:01       12288000  50%   11.10MB/s   00:00:01       18382848  75%   11.62MB/s   00:00:00       21266432  86%    5.15MB/s   00:00:00       24657317 100%    9.16MB/s   00:00:02 (xfer#791, to-check=923/1752)
synthetic_008632/posterior_std.pt
         232019 100%  130.70MB/s   00:00:00 (xfer#792, to-check=924/1752)
synthetic_008632/posterior_variance.pt
         232054 100%   74.44MB/s   00:00:00 (xfer#793, to-check=925/1752)
synthetic_008633/
synthetic_008633/composite_mean.pt
         232026 100%    9.30MB/s   00:00:00 (xfer#794, to-check=927/1752)
synthetic_008633/metadata.json
           1799 100%   18.08MB/s   00:00:00 (xfer#795, to-check=928/1752)
synthetic_008633/posterior_mean.pt
         232026 100%    6.22MB/s   00:00:00 (xfer#796, to-check=929/1752)
synthetic_008633/posterior_samples.pt
        3899392  16%    7.42MB/s   00:00:02        7045120  29%    5.57MB/s   00:00:03       10878976  44%    7.30MB/s   00:00:01       14385152  58%    6.56MB/s   00:00:01       18186240  74%    6.77MB/s   00:00:00       22249472  90%    7.62MB/s   00:00:00       24657317 100%    6.85MB/s   00:00:03 (xfer#797, to-check=930/1752)
synthetic_008633/posterior_std.pt
         232019 100%   85.86MB/s   00:00:00 (xfer#798, to-check=931/1752)
synthetic_008633/posterior_variance.pt
         232054 100%   11.01MB/s   00:00:00 (xfer#799, to-check=932/1752)
synthetic_008634/
synthetic_008634/composite_mean.pt
         232026 100%   10.88MB/s   00:00:00 (xfer#800, to-check=934/1752)
synthetic_008634/metadata.json
           1799 100%   26.75MB/s   00:00:00 (xfer#801, to-check=935/1752)
synthetic_008634/posterior_mean.pt
         232026 100%    6.66MB/s   00:00:00 (xfer#802, to-check=936/1752)
synthetic_008634/posterior_samples.pt
        4259840  17%    7.64MB/s   00:00:02        8192000  33%    7.29MB/s   00:00:02       12255232  50%    7.59MB/s   00:00:01       16449536  67%    7.78MB/s   00:00:01       20250624  82%    6.98MB/s   00:00:00       24313856  99%    7.61MB/s   00:00:00       24657317 100%    7.43MB/s   00:00:03 (xfer#803, to-check=937/1752)
synthetic_008634/posterior_std.pt
         232019 100%  123.61MB/s   00:00:00 (xfer#804, to-check=938/1752)
synthetic_008634/posterior_variance.pt
         232054 100%   10.52MB/s   00:00:00 (xfer#805, to-check=939/1752)
synthetic_008635/
synthetic_008635/composite_mean.pt
         232026 100%    4.74MB/s   00:00:00 (xfer#806, to-check=941/1752)
synthetic_008635/metadata.json
           1798 100%   20.43MB/s   00:00:00 (xfer#807, to-check=942/1752)
synthetic_008635/posterior_mean.pt
         232026 100%   24.09MB/s   00:00:00 (xfer#808, to-check=943/1752)
synthetic_008635/posterior_samples.pt
        4161536  17%    7.48MB/s   00:00:02        8749056  35%    8.15MB/s   00:00:01       13074432  53%    8.15MB/s   00:00:01       17661952  72%    8.17MB/s   00:00:00       22511616  91%    8.51MB/s   00:00:00       24657317 100%    8.07MB/s   00:00:02 (xfer#809, to-check=944/1752)
synthetic_008635/posterior_std.pt
         232019 100%   11.17MB/s   00:00:00 (xfer#810, to-check=945/1752)
synthetic_008635/posterior_variance.pt
         232054 100%   23.29MB/s   00:00:00 (xfer#811, to-check=946/1752)
synthetic_008636/
synthetic_008636/composite_mean.pt
         232026 100%    4.26MB/s   00:00:00 (xfer#812, to-check=948/1752)
synthetic_008636/metadata.json
           1797 100%   16.83MB/s   00:00:00 (xfer#813, to-check=949/1752)
synthetic_008636/posterior_mean.pt
         232026 100%   45.71MB/s   00:00:00 (xfer#814, to-check=950/1752)
synthetic_008636/posterior_samples.pt
        4587520  19%    8.52MB/s   00:00:02        9437184  38%    9.22MB/s   00:00:01       13500416  55%    7.46MB/s   00:00:01       18743296  76%    9.48MB/s   00:00:00       24117248  98%    9.86MB/s   00:00:00       24657317 100%    8.85MB/s   00:00:02 (xfer#815, to-check=951/1752)
synthetic_008636/posterior_std.pt
         232019 100%  156.93MB/s   00:00:00 (xfer#816, to-check=952/1752)
synthetic_008636/posterior_variance.pt
         232054 100%   43.60MB/s   00:00:00 (xfer#817, to-check=953/1752)
synthetic_008637/
synthetic_008637/composite_mean.pt
         232026 100%   10.44MB/s   00:00:00 (xfer#818, to-check=955/1752)
synthetic_008637/metadata.json
           1798 100%   15.74MB/s   00:00:00 (xfer#819, to-check=956/1752)
synthetic_008637/posterior_mean.pt
         232026 100%    4.65MB/s   00:00:00 (xfer#820, to-check=957/1752)
synthetic_008637/posterior_samples.pt
        5079040  21%    9.65MB/s   00:00:01       10977280  45%   11.00MB/s   00:00:01       17137664  70%   11.70MB/s   00:00:00       23822336  97%   12.66MB/s   00:00:00       24657317 100%   11.25MB/s   00:00:02 (xfer#821, to-check=958/1752)
synthetic_008637/posterior_std.pt
         232019 100%   29.04MB/s   00:00:00 (xfer#822, to-check=959/1752)
synthetic_008637/posterior_variance.pt
         232054 100%   15.06MB/s   00:00:00 (xfer#823, to-check=960/1752)
synthetic_008638/
synthetic_008638/composite_mean.pt
         232026 100%   39.26MB/s   00:00:00 (xfer#824, to-check=962/1752)
synthetic_008638/metadata.json
           1798 100%  487.63KB/s   00:00:00 (xfer#825, to-check=963/1752)
synthetic_008638/posterior_mean.pt
         232026 100%   19.29MB/s   00:00:00 (xfer#826, to-check=964/1752)
synthetic_008638/posterior_samples.pt
        3899392  16%    6.90MB/s   00:00:02        9142272  37%    9.72MB/s   00:00:01       14516224  59%    9.80MB/s   00:00:00       20152320  82%   10.73MB/s   00:00:00       24657317 100%    9.38MB/s   00:00:02 (xfer#827, to-check=965/1752)
synthetic_008638/posterior_std.pt
         232019 100%    6.10MB/s   00:00:00 (xfer#828, to-check=966/1752)
synthetic_008638/posterior_variance.pt
         232054 100%   17.38MB/s   00:00:00 (xfer#829, to-check=967/1752)
synthetic_008639/
synthetic_008639/composite_mean.pt
         232026 100%   89.19MB/s   00:00:00 (xfer#830, to-check=969/1752)
synthetic_008639/metadata.json
           1800 100%  877.61KB/s   00:00:00 (xfer#831, to-check=970/1752)
synthetic_008639/posterior_mean.pt
         232026 100%    5.73MB/s   00:00:00 (xfer#832, to-check=971/1752)
synthetic_008639/posterior_samples.pt
        6094848  25%   11.38MB/s   00:00:01       12648448  51%   12.23MB/s   00:00:00       18153472  74%   10.36MB/s   00:00:00       24313856  99%   11.64MB/s   00:00:00       24657317 100%   11.26MB/s   00:00:02 (xfer#833, to-check=972/1752)
synthetic_008639/posterior_std.pt
         232019 100%  174.52MB/s   00:00:00 (xfer#834, to-check=973/1752)
synthetic_008639/posterior_variance.pt
         232054 100%   33.18MB/s   00:00:00 (xfer#835, to-check=974/1752)
synthetic_008640/
synthetic_008640/composite_mean.pt
         232026 100%    8.67MB/s   00:00:00 (xfer#836, to-check=976/1752)
synthetic_008640/metadata.json
           1800 100%   32.43MB/s   00:00:00 (xfer#837, to-check=977/1752)
synthetic_008640/posterior_mean.pt
         232026 100%   66.81MB/s   00:00:00 (xfer#838, to-check=978/1752)
synthetic_008640/posterior_samples.pt
        7143424  29%   13.31MB/s   00:00:01       14090240  57%   13.21MB/s   00:00:00       20905984  85%   12.84MB/s   00:00:00       24657317 100%   12.68MB/s   00:00:01 (xfer#839, to-check=979/1752)
synthetic_008640/posterior_std.pt
         232019 100%   83.53MB/s   00:00:00 (xfer#840, to-check=980/1752)
synthetic_008640/posterior_variance.pt
         232054 100%   15.05MB/s   00:00:00 (xfer#841, to-check=981/1752)
synthetic_008641/
synthetic_008641/composite_mean.pt
         232026 100%    8.87MB/s   00:00:00 (xfer#842, to-check=983/1752)
synthetic_008641/metadata.json
           1799 100%   30.11MB/s   00:00:00 (xfer#843, to-check=984/1752)
synthetic_008641/posterior_mean.pt
         232026 100%   21.41MB/s   00:00:00 (xfer#844, to-check=985/1752)
synthetic_008641/posterior_samples.pt
        7176192  29%   13.36MB/s   00:00:01       13991936  57%   12.35MB/s   00:00:00       20676608  84%   12.59MB/s   00:00:00       24657317 100%   12.61MB/s   00:00:01 (xfer#845, to-check=986/1752)
synthetic_008641/posterior_std.pt
         232019 100%   85.66MB/s   00:00:00 (xfer#846, to-check=987/1752)
synthetic_008641/posterior_variance.pt
         232054 100%   24.09MB/s   00:00:00 (xfer#847, to-check=988/1752)
synthetic_008642/
synthetic_008642/composite_mean.pt
         232026 100%   21.23MB/s   00:00:00 (xfer#848, to-check=990/1752)
synthetic_008642/metadata.json
           1798 100%   29.00MB/s   00:00:00 (xfer#849, to-check=991/1752)
synthetic_008642/posterior_mean.pt
         232026 100%   12.62MB/s   00:00:00 (xfer#850, to-check=992/1752)
synthetic_008642/posterior_samples.pt
        6619136  27%   12.61MB/s   00:00:01       13041664  53%   11.90MB/s   00:00:00       19726336  80%   12.60MB/s   00:00:00       24657317 100%   12.44MB/s   00:00:01 (xfer#851, to-check=993/1752)
synthetic_008642/posterior_std.pt
         232019 100%   47.54MB/s   00:00:00 (xfer#852, to-check=994/1752)
synthetic_008642/posterior_variance.pt
         232054 100%    9.89MB/s   00:00:00 (xfer#853, to-check=995/1752)
synthetic_008643/
synthetic_008643/composite_mean.pt
         232026 100%   25.85MB/s   00:00:00 (xfer#854, to-check=997/1752)
synthetic_008643/metadata.json
           1798 100%   37.26MB/s   00:00:00 (xfer#855, to-check=998/1752)
synthetic_008643/posterior_mean.pt
         232026 100%   38.03MB/s   00:00:00 (xfer#856, to-check=999/1752)
synthetic_008643/posterior_samples.pt
        6619136  27%   12.51MB/s   00:00:01       12648448  51%   11.29MB/s   00:00:01       18644992  76%   10.61MB/s   00:00:00       22970368  93%    7.82MB/s   00:00:00       24657317 100%   10.44MB/s   00:00:02 (xfer#857, to-check=1000/1752)
synthetic_008643/posterior_std.pt
         232019 100%   95.62MB/s   00:00:00 (xfer#858, to-check=1001/1752)
synthetic_008643/posterior_variance.pt
         232054 100%   21.65MB/s   00:00:00 (xfer#859, to-check=1002/1752)
synthetic_008644/
synthetic_008644/composite_mean.pt
         232026 100%   44.03MB/s   00:00:00 (xfer#860, to-check=1004/1752)
synthetic_008644/metadata.json
           1799 100%   27.15MB/s   00:00:00 (xfer#861, to-check=1005/1752)
synthetic_008644/posterior_mean.pt
         232026 100%    4.39MB/s   00:00:00 (xfer#862, to-check=1006/1752)
synthetic_008644/posterior_samples.pt
        5832704  24%   11.03MB/s   00:00:01       12255232  50%   12.15MB/s   00:00:00       17367040  70%    9.71MB/s   00:00:00       23887872  97%   12.40MB/s   00:00:00       24657317 100%   11.26MB/s   00:00:02 (xfer#863, to-check=1007/1752)
synthetic_008644/posterior_std.pt
         232019 100%  121.71MB/s   00:00:00 (xfer#864, to-check=1008/1752)
synthetic_008644/posterior_variance.pt
         232054 100%    9.37MB/s   00:00:00 (xfer#865, to-check=1009/1752)
synthetic_008645/
synthetic_008645/composite_mean.pt
         232026 100%   21.62MB/s   00:00:00 (xfer#866, to-check=1011/1752)
synthetic_008645/metadata.json
           1799 100%   22.01MB/s   00:00:00 (xfer#867, to-check=1012/1752)
synthetic_008645/posterior_mean.pt
         232026 100%   27.14MB/s   00:00:00 (xfer#868, to-check=1013/1752)
synthetic_008645/posterior_samples.pt
        4915200  20%    9.09MB/s   00:00:02       11599872  47%   12.02MB/s   00:00:01       18415616  75%   12.75MB/s   00:00:00       24657317 100%   11.31MB/s   00:00:00       24657317 100%   11.15MB/s   00:00:02 (xfer#869, to-check=1014/1752)
synthetic_008645/posterior_std.pt
         232019 100%  202.46MB/s   00:00:00 (xfer#870, to-check=1015/1752)
synthetic_008645/posterior_variance.pt
         232054 100%  243.43MB/s   00:00:00 (xfer#871, to-check=1016/1752)
synthetic_008646/
synthetic_008646/composite_mean.pt
         232026 100%  178.00MB/s   00:00:00 (xfer#872, to-check=1018/1752)
synthetic_008646/metadata.json
           1798 100%   32.40MB/s   00:00:00 (xfer#873, to-check=1019/1752)
synthetic_008646/posterior_mean.pt
         232026 100%    7.61MB/s   00:00:00 (xfer#874, to-check=1020/1752)
synthetic_008646/posterior_samples.pt
        6848512  28%   13.00MB/s   00:00:01       12484608  51%   10.68MB/s   00:00:01       19169280  78%   12.71MB/s   00:00:00       24657317 100%   12.15MB/s   00:00:01 (xfer#875, to-check=1021/1752)
synthetic_008646/posterior_std.pt
         232019 100%  198.26MB/s   00:00:00 (xfer#876, to-check=1022/1752)
synthetic_008646/posterior_variance.pt
         232054 100%  245.37MB/s   00:00:00 (xfer#877, to-check=1023/1752)
synthetic_008647/
synthetic_008647/composite_mean.pt
         232026 100%   48.21MB/s   00:00:00 (xfer#878, to-check=1025/1752)
synthetic_008647/metadata.json
           1798 100%   41.81MB/s   00:00:00 (xfer#879, to-check=1026/1752)
synthetic_008647/posterior_mean.pt
         232026 100%    7.35MB/s   00:00:00 (xfer#880, to-check=1027/1752)
synthetic_008647/posterior_samples.pt
        6979584  28%   13.31MB/s   00:00:01       13664256  55%   12.57MB/s   00:00:00       20480000  83%   12.80MB/s   00:00:00       24657317 100%   12.69MB/s   00:00:01 (xfer#881, to-check=1028/1752)
synthetic_008647/posterior_std.pt
         232019 100%   96.80MB/s   00:00:00 (xfer#882, to-check=1029/1752)
synthetic_008647/posterior_variance.pt
         232054 100%  209.34MB/s   00:00:00 (xfer#883, to-check=1030/1752)
synthetic_008648/
synthetic_008648/composite_mean.pt
         232026 100%   10.91MB/s   00:00:00 (xfer#884, to-check=1032/1752)
synthetic_008648/metadata.json
           1799 100%   25.98MB/s   00:00:00 (xfer#885, to-check=1033/1752)
synthetic_008648/posterior_mean.pt
         232026 100%   11.83MB/s   00:00:00 (xfer#886, to-check=1034/1752)
synthetic_008648/posterior_samples.pt
        6684672  27%   12.70MB/s   00:00:01       13369344  54%   12.69MB/s   00:00:00       20054016  81%   12.65MB/s   00:00:00       24657317 100%   12.57MB/s   00:00:01 (xfer#887, to-check=1035/1752)
synthetic_008648/posterior_std.pt
         232019 100%  129.10MB/s   00:00:00 (xfer#888, to-check=1036/1752)
synthetic_008648/posterior_variance.pt
         232054 100%   19.43MB/s   00:00:00 (xfer#889, to-check=1037/1752)
synthetic_008649/
synthetic_008649/composite_mean.pt
         232026 100%   22.62MB/s   00:00:00 (xfer#890, to-check=1039/1752)
synthetic_008649/metadata.json
           1799 100%   32.41MB/s   00:00:00 (xfer#891, to-check=1040/1752)
synthetic_008649/posterior_mean.pt
         232026 100%   11.27MB/s   00:00:00 (xfer#892, to-check=1041/1752)
synthetic_008649/posterior_samples.pt
        6717440  27%   12.58MB/s   00:00:01       13533184  55%   12.82MB/s   00:00:00       20217856  82%   12.64MB/s   00:00:00       24657317 100%   12.55MB/s   00:00:01 (xfer#893, to-check=1042/1752)
synthetic_008649/posterior_std.pt
         232019 100%  195.96MB/s   00:00:00 (xfer#894, to-check=1043/1752)
synthetic_008649/posterior_variance.pt
         232054 100%   31.28MB/s   00:00:00 (xfer#895, to-check=1044/1752)
synthetic_008650/
synthetic_008650/composite_mean.pt
         232026 100%   13.23MB/s   00:00:00 (xfer#896, to-check=1046/1752)
synthetic_008650/metadata.json
           1797 100%   37.24MB/s   00:00:00 (xfer#897, to-check=1047/1752)
synthetic_008650/posterior_mean.pt
         232026 100%   10.45MB/s   00:00:00 (xfer#898, to-check=1048/1752)
synthetic_008650/posterior_samples.pt
        6324224  26%   11.57MB/s   00:00:01       13402112  54%   13.32MB/s   00:00:00       19234816  78%   10.85MB/s   00:00:00       24657317 100%   11.58MB/s   00:00:02 (xfer#899, to-check=1049/1752)
synthetic_008650/posterior_std.pt
         232019 100%   57.79MB/s   00:00:00 (xfer#900, to-check=1050/1752)
synthetic_008650/posterior_variance.pt
         232054 100%    4.23MB/s   00:00:00 (xfer#901, to-check=1051/1752)
synthetic_008651/
synthetic_008651/composite_mean.pt
         232026 100%   12.31MB/s   00:00:00 (xfer#902, to-check=1053/1752)
synthetic_008651/metadata.json
           1801 100%   35.84MB/s   00:00:00 (xfer#903, to-check=1054/1752)
synthetic_008651/posterior_mean.pt
         232026 100%   81.15MB/s   00:00:00 (xfer#904, to-check=1055/1752)
synthetic_008651/posterior_samples.pt
        6029312  24%   10.86MB/s   00:00:01       12320768  50%   11.24MB/s   00:00:01       19169280  78%   13.06MB/s   00:00:00       24657317 100%   11.90MB/s   00:00:01 (xfer#905, to-check=1056/1752)
synthetic_008651/posterior_std.pt
         232019 100%  141.11MB/s   00:00:00 (xfer#906, to-check=1057/1752)
synthetic_008651/posterior_variance.pt
         232054 100%   13.50MB/s   00:00:00 (xfer#907, to-check=1058/1752)
synthetic_008652/
synthetic_008652/composite_mean.pt
         232026 100%   84.62MB/s   00:00:00 (xfer#908, to-check=1060/1752)
synthetic_008652/metadata.json
           1800 100%   31.17MB/s   00:00:00 (xfer#909, to-check=1061/1752)
synthetic_008652/posterior_mean.pt
         232026 100%    8.19MB/s   00:00:00 (xfer#910, to-check=1062/1752)
synthetic_008652/posterior_samples.pt
        6750208  27%   12.84MB/s   00:00:01       13434880  54%   12.72MB/s   00:00:00       19333120  78%   11.16MB/s   00:00:00       24657317 100%   10.03MB/s   00:00:00       24657317 100%   11.48MB/s   00:00:02 (xfer#911, to-check=1063/1752)
synthetic_008652/posterior_std.pt
         232019 100%  122.86MB/s   00:00:00 (xfer#912, to-check=1064/1752)
synthetic_008652/posterior_variance.pt
         232054 100%  263.77MB/s   00:00:00 (xfer#913, to-check=1065/1752)
synthetic_008653/
synthetic_008653/composite_mean.pt
         232026 100%   43.11MB/s   00:00:00 (xfer#914, to-check=1067/1752)
synthetic_008653/metadata.json
           1801 100%   29.17MB/s   00:00:00 (xfer#915, to-check=1068/1752)
synthetic_008653/posterior_mean.pt
         232026 100%    8.93MB/s   00:00:00 (xfer#916, to-check=1069/1752)
synthetic_008653/posterior_samples.pt
        4554752  18%    8.68MB/s   00:00:02        8486912  34%    7.36MB/s   00:00:02       12845056  52%    8.31MB/s   00:00:01       17399808  71%    8.34MB/s   00:00:00       22118400  90%    9.00MB/s   00:00:00       24657317 100%    8.30MB/s   00:00:02 (xfer#917, to-check=1070/1752)
synthetic_008653/posterior_std.pt
         232019 100%   33.97MB/s   00:00:00 (xfer#918, to-check=1071/1752)
synthetic_008653/posterior_variance.pt
         232054 100%   11.27MB/s   00:00:00 (xfer#919, to-check=1072/1752)
synthetic_008654/
synthetic_008654/composite_mean.pt
         232026 100%    5.55MB/s   00:00:00 (xfer#920, to-check=1074/1752)
synthetic_008654/metadata.json
           1799 100%   17.13MB/s   00:00:00 (xfer#921, to-check=1075/1752)
synthetic_008654/posterior_mean.pt
         232026 100%   28.54MB/s   00:00:00 (xfer#922, to-check=1076/1752)
synthetic_008654/posterior_samples.pt
        4292608  17%    8.18MB/s   00:00:02        9142272  37%    9.24MB/s   00:00:01       13860864  56%    8.67MB/s   00:00:01       18579456  75%    8.86MB/s   00:00:00       23560192  96%    9.44MB/s   00:00:00       24657317 100%    8.76MB/s   00:00:02 (xfer#923, to-check=1077/1752)
synthetic_008654/posterior_std.pt
         232019 100%  101.09MB/s   00:00:00 (xfer#924, to-check=1078/1752)
synthetic_008654/posterior_variance.pt
         232054 100%   16.21MB/s   00:00:00 (xfer#925, to-check=1079/1752)
synthetic_008655/
synthetic_008655/composite_mean.pt
         232026 100%   31.97MB/s   00:00:00 (xfer#926, to-check=1081/1752)
synthetic_008655/metadata.json
           1800 100%   21.18MB/s   00:00:00 (xfer#927, to-check=1082/1752)
synthetic_008655/posterior_mean.pt
         232026 100%   12.80MB/s   00:00:00 (xfer#928, to-check=1083/1752)
synthetic_008655/posterior_samples.pt
        4980736  20%    8.91MB/s   00:00:02        9830400  40%    8.80MB/s   00:00:01       14811136  60%    9.49MB/s   00:00:00       20185088  82%    9.84MB/s   00:00:00       24657317 100%    9.23MB/s   00:00:02 (xfer#929, to-check=1084/1752)
synthetic_008655/posterior_std.pt
         232019 100%   92.12MB/s   00:00:00 (xfer#930, to-check=1085/1752)
synthetic_008655/posterior_variance.pt
         232054 100%   15.91MB/s   00:00:00 (xfer#931, to-check=1086/1752)
synthetic_008656/
synthetic_008656/composite_mean.pt
         232026 100%   27.33MB/s   00:00:00 (xfer#932, to-check=1088/1752)
synthetic_008656/metadata.json
           1800 100%   24.91MB/s   00:00:00 (xfer#933, to-check=1089/1752)
synthetic_008656/posterior_mean.pt
         232026 100%    4.88MB/s   00:00:00 (xfer#934, to-check=1090/1752)
synthetic_008656/posterior_samples.pt
        4816896  20%    9.14MB/s   00:00:02       10190848  41%    9.84MB/s   00:00:01       15564800  63%    9.99MB/s   00:00:00       20938752  85%   10.16MB/s   00:00:00       24657317 100%    9.77MB/s   00:00:02 (xfer#935, to-check=1091/1752)
synthetic_008656/posterior_std.pt
         232019 100%  122.24MB/s   00:00:00 (xfer#936, to-check=1092/1752)
synthetic_008656/posterior_variance.pt
         232054 100%   13.69MB/s   00:00:00 (xfer#937, to-check=1093/1752)
synthetic_008657/
synthetic_008657/composite_mean.pt
         232026 100%   33.49MB/s   00:00:00 (xfer#938, to-check=1095/1752)
synthetic_008657/metadata.json
           1801 100%   30.14MB/s   00:00:00 (xfer#939, to-check=1096/1752)
synthetic_008657/posterior_mean.pt
         232026 100%    6.17MB/s   00:00:00 (xfer#940, to-check=1097/1752)
synthetic_008657/posterior_samples.pt
        5439488  22%   10.15MB/s   00:00:01       10551296  43%    9.27MB/s   00:00:01       16678912  68%   11.67MB/s   00:00:00       22839296  93%   11.33MB/s   00:00:00       24657317 100%   10.63MB/s   00:00:02 (xfer#941, to-check=1098/1752)
synthetic_008657/posterior_std.pt
         232019 100%  212.96MB/s   00:00:00 (xfer#942, to-check=1099/1752)
synthetic_008657/posterior_variance.pt
         232054 100%   10.04MB/s   00:00:00 (xfer#943, to-check=1100/1752)
synthetic_008658/
synthetic_008658/composite_mean.pt
         232026 100%    9.22MB/s   00:00:00 (xfer#944, to-check=1102/1752)
synthetic_008658/metadata.json
           1800 100%   30.64MB/s   00:00:00 (xfer#945, to-check=1103/1752)
synthetic_008658/posterior_mean.pt
         232026 100%    7.25MB/s   00:00:00 (xfer#946, to-check=1104/1752)
synthetic_008658/posterior_samples.pt
        5734400  23%   10.53MB/s   00:00:01       12156928  49%   12.20MB/s   00:00:00       19496960  79%   13.98MB/s   00:00:00       24657317 100%   11.76MB/s   00:00:02 (xfer#947, to-check=1105/1752)
synthetic_008658/posterior_std.pt
         232019 100%   90.39MB/s   00:00:00 (xfer#948, to-check=1106/1752)
synthetic_008658/posterior_variance.pt
         232054 100%  210.58MB/s   00:00:00 (xfer#949, to-check=1107/1752)
synthetic_008659/
synthetic_008659/composite_mean.pt
         232026 100%    4.08MB/s   00:00:00 (xfer#950, to-check=1109/1752)
synthetic_008659/metadata.json
           1800 100%   20.93MB/s   00:00:00 (xfer#951, to-check=1110/1752)
synthetic_008659/posterior_mean.pt
         232026 100%    3.43MB/s   00:00:00 (xfer#952, to-check=1111/1752)
synthetic_008659/posterior_samples.pt
        5406720  22%   10.28MB/s   00:00:01       11436032  46%   11.32MB/s   00:00:01       17596416  71%   11.10MB/s   00:00:00       23756800  96%   11.72MB/s   00:00:00       24657317 100%   11.02MB/s   00:00:02 (xfer#953, to-check=1112/1752)
synthetic_008659/posterior_std.pt
         232019 100%   33.18MB/s   00:00:00 (xfer#954, to-check=1113/1752)
synthetic_008659/posterior_variance.pt
         232054 100%   13.35MB/s   00:00:00 (xfer#955, to-check=1114/1752)
synthetic_008660/
synthetic_008660/composite_mean.pt
         232026 100%   95.54MB/s   00:00:00 (xfer#956, to-check=1116/1752)
synthetic_008660/metadata.json
           1801 100%   43.93MB/s   00:00:00 (xfer#957, to-check=1117/1752)
synthetic_008660/posterior_mean.pt
         232026 100%   28.13MB/s   00:00:00 (xfer#958, to-check=1118/1752)
synthetic_008660/posterior_samples.pt
        7077888  29%   12.68MB/s   00:00:01       14155776  57%   13.37MB/s   00:00:00       20971520  85%   12.83MB/s   00:00:00       24657317 100%   12.76MB/s   00:00:01 (xfer#959, to-check=1119/1752)
synthetic_008660/posterior_std.pt
         232019 100%  185.32MB/s   00:00:00 (xfer#960, to-check=1120/1752)
synthetic_008660/posterior_variance.pt
         232054 100%   24.91MB/s   00:00:00 (xfer#961, to-check=1121/1752)
synthetic_008661/
synthetic_008661/composite_mean.pt
         232026 100%   23.04MB/s   00:00:00 (xfer#962, to-check=1123/1752)
synthetic_008661/metadata.json
           1799 100%   42.08MB/s   00:00:00 (xfer#963, to-check=1124/1752)
synthetic_008661/posterior_mean.pt
         232026 100%   10.65MB/s   00:00:00 (xfer#964, to-check=1125/1752)
synthetic_008661/posterior_samples.pt
        6750208  27%   12.71MB/s   00:00:01       13565952  55%   12.78MB/s   00:00:00       20316160  82%   12.87MB/s   00:00:00       24657317 100%   12.56MB/s   00:00:01 (xfer#965, to-check=1126/1752)
synthetic_008661/posterior_std.pt
         232019 100%  184.73MB/s   00:00:00 (xfer#966, to-check=1127/1752)
synthetic_008661/posterior_variance.pt
         232054 100%   86.41MB/s   00:00:00 (xfer#967, to-check=1128/1752)
synthetic_008662/
synthetic_008662/composite_mean.pt
         232026 100%   11.16MB/s   00:00:00 (xfer#968, to-check=1130/1752)
synthetic_008662/metadata.json
           1801 100%   39.15MB/s   00:00:00 (xfer#969, to-check=1131/1752)
synthetic_008662/posterior_mean.pt
         232026 100%   13.19MB/s   00:00:00 (xfer#970, to-check=1132/1752)
synthetic_008662/posterior_samples.pt
        6684672  27%   12.74MB/s   00:00:01       11632640  47%    8.95MB/s   00:00:01       17006592  69%   10.12MB/s   00:00:00       22904832  93%   11.09MB/s   00:00:00       24657317 100%   10.37MB/s   00:00:02 (xfer#971, to-check=1133/1752)
synthetic_008662/posterior_std.pt
         232019 100%  178.89MB/s   00:00:00 (xfer#972, to-check=1134/1752)
synthetic_008662/posterior_variance.pt
         232054 100%  273.17MB/s   00:00:00 (xfer#973, to-check=1135/1752)
synthetic_008663/
synthetic_008663/composite_mean.pt
         232026 100%    2.70MB/s   00:00:00 (xfer#974, to-check=1137/1752)
synthetic_008663/metadata.json
           1800 100%   22.29MB/s   00:00:00 (xfer#975, to-check=1138/1752)
synthetic_008663/posterior_mean.pt
         232026 100%  150.54MB/s   00:00:00 (xfer#976, to-check=1139/1752)
synthetic_008663/posterior_samples.pt
        4915200  20%    9.28MB/s   00:00:02       11075584  45%   11.47MB/s   00:00:01       17039360  69%   11.37MB/s   00:00:00       20545536  83%    6.31MB/s   00:00:00       24657317 100%    9.39MB/s   00:00:02 (xfer#977, to-check=1140/1752)
synthetic_008663/posterior_std.pt
         232019 100%   22.73MB/s   00:00:00 (xfer#978, to-check=1141/1752)
synthetic_008663/posterior_variance.pt
         232054 100%   17.37MB/s   00:00:00 (xfer#979, to-check=1142/1752)
synthetic_008664/
synthetic_008664/composite_mean.pt
         232026 100%    5.08MB/s   00:00:00 (xfer#980, to-check=1144/1752)
synthetic_008664/metadata.json
           1801 100%   26.78MB/s   00:00:00 (xfer#981, to-check=1145/1752)
synthetic_008664/posterior_mean.pt
         232026 100%   35.29MB/s   00:00:00 (xfer#982, to-check=1146/1752)
synthetic_008664/posterior_samples.pt
        4947968  20%    9.34MB/s   00:00:02        9535488  39%    8.52MB/s   00:00:01       14647296  59%    9.32MB/s   00:00:01       20283392  82%   10.68MB/s   00:00:00       24657317 100%    9.47MB/s   00:00:02 (xfer#983, to-check=1147/1752)
synthetic_008664/posterior_std.pt
         232019 100%  147.41MB/s   00:00:00 (xfer#984, to-check=1148/1752)
synthetic_008664/posterior_variance.pt
         232054 100%   11.90MB/s   00:00:00 (xfer#985, to-check=1149/1752)
synthetic_008665/
synthetic_008665/composite_mean.pt
         232026 100%   12.27MB/s   00:00:00 (xfer#986, to-check=1151/1752)
synthetic_008665/metadata.json
           1800 100%   33.03MB/s   00:00:00 (xfer#987, to-check=1152/1752)
synthetic_008665/posterior_mean.pt
         232026 100%   16.61MB/s   00:00:00 (xfer#988, to-check=1153/1752)
synthetic_008665/posterior_samples.pt
        4980736  20%    9.43MB/s   00:00:01       10420224  42%   10.37MB/s   00:00:01       15597568  63%    9.75MB/s   00:00:00       20971520  85%   10.24MB/s   00:00:00       24657317 100%    9.77MB/s   00:00:02 (xfer#989, to-check=1154/1752)
synthetic_008665/posterior_std.pt
         232019 100%   17.20MB/s   00:00:00 (xfer#990, to-check=1155/1752)
synthetic_008665/posterior_variance.pt
         232054 100%   24.31MB/s   00:00:00 (xfer#991, to-check=1156/1752)
synthetic_008666/
synthetic_008666/composite_mean.pt
         232026 100%   21.34MB/s   00:00:00 (xfer#992, to-check=1158/1752)
synthetic_008666/metadata.json
           1800 100%   31.72MB/s   00:00:00 (xfer#993, to-check=1159/1752)
synthetic_008666/posterior_mean.pt
         232026 100%    4.63MB/s   00:00:00 (xfer#994, to-check=1160/1752)
synthetic_008666/posterior_samples.pt
        5439488  22%   10.35MB/s   00:00:01       11206656  45%   10.88MB/s   00:00:01       16711680  68%   10.17MB/s   00:00:00       22347776  91%   10.62MB/s   00:00:00       24657317 100%   10.39MB/s   00:00:02 (xfer#995, to-check=1161/1752)
synthetic_008666/posterior_std.pt
         232019 100%   42.38MB/s   00:00:00 (xfer#996, to-check=1162/1752)
synthetic_008666/posterior_variance.pt
         232054 100%   30.56MB/s   00:00:00 (xfer#997, to-check=1163/1752)
synthetic_008667/
synthetic_008667/composite_mean.pt
         232026 100%    8.58MB/s   00:00:00 (xfer#998, to-check=1165/1752)
synthetic_008667/metadata.json
           1801 100%   35.66MB/s   00:00:00 (xfer#999, to-check=1166/1752)
synthetic_008667/posterior_mean.pt
         232026 100%    7.84MB/s   00:00:00 (xfer#1000, to-check=1167/1752)
synthetic_008667/posterior_samples.pt
        5308416  22%    9.86MB/s   00:00:01       11075584  45%   10.33MB/s   00:00:01       16973824  69%   11.16MB/s   00:00:00       22872064  93%   10.91MB/s   00:00:00       24657317 100%   10.47MB/s   00:00:02 (xfer#1001, to-check=1168/1752)
synthetic_008667/posterior_std.pt
         232019 100%    6.10MB/s   00:00:00 (xfer#1002, to-check=1169/1752)
synthetic_008667/posterior_variance.pt
         232054 100%   21.43MB/s   00:00:00 (xfer#1003, to-check=1170/1752)
synthetic_008668/
synthetic_008668/composite_mean.pt
         232026 100%   18.28MB/s   00:00:00 (xfer#1004, to-check=1172/1752)
synthetic_008668/metadata.json
           1800 100%   30.64MB/s   00:00:00 (xfer#1005, to-check=1173/1752)
synthetic_008668/posterior_mean.pt
         232026 100%    4.63MB/s   00:00:00 (xfer#1006, to-check=1174/1752)
synthetic_008668/posterior_samples.pt
        6062080  25%   11.56MB/s   00:00:01       11730944  48%   10.79MB/s   00:00:01       17891328  73%   11.55MB/s   00:00:00       24444928  99%   12.15MB/s   00:00:00       24657317 100%   11.43MB/s   00:00:02 (xfer#1007, to-check=1175/1752)
synthetic_008668/posterior_std.pt
         232019 100%  116.65MB/s   00:00:00 (xfer#1008, to-check=1176/1752)
synthetic_008668/posterior_variance.pt
         232054 100%  222.59MB/s   00:00:00 (xfer#1009, to-check=1177/1752)
synthetic_008669/
synthetic_008669/composite_mean.pt
         232026 100%    7.37MB/s   00:00:00 (xfer#1010, to-check=1179/1752)
synthetic_008669/metadata.json
           1801 100%   45.31MB/s   00:00:00 (xfer#1011, to-check=1180/1752)
synthetic_008669/posterior_mean.pt
         232026 100%   25.40MB/s   00:00:00 (xfer#1012, to-check=1181/1752)
synthetic_008669/posterior_samples.pt
        6422528  26%    8.25MB/s   00:00:02       14680064  60%   14.22MB/s   00:00:00       22020096  89%   13.95MB/s   00:00:00       24657317 100%   11.46MB/s   00:00:02 (xfer#1013, to-check=1182/1752)
synthetic_008669/posterior_std.pt
         232019 100%  150.74MB/s   00:00:00 (xfer#1014, to-check=1183/1752)
synthetic_008669/posterior_variance.pt
         232054 100%  229.81MB/s   00:00:00 (xfer#1015, to-check=1184/1752)
synthetic_008670/
synthetic_008670/composite_mean.pt
         232026 100%  176.18MB/s   00:00:00 (xfer#1016, to-check=1186/1752)
synthetic_008670/metadata.json
           1799 100%   22.56MB/s   00:00:00 (xfer#1017, to-check=1187/1752)
synthetic_008670/posterior_mean.pt
         232026 100%    7.22MB/s   00:00:00 (xfer#1018, to-check=1188/1752)
synthetic_008670/posterior_samples.pt
        7012352  28%   13.32MB/s   00:00:01       13828096  56%   12.77MB/s   00:00:00       20512768  83%   12.70MB/s   00:00:00       24657317 100%   12.72MB/s   00:00:01 (xfer#1019, to-check=1189/1752)
synthetic_008670/posterior_std.pt
         232019 100%  155.38MB/s   00:00:00 (xfer#1020, to-check=1190/1752)
synthetic_008670/posterior_variance.pt
         232054 100%  132.68MB/s   00:00:00 (xfer#1021, to-check=1191/1752)
synthetic_008671/
synthetic_008671/composite_mean.pt
         232026 100%    9.56MB/s   00:00:00 (xfer#1022, to-check=1193/1752)
synthetic_008671/metadata.json
           1800 100%   34.95MB/s   00:00:00 (xfer#1023, to-check=1194/1752)
synthetic_008671/posterior_mean.pt
         232026 100%   11.03MB/s   00:00:00 (xfer#1024, to-check=1195/1752)
synthetic_008671/posterior_samples.pt
        5505024  22%   10.43MB/s   00:00:01       13008896  53%   14.09MB/s   00:00:00       19693568  80%   12.64MB/s   00:00:00       24657317 100%   12.33MB/s   00:00:01 (xfer#1025, to-check=1196/1752)
synthetic_008671/posterior_std.pt
         232019 100%  143.87MB/s   00:00:00 (xfer#1026, to-check=1197/1752)
synthetic_008671/posterior_variance.pt
         232054 100%   49.39MB/s   00:00:00 (xfer#1027, to-check=1198/1752)
synthetic_008672/
synthetic_008672/composite_mean.pt
         232026 100%   12.37MB/s   00:00:00 (xfer#1028, to-check=1200/1752)
synthetic_008672/metadata.json
           1800 100%   17.52MB/s   00:00:00 (xfer#1029, to-check=1201/1752)
synthetic_008672/posterior_mean.pt
         232026 100%   12.13MB/s   00:00:00 (xfer#1030, to-check=1202/1752)
synthetic_008672/posterior_samples.pt
        4063232  16%    7.68MB/s   00:00:02       10911744  44%   13.00MB/s   00:00:01       17727488  72%   12.64MB/s   00:00:00       24543232 100%   12.94MB/s   00:00:00       24657317 100%   11.33MB/s   00:00:02 (xfer#1031, to-check=1203/1752)
synthetic_008672/posterior_std.pt
         232019 100%  110.42MB/s   00:00:00 (xfer#1032, to-check=1204/1752)
synthetic_008672/posterior_variance.pt
         232054 100%  259.79MB/s   00:00:00 (xfer#1033, to-check=1205/1752)
synthetic_008673/
synthetic_008673/composite_mean.pt
         232026 100%  233.19MB/s   00:00:00 (xfer#1034, to-check=1207/1752)
synthetic_008673/metadata.json
           1799 100%   40.89MB/s   00:00:00 (xfer#1035, to-check=1208/1752)
synthetic_008673/posterior_mean.pt
         232026 100%    5.88MB/s   00:00:00 (xfer#1036, to-check=1209/1752)
synthetic_008673/posterior_samples.pt
        7241728  29%   13.52MB/s   00:00:01       13533184  55%   11.67MB/s   00:00:00       20611072  84%   13.39MB/s   00:00:00       24657317 100%   12.64MB/s   00:00:01 (xfer#1037, to-check=1210/1752)
synthetic_008673/posterior_std.pt
         232019 100%  139.43MB/s   00:00:00 (xfer#1038, to-check=1211/1752)
synthetic_008673/posterior_variance.pt
         232054 100%  282.99MB/s   00:00:00 (xfer#1039, to-check=1212/1752)
synthetic_008674/
synthetic_008674/composite_mean.pt
         232026 100%   12.26MB/s   00:00:00 (xfer#1040, to-check=1214/1752)
synthetic_008674/metadata.json
           1800 100%   20.00MB/s   00:00:00 (xfer#1041, to-check=1215/1752)
synthetic_008674/posterior_mean.pt
         232026 100%   12.93MB/s   00:00:00 (xfer#1042, to-check=1216/1752)
synthetic_008674/posterior_samples.pt
        6750208  27%   12.72MB/s   00:00:01       13434880  54%   12.59MB/s   00:00:00       20250624  82%   12.76MB/s   00:00:00       24657317 100%   12.49MB/s   00:00:01 (xfer#1043, to-check=1217/1752)
synthetic_008674/posterior_std.pt
         232019 100%   92.08MB/s   00:00:00 (xfer#1044, to-check=1218/1752)
synthetic_008674/posterior_variance.pt
         232054 100%  244.52MB/s   00:00:00 (xfer#1045, to-check=1219/1752)
synthetic_008675/
synthetic_008675/composite_mean.pt
         232026 100%   13.47MB/s   00:00:00 (xfer#1046, to-check=1221/1752)
synthetic_008675/metadata.json
           1797 100%   22.89MB/s   00:00:00 (xfer#1047, to-check=1222/1752)
synthetic_008675/posterior_mean.pt
         232026 100%    8.92MB/s   00:00:00 (xfer#1048, to-check=1223/1752)
synthetic_008675/posterior_samples.pt
        6848512  28%   12.97MB/s   00:00:01       13533184  55%   12.74MB/s   00:00:00       20316160  82%   12.80MB/s   00:00:00       24657317 100%   12.38MB/s   00:00:01 (xfer#1049, to-check=1224/1752)
synthetic_008675/posterior_std.pt
         232019 100%   97.64MB/s   00:00:00 (xfer#1050, to-check=1225/1752)
synthetic_008675/posterior_variance.pt
         232054 100%  181.68MB/s   00:00:00 (xfer#1051, to-check=1226/1752)
synthetic_008676/
synthetic_008676/composite_mean.pt
         232026 100%  190.07MB/s   00:00:00 (xfer#1052, to-check=1228/1752)
synthetic_008676/metadata.json
           1797 100%   30.59MB/s   00:00:00 (xfer#1053, to-check=1229/1752)
synthetic_008676/posterior_mean.pt
         232026 100%   22.44MB/s   00:00:00 (xfer#1054, to-check=1230/1752)
synthetic_008676/posterior_samples.pt
        6848512  28%   13.06MB/s   00:00:01       13631488  55%   12.66MB/s   00:00:00       20447232  83%   12.86MB/s   00:00:00       24657317 100%   12.58MB/s   00:00:01 (xfer#1055, to-check=1231/1752)
synthetic_008676/posterior_std.pt
         232019 100%  121.57MB/s   00:00:00 (xfer#1056, to-check=1232/1752)
synthetic_008676/posterior_variance.pt
         232054 100%   43.36MB/s   00:00:00 (xfer#1057, to-check=1233/1752)
synthetic_008677/
synthetic_008677/composite_mean.pt
         232026 100%   28.97MB/s   00:00:00 (xfer#1058, to-check=1235/1752)
synthetic_008677/metadata.json
           1798 100%   28.54MB/s   00:00:00 (xfer#1059, to-check=1236/1752)
synthetic_008677/posterior_mean.pt
         232026 100%   13.85MB/s   00:00:00 (xfer#1060, to-check=1237/1752)
synthetic_008677/posterior_samples.pt
        6717440  27%   12.74MB/s   00:00:01       13402112  54%   12.70MB/s   00:00:00       20217856  82%   12.85MB/s   00:00:00       24657317 100%   12.49MB/s   00:00:01 (xfer#1061, to-check=1238/1752)
synthetic_008677/posterior_std.pt
         232019 100%  134.27MB/s   00:00:00 (xfer#1062, to-check=1239/1752)
synthetic_008677/posterior_variance.pt
         232054 100%  221.74MB/s   00:00:00 (xfer#1063, to-check=1240/1752)
synthetic_008678/
synthetic_008678/composite_mean.pt
         232026 100%   25.25MB/s   00:00:00 (xfer#1064, to-check=1242/1752)
synthetic_008678/metadata.json
           1796 100%   27.63MB/s   00:00:00 (xfer#1065, to-check=1243/1752)
synthetic_008678/posterior_mean.pt
         232026 100%    9.65MB/s   00:00:00 (xfer#1066, to-check=1244/1752)
synthetic_008678/posterior_samples.pt
        6881280  28%   12.86MB/s   00:00:01       13697024  56%   12.47MB/s   00:00:00       20250624  82%   12.46MB/s   00:00:00       24657317 100%   12.32MB/s   00:00:01 (xfer#1067, to-check=1245/1752)
synthetic_008678/posterior_std.pt
         232019 100%  119.17MB/s   00:00:00 (xfer#1068, to-check=1246/1752)
synthetic_008678/posterior_variance.pt
         232054 100%  144.27MB/s   00:00:00 (xfer#1069, to-check=1247/1752)
synthetic_008679/
synthetic_008679/composite_mean.pt
         232026 100%   36.03MB/s   00:00:00 (xfer#1070, to-check=1249/1752)
synthetic_008679/metadata.json
           1797 100%   23.19MB/s   00:00:00 (xfer#1071, to-check=1250/1752)
synthetic_008679/posterior_mean.pt
         232026 100%   10.15MB/s   00:00:00 (xfer#1072, to-check=1251/1752)
synthetic_008679/posterior_samples.pt
        6750208  27%   12.85MB/s   00:00:01       13565952  55%   12.80MB/s   00:00:00       20381696  83%   12.75MB/s   00:00:00       24657317 100%   12.58MB/s   00:00:01 (xfer#1073, to-check=1252/1752)
synthetic_008679/posterior_std.pt
         232019 100%  141.67MB/s   00:00:00 (xfer#1074, to-check=1253/1752)
synthetic_008679/posterior_variance.pt
         232054 100%  209.58MB/s   00:00:00 (xfer#1075, to-check=1254/1752)
synthetic_008680/
synthetic_008680/composite_mean.pt
         232026 100%   11.17MB/s   00:00:00 (xfer#1076, to-check=1256/1752)
synthetic_008680/metadata.json
           1797 100%   30.59MB/s   00:00:00 (xfer#1077, to-check=1257/1752)
synthetic_008680/posterior_mean.pt
         232026 100%   14.02MB/s   00:00:00 (xfer#1078, to-check=1258/1752)
synthetic_008680/posterior_samples.pt
        6815744  28%   12.68MB/s   00:00:01       11534336  47%    8.94MB/s   00:00:01       18612224  75%   13.39MB/s   00:00:00       24657317 100%   11.83MB/s   00:00:01 (xfer#1079, to-check=1259/1752)
synthetic_008680/posterior_std.pt
         232019 100%  110.68MB/s   00:00:00 (xfer#1080, to-check=1260/1752)
synthetic_008680/posterior_variance.pt
         232054 100%   30.16MB/s   00:00:00 (xfer#1081, to-check=1261/1752)
synthetic_008681/
synthetic_008681/composite_mean.pt
         232026 100%   17.14MB/s   00:00:00 (xfer#1082, to-check=1263/1752)
synthetic_008681/metadata.json
           1798 100%   39.09MB/s   00:00:00 (xfer#1083, to-check=1264/1752)
synthetic_008681/posterior_mean.pt
         232026 100%   11.77MB/s   00:00:00 (xfer#1084, to-check=1265/1752)
synthetic_008681/posterior_samples.pt
        4751360  19%    8.99MB/s   00:00:02       10911744  44%   11.67MB/s   00:00:01       18120704  73%   13.18MB/s   00:00:00       24657317 100%   11.87MB/s   00:00:00       24657317 100%   11.31MB/s   00:00:02 (xfer#1085, to-check=1266/1752)
synthetic_008681/posterior_std.pt
         232019 100%  176.04MB/s   00:00:00 (xfer#1086, to-check=1267/1752)
synthetic_008681/posterior_variance.pt
         232054 100%  259.42MB/s   00:00:00 (xfer#1087, to-check=1268/1752)
synthetic_008682/
synthetic_008682/composite_mean.pt
         232026 100%  171.78MB/s   00:00:00 (xfer#1088, to-check=1270/1752)
synthetic_008682/metadata.json
           1798 100%   47.63MB/s   00:00:00 (xfer#1089, to-check=1271/1752)
synthetic_008682/posterior_mean.pt
         232026 100%    6.92MB/s   00:00:00 (xfer#1090, to-check=1272/1752)
synthetic_008682/posterior_samples.pt
        5406720  22%   10.27MB/s   00:00:01       12615680  51%   13.59MB/s   00:00:00       19431424  79%   12.93MB/s   00:00:00       24657317 100%   12.18MB/s   00:00:01 (xfer#1091, to-check=1273/1752)
synthetic_008682/posterior_std.pt
         232019 100%  124.88MB/s   00:00:00 (xfer#1092, to-check=1274/1752)
synthetic_008682/posterior_variance.pt
         232054 100%  193.46MB/s   00:00:00 (xfer#1093, to-check=1275/1752)
synthetic_008683/
synthetic_008683/composite_mean.pt
         232026 100%   12.75MB/s   00:00:00 (xfer#1094, to-check=1277/1752)
synthetic_008683/metadata.json
           1800 100%   32.43MB/s   00:00:00 (xfer#1095, to-check=1278/1752)
synthetic_008683/posterior_mean.pt
         232026 100%    8.40MB/s   00:00:00 (xfer#1096, to-check=1279/1752)
synthetic_008683/posterior_samples.pt
        6815744  28%   12.94MB/s   00:00:01       13500416  55%   12.75MB/s   00:00:00       17137664  70%    6.86MB/s   00:00:01       22511616  91%    9.98MB/s   00:00:00       24657317 100%   10.55MB/s   00:00:02 (xfer#1097, to-check=1280/1752)
synthetic_008683/posterior_std.pt
         232019 100%   59.43MB/s   00:00:00 (xfer#1098, to-check=1281/1752)
synthetic_008683/posterior_variance.pt
         232054 100%   16.57MB/s   00:00:00 (xfer#1099, to-check=1282/1752)
synthetic_008684/
synthetic_008684/composite_mean.pt
         232026 100%   19.43MB/s   00:00:00 (xfer#1100, to-check=1284/1752)
synthetic_008684/metadata.json
           1798 100%   19.92MB/s   00:00:00 (xfer#1101, to-check=1285/1752)
synthetic_008684/posterior_mean.pt
         232026 100%    8.96MB/s   00:00:00 (xfer#1102, to-check=1286/1752)
synthetic_008684/posterior_samples.pt
        5341184  22%   10.18MB/s   00:00:01       11272192  46%   11.20MB/s   00:00:01       14942208  61%    6.98MB/s   00:00:01       20316160  82%   10.10MB/s   00:00:00       24657317 100%    9.85MB/s   00:00:02 (xfer#1103, to-check=1287/1752)
synthetic_008684/posterior_std.pt
         232019 100%   33.87MB/s   00:00:00 (xfer#1104, to-check=1288/1752)
synthetic_008684/posterior_variance.pt
         232054 100%   32.64MB/s   00:00:00 (xfer#1105, to-check=1289/1752)
synthetic_008685/
synthetic_008685/composite_mean.pt
         232026 100%   18.68MB/s   00:00:00 (xfer#1106, to-check=1291/1752)
synthetic_008685/metadata.json
           1795 100%   29.07MB/s   00:00:00 (xfer#1107, to-check=1292/1752)
synthetic_008685/posterior_mean.pt
         232026 100%   25.62MB/s   00:00:00 (xfer#1108, to-check=1293/1752)
synthetic_008685/posterior_samples.pt
        6127616  25%   11.26MB/s   00:00:01       12419072  50%   11.80MB/s   00:00:00       18677760  76%   11.88MB/s   00:00:00       24657317 100%   11.47MB/s   00:00:02 (xfer#1109, to-check=1294/1752)
synthetic_008685/posterior_std.pt
         232019 100%  125.36MB/s   00:00:00 (xfer#1110, to-check=1295/1752)
synthetic_008685/posterior_variance.pt
         232054 100%  195.29MB/s   00:00:00 (xfer#1111, to-check=1296/1752)
synthetic_008686/
synthetic_008686/composite_mean.pt
         232026 100%    6.52MB/s   00:00:00 (xfer#1112, to-check=1298/1752)
synthetic_008686/metadata.json
           1799 100%   23.83MB/s   00:00:00 (xfer#1113, to-check=1299/1752)
synthetic_008686/posterior_mean.pt
         232026 100%  110.10MB/s   00:00:00 (xfer#1114, to-check=1300/1752)
synthetic_008686/posterior_samples.pt
        6455296  26%   12.25MB/s   00:00:01       12615680  51%   11.46MB/s   00:00:01       19300352  78%   12.13MB/s   00:00:00       24657317 100%   11.52MB/s   00:00:02 (xfer#1115, to-check=1301/1752)
synthetic_008686/posterior_std.pt
         232019 100%  123.40MB/s   00:00:00 (xfer#1116, to-check=1302/1752)
synthetic_008686/posterior_variance.pt
         232054 100%  157.51MB/s   00:00:00 (xfer#1117, to-check=1303/1752)
synthetic_008687/
synthetic_008687/composite_mean.pt
         232026 100%   14.52MB/s   00:00:00 (xfer#1118, to-check=1305/1752)
synthetic_008687/metadata.json
           1798 100%   22.27MB/s   00:00:00 (xfer#1119, to-check=1306/1752)
synthetic_008687/posterior_mean.pt
         232026 100%   10.33MB/s   00:00:00 (xfer#1120, to-check=1307/1752)
synthetic_008687/posterior_samples.pt
        6422528  26%   11.98MB/s   00:00:01       12845056  52%   11.78MB/s   00:00:00       19005440  77%   11.66MB/s   00:00:00       24657317 100%   11.67MB/s   00:00:02 (xfer#1121, to-check=1308/1752)
synthetic_008687/posterior_std.pt
         232019 100%  139.41MB/s   00:00:00 (xfer#1122, to-check=1309/1752)
synthetic_008687/posterior_variance.pt
         232054 100%   14.53MB/s   00:00:00 (xfer#1123, to-check=1310/1752)
synthetic_008688/
synthetic_008688/composite_mean.pt
         232026 100%   31.36MB/s   00:00:00 (xfer#1124, to-check=1312/1752)
synthetic_008688/metadata.json
           1799 100%   44.98MB/s   00:00:00 (xfer#1125, to-check=1313/1752)
synthetic_008688/posterior_mean.pt
         232026 100%   14.19MB/s   00:00:00 (xfer#1126, to-check=1314/1752)
synthetic_008688/posterior_samples.pt
        6520832  26%   11.95MB/s   00:00:01       13074432  53%   12.44MB/s   00:00:00       19234816  78%   11.75MB/s   00:00:00       24657317 100%   12.23MB/s   00:00:01 (xfer#1127, to-check=1315/1752)
synthetic_008688/posterior_std.pt
         232019 100%   21.31MB/s   00:00:00 (xfer#1128, to-check=1316/1752)
synthetic_008688/posterior_variance.pt
         232054 100%   14.59MB/s   00:00:00 (xfer#1129, to-check=1317/1752)
synthetic_008689/
synthetic_008689/composite_mean.pt
         232026 100%   22.91MB/s   00:00:00 (xfer#1130, to-check=1319/1752)
synthetic_008689/metadata.json
           1797 100%   43.04MB/s   00:00:00 (xfer#1131, to-check=1320/1752)
synthetic_008689/posterior_mean.pt
         232026 100%    9.67MB/s   00:00:00 (xfer#1132, to-check=1321/1752)
synthetic_008689/posterior_samples.pt
        6946816  28%   13.08MB/s   00:00:01       13860864  56%   13.19MB/s   00:00:00       20578304  83%   12.78MB/s   00:00:00       24657317 100%   12.77MB/s   00:00:01 (xfer#1133, to-check=1322/1752)
synthetic_008689/posterior_std.pt
         232019 100%  181.19MB/s   00:00:00 (xfer#1134, to-check=1323/1752)
synthetic_008689/posterior_variance.pt
         232054 100%   24.58MB/s   00:00:00 (xfer#1135, to-check=1324/1752)
synthetic_008690/
synthetic_008690/composite_mean.pt
         232026 100%   18.43MB/s   00:00:00 (xfer#1136, to-check=1326/1752)
synthetic_008690/metadata.json
           1797 100%   39.07MB/s   00:00:00 (xfer#1137, to-check=1327/1752)
synthetic_008690/posterior_mean.pt
         232026 100%   12.16MB/s   00:00:00 (xfer#1138, to-check=1328/1752)
synthetic_008690/posterior_samples.pt
        6750208  27%   11.19MB/s   00:00:01       12910592  52%   11.74MB/s   00:00:00       20381696  83%   14.14MB/s   00:00:00       24657317 100%   12.21MB/s   00:00:01 (xfer#1139, to-check=1329/1752)
synthetic_008690/posterior_std.pt
         232019 100%  134.84MB/s   00:00:00 (xfer#1140, to-check=1330/1752)
synthetic_008690/posterior_variance.pt
         232054 100%  183.19MB/s   00:00:00 (xfer#1141, to-check=1331/1752)
synthetic_008691/
synthetic_008691/composite_mean.pt
         232026 100%   13.79MB/s   00:00:00 (xfer#1142, to-check=1333/1752)
synthetic_008691/metadata.json
           1799 100%   35.62MB/s   00:00:00 (xfer#1143, to-check=1334/1752)
synthetic_008691/posterior_mean.pt
         232026 100%   12.06MB/s   00:00:00 (xfer#1144, to-check=1335/1752)
synthetic_008691/posterior_samples.pt
        6717440  27%   12.78MB/s   00:00:01       13533184  55%   12.77MB/s   00:00:00       18186240  74%    8.66MB/s   00:00:00       24477696  99%   11.31MB/s   00:00:00       24657317 100%   11.23MB/s   00:00:02 (xfer#1145, to-check=1336/1752)
synthetic_008691/posterior_std.pt
         232019 100%   81.77MB/s   00:00:00 (xfer#1146, to-check=1337/1752)
synthetic_008691/posterior_variance.pt
         232054 100%   17.30MB/s   00:00:00 (xfer#1147, to-check=1338/1752)
synthetic_008692/
synthetic_008692/composite_mean.pt
         232026 100%   17.59MB/s   00:00:00 (xfer#1148, to-check=1340/1752)
synthetic_008692/metadata.json
           1797 100%   22.82MB/s   00:00:00 (xfer#1149, to-check=1341/1752)
synthetic_008692/posterior_mean.pt
         232026 100%   68.38MB/s   00:00:00 (xfer#1150, to-check=1342/1752)
synthetic_008692/posterior_samples.pt
        5865472  24%   11.02MB/s   00:00:01       11632640  47%   10.57MB/s   00:00:01       17793024  72%   11.10MB/s   00:00:00       21692416  88%    7.37MB/s   00:00:00       24657317 100%    9.66MB/s   00:00:02 (xfer#1151, to-check=1343/1752)
synthetic_008692/posterior_std.pt
         232019 100%  135.09MB/s   00:00:00 (xfer#1152, to-check=1344/1752)
synthetic_008692/posterior_variance.pt
         232054 100%  239.79MB/s   00:00:00 (xfer#1153, to-check=1345/1752)
synthetic_008693/
synthetic_008693/composite_mean.pt
         232026 100%    7.61MB/s   00:00:00 (xfer#1154, to-check=1347/1752)
synthetic_008693/metadata.json
           1795 100%   26.30MB/s   00:00:00 (xfer#1155, to-check=1348/1752)
synthetic_008693/posterior_mean.pt
         232026 100%   20.69MB/s   00:00:00 (xfer#1156, to-check=1349/1752)
synthetic_008693/posterior_samples.pt
        4325376  18%    8.03MB/s   00:00:02        9568256  39%    9.94MB/s   00:00:01       14811136  60%    9.54MB/s   00:00:00       20054016  81%    9.99MB/s   00:00:00       24657317 100%    9.23MB/s   00:00:02 (xfer#1157, to-check=1350/1752)
synthetic_008693/posterior_std.pt
         232019 100%   90.80MB/s   00:00:00 (xfer#1158, to-check=1351/1752)
synthetic_008693/posterior_variance.pt
         232054 100%   11.47MB/s   00:00:00 (xfer#1159, to-check=1352/1752)
synthetic_008694/
synthetic_008694/composite_mean.pt
         232026 100%   48.10MB/s   00:00:00 (xfer#1160, to-check=1354/1752)
synthetic_008694/metadata.json
           1797 100%   19.69MB/s   00:00:00 (xfer#1161, to-check=1355/1752)
synthetic_008694/posterior_mean.pt
         232026 100%   13.98MB/s   00:00:00 (xfer#1162, to-check=1356/1752)
synthetic_008694/posterior_samples.pt
        4980736  20%    8.74MB/s   00:00:02       10223616  41%    9.70MB/s   00:00:01       15466496  63%    9.94MB/s   00:00:00       21233664  86%   10.63MB/s   00:00:00       24657317 100%    9.68MB/s   00:00:02 (xfer#1163, to-check=1357/1752)
synthetic_008694/posterior_std.pt
         232019 100%  116.40MB/s   00:00:00 (xfer#1164, to-check=1358/1752)
synthetic_008694/posterior_variance.pt
         232054 100%   14.99MB/s   00:00:00 (xfer#1165, to-check=1359/1752)
synthetic_008695/
synthetic_008695/composite_mean.pt
         232026 100%   46.66MB/s   00:00:00 (xfer#1166, to-check=1361/1752)
synthetic_008695/metadata.json
           1798 100%   20.43MB/s   00:00:00 (xfer#1167, to-check=1362/1752)
synthetic_008695/posterior_mean.pt
         232026 100%   19.02MB/s   00:00:00 (xfer#1168, to-check=1363/1752)
synthetic_008695/posterior_samples.pt
        5210112  21%    9.86MB/s   00:00:01       10846208  44%   10.43MB/s   00:00:01       16351232  66%   10.46MB/s   00:00:00       21331968  87%    9.12MB/s   00:00:00       24657317 100%    9.91MB/s   00:00:02 (xfer#1169, to-check=1364/1752)
synthetic_008695/posterior_std.pt
         232019 100%   10.91MB/s   00:00:00 (xfer#1170, to-check=1365/1752)
synthetic_008695/posterior_variance.pt
         232054 100%   16.79MB/s   00:00:00 (xfer#1171, to-check=1366/1752)
synthetic_008696/
synthetic_008696/composite_mean.pt
         232026 100%   26.85MB/s   00:00:00 (xfer#1172, to-check=1368/1752)
synthetic_008696/metadata.json
           1799 100%   27.68MB/s   00:00:00 (xfer#1173, to-check=1369/1752)
synthetic_008696/posterior_mean.pt
         232026 100%    8.98MB/s   00:00:00 (xfer#1174, to-check=1370/1752)
synthetic_008696/posterior_samples.pt
        5701632  23%   10.87MB/s   00:00:01       10944512  44%    9.91MB/s   00:00:01       16056320  65%    9.70MB/s   00:00:00       21430272  87%   10.23MB/s   00:00:00       24657317 100%   10.08MB/s   00:00:02 (xfer#1175, to-check=1371/1752)
synthetic_008696/posterior_std.pt
         232019 100%  187.07MB/s   00:00:00 (xfer#1176, to-check=1372/1752)
synthetic_008696/posterior_variance.pt
         232054 100%   15.40MB/s   00:00:00 (xfer#1177, to-check=1373/1752)
synthetic_008697/
synthetic_008697/composite_mean.pt
         232026 100%   13.67MB/s   00:00:00 (xfer#1178, to-check=1375/1752)
synthetic_008697/metadata.json
           1798 100%   19.28MB/s   00:00:00 (xfer#1179, to-check=1376/1752)
synthetic_008697/posterior_mean.pt
         232026 100%   31.87MB/s   00:00:00 (xfer#1180, to-check=1377/1752)
synthetic_008697/posterior_samples.pt
        5570560  23%   10.15MB/s   00:00:01       12025856  49%   12.14MB/s   00:00:00       18055168  73%   11.42MB/s   00:00:00       23560192  96%   10.31MB/s   00:00:00       24657317 100%   10.88MB/s   00:00:02 (xfer#1181, to-check=1378/1752)
synthetic_008697/posterior_std.pt
         232019 100%   98.91MB/s   00:00:00 (xfer#1182, to-check=1379/1752)
synthetic_008697/posterior_variance.pt
         232054 100%   43.70MB/s   00:00:00 (xfer#1183, to-check=1380/1752)
synthetic_008698/
synthetic_008698/composite_mean.pt
         232026 100%    9.07MB/s   00:00:00 (xfer#1184, to-check=1382/1752)
synthetic_008698/metadata.json
           1798 100%   24.46MB/s   00:00:00 (xfer#1185, to-check=1383/1752)
synthetic_008698/posterior_mean.pt
         232026 100%   84.43MB/s   00:00:00 (xfer#1186, to-check=1384/1752)
synthetic_008698/posterior_samples.pt
        6815744  28%   11.95MB/s   00:00:01       10747904  44%    7.43MB/s   00:00:01       15859712  64%    9.67MB/s   00:00:00       21364736  87%   10.03MB/s   00:00:00       24657317 100%    9.88MB/s   00:00:02 (xfer#1187, to-check=1385/1752)
synthetic_008698/posterior_std.pt
         232019 100%   53.29MB/s   00:00:00 (xfer#1188, to-check=1386/1752)
synthetic_008698/posterior_variance.pt
         232054 100%    6.71MB/s   00:00:00 (xfer#1189, to-check=1387/1752)
synthetic_008699/
synthetic_008699/composite_mean.pt
         232026 100%   78.16MB/s   00:00:00 (xfer#1190, to-check=1389/1752)
synthetic_008699/metadata.json
           1799 100%   19.72MB/s   00:00:00 (xfer#1191, to-check=1390/1752)
synthetic_008699/posterior_mean.pt
         232026 100%   18.16MB/s   00:00:00 (xfer#1192, to-check=1391/1752)
synthetic_008699/posterior_samples.pt
        6029312  24%   11.49MB/s   00:00:01       11665408  47%   10.66MB/s   00:00:01       18219008  74%   11.11MB/s   00:00:00       22937600  93%    8.66MB/s   00:00:00       24657317 100%    9.79MB/s   00:00:02 (xfer#1193, to-check=1392/1752)
synthetic_008699/posterior_std.pt
         232019 100%   14.02MB/s   00:00:00 (xfer#1194, to-check=1393/1752)
synthetic_008699/posterior_variance.pt
         232054 100%    4.13MB/s   00:00:00 (xfer#1195, to-check=1394/1752)
synthetic_008700/
synthetic_008700/composite_mean.pt
         232026 100%   16.56MB/s   00:00:00 (xfer#1196, to-check=1396/1752)
synthetic_008700/metadata.json
           1798 100%   21.40MB/s   00:00:00 (xfer#1197, to-check=1397/1752)
synthetic_008700/posterior_mean.pt
         232026 100%    4.43MB/s   00:00:00 (xfer#1198, to-check=1398/1752)
synthetic_008700/posterior_samples.pt
        3473408  14%    6.55MB/s   00:00:03        7405568  30%    7.29MB/s   00:00:02        9895936  40%    4.55MB/s   00:00:03       12779520  52%    5.34MB/s   00:00:02       15794176  64%    5.53MB/s   00:00:01       18677760  76%    5.03MB/s   00:00:01       21692416  88%    5.55MB/s   00:00:00       24657317 100%    5.70MB/s   00:00:04 (xfer#1199, to-check=1399/1752)
synthetic_008700/posterior_std.pt
         232019 100%   19.33MB/s   00:00:00 (xfer#1200, to-check=1400/1752)
synthetic_008700/posterior_variance.pt
         232054 100%    9.37MB/s   00:00:00 (xfer#1201, to-check=1401/1752)
synthetic_008701/
synthetic_008701/composite_mean.pt
         232026 100%    5.15MB/s   00:00:00 (xfer#1202, to-check=1403/1752)
synthetic_008701/metadata.json
           1797 100%   22.89MB/s   00:00:00 (xfer#1203, to-check=1404/1752)
synthetic_008701/posterior_mean.pt
         232026 100%    3.85MB/s   00:00:00 (xfer#1204, to-check=1405/1752)
synthetic_008701/posterior_samples.pt
        3309568  13%    6.29MB/s   00:00:03        6324224  26%    5.60MB/s   00:00:03        9601024  39%    6.22MB/s   00:00:02       12615680  51%    5.57MB/s   00:00:02       15761408  64%    5.99MB/s   00:00:01       19300352  78%    6.29MB/s   00:00:00       22904832  93%    6.87MB/s   00:00:00       24657317 100%    6.11MB/s   00:00:03 (xfer#1205, to-check=1406/1752)
synthetic_008701/posterior_std.pt
         232019 100%   12.83MB/s   00:00:00 (xfer#1206, to-check=1407/1752)
synthetic_008701/posterior_variance.pt
         232054 100%   31.06MB/s   00:00:00 (xfer#1207, to-check=1408/1752)
synthetic_008702/
synthetic_008702/composite_mean.pt
         232026 100%    4.86MB/s   00:00:00 (xfer#1208, to-check=1410/1752)
synthetic_008702/metadata.json
           1797 100%   23.80MB/s   00:00:00 (xfer#1209, to-check=1411/1752)
synthetic_008702/posterior_mean.pt
         232026 100%    4.84MB/s   00:00:00 (xfer#1210, to-check=1412/1752)
synthetic_008702/posterior_samples.pt
        3735552  15%    6.87MB/s   00:00:02        7274496  30%    6.43MB/s   00:00:02       11075584  45%    7.10MB/s   00:00:01       14876672  60%    7.21MB/s   00:00:01       18939904  77%    7.56MB/s   00:00:00       22872064  93%    7.19MB/s   00:00:00       24657317 100%    7.08MB/s   00:00:03 (xfer#1211, to-check=1413/1752)
synthetic_008702/posterior_std.pt
         232019 100%   17.00MB/s   00:00:00 (xfer#1212, to-check=1414/1752)
synthetic_008702/posterior_variance.pt
         232054 100%   12.16MB/s   00:00:00 (xfer#1213, to-check=1415/1752)
synthetic_008703/
synthetic_008703/composite_mean.pt
         232026 100%    3.62MB/s   00:00:00 (xfer#1214, to-check=1417/1752)
synthetic_008703/metadata.json
           1798 100%   18.21MB/s   00:00:00 (xfer#1215, to-check=1418/1752)
synthetic_008703/posterior_mean.pt
         232026 100%   51.30MB/s   00:00:00 (xfer#1216, to-check=1419/1752)
synthetic_008703/posterior_samples.pt
        3801088  15%    6.92MB/s   00:00:02        8257536  33%    8.31MB/s   00:00:01       11534336  47%    5.88MB/s   00:00:02       15073280  61%    6.56MB/s   00:00:01       18743296  76%    6.37MB/s   00:00:00       22020096  89%    6.18MB/s   00:00:00       24313856  99%    4.33MB/s   00:00:00       24657317 100%    6.29MB/s   00:00:03 (xfer#1217, to-check=1420/1752)
synthetic_008703/posterior_std.pt
         232019 100%   12.00MB/s   00:00:00 (xfer#1218, to-check=1421/1752)
synthetic_008703/posterior_variance.pt
         232054 100%    4.46MB/s   00:00:00 (xfer#1219, to-check=1422/1752)
synthetic_008704/
synthetic_008704/composite_mean.pt
         232026 100%   10.15MB/s   00:00:00 (xfer#1220, to-check=1424/1752)
synthetic_008704/metadata.json
           1799 100%   19.72MB/s   00:00:00 (xfer#1221, to-check=1425/1752)
synthetic_008704/posterior_mean.pt
         232026 100%    4.06MB/s   00:00:00 (xfer#1222, to-check=1426/1752)
synthetic_008704/posterior_samples.pt
        2949120  12%    5.57MB/s   00:00:03        6094848  25%    5.99MB/s   00:00:02        8716288  35%    4.99MB/s   00:00:03       12124160  49%    6.43MB/s   00:00:01       15532032  63%    6.12MB/s   00:00:01       18776064  76%    5.82MB/s   00:00:00       21004288  85%    4.09MB/s   00:00:00       23625728  96%    4.38MB/s   00:00:00       24657317 100%    5.35MB/s   00:00:04 (xfer#1223, to-check=1427/1752)
synthetic_008704/posterior_std.pt
         232019 100%   57.35MB/s   00:00:00 (xfer#1224, to-check=1428/1752)
synthetic_008704/posterior_variance.pt
         232054 100%    7.68MB/s   00:00:00 (xfer#1225, to-check=1429/1752)
synthetic_008705/
synthetic_008705/composite_mean.pt
         232026 100%    4.11MB/s   00:00:00 (xfer#1226, to-check=1431/1752)
synthetic_008705/metadata.json
           1799 100%   20.44MB/s   00:00:00 (xfer#1227, to-check=1432/1752)
synthetic_008705/posterior_mean.pt
         232026 100%    3.48MB/s   00:00:00 (xfer#1228, to-check=1433/1752)
synthetic_008705/posterior_samples.pt
        2686976  11%    5.02MB/s   00:00:04        5439488  22%    5.06MB/s   00:00:03        8454144  34%    5.22MB/s   00:00:02       10944512  44%    4.60MB/s   00:00:02       13139968  53%    4.17MB/s   00:00:02       15237120  62%    4.00MB/s   00:00:02       17465344  71%    4.23MB/s   00:00:01       19824640  80%    4.40MB/s   00:00:01       22183936  90%    4.42MB/s   00:00:00       24657317 100%    4.29MB/s   00:00:00       24657317 100%    4.51MB/s   00:00:05 (xfer#1229, to-check=1434/1752)
synthetic_008705/posterior_std.pt
         232019 100%   77.91MB/s   00:00:00 (xfer#1230, to-check=1435/1752)
synthetic_008705/posterior_variance.pt
         232054 100%   10.48MB/s   00:00:00 (xfer#1231, to-check=1436/1752)
synthetic_008706/
synthetic_008706/composite_mean.pt
         232026 100%    3.51MB/s   00:00:00 (xfer#1232, to-check=1438/1752)
synthetic_008706/metadata.json
           1799 100%   18.26MB/s   00:00:00 (xfer#1233, to-check=1439/1752)
synthetic_008706/posterior_mean.pt
         232026 100%    3.71MB/s   00:00:00 (xfer#1234, to-check=1440/1752)
synthetic_008706/posterior_samples.pt
        2523136  10%    4.68MB/s   00:00:04        5046272  20%    4.81MB/s   00:00:03        7602176  31%    4.72MB/s   00:00:03       10092544  41%    4.56MB/s   00:00:03       12845056  52%    5.22MB/s   00:00:02       15728640  64%    5.18MB/s   00:00:01       18612224  75%    5.48MB/s   00:00:01       21626880  88%    5.73MB/s   00:00:00       24510464  99%    5.42MB/s   00:00:00       24657317 100%    5.05MB/s   00:00:04 (xfer#1235, to-check=1441/1752)
synthetic_008706/posterior_std.pt
         232019 100%    5.29MB/s   00:00:00 (xfer#1236, to-check=1442/1752)
synthetic_008706/posterior_variance.pt
         232054 100%  206.82MB/s   00:00:00 (xfer#1237, to-check=1443/1752)
synthetic_008707/
synthetic_008707/composite_mean.pt
         232026 100%    2.65MB/s   00:00:00 (xfer#1238, to-check=1445/1752)
synthetic_008707/metadata.json
           1799 100%    6.45MB/s   00:00:00 (xfer#1239, to-check=1446/1752)
synthetic_008707/posterior_mean.pt
         232026 100%    3.42MB/s   00:00:00 (xfer#1240, to-check=1447/1752)
synthetic_008707/posterior_samples.pt
        2392064  10%    4.47MB/s   00:00:04        4882432  20%    4.75MB/s   00:00:03        7634944  31%    5.18MB/s   00:00:03       10256384  42%    4.98MB/s   00:00:02       13008896  53%    5.12MB/s   00:00:02       15892480  64%    5.40MB/s   00:00:01       18644992  76%    5.18MB/s   00:00:01       21659648  88%    5.70MB/s   00:00:00       24657317 100%    5.14MB/s   00:00:04 (xfer#1241, to-check=1448/1752)
synthetic_008707/posterior_std.pt
         232019 100%   99.80MB/s   00:00:00 (xfer#1242, to-check=1449/1752)
synthetic_008707/posterior_variance.pt
         232054 100%    4.84MB/s   00:00:00 (xfer#1243, to-check=1450/1752)
synthetic_008708/
synthetic_008708/composite_mean.pt
         232026 100%    6.20MB/s   00:00:00 (xfer#1244, to-check=1452/1752)
synthetic_008708/metadata.json
           1798 100%   16.02MB/s   00:00:00 (xfer#1245, to-check=1453/1752)
synthetic_008708/posterior_mean.pt
         232026 100%    2.10MB/s   00:00:00 (xfer#1246, to-check=1454/1752)
synthetic_008708/posterior_samples.pt
        3080192  12%    5.49MB/s   00:00:03        6094848  25%    5.59MB/s   00:00:03        9109504  37%    5.46MB/s   00:00:02       12353536  50%    6.19MB/s   00:00:01       15532032  63%    5.86MB/s   00:00:01       18546688  75%    5.67MB/s   00:00:01       22085632  90%    6.36MB/s   00:00:00       24657317 100%    5.83MB/s   00:00:04 (xfer#1247, to-check=1455/1752)
synthetic_008708/posterior_std.pt
         232019 100%   42.59MB/s   00:00:00 (xfer#1248, to-check=1456/1752)
synthetic_008708/posterior_variance.pt
         232054 100%   11.33MB/s   00:00:00 (xfer#1249, to-check=1457/1752)
synthetic_008709/
synthetic_008709/composite_mean.pt
         232026 100%    4.79MB/s   00:00:00 (xfer#1250, to-check=1459/1752)
synthetic_008709/metadata.json
           1800 100%   23.84MB/s   00:00:00 (xfer#1251, to-check=1460/1752)
synthetic_008709/posterior_mean.pt
         232026 100%    4.61MB/s   00:00:00 (xfer#1252, to-check=1461/1752)
synthetic_008709/posterior_samples.pt
        3375104  14%    6.42MB/s   00:00:03        6651904  27%    6.21MB/s   00:00:02       10452992  42%    6.61MB/s   00:00:02       12189696  49%    3.25MB/s   00:00:03       13762560  56%    2.77MB/s   00:00:03       15597568  63%    3.21MB/s   00:00:02       17334272  70%    3.31MB/s   00:00:02       18874368  77%    2.65MB/s   00:00:02       20709376  84%    3.30MB/s   00:00:01       22544384  91%    3.48MB/s   00:00:00       24510464  99%    3.43MB/s   00:00:00       24657317 100%    4.03MB/s   00:00:05 (xfer#1253, to-check=1462/1752)
synthetic_008709/posterior_std.pt
         232019 100%    3.95MB/s   00:00:00 (xfer#1254, to-check=1463/1752)
synthetic_008709/posterior_variance.pt
         232054 100%   11.66MB/s   00:00:00 (xfer#1255, to-check=1464/1752)
synthetic_008710/
synthetic_008710/composite_mean.pt
         232026 100%    3.15MB/s   00:00:00 (xfer#1256, to-check=1466/1752)
synthetic_008710/metadata.json
           1799 100%    4.37MB/s   00:00:00 (xfer#1257, to-check=1467/1752)
synthetic_008710/posterior_mean.pt
         232026 100%    3.09MB/s   00:00:00 (xfer#1258, to-check=1468/1752)
synthetic_008710/posterior_samples.pt
        2031616   8%    3.87MB/s   00:00:05        4030464  16%    3.66MB/s   00:00:05        6258688  25%    4.13MB/s   00:00:04        8617984  35%    4.28MB/s   00:00:03       11108352  45%    4.46MB/s   00:00:02       13860864  56%    4.80MB/s   00:00:02       16351232  66%    4.75MB/s   00:00:01       19103744  77%    5.04MB/s   00:00:01       21987328  89%    5.28MB/s   00:00:00       24657317 100%    4.51MB/s   00:00:05 (xfer#1259, to-check=1469/1752)
synthetic_008710/posterior_std.pt
         232019 100%   89.32MB/s   00:00:00 (xfer#1260, to-check=1470/1752)
synthetic_008710/posterior_variance.pt
         232054 100%    2.03MB/s   00:00:00 (xfer#1261, to-check=1471/1752)
synthetic_008711/
synthetic_008711/composite_mean.pt
         232026 100%   67.59MB/s   00:00:00 (xfer#1262, to-check=1473/1752)
synthetic_008711/metadata.json
           1797 100%   19.69MB/s   00:00:00 (xfer#1263, to-check=1474/1752)
synthetic_008711/posterior_mean.pt
         232026 100%    3.79MB/s   00:00:00 (xfer#1264, to-check=1475/1752)
synthetic_008711/posterior_samples.pt
        3014656  12%    5.45MB/s   00:00:03        6160384  25%    5.88MB/s   00:00:03        9306112  38%    5.97MB/s   00:00:02       12582912  51%    6.16MB/s   00:00:01       15728640  64%    5.66MB/s   00:00:01       19791872  80%    7.63MB/s   00:00:00       24117248  98%    8.16MB/s   00:00:00       24657317 100%    6.43MB/s   00:00:03 (xfer#1265, to-check=1476/1752)
synthetic_008711/posterior_std.pt
         232019 100%  121.84MB/s   00:00:00 (xfer#1266, to-check=1477/1752)
synthetic_008711/posterior_variance.pt
         232054 100%   67.56MB/s   00:00:00 (xfer#1267, to-check=1478/1752)
synthetic_008712/
synthetic_008712/composite_mean.pt
         232026 100%    4.66MB/s   00:00:00 (xfer#1268, to-check=1480/1752)
synthetic_008712/metadata.json
           1799 100%   14.54MB/s   00:00:00 (xfer#1269, to-check=1481/1752)
synthetic_008712/posterior_mean.pt
         232026 100%   26.01MB/s   00:00:00 (xfer#1270, to-check=1482/1752)
synthetic_008712/posterior_samples.pt
        4947968  20%    9.44MB/s   00:00:01       10878976  44%   10.83MB/s   00:00:01       17301504  70%   12.24MB/s   00:00:00       24117248  98%   12.94MB/s   00:00:00       24657317 100%   11.35MB/s   00:00:02 (xfer#1271, to-check=1483/1752)
synthetic_008712/posterior_std.pt
         232019 100%  252.88MB/s   00:00:00 (xfer#1272, to-check=1484/1752)
synthetic_008712/posterior_variance.pt
         232054 100%   12.31MB/s   00:00:00 (xfer#1273, to-check=1485/1752)
synthetic_008713/
synthetic_008713/composite_mean.pt
         232026 100%   27.71MB/s   00:00:00 (xfer#1274, to-check=1487/1752)
synthetic_008713/metadata.json
           1799 100%   39.98MB/s   00:00:00 (xfer#1275, to-check=1488/1752)
synthetic_008713/posterior_mean.pt
         232026 100%   13.82MB/s   00:00:00 (xfer#1276, to-check=1489/1752)
synthetic_008713/posterior_samples.pt
        6750208  27%   12.83MB/s   00:00:01       13402112  54%   12.66MB/s   00:00:00       20086784  81%   12.70MB/s   00:00:00       24657317 100%   11.52MB/s   00:00:02 (xfer#1277, to-check=1490/1752)
synthetic_008713/posterior_std.pt
         232019 100%  127.03MB/s   00:00:00 (xfer#1278, to-check=1491/1752)
synthetic_008713/posterior_variance.pt
         232054 100%  191.11MB/s   00:00:00 (xfer#1279, to-check=1492/1752)
synthetic_008714/
synthetic_008714/composite_mean.pt
         232026 100%  163.66MB/s   00:00:00 (xfer#1280, to-check=1494/1752)
synthetic_008714/metadata.json
           1800 100%   25.99MB/s   00:00:00 (xfer#1281, to-check=1495/1752)
synthetic_008714/posterior_mean.pt
         232026 100%   18.19MB/s   00:00:00 (xfer#1282, to-check=1496/1752)
synthetic_008714/posterior_samples.pt
        7241728  29%   13.75MB/s   00:00:01       14057472  57%   12.90MB/s   00:00:00       19136512  78%    9.52MB/s   00:00:00       24117248  98%    9.50MB/s   00:00:00       24657317 100%   11.24MB/s   00:00:02 (xfer#1283, to-check=1497/1752)
synthetic_008714/posterior_std.pt
         232019 100%  138.21MB/s   00:00:00 (xfer#1284, to-check=1498/1752)
synthetic_008714/posterior_variance.pt
         232054 100%   98.22MB/s   00:00:00 (xfer#1285, to-check=1499/1752)
synthetic_008715/
synthetic_008715/composite_mean.pt
         232026 100%   13.30MB/s   00:00:00 (xfer#1286, to-check=1501/1752)
synthetic_008715/metadata.json
           1797 100%   16.15MB/s   00:00:00 (xfer#1287, to-check=1502/1752)
synthetic_008715/posterior_mean.pt
         232026 100%   14.10MB/s   00:00:00 (xfer#1288, to-check=1503/1752)
synthetic_008715/posterior_samples.pt
        6356992  26%   12.01MB/s   00:00:01       10977280  45%    8.78MB/s   00:00:01       15564800  63%    8.70MB/s   00:00:00       20938752  85%    9.78MB/s   00:00:00       24657317 100%    9.87MB/s   00:00:02 (xfer#1289, to-check=1504/1752)
synthetic_008715/posterior_std.pt
         232019 100%   10.77MB/s   00:00:00 (xfer#1290, to-check=1505/1752)
synthetic_008715/posterior_variance.pt
         232054 100%   18.21MB/s   00:00:00 (xfer#1291, to-check=1506/1752)
synthetic_008716/
synthetic_008716/composite_mean.pt
         232026 100%    3.58MB/s   00:00:00 (xfer#1292, to-check=1508/1752)
synthetic_008716/metadata.json
           1798 100%   16.65MB/s   00:00:00 (xfer#1293, to-check=1509/1752)
synthetic_008716/posterior_mean.pt
         232026 100%   75.01MB/s   00:00:00 (xfer#1294, to-check=1510/1752)
synthetic_008716/posterior_samples.pt
        5144576  21%    9.61MB/s   00:00:01       10780672  44%   10.61MB/s   00:00:01       16547840  67%   11.00MB/s   00:00:00       21659648  88%    9.71MB/s   00:00:00       24657317 100%   10.22MB/s   00:00:02 (xfer#1295, to-check=1511/1752)
synthetic_008716/posterior_std.pt
         232019 100%  113.19MB/s   00:00:00 (xfer#1296, to-check=1512/1752)
synthetic_008716/posterior_variance.pt
         232054 100%  154.99MB/s   00:00:00 (xfer#1297, to-check=1513/1752)
synthetic_008717/
synthetic_008717/composite_mean.pt
         232026 100%   10.83MB/s   00:00:00 (xfer#1298, to-check=1515/1752)
synthetic_008717/metadata.json
           1796 100%   15.03MB/s   00:00:00 (xfer#1299, to-check=1516/1752)
synthetic_008717/posterior_mean.pt
         232026 100%    7.70MB/s   00:00:00 (xfer#1300, to-check=1517/1752)
synthetic_008717/posterior_samples.pt
        5832704  24%   10.79MB/s   00:00:01       11599872  47%   10.91MB/s   00:00:01       17235968  70%   10.75MB/s   00:00:00       22675456  92%    9.81MB/s   00:00:00       24657317 100%    9.83MB/s   00:00:02 (xfer#1301, to-check=1518/1752)
synthetic_008717/posterior_std.pt
         232019 100%  121.30MB/s   00:00:00 (xfer#1302, to-check=1519/1752)
synthetic_008717/posterior_variance.pt
         232054 100%   12.85MB/s   00:00:00 (xfer#1303, to-check=1520/1752)
synthetic_008718/
synthetic_008718/composite_mean.pt
         232026 100%   11.24MB/s   00:00:00 (xfer#1304, to-check=1522/1752)
synthetic_008718/metadata.json
           1799 100%   21.74MB/s   00:00:00 (xfer#1305, to-check=1523/1752)
synthetic_008718/posterior_mean.pt
         232026 100%    5.07MB/s   00:00:00 (xfer#1306, to-check=1524/1752)
synthetic_008718/posterior_samples.pt
        4718592  19%    8.53MB/s   00:00:02        9437184  38%    8.82MB/s   00:00:01       14680064  60%    9.98MB/s   00:00:00       19660800  80%    9.39MB/s   00:00:00       24248320  98%    8.72MB/s   00:00:00       24657317 100%    9.06MB/s   00:00:02 (xfer#1307, to-check=1525/1752)
synthetic_008718/posterior_std.pt
         232019 100%   28.03MB/s   00:00:00 (xfer#1308, to-check=1526/1752)
synthetic_008718/posterior_variance.pt
         232054 100%   16.79MB/s   00:00:00 (xfer#1309, to-check=1527/1752)
synthetic_008719/
synthetic_008719/composite_mean.pt
         232026 100%   21.05MB/s   00:00:00 (xfer#1310, to-check=1529/1752)
synthetic_008719/metadata.json
           1798 100%   33.61MB/s   00:00:00 (xfer#1311, to-check=1530/1752)
synthetic_008719/posterior_mean.pt
         232026 100%    6.26MB/s   00:00:00 (xfer#1312, to-check=1531/1752)
synthetic_008719/posterior_samples.pt
        5570560  23%   10.59MB/s   00:00:01       10944512  44%   10.24MB/s   00:00:01       16056320  65%    9.45MB/s   00:00:00       22216704  90%   11.11MB/s   00:00:00       24657317 100%   10.16MB/s   00:00:02 (xfer#1313, to-check=1532/1752)
synthetic_008719/posterior_std.pt
         232019 100%  248.88MB/s   00:00:00 (xfer#1314, to-check=1533/1752)
synthetic_008719/posterior_variance.pt
         232054 100%   10.27MB/s   00:00:00 (xfer#1315, to-check=1534/1752)
synthetic_008720/
synthetic_008720/composite_mean.pt
         232026 100%    2.36MB/s   00:00:00 (xfer#1316, to-check=1536/1752)
synthetic_008720/metadata.json
           1799 100%    9.53MB/s   00:00:00 (xfer#1317, to-check=1537/1752)
synthetic_008720/posterior_mean.pt
         232026 100%  102.54MB/s   00:00:00 (xfer#1318, to-check=1538/1752)
synthetic_008720/posterior_samples.pt
        3997696  16%    7.25MB/s   00:00:02        8454144  34%    8.32MB/s   00:00:01       11370496  46%    5.26MB/s   00:00:02       14385152  58%    5.58MB/s   00:00:01       16515072  67%    4.02MB/s   00:00:01       18874368  77%    4.30MB/s   00:00:01       21626880  88%    4.81MB/s   00:00:00       24379392  99%    5.22MB/s   00:00:00       24657317 100%    5.53MB/s   00:00:04 (xfer#1319, to-check=1539/1752)
synthetic_008720/posterior_std.pt
         232019 100%    8.77MB/s   00:00:00 (xfer#1320, to-check=1540/1752)
synthetic_008720/posterior_variance.pt
         232054 100%    4.00MB/s   00:00:00 (xfer#1321, to-check=1541/1752)
synthetic_008721/
synthetic_008721/composite_mean.pt
         232026 100%   23.02MB/s   00:00:00 (xfer#1322, to-check=1543/1752)
synthetic_008721/metadata.json
           1798 100%   20.61MB/s   00:00:00 (xfer#1323, to-check=1544/1752)
synthetic_008721/posterior_mean.pt
         232026 100%    3.74MB/s   00:00:00 (xfer#1324, to-check=1545/1752)
synthetic_008721/posterior_samples.pt
        2883584  12%    5.23MB/s   00:00:03        5636096  23%    5.16MB/s   00:00:03        7897088  32%    4.08MB/s   00:00:03        9863168  40%    3.63MB/s   00:00:03       11960320  49%    3.93MB/s   00:00:03       14188544  58%    4.06MB/s   00:00:02       16678912  68%    4.47MB/s   00:00:01       18874368  77%    4.11MB/s   00:00:01       20447232  83%    2.99MB/s   00:00:01       22282240  90%    3.45MB/s   00:00:00       24117248  98%    3.44MB/s   00:00:00       24657317 100%    4.02MB/s   00:00:05 (xfer#1325, to-check=1546/1752)
synthetic_008721/posterior_std.pt
         232019 100%   10.17MB/s   00:00:00 (xfer#1326, to-check=1547/1752)
synthetic_008721/posterior_variance.pt
         232054 100%    3.78MB/s   00:00:00 (xfer#1327, to-check=1548/1752)
synthetic_008722/
synthetic_008722/composite_mean.pt
         232026 100%    3.80MB/s   00:00:00 (xfer#1328, to-check=1550/1752)
synthetic_008722/metadata.json
           1798 100%    6.42MB/s   00:00:00 (xfer#1329, to-check=1551/1752)
synthetic_008722/posterior_mean.pt
         232026 100%    3.63MB/s   00:00:00 (xfer#1330, to-check=1552/1752)
synthetic_008722/posterior_samples.pt
        1998848   8%    3.55MB/s   00:00:06        4063232  16%    3.89MB/s   00:00:05        6160384  25%    3.76MB/s   00:00:04        8257536  33%    3.89MB/s   00:00:04       10485760  43%    4.20MB/s   00:00:03       12320768  50%    3.32MB/s   00:00:03       14680064  60%    4.47MB/s   00:00:02       17170432  70%    4.34MB/s   00:00:01       19660800  80%    4.65MB/s   00:00:01       22413312  91%    4.89MB/s   00:00:00       24657317 100%    4.14MB/s   00:00:05 (xfer#1331, to-check=1553/1752)
synthetic_008722/posterior_std.pt
         232019 100%   20.22MB/s   00:00:00 (xfer#1332, to-check=1554/1752)
synthetic_008722/posterior_variance.pt
         232054 100%    5.25MB/s   00:00:00 (xfer#1333, to-check=1555/1752)
synthetic_008723/
synthetic_008723/composite_mean.pt
         232026 100%    6.08MB/s   00:00:00 (xfer#1334, to-check=1557/1752)
synthetic_008723/metadata.json
           1798 100%    4.30MB/s   00:00:00 (xfer#1335, to-check=1558/1752)
synthetic_008723/posterior_mean.pt
         232026 100%    9.14MB/s   00:00:00 (xfer#1336, to-check=1559/1752)
synthetic_008723/posterior_samples.pt
        1835008   7%    3.22MB/s   00:00:06        4063232  16%    4.01MB/s   00:00:04        5636096  23%    2.99MB/s   00:00:06        7340032  30%    3.12MB/s   00:00:05        9043968  37%    3.21MB/s   00:00:04       11010048  45%    3.39MB/s   00:00:03       12845056  52%    3.43MB/s   00:00:03       14680064  60%    3.34MB/s   00:00:02       16515072  67%    3.27MB/s   00:00:02       18612224  75%    3.76MB/s   00:00:01       20578304  83%    3.73MB/s   00:00:01       22806528  92%    3.84MB/s   00:00:00       24657317 100%    3.47MB/s   00:00:06 (xfer#1337, to-check=1560/1752)
synthetic_008723/posterior_std.pt
         232019 100%    9.80MB/s   00:00:00 (xfer#1338, to-check=1561/1752)
synthetic_008723/posterior_variance.pt
         232054 100%    4.09MB/s   00:00:00 (xfer#1339, to-check=1562/1752)
synthetic_008724/
synthetic_008724/composite_mean.pt
         232026 100%   35.40MB/s   00:00:00 (xfer#1340, to-check=1564/1752)
synthetic_008724/metadata.json
           1799 100%   17.68MB/s   00:00:00 (xfer#1341, to-check=1565/1752)
synthetic_008724/posterior_mean.pt
         232026 100%    3.32MB/s   00:00:00 (xfer#1342, to-check=1566/1752)
synthetic_008724/posterior_samples.pt
        1540096   6%    2.77MB/s   00:00:07        2686976  11%    2.10MB/s   00:00:09        3997696  16%    2.49MB/s   00:00:07        5439488  22%    2.66MB/s   00:00:06        6881280  28%    2.74MB/s   00:00:06        8192000  33%    2.43MB/s   00:00:06        9633792  39%    2.72MB/s   00:00:05       11206656  45%    2.91MB/s   00:00:04       12910592  52%    3.10MB/s   00:00:03       14614528  59%    3.14MB/s   00:00:03       16449536  67%    3.19MB/s   00:00:02       18415616  75%    3.43MB/s   00:00:01       20512768  83%    3.81MB/s   00:00:01       22609920  92%    3.74MB/s   00:00:00       24657317 100%    3.01MB/s   00:00:07 (xfer#1343, to-check=1567/1752)
synthetic_008724/posterior_std.pt
         232019 100%   91.47MB/s   00:00:00 (xfer#1344, to-check=1568/1752)
synthetic_008724/posterior_variance.pt
         232054 100%    5.06MB/s   00:00:00 (xfer#1345, to-check=1569/1752)
synthetic_008725/
synthetic_008725/composite_mean.pt
         232026 100%    3.81MB/s   00:00:00 (xfer#1346, to-check=1571/1752)
synthetic_008725/metadata.json
           1798 100%    5.91MB/s   00:00:00 (xfer#1347, to-check=1572/1752)
synthetic_008725/posterior_mean.pt
         232026 100%    3.75MB/s   00:00:00 (xfer#1348, to-check=1573/1752)
synthetic_008725/posterior_samples.pt
        2457600  10%    4.44MB/s   00:00:04        4816896  20%    4.27MB/s   00:00:04        7438336  30%    4.98MB/s   00:00:03       10059776  41%    4.57MB/s   00:00:03       12812288  52%    5.22MB/s   00:00:02       15564800  63%    4.77MB/s   00:00:01       18448384  75%    5.49MB/s   00:00:01       21463040  87%    5.64MB/s   00:00:00       24657317 100%    5.07MB/s   00:00:04 (xfer#1349, to-check=1574/1752)
synthetic_008725/posterior_std.pt
         232019 100%   14.90MB/s   00:00:00 (xfer#1350, to-check=1575/1752)
synthetic_008725/posterior_variance.pt
         232054 100%    4.74MB/s   00:00:00 (xfer#1351, to-check=1576/1752)
synthetic_008726/
synthetic_008726/composite_mean.pt
         232026 100%   12.10MB/s   00:00:00 (xfer#1352, to-check=1578/1752)
synthetic_008726/metadata.json
           1799 100%   21.48MB/s   00:00:00 (xfer#1353, to-check=1579/1752)
synthetic_008726/posterior_mean.pt
         232026 100%   28.72MB/s   00:00:00 (xfer#1354, to-check=1580/1752)
synthetic_008726/posterior_samples.pt
        3801088  15%    6.98MB/s   00:00:02        8257536  33%    8.36MB/s   00:00:01       10485760  43%    4.15MB/s   00:00:03       14155776  57%    6.78MB/s   00:00:01       18219008  74%    7.70MB/s   00:00:00       21954560  89%    7.12MB/s   00:00:00       24657317 100%    6.85MB/s   00:00:03 (xfer#1355, to-check=1581/1752)
synthetic_008726/posterior_std.pt
         232019 100%   84.81MB/s   00:00:00 (xfer#1356, to-check=1582/1752)
synthetic_008726/posterior_variance.pt
         232054 100%   14.24MB/s   00:00:00 (xfer#1357, to-check=1583/1752)
synthetic_008727/
synthetic_008727/composite_mean.pt
         232026 100%   13.95MB/s   00:00:00 (xfer#1358, to-check=1585/1752)
synthetic_008727/metadata.json
           1800 100%   22.93MB/s   00:00:00 (xfer#1359, to-check=1586/1752)
synthetic_008727/posterior_mean.pt
         232026 100%    6.15MB/s   00:00:00 (xfer#1360, to-check=1587/1752)
synthetic_008727/posterior_samples.pt
        4456448  18%    8.22MB/s   00:00:02        8781824  36%    7.75MB/s   00:00:01       13500416  55%    8.79MB/s   00:00:01       18219008  74%    8.86MB/s   00:00:00       22937600  93%    8.69MB/s   00:00:00       24657317 100%    8.31MB/s   00:00:02 (xfer#1361, to-check=1588/1752)
synthetic_008727/posterior_std.pt
         232019 100%    5.31MB/s   00:00:00 (xfer#1362, to-check=1589/1752)
synthetic_008727/posterior_variance.pt
         232054 100%  159.43MB/s   00:00:00 (xfer#1363, to-check=1590/1752)
synthetic_008728/
synthetic_008728/composite_mean.pt
         232026 100%  153.13MB/s   00:00:00 (xfer#1364, to-check=1592/1752)
synthetic_008728/metadata.json
           1798 100%   18.88MB/s   00:00:00 (xfer#1365, to-check=1593/1752)
synthetic_008728/posterior_mean.pt
         232026 100%   31.82MB/s   00:00:00 (xfer#1366, to-check=1594/1752)
synthetic_008728/posterior_samples.pt
        2883584  12%    5.40MB/s   00:00:03        6684672  27%    6.70MB/s   00:00:02       10485760  43%    7.13MB/s   00:00:01       14548992  59%    7.29MB/s   00:00:01       18481152  75%    7.12MB/s   00:00:00       22413312  91%    7.01MB/s   00:00:00       24657317 100%    6.81MB/s   00:00:03 (xfer#1367, to-check=1595/1752)
synthetic_008728/posterior_std.pt
         232019 100%   21.04MB/s   00:00:00 (xfer#1368, to-check=1596/1752)
synthetic_008728/posterior_variance.pt
         232054 100%   18.96MB/s   00:00:00 (xfer#1369, to-check=1597/1752)
synthetic_008729/
synthetic_008729/composite_mean.pt
         232026 100%    6.45MB/s   00:00:00 (xfer#1370, to-check=1599/1752)
synthetic_008729/metadata.json
           1798 100%   22.55MB/s   00:00:00 (xfer#1371, to-check=1600/1752)
synthetic_008729/posterior_mean.pt
         232026 100%    9.12MB/s   00:00:00 (xfer#1372, to-check=1601/1752)
synthetic_008729/posterior_samples.pt
        4128768  17%    7.56MB/s   00:00:02        8192000  33%    7.74MB/s   00:00:02       12124160  49%    7.25MB/s   00:00:01       16318464  66%    7.73MB/s   00:00:01       20119552  82%    7.25MB/s   00:00:00       24313856  99%    7.93MB/s   00:00:00       24657317 100%    7.46MB/s   00:00:03 (xfer#1373, to-check=1602/1752)
synthetic_008729/posterior_std.pt
         232019 100%   86.98MB/s   00:00:00 (xfer#1374, to-check=1603/1752)
synthetic_008729/posterior_variance.pt
         232054 100%    8.16MB/s   00:00:00 (xfer#1375, to-check=1604/1752)
synthetic_008730/
synthetic_008730/composite_mean.pt
         232026 100%   18.13MB/s   00:00:00 (xfer#1376, to-check=1606/1752)
synthetic_008730/metadata.json
           1799 100%   27.68MB/s   00:00:00 (xfer#1377, to-check=1607/1752)
synthetic_008730/posterior_mean.pt
         232026 100%    4.11MB/s   00:00:00 (xfer#1378, to-check=1608/1752)
synthetic_008730/posterior_samples.pt
        4227072  17%    7.99MB/s   00:00:02        8421376  34%    7.80MB/s   00:00:01       11337728  46%    5.55MB/s   00:00:02       14745600  60%    6.49MB/s   00:00:01       18350080  74%    6.87MB/s   00:00:00       21954560  89%    6.66MB/s   00:00:00       24657317 100%    6.77MB/s   00:00:03 (xfer#1379, to-check=1609/1752)
synthetic_008730/posterior_std.pt
         232019 100%   85.57MB/s   00:00:00 (xfer#1380, to-check=1610/1752)
synthetic_008730/posterior_variance.pt
         232054 100%   11.28MB/s   00:00:00 (xfer#1381, to-check=1611/1752)
synthetic_008731/
synthetic_008731/composite_mean.pt
         232026 100%    9.28MB/s   00:00:00 (xfer#1382, to-check=1613/1752)
synthetic_008731/metadata.json
           1798 100%   23.81MB/s   00:00:00 (xfer#1383, to-check=1614/1752)
synthetic_008731/posterior_mean.pt
         232026 100%    5.39MB/s   00:00:00 (xfer#1384, to-check=1615/1752)
synthetic_008731/posterior_samples.pt
        4161536  17%    7.93MB/s   00:00:02        8257536  33%    7.40MB/s   00:00:02       12451840  50%    7.53MB/s   00:00:01       14680064  60%    4.16MB/s   00:00:02       17956864  73%    6.04MB/s   00:00:01       21364736  87%    6.36MB/s   00:00:00       24657317 100%    6.50MB/s   00:00:03 (xfer#1385, to-check=1616/1752)
synthetic_008731/posterior_std.pt
         232019 100%   28.56MB/s   00:00:00 (xfer#1386, to-check=1617/1752)
synthetic_008731/posterior_variance.pt
         232054 100%   23.43MB/s   00:00:00 (xfer#1387, to-check=1618/1752)
synthetic_008732/
synthetic_008732/composite_mean.pt
         232026 100%    4.39MB/s   00:00:00 (xfer#1388, to-check=1620/1752)
synthetic_008732/metadata.json
           1799 100%   21.74MB/s   00:00:00 (xfer#1389, to-check=1621/1752)
synthetic_008732/posterior_mean.pt
         232026 100%    5.02MB/s   00:00:00 (xfer#1390, to-check=1622/1752)
synthetic_008732/posterior_samples.pt
        3407872  14%    6.18MB/s   00:00:03        7077888  29%    6.93MB/s   00:00:02       10354688  42%    6.10MB/s   00:00:02       14155776  57%    6.96MB/s   00:00:01       17825792  72%    6.79MB/s   00:00:00       21233664  86%    6.31MB/s   00:00:00       24657317 100%    6.50MB/s   00:00:03 (xfer#1391, to-check=1623/1752)
synthetic_008732/posterior_std.pt
         232019 100%    5.96MB/s   00:00:00 (xfer#1392, to-check=1624/1752)
synthetic_008732/posterior_variance.pt
         232054 100%   57.90MB/s   00:00:00 (xfer#1393, to-check=1625/1752)
synthetic_008733/
synthetic_008733/composite_mean.pt
         232026 100%    4.78MB/s   00:00:00 (xfer#1394, to-check=1627/1752)
synthetic_008733/metadata.json
           1799 100%    5.86MB/s   00:00:00 (xfer#1395, to-check=1628/1752)
synthetic_008733/posterior_mean.pt
         232026 100%    6.82MB/s   00:00:00 (xfer#1396, to-check=1629/1752)
synthetic_008733/posterior_samples.pt
        3637248  15%    6.64MB/s   00:00:03        7307264  30%    6.96MB/s   00:00:02       11370496  46%    7.29MB/s   00:00:01       15302656  62%    7.09MB/s   00:00:01       19496960  79%    7.79MB/s   00:00:00       23429120  95%    7.40MB/s   00:00:00       24657317 100%    7.17MB/s   00:00:03 (xfer#1397, to-check=1630/1752)
synthetic_008733/posterior_std.pt
         232019 100%   33.83MB/s   00:00:00 (xfer#1398, to-check=1631/1752)
synthetic_008733/posterior_variance.pt
         232054 100%   13.77MB/s   00:00:00 (xfer#1399, to-check=1632/1752)
synthetic_008734/
synthetic_008734/composite_mean.pt
         232026 100%    9.55MB/s   00:00:00 (xfer#1400, to-check=1634/1752)
synthetic_008734/metadata.json
           1799 100%   76.97KB/s   00:00:00 (xfer#1401, to-check=1635/1752)
synthetic_008734/posterior_mean.pt
         232026 100%   58.82MB/s   00:00:00 (xfer#1402, to-check=1636/1752)
synthetic_008734/posterior_samples.pt
        4063232  16%    7.70MB/s   00:00:02        7864320  32%    7.20MB/s   00:00:02       12058624  49%    7.99MB/s   00:00:01       16252928  66%    7.87MB/s   00:00:01       21102592  86%    9.21MB/s   00:00:00       24657317 100%    7.90MB/s   00:00:02 (xfer#1403, to-check=1637/1752)
synthetic_008734/posterior_std.pt
         232019 100%   91.85MB/s   00:00:00 (xfer#1404, to-check=1638/1752)
synthetic_008734/posterior_variance.pt
         232054 100%   28.99MB/s   00:00:00 (xfer#1405, to-check=1639/1752)
synthetic_008735/
synthetic_008735/composite_mean.pt
         232026 100%    5.90MB/s   00:00:00 (xfer#1406, to-check=1641/1752)
synthetic_008735/metadata.json
           1801 100%   22.30MB/s   00:00:00 (xfer#1407, to-check=1642/1752)
synthetic_008735/posterior_mean.pt
         232026 100%   13.35MB/s   00:00:00 (xfer#1408, to-check=1643/1752)
synthetic_008735/posterior_samples.pt
        4489216  18%    8.45MB/s   00:00:02        9863168  40%   10.04MB/s   00:00:01       14188544  58%    8.02MB/s   00:00:01       18481152  75%    8.19MB/s   00:00:00       22839296  93%    8.12MB/s   00:00:00       24657317 100%    8.45MB/s   00:00:02 (xfer#1409, to-check=1644/1752)
synthetic_008735/posterior_std.pt
         232019 100%  104.77MB/s   00:00:00 (xfer#1410, to-check=1645/1752)
synthetic_008735/posterior_variance.pt
         232054 100%   10.18MB/s   00:00:00 (xfer#1411, to-check=1646/1752)
synthetic_008736/
synthetic_008736/composite_mean.pt
         232026 100%   23.69MB/s   00:00:00 (xfer#1412, to-check=1648/1752)
synthetic_008736/metadata.json
           1800 100%   25.62MB/s   00:00:00 (xfer#1413, to-check=1649/1752)
synthetic_008736/posterior_mean.pt
         232026 100%    4.77MB/s   00:00:00 (xfer#1414, to-check=1650/1752)
synthetic_008736/posterior_samples.pt
        5046272  20%    9.54MB/s   00:00:01        9764864  40%    8.82MB/s   00:00:01       15269888  62%   10.46MB/s   00:00:00       20381696  83%    9.67MB/s   00:00:00       24657317 100%    9.68MB/s   00:00:02 (xfer#1415, to-check=1651/1752)
synthetic_008736/posterior_std.pt
         232019 100%   93.92MB/s   00:00:00 (xfer#1416, to-check=1652/1752)
synthetic_008736/posterior_variance.pt
         232054 100%  171.01MB/s   00:00:00 (xfer#1417, to-check=1653/1752)
synthetic_008737/
synthetic_008737/composite_mean.pt
         232026 100%    7.95MB/s   00:00:00 (xfer#1418, to-check=1655/1752)
synthetic_008737/metadata.json
           1801 100%   21.50MB/s   00:00:00 (xfer#1419, to-check=1656/1752)
synthetic_008737/posterior_mean.pt
         232026 100%   58.09MB/s   00:00:00 (xfer#1420, to-check=1657/1752)
synthetic_008737/posterior_samples.pt
        5046272  20%    9.29MB/s   00:00:02       10682368  43%   10.62MB/s   00:00:01       16318464  66%   10.55MB/s   00:00:00       21954560  89%   10.17MB/s   00:00:00       24657317 100%   10.18MB/s   00:00:02 (xfer#1421, to-check=1658/1752)
synthetic_008737/posterior_std.pt
         232019 100%   24.21MB/s   00:00:00 (xfer#1422, to-check=1659/1752)
synthetic_008737/posterior_variance.pt
         232054 100%    4.10MB/s   00:00:00 (xfer#1423, to-check=1660/1752)
synthetic_008738/
synthetic_008738/composite_mean.pt
         232026 100%   45.64MB/s   00:00:00 (xfer#1424, to-check=1662/1752)
synthetic_008738/metadata.json
           1801 100%   33.66MB/s   00:00:00 (xfer#1425, to-check=1663/1752)
synthetic_008738/posterior_mean.pt
         232026 100%   12.34MB/s   00:00:00 (xfer#1426, to-check=1664/1752)
synthetic_008738/posterior_samples.pt
        5472256  22%   10.28MB/s   00:00:01       11108352  45%   10.32MB/s   00:00:01       17235968  70%   11.01MB/s   00:00:00       22872064  93%   10.45MB/s   00:00:00       24657317 100%   10.52MB/s   00:00:02 (xfer#1427, to-check=1665/1752)
synthetic_008738/posterior_std.pt
         232019 100%   96.62MB/s   00:00:00 (xfer#1428, to-check=1666/1752)
synthetic_008738/posterior_variance.pt
         232054 100%   10.08MB/s   00:00:00 (xfer#1429, to-check=1667/1752)
synthetic_008739/
synthetic_008739/composite_mean.pt
         232026 100%   15.08MB/s   00:00:00 (xfer#1430, to-check=1669/1752)
synthetic_008739/metadata.json
           1800 100%   33.03MB/s   00:00:00 (xfer#1431, to-check=1670/1752)
synthetic_008739/posterior_mean.pt
         232026 100%   43.37MB/s   00:00:00 (xfer#1432, to-check=1671/1752)
synthetic_008739/posterior_samples.pt
        5701632  23%   10.64MB/s   00:00:01       11599872  47%   10.57MB/s   00:00:01       17629184  71%   11.02MB/s   00:00:00       23625728  96%   11.31MB/s   00:00:00       24657317 100%   10.73MB/s   00:00:02 (xfer#1433, to-check=1672/1752)
synthetic_008739/posterior_std.pt
         232019 100%   23.62MB/s   00:00:00 (xfer#1434, to-check=1673/1752)
synthetic_008739/posterior_variance.pt
         232054 100%   69.12MB/s   00:00:00 (xfer#1435, to-check=1674/1752)
synthetic_008740/
synthetic_008740/composite_mean.pt
         232026 100%   26.84MB/s   00:00:00 (xfer#1436, to-check=1676/1752)
synthetic_008740/metadata.json
           1801 100%   25.64MB/s   00:00:00 (xfer#1437, to-check=1677/1752)
synthetic_008740/posterior_mean.pt
         232026 100%    4.26MB/s   00:00:00 (xfer#1438, to-check=1678/1752)
synthetic_008740/posterior_samples.pt
        6193152  25%   11.75MB/s   00:00:01       12222464  50%   11.39MB/s   00:00:01       18382848  75%   10.90MB/s   00:00:00       24657317 100%   11.76MB/s   00:00:00       24657317 100%   11.29MB/s   00:00:02 (xfer#1439, to-check=1679/1752)
synthetic_008740/posterior_std.pt
         232019 100%  174.94MB/s   00:00:00 (xfer#1440, to-check=1680/1752)
synthetic_008740/posterior_variance.pt
         232054 100%  287.02MB/s   00:00:00 (xfer#1441, to-check=1681/1752)
synthetic_008741/
synthetic_008741/composite_mean.pt
         232026 100%   15.35MB/s   00:00:00 (xfer#1442, to-check=1683/1752)
synthetic_008741/metadata.json
           1801 100%   29.17MB/s   00:00:00 (xfer#1443, to-check=1684/1752)
synthetic_008741/posterior_mean.pt
         232026 100%   11.85MB/s   00:00:00 (xfer#1444, to-check=1685/1752)
synthetic_008741/posterior_samples.pt
        3571712  14%    6.72MB/s   00:00:02        8421376  34%    9.23MB/s   00:00:01       12746752  52%    8.07MB/s   00:00:01       18382848  75%   10.67MB/s   00:00:00       23756800  96%   10.13MB/s   00:00:00       24657317 100%    8.93MB/s   00:00:02 (xfer#1445, to-check=1686/1752)
synthetic_008741/posterior_std.pt
         232019 100%   93.25MB/s   00:00:00 (xfer#1446, to-check=1687/1752)
synthetic_008741/posterior_variance.pt
         232054 100%   20.12MB/s   00:00:00 (xfer#1447, to-check=1688/1752)
synthetic_008742/
synthetic_008742/composite_mean.pt
         232026 100%   24.61MB/s   00:00:00 (xfer#1448, to-check=1690/1752)
synthetic_008742/metadata.json
           1799 100%   20.68MB/s   00:00:00 (xfer#1449, to-check=1691/1752)
synthetic_008742/posterior_mean.pt
         232026 100%    7.24MB/s   00:00:00 (xfer#1450, to-check=1692/1752)
synthetic_008742/posterior_samples.pt
        5898240  24%   11.06MB/s   00:00:01       11796480  48%   11.08MB/s   00:00:01       18350080  74%   11.91MB/s   00:00:00       24510464  99%   11.70MB/s   00:00:00       24657317 100%   11.33MB/s   00:00:02 (xfer#1451, to-check=1693/1752)
synthetic_008742/posterior_std.pt
         232019 100%  217.55MB/s   00:00:00 (xfer#1452, to-check=1694/1752)
synthetic_008742/posterior_variance.pt
         232054 100%  322.07MB/s   00:00:00 (xfer#1453, to-check=1695/1752)
synthetic_008743/
synthetic_008743/composite_mean.pt
         232026 100%    3.77MB/s   00:00:00 (xfer#1454, to-check=1697/1752)
synthetic_008743/metadata.json
           1799 100%    6.75MB/s   00:00:00 (xfer#1455, to-check=1698/1752)
synthetic_008743/posterior_mean.pt
         232026 100%   15.47MB/s   00:00:00 (xfer#1456, to-check=1699/1752)
synthetic_008743/posterior_samples.pt
        6127616  25%   11.21MB/s   00:00:01       12550144  51%   11.90MB/s   00:00:00       19496960  79%   12.80MB/s   00:00:00       24657317 100%   11.73MB/s   00:00:02 (xfer#1457, to-check=1700/1752)
synthetic_008743/posterior_std.pt
         232019 100%  218.68MB/s   00:00:00 (xfer#1458, to-check=1701/1752)
synthetic_008743/posterior_variance.pt
         232054 100%   14.33MB/s   00:00:00 (xfer#1459, to-check=1702/1752)
synthetic_008744/
synthetic_008744/composite_mean.pt
         232026 100%   20.27MB/s   00:00:00 (xfer#1460, to-check=1704/1752)
synthetic_008744/metadata.json
           1800 100%    9.76MB/s   00:00:00 (xfer#1461, to-check=1705/1752)
synthetic_008744/posterior_mean.pt
         232026 100%   25.18MB/s   00:00:00 (xfer#1462, to-check=1706/1752)
synthetic_008744/posterior_samples.pt
        6029312  24%   11.30MB/s   00:00:01       12582912  51%   12.20MB/s   00:00:00       19136512  78%   12.10MB/s   00:00:00       24657317 100%   11.91MB/s   00:00:01 (xfer#1463, to-check=1707/1752)
synthetic_008744/posterior_std.pt
         232019 100%  186.70MB/s   00:00:00 (xfer#1464, to-check=1708/1752)
synthetic_008744/posterior_variance.pt
         232054 100%    8.90MB/s   00:00:00 (xfer#1465, to-check=1709/1752)
synthetic_008745/
synthetic_008745/composite_mean.pt
         232026 100%   43.20MB/s   00:00:00 (xfer#1466, to-check=1711/1752)
synthetic_008745/metadata.json
           1801 100%   42.88MB/s   00:00:00 (xfer#1467, to-check=1712/1752)
synthetic_008745/posterior_mean.pt
         232026 100%   19.04MB/s   00:00:00 (xfer#1468, to-check=1713/1752)
synthetic_008745/posterior_samples.pt
        5406720  22%   10.14MB/s   00:00:01       10158080  41%    9.02MB/s   00:00:01       14614528  59%    8.45MB/s   00:00:01       19595264  79%    9.20MB/s   00:00:00       24657317 100%    9.31MB/s   00:00:02 (xfer#1469, to-check=1714/1752)
synthetic_008745/posterior_std.pt
         232019 100%  143.02MB/s   00:00:00 (xfer#1470, to-check=1715/1752)
synthetic_008745/posterior_variance.pt
         232054 100%   10.64MB/s   00:00:00 (xfer#1471, to-check=1716/1752)
synthetic_008746/
synthetic_008746/composite_mean.pt
         232026 100%    6.19MB/s   00:00:00 (xfer#1472, to-check=1718/1752)
synthetic_008746/metadata.json
           1801 100%   22.87MB/s   00:00:00 (xfer#1473, to-check=1719/1752)
synthetic_008746/posterior_mean.pt
         232026 100%   26.40MB/s   00:00:00 (xfer#1474, to-check=1720/1752)
synthetic_008746/posterior_samples.pt
        5242880  21%    9.48MB/s   00:00:01       11337728  46%   11.62MB/s   00:00:01       16384000  66%    9.53MB/s   00:00:00       19070976  77%    5.10MB/s   00:00:01       23396352  95%    7.78MB/s   00:00:00       24657317 100%    8.57MB/s   00:00:02 (xfer#1475, to-check=1721/1752)
synthetic_008746/posterior_std.pt
         232019 100%  126.08MB/s   00:00:00 (xfer#1476, to-check=1722/1752)
synthetic_008746/posterior_variance.pt
         232054 100%   30.38MB/s   00:00:00 (xfer#1477, to-check=1723/1752)
synthetic_008747/
synthetic_008747/composite_mean.pt
         232026 100%    7.60MB/s   00:00:00 (xfer#1478, to-check=1725/1752)
synthetic_008747/metadata.json
           1800 100%   24.57MB/s   00:00:00 (xfer#1479, to-check=1726/1752)
synthetic_008747/posterior_mean.pt
         232026 100%    8.85MB/s   00:00:00 (xfer#1480, to-check=1727/1752)
synthetic_008747/posterior_samples.pt
        4456448  18%    8.42MB/s   00:00:02        9437184  38%    9.29MB/s   00:00:01       14417920  58%    9.40MB/s   00:00:01       19791872  80%    9.99MB/s   00:00:00       24641536 100%    8.46MB/s   00:00:00       24657317 100%    8.99MB/s   00:00:02 (xfer#1481, to-check=1728/1752)
synthetic_008747/posterior_std.pt
         232019 100%  104.82MB/s   00:00:00 (xfer#1482, to-check=1729/1752)
synthetic_008747/posterior_variance.pt
         232054 100%  167.28MB/s   00:00:00 (xfer#1483, to-check=1730/1752)
synthetic_008748/
synthetic_008748/composite_mean.pt
         232026 100%    5.34MB/s   00:00:00 (xfer#1484, to-check=1732/1752)
synthetic_008748/metadata.json
           1801 100%   15.76MB/s   00:00:00 (xfer#1485, to-check=1733/1752)
synthetic_008748/posterior_mean.pt
         232026 100%  192.23MB/s   00:00:00 (xfer#1486, to-check=1734/1752)
synthetic_008748/posterior_samples.pt
        2752512  11%    5.20MB/s   00:00:04        5603328  23%    5.25MB/s   00:00:03        8486912  34%    5.13MB/s   00:00:03       11501568  47%    5.74MB/s   00:00:02       14385152  58%    5.41MB/s   00:00:01       17530880  71%    5.93MB/s   00:00:01       20807680  84%    6.15MB/s   00:00:00       23953408  97%    5.73MB/s   00:00:00       24657317 100%    5.57MB/s   00:00:04 (xfer#1487, to-check=1735/1752)
synthetic_008748/posterior_std.pt
         232019 100%    9.64MB/s   00:00:00 (xfer#1488, to-check=1736/1752)
synthetic_008748/posterior_variance.pt
         232054 100%    7.19MB/s   00:00:00 (xfer#1489, to-check=1737/1752)
synthetic_008749/
synthetic_008749/composite_mean.pt
         232026 100%    7.13MB/s   00:00:00 (xfer#1490, to-check=1739/1752)
synthetic_008749/metadata.json
           1801 100%   11.08MB/s   00:00:00 (xfer#1491, to-check=1740/1752)
synthetic_008749/posterior_mean.pt
         232026 100%    8.03MB/s   00:00:00 (xfer#1492, to-check=1741/1752)
synthetic_008749/posterior_samples.pt
        3440640  14%    6.29MB/s   00:00:03        6717440  27%    6.02MB/s   00:00:02        8781824  36%    3.65MB/s   00:00:04       11272192  46%    4.43MB/s   00:00:02       14024704  57%    5.04MB/s   00:00:02       16777216  68%    5.20MB/s   00:00:01       19922944  81%    5.82MB/s   00:00:00       23330816  95%    6.03MB/s   00:00:00       24657317 100%    5.32MB/s   00:00:04 (xfer#1493, to-check=1742/1752)
synthetic_008749/posterior_std.pt
         232019 100%   20.68MB/s   00:00:00 (xfer#1494, to-check=1743/1752)
synthetic_008749/posterior_variance.pt
         232054 100%   14.06MB/s   00:00:00 (xfer#1495, to-check=1744/1752)
synthetic_008750/
synthetic_008750/composite_mean.pt
         232026 100%    4.95MB/s   00:00:00 (xfer#1496, to-check=1746/1752)
synthetic_008750/metadata.json
           1800 100%   18.85MB/s   00:00:00 (xfer#1497, to-check=1747/1752)
synthetic_008750/posterior_mean.pt
         232026 100%   17.13MB/s   00:00:00 (xfer#1498, to-check=1748/1752)
synthetic_008750/posterior_samples.pt
        3080192  12%    5.69MB/s   00:00:03        6488064  26%    6.36MB/s   00:00:02        9895936  40%    6.32MB/s   00:00:02       13434880  54%    6.38MB/s   00:00:01       16842752  68%    6.45MB/s   00:00:01       20250624  82%    6.08MB/s   00:00:00       23527424  95%    5.88MB/s   00:00:00       24657317 100%    6.10MB/s   00:00:03 (xfer#1499, to-check=1749/1752)
synthetic_008750/posterior_std.pt
         232019 100%  125.50MB/s   00:00:00 (xfer#1500, to-check=1750/1752)
synthetic_008750/posterior_variance.pt
         232054 100%   14.38MB/s   00:00:00 (xfer#1501, to-check=1751/1752)

sent 6398M bytes  received 34548 bytes  9425k bytes/sec
total size is 6397M  speedup is 1.00
Transfer starting: 2 files
batch_0035_external_evaluation_manifest.csv
batch_0035_manifest.csv

sent 92780 bytes  received 64 bytes  356k bytes/sec
total size is 92511  speedup is 1.00
Transfer starting: 2 files
br_lora_batch_0035_mac_sha256.txt
br_lora_batch_0035_production_audit.json

sent 156k bytes  received 64 bytes  467k bytes/sec
total size is 156k  speedup is 1.00

===== FALCON TRANSFER VERIFICATION =====
Case directories : 250
Files checksummed: 1501
Mac/Falcon SHA256: IDENTICAL

==============================================================================
BR-LoRA FALCON BATCH ACCEPTANCE
==============================================================================

Batch                    : batch_0035
Batch directory          : /scratch/bhanug/br_lora_library/batches/batch_0035
Current master           : /scratch/bhanug/br_lora_library/manifests/br_lora_library_manifest.csv

===== TRANSFER CHECK =====
Files                    : 1501
Mac/Falcon SHA-256       : IDENTICAL

===== MAC PRODUCTION AUDIT =====
Status                   : PASS
Cases                    : 250
Posterior samples        : 100
Evaluation seed          : 42
Execution manifest hash  : MATCH

===== MASTER PRE-STATE =====
Rows                     : 8500
Library IDs              : synthetic_000001 to synthetic_008500
Current master SHA-256   : 611e74e793190db870a4eefd6558aa9afba1ff537cf5179ac276da636e620661

==============================================================================
BATCH ACCEPTANCE: PASS
==============================================================================

Accepted batch           : batch_0035
Accepted cases           : 250
Master rows before       : 8500
Master rows after        : 8750
Library IDs              : synthetic_000001 to synthetic_008750
Unique pair keys         : 8750
Unique donor slices      : 8750
Unique external bases    : 7148
Master SHA-256           : 7884e8c130ea65bcdd22777087dd16509c7e0d2d332977ee0b846a2f0340ef0f
Acceptance audit         : /scratch/bhanug/br_lora_library/audits/br_lora_batch_0035_acceptance.json
Pre-promotion snapshot   : /scratch/bhanug/br_lora_library/manifests/br_lora_library_manifest_08500_pre_batch_0035.csv

SAFE TO DELETE LOCAL MAC BATCH AFTER THIS PASS.

==============================================================================
BR-LoRA FROZEN LIBRARY PIPELINE
==============================================================================

Batch                    : batch_0035
Frozen design            : /Users/bhanugarg/Desktop/localized-medical-image-synthesis/downstream_evaluation/manifests/br_lora_library_design_10000/batches/batch_0035_manifest.csv
Local staging            : /Users/bhanugarg/archive/br_lora_library_staging/batch_0035
Falcon library           : /scratch/bhanug/br_lora_library
Falcon acceptance        : True
Cleanup                  : True

==============================================================================
STAGE 1 — LOCAL GENERATION + PRODUCTION AUDIT
==============================================================================

/opt/anaconda3/envs/brats-nnunet/bin/python /Users/bhanugarg/Desktop/localized-medical-image-synthesis/scripts/run_br_lora_library_batch.py --batch batch_0035


==============================================================================
STAGE 2 — PREPARE FALCON BATCH DESTINATION
==============================================================================

ssh falcon bash -s


==============================================================================
STAGE 2 — TRANSFER BATCH TO FALCON
==============================================================================

rsync -avh --partial --progress --inplace /Users/bhanugarg/archive/br_lora_library_staging/batch_0035/ falcon:/scratch/bhanug/br_lora_library/batches/batch_0035/


==============================================================================
STAGE 3 — TRANSFER MANIFESTS
==============================================================================

rsync -avh --partial /Users/bhanugarg/Desktop/localized-medical-image-synthesis/downstream_evaluation/manifests/br_lora_library_design_10000/batches/batch_0035_manifest.csv /Users/bhanugarg/Desktop/localized-medical-image-synthesis/downstream_evaluation/manifests/br_lora_library_design_10000/batches/batch_0035_external_evaluation_manifest.csv falcon:/scratch/bhanug/br_lora_library/manifests/


==============================================================================
STAGE 3 — TRANSFER AUDIT RECORDS
==============================================================================

rsync -avh --partial /Users/bhanugarg/archive/br_lora_library_staging/br_lora_batch_0035_production_audit.json /Users/bhanugarg/archive/br_lora_library_staging/br_lora_batch_0035_mac_sha256.txt falcon:/scratch/bhanug/br_lora_library/audits/


==============================================================================
STAGE 4 — FALCON SHA-256 VERIFICATION
==============================================================================

ssh falcon bash -s


==============================================================================
STAGE 5 — FALCON ACCEPTANCE
==============================================================================

ssh falcon bash -s


==============================================================================
LOCAL CLEANUP COMPLETE
==============================================================================

Deleted: /Users/bhanugarg/archive/br_lora_library_staging/batch_0035

==============================================================================
PIPELINE STAGE COMPLETE
==============================================================================

Batch                    : batch_0035
Local production         : PASS
Transfer                 : PASS
Mac/Falcon SHA-256       : IDENTICAL
Falcon acceptance        : PASS
Local cleanup            : COMPLETE
Next batch               : batch_0036

============================================================
COMPLETED: batch_0035
Finished: Sun Aug 16 00:55:29 EDT 2026
============================================================
