============================================================
BR-LoRA PIPELINE: batch_0016
Started: Sat Aug 15 18:03:37 EDT 2026
============================================================


==============================================================================
BR-LoRA EXTERNAL EVALUATION CONSTRUCTION
==============================================================================

Evaluation
------------------------------------------------------------------------------
Evaluation name          : br_lora_external_evaluation
Checkpoint               : /Users/bhanugarg/Desktop/localized-medical-image-synthesis/checkpoints/br_lora_full_train/final.pt
Device                   : mps
Seed                     : 42
Posterior realizations   : 100
Fixed diffusion noise    : True
Timestep fraction        : 0.75
Resume mode              : False

External dataset
------------------------------------------------------------------------------
Specification            : /Users/bhanugarg/archive/BraTS2020_ValidationData/MICCAI_BraTS2020_ValidationData/validation_dataset.yaml
Dataset root             : /Users/bhanugarg/archive/BraTS2020_ValidationData/MICCAI_BraTS2020_ValidationData
Registered subjects      : 125

Evaluation manifest
------------------------------------------------------------------------------
Manifest                 : /Users/bhanugarg/Desktop/localized-medical-image-synthesis/downstream_evaluation/manifests/br_lora_library_design_10000/batches/batch_0016_external_evaluation_manifest.csv
Cases                    : 250

BR-LoRA
------------------------------------------------------------------------------
Variational modules      : 7
Variational parameters   : 36,104
Donor image channel      : 0

Provenance
------------------------------------------------------------------------------
Git commit               : 35f169f8d879ca3e8fff921419a96451e704ba28
Future output directory  : /Users/bhanugarg/archive/br_lora_library_staging/batch_0016

==============================================================================
CONSTRUCTION VERDICT: PASS
The fitted BR-LoRA checkpoint, registered external dataset, fixed evaluation manifest, and diffusion schedule were constructed successfully.
==============================================================================

==============================================================================
RUNNING EXTERNAL POSTERIOR INFERENCE
==============================================================================

[1/250] synthetic_003751
  Case seed              : 906033267
  External subject       : BraTS20_Validation_045
  External slice         : 123
  Donor mask pixels      : 2740
  Posterior stack        : (100, 1, 1, 240, 240)
  Case output            : /Users/bhanugarg/archive/br_lora_library_staging/batch_0016/synthetic_003751
  Verdict                : PASS

[2/250] synthetic_003752
  Case seed              : 1343994079
  External subject       : BraTS20_Validation_045
  External slice         : 124
  Donor mask pixels      : 466
  Posterior stack        : (100, 1, 1, 240, 240)
  Case output            : /Users/bhanugarg/archive/br_lora_library_staging/batch_0016/synthetic_003752
  Verdict                : PASS

[3/250] synthetic_003753
  Case seed              : 1899016917
  External subject       : BraTS20_Validation_045
  External slice         : 125
  Donor mask pixels      : 2518
  Posterior stack        : (100, 1, 1, 240, 240)
  Case output            : /Users/bhanugarg/archive/br_lora_library_staging/batch_0016/synthetic_003753
  Verdict                : PASS

[4/250] synthetic_003754
  Case seed              : 142984033
  External subject       : BraTS20_Validation_045
  External slice         : 126
  Donor mask pixels      : 1347
  Posterior stack        : (100, 1, 1, 240, 240)
  Case output            : /Users/bhanugarg/archive/br_lora_library_staging/batch_0016/synthetic_003754
  Verdict                : PASS

[5/250] synthetic_003755
  Case seed              : 1351711694
  External subject       : BraTS20_Validation_045
  External slice         : 127
  Donor mask pixels      : 1325
  Posterior stack        : (100, 1, 1, 240, 240)
  Case output            : /Users/bhanugarg/archive/br_lora_library_staging/batch_0016/synthetic_003755
  Verdict                : PASS

[6/250] synthetic_003756
  Case seed              : 1944230466
  External subject       : BraTS20_Validation_045
  External slice         : 128
  Donor mask pixels      : 1760
  Posterior stack        : (100, 1, 1, 240, 240)
  Case output            : /Users/bhanugarg/archive/br_lora_library_staging/batch_0016/synthetic_003756
  Verdict                : PASS

[7/250] synthetic_003757
  Case seed              : 1964394694
  External subject       : BraTS20_Validation_045
  External slice         : 129
  Donor mask pixels      : 1511
  Posterior stack        : (100, 1, 1, 240, 240)
  Case output            : /Users/bhanugarg/archive/br_lora_library_staging/batch_0016/synthetic_003757
  Verdict                : PASS

[8/250] synthetic_003758
  Case seed              : 1662551819
  External subject       : BraTS20_Validation_045
  External slice         : 130
  Donor mask pixels      : 940
  Posterior stack        : (100, 1, 1, 240, 240)
  Case output            : /Users/bhanugarg/archive/br_lora_library_staging/batch_0016/synthetic_003758
  Verdict                : PASS

[9/250] synthetic_003759
  Case seed              : 628216281
  External subject       : BraTS20_Validation_045
  External slice         : 131
  Donor mask pixels      : 382
  Posterior stack        : (100, 1, 1, 240, 240)
  Case output            : /Users/bhanugarg/archive/br_lora_library_staging/batch_0016/synthetic_003759
  Verdict                : PASS

[10/250] synthetic_003760
  Case seed              : 210349429
  External subject       : BraTS20_Validation_045
  External slice         : 132
  Donor mask pixels      : 479
  Posterior stack        : (100, 1, 1, 240, 240)
  Case output            : /Users/bhanugarg/archive/br_lora_library_staging/batch_0016/synthetic_003760
  Verdict                : PASS

[11/250] synthetic_003761
  Case seed              : 280608950
  External subject       : BraTS20_Validation_046
  External slice         : 1
  Donor mask pixels      : 345
  Posterior stack        : (100, 1, 1, 240, 240)
  Case output            : /Users/bhanugarg/archive/br_lora_library_staging/batch_0016/synthetic_003761
  Verdict                : PASS

[12/250] synthetic_003762
  Case seed              : 1321458438
  External subject       : BraTS20_Validation_046
  External slice         : 2
  Donor mask pixels      : 546
  Posterior stack        : (100, 1, 1, 240, 240)
  Case output            : /Users/bhanugarg/archive/br_lora_library_staging/batch_0016/synthetic_003762
  Verdict                : PASS

[13/250] synthetic_003763
  Case seed              : 73229865
  External subject       : BraTS20_Validation_046
  External slice         : 3
  Donor mask pixels      : 539
  Posterior stack        : (100, 1, 1, 240, 240)
  Case output            : /Users/bhanugarg/archive/br_lora_library_staging/batch_0016/synthetic_003763
  Verdict                : PASS

[14/250] synthetic_003764
  Case seed              : 1150089286
  External subject       : BraTS20_Validation_046
  External slice         : 4
  Donor mask pixels      : 300
  Posterior stack        : (100, 1, 1, 240, 240)
  Case output            : /Users/bhanugarg/archive/br_lora_library_staging/batch_0016/synthetic_003764
  Verdict                : PASS

[15/250] synthetic_003765
  Case seed              : 2103176662
  External subject       : BraTS20_Validation_046
  External slice         : 5
  Donor mask pixels      : 553
  Posterior stack        : (100, 1, 1, 240, 240)
  Case output            : /Users/bhanugarg/archive/br_lora_library_staging/batch_0016/synthetic_003765
  Verdict                : PASS

[16/250] synthetic_003766
  Case seed              : 1625101252
  External subject       : BraTS20_Validation_046
  External slice         : 6
  Donor mask pixels      : 708
  Posterior stack        : (100, 1, 1, 240, 240)
  Case output            : /Users/bhanugarg/archive/br_lora_library_staging/batch_0016/synthetic_003766
  Verdict                : PASS

[17/250] synthetic_003767
  Case seed              : 368165914
  External subject       : BraTS20_Validation_046
  External slice         : 7
  Donor mask pixels      : 320
  Posterior stack        : (100, 1, 1, 240, 240)
  Case output            : /Users/bhanugarg/archive/br_lora_library_staging/batch_0016/synthetic_003767
  Verdict                : PASS

[18/250] synthetic_003768
  Case seed              : 1225427431
  External subject       : BraTS20_Validation_046
  External slice         : 9
  Donor mask pixels      : 442
  Posterior stack        : (100, 1, 1, 240, 240)
  Case output            : /Users/bhanugarg/archive/br_lora_library_staging/batch_0016/synthetic_003768
  Verdict                : PASS

[19/250] synthetic_003769
  Case seed              : 895477098
  External subject       : BraTS20_Validation_046
  External slice         : 10
  Donor mask pixels      : 394
  Posterior stack        : (100, 1, 1, 240, 240)
  Case output            : /Users/bhanugarg/archive/br_lora_library_staging/batch_0016/synthetic_003769
  Verdict                : PASS

[20/250] synthetic_003770
  Case seed              : 1547473720
  External subject       : BraTS20_Validation_046
  External slice         : 11
  Donor mask pixels      : 1029
  Posterior stack        : (100, 1, 1, 240, 240)
  Case output            : /Users/bhanugarg/archive/br_lora_library_staging/batch_0016/synthetic_003770
  Verdict                : PASS

[21/250] synthetic_003771
  Case seed              : 617660858
  External subject       : BraTS20_Validation_046
  External slice         : 12
  Donor mask pixels      : 1229
  Posterior stack        : (100, 1, 1, 240, 240)
  Case output            : /Users/bhanugarg/archive/br_lora_library_staging/batch_0016/synthetic_003771
  Verdict                : PASS

[22/250] synthetic_003772
  Case seed              : 2064591633
  External subject       : BraTS20_Validation_046
  External slice         : 13
  Donor mask pixels      : 402
  Posterior stack        : (100, 1, 1, 240, 240)
  Case output            : /Users/bhanugarg/archive/br_lora_library_staging/batch_0016/synthetic_003772
  Verdict                : PASS

[23/250] synthetic_003773
  Case seed              : 566422092
  External subject       : BraTS20_Validation_046
  External slice         : 14
  Donor mask pixels      : 1487
  Posterior stack        : (100, 1, 1, 240, 240)
  Case output            : /Users/bhanugarg/archive/br_lora_library_staging/batch_0016/synthetic_003773
  Verdict                : PASS

[24/250] synthetic_003774
  Case seed              : 1885067946
  External subject       : BraTS20_Validation_046
  External slice         : 15
  Donor mask pixels      : 353
  Posterior stack        : (100, 1, 1, 240, 240)
  Case output            : /Users/bhanugarg/archive/br_lora_library_staging/batch_0016/synthetic_003774
  Verdict                : PASS

[25/250] synthetic_003775
  Case seed              : 1734695598
  External subject       : BraTS20_Validation_046
  External slice         : 16
  Donor mask pixels      : 577
  Posterior stack        : (100, 1, 1, 240, 240)
  Case output            : /Users/bhanugarg/archive/br_lora_library_staging/batch_0016/synthetic_003775
  Verdict                : PASS

[26/250] synthetic_003776
  Case seed              : 213845687
  External subject       : BraTS20_Validation_046
  External slice         : 17
  Donor mask pixels      : 555
  Posterior stack        : (100, 1, 1, 240, 240)
  Case output            : /Users/bhanugarg/archive/br_lora_library_staging/batch_0016/synthetic_003776
  Verdict                : PASS

[27/250] synthetic_003777
  Case seed              : 2104066250
  External subject       : BraTS20_Validation_046
  External slice         : 18
  Donor mask pixels      : 434
  Posterior stack        : (100, 1, 1, 240, 240)
  Case output            : /Users/bhanugarg/archive/br_lora_library_staging/batch_0016/synthetic_003777
  Verdict                : PASS

[28/250] synthetic_003778
  Case seed              : 503384602
  External subject       : BraTS20_Validation_046
  External slice         : 19
  Donor mask pixels      : 547
  Posterior stack        : (100, 1, 1, 240, 240)
  Case output            : /Users/bhanugarg/archive/br_lora_library_staging/batch_0016/synthetic_003778
  Verdict                : PASS

[29/250] synthetic_003779
  Case seed              : 208213793
  External subject       : BraTS20_Validation_046
  External slice         : 20
  Donor mask pixels      : 2195
  Posterior stack        : (100, 1, 1, 240, 240)
  Case output            : /Users/bhanugarg/archive/br_lora_library_staging/batch_0016/synthetic_003779
  Verdict                : PASS

[30/250] synthetic_003780
  Case seed              : 1045187169
  External subject       : BraTS20_Validation_046
  External slice         : 20
  Donor mask pixels      : 2013
  Posterior stack        : (100, 1, 1, 240, 240)
  Case output            : /Users/bhanugarg/archive/br_lora_library_staging/batch_0016/synthetic_003780
  Verdict                : PASS

[31/250] synthetic_003781
  Case seed              : 1022455422
  External subject       : BraTS20_Validation_046
  External slice         : 21
  Donor mask pixels      : 606
  Posterior stack        : (100, 1, 1, 240, 240)
  Case output            : /Users/bhanugarg/archive/br_lora_library_staging/batch_0016/synthetic_003781
  Verdict                : PASS

[32/250] synthetic_003782
  Case seed              : 404469096
  External subject       : BraTS20_Validation_046
  External slice         : 21
  Donor mask pixels      : 2058
  Posterior stack        : (100, 1, 1, 240, 240)
  Case output            : /Users/bhanugarg/archive/br_lora_library_staging/batch_0016/synthetic_003782
  Verdict                : PASS

[33/250] synthetic_003783
  Case seed              : 1706540819
  External subject       : BraTS20_Validation_046
  External slice         : 22
  Donor mask pixels      : 1253
  Posterior stack        : (100, 1, 1, 240, 240)
  Case output            : /Users/bhanugarg/archive/br_lora_library_staging/batch_0016/synthetic_003783
  Verdict                : PASS

[34/250] synthetic_003784
  Case seed              : 716610969
  External subject       : BraTS20_Validation_046
  External slice         : 22
  Donor mask pixels      : 1580
  Posterior stack        : (100, 1, 1, 240, 240)
  Case output            : /Users/bhanugarg/archive/br_lora_library_staging/batch_0016/synthetic_003784
  Verdict                : PASS

[35/250] synthetic_003785
  Case seed              : 379647460
  External subject       : BraTS20_Validation_046
  External slice         : 23
  Donor mask pixels      : 1868
  Posterior stack        : (100, 1, 1, 240, 240)
  Case output            : /Users/bhanugarg/archive/br_lora_library_staging/batch_0016/synthetic_003785
  Verdict                : PASS

[36/250] synthetic_003786
  Case seed              : 955894199
  External subject       : BraTS20_Validation_046
  External slice         : 24
  Donor mask pixels      : 1349
  Posterior stack        : (100, 1, 1, 240, 240)
  Case output            : /Users/bhanugarg/archive/br_lora_library_staging/batch_0016/synthetic_003786
  Verdict                : PASS

[37/250] synthetic_003787
  Case seed              : 1305374040
  External subject       : BraTS20_Validation_046
  External slice         : 24
  Donor mask pixels      : 476
  Posterior stack        : (100, 1, 1, 240, 240)
  Case output            : /Users/bhanugarg/archive/br_lora_library_staging/batch_0016/synthetic_003787
  Verdict                : PASS

[38/250] synthetic_003788
  Case seed              : 686725913
  External subject       : BraTS20_Validation_046
  External slice         : 25
  Donor mask pixels      : 380
  Posterior stack        : (100, 1, 1, 240, 240)
  Case output            : /Users/bhanugarg/archive/br_lora_library_staging/batch_0016/synthetic_003788
  Verdict                : PASS

[39/250] synthetic_003789
  Case seed              : 2094346905
  External subject       : BraTS20_Validation_046
  External slice         : 25
  Donor mask pixels      : 2042
  Posterior stack        : (100, 1, 1, 240, 240)
  Case output            : /Users/bhanugarg/archive/br_lora_library_staging/batch_0016/synthetic_003789
  Verdict                : PASS

[40/250] synthetic_003790
  Case seed              : 124108618
  External subject       : BraTS20_Validation_046
  External slice         : 26
  Donor mask pixels      : 958
  Posterior stack        : (100, 1, 1, 240, 240)
  Case output            : /Users/bhanugarg/archive/br_lora_library_staging/batch_0016/synthetic_003790
  Verdict                : PASS

[41/250] synthetic_003791
  Case seed              : 1600011497
  External subject       : BraTS20_Validation_046
  External slice         : 26
  Donor mask pixels      : 2186
  Posterior stack        : (100, 1, 1, 240, 240)
  Case output            : /Users/bhanugarg/archive/br_lora_library_staging/batch_0016/synthetic_003791
  Verdict                : PASS

[42/250] synthetic_003792
  Case seed              : 28194510
  External subject       : BraTS20_Validation_046
  External slice         : 27
  Donor mask pixels      : 339
  Posterior stack        : (100, 1, 1, 240, 240)
  Case output            : /Users/bhanugarg/archive/br_lora_library_staging/batch_0016/synthetic_003792
  Verdict                : PASS

[43/250] synthetic_003793
  Case seed              : 815997200
  External subject       : BraTS20_Validation_046
  External slice         : 27
  Donor mask pixels      : 368
  Posterior stack        : (100, 1, 1, 240, 240)
  Case output            : /Users/bhanugarg/archive/br_lora_library_staging/batch_0016/synthetic_003793
  Verdict                : PASS

[44/250] synthetic_003794
  Case seed              : 41677311
  External subject       : BraTS20_Validation_046
  External slice         : 28
  Donor mask pixels      : 466
  Posterior stack        : (100, 1, 1, 240, 240)
  Case output            : /Users/bhanugarg/archive/br_lora_library_staging/batch_0016/synthetic_003794
  Verdict                : PASS

[45/250] synthetic_003795
  Case seed              : 1554787285
  External subject       : BraTS20_Validation_046
  External slice         : 28
  Donor mask pixels      : 1951
  Posterior stack        : (100, 1, 1, 240, 240)
  Case output            : /Users/bhanugarg/archive/br_lora_library_staging/batch_0016/synthetic_003795
  Verdict                : PASS

[46/250] synthetic_003796
  Case seed              : 129477483
  External subject       : BraTS20_Validation_046
  External slice         : 29
  Donor mask pixels      : 526
  Posterior stack        : (100, 1, 1, 240, 240)
  Case output            : /Users/bhanugarg/archive/br_lora_library_staging/batch_0016/synthetic_003796
  Verdict                : PASS

[47/250] synthetic_003797
  Case seed              : 816467837
  External subject       : BraTS20_Validation_046
  External slice         : 29
  Donor mask pixels      : 1299
  Posterior stack        : (100, 1, 1, 240, 240)
  Case output            : /Users/bhanugarg/archive/br_lora_library_staging/batch_0016/synthetic_003797
  Verdict                : PASS

[48/250] synthetic_003798
  Case seed              : 893624699
  External subject       : BraTS20_Validation_046
  External slice         : 30
  Donor mask pixels      : 339
  Posterior stack        : (100, 1, 1, 240, 240)
  Case output            : /Users/bhanugarg/archive/br_lora_library_staging/batch_0016/synthetic_003798
  Verdict                : PASS

[49/250] synthetic_003799
  Case seed              : 1404095040
  External subject       : BraTS20_Validation_046
  External slice         : 30
  Donor mask pixels      : 384
  Posterior stack        : (100, 1, 1, 240, 240)
  Case output            : /Users/bhanugarg/archive/br_lora_library_staging/batch_0016/synthetic_003799
  Verdict                : PASS

[50/250] synthetic_003800
  Case seed              : 1782498780
  External subject       : BraTS20_Validation_046
  External slice         : 119
  Donor mask pixels      : 1887
  Posterior stack        : (100, 1, 1, 240, 240)
  Case output            : /Users/bhanugarg/archive/br_lora_library_staging/batch_0016/synthetic_003800
  Verdict                : PASS

[51/250] synthetic_003801
  Case seed              : 1517851778
  External subject       : BraTS20_Validation_046
  External slice         : 119
  Donor mask pixels      : 1456
  Posterior stack        : (100, 1, 1, 240, 240)
  Case output            : /Users/bhanugarg/archive/br_lora_library_staging/batch_0016/synthetic_003801
  Verdict                : PASS

[52/250] synthetic_003802
  Case seed              : 664604475
  External subject       : BraTS20_Validation_046
  External slice         : 120
  Donor mask pixels      : 934
  Posterior stack        : (100, 1, 1, 240, 240)
  Case output            : /Users/bhanugarg/archive/br_lora_library_staging/batch_0016/synthetic_003802
  Verdict                : PASS

[53/250] synthetic_003803
  Case seed              : 1879379841
  External subject       : BraTS20_Validation_046
  External slice         : 120
  Donor mask pixels      : 2054
  Posterior stack        : (100, 1, 1, 240, 240)
  Case output            : /Users/bhanugarg/archive/br_lora_library_staging/batch_0016/synthetic_003803
  Verdict                : PASS

[54/250] synthetic_003804
  Case seed              : 1853835649
  External subject       : BraTS20_Validation_046
  External slice         : 121
  Donor mask pixels      : 1607
  Posterior stack        : (100, 1, 1, 240, 240)
  Case output            : /Users/bhanugarg/archive/br_lora_library_staging/batch_0016/synthetic_003804
  Verdict                : PASS

[55/250] synthetic_003805
  Case seed              : 1045748501
  External subject       : BraTS20_Validation_046
  External slice         : 121
  Donor mask pixels      : 4592
  Posterior stack        : (100, 1, 1, 240, 240)
  Case output            : /Users/bhanugarg/archive/br_lora_library_staging/batch_0016/synthetic_003805
  Verdict                : PASS

[56/250] synthetic_003806
  Case seed              : 571233125
  External subject       : BraTS20_Validation_046
  External slice         : 122
  Donor mask pixels      : 2898
  Posterior stack        : (100, 1, 1, 240, 240)
  Case output            : /Users/bhanugarg/archive/br_lora_library_staging/batch_0016/synthetic_003806
  Verdict                : PASS

[57/250] synthetic_003807
  Case seed              : 952115709
  External subject       : BraTS20_Validation_046
  External slice         : 122
  Donor mask pixels      : 2424
  Posterior stack        : (100, 1, 1, 240, 240)
  Case output            : /Users/bhanugarg/archive/br_lora_library_staging/batch_0016/synthetic_003807
  Verdict                : PASS

[58/250] synthetic_003808
  Case seed              : 1546397905
  External subject       : BraTS20_Validation_046
  External slice         : 123
  Donor mask pixels      : 649
  Posterior stack        : (100, 1, 1, 240, 240)
  Case output            : /Users/bhanugarg/archive/br_lora_library_staging/batch_0016/synthetic_003808
  Verdict                : PASS

[59/250] synthetic_003809
  Case seed              : 1936087039
  External subject       : BraTS20_Validation_046
  External slice         : 123
  Donor mask pixels      : 854
  Posterior stack        : (100, 1, 1, 240, 240)
  Case output            : /Users/bhanugarg/archive/br_lora_library_staging/batch_0016/synthetic_003809
  Verdict                : PASS

[60/250] synthetic_003810
  Case seed              : 1681143310
  External subject       : BraTS20_Validation_046
  External slice         : 124
  Donor mask pixels      : 1704
  Posterior stack        : (100, 1, 1, 240, 240)
  Case output            : /Users/bhanugarg/archive/br_lora_library_staging/batch_0016/synthetic_003810
  Verdict                : PASS

[61/250] synthetic_003811
  Case seed              : 191367512
  External subject       : BraTS20_Validation_046
  External slice         : 124
  Donor mask pixels      : 532
  Posterior stack        : (100, 1, 1, 240, 240)
  Case output            : /Users/bhanugarg/archive/br_lora_library_staging/batch_0016/synthetic_003811
  Verdict                : PASS

[62/250] synthetic_003812
  Case seed              : 1150539143
  External subject       : BraTS20_Validation_046
  External slice         : 125
  Donor mask pixels      : 492
  Posterior stack        : (100, 1, 1, 240, 240)
  Case output            : /Users/bhanugarg/archive/br_lora_library_staging/batch_0016/synthetic_003812
  Verdict                : PASS

[63/250] synthetic_003813
  Case seed              : 233368992
  External subject       : BraTS20_Validation_046
  External slice         : 125
  Donor mask pixels      : 2345
  Posterior stack        : (100, 1, 1, 240, 240)
  Case output            : /Users/bhanugarg/archive/br_lora_library_staging/batch_0016/synthetic_003813
  Verdict                : PASS

[64/250] synthetic_003814
  Case seed              : 261787120
  External subject       : BraTS20_Validation_046
  External slice         : 126
  Donor mask pixels      : 1179
  Posterior stack        : (100, 1, 1, 240, 240)
  Case output            : /Users/bhanugarg/archive/br_lora_library_staging/batch_0016/synthetic_003814
  Verdict                : PASS

[65/250] synthetic_003815
  Case seed              : 373177436
  External subject       : BraTS20_Validation_046
  External slice         : 126
  Donor mask pixels      : 785
  Posterior stack        : (100, 1, 1, 240, 240)
  Case output            : /Users/bhanugarg/archive/br_lora_library_staging/batch_0016/synthetic_003815
  Verdict                : PASS

[66/250] synthetic_003816
  Case seed              : 229322088
  External subject       : BraTS20_Validation_046
  External slice         : 127
  Donor mask pixels      : 1934
  Posterior stack        : (100, 1, 1, 240, 240)
  Case output            : /Users/bhanugarg/archive/br_lora_library_staging/batch_0016/synthetic_003816
  Verdict                : PASS

[67/250] synthetic_003817
  Case seed              : 76329017
  External subject       : BraTS20_Validation_046
  External slice         : 127
  Donor mask pixels      : 875
  Posterior stack        : (100, 1, 1, 240, 240)
  Case output            : /Users/bhanugarg/archive/br_lora_library_staging/batch_0016/synthetic_003817
  Verdict                : PASS

[68/250] synthetic_003818
  Case seed              : 339044013
  External subject       : BraTS20_Validation_046
  External slice         : 128
  Donor mask pixels      : 1929
  Posterior stack        : (100, 1, 1, 240, 240)
  Case output            : /Users/bhanugarg/archive/br_lora_library_staging/batch_0016/synthetic_003818
  Verdict                : PASS

[69/250] synthetic_003819
  Case seed              : 1513272735
  External subject       : BraTS20_Validation_046
  External slice         : 128
  Donor mask pixels      : 1667
  Posterior stack        : (100, 1, 1, 240, 240)
  Case output            : /Users/bhanugarg/archive/br_lora_library_staging/batch_0016/synthetic_003819
  Verdict                : PASS

[70/250] synthetic_003820
  Case seed              : 2051490600
  External subject       : BraTS20_Validation_046
  External slice         : 129
  Donor mask pixels      : 1993
  Posterior stack        : (100, 1, 1, 240, 240)
  Case output            : /Users/bhanugarg/archive/br_lora_library_staging/batch_0016/synthetic_003820
  Verdict                : PASS

[71/250] synthetic_003821
  Case seed              : 1346673210
  External subject       : BraTS20_Validation_046
  External slice         : 129
  Donor mask pixels      : 754
  Posterior stack        : (100, 1, 1, 240, 240)
  Case output            : /Users/bhanugarg/archive/br_lora_library_staging/batch_0016/synthetic_003821
  Verdict                : PASS

[72/250] synthetic_003822
  Case seed              : 800163644
  External subject       : BraTS20_Validation_046
  External slice         : 130
  Donor mask pixels      : 2012
  Posterior stack        : (100, 1, 1, 240, 240)
  Case output            : /Users/bhanugarg/archive/br_lora_library_staging/batch_0016/synthetic_003822
  Verdict                : PASS

[73/250] synthetic_003823
  Case seed              : 68327000
  External subject       : BraTS20_Validation_046
  External slice         : 130
  Donor mask pixels      : 1219
  Posterior stack        : (100, 1, 1, 240, 240)
  Case output            : /Users/bhanugarg/archive/br_lora_library_staging/batch_0016/synthetic_003823
  Verdict                : PASS

[74/250] synthetic_003824
  Case seed              : 1749113153
  External subject       : BraTS20_Validation_046
  External slice         : 131
  Donor mask pixels      : 370
  Posterior stack        : (100, 1, 1, 240, 240)
  Case output            : /Users/bhanugarg/archive/br_lora_library_staging/batch_0016/synthetic_003824
  Verdict                : PASS

[75/250] synthetic_003825
  Case seed              : 1547304676
  External subject       : BraTS20_Validation_046
  External slice         : 131
  Donor mask pixels      : 1317
  Posterior stack        : (100, 1, 1, 240, 240)
  Case output            : /Users/bhanugarg/archive/br_lora_library_staging/batch_0016/synthetic_003825
  Verdict                : PASS

[76/250] synthetic_003826
  Case seed              : 808890487
  External subject       : BraTS20_Validation_046
  External slice         : 132
  Donor mask pixels      : 632
  Posterior stack        : (100, 1, 1, 240, 240)
  Case output            : /Users/bhanugarg/archive/br_lora_library_staging/batch_0016/synthetic_003826
  Verdict                : PASS

[77/250] synthetic_003827
  Case seed              : 406191684
  External subject       : BraTS20_Validation_046
  External slice         : 132
  Donor mask pixels      : 2565
  Posterior stack        : (100, 1, 1, 240, 240)
  Case output            : /Users/bhanugarg/archive/br_lora_library_staging/batch_0016/synthetic_003827
  Verdict                : PASS

[78/250] synthetic_003828
  Case seed              : 1500773146
  External subject       : BraTS20_Validation_046
  External slice         : 133
  Donor mask pixels      : 1271
  Posterior stack        : (100, 1, 1, 240, 240)
  Case output            : /Users/bhanugarg/archive/br_lora_library_staging/batch_0016/synthetic_003828
  Verdict                : PASS

[79/250] synthetic_003829
  Case seed              : 1419099465
  External subject       : BraTS20_Validation_046
  External slice         : 133
  Donor mask pixels      : 1016
  Posterior stack        : (100, 1, 1, 240, 240)
  Case output            : /Users/bhanugarg/archive/br_lora_library_staging/batch_0016/synthetic_003829
  Verdict                : PASS

[80/250] synthetic_003830
  Case seed              : 1614608206
  External subject       : BraTS20_Validation_046
  External slice         : 134
  Donor mask pixels      : 2242
  Posterior stack        : (100, 1, 1, 240, 240)
  Case output            : /Users/bhanugarg/archive/br_lora_library_staging/batch_0016/synthetic_003830
  Verdict                : PASS

[81/250] synthetic_003831
  Case seed              : 300846675
  External subject       : BraTS20_Validation_046
  External slice         : 135
  Donor mask pixels      : 1140
  Posterior stack        : (100, 1, 1, 240, 240)
  Case output            : /Users/bhanugarg/archive/br_lora_library_staging/batch_0016/synthetic_003831
  Verdict                : PASS

[82/250] synthetic_003832
  Case seed              : 867592582
  External subject       : BraTS20_Validation_046
  External slice         : 136
  Donor mask pixels      : 771
  Posterior stack        : (100, 1, 1, 240, 240)
  Case output            : /Users/bhanugarg/archive/br_lora_library_staging/batch_0016/synthetic_003832
  Verdict                : PASS

[83/250] synthetic_003833
  Case seed              : 871170306
  External subject       : BraTS20_Validation_046
  External slice         : 137
  Donor mask pixels      : 1079
  Posterior stack        : (100, 1, 1, 240, 240)
  Case output            : /Users/bhanugarg/archive/br_lora_library_staging/batch_0016/synthetic_003833
  Verdict                : PASS

[84/250] synthetic_003834
  Case seed              : 969867503
  External subject       : BraTS20_Validation_046
  External slice         : 138
  Donor mask pixels      : 405
  Posterior stack        : (100, 1, 1, 240, 240)
  Case output            : /Users/bhanugarg/archive/br_lora_library_staging/batch_0016/synthetic_003834
  Verdict                : PASS

[85/250] synthetic_003835
  Case seed              : 2124095763
  External subject       : BraTS20_Validation_046
  External slice         : 139
  Donor mask pixels      : 582
  Posterior stack        : (100, 1, 1, 240, 240)
  Case output            : /Users/bhanugarg/archive/br_lora_library_staging/batch_0016/synthetic_003835
  Verdict                : PASS

[86/250] synthetic_003836
  Case seed              : 1585340822
  External subject       : BraTS20_Validation_046
  External slice         : 140
  Donor mask pixels      : 384
  Posterior stack        : (100, 1, 1, 240, 240)
  Case output            : /Users/bhanugarg/archive/br_lora_library_staging/batch_0016/synthetic_003836
  Verdict                : PASS

[87/250] synthetic_003837
  Case seed              : 318132417
  External subject       : BraTS20_Validation_046
  External slice         : 141
  Donor mask pixels      : 344
  Posterior stack        : (100, 1, 1, 240, 240)
  Case output            : /Users/bhanugarg/archive/br_lora_library_staging/batch_0016/synthetic_003837
  Verdict                : PASS

[88/250] synthetic_003838
  Case seed              : 2088958232
  External subject       : BraTS20_Validation_046
  External slice         : 142
  Donor mask pixels      : 549
  Posterior stack        : (100, 1, 1, 240, 240)
  Case output            : /Users/bhanugarg/archive/br_lora_library_staging/batch_0016/synthetic_003838
  Verdict                : PASS

[89/250] synthetic_003839
  Case seed              : 2132585193
  External subject       : BraTS20_Validation_047
  External slice         : 9
  Donor mask pixels      : 341
  Posterior stack        : (100, 1, 1, 240, 240)
  Case output            : /Users/bhanugarg/archive/br_lora_library_staging/batch_0016/synthetic_003839
  Verdict                : PASS

[90/250] synthetic_003840
  Case seed              : 2081888388
  External subject       : BraTS20_Validation_047
  External slice         : 10
  Donor mask pixels      : 368
  Posterior stack        : (100, 1, 1, 240, 240)
  Case output            : /Users/bhanugarg/archive/br_lora_library_staging/batch_0016/synthetic_003840
  Verdict                : PASS

[91/250] synthetic_003841
  Case seed              : 599162489
  External subject       : BraTS20_Validation_047
  External slice         : 11
  Donor mask pixels      : 603
  Posterior stack        : (100, 1, 1, 240, 240)
  Case output            : /Users/bhanugarg/archive/br_lora_library_staging/batch_0016/synthetic_003841
  Verdict                : PASS

[92/250] synthetic_003842
  Case seed              : 1851982481
  External subject       : BraTS20_Validation_047
  External slice         : 12
  Donor mask pixels      : 795
  Posterior stack        : (100, 1, 1, 240, 240)
  Case output            : /Users/bhanugarg/archive/br_lora_library_staging/batch_0016/synthetic_003842
  Verdict                : PASS

[93/250] synthetic_003843
  Case seed              : 1239983404
  External subject       : BraTS20_Validation_047
  External slice         : 13
  Donor mask pixels      : 353
  Posterior stack        : (100, 1, 1, 240, 240)
  Case output            : /Users/bhanugarg/archive/br_lora_library_staging/batch_0016/synthetic_003843
  Verdict                : PASS

[94/250] synthetic_003844
  Case seed              : 2067274618
  External subject       : BraTS20_Validation_047
  External slice         : 14
  Donor mask pixels      : 555
  Posterior stack        : (100, 1, 1, 240, 240)
  Case output            : /Users/bhanugarg/archive/br_lora_library_staging/batch_0016/synthetic_003844
  Verdict                : PASS

[95/250] synthetic_003845
  Case seed              : 1194703817
  External subject       : BraTS20_Validation_047
  External slice         : 15
  Donor mask pixels      : 415
  Posterior stack        : (100, 1, 1, 240, 240)
  Case output            : /Users/bhanugarg/archive/br_lora_library_staging/batch_0016/synthetic_003845
  Verdict                : PASS

[96/250] synthetic_003846
  Case seed              : 1816204354
  External subject       : BraTS20_Validation_047
  External slice         : 16
  Donor mask pixels      : 743
  Posterior stack        : (100, 1, 1, 240, 240)
  Case output            : /Users/bhanugarg/archive/br_lora_library_staging/batch_0016/synthetic_003846
  Verdict                : PASS

[97/250] synthetic_003847
  Case seed              : 1904210731
  External subject       : BraTS20_Validation_047
  External slice         : 17
  Donor mask pixels      : 496
  Posterior stack        : (100, 1, 1, 240, 240)
  Case output            : /Users/bhanugarg/archive/br_lora_library_staging/batch_0016/synthetic_003847
  Verdict                : PASS

[98/250] synthetic_003848
  Case seed              : 1638194985
  External subject       : BraTS20_Validation_047
  External slice         : 18
  Donor mask pixels      : 371
  Posterior stack        : (100, 1, 1, 240, 240)
  Case output            : /Users/bhanugarg/archive/br_lora_library_staging/batch_0016/synthetic_003848
  Verdict                : PASS

[99/250] synthetic_003849
  Case seed              : 941659402
  External subject       : BraTS20_Validation_047
  External slice         : 19
  Donor mask pixels      : 885
  Posterior stack        : (100, 1, 1, 240, 240)
  Case output            : /Users/bhanugarg/archive/br_lora_library_staging/batch_0016/synthetic_003849
  Verdict                : PASS

[100/250] synthetic_003850
  Case seed              : 959470401
  External subject       : BraTS20_Validation_047
  External slice         : 20
  Donor mask pixels      : 1691
  Posterior stack        : (100, 1, 1, 240, 240)
  Case output            : /Users/bhanugarg/archive/br_lora_library_staging/batch_0016/synthetic_003850
  Verdict                : PASS

[101/250] synthetic_003851
  Case seed              : 1320368718
  External subject       : BraTS20_Validation_047
  External slice         : 21
  Donor mask pixels      : 377
  Posterior stack        : (100, 1, 1, 240, 240)
  Case output            : /Users/bhanugarg/archive/br_lora_library_staging/batch_0016/synthetic_003851
  Verdict                : PASS

[102/250] synthetic_003852
  Case seed              : 151622821
  External subject       : BraTS20_Validation_047
  External slice         : 22
  Donor mask pixels      : 333
  Posterior stack        : (100, 1, 1, 240, 240)
  Case output            : /Users/bhanugarg/archive/br_lora_library_staging/batch_0016/synthetic_003852
  Verdict                : PASS

[103/250] synthetic_003853
  Case seed              : 1695601460
  External subject       : BraTS20_Validation_047
  External slice         : 23
  Donor mask pixels      : 978
  Posterior stack        : (100, 1, 1, 240, 240)
  Case output            : /Users/bhanugarg/archive/br_lora_library_staging/batch_0016/synthetic_003853
  Verdict                : PASS

[104/250] synthetic_003854
  Case seed              : 989258908
  External subject       : BraTS20_Validation_047
  External slice         : 24
  Donor mask pixels      : 418
  Posterior stack        : (100, 1, 1, 240, 240)
  Case output            : /Users/bhanugarg/archive/br_lora_library_staging/batch_0016/synthetic_003854
  Verdict                : PASS

[105/250] synthetic_003855
  Case seed              : 1295881445
  External subject       : BraTS20_Validation_047
  External slice         : 25
  Donor mask pixels      : 1206
  Posterior stack        : (100, 1, 1, 240, 240)
  Case output            : /Users/bhanugarg/archive/br_lora_library_staging/batch_0016/synthetic_003855
  Verdict                : PASS

[106/250] synthetic_003856
  Case seed              : 172008072
  External subject       : BraTS20_Validation_047
  External slice         : 96
  Donor mask pixels      : 1412
  Posterior stack        : (100, 1, 1, 240, 240)
  Case output            : /Users/bhanugarg/archive/br_lora_library_staging/batch_0016/synthetic_003856
  Verdict                : PASS

[107/250] synthetic_003857
  Case seed              : 230387726
  External subject       : BraTS20_Validation_047
  External slice         : 96
  Donor mask pixels      : 2255
  Posterior stack        : (100, 1, 1, 240, 240)
  Case output            : /Users/bhanugarg/archive/br_lora_library_staging/batch_0016/synthetic_003857
  Verdict                : PASS

[108/250] synthetic_003858
  Case seed              : 1881790851
  External subject       : BraTS20_Validation_047
  External slice         : 97
  Donor mask pixels      : 1859
  Posterior stack        : (100, 1, 1, 240, 240)
  Case output            : /Users/bhanugarg/archive/br_lora_library_staging/batch_0016/synthetic_003858
  Verdict                : PASS

[109/250] synthetic_003859
  Case seed              : 1593668420
  External subject       : BraTS20_Validation_047
  External slice         : 97
  Donor mask pixels      : 2299
  Posterior stack        : (100, 1, 1, 240, 240)
  Case output            : /Users/bhanugarg/archive/br_lora_library_staging/batch_0016/synthetic_003859
  Verdict                : PASS

[110/250] synthetic_003860
  Case seed              : 1914700717
  External subject       : BraTS20_Validation_047
  External slice         : 98
  Donor mask pixels      : 512
  Posterior stack        : (100, 1, 1, 240, 240)
  Case output            : /Users/bhanugarg/archive/br_lora_library_staging/batch_0016/synthetic_003860
  Verdict                : PASS

[111/250] synthetic_003861
  Case seed              : 1135311128
  External subject       : BraTS20_Validation_047
  External slice         : 98
  Donor mask pixels      : 2490
  Posterior stack        : (100, 1, 1, 240, 240)
  Case output            : /Users/bhanugarg/archive/br_lora_library_staging/batch_0016/synthetic_003861
  Verdict                : PASS

[112/250] synthetic_003862
  Case seed              : 1895345703
  External subject       : BraTS20_Validation_047
  External slice         : 99
  Donor mask pixels      : 1151
  Posterior stack        : (100, 1, 1, 240, 240)
  Case output            : /Users/bhanugarg/archive/br_lora_library_staging/batch_0016/synthetic_003862
  Verdict                : PASS

[113/250] synthetic_003863
  Case seed              : 1522437305
  External subject       : BraTS20_Validation_047
  External slice         : 99
  Donor mask pixels      : 1215
  Posterior stack        : (100, 1, 1, 240, 240)
  Case output            : /Users/bhanugarg/archive/br_lora_library_staging/batch_0016/synthetic_003863
  Verdict                : PASS

[114/250] synthetic_003864
  Case seed              : 1529578568
  External subject       : BraTS20_Validation_047
  External slice         : 100
  Donor mask pixels      : 4025
  Posterior stack        : (100, 1, 1, 240, 240)
  Case output            : /Users/bhanugarg/archive/br_lora_library_staging/batch_0016/synthetic_003864
  Verdict                : PASS

[115/250] synthetic_003865
  Case seed              : 1657940823
  External subject       : BraTS20_Validation_047
  External slice         : 100
  Donor mask pixels      : 1831
  Posterior stack        : (100, 1, 1, 240, 240)
  Case output            : /Users/bhanugarg/archive/br_lora_library_staging/batch_0016/synthetic_003865
  Verdict                : PASS

[116/250] synthetic_003866
  Case seed              : 512003338
  External subject       : BraTS20_Validation_047
  External slice         : 101
  Donor mask pixels      : 975
  Posterior stack        : (100, 1, 1, 240, 240)
  Case output            : /Users/bhanugarg/archive/br_lora_library_staging/batch_0016/synthetic_003866
  Verdict                : PASS

[117/250] synthetic_003867
  Case seed              : 1302438144
  External subject       : BraTS20_Validation_047
  External slice         : 101
  Donor mask pixels      : 4171
  Posterior stack        : (100, 1, 1, 240, 240)
  Case output            : /Users/bhanugarg/archive/br_lora_library_staging/batch_0016/synthetic_003867
  Verdict                : PASS

[118/250] synthetic_003868
  Case seed              : 1006607635
  External subject       : BraTS20_Validation_047
  External slice         : 102
  Donor mask pixels      : 2780
  Posterior stack        : (100, 1, 1, 240, 240)
  Case output            : /Users/bhanugarg/archive/br_lora_library_staging/batch_0016/synthetic_003868
  Verdict                : PASS

[119/250] synthetic_003869
  Case seed              : 2109920398
  External subject       : BraTS20_Validation_047
  External slice         : 102
  Donor mask pixels      : 1956
  Posterior stack        : (100, 1, 1, 240, 240)
  Case output            : /Users/bhanugarg/archive/br_lora_library_staging/batch_0016/synthetic_003869
  Verdict                : PASS

[120/250] synthetic_003870
  Case seed              : 315588348
  External subject       : BraTS20_Validation_047
  External slice         : 103
  Donor mask pixels      : 885
  Posterior stack        : (100, 1, 1, 240, 240)
  Case output            : /Users/bhanugarg/archive/br_lora_library_staging/batch_0016/synthetic_003870
  Verdict                : PASS

[121/250] synthetic_003871
  Case seed              : 814247924
  External subject       : BraTS20_Validation_047
  External slice         : 103
  Donor mask pixels      : 711
  Posterior stack        : (100, 1, 1, 240, 240)
  Case output            : /Users/bhanugarg/archive/br_lora_library_staging/batch_0016/synthetic_003871
  Verdict                : PASS

[122/250] synthetic_003872
  Case seed              : 208697012
  External subject       : BraTS20_Validation_047
  External slice         : 104
  Donor mask pixels      : 1565
  Posterior stack        : (100, 1, 1, 240, 240)
  Case output            : /Users/bhanugarg/archive/br_lora_library_staging/batch_0016/synthetic_003872
  Verdict                : PASS

[123/250] synthetic_003873
  Case seed              : 1148883242
  External subject       : BraTS20_Validation_047
  External slice         : 104
  Donor mask pixels      : 1175
  Posterior stack        : (100, 1, 1, 240, 240)
  Case output            : /Users/bhanugarg/archive/br_lora_library_staging/batch_0016/synthetic_003873
  Verdict                : PASS

[124/250] synthetic_003874
  Case seed              : 1745888334
  External subject       : BraTS20_Validation_047
  External slice         : 105
  Donor mask pixels      : 646
  Posterior stack        : (100, 1, 1, 240, 240)
  Case output            : /Users/bhanugarg/archive/br_lora_library_staging/batch_0016/synthetic_003874
  Verdict                : PASS

[125/250] synthetic_003875
  Case seed              : 1805146600
  External subject       : BraTS20_Validation_047
  External slice         : 105
  Donor mask pixels      : 2543
  Posterior stack        : (100, 1, 1, 240, 240)
  Case output            : /Users/bhanugarg/archive/br_lora_library_staging/batch_0016/synthetic_003875
  Verdict                : PASS

[126/250] synthetic_003876
  Case seed              : 199383311
  External subject       : BraTS20_Validation_047
  External slice         : 106
  Donor mask pixels      : 1369
  Posterior stack        : (100, 1, 1, 240, 240)
  Case output            : /Users/bhanugarg/archive/br_lora_library_staging/batch_0016/synthetic_003876
  Verdict                : PASS

[127/250] synthetic_003877
  Case seed              : 512151942
  External subject       : BraTS20_Validation_047
  External slice         : 106
  Donor mask pixels      : 705
  Posterior stack        : (100, 1, 1, 240, 240)
  Case output            : /Users/bhanugarg/archive/br_lora_library_staging/batch_0016/synthetic_003877
  Verdict                : PASS

[128/250] synthetic_003878
  Case seed              : 1918606180
  External subject       : BraTS20_Validation_047
  External slice         : 107
  Donor mask pixels      : 1935
  Posterior stack        : (100, 1, 1, 240, 240)
  Case output            : /Users/bhanugarg/archive/br_lora_library_staging/batch_0016/synthetic_003878
  Verdict                : PASS

[129/250] synthetic_003879
  Case seed              : 1897923109
  External subject       : BraTS20_Validation_047
  External slice         : 107
  Donor mask pixels      : 1248
  Posterior stack        : (100, 1, 1, 240, 240)
  Case output            : /Users/bhanugarg/archive/br_lora_library_staging/batch_0016/synthetic_003879
  Verdict                : PASS

[130/250] synthetic_003880
  Case seed              : 1893813051
  External subject       : BraTS20_Validation_047
  External slice         : 108
  Donor mask pixels      : 3195
  Posterior stack        : (100, 1, 1, 240, 240)
  Case output            : /Users/bhanugarg/archive/br_lora_library_staging/batch_0016/synthetic_003880
  Verdict                : PASS

[131/250] synthetic_003881
  Case seed              : 1087479730
  External subject       : BraTS20_Validation_047
  External slice         : 108
  Donor mask pixels      : 4742
  Posterior stack        : (100, 1, 1, 240, 240)
  Case output            : /Users/bhanugarg/archive/br_lora_library_staging/batch_0016/synthetic_003881
  Verdict                : PASS

[132/250] synthetic_003882
  Case seed              : 2026091330
  External subject       : BraTS20_Validation_047
  External slice         : 109
  Donor mask pixels      : 2089
  Posterior stack        : (100, 1, 1, 240, 240)
  Case output            : /Users/bhanugarg/archive/br_lora_library_staging/batch_0016/synthetic_003882
  Verdict                : PASS

[133/250] synthetic_003883
  Case seed              : 308428568
  External subject       : BraTS20_Validation_047
  External slice         : 109
  Donor mask pixels      : 3024
  Posterior stack        : (100, 1, 1, 240, 240)
  Case output            : /Users/bhanugarg/archive/br_lora_library_staging/batch_0016/synthetic_003883
  Verdict                : PASS

[134/250] synthetic_003884
  Case seed              : 1955432717
  External subject       : BraTS20_Validation_047
  External slice         : 110
  Donor mask pixels      : 3622
  Posterior stack        : (100, 1, 1, 240, 240)
  Case output            : /Users/bhanugarg/archive/br_lora_library_staging/batch_0016/synthetic_003884
  Verdict                : PASS

[135/250] synthetic_003885
  Case seed              : 231753340
  External subject       : BraTS20_Validation_047
  External slice         : 110
  Donor mask pixels      : 514
  Posterior stack        : (100, 1, 1, 240, 240)
  Case output            : /Users/bhanugarg/archive/br_lora_library_staging/batch_0016/synthetic_003885
  Verdict                : PASS

[136/250] synthetic_003886
  Case seed              : 687120576
  External subject       : BraTS20_Validation_047
  External slice         : 111
  Donor mask pixels      : 1393
  Posterior stack        : (100, 1, 1, 240, 240)
  Case output            : /Users/bhanugarg/archive/br_lora_library_staging/batch_0016/synthetic_003886
  Verdict                : PASS

[137/250] synthetic_003887
  Case seed              : 1436163745
  External subject       : BraTS20_Validation_047
  External slice         : 111
  Donor mask pixels      : 1123
  Posterior stack        : (100, 1, 1, 240, 240)
  Case output            : /Users/bhanugarg/archive/br_lora_library_staging/batch_0016/synthetic_003887
  Verdict                : PASS

[138/250] synthetic_003888
  Case seed              : 643040129
  External subject       : BraTS20_Validation_047
  External slice         : 112
  Donor mask pixels      : 1902
  Posterior stack        : (100, 1, 1, 240, 240)
  Case output            : /Users/bhanugarg/archive/br_lora_library_staging/batch_0016/synthetic_003888
  Verdict                : PASS

[139/250] synthetic_003889
  Case seed              : 1365564689
  External subject       : BraTS20_Validation_047
  External slice         : 112
  Donor mask pixels      : 1355
  Posterior stack        : (100, 1, 1, 240, 240)
  Case output            : /Users/bhanugarg/archive/br_lora_library_staging/batch_0016/synthetic_003889
  Verdict                : PASS

[140/250] synthetic_003890
  Case seed              : 515968454
  External subject       : BraTS20_Validation_047
  External slice         : 113
  Donor mask pixels      : 1953
  Posterior stack        : (100, 1, 1, 240, 240)
  Case output            : /Users/bhanugarg/archive/br_lora_library_staging/batch_0016/synthetic_003890
  Verdict                : PASS

[141/250] synthetic_003891
  Case seed              : 1547727174
  External subject       : BraTS20_Validation_047
  External slice         : 113
  Donor mask pixels      : 748
  Posterior stack        : (100, 1, 1, 240, 240)
  Case output            : /Users/bhanugarg/archive/br_lora_library_staging/batch_0016/synthetic_003891
  Verdict                : PASS

[142/250] synthetic_003892
  Case seed              : 1952923451
  External subject       : BraTS20_Validation_047
  External slice         : 114
  Donor mask pixels      : 1698
  Posterior stack        : (100, 1, 1, 240, 240)
  Case output            : /Users/bhanugarg/archive/br_lora_library_staging/batch_0016/synthetic_003892
  Verdict                : PASS

[143/250] synthetic_003893
  Case seed              : 1218680006
  External subject       : BraTS20_Validation_047
  External slice         : 115
  Donor mask pixels      : 1454
  Posterior stack        : (100, 1, 1, 240, 240)
  Case output            : /Users/bhanugarg/archive/br_lora_library_staging/batch_0016/synthetic_003893
  Verdict                : PASS

[144/250] synthetic_003894
  Case seed              : 1023464947
  External subject       : BraTS20_Validation_047
  External slice         : 115
  Donor mask pixels      : 1627
  Posterior stack        : (100, 1, 1, 240, 240)
  Case output            : /Users/bhanugarg/archive/br_lora_library_staging/batch_0016/synthetic_003894
  Verdict                : PASS

[145/250] synthetic_003895
  Case seed              : 1679714980
  External subject       : BraTS20_Validation_047
  External slice         : 116
  Donor mask pixels      : 2937
  Posterior stack        : (100, 1, 1, 240, 240)
  Case output            : /Users/bhanugarg/archive/br_lora_library_staging/batch_0016/synthetic_003895
  Verdict                : PASS

[146/250] synthetic_003896
  Case seed              : 725707828
  External subject       : BraTS20_Validation_047
  External slice         : 116
  Donor mask pixels      : 444
  Posterior stack        : (100, 1, 1, 240, 240)
  Case output            : /Users/bhanugarg/archive/br_lora_library_staging/batch_0016/synthetic_003896
  Verdict                : PASS

[147/250] synthetic_003897
  Case seed              : 1015659657
  External subject       : BraTS20_Validation_047
  External slice         : 117
  Donor mask pixels      : 1033
  Posterior stack        : (100, 1, 1, 240, 240)
  Case output            : /Users/bhanugarg/archive/br_lora_library_staging/batch_0016/synthetic_003897
  Verdict                : PASS

[148/250] synthetic_003898
  Case seed              : 1397638370
  External subject       : BraTS20_Validation_047
  External slice         : 117
  Donor mask pixels      : 785
  Posterior stack        : (100, 1, 1, 240, 240)
  Case output            : /Users/bhanugarg/archive/br_lora_library_staging/batch_0016/synthetic_003898
  Verdict                : PASS

[149/250] synthetic_003899
  Case seed              : 2047131935
  External subject       : BraTS20_Validation_047
  External slice         : 118
  Donor mask pixels      : 2045
  Posterior stack        : (100, 1, 1, 240, 240)
  Case output            : /Users/bhanugarg/archive/br_lora_library_staging/batch_0016/synthetic_003899
  Verdict                : PASS

[150/250] synthetic_003900
  Case seed              : 712534414
  External subject       : BraTS20_Validation_047
  External slice         : 118
  Donor mask pixels      : 2473
  Posterior stack        : (100, 1, 1, 240, 240)
  Case output            : /Users/bhanugarg/archive/br_lora_library_staging/batch_0016/synthetic_003900
  Verdict                : PASS

[151/250] synthetic_003901
  Case seed              : 2021874859
  External subject       : BraTS20_Validation_047
  External slice         : 119
  Donor mask pixels      : 1844
  Posterior stack        : (100, 1, 1, 240, 240)
  Case output            : /Users/bhanugarg/archive/br_lora_library_staging/batch_0016/synthetic_003901
  Verdict                : PASS

[152/250] synthetic_003902
  Case seed              : 979003862
  External subject       : BraTS20_Validation_047
  External slice         : 119
  Donor mask pixels      : 3616
  Posterior stack        : (100, 1, 1, 240, 240)
  Case output            : /Users/bhanugarg/archive/br_lora_library_staging/batch_0016/synthetic_003902
  Verdict                : PASS

[153/250] synthetic_003903
  Case seed              : 1827841363
  External subject       : BraTS20_Validation_047
  External slice         : 120
  Donor mask pixels      : 2856
  Posterior stack        : (100, 1, 1, 240, 240)
  Case output            : /Users/bhanugarg/archive/br_lora_library_staging/batch_0016/synthetic_003903
  Verdict                : PASS

[154/250] synthetic_003904
  Case seed              : 83579189
  External subject       : BraTS20_Validation_047
  External slice         : 121
  Donor mask pixels      : 1909
  Posterior stack        : (100, 1, 1, 240, 240)
  Case output            : /Users/bhanugarg/archive/br_lora_library_staging/batch_0016/synthetic_003904
  Verdict                : PASS

[155/250] synthetic_003905
  Case seed              : 679181810
  External subject       : BraTS20_Validation_047
  External slice         : 122
  Donor mask pixels      : 1527
  Posterior stack        : (100, 1, 1, 240, 240)
  Case output            : /Users/bhanugarg/archive/br_lora_library_staging/batch_0016/synthetic_003905
  Verdict                : PASS

[156/250] synthetic_003906
  Case seed              : 1431505408
  External subject       : BraTS20_Validation_047
  External slice         : 123
  Donor mask pixels      : 793
  Posterior stack        : (100, 1, 1, 240, 240)
  Case output            : /Users/bhanugarg/archive/br_lora_library_staging/batch_0016/synthetic_003906
  Verdict                : PASS

[157/250] synthetic_003907
  Case seed              : 1565179309
  External subject       : BraTS20_Validation_047
  External slice         : 124
  Donor mask pixels      : 432
  Posterior stack        : (100, 1, 1, 240, 240)
  Case output            : /Users/bhanugarg/archive/br_lora_library_staging/batch_0016/synthetic_003907
  Verdict                : PASS

[158/250] synthetic_003908
  Case seed              : 2135216388
  External subject       : BraTS20_Validation_047
  External slice         : 125
  Donor mask pixels      : 1294
  Posterior stack        : (100, 1, 1, 240, 240)
  Case output            : /Users/bhanugarg/archive/br_lora_library_staging/batch_0016/synthetic_003908
  Verdict                : PASS

[159/250] synthetic_003909
  Case seed              : 1976301979
  External subject       : BraTS20_Validation_047
  External slice         : 126
  Donor mask pixels      : 1056
  Posterior stack        : (100, 1, 1, 240, 240)
  Case output            : /Users/bhanugarg/archive/br_lora_library_staging/batch_0016/synthetic_003909
  Verdict                : PASS

[160/250] synthetic_003910
  Case seed              : 1472333256
  External subject       : BraTS20_Validation_047
  External slice         : 127
  Donor mask pixels      : 2062
  Posterior stack        : (100, 1, 1, 240, 240)
  Case output            : /Users/bhanugarg/archive/br_lora_library_staging/batch_0016/synthetic_003910
  Verdict                : PASS

[161/250] synthetic_003911
  Case seed              : 796487542
  External subject       : BraTS20_Validation_047
  External slice         : 128
  Donor mask pixels      : 2310
  Posterior stack        : (100, 1, 1, 240, 240)
  Case output            : /Users/bhanugarg/archive/br_lora_library_staging/batch_0016/synthetic_003911
  Verdict                : PASS

[162/250] synthetic_003912
  Case seed              : 1038148301
  External subject       : BraTS20_Validation_047
  External slice         : 129
  Donor mask pixels      : 1418
  Posterior stack        : (100, 1, 1, 240, 240)
  Case output            : /Users/bhanugarg/archive/br_lora_library_staging/batch_0016/synthetic_003912
  Verdict                : PASS

[163/250] synthetic_003913
  Case seed              : 1873525569
  External subject       : BraTS20_Validation_047
  External slice         : 130
  Donor mask pixels      : 2127
  Posterior stack        : (100, 1, 1, 240, 240)
  Case output            : /Users/bhanugarg/archive/br_lora_library_staging/batch_0016/synthetic_003913
  Verdict                : PASS

[164/250] synthetic_003914
  Case seed              : 916252819
  External subject       : BraTS20_Validation_047
  External slice         : 131
  Donor mask pixels      : 1505
  Posterior stack        : (100, 1, 1, 240, 240)
  Case output            : /Users/bhanugarg/archive/br_lora_library_staging/batch_0016/synthetic_003914
  Verdict                : PASS

[165/250] synthetic_003915
  Case seed              : 1950410153
  External subject       : BraTS20_Validation_047
  External slice         : 132
  Donor mask pixels      : 1066
  Posterior stack        : (100, 1, 1, 240, 240)
  Case output            : /Users/bhanugarg/archive/br_lora_library_staging/batch_0016/synthetic_003915
  Verdict                : PASS

[166/250] synthetic_003916
  Case seed              : 106542590
  External subject       : BraTS20_Validation_047
  External slice         : 133
  Donor mask pixels      : 315
  Posterior stack        : (100, 1, 1, 240, 240)
  Case output            : /Users/bhanugarg/archive/br_lora_library_staging/batch_0016/synthetic_003916
  Verdict                : PASS

[167/250] synthetic_003917
  Case seed              : 1891467537
  External subject       : BraTS20_Validation_048
  External slice         : 7
  Donor mask pixels      : 582
  Posterior stack        : (100, 1, 1, 240, 240)
  Case output            : /Users/bhanugarg/archive/br_lora_library_staging/batch_0016/synthetic_003917
  Verdict                : PASS

[168/250] synthetic_003918
  Case seed              : 797460492
  External subject       : BraTS20_Validation_048
  External slice         : 8
  Donor mask pixels      : 888
  Posterior stack        : (100, 1, 1, 240, 240)
  Case output            : /Users/bhanugarg/archive/br_lora_library_staging/batch_0016/synthetic_003918
  Verdict                : PASS

[169/250] synthetic_003919
  Case seed              : 1455263069
  External subject       : BraTS20_Validation_048
  External slice         : 9
  Donor mask pixels      : 384
  Posterior stack        : (100, 1, 1, 240, 240)
  Case output            : /Users/bhanugarg/archive/br_lora_library_staging/batch_0016/synthetic_003919
  Verdict                : PASS

[170/250] synthetic_003920
  Case seed              : 197101753
  External subject       : BraTS20_Validation_048
  External slice         : 10
  Donor mask pixels      : 405
  Posterior stack        : (100, 1, 1, 240, 240)
  Case output            : /Users/bhanugarg/archive/br_lora_library_staging/batch_0016/synthetic_003920
  Verdict                : PASS

[171/250] synthetic_003921
  Case seed              : 1223580541
  External subject       : BraTS20_Validation_048
  External slice         : 11
  Donor mask pixels      : 639
  Posterior stack        : (100, 1, 1, 240, 240)
  Case output            : /Users/bhanugarg/archive/br_lora_library_staging/batch_0016/synthetic_003921
  Verdict                : PASS

[172/250] synthetic_003922
  Case seed              : 1068940290
  External subject       : BraTS20_Validation_048
  External slice         : 12
  Donor mask pixels      : 984
  Posterior stack        : (100, 1, 1, 240, 240)
  Case output            : /Users/bhanugarg/archive/br_lora_library_staging/batch_0016/synthetic_003922
  Verdict                : PASS

[173/250] synthetic_003923
  Case seed              : 265322138
  External subject       : BraTS20_Validation_048
  External slice         : 13
  Donor mask pixels      : 723
  Posterior stack        : (100, 1, 1, 240, 240)
  Case output            : /Users/bhanugarg/archive/br_lora_library_staging/batch_0016/synthetic_003923
  Verdict                : PASS

[174/250] synthetic_003924
  Case seed              : 28239915
  External subject       : BraTS20_Validation_048
  External slice         : 14
  Donor mask pixels      : 1025
  Posterior stack        : (100, 1, 1, 240, 240)
  Case output            : /Users/bhanugarg/archive/br_lora_library_staging/batch_0016/synthetic_003924
  Verdict                : PASS

[175/250] synthetic_003925
  Case seed              : 1191523964
  External subject       : BraTS20_Validation_048
  External slice         : 15
  Donor mask pixels      : 1256
  Posterior stack        : (100, 1, 1, 240, 240)
  Case output            : /Users/bhanugarg/archive/br_lora_library_staging/batch_0016/synthetic_003925
  Verdict                : PASS

[176/250] synthetic_003926
  Case seed              : 2062702269
  External subject       : BraTS20_Validation_048
  External slice         : 16
  Donor mask pixels      : 719
  Posterior stack        : (100, 1, 1, 240, 240)
  Case output            : /Users/bhanugarg/archive/br_lora_library_staging/batch_0016/synthetic_003926
  Verdict                : PASS

[177/250] synthetic_003927
  Case seed              : 1778266168
  External subject       : BraTS20_Validation_048
  External slice         : 17
  Donor mask pixels      : 1059
  Posterior stack        : (100, 1, 1, 240, 240)
  Case output            : /Users/bhanugarg/archive/br_lora_library_staging/batch_0016/synthetic_003927
  Verdict                : PASS

[178/250] synthetic_003928
  Case seed              : 365956716
  External subject       : BraTS20_Validation_048
  External slice         : 18
  Donor mask pixels      : 1001
  Posterior stack        : (100, 1, 1, 240, 240)
  Case output            : /Users/bhanugarg/archive/br_lora_library_staging/batch_0016/synthetic_003928
  Verdict                : PASS

[179/250] synthetic_003929
  Case seed              : 1172998098
  External subject       : BraTS20_Validation_048
  External slice         : 19
  Donor mask pixels      : 1359
  Posterior stack        : (100, 1, 1, 240, 240)
  Case output            : /Users/bhanugarg/archive/br_lora_library_staging/batch_0016/synthetic_003929
  Verdict                : PASS

[180/250] synthetic_003930
  Case seed              : 731801742
  External subject       : BraTS20_Validation_048
  External slice         : 20
  Donor mask pixels      : 1306
  Posterior stack        : (100, 1, 1, 240, 240)
  Case output            : /Users/bhanugarg/archive/br_lora_library_staging/batch_0016/synthetic_003930
  Verdict                : PASS

[181/250] synthetic_003931
  Case seed              : 2105152403
  External subject       : BraTS20_Validation_048
  External slice         : 21
  Donor mask pixels      : 367
  Posterior stack        : (100, 1, 1, 240, 240)
  Case output            : /Users/bhanugarg/archive/br_lora_library_staging/batch_0016/synthetic_003931
  Verdict                : PASS

[182/250] synthetic_003932
  Case seed              : 682172175
  External subject       : BraTS20_Validation_048
  External slice         : 22
  Donor mask pixels      : 1723
  Posterior stack        : (100, 1, 1, 240, 240)
  Case output            : /Users/bhanugarg/archive/br_lora_library_staging/batch_0016/synthetic_003932
  Verdict                : PASS

[183/250] synthetic_003933
  Case seed              : 1972849446
  External subject       : BraTS20_Validation_048
  External slice         : 23
  Donor mask pixels      : 1557
  Posterior stack        : (100, 1, 1, 240, 240)
  Case output            : /Users/bhanugarg/archive/br_lora_library_staging/batch_0016/synthetic_003933
  Verdict                : PASS

[184/250] synthetic_003934
  Case seed              : 2068840433
  External subject       : BraTS20_Validation_048
  External slice         : 24
  Donor mask pixels      : 1411
  Posterior stack        : (100, 1, 1, 240, 240)
  Case output            : /Users/bhanugarg/archive/br_lora_library_staging/batch_0016/synthetic_003934
  Verdict                : PASS

[185/250] synthetic_003935
  Case seed              : 1736746829
  External subject       : BraTS20_Validation_048
  External slice         : 25
  Donor mask pixels      : 1653
  Posterior stack        : (100, 1, 1, 240, 240)
  Case output            : /Users/bhanugarg/archive/br_lora_library_staging/batch_0016/synthetic_003935
  Verdict                : PASS

[186/250] synthetic_003936
  Case seed              : 967708995
  External subject       : BraTS20_Validation_048
  External slice         : 26
  Donor mask pixels      : 532
  Posterior stack        : (100, 1, 1, 240, 240)
  Case output            : /Users/bhanugarg/archive/br_lora_library_staging/batch_0016/synthetic_003936
  Verdict                : PASS

[187/250] synthetic_003937
  Case seed              : 473863612
  External subject       : BraTS20_Validation_048
  External slice         : 27
  Donor mask pixels      : 2800
  Posterior stack        : (100, 1, 1, 240, 240)
  Case output            : /Users/bhanugarg/archive/br_lora_library_staging/batch_0016/synthetic_003937
  Verdict                : PASS

[188/250] synthetic_003938
  Case seed              : 597925983
  External subject       : BraTS20_Validation_048
  External slice         : 28
  Donor mask pixels      : 1528
  Posterior stack        : (100, 1, 1, 240, 240)
  Case output            : /Users/bhanugarg/archive/br_lora_library_staging/batch_0016/synthetic_003938
  Verdict                : PASS

[189/250] synthetic_003939
  Case seed              : 292676080
  External subject       : BraTS20_Validation_048
  External slice         : 29
  Donor mask pixels      : 552
  Posterior stack        : (100, 1, 1, 240, 240)
  Case output            : /Users/bhanugarg/archive/br_lora_library_staging/batch_0016/synthetic_003939
  Verdict                : PASS

[190/250] synthetic_003940
  Case seed              : 1173061867
  External subject       : BraTS20_Validation_048
  External slice         : 30
  Donor mask pixels      : 1245
  Posterior stack        : (100, 1, 1, 240, 240)
  Case output            : /Users/bhanugarg/archive/br_lora_library_staging/batch_0016/synthetic_003940
  Verdict                : PASS

[191/250] synthetic_003941
  Case seed              : 324566185
  External subject       : BraTS20_Validation_048
  External slice         : 31
  Donor mask pixels      : 2384
  Posterior stack        : (100, 1, 1, 240, 240)
  Case output            : /Users/bhanugarg/archive/br_lora_library_staging/batch_0016/synthetic_003941
  Verdict                : PASS

[192/250] synthetic_003942
  Case seed              : 7508553
  External subject       : BraTS20_Validation_048
  External slice         : 32
  Donor mask pixels      : 499
  Posterior stack        : (100, 1, 1, 240, 240)
  Case output            : /Users/bhanugarg/archive/br_lora_library_staging/batch_0016/synthetic_003942
  Verdict                : PASS

[193/250] synthetic_003943
  Case seed              : 80660989
  External subject       : BraTS20_Validation_048
  External slice         : 33
  Donor mask pixels      : 736
  Posterior stack        : (100, 1, 1, 240, 240)
  Case output            : /Users/bhanugarg/archive/br_lora_library_staging/batch_0016/synthetic_003943
  Verdict                : PASS

[194/250] synthetic_003944
  Case seed              : 1640188243
  External subject       : BraTS20_Validation_048
  External slice         : 34
  Donor mask pixels      : 558
  Posterior stack        : (100, 1, 1, 240, 240)
  Case output            : /Users/bhanugarg/archive/br_lora_library_staging/batch_0016/synthetic_003944
  Verdict                : PASS

[195/250] synthetic_003945
  Case seed              : 303232147
  External subject       : BraTS20_Validation_048
  External slice         : 36
  Donor mask pixels      : 3263
  Posterior stack        : (100, 1, 1, 240, 240)
  Case output            : /Users/bhanugarg/archive/br_lora_library_staging/batch_0016/synthetic_003945
  Verdict                : PASS

[196/250] synthetic_003946
  Case seed              : 1584652667
  External subject       : BraTS20_Validation_048
  External slice         : 37
  Donor mask pixels      : 2782
  Posterior stack        : (100, 1, 1, 240, 240)
  Case output            : /Users/bhanugarg/archive/br_lora_library_staging/batch_0016/synthetic_003946
  Verdict                : PASS

[197/250] synthetic_003947
  Case seed              : 1429166136
  External subject       : BraTS20_Validation_048
  External slice         : 38
  Donor mask pixels      : 1679
  Posterior stack        : (100, 1, 1, 240, 240)
  Case output            : /Users/bhanugarg/archive/br_lora_library_staging/batch_0016/synthetic_003947
  Verdict                : PASS

[198/250] synthetic_003948
  Case seed              : 1057462597
  External subject       : BraTS20_Validation_048
  External slice         : 39
  Donor mask pixels      : 2511
  Posterior stack        : (100, 1, 1, 240, 240)
  Case output            : /Users/bhanugarg/archive/br_lora_library_staging/batch_0016/synthetic_003948
  Verdict                : PASS

[199/250] synthetic_003949
  Case seed              : 249939681
  External subject       : BraTS20_Validation_048
  External slice         : 40
  Donor mask pixels      : 361
  Posterior stack        : (100, 1, 1, 240, 240)
  Case output            : /Users/bhanugarg/archive/br_lora_library_staging/batch_0016/synthetic_003949
  Verdict                : PASS

[200/250] synthetic_003950
  Case seed              : 1088815562
  External subject       : BraTS20_Validation_048
  External slice         : 41
  Donor mask pixels      : 1766
  Posterior stack        : (100, 1, 1, 240, 240)
  Case output            : /Users/bhanugarg/archive/br_lora_library_staging/batch_0016/synthetic_003950
  Verdict                : PASS

[201/250] synthetic_003951
  Case seed              : 84378622
  External subject       : BraTS20_Validation_048
  External slice         : 42
  Donor mask pixels      : 1761
  Posterior stack        : (100, 1, 1, 240, 240)
  Case output            : /Users/bhanugarg/archive/br_lora_library_staging/batch_0016/synthetic_003951
  Verdict                : PASS

[202/250] synthetic_003952
  Case seed              : 2130249246
  External subject       : BraTS20_Validation_048
  External slice         : 43
  Donor mask pixels      : 1214
  Posterior stack        : (100, 1, 1, 240, 240)
  Case output            : /Users/bhanugarg/archive/br_lora_library_staging/batch_0016/synthetic_003952
  Verdict                : PASS

[203/250] synthetic_003953
  Case seed              : 1333155051
  External subject       : BraTS20_Validation_048
  External slice         : 44
  Donor mask pixels      : 641
  Posterior stack        : (100, 1, 1, 240, 240)
  Case output            : /Users/bhanugarg/archive/br_lora_library_staging/batch_0016/synthetic_003953
  Verdict                : PASS

[204/250] synthetic_003954
  Case seed              : 1497650288
  External subject       : BraTS20_Validation_048
  External slice         : 45
  Donor mask pixels      : 2168
  Posterior stack        : (100, 1, 1, 240, 240)
  Case output            : /Users/bhanugarg/archive/br_lora_library_staging/batch_0016/synthetic_003954
  Verdict                : PASS

[205/250] synthetic_003955
  Case seed              : 1007341117
  External subject       : BraTS20_Validation_048
  External slice         : 46
  Donor mask pixels      : 307
  Posterior stack        : (100, 1, 1, 240, 240)
  Case output            : /Users/bhanugarg/archive/br_lora_library_staging/batch_0016/synthetic_003955
  Verdict                : PASS

[206/250] synthetic_003956
  Case seed              : 1151387253
  External subject       : BraTS20_Validation_048
  External slice         : 47
  Donor mask pixels      : 2423
  Posterior stack        : (100, 1, 1, 240, 240)
  Case output            : /Users/bhanugarg/archive/br_lora_library_staging/batch_0016/synthetic_003956
  Verdict                : PASS

[207/250] synthetic_003957
  Case seed              : 2059627506
  External subject       : BraTS20_Validation_048
  External slice         : 48
  Donor mask pixels      : 772
  Posterior stack        : (100, 1, 1, 240, 240)
  Case output            : /Users/bhanugarg/archive/br_lora_library_staging/batch_0016/synthetic_003957
  Verdict                : PASS

[208/250] synthetic_003958
  Case seed              : 1774276999
  External subject       : BraTS20_Validation_048
  External slice         : 49
  Donor mask pixels      : 2005
  Posterior stack        : (100, 1, 1, 240, 240)
  Case output            : /Users/bhanugarg/archive/br_lora_library_staging/batch_0016/synthetic_003958
  Verdict                : PASS

[209/250] synthetic_003959
  Case seed              : 925657097
  External subject       : BraTS20_Validation_048
  External slice         : 50
  Donor mask pixels      : 2372
  Posterior stack        : (100, 1, 1, 240, 240)
  Case output            : /Users/bhanugarg/archive/br_lora_library_staging/batch_0016/synthetic_003959
  Verdict                : PASS

[210/250] synthetic_003960
  Case seed              : 1014792265
  External subject       : BraTS20_Validation_048
  External slice         : 51
  Donor mask pixels      : 473
  Posterior stack        : (100, 1, 1, 240, 240)
  Case output            : /Users/bhanugarg/archive/br_lora_library_staging/batch_0016/synthetic_003960
  Verdict                : PASS

[211/250] synthetic_003961
  Case seed              : 576378990
  External subject       : BraTS20_Validation_048
  External slice         : 52
  Donor mask pixels      : 2843
  Posterior stack        : (100, 1, 1, 240, 240)
  Case output            : /Users/bhanugarg/archive/br_lora_library_staging/batch_0016/synthetic_003961
  Verdict                : PASS

[212/250] synthetic_003962
  Case seed              : 657376896
  External subject       : BraTS20_Validation_048
  External slice         : 53
  Donor mask pixels      : 1083
  Posterior stack        : (100, 1, 1, 240, 240)
  Case output            : /Users/bhanugarg/archive/br_lora_library_staging/batch_0016/synthetic_003962
  Verdict                : PASS

[213/250] synthetic_003963
  Case seed              : 10270615
  External subject       : BraTS20_Validation_048
  External slice         : 54
  Donor mask pixels      : 1910
  Posterior stack        : (100, 1, 1, 240, 240)
  Case output            : /Users/bhanugarg/archive/br_lora_library_staging/batch_0016/synthetic_003963
  Verdict                : PASS

[214/250] synthetic_003964
  Case seed              : 818367625
  External subject       : BraTS20_Validation_048
  External slice         : 55
  Donor mask pixels      : 1884
  Posterior stack        : (100, 1, 1, 240, 240)
  Case output            : /Users/bhanugarg/archive/br_lora_library_staging/batch_0016/synthetic_003964
  Verdict                : PASS

[215/250] synthetic_003965
  Case seed              : 1713201596
  External subject       : BraTS20_Validation_048
  External slice         : 56
  Donor mask pixels      : 2207
  Posterior stack        : (100, 1, 1, 240, 240)
  Case output            : /Users/bhanugarg/archive/br_lora_library_staging/batch_0016/synthetic_003965
  Verdict                : PASS

[216/250] synthetic_003966
  Case seed              : 1774012790
  External subject       : BraTS20_Validation_048
  External slice         : 57
  Donor mask pixels      : 1386
  Posterior stack        : (100, 1, 1, 240, 240)
  Case output            : /Users/bhanugarg/archive/br_lora_library_staging/batch_0016/synthetic_003966
  Verdict                : PASS

[217/250] synthetic_003967
  Case seed              : 985437089
  External subject       : BraTS20_Validation_048
  External slice         : 58
  Donor mask pixels      : 997
  Posterior stack        : (100, 1, 1, 240, 240)
  Case output            : /Users/bhanugarg/archive/br_lora_library_staging/batch_0016/synthetic_003967
  Verdict                : PASS

[218/250] synthetic_003968
  Case seed              : 1544146437
  External subject       : BraTS20_Validation_048
  External slice         : 59
  Donor mask pixels      : 2779
  Posterior stack        : (100, 1, 1, 240, 240)
  Case output            : /Users/bhanugarg/archive/br_lora_library_staging/batch_0016/synthetic_003968
  Verdict                : PASS

[219/250] synthetic_003969
  Case seed              : 91303667
  External subject       : BraTS20_Validation_048
  External slice         : 60
  Donor mask pixels      : 3143
  Posterior stack        : (100, 1, 1, 240, 240)
  Case output            : /Users/bhanugarg/archive/br_lora_library_staging/batch_0016/synthetic_003969
  Verdict                : PASS

[220/250] synthetic_003970
  Case seed              : 833356275
  External subject       : BraTS20_Validation_048
  External slice         : 61
  Donor mask pixels      : 3618
  Posterior stack        : (100, 1, 1, 240, 240)
  Case output            : /Users/bhanugarg/archive/br_lora_library_staging/batch_0016/synthetic_003970
  Verdict                : PASS

[221/250] synthetic_003971
  Case seed              : 104597126
  External subject       : BraTS20_Validation_048
  External slice         : 62
  Donor mask pixels      : 417
  Posterior stack        : (100, 1, 1, 240, 240)
  Case output            : /Users/bhanugarg/archive/br_lora_library_staging/batch_0016/synthetic_003971
  Verdict                : PASS

[222/250] synthetic_003972
  Case seed              : 313028477
  External subject       : BraTS20_Validation_048
  External slice         : 63
  Donor mask pixels      : 846
  Posterior stack        : (100, 1, 1, 240, 240)
  Case output            : /Users/bhanugarg/archive/br_lora_library_staging/batch_0016/synthetic_003972
  Verdict                : PASS

[223/250] synthetic_003973
  Case seed              : 144236582
  External subject       : BraTS20_Validation_048
  External slice         : 64
  Donor mask pixels      : 2474
  Posterior stack        : (100, 1, 1, 240, 240)
  Case output            : /Users/bhanugarg/archive/br_lora_library_staging/batch_0016/synthetic_003973
  Verdict                : PASS

[224/250] synthetic_003974
  Case seed              : 1459519041
  External subject       : BraTS20_Validation_048
  External slice         : 65
  Donor mask pixels      : 2073
  Posterior stack        : (100, 1, 1, 240, 240)
  Case output            : /Users/bhanugarg/archive/br_lora_library_staging/batch_0016/synthetic_003974
  Verdict                : PASS

[225/250] synthetic_003975
  Case seed              : 471533656
  External subject       : BraTS20_Validation_048
  External slice         : 65
  Donor mask pixels      : 1316
  Posterior stack        : (100, 1, 1, 240, 240)
  Case output            : /Users/bhanugarg/archive/br_lora_library_staging/batch_0016/synthetic_003975
  Verdict                : PASS

[226/250] synthetic_003976
  Case seed              : 1413765974
  External subject       : BraTS20_Validation_048
  External slice         : 66
  Donor mask pixels      : 1926
  Posterior stack        : (100, 1, 1, 240, 240)
  Case output            : /Users/bhanugarg/archive/br_lora_library_staging/batch_0016/synthetic_003976
  Verdict                : PASS

[227/250] synthetic_003977
  Case seed              : 247849895
  External subject       : BraTS20_Validation_048
  External slice         : 66
  Donor mask pixels      : 847
  Posterior stack        : (100, 1, 1, 240, 240)
  Case output            : /Users/bhanugarg/archive/br_lora_library_staging/batch_0016/synthetic_003977
  Verdict                : PASS

[228/250] synthetic_003978
  Case seed              : 198841733
  External subject       : BraTS20_Validation_048
  External slice         : 67
  Donor mask pixels      : 1190
  Posterior stack        : (100, 1, 1, 240, 240)
  Case output            : /Users/bhanugarg/archive/br_lora_library_staging/batch_0016/synthetic_003978
  Verdict                : PASS

[229/250] synthetic_003979
  Case seed              : 1529614192
  External subject       : BraTS20_Validation_048
  External slice         : 68
  Donor mask pixels      : 2362
  Posterior stack        : (100, 1, 1, 240, 240)
  Case output            : /Users/bhanugarg/archive/br_lora_library_staging/batch_0016/synthetic_003979
  Verdict                : PASS

[230/250] synthetic_003980
  Case seed              : 1106221584
  External subject       : BraTS20_Validation_048
  External slice         : 68
  Donor mask pixels      : 3876
  Posterior stack        : (100, 1, 1, 240, 240)
  Case output            : /Users/bhanugarg/archive/br_lora_library_staging/batch_0016/synthetic_003980
  Verdict                : PASS

[231/250] synthetic_003981
  Case seed              : 140935602
  External subject       : BraTS20_Validation_048
  External slice         : 69
  Donor mask pixels      : 2925
  Posterior stack        : (100, 1, 1, 240, 240)
  Case output            : /Users/bhanugarg/archive/br_lora_library_staging/batch_0016/synthetic_003981
  Verdict                : PASS

[232/250] synthetic_003982
  Case seed              : 1132003247
  External subject       : BraTS20_Validation_048
  External slice         : 69
  Donor mask pixels      : 2079
  Posterior stack        : (100, 1, 1, 240, 240)
  Case output            : /Users/bhanugarg/archive/br_lora_library_staging/batch_0016/synthetic_003982
  Verdict                : PASS

[233/250] synthetic_003983
  Case seed              : 1216072818
  External subject       : BraTS20_Validation_048
  External slice         : 70
  Donor mask pixels      : 2455
  Posterior stack        : (100, 1, 1, 240, 240)
  Case output            : /Users/bhanugarg/archive/br_lora_library_staging/batch_0016/synthetic_003983
  Verdict                : PASS

[234/250] synthetic_003984
  Case seed              : 872499984
  External subject       : BraTS20_Validation_048
  External slice         : 70
  Donor mask pixels      : 2337
  Posterior stack        : (100, 1, 1, 240, 240)
  Case output            : /Users/bhanugarg/archive/br_lora_library_staging/batch_0016/synthetic_003984
  Verdict                : PASS

[235/250] synthetic_003985
  Case seed              : 1382998060
  External subject       : BraTS20_Validation_048
  External slice         : 71
  Donor mask pixels      : 1902
  Posterior stack        : (100, 1, 1, 240, 240)
  Case output            : /Users/bhanugarg/archive/br_lora_library_staging/batch_0016/synthetic_003985
  Verdict                : PASS

[236/250] synthetic_003986
  Case seed              : 1268078057
  External subject       : BraTS20_Validation_048
  External slice         : 71
  Donor mask pixels      : 2342
  Posterior stack        : (100, 1, 1, 240, 240)
  Case output            : /Users/bhanugarg/archive/br_lora_library_staging/batch_0016/synthetic_003986
  Verdict                : PASS

[237/250] synthetic_003987
  Case seed              : 378525629
  External subject       : BraTS20_Validation_048
  External slice         : 72
  Donor mask pixels      : 794
  Posterior stack        : (100, 1, 1, 240, 240)
  Case output            : /Users/bhanugarg/archive/br_lora_library_staging/batch_0016/synthetic_003987
  Verdict                : PASS

[238/250] synthetic_003988
  Case seed              : 1325083585
  External subject       : BraTS20_Validation_048
  External slice         : 72
  Donor mask pixels      : 2605
  Posterior stack        : (100, 1, 1, 240, 240)
  Case output            : /Users/bhanugarg/archive/br_lora_library_staging/batch_0016/synthetic_003988
  Verdict                : PASS

[239/250] synthetic_003989
  Case seed              : 1618057113
  External subject       : BraTS20_Validation_048
  External slice         : 73
  Donor mask pixels      : 829
  Posterior stack        : (100, 1, 1, 240, 240)
  Case output            : /Users/bhanugarg/archive/br_lora_library_staging/batch_0016/synthetic_003989
  Verdict                : PASS

[240/250] synthetic_003990
  Case seed              : 503487505
  External subject       : BraTS20_Validation_048
  External slice         : 73
  Donor mask pixels      : 1955
  Posterior stack        : (100, 1, 1, 240, 240)
  Case output            : /Users/bhanugarg/archive/br_lora_library_staging/batch_0016/synthetic_003990
  Verdict                : PASS

[241/250] synthetic_003991
  Case seed              : 647995501
  External subject       : BraTS20_Validation_048
  External slice         : 74
  Donor mask pixels      : 3602
  Posterior stack        : (100, 1, 1, 240, 240)
  Case output            : /Users/bhanugarg/archive/br_lora_library_staging/batch_0016/synthetic_003991
  Verdict                : PASS

[242/250] synthetic_003992
  Case seed              : 747127677
  External subject       : BraTS20_Validation_048
  External slice         : 74
  Donor mask pixels      : 576
  Posterior stack        : (100, 1, 1, 240, 240)
  Case output            : /Users/bhanugarg/archive/br_lora_library_staging/batch_0016/synthetic_003992
  Verdict                : PASS

[243/250] synthetic_003993
  Case seed              : 785848966
  External subject       : BraTS20_Validation_048
  External slice         : 135
  Donor mask pixels      : 544
  Posterior stack        : (100, 1, 1, 240, 240)
  Case output            : /Users/bhanugarg/archive/br_lora_library_staging/batch_0016/synthetic_003993
  Verdict                : PASS

[244/250] synthetic_003994
  Case seed              : 599785678
  External subject       : BraTS20_Validation_048
  External slice         : 136
  Donor mask pixels      : 328
  Posterior stack        : (100, 1, 1, 240, 240)
  Case output            : /Users/bhanugarg/archive/br_lora_library_staging/batch_0016/synthetic_003994
  Verdict                : PASS

[245/250] synthetic_003995
  Case seed              : 1551022052
  External subject       : BraTS20_Validation_049
  External slice         : 0
  Donor mask pixels      : 710
  Posterior stack        : (100, 1, 1, 240, 240)
  Case output            : /Users/bhanugarg/archive/br_lora_library_staging/batch_0016/synthetic_003995
  Verdict                : PASS

[246/250] synthetic_003996
  Case seed              : 1864806304
  External subject       : BraTS20_Validation_049
  External slice         : 1
  Donor mask pixels      : 461
  Posterior stack        : (100, 1, 1, 240, 240)
  Case output            : /Users/bhanugarg/archive/br_lora_library_staging/batch_0016/synthetic_003996
  Verdict                : PASS

[247/250] synthetic_003997
  Case seed              : 1337553948
  External subject       : BraTS20_Validation_049
  External slice         : 2
  Donor mask pixels      : 2074
  Posterior stack        : (100, 1, 1, 240, 240)
  Case output            : /Users/bhanugarg/archive/br_lora_library_staging/batch_0016/synthetic_003997
  Verdict                : PASS

[248/250] synthetic_003998
  Case seed              : 555489032
  External subject       : BraTS20_Validation_049
  External slice         : 3
  Donor mask pixels      : 758
  Posterior stack        : (100, 1, 1, 240, 240)
  Case output            : /Users/bhanugarg/archive/br_lora_library_staging/batch_0016/synthetic_003998
  Verdict                : PASS

[249/250] synthetic_003999
  Case seed              : 501448155
  External subject       : BraTS20_Validation_049
  External slice         : 4
  Donor mask pixels      : 894
  Posterior stack        : (100, 1, 1, 240, 240)
  Case output            : /Users/bhanugarg/archive/br_lora_library_staging/batch_0016/synthetic_003999
  Verdict                : PASS

[250/250] synthetic_004000
  Case seed              : 376047765
  External subject       : BraTS20_Validation_049
  External slice         : 5
  Donor mask pixels      : 866
  Posterior stack        : (100, 1, 1, 240, 240)
  Case output            : /Users/bhanugarg/archive/br_lora_library_staging/batch_0016/synthetic_004000
  Verdict                : PASS

==============================================================================
BR-LoRA EXTERNAL EVALUATION: PASS
Completed cases          : 250
Posterior realizations   : 100 per case
Evaluation summary       : /Users/bhanugarg/archive/br_lora_library_staging/batch_0016/evaluation_summary.json
==============================================================================

==============================================================================
BR-LoRA LIBRARY BATCH PRODUCTION
==============================================================================

Batch                    : batch_0016
Frozen design manifest   : /Users/bhanugarg/Desktop/localized-medical-image-synthesis/downstream_evaluation/manifests/br_lora_library_design_10000/batches/batch_0016_manifest.csv
Execution manifest       : /Users/bhanugarg/Desktop/localized-medical-image-synthesis/downstream_evaluation/manifests/br_lora_library_design_10000/batches/batch_0016_external_evaluation_manifest.csv
Checkpoint               : /Users/bhanugarg/Desktop/localized-medical-image-synthesis/checkpoints/br_lora_full_train/final.pt
Posterior samples        : 100
Evaluation seed          : 42
Device                   : mps
Output                   : /Users/bhanugarg/archive/br_lora_library_staging/batch_0016
Prepare only             : False
Resume                   : False

===== EXECUTION MANIFEST: PASS =====
Cases                    : 250
Case IDs                 : synthetic_003751 to synthetic_004000
External subjects        : 5
Unique base slices       : 193
Unique donor slices      : 250
Manifest SHA-256         : b356ed06d57b5a1dbd209ce866386e218cd70c217cc4e01578d8b12ee01e60e5

==============================================================================
LAUNCHING VALIDATED BR-LoRA INFERENCE ENGINE
==============================================================================

/opt/anaconda3/envs/brats-nnunet/bin/python /Users/bhanugarg/Desktop/localized-medical-image-synthesis/scripts/evaluate_br_lora_external.py --checkpoint /Users/bhanugarg/Desktop/localized-medical-image-synthesis/checkpoints/br_lora_full_train/final.pt --validation-dataset /Users/bhanugarg/archive/BraTS2020_ValidationData/MICCAI_BraTS2020_ValidationData/validation_dataset.yaml --evaluation-manifest /Users/bhanugarg/Desktop/localized-medical-image-synthesis/downstream_evaluation/manifests/br_lora_library_design_10000/batches/batch_0016_external_evaluation_manifest.csv --posterior-samples 100 --seed 42 --output-dir /Users/bhanugarg/archive/br_lora_library_staging/batch_0016 --device mps


==============================================================================
LOCAL PRODUCTION AUDIT: PASS
==============================================================================
Cases audited            : 250
Problems                 : 0
Files checksummed        : 1501
Production audit         : /Users/bhanugarg/archive/br_lora_library_staging/br_lora_batch_0016_production_audit.json
Mac checksum inventory   : /Users/bhanugarg/archive/br_lora_library_staging/br_lora_batch_0016_mac_sha256.txt

==============================================================================
READY FOR FALCON TRANSFER
==============================================================================

No Falcon state was modified.
No local production data was deleted.
Transfer starting: 1752 files
created directory /scratch/bhanug/br_lora_library/batches/batch_0016
./
evaluation_summary.json
            856 100%    2.81MB/s   00:00:00 (xfer#1, to-check=1/1752)
synthetic_003751/
synthetic_003751/composite_mean.pt
         232026 100%   59.75MB/s   00:00:00 (xfer#2, to-check=3/1752)
synthetic_003751/metadata.json
           1798 100%    4.79MB/s   00:00:00 (xfer#3, to-check=4/1752)
synthetic_003751/posterior_mean.pt
         232026 100%   86.75MB/s   00:00:00 (xfer#4, to-check=5/1752)
synthetic_003751/posterior_samples.pt
        6946816  28%   11.14MB/s   00:00:01       11763712  48%    9.16MB/s   00:00:01       18251776  74%   10.93MB/s   00:00:00       24657317 100%   10.74MB/s   00:00:02 (xfer#5, to-check=6/1752)
synthetic_003751/posterior_std.pt
         232019 100%  253.43MB/s   00:00:00 (xfer#6, to-check=7/1752)
synthetic_003751/posterior_variance.pt
         232054 100%  332.81MB/s   00:00:00 (xfer#7, to-check=8/1752)
synthetic_003752/
synthetic_003752/composite_mean.pt
         232026 100%   30.03MB/s   00:00:00 (xfer#8, to-check=10/1752)
synthetic_003752/metadata.json
           1799 100%   31.70MB/s   00:00:00 (xfer#9, to-check=11/1752)
synthetic_003752/posterior_mean.pt
         232026 100%   10.58MB/s   00:00:00 (xfer#10, to-check=12/1752)
synthetic_003752/posterior_samples.pt
        5668864  23%   10.12MB/s   00:00:01       12091392  49%   12.17MB/s   00:00:00       18776064  76%   12.57MB/s   00:00:00       24657317 100%   11.46MB/s   00:00:02 (xfer#11, to-check=13/1752)
synthetic_003752/posterior_std.pt
         232019 100%  262.46MB/s   00:00:00 (xfer#12, to-check=14/1752)
synthetic_003752/posterior_variance.pt
         232054 100%  289.71MB/s   00:00:00 (xfer#13, to-check=15/1752)
synthetic_003753/
synthetic_003753/composite_mean.pt
         232026 100%  301.14MB/s   00:00:00 (xfer#14, to-check=17/1752)
synthetic_003753/metadata.json
           1800 100%   35.82MB/s   00:00:00 (xfer#15, to-check=18/1752)
synthetic_003753/posterior_mean.pt
         232026 100%   33.40MB/s   00:00:00 (xfer#16, to-check=19/1752)
synthetic_003753/posterior_samples.pt
        6881280  28%   12.83MB/s   00:00:01       13697024  56%   12.96MB/s   00:00:00       19726336  80%   10.87MB/s   00:00:00       24657317 100%   12.30MB/s   00:00:01 (xfer#17, to-check=20/1752)
synthetic_003753/posterior_std.pt
         232019 100%  247.55MB/s   00:00:00 (xfer#18, to-check=21/1752)
synthetic_003753/posterior_variance.pt
         232054 100%  299.52MB/s   00:00:00 (xfer#19, to-check=22/1752)
synthetic_003754/
synthetic_003754/composite_mean.pt
         232026 100%  285.48MB/s   00:00:00 (xfer#20, to-check=24/1752)
synthetic_003754/metadata.json
           1799 100%   34.27MB/s   00:00:00 (xfer#21, to-check=25/1752)
synthetic_003754/posterior_mean.pt
         232026 100%    8.27MB/s   00:00:00 (xfer#22, to-check=26/1752)
synthetic_003754/posterior_samples.pt
        6684672  27%   12.51MB/s   00:00:01       13500416  55%   12.78MB/s   00:00:00       20054016  81%   12.47MB/s   00:00:00       24657317 100%   12.30MB/s   00:00:01 (xfer#23, to-check=27/1752)
synthetic_003754/posterior_std.pt
         232019 100%  261.58MB/s   00:00:00 (xfer#24, to-check=28/1752)
synthetic_003754/posterior_variance.pt
         232054 100%  337.90MB/s   00:00:00 (xfer#25, to-check=29/1752)
synthetic_003755/
synthetic_003755/composite_mean.pt
         232026 100%   26.40MB/s   00:00:00 (xfer#26, to-check=31/1752)
synthetic_003755/metadata.json
           1800 100%   24.49MB/s   00:00:00 (xfer#27, to-check=32/1752)
synthetic_003755/posterior_mean.pt
         232026 100%    8.81MB/s   00:00:00 (xfer#28, to-check=33/1752)
synthetic_003755/posterior_samples.pt
        6553600  27%   12.50MB/s   00:00:01       12812288  52%   11.56MB/s   00:00:00       19890176  81%   13.28MB/s   00:00:00       24657317 100%   12.08MB/s   00:00:01 (xfer#29, to-check=34/1752)
synthetic_003755/posterior_std.pt
         232019 100%  256.73MB/s   00:00:00 (xfer#30, to-check=35/1752)
synthetic_003755/posterior_variance.pt
         232054 100%  249.19MB/s   00:00:00 (xfer#31, to-check=36/1752)
synthetic_003756/
synthetic_003756/composite_mean.pt
         232026 100%   32.16MB/s   00:00:00 (xfer#32, to-check=38/1752)
synthetic_003756/metadata.json
           1800 100%   30.64MB/s   00:00:00 (xfer#33, to-check=39/1752)
synthetic_003756/posterior_mean.pt
         232026 100%    9.07MB/s   00:00:00 (xfer#34, to-check=40/1752)
synthetic_003756/posterior_samples.pt
        6684672  27%   12.65MB/s   00:00:01       13369344  54%   12.62MB/s   00:00:00       19922944  81%   12.46MB/s   00:00:00       24657317 100%   12.34MB/s   00:00:01 (xfer#35, to-check=41/1752)
synthetic_003756/posterior_std.pt
         232019 100%  259.75MB/s   00:00:00 (xfer#36, to-check=42/1752)
synthetic_003756/posterior_variance.pt
         232054 100%   48.16MB/s   00:00:00 (xfer#37, to-check=43/1752)
synthetic_003757/
synthetic_003757/composite_mean.pt
         232026 100%   30.75MB/s   00:00:00 (xfer#38, to-check=45/1752)
synthetic_003757/metadata.json
           1800 100%   25.62MB/s   00:00:00 (xfer#39, to-check=46/1752)
synthetic_003757/posterior_mean.pt
         232026 100%   11.19MB/s   00:00:00 (xfer#40, to-check=47/1752)
synthetic_003757/posterior_samples.pt
        5865472  24%   10.64MB/s   00:00:01       10027008  41%    7.89MB/s   00:00:01       15007744  61%    9.35MB/s   00:00:00       19202048  78%    7.86MB/s   00:00:00       24182784  98%    9.27MB/s   00:00:00       24657317 100%    8.97MB/s   00:00:02 (xfer#41, to-check=48/1752)
synthetic_003757/posterior_std.pt
         232019 100%  254.34MB/s   00:00:00 (xfer#42, to-check=49/1752)
synthetic_003757/posterior_variance.pt
         232054 100%    3.92MB/s   00:00:00 (xfer#43, to-check=50/1752)
synthetic_003758/
synthetic_003758/composite_mean.pt
         232026 100%   21.84MB/s   00:00:00 (xfer#44, to-check=52/1752)
synthetic_003758/metadata.json
           1800 100%   22.57MB/s   00:00:00 (xfer#45, to-check=53/1752)
synthetic_003758/posterior_mean.pt
         232026 100%    5.74MB/s   00:00:00 (xfer#46, to-check=54/1752)
synthetic_003758/posterior_samples.pt
        4882432  20%    9.19MB/s   00:00:02        9994240  41%    9.49MB/s   00:00:01       15106048  61%    9.71MB/s   00:00:00       19038208  77%    7.36MB/s   00:00:00       22446080  91%    6.43MB/s   00:00:00       24657317 100%    8.27MB/s   00:00:02 (xfer#47, to-check=55/1752)
synthetic_003758/posterior_std.pt
         232019 100%  249.21MB/s   00:00:00 (xfer#48, to-check=56/1752)
synthetic_003758/posterior_variance.pt
         232054 100%  156.74MB/s   00:00:00 (xfer#49, to-check=57/1752)
synthetic_003759/
synthetic_003759/composite_mean.pt
         232026 100%    6.20MB/s   00:00:00 (xfer#50, to-check=59/1752)
synthetic_003759/metadata.json
           1797 100%   24.87MB/s   00:00:00 (xfer#51, to-check=60/1752)
synthetic_003759/posterior_mean.pt
         232026 100%    4.21MB/s   00:00:00 (xfer#52, to-check=61/1752)
synthetic_003759/posterior_samples.pt
        4587520  19%    8.53MB/s   00:00:02        8519680  35%    7.48MB/s   00:00:02       12451840  50%    7.29MB/s   00:00:01       17039360  69%    8.68MB/s   00:00:00       21233664  86%    7.99MB/s   00:00:00       24657317 100%    8.00MB/s   00:00:02 (xfer#53, to-check=62/1752)
synthetic_003759/posterior_std.pt
         232019 100%  136.42MB/s   00:00:00 (xfer#54, to-check=63/1752)
synthetic_003759/posterior_variance.pt
         232054 100%  303.14MB/s   00:00:00 (xfer#55, to-check=64/1752)
synthetic_003760/
synthetic_003760/composite_mean.pt
         232026 100%    4.95MB/s   00:00:00 (xfer#56, to-check=66/1752)
synthetic_003760/metadata.json
           1799 100%   29.61MB/s   00:00:00 (xfer#57, to-check=67/1752)
synthetic_003760/posterior_mean.pt
         232026 100%   40.77MB/s   00:00:00 (xfer#58, to-check=68/1752)
synthetic_003760/posterior_samples.pt
        3866624  16%    7.07MB/s   00:00:02        8716288  35%    9.21MB/s   00:00:01       13434880  54%    8.84MB/s   00:00:01       18284544  74%    8.81MB/s   00:00:00       23134208  94%    9.20MB/s   00:00:00       24657317 100%    8.58MB/s   00:00:02 (xfer#59, to-check=69/1752)
synthetic_003760/posterior_std.pt
         232019 100%  257.30MB/s   00:00:00 (xfer#60, to-check=70/1752)
synthetic_003760/posterior_variance.pt
         232054 100%  108.06MB/s   00:00:00 (xfer#61, to-check=71/1752)
synthetic_003761/
synthetic_003761/composite_mean.pt
         232026 100%    4.67MB/s   00:00:00 (xfer#62, to-check=73/1752)
synthetic_003761/metadata.json
           1797 100%   23.49MB/s   00:00:00 (xfer#63, to-check=74/1752)
synthetic_003761/posterior_mean.pt
         232026 100%   16.50MB/s   00:00:00 (xfer#64, to-check=75/1752)
synthetic_003761/posterior_samples.pt
        5079040  21%    9.58MB/s   00:00:01       10584064  43%   10.02MB/s   00:00:01       16089088  65%   10.01MB/s   00:00:00       21987328  89%   11.13MB/s   00:00:00       24657317 100%   10.16MB/s   00:00:02 (xfer#65, to-check=76/1752)
synthetic_003761/posterior_std.pt
         232019 100%  266.92MB/s   00:00:00 (xfer#66, to-check=77/1752)
synthetic_003761/posterior_variance.pt
         232054 100%   30.52MB/s   00:00:00 (xfer#67, to-check=78/1752)
synthetic_003762/
synthetic_003762/composite_mean.pt
         232026 100%   14.29MB/s   00:00:00 (xfer#68, to-check=80/1752)
synthetic_003762/metadata.json
           1798 100%  148.10KB/s   00:00:00 (xfer#69, to-check=81/1752)
synthetic_003762/posterior_mean.pt
         232026 100%   77.29MB/s   00:00:00 (xfer#70, to-check=82/1752)
synthetic_003762/posterior_samples.pt
        5275648  21%   10.00MB/s   00:00:01       11567104  47%   11.51MB/s   00:00:01       17858560  72%   11.81MB/s   00:00:00       23396352  95%    9.90MB/s   00:00:00       24657317 100%   10.36MB/s   00:00:02 (xfer#71, to-check=83/1752)
synthetic_003762/posterior_std.pt
         232019 100%  231.67MB/s   00:00:00 (xfer#72, to-check=84/1752)
synthetic_003762/posterior_variance.pt
         232054 100%   65.03MB/s   00:00:00 (xfer#73, to-check=85/1752)
synthetic_003763/
synthetic_003763/composite_mean.pt
         232026 100%   21.42MB/s   00:00:00 (xfer#74, to-check=87/1752)
synthetic_003763/metadata.json
           1796 100%   26.32MB/s   00:00:00 (xfer#75, to-check=88/1752)
synthetic_003763/posterior_mean.pt
         232026 100%    7.82MB/s   00:00:00 (xfer#76, to-check=89/1752)
synthetic_003763/posterior_samples.pt
        4947968  20%    9.30MB/s   00:00:02        9404416  38%    8.16MB/s   00:00:01       15171584  62%   10.78MB/s   00:00:00       21069824  85%   11.06MB/s   00:00:00       24657317 100%    9.99MB/s   00:00:02 (xfer#77, to-check=90/1752)
synthetic_003763/posterior_std.pt
         232019 100%  213.55MB/s   00:00:00 (xfer#78, to-check=91/1752)
synthetic_003763/posterior_variance.pt
         232054 100%  238.00MB/s   00:00:00 (xfer#79, to-check=92/1752)
synthetic_003764/
synthetic_003764/composite_mean.pt
         232026 100%   30.55MB/s   00:00:00 (xfer#80, to-check=94/1752)
synthetic_003764/metadata.json
           1798 100%   30.09MB/s   00:00:00 (xfer#81, to-check=95/1752)
synthetic_003764/posterior_mean.pt
         232026 100%    8.87MB/s   00:00:00 (xfer#82, to-check=96/1752)
synthetic_003764/posterior_samples.pt
        5832704  24%   11.08MB/s   00:00:01       11862016  48%   11.23MB/s   00:00:01       18415616  75%   12.24MB/s   00:00:00       24657317 100%   11.44MB/s   00:00:02 (xfer#83, to-check=97/1752)
synthetic_003764/posterior_std.pt
         232019 100%  263.13MB/s   00:00:00 (xfer#84, to-check=98/1752)
synthetic_003764/posterior_variance.pt
         232054 100%  169.48MB/s   00:00:00 (xfer#85, to-check=99/1752)
synthetic_003765/
synthetic_003765/composite_mean.pt
         232026 100%   12.08MB/s   00:00:00 (xfer#86, to-check=101/1752)
synthetic_003765/metadata.json
           1798 100%   25.96MB/s   00:00:00 (xfer#87, to-check=102/1752)
synthetic_003765/posterior_mean.pt
         232026 100%    7.17MB/s   00:00:00 (xfer#88, to-check=103/1752)
synthetic_003765/posterior_samples.pt
        6586368  27%   12.34MB/s   00:00:01       13795328  56%   13.62MB/s   00:00:00       20480000  83%   12.44MB/s   00:00:00       24657317 100%   12.39MB/s   00:00:01 (xfer#89, to-check=104/1752)
synthetic_003765/posterior_std.pt
         232019 100%  263.73MB/s   00:00:00 (xfer#90, to-check=105/1752)
synthetic_003765/posterior_variance.pt
         232054 100%  318.43MB/s   00:00:00 (xfer#91, to-check=106/1752)
synthetic_003766/
synthetic_003766/composite_mean.pt
         232026 100%    8.02MB/s   00:00:00 (xfer#92, to-check=108/1752)
synthetic_003766/metadata.json
           1798 100%   25.15MB/s   00:00:00 (xfer#93, to-check=109/1752)
synthetic_003766/posterior_mean.pt
         232026 100%   15.06MB/s   00:00:00 (xfer#94, to-check=110/1752)
synthetic_003766/posterior_samples.pt
        5570560  23%   10.29MB/s   00:00:01       11698176  47%   11.42MB/s   00:00:01       18251776  74%   12.49MB/s   00:00:00       24657317 100%   11.64MB/s   00:00:02 (xfer#95, to-check=111/1752)
synthetic_003766/posterior_std.pt
         232019 100%  259.09MB/s   00:00:00 (xfer#96, to-check=112/1752)
synthetic_003766/posterior_variance.pt
         232054 100%  319.74MB/s   00:00:00 (xfer#97, to-check=113/1752)
synthetic_003767/
synthetic_003767/composite_mean.pt
         232026 100%    8.97MB/s   00:00:00 (xfer#98, to-check=115/1752)
synthetic_003767/metadata.json
           1796 100%   22.52MB/s   00:00:00 (xfer#99, to-check=116/1752)
synthetic_003767/posterior_mean.pt
         232026 100%   17.53MB/s   00:00:00 (xfer#100, to-check=117/1752)
synthetic_003767/posterior_samples.pt
        6520832  26%   12.44MB/s   00:00:01       12976128  53%   12.31MB/s   00:00:00       19693568  80%   12.07MB/s   00:00:00       24657317 100%   12.25MB/s   00:00:01 (xfer#101, to-check=118/1752)
synthetic_003767/posterior_std.pt
         232019 100%  209.36MB/s   00:00:00 (xfer#102, to-check=119/1752)
synthetic_003767/posterior_variance.pt
         232054 100%  305.23MB/s   00:00:00 (xfer#103, to-check=120/1752)
synthetic_003768/
synthetic_003768/composite_mean.pt
         232026 100%   29.97MB/s   00:00:00 (xfer#104, to-check=122/1752)
synthetic_003768/metadata.json
           1798 100%   27.24MB/s   00:00:00 (xfer#105, to-check=123/1752)
synthetic_003768/posterior_mean.pt
         232026 100%   11.57MB/s   00:00:00 (xfer#106, to-check=124/1752)
synthetic_003768/posterior_samples.pt
        6651904  27%   12.65MB/s   00:00:01       13205504  54%   11.98MB/s   00:00:00       20021248  81%   12.99MB/s   00:00:00       24657317 100%   12.23MB/s   00:00:01 (xfer#107, to-check=125/1752)
synthetic_003768/posterior_std.pt
         232019 100%  244.23MB/s   00:00:00 (xfer#108, to-check=126/1752)
synthetic_003768/posterior_variance.pt
         232054 100%  304.43MB/s   00:00:00 (xfer#109, to-check=127/1752)
synthetic_003769/
synthetic_003769/composite_mean.pt
         232026 100%    8.98MB/s   00:00:00 (xfer#110, to-check=129/1752)
synthetic_003769/metadata.json
           1798 100%   27.14MB/s   00:00:00 (xfer#111, to-check=130/1752)
synthetic_003769/posterior_mean.pt
         232026 100%   19.67MB/s   00:00:00 (xfer#112, to-check=131/1752)
synthetic_003769/posterior_samples.pt
        6881280  28%   12.72MB/s   00:00:01       13697024  56%   12.72MB/s   00:00:00       20381696  83%   12.49MB/s   00:00:00       24657317 100%   12.35MB/s   00:00:01 (xfer#113, to-check=132/1752)
synthetic_003769/posterior_std.pt
         232019 100%  303.49MB/s   00:00:00 (xfer#114, to-check=133/1752)
synthetic_003769/posterior_variance.pt
         232054 100%  281.53MB/s   00:00:00 (xfer#115, to-check=134/1752)
synthetic_003770/
synthetic_003770/composite_mean.pt
         232026 100%   21.83MB/s   00:00:00 (xfer#116, to-check=136/1752)
synthetic_003770/metadata.json
           1798 100%   22.62MB/s   00:00:00 (xfer#117, to-check=137/1752)
synthetic_003770/posterior_mean.pt
         232026 100%   11.10MB/s   00:00:00 (xfer#118, to-check=138/1752)
synthetic_003770/posterior_samples.pt
        6651904  27%   12.64MB/s   00:00:01       13336576  54%   12.65MB/s   00:00:00       20021248  81%   12.47MB/s   00:00:00       24657317 100%   12.36MB/s   00:00:01 (xfer#119, to-check=139/1752)
synthetic_003770/posterior_std.pt
         232019 100%  242.63MB/s   00:00:00 (xfer#120, to-check=140/1752)
synthetic_003770/posterior_variance.pt
         232054 100%  317.88MB/s   00:00:00 (xfer#121, to-check=141/1752)
synthetic_003771/
synthetic_003771/composite_mean.pt
         232026 100%   11.36MB/s   00:00:00 (xfer#122, to-check=143/1752)
synthetic_003771/metadata.json
           1797 100%   26.82MB/s   00:00:00 (xfer#123, to-check=144/1752)
synthetic_003771/posterior_mean.pt
         232026 100%   20.46MB/s   00:00:00 (xfer#124, to-check=145/1752)
synthetic_003771/posterior_samples.pt
        6488064  26%   12.33MB/s   00:00:01       13041664  53%   12.36MB/s   00:00:00       19759104  80%   12.81MB/s   00:00:00       24657317 100%   11.80MB/s   00:00:01 (xfer#125, to-check=146/1752)
synthetic_003771/posterior_std.pt
         232019 100%  261.87MB/s   00:00:00 (xfer#126, to-check=147/1752)
synthetic_003771/posterior_variance.pt
         232054 100%  319.30MB/s   00:00:00 (xfer#127, to-check=148/1752)
synthetic_003772/
synthetic_003772/composite_mean.pt
         232026 100%  326.91MB/s   00:00:00 (xfer#128, to-check=150/1752)
synthetic_003772/metadata.json
           1798 100%   27.66MB/s   00:00:00 (xfer#129, to-check=151/1752)
synthetic_003772/posterior_mean.pt
         232026 100%   21.81MB/s   00:00:00 (xfer#130, to-check=152/1752)
synthetic_003772/posterior_samples.pt
        6914048  28%   12.98MB/s   00:00:01       11927552  48%    9.48MB/s   00:00:01       19005440  77%   13.44MB/s   00:00:00       24657317 100%   11.75MB/s   00:00:02 (xfer#131, to-check=153/1752)
synthetic_003772/posterior_std.pt
         232019 100%  254.90MB/s   00:00:00 (xfer#132, to-check=154/1752)
synthetic_003772/posterior_variance.pt
         232054 100%   28.57MB/s   00:00:00 (xfer#133, to-check=155/1752)
synthetic_003773/
synthetic_003773/composite_mean.pt
         232026 100%    4.46MB/s   00:00:00 (xfer#134, to-check=157/1752)
synthetic_003773/metadata.json
           1797 100%   19.48MB/s   00:00:00 (xfer#135, to-check=158/1752)
synthetic_003773/posterior_mean.pt
         232026 100%    4.96MB/s   00:00:00 (xfer#136, to-check=159/1752)
synthetic_003773/posterior_samples.pt
        6094848  25%   11.62MB/s   00:00:01       13008896  53%   13.00MB/s   00:00:00       19955712  81%   12.54MB/s   00:00:00       24657317 100%   11.87MB/s   00:00:01 (xfer#137, to-check=160/1752)
synthetic_003773/posterior_std.pt
         232019 100%  244.23MB/s   00:00:00 (xfer#138, to-check=161/1752)
synthetic_003773/posterior_variance.pt
         232054 100%  325.01MB/s   00:00:00 (xfer#139, to-check=162/1752)
synthetic_003774/
synthetic_003774/composite_mean.pt
         232026 100%    9.65MB/s   00:00:00 (xfer#140, to-check=164/1752)
synthetic_003774/metadata.json
           1798 100%   28.09MB/s   00:00:00 (xfer#141, to-check=165/1752)
synthetic_003774/posterior_mean.pt
         232026 100%   20.13MB/s   00:00:00 (xfer#142, to-check=166/1752)
synthetic_003774/posterior_samples.pt
        6324224  26%   11.84MB/s   00:00:01       13402112  54%   13.48MB/s   00:00:00       19824640  80%   12.08MB/s   00:00:00       24657317 100%   12.31MB/s   00:00:01 (xfer#143, to-check=167/1752)
synthetic_003774/posterior_std.pt
         232019 100%  283.73MB/s   00:00:00 (xfer#144, to-check=168/1752)
synthetic_003774/posterior_variance.pt
         232054 100%  315.72MB/s   00:00:00 (xfer#145, to-check=169/1752)
synthetic_003775/
synthetic_003775/composite_mean.pt
         232026 100%   27.51MB/s   00:00:00 (xfer#146, to-check=171/1752)
synthetic_003775/metadata.json
           1799 100%   17.13MB/s   00:00:00 (xfer#147, to-check=172/1752)
synthetic_003775/posterior_mean.pt
         232026 100%   11.00MB/s   00:00:00 (xfer#148, to-check=173/1752)
synthetic_003775/posterior_samples.pt
        5603328  23%   10.30MB/s   00:00:01       12288000  50%   12.72MB/s   00:00:00       17367040  70%    9.62MB/s   00:00:00       22085632  90%    8.69MB/s   00:00:00       24657317 100%   10.18MB/s   00:00:02 (xfer#149, to-check=174/1752)
synthetic_003775/posterior_std.pt
         232019 100%  121.19MB/s   00:00:00 (xfer#150, to-check=175/1752)
synthetic_003775/posterior_variance.pt
         232054 100%  155.43MB/s   00:00:00 (xfer#151, to-check=176/1752)
synthetic_003776/
synthetic_003776/composite_mean.pt
         232026 100%  162.11MB/s   00:00:00 (xfer#152, to-check=178/1752)
synthetic_003776/metadata.json
           1798 100%    7.55MB/s   00:00:00 (xfer#153, to-check=179/1752)
synthetic_003776/posterior_mean.pt
         232026 100%    7.12MB/s   00:00:00 (xfer#154, to-check=180/1752)
synthetic_003776/posterior_samples.pt
        4882432  20%    9.29MB/s   00:00:02       10059776  41%    9.24MB/s   00:00:01       11960320  49%    3.60MB/s   00:00:03       13860864  56%    3.54MB/s   00:00:02       15826944  64%    3.66MB/s   00:00:02       18055168  73%    4.17MB/s   00:00:01       20152320  82%    3.95MB/s   00:00:01       22511616  91%    4.19MB/s   00:00:00       24657317 100%    5.12MB/s   00:00:04 (xfer#155, to-check=181/1752)
synthetic_003776/posterior_std.pt
         232019 100%   12.70MB/s   00:00:00 (xfer#156, to-check=182/1752)
synthetic_003776/posterior_variance.pt
         232054 100%    4.74MB/s   00:00:00 (xfer#157, to-check=183/1752)
synthetic_003777/
synthetic_003777/composite_mean.pt
         232026 100%    4.53MB/s   00:00:00 (xfer#158, to-check=185/1752)
synthetic_003777/metadata.json
           1799 100%    2.86MB/s   00:00:00 (xfer#159, to-check=186/1752)
synthetic_003777/posterior_mean.pt
         232026 100%    9.00MB/s   00:00:00 (xfer#160, to-check=187/1752)
synthetic_003777/posterior_samples.pt
        2359296  10%    4.45MB/s   00:00:04        5242880  21%    5.15MB/s   00:00:03        7995392  32%    5.24MB/s   00:00:03       11272192  46%    5.59MB/s   00:00:02       14417920  58%    5.50MB/s   00:00:01       17825792  72%    6.47MB/s   00:00:01       21495808  87%    6.83MB/s   00:00:00       24510464  99%    5.69MB/s   00:00:00       24657317 100%    5.59MB/s   00:00:04 (xfer#161, to-check=188/1752)
synthetic_003777/posterior_std.pt
         232019 100%   36.18MB/s   00:00:00 (xfer#162, to-check=189/1752)
synthetic_003777/posterior_variance.pt
         232054 100%    5.89MB/s   00:00:00 (xfer#163, to-check=190/1752)
synthetic_003778/
synthetic_003778/composite_mean.pt
         232026 100%   64.30MB/s   00:00:00 (xfer#164, to-check=192/1752)
synthetic_003778/metadata.json
           1797 100%    7.65MB/s   00:00:00 (xfer#165, to-check=193/1752)
synthetic_003778/posterior_mean.pt
         232026 100%    5.20MB/s   00:00:00 (xfer#166, to-check=194/1752)
synthetic_003778/posterior_samples.pt
        3702784  15%    7.06MB/s   00:00:02        7995392  32%    7.92MB/s   00:00:02       12189696  49%    7.85MB/s   00:00:01       16121856  65%    7.45MB/s   00:00:01       20447232  83%    8.18MB/s   00:00:00       24657317 100%    7.72MB/s   00:00:03 (xfer#167, to-check=195/1752)
synthetic_003778/posterior_std.pt
         232019 100%  171.52MB/s   00:00:00 (xfer#168, to-check=196/1752)
synthetic_003778/posterior_variance.pt
         232054 100%  154.01MB/s   00:00:00 (xfer#169, to-check=197/1752)
synthetic_003779/
synthetic_003779/composite_mean.pt
         232026 100%   22.68MB/s   00:00:00 (xfer#170, to-check=199/1752)
synthetic_003779/metadata.json
           1797 100%    8.87MB/s   00:00:00 (xfer#171, to-check=200/1752)
synthetic_003779/posterior_mean.pt
         232026 100%    6.94MB/s   00:00:00 (xfer#172, to-check=201/1752)
synthetic_003779/posterior_samples.pt
        4849664  20%    8.94MB/s   00:00:02        9732096  39%    9.31MB/s   00:00:01       14417920  58%    8.92MB/s   00:00:01       19660800  80%    9.83MB/s   00:00:00       24657317 100%    9.20MB/s   00:00:02 (xfer#173, to-check=202/1752)
synthetic_003779/posterior_std.pt
         232019 100%  175.61MB/s   00:00:00 (xfer#174, to-check=203/1752)
synthetic_003779/posterior_variance.pt
         232054 100%  167.91MB/s   00:00:00 (xfer#175, to-check=204/1752)
synthetic_003780/
synthetic_003780/composite_mean.pt
         232026 100%   30.33MB/s   00:00:00 (xfer#176, to-check=206/1752)
synthetic_003780/metadata.json
           1799 100%    9.27MB/s   00:00:00 (xfer#177, to-check=207/1752)
synthetic_003780/posterior_mean.pt
         232026 100%   16.40MB/s   00:00:00 (xfer#178, to-check=208/1752)
synthetic_003780/posterior_samples.pt
        5996544  24%   10.81MB/s   00:00:01       13336576  54%   13.68MB/s   00:00:00       19628032  80%   11.94MB/s   00:00:00       24657317 100%   11.98MB/s   00:00:01 (xfer#179, to-check=209/1752)
synthetic_003780/posterior_std.pt
         232019 100%  141.56MB/s   00:00:00 (xfer#180, to-check=210/1752)
synthetic_003780/posterior_variance.pt
         232054 100%    8.78MB/s   00:00:00 (xfer#181, to-check=211/1752)
synthetic_003781/
synthetic_003781/composite_mean.pt
         232026 100%   17.86MB/s   00:00:00 (xfer#182, to-check=213/1752)
synthetic_003781/metadata.json
           1798 100%    6.92MB/s   00:00:00 (xfer#183, to-check=214/1752)
synthetic_003781/posterior_mean.pt
         232026 100%  176.88MB/s   00:00:00 (xfer#184, to-check=215/1752)
synthetic_003781/posterior_samples.pt
        7110656  29%   13.52MB/s   00:00:01       13664256  55%   12.49MB/s   00:00:00       20217856  82%   12.28MB/s   00:00:00       24657317 100%   12.55MB/s   00:00:01 (xfer#185, to-check=216/1752)
synthetic_003781/posterior_std.pt
         232019 100%  120.65MB/s   00:00:00 (xfer#186, to-check=217/1752)
synthetic_003781/posterior_variance.pt
         232054 100%  226.73MB/s   00:00:00 (xfer#187, to-check=218/1752)
synthetic_003782/
synthetic_003782/composite_mean.pt
         232026 100%   19.92MB/s   00:00:00 (xfer#188, to-check=220/1752)
synthetic_003782/metadata.json
           1797 100%    8.53MB/s   00:00:00 (xfer#189, to-check=221/1752)
synthetic_003782/posterior_mean.pt
         232026 100%   12.60MB/s   00:00:00 (xfer#190, to-check=222/1752)
synthetic_003782/posterior_samples.pt
        4096000  17%    7.81MB/s   00:00:02       11108352  45%   13.12MB/s   00:00:00       16613376  67%   10.04MB/s   00:00:00       22249472  90%    9.86MB/s   00:00:00       24657317 100%   10.39MB/s   00:00:02 (xfer#191, to-check=223/1752)
synthetic_003782/posterior_std.pt
         232019 100%  135.09MB/s   00:00:00 (xfer#192, to-check=224/1752)
synthetic_003782/posterior_variance.pt
         232054 100%  165.40MB/s   00:00:00 (xfer#193, to-check=225/1752)
synthetic_003783/
synthetic_003783/composite_mean.pt
         232026 100%   48.33MB/s   00:00:00 (xfer#194, to-check=227/1752)
synthetic_003783/metadata.json
           1798 100%    7.76MB/s   00:00:00 (xfer#195, to-check=228/1752)
synthetic_003783/posterior_mean.pt
         232026 100%   14.55MB/s   00:00:00 (xfer#196, to-check=229/1752)
synthetic_003783/posterior_samples.pt
        6750208  27%   12.69MB/s   00:00:01       12517376  51%   10.81MB/s   00:00:01       19496960  79%   13.31MB/s   00:00:00       24657317 100%   12.12MB/s   00:00:01 (xfer#197, to-check=230/1752)
synthetic_003783/posterior_std.pt
         232019 100%  127.17MB/s   00:00:00 (xfer#198, to-check=231/1752)
synthetic_003783/posterior_variance.pt
         232054 100%  182.90MB/s   00:00:00 (xfer#199, to-check=232/1752)
synthetic_003784/
synthetic_003784/composite_mean.pt
         232026 100%   11.04MB/s   00:00:00 (xfer#200, to-check=234/1752)
synthetic_003784/metadata.json
           1798 100%    7.68MB/s   00:00:00 (xfer#201, to-check=235/1752)
synthetic_003784/posterior_mean.pt
         232026 100%   13.03MB/s   00:00:00 (xfer#202, to-check=236/1752)
synthetic_003784/posterior_samples.pt
        6684672  27%   12.58MB/s   00:00:01       13369344  54%   12.51MB/s   00:00:00       20054016  81%   12.64MB/s   00:00:00       24657317 100%   11.47MB/s   00:00:02 (xfer#203, to-check=237/1752)
synthetic_003784/posterior_std.pt
         232019 100%  139.71MB/s   00:00:00 (xfer#204, to-check=238/1752)
synthetic_003784/posterior_variance.pt
         232054 100%    6.83MB/s   00:00:00 (xfer#205, to-check=239/1752)
synthetic_003785/
synthetic_003785/composite_mean.pt
         232026 100%   18.10MB/s   00:00:00 (xfer#206, to-check=241/1752)
synthetic_003785/metadata.json
           1797 100%    8.70MB/s   00:00:00 (xfer#207, to-check=242/1752)
synthetic_003785/posterior_mean.pt
         232026 100%  185.96MB/s   00:00:00 (xfer#208, to-check=243/1752)
synthetic_003785/posterior_samples.pt
        4194304  17%    7.68MB/s   00:00:02        9273344  38%    9.58MB/s   00:00:01       13860864  56%    8.46MB/s   00:00:01       18841600  76%    9.27MB/s   00:00:00       23560192  96%    8.89MB/s   00:00:00       24657317 100%    8.75MB/s   00:00:02 (xfer#209, to-check=244/1752)
synthetic_003785/posterior_std.pt
         232019 100%  145.67MB/s   00:00:00 (xfer#210, to-check=245/1752)
synthetic_003785/posterior_variance.pt
         232054 100%  192.78MB/s   00:00:00 (xfer#211, to-check=246/1752)
synthetic_003786/
synthetic_003786/composite_mean.pt
         232026 100%   14.77MB/s   00:00:00 (xfer#212, to-check=248/1752)
synthetic_003786/metadata.json
           1798 100%    8.45MB/s   00:00:00 (xfer#213, to-check=249/1752)
synthetic_003786/posterior_mean.pt
         232026 100%    7.59MB/s   00:00:00 (xfer#214, to-check=250/1752)
synthetic_003786/posterior_samples.pt
        5373952  22%    9.93MB/s   00:00:01       10485760  43%    9.70MB/s   00:00:01       15597568  63%    9.46MB/s   00:00:00       21626880  88%   11.42MB/s   00:00:00       24657317 100%   10.13MB/s   00:00:02 (xfer#215, to-check=251/1752)
synthetic_003786/posterior_std.pt
         232019 100%  155.17MB/s   00:00:00 (xfer#216, to-check=252/1752)
synthetic_003786/posterior_variance.pt
         232054 100%    6.24MB/s   00:00:00 (xfer#217, to-check=253/1752)
synthetic_003787/
synthetic_003787/composite_mean.pt
         232026 100%   41.29MB/s   00:00:00 (xfer#218, to-check=255/1752)
synthetic_003787/metadata.json
           1798 100%    7.69MB/s   00:00:00 (xfer#219, to-check=256/1752)
synthetic_003787/posterior_mean.pt
         232026 100%   39.28MB/s   00:00:00 (xfer#220, to-check=257/1752)
synthetic_003787/posterior_samples.pt
        5570560  23%   10.03MB/s   00:00:01       11206656  45%   10.01MB/s   00:00:01       16973824  69%   10.59MB/s   00:00:00       22609920  92%   10.41MB/s   00:00:00       24657317 100%    9.98MB/s   00:00:02 (xfer#221, to-check=258/1752)
synthetic_003787/posterior_std.pt
         232019 100%  140.94MB/s   00:00:00 (xfer#222, to-check=259/1752)
synthetic_003787/posterior_variance.pt
         232054 100%   12.59MB/s   00:00:00 (xfer#223, to-check=260/1752)
synthetic_003788/
synthetic_003788/composite_mean.pt
         232026 100%   14.44MB/s   00:00:00 (xfer#224, to-check=262/1752)
synthetic_003788/metadata.json
           1797 100%    7.83MB/s   00:00:00 (xfer#225, to-check=263/1752)
synthetic_003788/posterior_mean.pt
         232026 100%    7.38MB/s   00:00:00 (xfer#226, to-check=264/1752)
synthetic_003788/posterior_samples.pt
        5898240  24%   11.09MB/s   00:00:01       11272192  46%   10.18MB/s   00:00:01       17301504  70%   11.43MB/s   00:00:00       22806528  92%   10.39MB/s   00:00:00       24657317 100%   10.63MB/s   00:00:02 (xfer#227, to-check=265/1752)
synthetic_003788/posterior_std.pt
         232019 100%  144.22MB/s   00:00:00 (xfer#228, to-check=266/1752)
synthetic_003788/posterior_variance.pt
         232054 100%  205.49MB/s   00:00:00 (xfer#229, to-check=267/1752)
synthetic_003789/
synthetic_003789/composite_mean.pt
         232026 100%   54.65MB/s   00:00:00 (xfer#230, to-check=269/1752)
synthetic_003789/metadata.json
           1799 100%    8.29MB/s   00:00:00 (xfer#231, to-check=270/1752)
synthetic_003789/posterior_mean.pt
         232026 100%    8.16MB/s   00:00:00 (xfer#232, to-check=271/1752)
synthetic_003789/posterior_samples.pt
        6815744  28%   12.47MB/s   00:00:01       12845056  52%   11.22MB/s   00:00:01       19791872  80%   12.99MB/s   00:00:00       24657317 100%   12.01MB/s   00:00:01 (xfer#233, to-check=272/1752)
synthetic_003789/posterior_std.pt
         232019 100%  147.13MB/s   00:00:00 (xfer#234, to-check=273/1752)
synthetic_003789/posterior_variance.pt
         232054 100%  223.08MB/s   00:00:00 (xfer#235, to-check=274/1752)
synthetic_003790/
synthetic_003790/composite_mean.pt
         232026 100%   55.15MB/s   00:00:00 (xfer#236, to-check=276/1752)
synthetic_003790/metadata.json
           1797 100%    8.97MB/s   00:00:00 (xfer#237, to-check=277/1752)
synthetic_003790/posterior_mean.pt
         232026 100%   10.00MB/s   00:00:00 (xfer#238, to-check=278/1752)
synthetic_003790/posterior_samples.pt
        6914048  28%   13.18MB/s   00:00:01       13598720  55%   12.39MB/s   00:00:00       20283392  82%   12.69MB/s   00:00:00       24657317 100%   12.45MB/s   00:00:01 (xfer#239, to-check=279/1752)
synthetic_003790/posterior_std.pt
         232019 100%  166.23MB/s   00:00:00 (xfer#240, to-check=280/1752)
synthetic_003790/posterior_variance.pt
         232054 100%   18.22MB/s   00:00:00 (xfer#241, to-check=281/1752)
synthetic_003791/
synthetic_003791/composite_mean.pt
         232026 100%   56.48MB/s   00:00:00 (xfer#242, to-check=283/1752)
synthetic_003791/metadata.json
           1798 100%   63.24KB/s   00:00:00 (xfer#243, to-check=284/1752)
synthetic_003791/posterior_mean.pt
         232026 100%  147.32MB/s   00:00:00 (xfer#244, to-check=285/1752)
synthetic_003791/posterior_samples.pt
        6291456  26%   11.86MB/s   00:00:01       13369344  54%   13.45MB/s   00:00:00       20054016  81%   12.49MB/s   00:00:00       24657317 100%   12.21MB/s   00:00:01 (xfer#245, to-check=286/1752)
synthetic_003791/posterior_std.pt
         232019 100%  152.29MB/s   00:00:00 (xfer#246, to-check=287/1752)
synthetic_003791/posterior_variance.pt
         232054 100%  235.41MB/s   00:00:00 (xfer#247, to-check=288/1752)
synthetic_003792/
synthetic_003792/composite_mean.pt
         232026 100%  171.27MB/s   00:00:00 (xfer#248, to-check=290/1752)
synthetic_003792/metadata.json
           1796 100%    8.91MB/s   00:00:00 (xfer#249, to-check=291/1752)
synthetic_003792/posterior_mean.pt
         232026 100%   21.07MB/s   00:00:00 (xfer#250, to-check=292/1752)
synthetic_003792/posterior_samples.pt
        6684672  27%   11.91MB/s   00:00:01       13139968  53%   11.69MB/s   00:00:00       20217856  82%   13.32MB/s   00:00:00       24657317 100%   11.41MB/s   00:00:02 (xfer#251, to-check=293/1752)
synthetic_003792/posterior_std.pt
         232019 100%  147.34MB/s   00:00:00 (xfer#252, to-check=294/1752)
synthetic_003792/posterior_variance.pt
         232054 100%  190.95MB/s   00:00:00 (xfer#253, to-check=295/1752)
synthetic_003793/
synthetic_003793/composite_mean.pt
         232026 100%    7.26MB/s   00:00:00 (xfer#254, to-check=297/1752)
synthetic_003793/metadata.json
           1797 100%    7.69MB/s   00:00:00 (xfer#255, to-check=298/1752)
synthetic_003793/posterior_mean.pt
         232026 100%   56.56MB/s   00:00:00 (xfer#256, to-check=299/1752)
synthetic_003793/posterior_samples.pt
        6455296  26%   12.20MB/s   00:00:01       13008896  53%   12.28MB/s   00:00:00       19693568  80%   12.57MB/s   00:00:00       24657317 100%   11.84MB/s   00:00:01 (xfer#257, to-check=300/1752)
synthetic_003793/posterior_std.pt
         232019 100%  154.52MB/s   00:00:00 (xfer#258, to-check=301/1752)
synthetic_003793/posterior_variance.pt
         232054 100%  184.90MB/s   00:00:00 (xfer#259, to-check=302/1752)
synthetic_003794/
synthetic_003794/composite_mean.pt
         232026 100%   28.43MB/s   00:00:00 (xfer#260, to-check=304/1752)
synthetic_003794/metadata.json
           1796 100%    8.92MB/s   00:00:00 (xfer#261, to-check=305/1752)
synthetic_003794/posterior_mean.pt
         232026 100%   18.94MB/s   00:00:00 (xfer#262, to-check=306/1752)
synthetic_003794/posterior_samples.pt
        6881280  28%   12.88MB/s   00:00:01       13139968  53%   11.93MB/s   00:00:00       19464192  79%   11.69MB/s   00:00:00       24657317 100%   12.17MB/s   00:00:01 (xfer#263, to-check=307/1752)
synthetic_003794/posterior_std.pt
         232019 100%  139.35MB/s   00:00:00 (xfer#264, to-check=308/1752)
synthetic_003794/posterior_variance.pt
         232054 100%  216.32MB/s   00:00:00 (xfer#265, to-check=309/1752)
synthetic_003795/
synthetic_003795/composite_mean.pt
         232026 100%   10.89MB/s   00:00:00 (xfer#266, to-check=311/1752)
synthetic_003795/metadata.json
           1798 100%    9.87MB/s   00:00:00 (xfer#267, to-check=312/1752)
synthetic_003795/posterior_mean.pt
         232026 100%    1.66MB/s   00:00:00 (xfer#268, to-check=313/1752)
synthetic_003795/posterior_samples.pt
        7241728  29%   13.65MB/s   00:00:01       13795328  56%   12.33MB/s   00:00:00       20447232  83%   12.48MB/s   00:00:00       24657317 100%   12.45MB/s   00:00:01 (xfer#269, to-check=314/1752)
synthetic_003795/posterior_std.pt
         232019 100%  151.25MB/s   00:00:00 (xfer#270, to-check=315/1752)
synthetic_003795/posterior_variance.pt
         232054 100%  175.50MB/s   00:00:00 (xfer#271, to-check=316/1752)
synthetic_003796/
synthetic_003796/composite_mean.pt
         232026 100%   70.90MB/s   00:00:00 (xfer#272, to-check=318/1752)
synthetic_003796/metadata.json
           1795 100%    7.48MB/s   00:00:00 (xfer#273, to-check=319/1752)
synthetic_003796/posterior_mean.pt
         232026 100%   10.49MB/s   00:00:00 (xfer#274, to-check=320/1752)
synthetic_003796/posterior_samples.pt
        6553600  27%   12.44MB/s   00:00:01       13238272  54%   12.51MB/s   00:00:00       19922944  81%   12.54MB/s   00:00:00       24657317 100%   12.30MB/s   00:00:01 (xfer#275, to-check=321/1752)
synthetic_003796/posterior_std.pt
         232019 100%  144.54MB/s   00:00:00 (xfer#276, to-check=322/1752)
synthetic_003796/posterior_variance.pt
         232054 100%   16.37MB/s   00:00:00 (xfer#277, to-check=323/1752)
synthetic_003797/
synthetic_003797/composite_mean.pt
         232026 100%   46.26MB/s   00:00:00 (xfer#278, to-check=325/1752)
synthetic_003797/metadata.json
           1797 100%    9.52MB/s   00:00:00 (xfer#279, to-check=326/1752)
synthetic_003797/posterior_mean.pt
         232026 100%   11.65MB/s   00:00:00 (xfer#280, to-check=327/1752)
synthetic_003797/posterior_samples.pt
        6619136  27%   12.44MB/s   00:00:01       13303808  54%   12.57MB/s   00:00:00       19857408  81%   12.36MB/s   00:00:00       24657317 100%   12.24MB/s   00:00:01 (xfer#281, to-check=328/1752)
synthetic_003797/posterior_std.pt
         232019 100%  140.49MB/s   00:00:00 (xfer#282, to-check=329/1752)
synthetic_003797/posterior_variance.pt
         232054 100%  174.25MB/s   00:00:00 (xfer#283, to-check=330/1752)
synthetic_003798/
synthetic_003798/composite_mean.pt
         232026 100%   28.26MB/s   00:00:00 (xfer#284, to-check=332/1752)
synthetic_003798/metadata.json
           1797 100%    9.02MB/s   00:00:00 (xfer#285, to-check=333/1752)
synthetic_003798/posterior_mean.pt
         232026 100%   11.14MB/s   00:00:00 (xfer#286, to-check=334/1752)
synthetic_003798/posterior_samples.pt
        6619136  27%   12.41MB/s   00:00:01       13303808  54%   12.55MB/s   00:00:00       19857408  81%   12.39MB/s   00:00:00       24657317 100%   12.22MB/s   00:00:01 (xfer#287, to-check=335/1752)
synthetic_003798/posterior_std.pt
         232019 100%  147.71MB/s   00:00:00 (xfer#288, to-check=336/1752)
synthetic_003798/posterior_variance.pt
         232054 100%  253.82MB/s   00:00:00 (xfer#289, to-check=337/1752)
synthetic_003799/
synthetic_003799/composite_mean.pt
         232026 100%   31.03MB/s   00:00:00 (xfer#290, to-check=339/1752)
synthetic_003799/metadata.json
           1798 100%    8.67MB/s   00:00:00 (xfer#291, to-check=340/1752)
synthetic_003799/posterior_mean.pt
         232026 100%   12.23MB/s   00:00:00 (xfer#292, to-check=341/1752)
synthetic_003799/posterior_samples.pt
        6684672  27%   12.61MB/s   00:00:01       13238272  54%   12.41MB/s   00:00:00       19922944  81%   12.63MB/s   00:00:00       24657317 100%   12.30MB/s   00:00:01 (xfer#293, to-check=342/1752)
synthetic_003799/posterior_std.pt
         232019 100%  159.77MB/s   00:00:00 (xfer#294, to-check=343/1752)
synthetic_003799/posterior_variance.pt
         232054 100%   20.26MB/s   00:00:00 (xfer#295, to-check=344/1752)
synthetic_003800/
synthetic_003800/composite_mean.pt
         232026 100%  162.60MB/s   00:00:00 (xfer#296, to-check=346/1752)
synthetic_003800/metadata.json
           1800 100%    7.83MB/s   00:00:00 (xfer#297, to-check=347/1752)
synthetic_003800/posterior_mean.pt
         232026 100%   11.91MB/s   00:00:00 (xfer#298, to-check=348/1752)
synthetic_003800/posterior_samples.pt
        4423680  18%    7.97MB/s   00:00:02       11370496  46%   12.55MB/s   00:00:01       18186240  74%   12.87MB/s   00:00:00       24657317 100%   11.28MB/s   00:00:02 (xfer#299, to-check=349/1752)
synthetic_003800/posterior_std.pt
         232019 100%  151.87MB/s   00:00:00 (xfer#300, to-check=350/1752)
synthetic_003800/posterior_variance.pt
         232054 100%  193.94MB/s   00:00:00 (xfer#301, to-check=351/1752)
synthetic_003801/
synthetic_003801/composite_mean.pt
         232026 100%   13.05MB/s   00:00:00 (xfer#302, to-check=353/1752)
synthetic_003801/metadata.json
           1800 100%    7.53MB/s   00:00:00 (xfer#303, to-check=354/1752)
synthetic_003801/posterior_mean.pt
         232026 100%   15.80MB/s   00:00:00 (xfer#304, to-check=355/1752)
synthetic_003801/posterior_samples.pt
        6488064  26%   12.37MB/s   00:00:01       12156928  49%   10.72MB/s   00:00:01       18972672  77%   12.72MB/s   00:00:00       24657317 100%   11.75MB/s   00:00:02 (xfer#305, to-check=356/1752)
synthetic_003801/posterior_std.pt
         232019 100%  153.35MB/s   00:00:00 (xfer#306, to-check=357/1752)
synthetic_003801/posterior_variance.pt
         232054 100%  299.42MB/s   00:00:00 (xfer#307, to-check=358/1752)
synthetic_003802/
synthetic_003802/composite_mean.pt
         232026 100%   21.76MB/s   00:00:00 (xfer#308, to-check=360/1752)
synthetic_003802/metadata.json
           1798 100%    7.52MB/s   00:00:00 (xfer#309, to-check=361/1752)
synthetic_003802/posterior_mean.pt
         232026 100%   10.30MB/s   00:00:00 (xfer#310, to-check=362/1752)
synthetic_003802/posterior_samples.pt
        5079040  21%    9.39MB/s   00:00:01       11894784  48%   12.82MB/s   00:00:00       16482304  67%    8.73MB/s   00:00:00       22642688  92%   10.04MB/s   00:00:00       24657317 100%   10.07MB/s   00:00:02 (xfer#311, to-check=363/1752)
synthetic_003802/posterior_std.pt
         232019 100%  152.39MB/s   00:00:00 (xfer#312, to-check=364/1752)
synthetic_003802/posterior_variance.pt
         232054 100%   44.14MB/s   00:00:00 (xfer#313, to-check=365/1752)
synthetic_003803/
synthetic_003803/composite_mean.pt
         232026 100%   29.39MB/s   00:00:00 (xfer#314, to-check=367/1752)
synthetic_003803/metadata.json
           1799 100%    8.75MB/s   00:00:00 (xfer#315, to-check=368/1752)
synthetic_003803/posterior_mean.pt
         232026 100%   73.91MB/s   00:00:00 (xfer#316, to-check=369/1752)
synthetic_003803/posterior_samples.pt
        6815744  28%   12.95MB/s   00:00:01       13369344  54%   12.27MB/s   00:00:00       20185088  82%   12.81MB/s   00:00:00       24657317 100%   12.41MB/s   00:00:01 (xfer#317, to-check=370/1752)
synthetic_003803/posterior_std.pt
         232019 100%  130.77MB/s   00:00:00 (xfer#318, to-check=371/1752)
synthetic_003803/posterior_variance.pt
         232054 100%  198.51MB/s   00:00:00 (xfer#319, to-check=372/1752)
synthetic_003804/
synthetic_003804/composite_mean.pt
         232026 100%   25.26MB/s   00:00:00 (xfer#320, to-check=374/1752)
synthetic_003804/metadata.json
           1798 100%    7.83MB/s   00:00:00 (xfer#321, to-check=375/1752)
synthetic_003804/posterior_mean.pt
         232026 100%   11.00MB/s   00:00:00 (xfer#322, to-check=376/1752)
synthetic_003804/posterior_samples.pt
        6586368  27%   12.46MB/s   00:00:01       13271040  54%   12.56MB/s   00:00:00       19955712  81%   12.54MB/s   00:00:00       24657317 100%   12.23MB/s   00:00:01 (xfer#323, to-check=377/1752)
synthetic_003804/posterior_std.pt
         232019 100%  139.43MB/s   00:00:00 (xfer#324, to-check=378/1752)
synthetic_003804/posterior_variance.pt
         232054 100%  197.41MB/s   00:00:00 (xfer#325, to-check=379/1752)
synthetic_003805/
synthetic_003805/composite_mean.pt
         232026 100%   26.06MB/s   00:00:00 (xfer#326, to-check=381/1752)
synthetic_003805/metadata.json
           1799 100%    8.67MB/s   00:00:00 (xfer#327, to-check=382/1752)
synthetic_003805/posterior_mean.pt
         232026 100%   16.20MB/s   00:00:00 (xfer#328, to-check=383/1752)
synthetic_003805/posterior_samples.pt
        5898240  24%   11.01MB/s   00:00:01       12582912  51%   12.56MB/s   00:00:00       19267584  78%   12.65MB/s   00:00:00       24657317 100%   11.93MB/s   00:00:01 (xfer#329, to-check=384/1752)
synthetic_003805/posterior_std.pt
         232019 100%  152.62MB/s   00:00:00 (xfer#330, to-check=385/1752)
synthetic_003805/posterior_variance.pt
         232054 100%   15.70MB/s   00:00:00 (xfer#331, to-check=386/1752)
synthetic_003806/
synthetic_003806/composite_mean.pt
         232026 100%   43.60MB/s   00:00:00 (xfer#332, to-check=388/1752)
synthetic_003806/metadata.json
           1798 100%    7.52MB/s   00:00:00 (xfer#333, to-check=389/1752)
synthetic_003806/posterior_mean.pt
         232026 100%   22.81MB/s   00:00:00 (xfer#334, to-check=390/1752)
synthetic_003806/posterior_samples.pt
        6651904  27%   12.13MB/s   00:00:01       13467648  55%   12.83MB/s   00:00:00       20152320  82%   12.72MB/s   00:00:00       24657317 100%   12.28MB/s   00:00:01 (xfer#335, to-check=391/1752)
synthetic_003806/posterior_std.pt
         232019 100%  154.63MB/s   00:00:00 (xfer#336, to-check=392/1752)
synthetic_003806/posterior_variance.pt
         232054 100%  179.05MB/s   00:00:00 (xfer#337, to-check=393/1752)
synthetic_003807/
synthetic_003807/composite_mean.pt
         232026 100%   15.37MB/s   00:00:00 (xfer#338, to-check=395/1752)
synthetic_003807/metadata.json
           1799 100%    8.09MB/s   00:00:00 (xfer#339, to-check=396/1752)
synthetic_003807/posterior_mean.pt
         232026 100%   17.10MB/s   00:00:00 (xfer#340, to-check=397/1752)
synthetic_003807/posterior_samples.pt
        6586368  27%   12.29MB/s   00:00:01       13139968  53%   12.02MB/s   00:00:00       19955712  81%   12.99MB/s   00:00:00       24657317 100%   12.25MB/s   00:00:01 (xfer#341, to-check=398/1752)
synthetic_003807/posterior_std.pt
         232019 100%  141.93MB/s   00:00:00 (xfer#342, to-check=399/1752)
synthetic_003807/posterior_variance.pt
         232054 100%  225.35MB/s   00:00:00 (xfer#343, to-check=400/1752)
synthetic_003808/
synthetic_003808/composite_mean.pt
         232026 100%   26.19MB/s   00:00:00 (xfer#344, to-check=402/1752)
synthetic_003808/metadata.json
           1799 100%    8.67MB/s   00:00:00 (xfer#345, to-check=403/1752)
synthetic_003808/posterior_mean.pt
         232026 100%   10.56MB/s   00:00:00 (xfer#346, to-check=404/1752)
synthetic_003808/posterior_samples.pt
        6717440  27%   12.64MB/s   00:00:01       13139968  53%   11.78MB/s   00:00:00       20217856  82%   13.16MB/s   00:00:00       24657317 100%   12.31MB/s   00:00:01 (xfer#347, to-check=405/1752)
synthetic_003808/posterior_std.pt
         232019 100%  119.80MB/s   00:00:00 (xfer#348, to-check=406/1752)
synthetic_003808/posterior_variance.pt
         232054 100%  231.48MB/s   00:00:00 (xfer#349, to-check=407/1752)
synthetic_003809/
synthetic_003809/composite_mean.pt
         232026 100%   20.22MB/s   00:00:00 (xfer#350, to-check=409/1752)
synthetic_003809/metadata.json
           1800 100%    8.54MB/s   00:00:00 (xfer#351, to-check=410/1752)
synthetic_003809/posterior_mean.pt
         232026 100%   10.55MB/s   00:00:00 (xfer#352, to-check=411/1752)
synthetic_003809/posterior_samples.pt
        5406720  22%   10.30MB/s   00:00:01       11730944  48%   12.05MB/s   00:00:01       18743296  76%   12.60MB/s   00:00:00       24379392  99%   10.43MB/s   00:00:00       24657317 100%   11.25MB/s   00:00:02 (xfer#353, to-check=412/1752)
synthetic_003809/posterior_std.pt
         232019 100%  148.71MB/s   00:00:00 (xfer#354, to-check=413/1752)
synthetic_003809/posterior_variance.pt
         232054 100%  112.33MB/s   00:00:00 (xfer#355, to-check=414/1752)
synthetic_003810/
synthetic_003810/composite_mean.pt
         232026 100%   63.75MB/s   00:00:00 (xfer#356, to-check=416/1752)
synthetic_003810/metadata.json
           1799 100%    8.58MB/s   00:00:00 (xfer#357, to-check=417/1752)
synthetic_003810/posterior_mean.pt
         232026 100%   22.99MB/s   00:00:00 (xfer#358, to-check=418/1752)
synthetic_003810/posterior_samples.pt
        7077888  29%   13.20MB/s   00:00:01       12713984  52%   10.37MB/s   00:00:01       15925248  65%    6.09MB/s   00:00:01       19070976  77%    5.98MB/s   00:00:00       22216704  90%    5.91MB/s   00:00:00       24657317 100%    7.99MB/s   00:00:02 (xfer#359, to-check=419/1752)
synthetic_003810/posterior_std.pt
         232019 100%  132.73MB/s   00:00:00 (xfer#360, to-check=420/1752)
synthetic_003810/posterior_variance.pt
         232054 100%    9.91MB/s   00:00:00 (xfer#361, to-check=421/1752)
synthetic_003811/
synthetic_003811/composite_mean.pt
         232026 100%    3.39MB/s   00:00:00 (xfer#362, to-check=423/1752)
synthetic_003811/metadata.json
           1798 100%    7.24MB/s   00:00:00 (xfer#363, to-check=424/1752)
synthetic_003811/posterior_mean.pt
         232026 100%    5.58MB/s   00:00:00 (xfer#364, to-check=425/1752)
synthetic_003811/posterior_samples.pt
        3801088  15%    6.87MB/s   00:00:02        6422528  26%    4.41MB/s   00:00:03       10223616  41%    7.10MB/s   00:00:01       13893632  56%    6.74MB/s   00:00:01       17825792  72%    7.47MB/s   00:00:00       21364736  87%    6.32MB/s   00:00:00       24657317 100%    6.52MB/s   00:00:03 (xfer#365, to-check=426/1752)
synthetic_003811/posterior_std.pt
         232019 100%  150.42MB/s   00:00:00 (xfer#366, to-check=427/1752)
synthetic_003811/posterior_variance.pt
         232054 100%    4.98MB/s   00:00:00 (xfer#367, to-check=428/1752)
synthetic_003812/
synthetic_003812/composite_mean.pt
         232026 100%   89.37MB/s   00:00:00 (xfer#368, to-check=430/1752)
synthetic_003812/metadata.json
           1799 100%    7.86MB/s   00:00:00 (xfer#369, to-check=431/1752)
synthetic_003812/posterior_mean.pt
         232026 100%    4.07MB/s   00:00:00 (xfer#370, to-check=432/1752)
synthetic_003812/posterior_samples.pt
        2719744  11%    5.04MB/s   00:00:04        6914048  28%    7.96MB/s   00:00:02       11763712  48%    9.19MB/s   00:00:01       15958016  65%    7.94MB/s   00:00:01       18448384  75%    4.38MB/s   00:00:01       19595264  79%    2.08MB/s   00:00:02       21037056  85%    2.56MB/s   00:00:01       22478848  91%    2.57MB/s   00:00:00       24313856  99%    3.38MB/s   00:00:00       24657317 100%    4.89MB/s   00:00:04 (xfer#371, to-check=433/1752)
synthetic_003812/posterior_std.pt
         232019 100%    7.56MB/s   00:00:00 (xfer#372, to-check=434/1752)
synthetic_003812/posterior_variance.pt
         232054 100%    3.47MB/s   00:00:00 (xfer#373, to-check=435/1752)
synthetic_003813/
synthetic_003813/composite_mean.pt
         232026 100%    2.96MB/s   00:00:00 (xfer#374, to-check=437/1752)
synthetic_003813/metadata.json
           1798 100%    2.47MB/s   00:00:00 (xfer#375, to-check=438/1752)
synthetic_003813/posterior_mean.pt
         232026 100%    1.71MB/s   00:00:00 (xfer#376, to-check=439/1752)
synthetic_003813/posterior_samples.pt
        1933312   8%    3.56MB/s   00:00:06        4292608  17%    4.20MB/s   00:00:04        6782976  28%    4.61MB/s   00:00:03        9273344  38%    4.68MB/s   00:00:03       11894784  48%    4.93MB/s   00:00:02       14909440  60%    5.38MB/s   00:00:01       18055168  73%    5.66MB/s   00:00:01       20414464  83%    4.44MB/s   00:00:00       23691264  96%    5.98MB/s   00:00:00       24657317 100%    4.85MB/s   00:00:04 (xfer#377, to-check=440/1752)
synthetic_003813/posterior_std.pt
         232019 100%   13.39MB/s   00:00:00 (xfer#378, to-check=441/1752)
synthetic_003813/posterior_variance.pt
         232054 100%    5.29MB/s   00:00:00 (xfer#379, to-check=442/1752)
synthetic_003814/
synthetic_003814/composite_mean.pt
         232026 100%   10.48MB/s   00:00:00 (xfer#380, to-check=444/1752)
synthetic_003814/metadata.json
           1798 100%    7.24MB/s   00:00:00 (xfer#381, to-check=445/1752)
synthetic_003814/posterior_mean.pt
         232026 100%    9.30MB/s   00:00:00 (xfer#382, to-check=446/1752)
synthetic_003814/posterior_samples.pt
        3702784  15%    6.46MB/s   00:00:03        6324224  26%    5.00MB/s   00:00:03        9076736  37%    5.01MB/s   00:00:02       12877824  52%    6.77MB/s   00:00:01       16547840  67%    6.85MB/s   00:00:01       20611072  84%    7.47MB/s   00:00:00       24657317 100%    7.72MB/s   00:00:00       24657317 100%    6.40MB/s   00:00:03 (xfer#383, to-check=447/1752)
synthetic_003814/posterior_std.pt
         232019 100%  143.78MB/s   00:00:00 (xfer#384, to-check=448/1752)
synthetic_003814/posterior_variance.pt
         232054 100%  243.43MB/s   00:00:00 (xfer#385, to-check=449/1752)
synthetic_003815/
synthetic_003815/composite_mean.pt
         232026 100%   53.36MB/s   00:00:00 (xfer#386, to-check=451/1752)
synthetic_003815/metadata.json
           1798 100%    8.53MB/s   00:00:00 (xfer#387, to-check=452/1752)
synthetic_003815/posterior_mean.pt
         232026 100%    6.10MB/s   00:00:00 (xfer#388, to-check=453/1752)
synthetic_003815/posterior_samples.pt
        4554752  18%    8.49MB/s   00:00:02        9535488  39%    9.42MB/s   00:00:01       15171584  62%   10.25MB/s   00:00:00       21725184  88%   12.19MB/s   00:00:00       24657317 100%   10.27MB/s   00:00:02 (xfer#389, to-check=454/1752)
synthetic_003815/posterior_std.pt
         232019 100%  137.59MB/s   00:00:00 (xfer#390, to-check=455/1752)
synthetic_003815/posterior_variance.pt
         232054 100%  252.64MB/s   00:00:00 (xfer#391, to-check=456/1752)
synthetic_003816/
synthetic_003816/composite_mean.pt
         232026 100%   13.37MB/s   00:00:00 (xfer#392, to-check=458/1752)
synthetic_003816/metadata.json
           1798 100%    8.67MB/s   00:00:00 (xfer#393, to-check=459/1752)
synthetic_003816/posterior_mean.pt
         232026 100%   56.71MB/s   00:00:00 (xfer#394, to-check=460/1752)
synthetic_003816/posterior_samples.pt
        6553600  27%   12.46MB/s   00:00:01       12976128  53%   12.11MB/s   00:00:00       19922944  81%   13.01MB/s   00:00:00       24657317 100%   12.29MB/s   00:00:01 (xfer#395, to-check=461/1752)
synthetic_003816/posterior_std.pt
         232019 100%  142.39MB/s   00:00:00 (xfer#396, to-check=462/1752)
synthetic_003816/posterior_variance.pt
         232054 100%  221.96MB/s   00:00:00 (xfer#397, to-check=463/1752)
synthetic_003817/
synthetic_003817/composite_mean.pt
         232026 100%   17.36MB/s   00:00:00 (xfer#398, to-check=465/1752)
synthetic_003817/metadata.json
           1797 100%    8.89MB/s   00:00:00 (xfer#399, to-check=466/1752)
synthetic_003817/posterior_mean.pt
         232026 100%   11.08MB/s   00:00:00 (xfer#400, to-check=467/1752)
synthetic_003817/posterior_samples.pt
        5242880  21%    9.86MB/s   00:00:01       12582912  51%   13.90MB/s   00:00:00       19267584  78%   12.61MB/s   00:00:00       24657317 100%   11.59MB/s   00:00:02 (xfer#401, to-check=468/1752)
synthetic_003817/posterior_std.pt
         232019 100%  143.31MB/s   00:00:00 (xfer#402, to-check=469/1752)
synthetic_003817/posterior_variance.pt
         232054 100%  194.11MB/s   00:00:00 (xfer#403, to-check=470/1752)
synthetic_003818/
synthetic_003818/composite_mean.pt
         232026 100%   19.48MB/s   00:00:00 (xfer#404, to-check=472/1752)
synthetic_003818/metadata.json
           1799 100%    8.29MB/s   00:00:00 (xfer#405, to-check=473/1752)
synthetic_003818/posterior_mean.pt
         232026 100%   34.88MB/s   00:00:00 (xfer#406, to-check=474/1752)
synthetic_003818/posterior_samples.pt
        4587520  19%    8.71MB/s   00:00:02       11468800  47%   12.44MB/s   00:00:01       17629184  71%   11.70MB/s   00:00:00       24657317 100%   11.50MB/s   00:00:02 (xfer#407, to-check=475/1752)
synthetic_003818/posterior_std.pt
         232019 100%   69.23MB/s   00:00:00 (xfer#408, to-check=476/1752)
synthetic_003818/posterior_variance.pt
         232054 100%   49.20MB/s   00:00:00 (xfer#409, to-check=477/1752)
synthetic_003819/
synthetic_003819/composite_mean.pt
         232026 100%    7.48MB/s   00:00:00 (xfer#410, to-check=479/1752)
synthetic_003819/metadata.json
           1800 100%    7.24MB/s   00:00:00 (xfer#411, to-check=480/1752)
synthetic_003819/posterior_mean.pt
         232026 100%    9.55MB/s   00:00:00 (xfer#412, to-check=481/1752)
synthetic_003819/posterior_samples.pt
        5275648  21%    9.97MB/s   00:00:01       11993088  49%   12.80MB/s   00:00:00       18677760  76%   12.70MB/s   00:00:00       24657317 100%   11.82MB/s   00:00:01 (xfer#413, to-check=482/1752)
synthetic_003819/posterior_std.pt
         232019 100%  160.21MB/s   00:00:00 (xfer#414, to-check=483/1752)
synthetic_003819/posterior_variance.pt
         232054 100%  218.04MB/s   00:00:00 (xfer#415, to-check=484/1752)
synthetic_003820/
synthetic_003820/composite_mean.pt
         232026 100%    5.90MB/s   00:00:00 (xfer#416, to-check=486/1752)
synthetic_003820/metadata.json
           1799 100%    7.66MB/s   00:00:00 (xfer#417, to-check=487/1752)
synthetic_003820/posterior_mean.pt
         232026 100%   24.96MB/s   00:00:00 (xfer#418, to-check=488/1752)
synthetic_003820/posterior_samples.pt
        5636096  23%   10.74MB/s   00:00:01       12451840  50%   12.91MB/s   00:00:00       19136512  78%   12.67MB/s   00:00:00       24657317 100%   11.95MB/s   00:00:01 (xfer#419, to-check=489/1752)
synthetic_003820/posterior_std.pt
         232019 100%  139.69MB/s   00:00:00 (xfer#420, to-check=490/1752)
synthetic_003820/posterior_variance.pt
         232054 100%  178.33MB/s   00:00:00 (xfer#421, to-check=491/1752)
synthetic_003821/
synthetic_003821/composite_mean.pt
         232026 100%   85.90MB/s   00:00:00 (xfer#422, to-check=493/1752)
synthetic_003821/metadata.json
           1800 100%    8.58MB/s   00:00:00 (xfer#423, to-check=494/1752)
synthetic_003821/posterior_mean.pt
         232026 100%    8.07MB/s   00:00:00 (xfer#424, to-check=495/1752)
synthetic_003821/posterior_samples.pt
        6717440  27%   12.64MB/s   00:00:01       13139968  53%   11.32MB/s   00:00:00       18776064  76%   10.63MB/s   00:00:00       24657317 100%   11.67MB/s   00:00:02 (xfer#425, to-check=496/1752)
synthetic_003821/posterior_std.pt
         232019 100%  121.71MB/s   00:00:00 (xfer#426, to-check=497/1752)
synthetic_003821/posterior_variance.pt
         232054 100%  217.58MB/s   00:00:00 (xfer#427, to-check=498/1752)
synthetic_003822/
synthetic_003822/composite_mean.pt
         232026 100%   23.18MB/s   00:00:00 (xfer#428, to-check=500/1752)
synthetic_003822/metadata.json
           1798 100%    8.88MB/s   00:00:00 (xfer#429, to-check=501/1752)
synthetic_003822/posterior_mean.pt
         232026 100%   12.47MB/s   00:00:00 (xfer#430, to-check=502/1752)
synthetic_003822/posterior_samples.pt
        6848512  28%   12.93MB/s   00:00:01       12484608  51%   10.53MB/s   00:00:01       19693568  80%   13.68MB/s   00:00:00       24657317 100%   12.13MB/s   00:00:01 (xfer#431, to-check=503/1752)
synthetic_003822/posterior_std.pt
         232019 100%  143.51MB/s   00:00:00 (xfer#432, to-check=504/1752)
synthetic_003822/posterior_variance.pt
         232054 100%  219.07MB/s   00:00:00 (xfer#433, to-check=505/1752)
synthetic_003823/
synthetic_003823/composite_mean.pt
         232026 100%  151.55MB/s   00:00:00 (xfer#434, to-check=507/1752)
synthetic_003823/metadata.json
           1797 100%    8.92MB/s   00:00:00 (xfer#435, to-check=508/1752)
synthetic_003823/posterior_mean.pt
         232026 100%   10.59MB/s   00:00:00 (xfer#436, to-check=509/1752)
synthetic_003823/posterior_samples.pt
        6651904  27%   12.63MB/s   00:00:01       13205504  54%   12.32MB/s   00:00:00       19824640  80%   12.62MB/s   00:00:00       24657317 100%   12.31MB/s   00:00:01 (xfer#437, to-check=510/1752)
synthetic_003823/posterior_std.pt
         232019 100%  127.75MB/s   00:00:00 (xfer#438, to-check=511/1752)
synthetic_003823/posterior_variance.pt
         232054 100%  176.60MB/s   00:00:00 (xfer#439, to-check=512/1752)
synthetic_003824/
synthetic_003824/composite_mean.pt
         232026 100%   12.57MB/s   00:00:00 (xfer#440, to-check=514/1752)
synthetic_003824/metadata.json
           1799 100%   11.14MB/s   00:00:00 (xfer#441, to-check=515/1752)
synthetic_003824/posterior_mean.pt
         232026 100%   22.25MB/s   00:00:00 (xfer#442, to-check=516/1752)
synthetic_003824/posterior_samples.pt
        6356992  26%   12.10MB/s   00:00:01       13041664  53%   12.66MB/s   00:00:00       19726336  80%   12.48MB/s   00:00:00       24657317 100%   12.25MB/s   00:00:01 (xfer#443, to-check=517/1752)
synthetic_003824/posterior_std.pt
         232019 100%  176.04MB/s   00:00:00 (xfer#444, to-check=518/1752)
synthetic_003824/posterior_variance.pt
         232054 100%  183.81MB/s   00:00:00 (xfer#445, to-check=519/1752)
synthetic_003825/
synthetic_003825/composite_mean.pt
         232026 100%   16.68MB/s   00:00:00 (xfer#446, to-check=521/1752)
synthetic_003825/metadata.json
           1800 100%    8.76MB/s   00:00:00 (xfer#447, to-check=522/1752)
synthetic_003825/posterior_mean.pt
         232026 100%   11.32MB/s   00:00:00 (xfer#448, to-check=523/1752)
synthetic_003825/posterior_samples.pt
        6553600  27%   12.41MB/s   00:00:01       13238272  54%   11.92MB/s   00:00:00       19103744  77%   11.19MB/s   00:00:00       24657317 100%   12.00MB/s   00:00:01 (xfer#449, to-check=524/1752)
synthetic_003825/posterior_std.pt
         232019 100%  132.09MB/s   00:00:00 (xfer#450, to-check=525/1752)
synthetic_003825/posterior_variance.pt
         232054 100%  153.58MB/s   00:00:00 (xfer#451, to-check=526/1752)
synthetic_003826/
synthetic_003826/composite_mean.pt
         232026 100%   24.76MB/s   00:00:00 (xfer#452, to-check=528/1752)
synthetic_003826/metadata.json
           1797 100%    9.16MB/s   00:00:00 (xfer#453, to-check=529/1752)
synthetic_003826/posterior_mean.pt
         232026 100%   12.54MB/s   00:00:00 (xfer#454, to-check=530/1752)
synthetic_003826/posterior_samples.pt
        4653056  19%    8.70MB/s   00:00:02       11108352  45%   12.31MB/s   00:00:01       18415616  75%   13.61MB/s   00:00:00       24657317 100%   11.55MB/s   00:00:02 (xfer#455, to-check=531/1752)
synthetic_003826/posterior_std.pt
         232019 100%  144.72MB/s   00:00:00 (xfer#456, to-check=532/1752)
synthetic_003826/posterior_variance.pt
         232054 100%  229.13MB/s   00:00:00 (xfer#457, to-check=533/1752)
synthetic_003827/
synthetic_003827/composite_mean.pt
         232026 100%   30.34MB/s   00:00:00 (xfer#458, to-check=535/1752)
synthetic_003827/metadata.json
           1799 100%    9.42MB/s   00:00:00 (xfer#459, to-check=536/1752)
synthetic_003827/posterior_mean.pt
         232026 100%   11.61MB/s   00:00:00 (xfer#460, to-check=537/1752)
synthetic_003827/posterior_samples.pt
        6651904  27%   12.66MB/s   00:00:01       13074432  53%   11.96MB/s   00:00:00       19660800  80%   12.56MB/s   00:00:00       23363584  95%    6.99MB/s   00:00:00       24657317 100%   10.88MB/s   00:00:02 (xfer#461, to-check=538/1752)
synthetic_003827/posterior_std.pt
         232019 100%  133.86MB/s   00:00:00 (xfer#462, to-check=539/1752)
synthetic_003827/posterior_variance.pt
         232054 100%  235.89MB/s   00:00:00 (xfer#463, to-check=540/1752)
synthetic_003828/
synthetic_003828/composite_mean.pt
         232026 100%    9.19MB/s   00:00:00 (xfer#464, to-check=542/1752)
synthetic_003828/metadata.json
           1800 100%    7.69MB/s   00:00:00 (xfer#465, to-check=543/1752)
synthetic_003828/posterior_mean.pt
         232026 100%   15.44MB/s   00:00:00 (xfer#466, to-check=544/1752)
synthetic_003828/posterior_samples.pt
        6062080  25%   11.23MB/s   00:00:01       12222464  50%   11.64MB/s   00:00:01       18776064  76%   12.04MB/s   00:00:00       24657317 100%   11.53MB/s   00:00:02 (xfer#467, to-check=545/1752)
synthetic_003828/posterior_std.pt
         232019 100%  153.35MB/s   00:00:00 (xfer#468, to-check=546/1752)
synthetic_003828/posterior_variance.pt
         232054 100%  218.46MB/s   00:00:00 (xfer#469, to-check=547/1752)
synthetic_003829/
synthetic_003829/composite_mean.pt
         232026 100%   22.07MB/s   00:00:00 (xfer#470, to-check=549/1752)
synthetic_003829/metadata.json
           1800 100%    7.56MB/s   00:00:00 (xfer#471, to-check=550/1752)
synthetic_003829/posterior_mean.pt
         232026 100%   34.89MB/s   00:00:00 (xfer#472, to-check=551/1752)
synthetic_003829/posterior_samples.pt
        7012352  28%   13.23MB/s   00:00:01       13697024  56%   12.60MB/s   00:00:00       20283392  82%   12.56MB/s   00:00:00       24657317 100%   12.45MB/s   00:00:01 (xfer#473, to-check=552/1752)
synthetic_003829/posterior_std.pt
         232019 100%  134.52MB/s   00:00:00 (xfer#474, to-check=553/1752)
synthetic_003829/posterior_variance.pt
         232054 100%  178.33MB/s   00:00:00 (xfer#475, to-check=554/1752)
synthetic_003830/
synthetic_003830/composite_mean.pt
         232026 100%   39.56MB/s   00:00:00 (xfer#476, to-check=556/1752)
synthetic_003830/metadata.json
           1799 100%    8.50MB/s   00:00:00 (xfer#477, to-check=557/1752)
synthetic_003830/posterior_mean.pt
         232026 100%   10.89MB/s   00:00:00 (xfer#478, to-check=558/1752)
synthetic_003830/posterior_samples.pt
        6717440  27%   12.62MB/s   00:00:01       13402112  54%   12.55MB/s   00:00:00       20086784  81%   12.60MB/s   00:00:00       24657317 100%   12.00MB/s   00:00:01 (xfer#479, to-check=559/1752)
synthetic_003830/posterior_std.pt
         232019 100%  119.54MB/s   00:00:00 (xfer#480, to-check=560/1752)
synthetic_003830/posterior_variance.pt
         232054 100%  163.56MB/s   00:00:00 (xfer#481, to-check=561/1752)
synthetic_003831/
synthetic_003831/composite_mean.pt
         232026 100%  175.21MB/s   00:00:00 (xfer#482, to-check=563/1752)
synthetic_003831/metadata.json
           1799 100%    8.54MB/s   00:00:00 (xfer#483, to-check=564/1752)
synthetic_003831/posterior_mean.pt
         232026 100%   30.28MB/s   00:00:00 (xfer#484, to-check=565/1752)
synthetic_003831/posterior_samples.pt
        6914048  28%   12.95MB/s   00:00:01       13598720  55%   12.64MB/s   00:00:00       20152320  82%   12.40MB/s   00:00:00       24657317 100%   12.37MB/s   00:00:01 (xfer#485, to-check=566/1752)
synthetic_003831/posterior_std.pt
         232019 100%  132.09MB/s   00:00:00 (xfer#486, to-check=567/1752)
synthetic_003831/posterior_variance.pt
         232054 100%  232.00MB/s   00:00:00 (xfer#487, to-check=568/1752)
synthetic_003832/
synthetic_003832/composite_mean.pt
         232026 100%   45.24MB/s   00:00:00 (xfer#488, to-check=570/1752)
synthetic_003832/metadata.json
           1799 100%    8.93MB/s   00:00:00 (xfer#489, to-check=571/1752)
synthetic_003832/posterior_mean.pt
         232026 100%   21.36MB/s   00:00:00 (xfer#490, to-check=572/1752)
synthetic_003832/posterior_samples.pt
        6225920  25%   11.87MB/s   00:00:01       12976128  53%   12.87MB/s   00:00:00       19726336  80%   12.87MB/s   00:00:00       24657317 100%   12.31MB/s   00:00:01 (xfer#491, to-check=573/1752)
synthetic_003832/posterior_std.pt
         232019 100%  150.83MB/s   00:00:00 (xfer#492, to-check=574/1752)
synthetic_003832/posterior_variance.pt
         232054 100%   47.54MB/s   00:00:00 (xfer#493, to-check=575/1752)
synthetic_003833/
synthetic_003833/composite_mean.pt
         232026 100%   14.22MB/s   00:00:00 (xfer#494, to-check=577/1752)
synthetic_003833/metadata.json
           1799 100%    9.69MB/s   00:00:00 (xfer#495, to-check=578/1752)
synthetic_003833/posterior_mean.pt
         232026 100%   18.47MB/s   00:00:00 (xfer#496, to-check=579/1752)
synthetic_003833/posterior_samples.pt
        6553600  27%   12.43MB/s   00:00:01       13238272  54%   12.58MB/s   00:00:00       19529728  79%   11.98MB/s   00:00:00       24657317 100%   12.21MB/s   00:00:01 (xfer#497, to-check=580/1752)
synthetic_003833/posterior_std.pt
         232019 100%  144.92MB/s   00:00:00 (xfer#498, to-check=581/1752)
synthetic_003833/posterior_variance.pt
         232054 100%  161.65MB/s   00:00:00 (xfer#499, to-check=582/1752)
synthetic_003834/
synthetic_003834/composite_mean.pt
         232026 100%   32.89MB/s   00:00:00 (xfer#500, to-check=584/1752)
synthetic_003834/metadata.json
           1799 100%    8.54MB/s   00:00:00 (xfer#501, to-check=585/1752)
synthetic_003834/posterior_mean.pt
         232026 100%   14.73MB/s   00:00:00 (xfer#502, to-check=586/1752)
synthetic_003834/posterior_samples.pt
        6586368  27%   12.05MB/s   00:00:01       13402112  54%   12.98MB/s   00:00:00       20086784  81%   12.60MB/s   00:00:00       24657317 100%   12.29MB/s   00:00:01 (xfer#503, to-check=587/1752)
synthetic_003834/posterior_std.pt
         232019 100%  138.64MB/s   00:00:00 (xfer#504, to-check=588/1752)
synthetic_003834/posterior_variance.pt
         232054 100%  234.93MB/s   00:00:00 (xfer#505, to-check=589/1752)
synthetic_003835/
synthetic_003835/composite_mean.pt
         232026 100%   27.35MB/s   00:00:00 (xfer#506, to-check=591/1752)
synthetic_003835/metadata.json
           1800 100%    8.94MB/s   00:00:00 (xfer#507, to-check=592/1752)
synthetic_003835/posterior_mean.pt
         232026 100%   12.33MB/s   00:00:00 (xfer#508, to-check=593/1752)
synthetic_003835/posterior_samples.pt
        6586368  27%   12.49MB/s   00:00:01       12320768  50%   10.71MB/s   00:00:01       17825792  72%   10.24MB/s   00:00:00       23855104  97%   11.28MB/s   00:00:00       24657317 100%   11.07MB/s   00:00:02 (xfer#509, to-check=594/1752)
synthetic_003835/posterior_std.pt
         232019 100%  168.16MB/s   00:00:00 (xfer#510, to-check=595/1752)
synthetic_003835/posterior_variance.pt
         232054 100%   48.90MB/s   00:00:00 (xfer#511, to-check=596/1752)
synthetic_003836/
synthetic_003836/composite_mean.pt
         232026 100%  171.14MB/s   00:00:00 (xfer#512, to-check=598/1752)
synthetic_003836/metadata.json
           1800 100%    7.88MB/s   00:00:00 (xfer#513, to-check=599/1752)
synthetic_003836/posterior_mean.pt
         232026 100%    6.83MB/s   00:00:00 (xfer#514, to-check=600/1752)
synthetic_003836/posterior_samples.pt
        6455296  26%   12.30MB/s   00:00:01       12845056  52%   12.02MB/s   00:00:00       18743296  76%   11.10MB/s   00:00:00       24657317 100%   11.68MB/s   00:00:02 (xfer#515, to-check=601/1752)
synthetic_003836/posterior_std.pt
         232019 100%   24.00MB/s   00:00:00 (xfer#516, to-check=602/1752)
synthetic_003836/posterior_variance.pt
         232054 100%   31.48MB/s   00:00:00 (xfer#517, to-check=603/1752)
synthetic_003837/
synthetic_003837/composite_mean.pt
         232026 100%   75.60MB/s   00:00:00 (xfer#518, to-check=605/1752)
synthetic_003837/metadata.json
           1799 100%    9.12MB/s   00:00:00 (xfer#519, to-check=606/1752)
synthetic_003837/posterior_mean.pt
         232026 100%    5.73MB/s   00:00:00 (xfer#520, to-check=607/1752)
synthetic_003837/posterior_samples.pt
        6324224  26%   11.85MB/s   00:00:01       11698176  47%   10.02MB/s   00:00:01       17465344  71%   10.68MB/s   00:00:00       23625728  96%   11.54MB/s   00:00:00       24657317 100%   10.82MB/s   00:00:02 (xfer#521, to-check=608/1752)
synthetic_003837/posterior_std.pt
         232019 100%  142.67MB/s   00:00:00 (xfer#522, to-check=609/1752)
synthetic_003837/posterior_variance.pt
         232054 100%  156.85MB/s   00:00:00 (xfer#523, to-check=610/1752)
synthetic_003838/
synthetic_003838/composite_mean.pt
         232026 100%   15.84MB/s   00:00:00 (xfer#524, to-check=612/1752)
synthetic_003838/metadata.json
           1800 100%    8.62MB/s   00:00:00 (xfer#525, to-check=613/1752)
synthetic_003838/posterior_mean.pt
         232026 100%  144.72MB/s   00:00:00 (xfer#526, to-check=614/1752)
synthetic_003838/posterior_samples.pt
        5111808  21%    9.69MB/s   00:00:01        9961472  40%    9.19MB/s   00:00:01       15335424  62%    9.71MB/s   00:00:00       20709376  84%   10.00MB/s   00:00:00       24657317 100%    9.67MB/s   00:00:02 (xfer#527, to-check=615/1752)
synthetic_003838/posterior_std.pt
         232019 100%  152.17MB/s   00:00:00 (xfer#528, to-check=616/1752)
synthetic_003838/posterior_variance.pt
         232054 100%  235.41MB/s   00:00:00 (xfer#529, to-check=617/1752)
synthetic_003839/
synthetic_003839/composite_mean.pt
         232026 100%   37.62MB/s   00:00:00 (xfer#530, to-check=619/1752)
synthetic_003839/metadata.json
           1797 100%    7.36MB/s   00:00:00 (xfer#531, to-check=620/1752)
synthetic_003839/posterior_mean.pt
         232026 100%    9.08MB/s   00:00:00 (xfer#532, to-check=621/1752)
synthetic_003839/posterior_samples.pt
        6619136  27%   12.46MB/s   00:00:01       12517376  51%   11.11MB/s   00:00:01       18808832  76%   11.76MB/s   00:00:00       24657317 100%   11.82MB/s   00:00:01 (xfer#533, to-check=622/1752)
synthetic_003839/posterior_std.pt
         232019 100%  145.56MB/s   00:00:00 (xfer#534, to-check=623/1752)
synthetic_003839/posterior_variance.pt
         232054 100%  255.28MB/s   00:00:00 (xfer#535, to-check=624/1752)
synthetic_003840/
synthetic_003840/composite_mean.pt
         232026 100%   13.22MB/s   00:00:00 (xfer#536, to-check=626/1752)
synthetic_003840/metadata.json
           1799 100%    7.91MB/s   00:00:00 (xfer#537, to-check=627/1752)
synthetic_003840/posterior_mean.pt
         232026 100%   10.67MB/s   00:00:00 (xfer#538, to-check=628/1752)
synthetic_003840/posterior_samples.pt
        6848512  28%   12.74MB/s   00:00:01       13533184  55%   12.69MB/s   00:00:00       20086784  81%   12.29MB/s   00:00:00       24657317 100%   12.08MB/s   00:00:01 (xfer#539, to-check=629/1752)
synthetic_003840/posterior_std.pt
         232019 100%  151.23MB/s   00:00:00 (xfer#540, to-check=630/1752)
synthetic_003840/posterior_variance.pt
         232054 100%   31.13MB/s   00:00:00 (xfer#541, to-check=631/1752)
synthetic_003841/
synthetic_003841/composite_mean.pt
         232026 100%   10.30MB/s   00:00:00 (xfer#542, to-check=633/1752)
synthetic_003841/metadata.json
           1797 100%    7.82MB/s   00:00:00 (xfer#543, to-check=634/1752)
synthetic_003841/posterior_mean.pt
         232026 100%   12.99MB/s   00:00:00 (xfer#544, to-check=635/1752)
synthetic_003841/posterior_samples.pt
        6193152  25%   11.38MB/s   00:00:01       12484608  51%   11.50MB/s   00:00:01       19300352  78%   12.76MB/s   00:00:00       24657317 100%   11.84MB/s   00:00:01 (xfer#545, to-check=636/1752)
synthetic_003841/posterior_std.pt
         232019 100%  140.77MB/s   00:00:00 (xfer#546, to-check=637/1752)
synthetic_003841/posterior_variance.pt
         232054 100%   18.20MB/s   00:00:00 (xfer#547, to-check=638/1752)
synthetic_003842/
synthetic_003842/composite_mean.pt
         232026 100%   29.81MB/s   00:00:00 (xfer#548, to-check=640/1752)
synthetic_003842/metadata.json
           1799 100%    8.46MB/s   00:00:00 (xfer#549, to-check=641/1752)
synthetic_003842/posterior_mean.pt
         232026 100%   11.42MB/s   00:00:00 (xfer#550, to-check=642/1752)
synthetic_003842/posterior_samples.pt
        7077888  29%   13.43MB/s   00:00:01       13238272  54%   11.73MB/s   00:00:00       19267584  78%   11.27MB/s   00:00:00       24657317 100%   12.03MB/s   00:00:01 (xfer#551, to-check=643/1752)
synthetic_003842/posterior_std.pt
         232019 100%  141.84MB/s   00:00:00 (xfer#552, to-check=644/1752)
synthetic_003842/posterior_variance.pt
         232054 100%  230.33MB/s   00:00:00 (xfer#553, to-check=645/1752)
synthetic_003843/
synthetic_003843/composite_mean.pt
         232026 100%   22.89MB/s   00:00:00 (xfer#554, to-check=647/1752)
synthetic_003843/metadata.json
           1799 100%    8.89MB/s   00:00:00 (xfer#555, to-check=648/1752)
synthetic_003843/posterior_mean.pt
         232026 100%   27.19MB/s   00:00:00 (xfer#556, to-check=649/1752)
synthetic_003843/posterior_samples.pt
        4456448  18%    8.29MB/s   00:00:02       10092544  41%   10.73MB/s   00:00:01       16121856  65%   11.18MB/s   00:00:00       22282240  90%   11.45MB/s   00:00:00       24657317 100%   10.31MB/s   00:00:02 (xfer#557, to-check=650/1752)
synthetic_003843/posterior_std.pt
         232019 100%  156.37MB/s   00:00:00 (xfer#558, to-check=651/1752)
synthetic_003843/posterior_variance.pt
         232054 100%  251.48MB/s   00:00:00 (xfer#559, to-check=652/1752)
synthetic_003844/
synthetic_003844/composite_mean.pt
         232026 100%    9.82MB/s   00:00:00 (xfer#560, to-check=654/1752)
synthetic_003844/metadata.json
           1798 100%    8.98MB/s   00:00:00 (xfer#561, to-check=655/1752)
synthetic_003844/posterior_mean.pt
         232026 100%   55.94MB/s   00:00:00 (xfer#562, to-check=656/1752)
synthetic_003844/posterior_samples.pt
        5406720  22%    9.70MB/s   00:00:01       11304960  46%   10.81MB/s   00:00:01       18612224  75%   13.83MB/s   00:00:00       24657317 100%   11.47MB/s   00:00:02 (xfer#563, to-check=657/1752)
synthetic_003844/posterior_std.pt
         232019 100%  125.65MB/s   00:00:00 (xfer#564, to-check=658/1752)
synthetic_003844/posterior_variance.pt
         232054 100%  234.93MB/s   00:00:00 (xfer#565, to-check=659/1752)
synthetic_003845/
synthetic_003845/composite_mean.pt
         232026 100%   14.31MB/s   00:00:00 (xfer#566, to-check=661/1752)
synthetic_003845/metadata.json
           1798 100%    7.49MB/s   00:00:00 (xfer#567, to-check=662/1752)
synthetic_003845/posterior_mean.pt
         232026 100%   17.50MB/s   00:00:00 (xfer#568, to-check=663/1752)
synthetic_003845/posterior_samples.pt
        6619136  27%   12.21MB/s   00:00:01       13434880  54%   12.82MB/s   00:00:00       19988480  81%   12.46MB/s   00:00:00       24657317 100%   12.03MB/s   00:00:01 (xfer#569, to-check=664/1752)
synthetic_003845/posterior_std.pt
         232019 100%  123.55MB/s   00:00:00 (xfer#570, to-check=665/1752)
synthetic_003845/posterior_variance.pt
         232054 100%  179.33MB/s   00:00:00 (xfer#571, to-check=666/1752)
synthetic_003846/
synthetic_003846/composite_mean.pt
         232026 100%   92.24MB/s   00:00:00 (xfer#572, to-check=668/1752)
synthetic_003846/metadata.json
           1798 100%    8.71MB/s   00:00:00 (xfer#573, to-check=669/1752)
synthetic_003846/posterior_mean.pt
         232026 100%   29.30MB/s   00:00:00 (xfer#574, to-check=670/1752)
synthetic_003846/posterior_samples.pt
        5210112  21%    9.67MB/s   00:00:01       12288000  50%   13.26MB/s   00:00:00       19234816  78%   13.10MB/s   00:00:00       24657317 100%   11.86MB/s   00:00:01 (xfer#575, to-check=671/1752)
synthetic_003846/posterior_std.pt
         232019 100%  132.26MB/s   00:00:00 (xfer#576, to-check=672/1752)
synthetic_003846/posterior_variance.pt
         232054 100%  225.13MB/s   00:00:00 (xfer#577, to-check=673/1752)
synthetic_003847/
synthetic_003847/composite_mean.pt
         232026 100%   29.86MB/s   00:00:00 (xfer#578, to-check=675/1752)
synthetic_003847/metadata.json
           1799 100%    8.33MB/s   00:00:00 (xfer#579, to-check=676/1752)
synthetic_003847/posterior_mean.pt
         232026 100%   16.48MB/s   00:00:00 (xfer#580, to-check=677/1752)
synthetic_003847/posterior_samples.pt
        5472256  22%    9.43MB/s   00:00:01       11763712  48%   11.33MB/s   00:00:01       18841600  76%   13.46MB/s   00:00:00       24657317 100%   11.52MB/s   00:00:02 (xfer#581, to-check=678/1752)
synthetic_003847/posterior_std.pt
         232019 100%  120.45MB/s   00:00:00 (xfer#582, to-check=679/1752)
synthetic_003847/posterior_variance.pt
         232054 100%  174.12MB/s   00:00:00 (xfer#583, to-check=680/1752)
synthetic_003848/
synthetic_003848/composite_mean.pt
         232026 100%   30.57MB/s   00:00:00 (xfer#584, to-check=682/1752)
synthetic_003848/metadata.json
           1799 100%    8.67MB/s   00:00:00 (xfer#585, to-check=683/1752)
synthetic_003848/posterior_mean.pt
         232026 100%   10.57MB/s   00:00:00 (xfer#586, to-check=684/1752)
synthetic_003848/posterior_samples.pt
        5242880  21%    9.88MB/s   00:00:01       11272192  46%   11.29MB/s   00:00:01       18350080  74%   13.35MB/s   00:00:00       24657317 100%   11.54MB/s   00:00:02 (xfer#587, to-check=685/1752)
synthetic_003848/posterior_std.pt
         232019 100%  172.34MB/s   00:00:00 (xfer#588, to-check=686/1752)
synthetic_003848/posterior_variance.pt
         232054 100%  183.04MB/s   00:00:00 (xfer#589, to-check=687/1752)
synthetic_003849/
synthetic_003849/composite_mean.pt
         232026 100%   25.08MB/s   00:00:00 (xfer#590, to-check=689/1752)
synthetic_003849/metadata.json
           1798 100%    8.21MB/s   00:00:00 (xfer#591, to-check=690/1752)
synthetic_003849/posterior_mean.pt
         232026 100%   10.67MB/s   00:00:00 (xfer#592, to-check=691/1752)
synthetic_003849/posterior_samples.pt
        6619136  27%   12.54MB/s   00:00:01       13303808  54%   12.40MB/s   00:00:00       19988480  81%   12.57MB/s   00:00:00       24657317 100%   11.75MB/s   00:00:02 (xfer#593, to-check=692/1752)
synthetic_003849/posterior_std.pt
         232019 100%  129.86MB/s   00:00:00 (xfer#594, to-check=693/1752)
synthetic_003849/posterior_variance.pt
         232054 100%  159.08MB/s   00:00:00 (xfer#595, to-check=694/1752)
synthetic_003850/
synthetic_003850/composite_mean.pt
         232026 100%   30.35MB/s   00:00:00 (xfer#596, to-check=696/1752)
synthetic_003850/metadata.json
           1797 100%    9.74MB/s   00:00:00 (xfer#597, to-check=697/1752)
synthetic_003850/posterior_mean.pt
         232026 100%    7.86MB/s   00:00:00 (xfer#598, to-check=698/1752)
synthetic_003850/posterior_samples.pt
        6488064  26%   12.37MB/s   00:00:01       13467648  55%   13.31MB/s   00:00:00       20054016  81%   12.30MB/s   00:00:00       24657317 100%   11.90MB/s   00:00:01 (xfer#599, to-check=699/1752)
synthetic_003850/posterior_std.pt
         232019 100%  151.65MB/s   00:00:00 (xfer#600, to-check=700/1752)
synthetic_003850/posterior_variance.pt
         232054 100%   29.19MB/s   00:00:00 (xfer#601, to-check=701/1752)
synthetic_003851/
synthetic_003851/composite_mean.pt
         232026 100%   32.81MB/s   00:00:00 (xfer#602, to-check=703/1752)
synthetic_003851/metadata.json
           1798 100%    7.87MB/s   00:00:00 (xfer#603, to-check=704/1752)
synthetic_003851/posterior_mean.pt
         232026 100%    9.04MB/s   00:00:00 (xfer#604, to-check=705/1752)
synthetic_003851/posterior_samples.pt
        7208960  29%   13.51MB/s   00:00:01       13893632  56%   12.60MB/s   00:00:00       20545536  83%   12.37MB/s   00:00:00       24657317 100%   12.55MB/s   00:00:01 (xfer#605, to-check=706/1752)
synthetic_003851/posterior_std.pt
         232019 100%  142.47MB/s   00:00:00 (xfer#606, to-check=707/1752)
synthetic_003851/posterior_variance.pt
         232054 100%  186.58MB/s   00:00:00 (xfer#607, to-check=708/1752)
synthetic_003852/
synthetic_003852/composite_mean.pt
         232026 100%   31.90MB/s   00:00:00 (xfer#608, to-check=710/1752)
synthetic_003852/metadata.json
           1798 100%    7.46MB/s   00:00:00 (xfer#609, to-check=711/1752)
synthetic_003852/posterior_mean.pt
         232026 100%    7.34MB/s   00:00:00 (xfer#610, to-check=712/1752)
synthetic_003852/posterior_samples.pt
        6750208  27%   12.81MB/s   00:00:01       13434880  54%   12.52MB/s   00:00:00       19988480  81%   12.39MB/s   00:00:00       24657317 100%   12.30MB/s   00:00:01 (xfer#611, to-check=713/1752)
synthetic_003852/posterior_std.pt
         232019 100%  130.00MB/s   00:00:00 (xfer#612, to-check=714/1752)
synthetic_003852/posterior_variance.pt
         232054 100%  158.53MB/s   00:00:00 (xfer#613, to-check=715/1752)
synthetic_003853/
synthetic_003853/composite_mean.pt
         232026 100%   14.21MB/s   00:00:00 (xfer#614, to-check=717/1752)
synthetic_003853/metadata.json
           1799 100%    8.29MB/s   00:00:00 (xfer#615, to-check=718/1752)
synthetic_003853/posterior_mean.pt
         232026 100%   12.98MB/s   00:00:00 (xfer#616, to-check=719/1752)
synthetic_003853/posterior_samples.pt
        6815744  28%   12.71MB/s   00:00:01       12451840  50%   10.74MB/s   00:00:01       18087936  73%   10.58MB/s   00:00:00       24657317 100%   11.63MB/s   00:00:02 (xfer#617, to-check=720/1752)
synthetic_003853/posterior_std.pt
         232019 100%  132.81MB/s   00:00:00 (xfer#618, to-check=721/1752)
synthetic_003853/posterior_variance.pt
         232054 100%  179.47MB/s   00:00:00 (xfer#619, to-check=722/1752)
synthetic_003854/
synthetic_003854/composite_mean.pt
         232026 100%  181.52MB/s   00:00:00 (xfer#620, to-check=724/1752)
synthetic_003854/metadata.json
           1798 100%    7.09MB/s   00:00:00 (xfer#621, to-check=725/1752)
synthetic_003854/posterior_mean.pt
         232026 100%   15.71MB/s   00:00:00 (xfer#622, to-check=726/1752)
synthetic_003854/posterior_samples.pt
        6193152  25%   10.76MB/s   00:00:01       13271040  54%   13.19MB/s   00:00:00       19431424  79%   11.55MB/s   00:00:00       24657317 100%   11.93MB/s   00:00:01 (xfer#623, to-check=727/1752)
synthetic_003854/posterior_std.pt
         232019 100%  151.77MB/s   00:00:00 (xfer#624, to-check=728/1752)
synthetic_003854/posterior_variance.pt
         232054 100%  201.52MB/s   00:00:00 (xfer#625, to-check=729/1752)
synthetic_003855/
synthetic_003855/composite_mean.pt
         232026 100%   69.17MB/s   00:00:00 (xfer#626, to-check=731/1752)
synthetic_003855/metadata.json
           1799 100%    8.49MB/s   00:00:00 (xfer#627, to-check=732/1752)
synthetic_003855/posterior_mean.pt
         232026 100%   15.11MB/s   00:00:00 (xfer#628, to-check=733/1752)
synthetic_003855/posterior_samples.pt
        6193152  25%   11.74MB/s   00:00:01       13271040  54%   13.28MB/s   00:00:00       19955712  81%   12.66MB/s   00:00:00       24657317 100%   12.31MB/s   00:00:01 (xfer#629, to-check=734/1752)
synthetic_003855/posterior_std.pt
         232019 100%  114.89MB/s   00:00:00 (xfer#630, to-check=735/1752)
synthetic_003855/posterior_variance.pt
         232054 100%  221.27MB/s   00:00:00 (xfer#631, to-check=736/1752)
synthetic_003856/
synthetic_003856/composite_mean.pt
         232026 100%   28.47MB/s   00:00:00 (xfer#632, to-check=738/1752)
synthetic_003856/metadata.json
           1797 100%    7.90MB/s   00:00:00 (xfer#633, to-check=739/1752)
synthetic_003856/posterior_mean.pt
         232026 100%   11.68MB/s   00:00:00 (xfer#634, to-check=740/1752)
synthetic_003856/posterior_samples.pt
        6586368  27%   12.47MB/s   00:00:01       13271040  54%   12.57MB/s   00:00:00       19955712  81%   12.66MB/s   00:00:00       24657317 100%   11.93MB/s   00:00:01 (xfer#635, to-check=741/1752)
synthetic_003856/posterior_std.pt
         232019 100%  144.45MB/s   00:00:00 (xfer#636, to-check=742/1752)
synthetic_003856/posterior_variance.pt
         232054 100%  227.23MB/s   00:00:00 (xfer#637, to-check=743/1752)
synthetic_003857/
synthetic_003857/composite_mean.pt
         232026 100%  172.61MB/s   00:00:00 (xfer#638, to-check=745/1752)
synthetic_003857/metadata.json
           1797 100%    8.53MB/s   00:00:00 (xfer#639, to-check=746/1752)
synthetic_003857/posterior_mean.pt
         232026 100%  176.75MB/s   00:00:00 (xfer#640, to-check=747/1752)
synthetic_003857/posterior_samples.pt
        6717440  27%   12.71MB/s   00:00:01       13402112  54%   12.50MB/s   00:00:00       20086784  81%   12.69MB/s   00:00:00       24657317 100%   12.34MB/s   00:00:01 (xfer#641, to-check=748/1752)
synthetic_003857/posterior_std.pt
         232019 100%  124.79MB/s   00:00:00 (xfer#642, to-check=749/1752)
synthetic_003857/posterior_variance.pt
         232054 100%  239.48MB/s   00:00:00 (xfer#643, to-check=750/1752)
synthetic_003858/
synthetic_003858/composite_mean.pt
         232026 100%   23.24MB/s   00:00:00 (xfer#644, to-check=752/1752)
synthetic_003858/metadata.json
           1798 100%    8.49MB/s   00:00:00 (xfer#645, to-check=753/1752)
synthetic_003858/posterior_mean.pt
         232026 100%   13.90MB/s   00:00:00 (xfer#646, to-check=754/1752)
synthetic_003858/posterior_samples.pt
        6619136  27%   12.54MB/s   00:00:01       13303808  54%   12.56MB/s   00:00:00       19398656  79%   11.42MB/s   00:00:00       24657317 100%   12.09MB/s   00:00:01 (xfer#647, to-check=755/1752)
synthetic_003858/posterior_std.pt
         232019 100%  149.09MB/s   00:00:00 (xfer#648, to-check=756/1752)
synthetic_003858/posterior_variance.pt
         232054 100%   27.55MB/s   00:00:00 (xfer#649, to-check=757/1752)
synthetic_003859/
synthetic_003859/composite_mean.pt
         232026 100%   48.90MB/s   00:00:00 (xfer#650, to-check=759/1752)
synthetic_003859/metadata.json
           1798 100%    8.32MB/s   00:00:00 (xfer#651, to-check=760/1752)
synthetic_003859/posterior_mean.pt
         232026 100%   11.89MB/s   00:00:00 (xfer#652, to-check=761/1752)
synthetic_003859/posterior_samples.pt
        4227072  17%    7.62MB/s   00:00:02        8945664  36%    8.44MB/s   00:00:01       14712832  60%   10.98MB/s   00:00:00       20348928  83%   10.57MB/s   00:00:00       24657317 100%    9.47MB/s   00:00:02 (xfer#653, to-check=762/1752)
synthetic_003859/posterior_std.pt
         232019 100%  141.47MB/s   00:00:00 (xfer#654, to-check=763/1752)
synthetic_003859/posterior_variance.pt
         232054 100%  183.51MB/s   00:00:00 (xfer#655, to-check=764/1752)
synthetic_003860/
synthetic_003860/composite_mean.pt
         232026 100%    8.41MB/s   00:00:00 (xfer#656, to-check=766/1752)
synthetic_003860/metadata.json
           1797 100%    7.30MB/s   00:00:00 (xfer#657, to-check=767/1752)
synthetic_003860/posterior_mean.pt
         232026 100%   26.75MB/s   00:00:00 (xfer#658, to-check=768/1752)
synthetic_003860/posterior_samples.pt
        6029312  24%   11.38MB/s   00:00:01       10223616  41%    7.22MB/s   00:00:01       16252928  66%   11.10MB/s   00:00:00       21889024  89%   10.35MB/s   00:00:00       24657317 100%   10.02MB/s   00:00:02 (xfer#659, to-check=769/1752)
synthetic_003860/posterior_std.pt
         232019 100%  137.53MB/s   00:00:00 (xfer#660, to-check=770/1752)
synthetic_003860/posterior_variance.pt
         232054 100%   62.74MB/s   00:00:00 (xfer#661, to-check=771/1752)
synthetic_003861/
synthetic_003861/composite_mean.pt
         232026 100%   12.59MB/s   00:00:00 (xfer#662, to-check=773/1752)
synthetic_003861/metadata.json
           1798 100%    6.97MB/s   00:00:00 (xfer#663, to-check=774/1752)
synthetic_003861/posterior_mean.pt
         232026 100%    9.71MB/s   00:00:00 (xfer#664, to-check=775/1752)
synthetic_003861/posterior_samples.pt
        5898240  24%   11.15MB/s   00:00:01       11665408  47%   10.98MB/s   00:00:01       17301504  70%   10.49MB/s   00:00:00       21987328  89%    8.55MB/s   00:00:00       24657317 100%    9.74MB/s   00:00:02 (xfer#665, to-check=776/1752)
synthetic_003861/posterior_std.pt
         232019 100%  136.92MB/s   00:00:00 (xfer#666, to-check=777/1752)
synthetic_003861/posterior_variance.pt
         232054 100%   15.14MB/s   00:00:00 (xfer#667, to-check=778/1752)
synthetic_003862/
synthetic_003862/composite_mean.pt
         232026 100%    6.23MB/s   00:00:00 (xfer#668, to-check=780/1752)
synthetic_003862/metadata.json
           1799 100%    8.70MB/s   00:00:00 (xfer#669, to-check=781/1752)
synthetic_003862/posterior_mean.pt
         232026 100%   23.71MB/s   00:00:00 (xfer#670, to-check=782/1752)
synthetic_003862/posterior_samples.pt
        3112960  13%    5.85MB/s   00:00:03        6389760  26%    6.17MB/s   00:00:02        9535488  39%    6.00MB/s   00:00:02       13467648  55%    7.50MB/s   00:00:01       17661952  72%    7.53MB/s   00:00:00       22282240  90%    8.81MB/s   00:00:00       24657317 100%    7.01MB/s   00:00:03 (xfer#671, to-check=783/1752)
synthetic_003862/posterior_std.pt
         232019 100%  153.76MB/s   00:00:00 (xfer#672, to-check=784/1752)
synthetic_003862/posterior_variance.pt
         232054 100%   21.39MB/s   00:00:00 (xfer#673, to-check=785/1752)
synthetic_003863/
synthetic_003863/composite_mean.pt
         232026 100%    4.36MB/s   00:00:00 (xfer#674, to-check=787/1752)
synthetic_003863/metadata.json
           1798 100%    9.07MB/s   00:00:00 (xfer#675, to-check=788/1752)
synthetic_003863/posterior_mean.pt
         232026 100%    7.51MB/s   00:00:00 (xfer#676, to-check=789/1752)
synthetic_003863/posterior_samples.pt
        4096000  17%    7.69MB/s   00:00:02        8552448  35%    8.48MB/s   00:00:01       13008896  53%    8.25MB/s   00:00:01       17727488  72%    8.70MB/s   00:00:00       22708224  92%    9.12MB/s   00:00:00       24657317 100%    8.38MB/s   00:00:02 (xfer#677, to-check=790/1752)
synthetic_003863/posterior_std.pt
         232019 100%  126.51MB/s   00:00:00 (xfer#678, to-check=791/1752)
synthetic_003863/posterior_variance.pt
         232054 100%  147.73MB/s   00:00:00 (xfer#679, to-check=792/1752)
synthetic_003864/
synthetic_003864/composite_mean.pt
         232026 100%    8.88MB/s   00:00:00 (xfer#680, to-check=794/1752)
synthetic_003864/metadata.json
           1799 100%    7.87MB/s   00:00:00 (xfer#681, to-check=795/1752)
synthetic_003864/posterior_mean.pt
         232026 100%    9.10MB/s   00:00:00 (xfer#682, to-check=796/1752)
synthetic_003864/posterior_samples.pt
        4915200  20%    8.98MB/s   00:00:02        9895936  40%    9.48MB/s   00:00:01       14614528  59%    8.48MB/s   00:00:01       19988480  81%    9.90MB/s   00:00:00       24657317 100%    9.22MB/s   00:00:02 (xfer#683, to-check=797/1752)
synthetic_003864/posterior_std.pt
         232019 100%  158.40MB/s   00:00:00 (xfer#684, to-check=798/1752)
synthetic_003864/posterior_variance.pt
         232054 100%  194.11MB/s   00:00:00 (xfer#685, to-check=799/1752)
synthetic_003865/
synthetic_003865/composite_mean.pt
         232026 100%   31.64MB/s   00:00:00 (xfer#686, to-check=801/1752)
synthetic_003865/metadata.json
           1799 100%    7.56MB/s   00:00:00 (xfer#687, to-check=802/1752)
synthetic_003865/posterior_mean.pt
         232026 100%    4.90MB/s   00:00:00 (xfer#688, to-check=803/1752)
synthetic_003865/posterior_samples.pt
        4718592  19%    8.72MB/s   00:00:02        9699328  39%    9.34MB/s   00:00:01       15597568  63%   11.12MB/s   00:00:00       21364736  87%   10.71MB/s   00:00:00       24657317 100%   10.12MB/s   00:00:02 (xfer#689, to-check=804/1752)
synthetic_003865/posterior_std.pt
         232019 100%  146.85MB/s   00:00:00 (xfer#690, to-check=805/1752)
synthetic_003865/posterior_variance.pt
         232054 100%   57.96MB/s   00:00:00 (xfer#691, to-check=806/1752)
synthetic_003866/
synthetic_003866/composite_mean.pt
         232026 100%   63.27MB/s   00:00:00 (xfer#692, to-check=808/1752)
synthetic_003866/metadata.json
           1798 100%    7.97MB/s   00:00:00 (xfer#693, to-check=809/1752)
synthetic_003866/posterior_mean.pt
         232026 100%    7.28MB/s   00:00:00 (xfer#694, to-check=810/1752)
synthetic_003866/posterior_samples.pt
        5472256  22%    9.68MB/s   00:00:01       11272192  46%   11.06MB/s   00:00:01       17399808  71%   11.65MB/s   00:00:00       23691264  96%   11.58MB/s   00:00:00       24657317 100%   10.93MB/s   00:00:02 (xfer#695, to-check=811/1752)
synthetic_003866/posterior_std.pt
         232019 100%    9.58MB/s   00:00:00 (xfer#696, to-check=812/1752)
synthetic_003866/posterior_variance.pt
         232054 100%   24.12MB/s   00:00:00 (xfer#697, to-check=813/1752)
synthetic_003867/
synthetic_003867/composite_mean.pt
         232026 100%    6.99MB/s   00:00:00 (xfer#698, to-check=815/1752)
synthetic_003867/metadata.json
           1799 100%    7.24MB/s   00:00:00 (xfer#699, to-check=816/1752)
synthetic_003867/posterior_mean.pt
         232026 100%  139.33MB/s   00:00:00 (xfer#700, to-check=817/1752)
synthetic_003867/posterior_samples.pt
        6127616  25%   11.65MB/s   00:00:01       13074432  53%   13.21MB/s   00:00:00       19759104  80%   12.70MB/s   00:00:00       24657317 100%   12.30MB/s   00:00:01 (xfer#701, to-check=818/1752)
synthetic_003867/posterior_std.pt
         232019 100%  150.93MB/s   00:00:00 (xfer#702, to-check=819/1752)
synthetic_003867/posterior_variance.pt
         232054 100%  191.94MB/s   00:00:00 (xfer#703, to-check=820/1752)
synthetic_003868/
synthetic_003868/composite_mean.pt
         232026 100%   10.05MB/s   00:00:00 (xfer#704, to-check=822/1752)
synthetic_003868/metadata.json
           1799 100%    8.98MB/s   00:00:00 (xfer#705, to-check=823/1752)
synthetic_003868/posterior_mean.pt
         232026 100%   27.79MB/s   00:00:00 (xfer#706, to-check=824/1752)
synthetic_003868/posterior_samples.pt
        6553600  27%   12.48MB/s   00:00:01        9699328  39%    5.34MB/s   00:00:02       10584064  43%    1.58MB/s   00:00:08       11763712  48%    2.23MB/s   00:00:05       13336576  54%    2.98MB/s   00:00:03       15171584  62%    3.44MB/s   00:00:02       17137664  70%    3.55MB/s   00:00:02       19103744  77%    3.60MB/s   00:00:01       21233664  86%    4.06MB/s   00:00:00       23166976  94%    3.53MB/s   00:00:00       24657317 100%    4.21MB/s   00:00:05 (xfer#707, to-check=825/1752)
synthetic_003868/posterior_std.pt
         232019 100%   39.85MB/s   00:00:00 (xfer#708, to-check=826/1752)
synthetic_003868/posterior_variance.pt
         232054 100%    3.19MB/s   00:00:00 (xfer#709, to-check=827/1752)
synthetic_003869/
synthetic_003869/composite_mean.pt
         232026 100%    3.85MB/s   00:00:00 (xfer#710, to-check=829/1752)
synthetic_003869/metadata.json
           1799 100%    2.49MB/s   00:00:00 (xfer#711, to-check=830/1752)
synthetic_003869/posterior_mean.pt
         232026 100%    6.94MB/s   00:00:00 (xfer#712, to-check=831/1752)
synthetic_003869/posterior_samples.pt
        2359296  10%    4.29MB/s   00:00:04        4456448  18%    3.89MB/s   00:00:04        7340032  30%    5.27MB/s   00:00:03       10223616  41%    5.49MB/s   00:00:02       13369344  54%    5.93MB/s   00:00:01       16646144  68%    6.10MB/s   00:00:01       20054016  81%    6.23MB/s   00:00:00       23330816  95%    6.24MB/s   00:00:00       24657317 100%    5.45MB/s   00:00:04 (xfer#713, to-check=832/1752)
synthetic_003869/posterior_std.pt
         232019 100%   14.99MB/s   00:00:00 (xfer#714, to-check=833/1752)
synthetic_003869/posterior_variance.pt
         232054 100%    5.87MB/s   00:00:00 (xfer#715, to-check=834/1752)
synthetic_003870/
synthetic_003870/composite_mean.pt
         232026 100%    8.35MB/s   00:00:00 (xfer#716, to-check=836/1752)
synthetic_003870/metadata.json
           1797 100%    7.05MB/s   00:00:00 (xfer#717, to-check=837/1752)
synthetic_003870/posterior_mean.pt
         232026 100%   11.45MB/s   00:00:00 (xfer#718, to-check=838/1752)
synthetic_003870/posterior_samples.pt
        3604480  15%    6.85MB/s   00:00:02        7667712  31%    7.49MB/s   00:00:02       11206656  45%    6.59MB/s   00:00:01       15663104  64%    8.26MB/s   00:00:01       19988480  81%    8.00MB/s   00:00:00       24576000 100%    8.66MB/s   00:00:00       24657317 100%    7.57MB/s   00:00:03 (xfer#719, to-check=839/1752)
synthetic_003870/posterior_std.pt
         232019 100%  114.82MB/s   00:00:00 (xfer#720, to-check=840/1752)
synthetic_003870/posterior_variance.pt
         232054 100%   32.75MB/s   00:00:00 (xfer#721, to-check=841/1752)
synthetic_003871/
synthetic_003871/composite_mean.pt
         232026 100%    7.85MB/s   00:00:00 (xfer#722, to-check=843/1752)
synthetic_003871/metadata.json
           1798 100%    7.59MB/s   00:00:00 (xfer#723, to-check=844/1752)
synthetic_003871/posterior_mean.pt
         232026 100%    4.16MB/s   00:00:00 (xfer#724, to-check=845/1752)
synthetic_003871/posterior_samples.pt
        5144576  21%    9.67MB/s   00:00:01       10518528  43%    9.93MB/s   00:00:01       16154624  66%   10.68MB/s   00:00:00       22052864  89%   11.21MB/s   00:00:00       24657317 100%   10.32MB/s   00:00:02 (xfer#725, to-check=846/1752)
synthetic_003871/posterior_std.pt
         232019 100%  133.38MB/s   00:00:00 (xfer#726, to-check=847/1752)
synthetic_003871/posterior_variance.pt
         232054 100%  163.91MB/s   00:00:00 (xfer#727, to-check=848/1752)
synthetic_003872/
synthetic_003872/composite_mean.pt
         232026 100%   28.65MB/s   00:00:00 (xfer#728, to-check=850/1752)
synthetic_003872/metadata.json
           1797 100%    9.41MB/s   00:00:00 (xfer#729, to-check=851/1752)
synthetic_003872/posterior_mean.pt
         232026 100%   11.42MB/s   00:00:00 (xfer#730, to-check=852/1752)
synthetic_003872/posterior_samples.pt
        7208960  29%   13.63MB/s   00:00:01       13762560  56%   12.48MB/s   00:00:00       20447232  83%   12.75MB/s   00:00:00       24657317 100%   12.64MB/s   00:00:01 (xfer#731, to-check=853/1752)
synthetic_003872/posterior_std.pt
         232019 100%  141.47MB/s   00:00:00 (xfer#732, to-check=854/1752)
synthetic_003872/posterior_variance.pt
         232054 100%  239.29MB/s   00:00:00 (xfer#733, to-check=855/1752)
synthetic_003873/
synthetic_003873/composite_mean.pt
         232026 100%    8.18MB/s   00:00:00 (xfer#734, to-check=857/1752)
synthetic_003873/metadata.json
           1799 100%    9.53MB/s   00:00:00 (xfer#735, to-check=858/1752)
synthetic_003873/posterior_mean.pt
         232026 100%   17.73MB/s   00:00:00 (xfer#736, to-check=859/1752)
synthetic_003873/posterior_samples.pt
        4849664  20%    9.11MB/s   00:00:02       12025856  49%   13.45MB/s   00:00:00       18579456  75%   12.29MB/s   00:00:00       24657317 100%   11.70MB/s   00:00:02 (xfer#737, to-check=860/1752)
synthetic_003873/posterior_std.pt
         232019 100%  117.31MB/s   00:00:00 (xfer#738, to-check=861/1752)
synthetic_003873/posterior_variance.pt
         232054 100%   88.52MB/s   00:00:00 (xfer#739, to-check=862/1752)
synthetic_003874/
synthetic_003874/composite_mean.pt
         232026 100%   12.08MB/s   00:00:00 (xfer#740, to-check=864/1752)
synthetic_003874/metadata.json
           1799 100%    9.69MB/s   00:00:00 (xfer#741, to-check=865/1752)
synthetic_003874/posterior_mean.pt
         232026 100%   32.19MB/s   00:00:00 (xfer#742, to-check=866/1752)
synthetic_003874/posterior_samples.pt
        5832704  24%   11.04MB/s   00:00:01       12910592  52%   13.32MB/s   00:00:00       19726336  80%   12.98MB/s   00:00:00       24657317 100%   11.96MB/s   00:00:01 (xfer#743, to-check=867/1752)
synthetic_003874/posterior_std.pt
         232019 100%  157.94MB/s   00:00:00 (xfer#744, to-check=868/1752)
synthetic_003874/posterior_variance.pt
         232054 100%  175.37MB/s   00:00:00 (xfer#745, to-check=869/1752)
synthetic_003875/
synthetic_003875/composite_mean.pt
         232026 100%    2.86MB/s   00:00:00 (xfer#746, to-check=871/1752)
synthetic_003875/metadata.json
           1799 100%    7.76MB/s   00:00:00 (xfer#747, to-check=872/1752)
synthetic_003875/posterior_mean.pt
         232026 100%   47.94MB/s   00:00:00 (xfer#748, to-check=873/1752)
synthetic_003875/posterior_samples.pt
        7176192  29%   13.57MB/s   00:00:01       13926400  56%   12.87MB/s   00:00:00       20545536  83%   12.46MB/s   00:00:00       24657317 100%   12.63MB/s   00:00:01 (xfer#749, to-check=874/1752)
synthetic_003875/posterior_std.pt
         232019 100%  134.27MB/s   00:00:00 (xfer#750, to-check=875/1752)
synthetic_003875/posterior_variance.pt
         232054 100%  174.81MB/s   00:00:00 (xfer#751, to-check=876/1752)
synthetic_003876/
synthetic_003876/composite_mean.pt
         232026 100%   14.33MB/s   00:00:00 (xfer#752, to-check=878/1752)
synthetic_003876/metadata.json
           1798 100%    8.65MB/s   00:00:00 (xfer#753, to-check=879/1752)
synthetic_003876/posterior_mean.pt
         232026 100%   20.64MB/s   00:00:00 (xfer#754, to-check=880/1752)
synthetic_003876/posterior_samples.pt
        6553600  27%   12.50MB/s   00:00:01       13139968  53%   12.51MB/s   00:00:00       19824640  80%   12.51MB/s   00:00:00       24657317 100%   12.29MB/s   00:00:01 (xfer#755, to-check=881/1752)
synthetic_003876/posterior_std.pt
         232019 100%  114.65MB/s   00:00:00 (xfer#756, to-check=882/1752)
synthetic_003876/posterior_variance.pt
         232054 100%  193.10MB/s   00:00:00 (xfer#757, to-check=883/1752)
synthetic_003877/
synthetic_003877/composite_mean.pt
         232026 100%   20.68MB/s   00:00:00 (xfer#758, to-check=885/1752)
synthetic_003877/metadata.json
           1798 100%    8.70MB/s   00:00:00 (xfer#759, to-check=886/1752)
synthetic_003877/posterior_mean.pt
         232026 100%   10.79MB/s   00:00:00 (xfer#760, to-check=887/1752)
synthetic_003877/posterior_samples.pt
        6684672  27%   12.56MB/s   00:00:01       13238272  54%   12.44MB/s   00:00:00       19922944  81%   12.54MB/s   00:00:00       24657317 100%   12.29MB/s   00:00:01 (xfer#761, to-check=888/1752)
synthetic_003877/posterior_std.pt
         232019 100%  136.66MB/s   00:00:00 (xfer#762, to-check=889/1752)
synthetic_003877/posterior_variance.pt
         232054 100%   34.99MB/s   00:00:00 (xfer#763, to-check=890/1752)
synthetic_003878/
synthetic_003878/composite_mean.pt
         232026 100%   74.40MB/s   00:00:00 (xfer#764, to-check=892/1752)
synthetic_003878/metadata.json
           1799 100%    9.75MB/s   00:00:00 (xfer#765, to-check=893/1752)
synthetic_003878/posterior_mean.pt
         232026 100%    9.05MB/s   00:00:00 (xfer#766, to-check=894/1752)
synthetic_003878/posterior_samples.pt
        6717440  27%   12.52MB/s   00:00:01       13402112  54%   12.58MB/s   00:00:00       20086784  81%   12.38MB/s   00:00:00       24657317 100%   12.32MB/s   00:00:01 (xfer#767, to-check=895/1752)
synthetic_003878/posterior_std.pt
         232019 100%  146.92MB/s   00:00:00 (xfer#768, to-check=896/1752)
synthetic_003878/posterior_variance.pt
         232054 100%  151.67MB/s   00:00:00 (xfer#769, to-check=897/1752)
synthetic_003879/
synthetic_003879/composite_mean.pt
         232026 100%   19.97MB/s   00:00:00 (xfer#770, to-check=899/1752)
synthetic_003879/metadata.json
           1799 100%   10.40MB/s   00:00:00 (xfer#771, to-check=900/1752)
synthetic_003879/posterior_mean.pt
         232026 100%   11.52MB/s   00:00:00 (xfer#772, to-check=901/1752)
synthetic_003879/posterior_samples.pt
        5668864  23%   10.43MB/s   00:00:01       11960320  49%   11.95MB/s   00:00:01       17727488  72%   10.67MB/s   00:00:00       21233664  86%    6.28MB/s   00:00:00       23986176  97%    5.22MB/s   00:00:00       24657317 100%    8.72MB/s   00:00:02 (xfer#773, to-check=902/1752)
synthetic_003879/posterior_std.pt
         232019 100%   36.84MB/s   00:00:00 (xfer#774, to-check=903/1752)
synthetic_003879/posterior_variance.pt
         232054 100%    5.80MB/s   00:00:00 (xfer#775, to-check=904/1752)
synthetic_003880/
synthetic_003880/composite_mean.pt
         232026 100%   21.25MB/s   00:00:00 (xfer#776, to-check=906/1752)
synthetic_003880/metadata.json
           1799 100%    8.17MB/s   00:00:00 (xfer#777, to-check=907/1752)
synthetic_003880/posterior_mean.pt
         232026 100%    4.91MB/s   00:00:00 (xfer#778, to-check=908/1752)
synthetic_003880/posterior_samples.pt
        3178496  13%    6.05MB/s   00:00:03        6979584  28%    7.21MB/s   00:00:02       10256384  42%    6.13MB/s   00:00:02       13795328  56%    6.51MB/s   00:00:01       17727488  72%    7.43MB/s   00:00:00       21659648  88%    7.10MB/s   00:00:00       24657317 100%    6.63MB/s   00:00:03 (xfer#779, to-check=909/1752)
synthetic_003880/posterior_std.pt
         232019 100%   94.24MB/s   00:00:00 (xfer#780, to-check=910/1752)
synthetic_003880/posterior_variance.pt
         232054 100%    5.17MB/s   00:00:00 (xfer#781, to-check=911/1752)
synthetic_003881/
synthetic_003881/composite_mean.pt
         232026 100%    4.89MB/s   00:00:00 (xfer#782, to-check=913/1752)
synthetic_003881/metadata.json
           1799 100%    6.55MB/s   00:00:00 (xfer#783, to-check=914/1752)
synthetic_003881/posterior_mean.pt
         232026 100%   34.79MB/s   00:00:00 (xfer#784, to-check=915/1752)
synthetic_003881/posterior_samples.pt
        2654208  11%    4.90MB/s   00:00:04        4882432  20%    4.18MB/s   00:00:04        7110656  29%    4.02MB/s   00:00:04        9469952  38%    4.32MB/s   00:00:03       11698176  47%    3.97MB/s   00:00:03       14450688  59%    5.16MB/s   00:00:01       16416768  67%    3.52MB/s   00:00:02       19267584  78%    5.44MB/s   00:00:00       22183936  90%    5.54MB/s   00:00:00       24657317 100%    4.54MB/s   00:00:05 (xfer#785, to-check=916/1752)
synthetic_003881/posterior_std.pt
         232019 100%  155.27MB/s   00:00:00 (xfer#786, to-check=917/1752)
synthetic_003881/posterior_variance.pt
         232054 100%   23.92MB/s   00:00:00 (xfer#787, to-check=918/1752)
synthetic_003882/
synthetic_003882/composite_mean.pt
         232026 100%    3.46MB/s   00:00:00 (xfer#788, to-check=920/1752)
synthetic_003882/metadata.json
           1799 100%    1.74MB/s   00:00:00 (xfer#789, to-check=921/1752)
synthetic_003882/posterior_mean.pt
         232026 100%    5.94MB/s   00:00:00 (xfer#790, to-check=922/1752)
synthetic_003882/posterior_samples.pt
        3211264  13%    5.81MB/s   00:00:03        6750208  27%    6.50MB/s   00:00:02       10551296  43%    6.90MB/s   00:00:01       14352384  58%    7.08MB/s   00:00:01       18153472  74%    7.21MB/s   00:00:00       21954560  89%    6.79MB/s   00:00:00       24657317 100%    6.85MB/s   00:00:03 (xfer#791, to-check=923/1752)
synthetic_003882/posterior_std.pt
         232019 100%  100.48MB/s   00:00:00 (xfer#792, to-check=924/1752)
synthetic_003882/posterior_variance.pt
         232054 100%   30.15MB/s   00:00:00 (xfer#793, to-check=925/1752)
synthetic_003883/
synthetic_003883/composite_mean.pt
         232026 100%    5.92MB/s   00:00:00 (xfer#794, to-check=927/1752)
synthetic_003883/metadata.json
           1798 100%    8.02MB/s   00:00:00 (xfer#795, to-check=928/1752)
synthetic_003883/posterior_mean.pt
         232026 100%    5.70MB/s   00:00:00 (xfer#796, to-check=929/1752)
synthetic_003883/posterior_samples.pt
        4227072  17%    7.93MB/s   00:00:02        9469952  38%    9.26MB/s   00:00:01       14319616  58%    8.90MB/s   00:00:01       19169280  78%    8.83MB/s   00:00:00       24543232 100%   10.13MB/s   00:00:00       24657317 100%    8.88MB/s   00:00:02 (xfer#797, to-check=930/1752)
synthetic_003883/posterior_std.pt
         232019 100%  143.40MB/s   00:00:00 (xfer#798, to-check=931/1752)
synthetic_003883/posterior_variance.pt
         232054 100%  231.01MB/s   00:00:00 (xfer#799, to-check=932/1752)
synthetic_003884/
synthetic_003884/composite_mean.pt
         232026 100%   13.15MB/s   00:00:00 (xfer#800, to-check=934/1752)
synthetic_003884/metadata.json
           1800 100%    8.10MB/s   00:00:00 (xfer#801, to-check=935/1752)
synthetic_003884/posterior_mean.pt
         232026 100%   14.45MB/s   00:00:00 (xfer#802, to-check=936/1752)
synthetic_003884/posterior_samples.pt
        5275648  21%   10.03MB/s   00:00:01       10649600  43%    9.36MB/s   00:00:01       16023552  65%   10.02MB/s   00:00:00       22052864  89%   11.07MB/s   00:00:00       24657317 100%   10.22MB/s   00:00:02 (xfer#803, to-check=937/1752)
synthetic_003884/posterior_std.pt
         232019 100%  133.61MB/s   00:00:00 (xfer#804, to-check=938/1752)
synthetic_003884/posterior_variance.pt
         232054 100%  231.01MB/s   00:00:00 (xfer#805, to-check=939/1752)
synthetic_003885/
synthetic_003885/composite_mean.pt
         232026 100%  117.27MB/s   00:00:00 (xfer#806, to-check=941/1752)
synthetic_003885/metadata.json
           1799 100%   10.46MB/s   00:00:00 (xfer#807, to-check=942/1752)
synthetic_003885/posterior_mean.pt
         232026 100%   12.68MB/s   00:00:00 (xfer#808, to-check=943/1752)
synthetic_003885/posterior_samples.pt
        6914048  28%   13.10MB/s   00:00:01       12812288  52%   11.02MB/s   00:00:01       20381696  83%   14.44MB/s   00:00:00       24657317 100%   12.53MB/s   00:00:01 (xfer#809, to-check=944/1752)
synthetic_003885/posterior_std.pt
         232019 100%  136.92MB/s   00:00:00 (xfer#810, to-check=945/1752)
synthetic_003885/posterior_variance.pt
         232054 100%   53.52MB/s   00:00:00 (xfer#811, to-check=946/1752)
synthetic_003886/
synthetic_003886/composite_mean.pt
         232026 100%   33.88MB/s   00:00:00 (xfer#812, to-check=948/1752)
synthetic_003886/metadata.json
           1798 100%  187.06KB/s   00:00:00 (xfer#813, to-check=949/1752)
synthetic_003886/posterior_mean.pt
         232026 100%   19.75MB/s   00:00:00 (xfer#814, to-check=950/1752)
synthetic_003886/posterior_samples.pt
        6422528  26%   12.18MB/s   00:00:01       10747904  44%    8.24MB/s   00:00:01       17563648  71%   12.94MB/s   00:00:00       24248320  98%   12.46MB/s   00:00:00       24657317 100%   10.99MB/s   00:00:02 (xfer#815, to-check=951/1752)
synthetic_003886/posterior_std.pt
         232019 100%  125.72MB/s   00:00:00 (xfer#816, to-check=952/1752)
synthetic_003886/posterior_variance.pt
         232054 100%  220.22MB/s   00:00:00 (xfer#817, to-check=953/1752)
synthetic_003887/
synthetic_003887/composite_mean.pt
         232026 100%  181.23MB/s   00:00:00 (xfer#818, to-check=955/1752)
synthetic_003887/metadata.json
           1799 100%   10.34MB/s   00:00:00 (xfer#819, to-check=956/1752)
synthetic_003887/posterior_mean.pt
         232026 100%  200.80MB/s   00:00:00 (xfer#820, to-check=957/1752)
synthetic_003887/posterior_samples.pt
        4816896  20%    8.85MB/s   00:00:02       10584064  43%   10.94MB/s   00:00:01       17137664  70%   11.79MB/s   00:00:00       23953408  97%   12.73MB/s   00:00:00       24657317 100%   11.16MB/s   00:00:02 (xfer#821, to-check=958/1752)
synthetic_003887/posterior_std.pt
         232019 100%    3.45MB/s   00:00:00 (xfer#822, to-check=959/1752)
synthetic_003887/posterior_variance.pt
         232054 100%    3.50MB/s   00:00:00 (xfer#823, to-check=960/1752)
synthetic_003888/
synthetic_003888/composite_mean.pt
         232026 100%    7.72MB/s   00:00:00 (xfer#824, to-check=962/1752)
synthetic_003888/metadata.json
           1798 100%    2.67MB/s   00:00:00 (xfer#825, to-check=963/1752)
synthetic_003888/posterior_mean.pt
         232026 100%   15.80MB/s   00:00:00 (xfer#826, to-check=964/1752)
synthetic_003888/posterior_samples.pt
        5341184  22%    9.85MB/s   00:00:01       10977280  45%   10.34MB/s   00:00:01       17006592  69%   11.43MB/s   00:00:00       23822336  97%   12.96MB/s   00:00:00       24657317 100%   10.93MB/s   00:00:02 (xfer#827, to-check=965/1752)
synthetic_003888/posterior_std.pt
         232019 100%  155.61MB/s   00:00:00 (xfer#828, to-check=966/1752)
synthetic_003888/posterior_variance.pt
         232054 100%   90.51MB/s   00:00:00 (xfer#829, to-check=967/1752)
synthetic_003889/
synthetic_003889/composite_mean.pt
         232026 100%   78.50MB/s   00:00:00 (xfer#830, to-check=969/1752)
synthetic_003889/metadata.json
           1800 100%    8.72MB/s   00:00:00 (xfer#831, to-check=970/1752)
synthetic_003889/posterior_mean.pt
         232026 100%    6.25MB/s   00:00:00 (xfer#832, to-check=971/1752)
synthetic_003889/posterior_samples.pt
        5439488  22%    9.98MB/s   00:00:01       10027008  41%    8.57MB/s   00:00:01       14876672  60%    9.00MB/s   00:00:01       19595264  79%    8.75MB/s   00:00:00       24657317 100%    9.24MB/s   00:00:02 (xfer#833, to-check=972/1752)
synthetic_003889/posterior_std.pt
         232019 100%  115.00MB/s   00:00:00 (xfer#834, to-check=973/1752)
synthetic_003889/posterior_variance.pt
         232054 100%   12.48MB/s   00:00:00 (xfer#835, to-check=974/1752)
synthetic_003890/
synthetic_003890/composite_mean.pt
         232026 100%    9.27MB/s   00:00:00 (xfer#836, to-check=976/1752)
synthetic_003890/metadata.json
           1798 100%    9.53MB/s   00:00:00 (xfer#837, to-check=977/1752)
synthetic_003890/posterior_mean.pt
         232026 100%   26.88MB/s   00:00:00 (xfer#838, to-check=978/1752)
synthetic_003890/posterior_samples.pt
        5472256  22%   10.12MB/s   00:00:01       10584064  43%    9.69MB/s   00:00:01       16056320  65%   10.21MB/s   00:00:00       21692416  88%   10.43MB/s   00:00:00       24657317 100%    9.98MB/s   00:00:02 (xfer#839, to-check=979/1752)
synthetic_003890/posterior_std.pt
         232019 100%  146.52MB/s   00:00:00 (xfer#840, to-check=980/1752)
synthetic_003890/posterior_variance.pt
         232054 100%   11.33MB/s   00:00:00 (xfer#841, to-check=981/1752)
synthetic_003891/
synthetic_003891/composite_mean.pt
         232026 100%   48.98MB/s   00:00:00 (xfer#842, to-check=983/1752)
synthetic_003891/metadata.json
           1800 100%    9.81MB/s   00:00:00 (xfer#843, to-check=984/1752)
synthetic_003891/posterior_mean.pt
         232026 100%   25.85MB/s   00:00:00 (xfer#844, to-check=985/1752)
synthetic_003891/posterior_samples.pt
        5144576  21%    9.79MB/s   00:00:01       10518528  43%   10.16MB/s   00:00:01       16023552  65%   10.27MB/s   00:00:00       21659648  88%   10.48MB/s   00:00:00       24657317 100%    9.63MB/s   00:00:02 (xfer#845, to-check=986/1752)
synthetic_003891/posterior_std.pt
         232019 100%  126.72MB/s   00:00:00 (xfer#846, to-check=987/1752)
synthetic_003891/posterior_variance.pt
         232054 100%   25.30MB/s   00:00:00 (xfer#847, to-check=988/1752)
synthetic_003892/
synthetic_003892/composite_mean.pt
         232026 100%    6.21MB/s   00:00:00 (xfer#848, to-check=990/1752)
synthetic_003892/metadata.json
           1799 100%    8.67MB/s   00:00:00 (xfer#849, to-check=991/1752)
synthetic_003892/posterior_mean.pt
         232026 100%   48.59MB/s   00:00:00 (xfer#850, to-check=992/1752)
synthetic_003892/posterior_samples.pt
        4489216  18%    8.36MB/s   00:00:02        9601024  39%    9.35MB/s   00:00:01       14843904  60%    9.93MB/s   00:00:00       20217856  82%   10.13MB/s   00:00:00       24657317 100%    9.58MB/s   00:00:02 (xfer#851, to-check=993/1752)
synthetic_003892/posterior_std.pt
         232019 100%  153.12MB/s   00:00:00 (xfer#852, to-check=994/1752)
synthetic_003892/posterior_variance.pt
         232054 100%   62.20MB/s   00:00:00 (xfer#853, to-check=995/1752)
synthetic_003893/
synthetic_003893/composite_mean.pt
         232026 100%   11.42MB/s   00:00:00 (xfer#854, to-check=997/1752)
synthetic_003893/metadata.json
           1799 100%    9.13MB/s   00:00:00 (xfer#855, to-check=998/1752)
synthetic_003893/posterior_mean.pt
         232026 100%   10.16MB/s   00:00:00 (xfer#856, to-check=999/1752)
synthetic_003893/posterior_samples.pt
        6258688  25%   11.69MB/s   00:00:01       11927552  48%   10.81MB/s   00:00:01       18317312  74%   12.00MB/s   00:00:00       24477696  99%   11.08MB/s   00:00:00       24657317 100%   11.27MB/s   00:00:02 (xfer#857, to-check=1000/1752)
synthetic_003893/posterior_std.pt
         232019 100%  142.12MB/s   00:00:00 (xfer#858, to-check=1001/1752)
synthetic_003893/posterior_variance.pt
         232054 100%   13.40MB/s   00:00:00 (xfer#859, to-check=1002/1752)
synthetic_003894/
synthetic_003894/composite_mean.pt
         232026 100%   29.30MB/s   00:00:00 (xfer#860, to-check=1004/1752)
synthetic_003894/metadata.json
           1800 100%   10.16MB/s   00:00:00 (xfer#861, to-check=1005/1752)
synthetic_003894/posterior_mean.pt
         232026 100%    8.67MB/s   00:00:00 (xfer#862, to-check=1006/1752)
synthetic_003894/posterior_samples.pt
        6160384  25%   11.48MB/s   00:00:01       12189696  49%   11.47MB/s   00:00:01       17825792  72%   10.61MB/s   00:00:00       23592960  96%   10.50MB/s   00:00:00       24657317 100%   10.94MB/s   00:00:02 (xfer#863, to-check=1007/1752)
synthetic_003894/posterior_std.pt
         232019 100%  142.21MB/s   00:00:00 (xfer#864, to-check=1008/1752)
synthetic_003894/posterior_variance.pt
         232054 100%  249.25MB/s   00:00:00 (xfer#865, to-check=1009/1752)
synthetic_003895/
synthetic_003895/composite_mean.pt
         232026 100%   15.97MB/s   00:00:00 (xfer#866, to-check=1011/1752)
synthetic_003895/metadata.json
           1800 100%    7.95MB/s   00:00:00 (xfer#867, to-check=1012/1752)
synthetic_003895/posterior_mean.pt
         232026 100%   14.77MB/s   00:00:00 (xfer#868, to-check=1013/1752)
synthetic_003895/posterior_samples.pt
        5636096  23%   10.69MB/s   00:00:01       10747904  44%    9.72MB/s   00:00:01       16515072  67%   10.54MB/s   00:00:00       22413312  91%   11.25MB/s   00:00:00       24657317 100%   10.54MB/s   00:00:02 (xfer#869, to-check=1014/1752)
synthetic_003895/posterior_std.pt
         232019 100%  147.62MB/s   00:00:00 (xfer#870, to-check=1015/1752)
synthetic_003895/posterior_variance.pt
         232054 100%  180.52MB/s   00:00:00 (xfer#871, to-check=1016/1752)
synthetic_003896/
synthetic_003896/composite_mean.pt
         232026 100%   98.05MB/s   00:00:00 (xfer#872, to-check=1018/1752)
synthetic_003896/metadata.json
           1798 100%    7.52MB/s   00:00:00 (xfer#873, to-check=1019/1752)
synthetic_003896/posterior_mean.pt
         232026 100%    9.05MB/s   00:00:00 (xfer#874, to-check=1020/1752)
synthetic_003896/posterior_samples.pt
        6750208  27%   12.85MB/s   00:00:01       12517376  51%   10.93MB/s   00:00:01       19202048  78%   12.68MB/s   00:00:00       24657317 100%   12.15MB/s   00:00:01 (xfer#875, to-check=1021/1752)
synthetic_003896/posterior_std.pt
         232019 100%  141.84MB/s   00:00:00 (xfer#876, to-check=1022/1752)
synthetic_003896/posterior_variance.pt
         232054 100%  226.50MB/s   00:00:00 (xfer#877, to-check=1023/1752)
synthetic_003897/
synthetic_003897/composite_mean.pt
         232026 100%   33.22MB/s   00:00:00 (xfer#878, to-check=1025/1752)
synthetic_003897/metadata.json
           1799 100%   10.40MB/s   00:00:00 (xfer#879, to-check=1026/1752)
synthetic_003897/posterior_mean.pt
         232026 100%   10.23MB/s   00:00:00 (xfer#880, to-check=1027/1752)
synthetic_003897/posterior_samples.pt
        6488064  26%   11.79MB/s   00:00:01       13565952  55%   13.33MB/s   00:00:00       20119552  82%   12.22MB/s   00:00:00       24657317 100%   12.23MB/s   00:00:01 (xfer#881, to-check=1028/1752)
synthetic_003897/posterior_std.pt
         232019 100%  155.72MB/s   00:00:00 (xfer#882, to-check=1029/1752)
synthetic_003897/posterior_variance.pt
         232054 100%  189.32MB/s   00:00:00 (xfer#883, to-check=1030/1752)
synthetic_003898/
synthetic_003898/composite_mean.pt
         232026 100%  150.54MB/s   00:00:00 (xfer#884, to-check=1032/1752)
synthetic_003898/metadata.json
           1800 100%    9.44MB/s   00:00:00 (xfer#885, to-check=1033/1752)
synthetic_003898/posterior_mean.pt
         232026 100%   10.23MB/s   00:00:00 (xfer#886, to-check=1034/1752)
synthetic_003898/posterior_samples.pt
        6684672  27%   12.51MB/s   00:00:01       13369344  54%   12.67MB/s   00:00:00       20054016  81%   12.42MB/s   00:00:00       24657317 100%   12.31MB/s   00:00:01 (xfer#887, to-check=1035/1752)
synthetic_003898/posterior_std.pt
         232019 100%  123.27MB/s   00:00:00 (xfer#888, to-check=1036/1752)
synthetic_003898/posterior_variance.pt
         232054 100%  163.33MB/s   00:00:00 (xfer#889, to-check=1037/1752)
synthetic_003899/
synthetic_003899/composite_mean.pt
         232026 100%   17.22MB/s   00:00:00 (xfer#890, to-check=1039/1752)
synthetic_003899/metadata.json
           1799 100%    8.17MB/s   00:00:00 (xfer#891, to-check=1040/1752)
synthetic_003899/posterior_mean.pt
         232026 100%   20.33MB/s   00:00:00 (xfer#892, to-check=1041/1752)
synthetic_003899/posterior_samples.pt
        6619136  27%   12.33MB/s   00:00:01       13303808  54%   12.72MB/s   00:00:00       19955712  81%   12.68MB/s   00:00:00       24657317 100%   11.87MB/s   00:00:01 (xfer#893, to-check=1042/1752)
synthetic_003899/posterior_std.pt
         232019 100%  135.92MB/s   00:00:00 (xfer#894, to-check=1043/1752)
synthetic_003899/posterior_variance.pt
         232054 100%  235.23MB/s   00:00:00 (xfer#895, to-check=1044/1752)
synthetic_003900/
synthetic_003900/composite_mean.pt
         232026 100%  185.18MB/s   00:00:00 (xfer#896, to-check=1046/1752)
synthetic_003900/metadata.json
           1799 100%    8.58MB/s   00:00:00 (xfer#897, to-check=1047/1752)
synthetic_003900/posterior_mean.pt
         232026 100%  204.16MB/s   00:00:00 (xfer#898, to-check=1048/1752)
synthetic_003900/posterior_samples.pt
        7012352  28%   13.17MB/s   00:00:01       13697024  56%   12.70MB/s   00:00:00       19267584  78%   10.58MB/s   00:00:00       24657317 100%   11.98MB/s   00:00:01 (xfer#899, to-check=1049/1752)
synthetic_003900/posterior_std.pt
         232019 100%   69.56MB/s   00:00:00 (xfer#900, to-check=1050/1752)
synthetic_003900/posterior_variance.pt
         232054 100%    4.24MB/s   00:00:00 (xfer#901, to-check=1051/1752)
synthetic_003901/
synthetic_003901/composite_mean.pt
         232026 100%   39.16MB/s   00:00:00 (xfer#902, to-check=1053/1752)
synthetic_003901/metadata.json
           1800 100%    9.54MB/s   00:00:00 (xfer#903, to-check=1054/1752)
synthetic_003901/posterior_mean.pt
         232026 100%   13.19MB/s   00:00:00 (xfer#904, to-check=1055/1752)
synthetic_003901/posterior_samples.pt
        5373952  22%    9.56MB/s   00:00:01       11141120  45%   10.84MB/s   00:00:01       17039360  69%   10.94MB/s   00:00:00       22675456  92%   10.74MB/s   00:00:00       24657317 100%   10.31MB/s   00:00:02 (xfer#905, to-check=1056/1752)
synthetic_003901/posterior_std.pt
         232019 100%  147.22MB/s   00:00:00 (xfer#906, to-check=1057/1752)
synthetic_003901/posterior_variance.pt
         232054 100%  251.48MB/s   00:00:00 (xfer#907, to-check=1058/1752)
synthetic_003902/
synthetic_003902/composite_mean.pt
         232026 100%   79.28MB/s   00:00:00 (xfer#908, to-check=1060/1752)
synthetic_003902/metadata.json
           1798 100%    8.79MB/s   00:00:00 (xfer#909, to-check=1061/1752)
synthetic_003902/posterior_mean.pt
         232026 100%    6.52MB/s   00:00:00 (xfer#910, to-check=1062/1752)
synthetic_003902/posterior_samples.pt
        5308416  22%   10.03MB/s   00:00:01       10944512  44%   10.08MB/s   00:00:01       17104896  69%   11.60MB/s   00:00:00       23527424  95%   11.63MB/s   00:00:00       24657317 100%   10.77MB/s   00:00:02 (xfer#911, to-check=1063/1752)
synthetic_003902/posterior_std.pt
         232019 100%   57.73MB/s   00:00:00 (xfer#912, to-check=1064/1752)
synthetic_003902/posterior_variance.pt
         232054 100%   83.10MB/s   00:00:00 (xfer#913, to-check=1065/1752)
synthetic_003903/
synthetic_003903/composite_mean.pt
         232026 100%    5.08MB/s   00:00:00 (xfer#914, to-check=1067/1752)
synthetic_003903/metadata.json
           1799 100%    7.24MB/s   00:00:00 (xfer#915, to-check=1068/1752)
synthetic_003903/posterior_mean.pt
         232026 100%   21.77MB/s   00:00:00 (xfer#916, to-check=1069/1752)
synthetic_003903/posterior_samples.pt
        5603328  23%   10.68MB/s   00:00:01       12058624  49%   12.25MB/s   00:00:00       17956864  73%   11.08MB/s   00:00:00       23986176  97%   11.21MB/s   00:00:00       24657317 100%   11.10MB/s   00:00:02 (xfer#917, to-check=1070/1752)
synthetic_003903/posterior_std.pt
         232019 100%  154.29MB/s   00:00:00 (xfer#918, to-check=1071/1752)
synthetic_003903/posterior_variance.pt
         232054 100%  163.10MB/s   00:00:00 (xfer#919, to-check=1072/1752)
synthetic_003904/
synthetic_003904/composite_mean.pt
         232026 100%   83.47MB/s   00:00:00 (xfer#920, to-check=1074/1752)
synthetic_003904/metadata.json
           1797 100%    7.97MB/s   00:00:00 (xfer#921, to-check=1075/1752)
synthetic_003904/posterior_mean.pt
         232026 100%   12.54MB/s   00:00:00 (xfer#922, to-check=1076/1752)
synthetic_003904/posterior_samples.pt
        5668864  23%   10.81MB/s   00:00:01       11960320  49%   11.95MB/s   00:00:01       17858560  72%   11.19MB/s   00:00:00       23429120  95%   10.62MB/s   00:00:00       24657317 100%   10.77MB/s   00:00:02 (xfer#923, to-check=1077/1752)
synthetic_003904/posterior_std.pt
         232019 100%  173.41MB/s   00:00:00 (xfer#924, to-check=1078/1752)
synthetic_003904/posterior_variance.pt
         232054 100%   40.97MB/s   00:00:00 (xfer#925, to-check=1079/1752)
synthetic_003905/
synthetic_003905/composite_mean.pt
         232026 100%    5.46MB/s   00:00:00 (xfer#926, to-check=1081/1752)
synthetic_003905/metadata.json
           1799 100%    7.09MB/s   00:00:00 (xfer#927, to-check=1082/1752)
synthetic_003905/posterior_mean.pt
         232026 100%   40.21MB/s   00:00:00 (xfer#928, to-check=1083/1752)
synthetic_003905/posterior_samples.pt
        3506176  14%    6.32MB/s   00:00:03        7438336  30%    6.92MB/s   00:00:02       11239424  46%    7.15MB/s   00:00:01       15564800  63%    8.04MB/s   00:00:01       20152320  82%    8.43MB/s   00:00:00       24346624  99%    7.90MB/s   00:00:00       24657317 100%    7.37MB/s   00:00:03 (xfer#929, to-check=1084/1752)
synthetic_003905/posterior_std.pt
         232019 100%  170.07MB/s   00:00:00 (xfer#930, to-check=1085/1752)
synthetic_003905/posterior_variance.pt
         232054 100%   18.80MB/s   00:00:00 (xfer#931, to-check=1086/1752)
synthetic_003906/
synthetic_003906/composite_mean.pt
         232026 100%    5.15MB/s   00:00:00 (xfer#932, to-check=1088/1752)
synthetic_003906/metadata.json
           1800 100%    7.98MB/s   00:00:00 (xfer#933, to-check=1089/1752)
synthetic_003906/posterior_mean.pt
         232026 100%   83.13MB/s   00:00:00 (xfer#934, to-check=1090/1752)
synthetic_003906/posterior_samples.pt
        4718592  19%    8.80MB/s   00:00:02        9568256  39%    8.70MB/s   00:00:01       14680064  60%    9.70MB/s   00:00:00       19431424  79%    9.06MB/s   00:00:00       23199744  94%    7.07MB/s   00:00:00       24657317 100%    8.62MB/s   00:00:02 (xfer#935, to-check=1091/1752)
synthetic_003906/posterior_std.pt
         232019 100%  141.65MB/s   00:00:00 (xfer#936, to-check=1092/1752)
synthetic_003906/posterior_variance.pt
         232054 100%  159.00MB/s   00:00:00 (xfer#937, to-check=1093/1752)
synthetic_003907/
synthetic_003907/composite_mean.pt
         232026 100%   17.00MB/s   00:00:00 (xfer#938, to-check=1095/1752)
synthetic_003907/metadata.json
           1799 100%   10.04MB/s   00:00:00 (xfer#939, to-check=1096/1752)
synthetic_003907/posterior_mean.pt
         232026 100%    5.05MB/s   00:00:00 (xfer#940, to-check=1097/1752)
synthetic_003907/posterior_samples.pt
        3932160  16%    7.47MB/s   00:00:02        9043968  37%    9.63MB/s   00:00:01       14811136  60%   10.56MB/s   00:00:00       20185088  82%   10.09MB/s   00:00:00       24657317 100%    9.38MB/s   00:00:02 (xfer#941, to-check=1098/1752)
synthetic_003907/posterior_std.pt
         232019 100%  138.21MB/s   00:00:00 (xfer#942, to-check=1099/1752)
synthetic_003907/posterior_variance.pt
         232054 100%  166.89MB/s   00:00:00 (xfer#943, to-check=1100/1752)
synthetic_003908/
synthetic_003908/composite_mean.pt
         232026 100%    9.55MB/s   00:00:00 (xfer#944, to-check=1102/1752)
synthetic_003908/metadata.json
           1800 100%    7.00MB/s   00:00:00 (xfer#945, to-check=1103/1752)
synthetic_003908/posterior_mean.pt
         232026 100%    6.14MB/s   00:00:00 (xfer#946, to-check=1104/1752)
synthetic_003908/posterior_samples.pt
        6127616  25%   11.68MB/s   00:00:01       11534336  47%   10.26MB/s   00:00:01       17694720  72%   11.02MB/s   00:00:00       24281088  98%   12.56MB/s   00:00:00       24657317 100%   11.16MB/s   00:00:02 (xfer#947, to-check=1105/1752)
synthetic_003908/posterior_std.pt
         232019 100%  163.80MB/s   00:00:00 (xfer#948, to-check=1106/1752)
synthetic_003908/posterior_variance.pt
         232054 100%  173.99MB/s   00:00:00 (xfer#949, to-check=1107/1752)
synthetic_003909/
synthetic_003909/composite_mean.pt
         232026 100%    8.04MB/s   00:00:00 (xfer#950, to-check=1109/1752)
synthetic_003909/metadata.json
           1800 100%    7.59MB/s   00:00:00 (xfer#951, to-check=1110/1752)
synthetic_003909/posterior_mean.pt
         232026 100%   27.15MB/s   00:00:00 (xfer#952, to-check=1111/1752)
synthetic_003909/posterior_samples.pt
        6225920  25%   11.86MB/s   00:00:01       11829248  48%   10.68MB/s   00:00:01       17498112  71%   10.77MB/s   00:00:00       23920640  97%   12.22MB/s   00:00:00       24657317 100%   11.27MB/s   00:00:02 (xfer#953, to-check=1112/1752)
synthetic_003909/posterior_std.pt
         232019 100%  162.93MB/s   00:00:00 (xfer#954, to-check=1113/1752)
synthetic_003909/posterior_variance.pt
         232054 100%   35.43MB/s   00:00:00 (xfer#955, to-check=1114/1752)
synthetic_003910/
synthetic_003910/composite_mean.pt
         232026 100%   22.47MB/s   00:00:00 (xfer#956, to-check=1116/1752)
synthetic_003910/metadata.json
           1800 100%    7.73MB/s   00:00:00 (xfer#957, to-check=1117/1752)
synthetic_003910/posterior_mean.pt
         232026 100%    4.16MB/s   00:00:00 (xfer#958, to-check=1118/1752)
synthetic_003910/posterior_samples.pt
        6782976  28%   12.88MB/s   00:00:01       13729792  56%   12.97MB/s   00:00:00       20545536  83%   12.88MB/s   00:00:00       24657317 100%   12.53MB/s   00:00:01 (xfer#959, to-check=1119/1752)
synthetic_003910/posterior_std.pt
         232019 100%  139.94MB/s   00:00:00 (xfer#960, to-check=1120/1752)
synthetic_003910/posterior_variance.pt
         232054 100%  224.64MB/s   00:00:00 (xfer#961, to-check=1121/1752)
synthetic_003911/
synthetic_003911/composite_mean.pt
         232026 100%  185.62MB/s   00:00:00 (xfer#962, to-check=1123/1752)
synthetic_003911/metadata.json
           1798 100%    9.80MB/s   00:00:00 (xfer#963, to-check=1124/1752)
synthetic_003911/posterior_mean.pt
         232026 100%   13.37MB/s   00:00:00 (xfer#964, to-check=1125/1752)
synthetic_003911/posterior_samples.pt
        6586368  27%   12.45MB/s   00:00:01       13271040  54%   12.51MB/s   00:00:00       19955712  81%   12.54MB/s   00:00:00       24657317 100%   12.23MB/s   00:00:01 (xfer#965, to-check=1126/1752)
synthetic_003911/posterior_std.pt
         232019 100%  145.01MB/s   00:00:00 (xfer#966, to-check=1127/1752)
synthetic_003911/posterior_variance.pt
         232054 100%  227.23MB/s   00:00:00 (xfer#967, to-check=1128/1752)
synthetic_003912/
synthetic_003912/composite_mean.pt
         232026 100%    2.57MB/s   00:00:00 (xfer#968, to-check=1130/1752)
synthetic_003912/metadata.json
           1800 100%    1.68MB/s   00:00:00 (xfer#969, to-check=1131/1752)
synthetic_003912/posterior_mean.pt
         232026 100%  107.16MB/s   00:00:00 (xfer#970, to-check=1132/1752)
synthetic_003912/posterior_samples.pt
        5931008  24%   11.11MB/s   00:00:01       12877824  52%   13.18MB/s   00:00:00       19660800  80%   12.59MB/s   00:00:00       24657317 100%   12.12MB/s   00:00:01 (xfer#971, to-check=1133/1752)
synthetic_003912/posterior_std.pt
         232019 100%  143.02MB/s   00:00:00 (xfer#972, to-check=1134/1752)
synthetic_003912/posterior_variance.pt
         232054 100%  265.96MB/s   00:00:00 (xfer#973, to-check=1135/1752)
synthetic_003913/
synthetic_003913/composite_mean.pt
         232026 100%   32.79MB/s   00:00:00 (xfer#974, to-check=1137/1752)
synthetic_003913/metadata.json
           1799 100%    7.46MB/s   00:00:00 (xfer#975, to-check=1138/1752)
synthetic_003913/posterior_mean.pt
         232026 100%   12.26MB/s   00:00:00 (xfer#976, to-check=1139/1752)
synthetic_003913/posterior_samples.pt
        5439488  22%   10.21MB/s   00:00:01       12386304  50%   13.24MB/s   00:00:00       18939904  77%   12.32MB/s   00:00:00       24657317 100%   11.87MB/s   00:00:01 (xfer#977, to-check=1140/1752)
synthetic_003913/posterior_std.pt
         232019 100%  122.52MB/s   00:00:00 (xfer#978, to-check=1141/1752)
synthetic_003913/posterior_variance.pt
         232054 100%  184.28MB/s   00:00:00 (xfer#979, to-check=1142/1752)
synthetic_003914/
synthetic_003914/composite_mean.pt
         232026 100%   15.63MB/s   00:00:00 (xfer#980, to-check=1144/1752)
synthetic_003914/metadata.json
           1798 100%    9.07MB/s   00:00:00 (xfer#981, to-check=1145/1752)
synthetic_003914/posterior_mean.pt
         232026 100%   10.70MB/s   00:00:00 (xfer#982, to-check=1146/1752)
synthetic_003914/posterior_samples.pt
        6750208  27%   12.50MB/s   00:00:01       13565952  55%   12.77MB/s   00:00:00       20185088  82%   12.62MB/s   00:00:00       24657317 100%   12.33MB/s   00:00:01 (xfer#983, to-check=1147/1752)
synthetic_003914/posterior_std.pt
         232019 100%  161.29MB/s   00:00:00 (xfer#984, to-check=1148/1752)
synthetic_003914/posterior_variance.pt
         232054 100%  239.73MB/s   00:00:00 (xfer#985, to-check=1149/1752)
synthetic_003915/
synthetic_003915/composite_mean.pt
         232026 100%   18.24MB/s   00:00:00 (xfer#986, to-check=1151/1752)
synthetic_003915/metadata.json
           1800 100%    8.26MB/s   00:00:00 (xfer#987, to-check=1152/1752)
synthetic_003915/posterior_mean.pt
         232026 100%   12.78MB/s   00:00:00 (xfer#988, to-check=1153/1752)
synthetic_003915/posterior_samples.pt
        6619136  27%   12.58MB/s   00:00:01       12615680  51%   11.43MB/s   00:00:01       19333120  78%   12.77MB/s   00:00:00       24657317 100%   11.62MB/s   00:00:02 (xfer#989, to-check=1154/1752)
synthetic_003915/posterior_std.pt
         232019 100%  153.78MB/s   00:00:00 (xfer#990, to-check=1155/1752)
synthetic_003915/posterior_variance.pt
         232054 100%  230.04MB/s   00:00:00 (xfer#991, to-check=1156/1752)
synthetic_003916/
synthetic_003916/composite_mean.pt
         232026 100%  172.22MB/s   00:00:00 (xfer#992, to-check=1158/1752)
synthetic_003916/metadata.json
           1799 100%    8.46MB/s   00:00:00 (xfer#993, to-check=1159/1752)
synthetic_003916/posterior_mean.pt
         232026 100%    9.11MB/s   00:00:00 (xfer#994, to-check=1160/1752)
synthetic_003916/posterior_samples.pt
        7372800  30%   13.94MB/s   00:00:01       13926400  56%   12.33MB/s   00:00:00       20611072  84%   12.59MB/s   00:00:00       24657317 100%   12.60MB/s   00:00:01 (xfer#995, to-check=1161/1752)
synthetic_003916/posterior_std.pt
         232019 100%  150.32MB/s   00:00:00 (xfer#996, to-check=1162/1752)
synthetic_003916/posterior_variance.pt
         232054 100%  187.25MB/s   00:00:00 (xfer#997, to-check=1163/1752)
synthetic_003917/
synthetic_003917/composite_mean.pt
         232026 100%   71.48MB/s   00:00:00 (xfer#998, to-check=1165/1752)
synthetic_003917/metadata.json
           1798 100%    7.79MB/s   00:00:00 (xfer#999, to-check=1166/1752)
synthetic_003917/posterior_mean.pt
         232026 100%   11.73MB/s   00:00:00 (xfer#1000, to-check=1167/1752)
synthetic_003917/posterior_samples.pt
        6520832  26%   12.43MB/s   00:00:01       12943360  52%   11.27MB/s   00:00:00       20021248  81%   13.45MB/s   00:00:00       24657317 100%   12.18MB/s   00:00:01 (xfer#1001, to-check=1168/1752)
synthetic_003917/posterior_std.pt
         232019 100%  139.43MB/s   00:00:00 (xfer#1002, to-check=1169/1752)
synthetic_003917/posterior_variance.pt
         232054 100%  190.60MB/s   00:00:00 (xfer#1003, to-check=1170/1752)
synthetic_003918/
synthetic_003918/composite_mean.pt
         232026 100%   10.72MB/s   00:00:00 (xfer#1004, to-check=1172/1752)
synthetic_003918/metadata.json
           1797 100%    9.91MB/s   00:00:00 (xfer#1005, to-check=1173/1752)
synthetic_003918/posterior_mean.pt
         232026 100%   26.80MB/s   00:00:00 (xfer#1006, to-check=1174/1752)
synthetic_003918/posterior_samples.pt
        6553600  27%   12.50MB/s   00:00:01       13205504  54%   12.50MB/s   00:00:00       19890176  81%   12.56MB/s   00:00:00       24313856  99%    8.31MB/s   00:00:00       24657317 100%   11.19MB/s   00:00:02 (xfer#1007, to-check=1175/1752)
synthetic_003918/posterior_std.pt
         232019 100%  135.74MB/s   00:00:00 (xfer#1008, to-check=1176/1752)
synthetic_003918/posterior_variance.pt
         232054 100%  184.72MB/s   00:00:00 (xfer#1009, to-check=1177/1752)
synthetic_003919/
synthetic_003919/composite_mean.pt
         232026 100%   22.86MB/s   00:00:00 (xfer#1010, to-check=1179/1752)
synthetic_003919/metadata.json
           1797 100%    8.21MB/s   00:00:00 (xfer#1011, to-check=1180/1752)
synthetic_003919/posterior_mean.pt
         232026 100%   32.96MB/s   00:00:00 (xfer#1012, to-check=1181/1752)
synthetic_003919/posterior_samples.pt
        7110656  29%   13.51MB/s   00:00:01       13795328  56%   12.57MB/s   00:00:00       20480000  83%   12.62MB/s   00:00:00       24657317 100%   12.55MB/s   00:00:01 (xfer#1013, to-check=1182/1752)
synthetic_003919/posterior_std.pt
         232019 100%  127.38MB/s   00:00:00 (xfer#1014, to-check=1183/1752)
synthetic_003919/posterior_variance.pt
         232054 100%  191.42MB/s   00:00:00 (xfer#1015, to-check=1184/1752)
synthetic_003920/
synthetic_003920/composite_mean.pt
         232026 100%   35.31MB/s   00:00:00 (xfer#1016, to-check=1186/1752)
synthetic_003920/metadata.json
           1797 100%    8.79MB/s   00:00:00 (xfer#1017, to-check=1187/1752)
synthetic_003920/posterior_mean.pt
         232026 100%   10.36MB/s   00:00:00 (xfer#1018, to-check=1188/1752)
synthetic_003920/posterior_samples.pt
        6553600  27%   12.47MB/s   00:00:01       12484608  51%    9.20MB/s   00:00:01       17858560  72%    9.90MB/s   00:00:00       23789568  96%   11.31MB/s   00:00:00       24657317 100%   10.50MB/s   00:00:02 (xfer#1019, to-check=1189/1752)
synthetic_003920/posterior_std.pt
         232019 100%  136.42MB/s   00:00:00 (xfer#1020, to-check=1190/1752)
synthetic_003920/posterior_variance.pt
         232054 100%  215.86MB/s   00:00:00 (xfer#1021, to-check=1191/1752)
synthetic_003921/
synthetic_003921/composite_mean.pt
         232026 100%  182.70MB/s   00:00:00 (xfer#1022, to-check=1193/1752)
synthetic_003921/metadata.json
           1798 100%    9.68MB/s   00:00:00 (xfer#1023, to-check=1194/1752)
synthetic_003921/posterior_mean.pt
         232026 100%    5.89MB/s   00:00:00 (xfer#1024, to-check=1195/1752)
synthetic_003921/posterior_samples.pt
        6717440  27%   12.25MB/s   00:00:01       13926400  56%   13.52MB/s   00:00:00       20611072  84%   12.52MB/s   00:00:00       24657317 100%   12.41MB/s   00:00:01 (xfer#1025, to-check=1196/1752)
synthetic_003921/posterior_std.pt
         232019 100%  127.10MB/s   00:00:00 (xfer#1026, to-check=1197/1752)
synthetic_003921/posterior_variance.pt
         232054 100%  147.64MB/s   00:00:00 (xfer#1027, to-check=1198/1752)
synthetic_003922/
synthetic_003922/composite_mean.pt
         232026 100%   93.29MB/s   00:00:00 (xfer#1028, to-check=1200/1752)
synthetic_003922/metadata.json
           1799 100%    8.37MB/s   00:00:00 (xfer#1029, to-check=1201/1752)
synthetic_003922/posterior_mean.pt
         232026 100%   11.54MB/s   00:00:00 (xfer#1030, to-check=1202/1752)
synthetic_003922/posterior_samples.pt
        6586368  27%   12.50MB/s   00:00:01       13271040  54%   12.59MB/s   00:00:00       19955712  81%   12.44MB/s   00:00:00       24657317 100%   12.00MB/s   00:00:01 (xfer#1031, to-check=1203/1752)
synthetic_003922/posterior_std.pt
         232019 100%  161.04MB/s   00:00:00 (xfer#1032, to-check=1204/1752)
synthetic_003922/posterior_variance.pt
         232054 100%  195.66MB/s   00:00:00 (xfer#1033, to-check=1205/1752)
synthetic_003923/
synthetic_003923/composite_mean.pt
         232026 100%  180.92MB/s   00:00:00 (xfer#1034, to-check=1207/1752)
synthetic_003923/metadata.json
           1796 100%    8.04MB/s   00:00:00 (xfer#1035, to-check=1208/1752)
synthetic_003923/posterior_mean.pt
         232026 100%   12.35MB/s   00:00:00 (xfer#1036, to-check=1209/1752)
synthetic_003923/posterior_samples.pt
        7012352  28%   13.34MB/s   00:00:01       13434880  54%   12.22MB/s   00:00:00       20119552  82%   12.43MB/s   00:00:00       24657317 100%   12.28MB/s   00:00:01 (xfer#1037, to-check=1210/1752)
synthetic_003923/posterior_std.pt
         232019 100%  131.16MB/s   00:00:00 (xfer#1038, to-check=1211/1752)
synthetic_003923/posterior_variance.pt
         232054 100%  215.91MB/s   00:00:00 (xfer#1039, to-check=1212/1752)
synthetic_003924/
synthetic_003924/composite_mean.pt
         232026 100%   43.35MB/s   00:00:00 (xfer#1040, to-check=1214/1752)
synthetic_003924/metadata.json
           1797 100%    8.69MB/s   00:00:00 (xfer#1041, to-check=1215/1752)
synthetic_003924/posterior_mean.pt
         232026 100%   19.13MB/s   00:00:00 (xfer#1042, to-check=1216/1752)
synthetic_003924/posterior_samples.pt
        6782976  28%   12.75MB/s   00:00:01       13336576  54%   12.41MB/s   00:00:00       20021248  81%   12.63MB/s   00:00:00       24657317 100%   12.23MB/s   00:00:01 (xfer#1043, to-check=1217/1752)
synthetic_003924/posterior_std.pt
         232019 100%  130.22MB/s   00:00:00 (xfer#1044, to-check=1218/1752)
synthetic_003924/posterior_variance.pt
         232054 100%  184.57MB/s   00:00:00 (xfer#1045, to-check=1219/1752)
synthetic_003925/
synthetic_003925/composite_mean.pt
         232026 100%    4.88MB/s   00:00:00 (xfer#1046, to-check=1221/1752)
synthetic_003925/metadata.json
           1799 100%    8.46MB/s   00:00:00 (xfer#1047, to-check=1222/1752)
synthetic_003925/posterior_mean.pt
         232026 100%   66.53MB/s   00:00:00 (xfer#1048, to-check=1223/1752)
synthetic_003925/posterior_samples.pt
        6553600  27%   12.43MB/s   00:00:01       12320768  50%   10.58MB/s   00:00:01       19136512  78%   12.89MB/s   00:00:00       24657317 100%   11.49MB/s   00:00:02 (xfer#1049, to-check=1224/1752)
synthetic_003925/posterior_std.pt
         232019 100%  154.63MB/s   00:00:00 (xfer#1050, to-check=1225/1752)
synthetic_003925/posterior_variance.pt
         232054 100%  239.73MB/s   00:00:00 (xfer#1051, to-check=1226/1752)
synthetic_003926/
synthetic_003926/composite_mean.pt
         232026 100%  170.08MB/s   00:00:00 (xfer#1052, to-check=1228/1752)
synthetic_003926/metadata.json
           1798 100%    8.67MB/s   00:00:00 (xfer#1053, to-check=1229/1752)
synthetic_003926/posterior_mean.pt
         232026 100%   27.29MB/s   00:00:00 (xfer#1054, to-check=1230/1752)
synthetic_003926/posterior_samples.pt
        6586368  27%   12.56MB/s   00:00:01       13238272  54%   12.63MB/s   00:00:00       19791872  80%   12.40MB/s   00:00:00       24657317 100%   12.33MB/s   00:00:01 (xfer#1055, to-check=1231/1752)
synthetic_003926/posterior_std.pt
         232019 100%  141.65MB/s   00:00:00 (xfer#1056, to-check=1232/1752)
synthetic_003926/posterior_variance.pt
         232054 100%  210.96MB/s   00:00:00 (xfer#1057, to-check=1233/1752)
synthetic_003927/
synthetic_003927/composite_mean.pt
         232026 100%   24.47MB/s   00:00:00 (xfer#1058, to-check=1235/1752)
synthetic_003927/metadata.json
           1799 100%    7.98MB/s   00:00:00 (xfer#1059, to-check=1236/1752)
synthetic_003927/posterior_mean.pt
         232026 100%   10.98MB/s   00:00:00 (xfer#1060, to-check=1237/1752)
synthetic_003927/posterior_samples.pt
        6586368  27%   12.43MB/s   00:00:01       13271040  54%   12.40MB/s   00:00:00       19955712  81%   12.68MB/s   00:00:00       24657317 100%   12.23MB/s   00:00:01 (xfer#1061, to-check=1238/1752)
synthetic_003927/posterior_std.pt
         232019 100%  159.30MB/s   00:00:00 (xfer#1062, to-check=1239/1752)
synthetic_003927/posterior_variance.pt
         232054 100%  157.51MB/s   00:00:00 (xfer#1063, to-check=1240/1752)
synthetic_003928/
synthetic_003928/composite_mean.pt
         232026 100%   55.40MB/s   00:00:00 (xfer#1064, to-check=1242/1752)
synthetic_003928/metadata.json
           1798 100%    8.01MB/s   00:00:00 (xfer#1065, to-check=1243/1752)
synthetic_003928/posterior_mean.pt
         232026 100%   11.92MB/s   00:00:00 (xfer#1066, to-check=1244/1752)
synthetic_003928/posterior_samples.pt
        5603328  23%   10.49MB/s   00:00:01       12877824  52%   13.65MB/s   00:00:00       19693568  80%   12.85MB/s   00:00:00       24657317 100%   12.09MB/s   00:00:01 (xfer#1067, to-check=1245/1752)
synthetic_003928/posterior_std.pt
         232019 100%  169.30MB/s   00:00:00 (xfer#1068, to-check=1246/1752)
synthetic_003928/posterior_variance.pt
         232054 100%  205.49MB/s   00:00:00 (xfer#1069, to-check=1247/1752)
synthetic_003929/
synthetic_003929/composite_mean.pt
         232026 100%   21.44MB/s   00:00:00 (xfer#1070, to-check=1249/1752)
synthetic_003929/metadata.json
           1799 100%    7.59MB/s   00:00:00 (xfer#1071, to-check=1250/1752)
synthetic_003929/posterior_mean.pt
         232026 100%   15.78MB/s   00:00:00 (xfer#1072, to-check=1251/1752)
synthetic_003929/posterior_samples.pt
        6651904  27%   12.55MB/s   00:00:01       12812288  52%   11.62MB/s   00:00:00       18972672  77%   11.71MB/s   00:00:00       24657317 100%   11.80MB/s   00:00:01 (xfer#1073, to-check=1252/1752)
synthetic_003929/posterior_std.pt
         232019 100%  131.94MB/s   00:00:00 (xfer#1074, to-check=1253/1752)
synthetic_003929/posterior_variance.pt
         232054 100%  238.25MB/s   00:00:00 (xfer#1075, to-check=1254/1752)
synthetic_003930/
synthetic_003930/composite_mean.pt
         232026 100%   30.85MB/s   00:00:00 (xfer#1076, to-check=1256/1752)
synthetic_003930/metadata.json
           1798 100%    8.40MB/s   00:00:00 (xfer#1077, to-check=1257/1752)
synthetic_003930/posterior_mean.pt
         232026 100%   16.31MB/s   00:00:00 (xfer#1078, to-check=1258/1752)
synthetic_003930/posterior_samples.pt
        6029312  24%   11.44MB/s   00:00:01       13107200  53%   13.40MB/s   00:00:00       19660800  80%   12.30MB/s   00:00:00       24657317 100%   12.23MB/s   00:00:01 (xfer#1079, to-check=1259/1752)
synthetic_003930/posterior_std.pt
         232019 100%  146.36MB/s   00:00:00 (xfer#1080, to-check=1260/1752)
synthetic_003930/posterior_variance.pt
         232054 100%  263.77MB/s   00:00:00 (xfer#1081, to-check=1261/1752)
synthetic_003931/
synthetic_003931/composite_mean.pt
         232026 100%   31.24MB/s   00:00:00 (xfer#1082, to-check=1263/1752)
synthetic_003931/metadata.json
           1798 100%   10.78MB/s   00:00:00 (xfer#1083, to-check=1264/1752)
synthetic_003931/posterior_mean.pt
         232026 100%   11.06MB/s   00:00:00 (xfer#1084, to-check=1265/1752)
synthetic_003931/posterior_samples.pt
        6455296  26%   12.20MB/s   00:00:01       13139968  53%   12.64MB/s   00:00:00       19562496  79%   12.19MB/s   00:00:00       24657317 100%   12.21MB/s   00:00:01 (xfer#1085, to-check=1266/1752)
synthetic_003931/posterior_std.pt
         232019 100%  165.49MB/s   00:00:00 (xfer#1086, to-check=1267/1752)
synthetic_003931/posterior_variance.pt
         232054 100%  284.82MB/s   00:00:00 (xfer#1087, to-check=1268/1752)
synthetic_003932/
synthetic_003932/composite_mean.pt
         232026 100%   21.74MB/s   00:00:00 (xfer#1088, to-check=1270/1752)
synthetic_003932/metadata.json
           1796 100%    9.79MB/s   00:00:00 (xfer#1089, to-check=1271/1752)
synthetic_003932/posterior_mean.pt
         232026 100%   11.88MB/s   00:00:00 (xfer#1090, to-check=1272/1752)
synthetic_003932/posterior_samples.pt
        6619136  27%   12.56MB/s   00:00:01       13172736  53%   12.43MB/s   00:00:00       19857408  81%   12.58MB/s   00:00:00       24657317 100%   12.32MB/s   00:00:01 (xfer#1091, to-check=1273/1752)
synthetic_003932/posterior_std.pt
         232019 100%  135.17MB/s   00:00:00 (xfer#1092, to-check=1274/1752)
synthetic_003932/posterior_variance.pt
         232054 100%  180.80MB/s   00:00:00 (xfer#1093, to-check=1275/1752)
synthetic_003933/
synthetic_003933/composite_mean.pt
         232026 100%   11.78MB/s   00:00:00 (xfer#1094, to-check=1277/1752)
synthetic_003933/metadata.json
           1797 100%    9.47MB/s   00:00:00 (xfer#1095, to-check=1278/1752)
synthetic_003933/posterior_mean.pt
         232026 100%   10.92MB/s   00:00:00 (xfer#1096, to-check=1279/1752)
synthetic_003933/posterior_samples.pt
        6193152  25%   11.81MB/s   00:00:01       12681216  51%   12.23MB/s   00:00:00       18972672  77%   11.04MB/s   00:00:00       24657317 100%   11.46MB/s   00:00:02 (xfer#1097, to-check=1280/1752)
synthetic_003933/posterior_std.pt
         232019 100%  143.95MB/s   00:00:00 (xfer#1098, to-check=1281/1752)
synthetic_003933/posterior_variance.pt
         232054 100%  172.76MB/s   00:00:00 (xfer#1099, to-check=1282/1752)
synthetic_003934/
synthetic_003934/composite_mean.pt
         232026 100%   36.73MB/s   00:00:00 (xfer#1100, to-check=1284/1752)
synthetic_003934/metadata.json
           1799 100%    8.21MB/s   00:00:00 (xfer#1101, to-check=1285/1752)
synthetic_003934/posterior_mean.pt
         232026 100%    8.22MB/s   00:00:00 (xfer#1102, to-check=1286/1752)
synthetic_003934/posterior_samples.pt
        6979584  28%   13.15MB/s   00:00:01       13664256  55%   12.64MB/s   00:00:00       20348928  83%   12.59MB/s   00:00:00       24657317 100%   12.48MB/s   00:00:01 (xfer#1103, to-check=1287/1752)
synthetic_003934/posterior_std.pt
         232019 100%  150.83MB/s   00:00:00 (xfer#1104, to-check=1288/1752)
synthetic_003934/posterior_variance.pt
         232054 100%  175.93MB/s   00:00:00 (xfer#1105, to-check=1289/1752)
synthetic_003935/
synthetic_003935/composite_mean.pt
         232026 100%   33.91MB/s   00:00:00 (xfer#1106, to-check=1291/1752)
synthetic_003935/metadata.json
           1799 100%    8.74MB/s   00:00:00 (xfer#1107, to-check=1292/1752)
synthetic_003935/posterior_mean.pt
         232026 100%   11.30MB/s   00:00:00 (xfer#1108, to-check=1293/1752)
synthetic_003935/posterior_samples.pt
        6586368  27%   12.50MB/s   00:00:01       13139968  53%   12.13MB/s   00:00:00       19562496  79%   11.78MB/s   00:00:00       24657317 100%   12.22MB/s   00:00:01 (xfer#1109, to-check=1294/1752)
synthetic_003935/posterior_std.pt
         232019 100%  144.92MB/s   00:00:00 (xfer#1110, to-check=1295/1752)
synthetic_003935/posterior_variance.pt
         232054 100%  267.27MB/s   00:00:00 (xfer#1111, to-check=1296/1752)
synthetic_003936/
synthetic_003936/composite_mean.pt
         232026 100%   29.63MB/s   00:00:00 (xfer#1112, to-check=1298/1752)
synthetic_003936/metadata.json
           1797 100%    8.40MB/s   00:00:00 (xfer#1113, to-check=1299/1752)
synthetic_003936/posterior_mean.pt
         232026 100%   13.68MB/s   00:00:00 (xfer#1114, to-check=1300/1752)
synthetic_003936/posterior_samples.pt
        6651904  27%   12.42MB/s   00:00:01       12288000  50%   10.63MB/s   00:00:01       19234816  78%   13.20MB/s   00:00:00       24657317 100%   11.98MB/s   00:00:01 (xfer#1115, to-check=1301/1752)
synthetic_003936/posterior_std.pt
         232019 100%  158.40MB/s   00:00:00 (xfer#1116, to-check=1302/1752)
synthetic_003936/posterior_variance.pt
         232054 100%   30.38MB/s   00:00:00 (xfer#1117, to-check=1303/1752)
synthetic_003937/
synthetic_003937/composite_mean.pt
         232026 100%    4.81MB/s   00:00:00 (xfer#1118, to-check=1305/1752)
synthetic_003937/metadata.json
           1797 100%    8.04MB/s   00:00:00 (xfer#1119, to-check=1306/1752)
synthetic_003937/posterior_mean.pt
         232026 100%   38.69MB/s   00:00:00 (xfer#1120, to-check=1307/1752)
synthetic_003937/posterior_samples.pt
        6389760  26%   11.92MB/s   00:00:01       11993088  49%   10.69MB/s   00:00:01       17137664  70%    9.73MB/s   00:00:00       21594112  88%    8.30MB/s   00:00:00       24657317 100%   10.18MB/s   00:00:02 (xfer#1121, to-check=1308/1752)
synthetic_003937/posterior_std.pt
         232019 100%  150.22MB/s   00:00:00 (xfer#1122, to-check=1309/1752)
synthetic_003937/posterior_variance.pt
         232054 100%  165.90MB/s   00:00:00 (xfer#1123, to-check=1310/1752)
synthetic_003938/
synthetic_003938/composite_mean.pt
         232026 100%  165.26MB/s   00:00:00 (xfer#1124, to-check=1312/1752)
synthetic_003938/metadata.json
           1798 100%  463.30KB/s   00:00:00 (xfer#1125, to-check=1313/1752)
synthetic_003938/posterior_mean.pt
         232026 100%   45.70MB/s   00:00:00 (xfer#1126, to-check=1314/1752)
synthetic_003938/posterior_samples.pt
        7012352  28%   13.16MB/s   00:00:01       13828096  56%   12.78MB/s   00:00:00       20381696  83%   12.49MB/s   00:00:00       24657317 100%   12.54MB/s   00:00:01 (xfer#1127, to-check=1315/1752)
synthetic_003938/posterior_std.pt
         232019 100%  138.91MB/s   00:00:00 (xfer#1128, to-check=1316/1752)
synthetic_003938/posterior_variance.pt
         232054 100%   73.82MB/s   00:00:00 (xfer#1129, to-check=1317/1752)
synthetic_003939/
synthetic_003939/composite_mean.pt
         232026 100%   12.17MB/s   00:00:00 (xfer#1130, to-check=1319/1752)
synthetic_003939/metadata.json
           1797 100%    7.90MB/s   00:00:00 (xfer#1131, to-check=1320/1752)
synthetic_003939/posterior_mean.pt
         232026 100%    7.96MB/s   00:00:00 (xfer#1132, to-check=1321/1752)
synthetic_003939/posterior_samples.pt
        6258688  25%   10.61MB/s   00:00:01       13598720  55%   13.83MB/s   00:00:00       20152320  82%   11.95MB/s   00:00:00       24657317 100%   12.06MB/s   00:00:01 (xfer#1133, to-check=1322/1752)
synthetic_003939/posterior_std.pt
         232019 100%  142.47MB/s   00:00:00 (xfer#1134, to-check=1323/1752)
synthetic_003939/posterior_variance.pt
         232054 100%  144.16MB/s   00:00:00 (xfer#1135, to-check=1324/1752)
synthetic_003940/
synthetic_003940/composite_mean.pt
         232026 100%   18.84MB/s   00:00:00 (xfer#1136, to-check=1326/1752)
synthetic_003940/metadata.json
           1798 100%    8.45MB/s   00:00:00 (xfer#1137, to-check=1327/1752)
synthetic_003940/posterior_mean.pt
         232026 100%   19.15MB/s   00:00:00 (xfer#1138, to-check=1328/1752)
synthetic_003940/posterior_samples.pt
        6127616  25%   11.61MB/s   00:00:01       13107200  53%   13.27MB/s   00:00:00       19791872  80%   12.46MB/s   00:00:00       24657317 100%   12.25MB/s   00:00:01 (xfer#1139, to-check=1329/1752)
synthetic_003940/posterior_std.pt
         232019 100%  183.92MB/s   00:00:00 (xfer#1140, to-check=1330/1752)
synthetic_003940/posterior_variance.pt
         232054 100%   76.42MB/s   00:00:00 (xfer#1141, to-check=1331/1752)
synthetic_003941/
synthetic_003941/composite_mean.pt
         232026 100%   32.70MB/s   00:00:00 (xfer#1142, to-check=1333/1752)
synthetic_003941/metadata.json
           1797 100%    8.32MB/s   00:00:00 (xfer#1143, to-check=1334/1752)
synthetic_003941/posterior_mean.pt
         232026 100%   11.87MB/s   00:00:00 (xfer#1144, to-check=1335/1752)
synthetic_003941/posterior_samples.pt
        6586368  27%   12.56MB/s   00:00:01        9371648  38%    5.05MB/s   00:00:02       13238272  54%    7.32MB/s   00:00:01       17432576  71%    7.93MB/s   00:00:00       20971520  85%    6.40MB/s   00:00:00       24248320  98%    5.79MB/s   00:00:00       24657317 100%    7.39MB/s   00:00:03 (xfer#1145, to-check=1336/1752)
synthetic_003941/posterior_std.pt
         232019 100%  131.62MB/s   00:00:00 (xfer#1146, to-check=1337/1752)
synthetic_003941/posterior_variance.pt
         232054 100%   28.18MB/s   00:00:00 (xfer#1147, to-check=1338/1752)
synthetic_003942/
synthetic_003942/composite_mean.pt
         232026 100%   26.51MB/s   00:00:00 (xfer#1148, to-check=1340/1752)
synthetic_003942/metadata.json
           1795 100%    9.56MB/s   00:00:00 (xfer#1149, to-check=1341/1752)
synthetic_003942/posterior_mean.pt
         232026 100%    3.37MB/s   00:00:00 (xfer#1150, to-check=1342/1752)
synthetic_003942/posterior_samples.pt
        3702784  15%    7.06MB/s   00:00:02        5865472  24%    4.02MB/s   00:00:04        9338880  38%    6.11MB/s   00:00:02       12877824  52%    6.64MB/s   00:00:01       16023552  65%    5.77MB/s   00:00:01       17793024  72%    3.04MB/s   00:00:02       20021248  81%    4.11MB/s   00:00:01       21987328  89%    3.62MB/s   00:00:00       24346624  99%    4.26MB/s   00:00:00       24657317 100%    4.92MB/s   00:00:04 (xfer#1151, to-check=1343/1752)
synthetic_003942/posterior_std.pt
         232019 100%    5.32MB/s   00:00:00 (xfer#1152, to-check=1344/1752)
synthetic_003942/posterior_variance.pt
         232054 100%    4.46MB/s   00:00:00 (xfer#1153, to-check=1345/1752)
synthetic_003943/
synthetic_003943/composite_mean.pt
         232026 100%    3.63MB/s   00:00:00 (xfer#1154, to-check=1347/1752)
synthetic_003943/metadata.json
           1795 100%    3.25MB/s   00:00:00 (xfer#1155, to-check=1348/1752)
synthetic_003943/posterior_mean.pt
         232026 100%    5.73MB/s   00:00:00 (xfer#1156, to-check=1349/1752)
synthetic_003943/posterior_samples.pt
        2031616   8%    3.87MB/s   00:00:05        4325376  18%    3.72MB/s   00:00:05        7077888  29%    5.05MB/s   00:00:03        9961472  40%    5.23MB/s   00:00:02       13205504  54%    6.19MB/s   00:00:01       16252928  66%    5.70MB/s   00:00:01       19660800  80%    6.35MB/s   00:00:00       23330816  95%    6.93MB/s   00:00:00       24657317 100%    5.34MB/s   00:00:04 (xfer#1157, to-check=1350/1752)
synthetic_003943/posterior_std.pt
         232019 100%   44.24MB/s   00:00:00 (xfer#1158, to-check=1351/1752)
synthetic_003943/posterior_variance.pt
         232054 100%   15.09MB/s   00:00:00 (xfer#1159, to-check=1352/1752)
synthetic_003944/
synthetic_003944/composite_mean.pt
         232026 100%    5.82MB/s   00:00:00 (xfer#1160, to-check=1354/1752)
synthetic_003944/metadata.json
           1798 100%    7.29MB/s   00:00:00 (xfer#1161, to-check=1355/1752)
synthetic_003944/posterior_mean.pt
         232026 100%    5.52MB/s   00:00:00 (xfer#1162, to-check=1356/1752)
synthetic_003944/posterior_samples.pt
        3276800  13%    6.25MB/s   00:00:03        7208960  29%    7.42MB/s   00:00:02       11304960  46%    7.81MB/s   00:00:01       15728640  64%    8.36MB/s   00:00:01       20185088  82%    8.20MB/s   00:00:00       24379392  99%    7.81MB/s   00:00:00       24657317 100%    7.59MB/s   00:00:03 (xfer#1163, to-check=1357/1752)
synthetic_003944/posterior_std.pt
         232019 100%  144.25MB/s   00:00:00 (xfer#1164, to-check=1358/1752)
synthetic_003944/posterior_variance.pt
         232054 100%   22.77MB/s   00:00:00 (xfer#1165, to-check=1359/1752)
synthetic_003945/
synthetic_003945/composite_mean.pt
         232026 100%   10.90MB/s   00:00:00 (xfer#1166, to-check=1361/1752)
synthetic_003945/metadata.json
           1797 100%    7.42MB/s   00:00:00 (xfer#1167, to-check=1362/1752)
synthetic_003945/posterior_mean.pt
         232026 100%    2.00MB/s   00:00:00 (xfer#1168, to-check=1363/1752)
synthetic_003945/posterior_samples.pt
        4325376  18%    8.22MB/s   00:00:02        7471104  30%    5.31MB/s   00:00:03       11010048  45%    6.63MB/s   00:00:01       14024704  57%    5.75MB/s   00:00:01       17301504  70%    6.10MB/s   00:00:01       22544384  91%    9.96MB/s   00:00:00       24657317 100%    7.16MB/s   00:00:03 (xfer#1169, to-check=1364/1752)
synthetic_003945/posterior_std.pt
         232019 100%    2.28MB/s   00:00:00 (xfer#1170, to-check=1365/1752)
synthetic_003945/posterior_variance.pt
         232054 100%   51.80MB/s   00:00:00 (xfer#1171, to-check=1366/1752)
synthetic_003946/
synthetic_003946/composite_mean.pt
         232026 100%   17.81MB/s   00:00:00 (xfer#1172, to-check=1368/1752)
synthetic_003946/metadata.json
           1798 100%    7.83MB/s   00:00:00 (xfer#1173, to-check=1369/1752)
synthetic_003946/posterior_mean.pt
         232026 100%    5.52MB/s   00:00:00 (xfer#1174, to-check=1370/1752)
synthetic_003946/posterior_samples.pt
        3473408  14%    5.78MB/s   00:00:03        4653056  19%    2.22MB/s   00:00:08       11468800  47%   12.53MB/s   00:00:01       18546688  75%   13.38MB/s   00:00:00       23363584  95%    8.97MB/s   00:00:00       24657317 100%    8.68MB/s   00:00:02 (xfer#1175, to-check=1371/1752)
synthetic_003946/posterior_std.pt
         232019 100%  181.51MB/s   00:00:00 (xfer#1176, to-check=1372/1752)
synthetic_003946/posterior_variance.pt
         232054 100%   84.56MB/s   00:00:00 (xfer#1177, to-check=1373/1752)
synthetic_003947/
synthetic_003947/composite_mean.pt
         232026 100%   15.09MB/s   00:00:00 (xfer#1178, to-check=1375/1752)
synthetic_003947/metadata.json
           1799 100%    7.56MB/s   00:00:00 (xfer#1179, to-check=1376/1752)
synthetic_003947/posterior_mean.pt
         232026 100%   10.28MB/s   00:00:00 (xfer#1180, to-check=1377/1752)
synthetic_003947/posterior_samples.pt
        5210112  21%    9.61MB/s   00:00:01        7176192  29%    3.39MB/s   00:00:04        8880128  36%    2.93MB/s   00:00:05        9273344  38%  455.84KB/s   00:00:32       13369344  54%    7.40MB/s   00:00:01       16908288  69%    6.40MB/s   00:00:01       20381696  83%    6.35MB/s   00:00:00       22872064  93%    4.56MB/s   00:00:00       24576000 100%    3.09MB/s   00:00:00       24657317 100%    4.57MB/s   00:00:05 (xfer#1181, to-check=1378/1752)
synthetic_003947/posterior_std.pt
         232019 100%  113.42MB/s   00:00:00 (xfer#1182, to-check=1379/1752)
synthetic_003947/posterior_variance.pt
         232054 100%   12.68MB/s   00:00:00 (xfer#1183, to-check=1380/1752)
synthetic_003948/
synthetic_003948/composite_mean.pt
         232026 100%    8.50MB/s   00:00:00 (xfer#1184, to-check=1382/1752)
synthetic_003948/metadata.json
           1798 100%    7.79MB/s   00:00:00 (xfer#1185, to-check=1383/1752)
synthetic_003948/posterior_mean.pt
         232026 100%    2.89MB/s   00:00:00 (xfer#1186, to-check=1384/1752)
synthetic_003948/posterior_samples.pt
        2686976  11%    3.16MB/s   00:00:06        6488064  26%    7.21MB/s   00:00:02       11993088  49%   10.35MB/s   00:00:01       17235968  70%    9.95MB/s   00:00:00       22609920  92%   10.03MB/s   00:00:00       24657317 100%    7.72MB/s   00:00:03 (xfer#1187, to-check=1385/1752)
synthetic_003948/posterior_std.pt
         232019 100%  138.02MB/s   00:00:00 (xfer#1188, to-check=1386/1752)
synthetic_003948/posterior_variance.pt
         232054 100%  226.56MB/s   00:00:00 (xfer#1189, to-check=1387/1752)
synthetic_003949/
synthetic_003949/composite_mean.pt
         232026 100%    7.71MB/s   00:00:00 (xfer#1190, to-check=1389/1752)
synthetic_003949/metadata.json
           1796 100%    7.65MB/s   00:00:00 (xfer#1191, to-check=1390/1752)
synthetic_003949/posterior_mean.pt
         232026 100%  192.23MB/s   00:00:00 (xfer#1192, to-check=1391/1752)
synthetic_003949/posterior_samples.pt
        5668864  23%   10.56MB/s   00:00:01       10256384  42%    8.64MB/s   00:00:01       16154624  66%   11.20MB/s   00:00:00       21790720  88%   10.40MB/s   00:00:00       24657317 100%    9.81MB/s   00:00:02 (xfer#1193, to-check=1392/1752)
synthetic_003949/posterior_std.pt
         232019 100%  138.98MB/s   00:00:00 (xfer#1194, to-check=1393/1752)
synthetic_003949/posterior_variance.pt
         232054 100%  202.84MB/s   00:00:00 (xfer#1195, to-check=1394/1752)
synthetic_003950/
synthetic_003950/composite_mean.pt
         232026 100%    8.70MB/s   00:00:00 (xfer#1196, to-check=1396/1752)
synthetic_003950/metadata.json
           1798 100%    7.39MB/s   00:00:00 (xfer#1197, to-check=1397/1752)
synthetic_003950/posterior_mean.pt
         232026 100%   11.86MB/s   00:00:00 (xfer#1198, to-check=1398/1752)
synthetic_003950/posterior_samples.pt
        3014656  12%    5.70MB/s   00:00:03        8388608  34%   10.04MB/s   00:00:01       12779520  52%    7.49MB/s   00:00:01       17891328  73%    9.47MB/s   00:00:00       22085632  90%    7.92MB/s   00:00:00       24657317 100%    8.12MB/s   00:00:02 (xfer#1199, to-check=1399/1752)
synthetic_003950/posterior_std.pt
         232019 100%  128.05MB/s   00:00:00 (xfer#1200, to-check=1400/1752)
synthetic_003950/posterior_variance.pt
         232054 100%  222.86MB/s   00:00:00 (xfer#1201, to-check=1401/1752)
synthetic_003951/
synthetic_003951/composite_mean.pt
         232026 100%   74.84MB/s   00:00:00 (xfer#1202, to-check=1403/1752)
synthetic_003951/metadata.json
           1796 100%    8.60MB/s   00:00:00 (xfer#1203, to-check=1404/1752)
synthetic_003951/posterior_mean.pt
         232026 100%    6.05MB/s   00:00:00 (xfer#1204, to-check=1405/1752)
synthetic_003951/posterior_samples.pt
        5701632  23%   10.76MB/s   00:00:01       10944512  44%    9.72MB/s   00:00:01       16711680  68%   10.54MB/s   00:00:00       22740992  92%   11.09MB/s   00:00:00       24657317 100%   10.47MB/s   00:00:02 (xfer#1205, to-check=1406/1752)
synthetic_003951/posterior_std.pt
         232019 100%  147.43MB/s   00:00:00 (xfer#1206, to-check=1407/1752)
synthetic_003951/posterior_variance.pt
         232054 100%  227.89MB/s   00:00:00 (xfer#1207, to-check=1408/1752)
synthetic_003952/
synthetic_003952/composite_mean.pt
         232026 100%   10.66MB/s   00:00:00 (xfer#1208, to-check=1410/1752)
synthetic_003952/metadata.json
           1799 100%    8.33MB/s   00:00:00 (xfer#1209, to-check=1411/1752)
synthetic_003952/posterior_mean.pt
         232026 100%   14.36MB/s   00:00:00 (xfer#1210, to-check=1412/1752)
synthetic_003952/posterior_samples.pt
        5603328  23%   10.06MB/s   00:00:01       11763712  48%   11.60MB/s   00:00:01       16678912  68%    9.37MB/s   00:00:00       20611072  84%    7.06MB/s   00:00:00       24150016  98%    6.56MB/s   00:00:00       24657317 100%    8.39MB/s   00:00:02 (xfer#1211, to-check=1413/1752)
synthetic_003952/posterior_std.pt
         232019 100%  127.03MB/s   00:00:00 (xfer#1212, to-check=1414/1752)
synthetic_003952/posterior_variance.pt
         232054 100%   19.91MB/s   00:00:00 (xfer#1213, to-check=1415/1752)
synthetic_003953/
synthetic_003953/composite_mean.pt
         232026 100%   10.24MB/s   00:00:00 (xfer#1214, to-check=1417/1752)
synthetic_003953/metadata.json
           1798 100%    7.66MB/s   00:00:00 (xfer#1215, to-check=1418/1752)
synthetic_003953/posterior_mean.pt
         232026 100%    2.03MB/s   00:00:00 (xfer#1216, to-check=1419/1752)
synthetic_003953/posterior_samples.pt
        3014656  12%    5.57MB/s   00:00:03        7077888  29%    7.28MB/s   00:00:02       10485760  43%    6.26MB/s   00:00:02       14024704  57%    6.32MB/s   00:00:01       16580608  67%    4.68MB/s   00:00:01       19726336  80%    5.77MB/s   00:00:00       23003136  93%    5.94MB/s   00:00:00       24657317 100%    6.06MB/s   00:00:03 (xfer#1217, to-check=1420/1752)
synthetic_003953/posterior_std.pt
         232019 100%    7.66MB/s   00:00:00 (xfer#1218, to-check=1421/1752)
synthetic_003953/posterior_variance.pt
         232054 100%    2.44MB/s   00:00:00 (xfer#1219, to-check=1422/1752)
synthetic_003954/
synthetic_003954/composite_mean.pt
         232026 100%    5.05MB/s   00:00:00 (xfer#1220, to-check=1424/1752)
synthetic_003954/metadata.json
           1798 100%    3.09MB/s   00:00:00 (xfer#1221, to-check=1425/1752)
synthetic_003954/posterior_mean.pt
         232026 100%    4.19MB/s   00:00:00 (xfer#1222, to-check=1426/1752)
synthetic_003954/posterior_samples.pt
        3014656  12%    5.61MB/s   00:00:03        6160384  25%    5.74MB/s   00:00:03        9306112  38%    5.99MB/s   00:00:02       12058624  49%    5.04MB/s   00:00:02       15335424  62%    6.09MB/s   00:00:01       18743296  76%    6.32MB/s   00:00:00       22151168  90%    6.20MB/s   00:00:00       24657317 100%    5.82MB/s   00:00:04 (xfer#1223, to-check=1427/1752)
synthetic_003954/posterior_std.pt
         232019 100%  159.08MB/s   00:00:00 (xfer#1224, to-check=1428/1752)
synthetic_003954/posterior_variance.pt
         232054 100%    2.39MB/s   00:00:00 (xfer#1225, to-check=1429/1752)
synthetic_003955/
synthetic_003955/composite_mean.pt
         232026 100%   53.39MB/s   00:00:00 (xfer#1226, to-check=1431/1752)
synthetic_003955/metadata.json
           1798 100%    8.04MB/s   00:00:00 (xfer#1227, to-check=1432/1752)
synthetic_003955/posterior_mean.pt
         232026 100%    6.25MB/s   00:00:00 (xfer#1228, to-check=1433/1752)
synthetic_003955/posterior_samples.pt
        3637248  15%    6.43MB/s   00:00:03        7438336  30%    7.21MB/s   00:00:02       10977280  45%    6.24MB/s   00:00:02       13172736  53%    4.11MB/s   00:00:02       15794176  64%    4.98MB/s   00:00:01       19070976  77%    6.07MB/s   00:00:00       22347776  91%    5.86MB/s   00:00:00       24657317 100%    5.88MB/s   00:00:03 (xfer#1229, to-check=1434/1752)
synthetic_003955/posterior_std.pt
         232019 100%  129.86MB/s   00:00:00 (xfer#1230, to-check=1435/1752)
synthetic_003955/posterior_variance.pt
         232054 100%   11.15MB/s   00:00:00 (xfer#1231, to-check=1436/1752)
synthetic_003956/
synthetic_003956/composite_mean.pt
         232026 100%    1.99MB/s   00:00:00 (xfer#1232, to-check=1438/1752)
synthetic_003956/metadata.json
           1798 100%    3.60MB/s   00:00:00 (xfer#1233, to-check=1439/1752)
synthetic_003956/posterior_mean.pt
         232026 100%    4.85MB/s   00:00:00 (xfer#1234, to-check=1440/1752)
synthetic_003956/posterior_samples.pt
        3407872  14%    6.34MB/s   00:00:03        6815744  28%    6.39MB/s   00:00:02       10354688  42%    6.39MB/s   00:00:02       14024704  57%    6.59MB/s   00:00:01       17694720  72%    6.59MB/s   00:00:01       20971520  85%    5.44MB/s   00:00:00       24641536 100%    6.94MB/s   00:00:00       24657317 100%    6.31MB/s   00:00:03 (xfer#1235, to-check=1441/1752)
synthetic_003956/posterior_std.pt
         232019 100%  125.50MB/s   00:00:00 (xfer#1236, to-check=1442/1752)
synthetic_003956/posterior_variance.pt
         232054 100%   14.49MB/s   00:00:00 (xfer#1237, to-check=1443/1752)
synthetic_003957/
synthetic_003957/composite_mean.pt
         232026 100%   37.38MB/s   00:00:00 (xfer#1238, to-check=1445/1752)
synthetic_003957/metadata.json
           1798 100%    8.40MB/s   00:00:00 (xfer#1239, to-check=1446/1752)
synthetic_003957/posterior_mean.pt
         232026 100%    5.86MB/s   00:00:00 (xfer#1240, to-check=1447/1752)
synthetic_003957/posterior_samples.pt
        4063232  16%    7.52MB/s   00:00:02        7995392  32%    7.40MB/s   00:00:02       12189696  49%    7.91MB/s   00:00:01       15728640  64%    6.74MB/s   00:00:01       21233664  86%   10.26MB/s   00:00:00       24657317 100%    8.18MB/s   00:00:02 (xfer#1241, to-check=1448/1752)
synthetic_003957/posterior_std.pt
         232019 100%  133.23MB/s   00:00:00 (xfer#1242, to-check=1449/1752)
synthetic_003957/posterior_variance.pt
         232054 100%  214.67MB/s   00:00:00 (xfer#1243, to-check=1450/1752)
synthetic_003958/
synthetic_003958/composite_mean.pt
         232026 100%    6.05MB/s   00:00:00 (xfer#1244, to-check=1452/1752)
synthetic_003958/metadata.json
           1798 100%    6.70MB/s   00:00:00 (xfer#1245, to-check=1453/1752)
synthetic_003958/posterior_mean.pt
         232026 100%   32.48MB/s   00:00:00 (xfer#1246, to-check=1454/1752)
synthetic_003958/posterior_samples.pt
        5341184  22%   10.02MB/s   00:00:01       10846208  44%   10.48MB/s   00:00:01       16351232  66%   10.36MB/s   00:00:00       21856256  89%   10.02MB/s   00:00:00       24657317 100%   10.12MB/s   00:00:02 (xfer#1247, to-check=1455/1752)
synthetic_003958/posterior_std.pt
         232019 100%  126.80MB/s   00:00:00 (xfer#1248, to-check=1456/1752)
synthetic_003958/posterior_variance.pt
         232054 100%  134.62MB/s   00:00:00 (xfer#1249, to-check=1457/1752)
synthetic_003959/
synthetic_003959/composite_mean.pt
         232026 100%    7.66MB/s   00:00:00 (xfer#1250, to-check=1459/1752)
synthetic_003959/metadata.json
           1797 100%    8.40MB/s   00:00:00 (xfer#1251, to-check=1460/1752)
synthetic_003959/posterior_mean.pt
         232026 100%   56.96MB/s   00:00:00 (xfer#1252, to-check=1461/1752)
synthetic_003959/posterior_samples.pt
        4915200  20%    9.35MB/s   00:00:02       10158080  41%    9.84MB/s   00:00:01       16187392  66%   11.43MB/s   00:00:00       23527424  95%   13.82MB/s   00:00:00       24657317 100%   10.94MB/s   00:00:02 (xfer#1253, to-check=1462/1752)
synthetic_003959/posterior_std.pt
         232019 100%  148.52MB/s   00:00:00 (xfer#1254, to-check=1463/1752)
synthetic_003959/posterior_variance.pt
         232054 100%  226.73MB/s   00:00:00 (xfer#1255, to-check=1464/1752)
synthetic_003960/
synthetic_003960/composite_mean.pt
         232026 100%   11.64MB/s   00:00:00 (xfer#1256, to-check=1466/1752)
synthetic_003960/metadata.json
           1797 100%    9.64MB/s   00:00:00 (xfer#1257, to-check=1467/1752)
synthetic_003960/posterior_mean.pt
         232026 100%   27.72MB/s   00:00:00 (xfer#1258, to-check=1468/1752)
synthetic_003960/posterior_samples.pt
        6619136  27%   12.57MB/s   00:00:01       12648448  51%   11.39MB/s   00:00:01       18317312  74%   10.70MB/s   00:00:00       24657317 100%   11.68MB/s   00:00:02 (xfer#1259, to-check=1469/1752)
synthetic_003960/posterior_std.pt
         232019 100%  139.60MB/s   00:00:00 (xfer#1260, to-check=1470/1752)
synthetic_003960/posterior_variance.pt
         232054 100%  206.82MB/s   00:00:00 (xfer#1261, to-check=1471/1752)
synthetic_003961/
synthetic_003961/composite_mean.pt
         232026 100%  148.71MB/s   00:00:00 (xfer#1262, to-check=1473/1752)
synthetic_003961/metadata.json
           1797 100%    9.11MB/s   00:00:00 (xfer#1263, to-check=1474/1752)
synthetic_003961/posterior_mean.pt
         232026 100%    9.58MB/s   00:00:00 (xfer#1264, to-check=1475/1752)
synthetic_003961/posterior_samples.pt
        6356992  26%   12.12MB/s   00:00:01       12779520  52%   11.94MB/s   00:00:00       20119552  82%   13.83MB/s   00:00:00       24657317 100%   12.39MB/s   00:00:01 (xfer#1265, to-check=1476/1752)
synthetic_003961/posterior_std.pt
         232019 100%  148.71MB/s   00:00:00 (xfer#1266, to-check=1477/1752)
synthetic_003961/posterior_variance.pt
         232054 100%  178.33MB/s   00:00:00 (xfer#1267, to-check=1478/1752)
synthetic_003962/
synthetic_003962/composite_mean.pt
         232026 100%   13.24MB/s   00:00:00 (xfer#1268, to-check=1480/1752)
synthetic_003962/metadata.json
           1797 100%    8.23MB/s   00:00:00 (xfer#1269, to-check=1481/1752)
synthetic_003962/posterior_mean.pt
         232026 100%    7.09MB/s   00:00:00 (xfer#1270, to-check=1482/1752)
synthetic_003962/posterior_samples.pt
        5931008  24%   11.26MB/s   00:00:01       11829248  48%   10.68MB/s   00:00:01       18382848  75%   12.08MB/s   00:00:00       24657317 100%   11.44MB/s   00:00:02 (xfer#1271, to-check=1483/1752)
synthetic_003962/posterior_std.pt
         232019 100%  131.62MB/s   00:00:00 (xfer#1272, to-check=1484/1752)
synthetic_003962/posterior_variance.pt
         232054 100%  260.37MB/s   00:00:00 (xfer#1273, to-check=1485/1752)
synthetic_003963/
synthetic_003963/composite_mean.pt
         232026 100%   15.39MB/s   00:00:00 (xfer#1274, to-check=1487/1752)
synthetic_003963/metadata.json
           1796 100%    7.83MB/s   00:00:00 (xfer#1275, to-check=1488/1752)
synthetic_003963/posterior_mean.pt
         232026 100%   18.90MB/s   00:00:00 (xfer#1276, to-check=1489/1752)
synthetic_003963/posterior_samples.pt
        6455296  26%   11.90MB/s   00:00:01       11960320  49%    9.87MB/s   00:00:01       18251776  74%   11.77MB/s   00:00:00       24150016  98%   11.09MB/s   00:00:00       24657317 100%   10.97MB/s   00:00:02 (xfer#1277, to-check=1490/1752)
synthetic_003963/posterior_std.pt
         232019 100%  143.78MB/s   00:00:00 (xfer#1278, to-check=1491/1752)
synthetic_003963/posterior_variance.pt
         232054 100%  218.51MB/s   00:00:00 (xfer#1279, to-check=1492/1752)
synthetic_003964/
synthetic_003964/composite_mean.pt
         232026 100%   50.04MB/s   00:00:00 (xfer#1280, to-check=1494/1752)
synthetic_003964/metadata.json
           1796 100%    8.52MB/s   00:00:00 (xfer#1281, to-check=1495/1752)
synthetic_003964/posterior_mean.pt
         232026 100%   16.96MB/s   00:00:00 (xfer#1282, to-check=1496/1752)
synthetic_003964/posterior_samples.pt
        7143424  29%   13.29MB/s   00:00:01       13303808  54%   10.78MB/s   00:00:01       20643840  84%   13.87MB/s   00:00:00       24657317 100%   12.41MB/s   00:00:01 (xfer#1283, to-check=1497/1752)
synthetic_003964/posterior_std.pt
         232019 100%  165.26MB/s   00:00:00 (xfer#1284, to-check=1498/1752)
synthetic_003964/posterior_variance.pt
         232054 100%  217.18MB/s   00:00:00 (xfer#1285, to-check=1499/1752)
synthetic_003965/
synthetic_003965/composite_mean.pt
         232026 100%    8.87MB/s   00:00:00 (xfer#1286, to-check=1501/1752)
synthetic_003965/metadata.json
           1798 100%    7.76MB/s   00:00:00 (xfer#1287, to-check=1502/1752)
synthetic_003965/posterior_mean.pt
         232026 100%   16.66MB/s   00:00:00 (xfer#1288, to-check=1503/1752)
synthetic_003965/posterior_samples.pt
        6586368  27%   12.27MB/s   00:00:01       11960320  49%    9.70MB/s   00:00:01       15794176  64%    7.16MB/s   00:00:01       19857408  81%    7.61MB/s   00:00:00       24150016  98%    8.19MB/s   00:00:00       24657317 100%    8.87MB/s   00:00:02 (xfer#1289, to-check=1504/1752)
synthetic_003965/posterior_std.pt
         232019 100%  134.84MB/s   00:00:00 (xfer#1290, to-check=1505/1752)
synthetic_003965/posterior_variance.pt
         232054 100%    7.69MB/s   00:00:00 (xfer#1291, to-check=1506/1752)
synthetic_003966/
synthetic_003966/composite_mean.pt
         232026 100%   12.50MB/s   00:00:00 (xfer#1292, to-check=1508/1752)
synthetic_003966/metadata.json
           1797 100%    8.32MB/s   00:00:00 (xfer#1293, to-check=1509/1752)
synthetic_003966/posterior_mean.pt
         232026 100%    6.35MB/s   00:00:00 (xfer#1294, to-check=1510/1752)
synthetic_003966/posterior_samples.pt
        4063232  16%    7.43MB/s   00:00:02        8519680  35%    8.26MB/s   00:00:01       13107200  53%    8.74MB/s   00:00:01       16777216  68%    6.99MB/s   00:00:01       21069824  85%    8.19MB/s   00:00:00       24657317 100%    7.84MB/s   00:00:03 (xfer#1295, to-check=1511/1752)
synthetic_003966/posterior_std.pt
         232019 100%  152.92MB/s   00:00:00 (xfer#1296, to-check=1512/1752)
synthetic_003966/posterior_variance.pt
         232054 100%   15.84MB/s   00:00:00 (xfer#1297, to-check=1513/1752)
synthetic_003967/
synthetic_003967/composite_mean.pt
         232026 100%   13.41MB/s   00:00:00 (xfer#1298, to-check=1515/1752)
synthetic_003967/metadata.json
           1796 100%    8.20MB/s   00:00:00 (xfer#1299, to-check=1516/1752)
synthetic_003967/posterior_mean.pt
         232026 100%    7.48MB/s   00:00:00 (xfer#1300, to-check=1517/1752)
synthetic_003967/posterior_samples.pt
        4489216  18%    8.16MB/s   00:00:02        9338880  38%    8.95MB/s   00:00:01       14188544  58%    9.16MB/s   00:00:01       19300352  78%    9.71MB/s   00:00:00       24412160  99%    9.46MB/s   00:00:00       24657317 100%    8.99MB/s   00:00:02 (xfer#1301, to-check=1518/1752)
synthetic_003967/posterior_std.pt
         232019 100%  137.43MB/s   00:00:00 (xfer#1302, to-check=1519/1752)
synthetic_003967/posterior_variance.pt
         232054 100%  203.42MB/s   00:00:00 (xfer#1303, to-check=1520/1752)
synthetic_003968/
synthetic_003968/composite_mean.pt
         232026 100%    9.22MB/s   00:00:00 (xfer#1304, to-check=1522/1752)
synthetic_003968/metadata.json
           1798 100%    7.69MB/s   00:00:00 (xfer#1305, to-check=1523/1752)
synthetic_003968/posterior_mean.pt
         232026 100%   11.55MB/s   00:00:00 (xfer#1306, to-check=1524/1752)
synthetic_003968/posterior_samples.pt
        5406720  22%   10.09MB/s   00:00:01       11567104  47%   11.59MB/s   00:00:01       17727488  72%   10.56MB/s   00:00:00       21790720  88%    7.71MB/s   00:00:00       24657317 100%    9.41MB/s   00:00:02 (xfer#1307, to-check=1525/1752)
synthetic_003968/posterior_std.pt
         232019 100%  137.78MB/s   00:00:00 (xfer#1308, to-check=1526/1752)
synthetic_003968/posterior_variance.pt
         232054 100%   24.28MB/s   00:00:00 (xfer#1309, to-check=1527/1752)
synthetic_003969/
synthetic_003969/composite_mean.pt
         232026 100%    6.73MB/s   00:00:00 (xfer#1310, to-check=1529/1752)
synthetic_003969/metadata.json
           1796 100%    7.45MB/s   00:00:00 (xfer#1311, to-check=1530/1752)
synthetic_003969/posterior_mean.pt
         232026 100%   21.24MB/s   00:00:00 (xfer#1312, to-check=1531/1752)
synthetic_003969/posterior_samples.pt
        5275648  21%    9.71MB/s   00:00:01       10256384  42%    9.46MB/s   00:00:01       15892480  64%   10.71MB/s   00:00:00       21135360  86%    9.93MB/s   00:00:00       24657317 100%    9.81MB/s   00:00:02 (xfer#1313, to-check=1532/1752)
synthetic_003969/posterior_std.pt
         232019 100%  119.80MB/s   00:00:00 (xfer#1314, to-check=1533/1752)
synthetic_003969/posterior_variance.pt
         232054 100%  200.83MB/s   00:00:00 (xfer#1315, to-check=1534/1752)
synthetic_003970/
synthetic_003970/composite_mean.pt
         232026 100%   17.32MB/s   00:00:00 (xfer#1316, to-check=1536/1752)
synthetic_003970/metadata.json
           1797 100%    8.53MB/s   00:00:00 (xfer#1317, to-check=1537/1752)
synthetic_003970/posterior_mean.pt
         232026 100%    9.31MB/s   00:00:00 (xfer#1318, to-check=1538/1752)
synthetic_003970/posterior_samples.pt
        6160384  25%   11.71MB/s   00:00:01       10190848  41%    7.30MB/s   00:00:01       14778368  60%    8.30MB/s   00:00:01       19628032  80%    8.93MB/s   00:00:00       24215552  98%    8.66MB/s   00:00:00       24657317 100%    8.76MB/s   00:00:02 (xfer#1319, to-check=1539/1752)
synthetic_003970/posterior_std.pt
         232019 100%  140.49MB/s   00:00:00 (xfer#1320, to-check=1540/1752)
synthetic_003970/posterior_variance.pt
         232054 100%  102.51MB/s   00:00:00 (xfer#1321, to-check=1541/1752)
synthetic_003971/
synthetic_003971/composite_mean.pt
         232026 100%   33.89MB/s   00:00:00 (xfer#1322, to-check=1543/1752)
synthetic_003971/metadata.json
           1797 100%    8.84MB/s   00:00:00 (xfer#1323, to-check=1544/1752)
synthetic_003971/posterior_mean.pt
         232026 100%    3.76MB/s   00:00:00 (xfer#1324, to-check=1545/1752)
synthetic_003971/posterior_samples.pt
        5144576  21%    9.60MB/s   00:00:01        9994240  41%    9.09MB/s   00:00:01       15237120  62%    9.55MB/s   00:00:00       20348928  83%    9.64MB/s   00:00:00       24657317 100%    9.27MB/s   00:00:02 (xfer#1325, to-check=1546/1752)
synthetic_003971/posterior_std.pt
         232019 100%  124.72MB/s   00:00:00 (xfer#1326, to-check=1547/1752)
synthetic_003971/posterior_variance.pt
         232054 100%    2.56MB/s   00:00:00 (xfer#1327, to-check=1548/1752)
synthetic_003972/
synthetic_003972/composite_mean.pt
         232026 100%   45.67MB/s   00:00:00 (xfer#1328, to-check=1550/1752)
synthetic_003972/metadata.json
           1797 100%    6.61MB/s   00:00:00 (xfer#1329, to-check=1551/1752)
synthetic_003972/posterior_mean.pt
         232026 100%    4.93MB/s   00:00:00 (xfer#1330, to-check=1552/1752)
synthetic_003972/posterior_samples.pt
        4653056  19%    8.84MB/s   00:00:02        8683520  35%    7.69MB/s   00:00:01       12845056  52%    7.75MB/s   00:00:01       17039360  69%    7.83MB/s   00:00:00       21889024  89%    8.84MB/s   00:00:00       24657317 100%    8.30MB/s   00:00:02 (xfer#1331, to-check=1553/1752)
synthetic_003972/posterior_std.pt
         232019 100%  140.57MB/s   00:00:00 (xfer#1332, to-check=1554/1752)
synthetic_003972/posterior_variance.pt
         232054 100%  216.52MB/s   00:00:00 (xfer#1333, to-check=1555/1752)
synthetic_003973/
synthetic_003973/composite_mean.pt
         232026 100%    6.03MB/s   00:00:00 (xfer#1334, to-check=1557/1752)
synthetic_003973/metadata.json
           1798 100%    7.24MB/s   00:00:00 (xfer#1335, to-check=1558/1752)
synthetic_003973/posterior_mean.pt
         232026 100%    9.11MB/s   00:00:00 (xfer#1336, to-check=1559/1752)
synthetic_003973/posterior_samples.pt
        4718592  19%    8.92MB/s   00:00:02        9797632  40%    9.49MB/s   00:00:01       14778368  60%    9.24MB/s   00:00:01       19791872  80%    9.56MB/s   00:00:00       24657317 100%    9.29MB/s   00:00:02 (xfer#1337, to-check=1560/1752)
synthetic_003973/posterior_std.pt
         232019 100%  138.81MB/s   00:00:00 (xfer#1338, to-check=1561/1752)
synthetic_003973/posterior_variance.pt
         232054 100%   17.79MB/s   00:00:00 (xfer#1339, to-check=1562/1752)
synthetic_003974/
synthetic_003974/composite_mean.pt
         232026 100%    8.83MB/s   00:00:00 (xfer#1340, to-check=1564/1752)
synthetic_003974/metadata.json
           1798 100%    7.90MB/s   00:00:00 (xfer#1341, to-check=1565/1752)
synthetic_003974/posterior_mean.pt
         232026 100%   27.57MB/s   00:00:00 (xfer#1342, to-check=1566/1752)
synthetic_003974/posterior_samples.pt
        5439488  22%   10.13MB/s   00:00:01       10551296  43%    9.69MB/s   00:00:01       15925248  65%    9.96MB/s   00:00:00       21397504  87%   10.10MB/s   00:00:00       24657317 100%    9.84MB/s   00:00:02 (xfer#1343, to-check=1567/1752)
synthetic_003974/posterior_std.pt
         232019 100%  146.64MB/s   00:00:00 (xfer#1344, to-check=1568/1752)
synthetic_003974/posterior_variance.pt
         232054 100%    9.09MB/s   00:00:00 (xfer#1345, to-check=1569/1752)
synthetic_003975/
synthetic_003975/composite_mean.pt
         232026 100%   33.23MB/s   00:00:00 (xfer#1346, to-check=1571/1752)
synthetic_003975/metadata.json
           1798 100%    8.25MB/s   00:00:00 (xfer#1347, to-check=1572/1752)
synthetic_003975/posterior_mean.pt
         232026 100%    6.18MB/s   00:00:00 (xfer#1348, to-check=1573/1752)
synthetic_003975/posterior_samples.pt
        4980736  20%    9.50MB/s   00:00:01       10715136  43%   10.92MB/s   00:00:01       16351232  66%   10.49MB/s   00:00:00       22118400  90%   10.96MB/s   00:00:00       24657317 100%   10.32MB/s   00:00:02 (xfer#1349, to-check=1574/1752)
synthetic_003975/posterior_std.pt
         232019 100%  143.22MB/s   00:00:00 (xfer#1350, to-check=1575/1752)
synthetic_003975/posterior_variance.pt
         232054 100%  185.05MB/s   00:00:00 (xfer#1351, to-check=1576/1752)
synthetic_003976/
synthetic_003976/composite_mean.pt
         232026 100%   19.44MB/s   00:00:00 (xfer#1352, to-check=1578/1752)
synthetic_003976/metadata.json
           1797 100%    9.02MB/s   00:00:00 (xfer#1353, to-check=1579/1752)
synthetic_003976/posterior_mean.pt
         232026 100%   11.81MB/s   00:00:00 (xfer#1354, to-check=1580/1752)
synthetic_003976/posterior_samples.pt
        6455296  26%   12.24MB/s   00:00:01       12484608  51%   11.49MB/s   00:00:01       18907136  77%   12.06MB/s   00:00:00       24657317 100%   11.55MB/s   00:00:02 (xfer#1355, to-check=1581/1752)
synthetic_003976/posterior_std.pt
         232019 100%  141.67MB/s   00:00:00 (xfer#1356, to-check=1582/1752)
synthetic_003976/posterior_variance.pt
         232054 100%  150.46MB/s   00:00:00 (xfer#1357, to-check=1583/1752)
synthetic_003977/
synthetic_003977/composite_mean.pt
         232026 100%  101.32MB/s   00:00:00 (xfer#1358, to-check=1585/1752)
synthetic_003977/metadata.json
           1797 100%   10.08MB/s   00:00:00 (xfer#1359, to-check=1586/1752)
synthetic_003977/posterior_mean.pt
         232026 100%    6.99MB/s   00:00:00 (xfer#1360, to-check=1587/1752)
synthetic_003977/posterior_samples.pt
        6029312  24%   11.43MB/s   00:00:01       12976128  53%   12.76MB/s   00:00:00       20054016  81%   13.17MB/s   00:00:00       24657317 100%   12.30MB/s   00:00:01 (xfer#1361, to-check=1588/1752)
synthetic_003977/posterior_std.pt
         232019 100%  170.73MB/s   00:00:00 (xfer#1362, to-check=1589/1752)
synthetic_003977/posterior_variance.pt
         232054 100%  171.54MB/s   00:00:00 (xfer#1363, to-check=1590/1752)
synthetic_003978/
synthetic_003978/composite_mean.pt
         232026 100%   35.02MB/s   00:00:00 (xfer#1364, to-check=1592/1752)
synthetic_003978/metadata.json
           1796 100%    9.40MB/s   00:00:00 (xfer#1365, to-check=1593/1752)
synthetic_003978/posterior_mean.pt
         232026 100%    9.37MB/s   00:00:00 (xfer#1366, to-check=1594/1752)
synthetic_003978/posterior_samples.pt
        5537792  22%   10.51MB/s   00:00:01       12484608  51%   13.06MB/s   00:00:00       19169280  78%   12.69MB/s   00:00:00       24657317 100%   11.53MB/s   00:00:02 (xfer#1367, to-check=1595/1752)
synthetic_003978/posterior_std.pt
         232019 100%  134.99MB/s   00:00:00 (xfer#1368, to-check=1596/1752)
synthetic_003978/posterior_variance.pt
         232054 100%  229.36MB/s   00:00:00 (xfer#1369, to-check=1597/1752)
synthetic_003979/
synthetic_003979/composite_mean.pt
         232026 100%  213.60MB/s   00:00:00 (xfer#1370, to-check=1599/1752)
synthetic_003979/metadata.json
           1798 100%    9.22MB/s   00:00:00 (xfer#1371, to-check=1600/1752)
synthetic_003979/posterior_mean.pt
         232026 100%   51.86MB/s   00:00:00 (xfer#1372, to-check=1601/1752)
synthetic_003979/posterior_samples.pt
        6684672  27%   12.60MB/s   00:00:01       13369344  54%   10.90MB/s   00:00:00       20971520  85%   14.35MB/s   00:00:00       24657317 100%   12.28MB/s   00:00:01 (xfer#1373, to-check=1602/1752)
synthetic_003979/posterior_std.pt
         232019 100%  140.21MB/s   00:00:00 (xfer#1374, to-check=1603/1752)
synthetic_003979/posterior_variance.pt
         232054 100%   19.02MB/s   00:00:00 (xfer#1375, to-check=1604/1752)
synthetic_003980/
synthetic_003980/composite_mean.pt
         232026 100%   69.80MB/s   00:00:00 (xfer#1376, to-check=1606/1752)
synthetic_003980/metadata.json
           1799 100%    8.33MB/s   00:00:00 (xfer#1377, to-check=1607/1752)
synthetic_003980/posterior_mean.pt
         232026 100%   16.13MB/s   00:00:00 (xfer#1378, to-check=1608/1752)
synthetic_003980/posterior_samples.pt
        5373952  22%   10.22MB/s   00:00:01       10715136  43%   10.18MB/s   00:00:01       15859712  64%    9.67MB/s   00:00:00       22937600  93%   13.44MB/s   00:00:00       24657317 100%   10.79MB/s   00:00:02 (xfer#1379, to-check=1609/1752)
synthetic_003980/posterior_std.pt
         232019 100%  143.05MB/s   00:00:00 (xfer#1380, to-check=1610/1752)
synthetic_003980/posterior_variance.pt
         232054 100%  167.01MB/s   00:00:00 (xfer#1381, to-check=1611/1752)
synthetic_003981/
synthetic_003981/composite_mean.pt
         232026 100%   42.50MB/s   00:00:00 (xfer#1382, to-check=1613/1752)
synthetic_003981/metadata.json
           1798 100%    8.85MB/s   00:00:00 (xfer#1383, to-check=1614/1752)
synthetic_003981/posterior_mean.pt
         232026 100%   10.85MB/s   00:00:00 (xfer#1384, to-check=1615/1752)
synthetic_003981/posterior_samples.pt
        6160384  25%   11.67MB/s   00:00:01       12910592  52%   11.96MB/s   00:00:00       17498112  71%    8.50MB/s   00:00:00       21561344  87%    3.44MB/s   00:00:00       24657317 100%    8.26MB/s   00:00:02 (xfer#1385, to-check=1616/1752)
synthetic_003981/posterior_std.pt
         232019 100%  149.21MB/s   00:00:00 (xfer#1386, to-check=1617/1752)
synthetic_003981/posterior_variance.pt
         232054 100%  213.43MB/s   00:00:00 (xfer#1387, to-check=1618/1752)
synthetic_003982/
synthetic_003982/composite_mean.pt
         232026 100%   30.29MB/s   00:00:00 (xfer#1388, to-check=1620/1752)
synthetic_003982/metadata.json
           1798 100%    8.57MB/s   00:00:00 (xfer#1389, to-check=1621/1752)
synthetic_003982/posterior_mean.pt
         232026 100%   36.37MB/s   00:00:00 (xfer#1390, to-check=1622/1752)
synthetic_003982/posterior_samples.pt
        6160384  25%   10.90MB/s   00:00:01       12451840  50%   11.76MB/s   00:00:00       19136512  78%   12.06MB/s   00:00:00       24657317 100%   11.44MB/s   00:00:02 (xfer#1391, to-check=1623/1752)
synthetic_003982/posterior_std.pt
         232019 100%  161.15MB/s   00:00:00 (xfer#1392, to-check=1624/1752)
synthetic_003982/posterior_variance.pt
         232054 100%   11.88MB/s   00:00:00 (xfer#1393, to-check=1625/1752)
synthetic_003983/
synthetic_003983/composite_mean.pt
         232026 100%   18.47MB/s   00:00:00 (xfer#1394, to-check=1627/1752)
synthetic_003983/metadata.json
           1797 100%    7.15MB/s   00:00:00 (xfer#1395, to-check=1628/1752)
synthetic_003983/posterior_mean.pt
         232026 100%    6.23MB/s   00:00:00 (xfer#1396, to-check=1629/1752)
synthetic_003983/posterior_samples.pt
        6520832  26%   12.11MB/s   00:00:01       13598720  55%   13.47MB/s   00:00:00       19365888  79%   10.76MB/s   00:00:00       24657317 100%   11.73MB/s   00:00:02 (xfer#1397, to-check=1630/1752)
synthetic_003983/posterior_std.pt
         232019 100%  148.99MB/s   00:00:00 (xfer#1398, to-check=1631/1752)
synthetic_003983/posterior_variance.pt
         232054 100%  171.42MB/s   00:00:00 (xfer#1399, to-check=1632/1752)
synthetic_003984/
synthetic_003984/composite_mean.pt
         232026 100%   11.53MB/s   00:00:00 (xfer#1400, to-check=1634/1752)
synthetic_003984/metadata.json
           1797 100%    7.97MB/s   00:00:00 (xfer#1401, to-check=1635/1752)
synthetic_003984/posterior_mean.pt
         232026 100%   21.04MB/s   00:00:00 (xfer#1402, to-check=1636/1752)
synthetic_003984/posterior_samples.pt
        6324224  26%   11.98MB/s   00:00:01       13139968  53%   12.96MB/s   00:00:00       20086784  81%   13.06MB/s   00:00:00       24657317 100%   11.52MB/s   00:00:02 (xfer#1403, to-check=1637/1752)
synthetic_003984/posterior_std.pt
         232019 100%  143.49MB/s   00:00:00 (xfer#1404, to-check=1638/1752)
synthetic_003984/posterior_variance.pt
         232054 100%   50.35MB/s   00:00:00 (xfer#1405, to-check=1639/1752)
synthetic_003985/
synthetic_003985/composite_mean.pt
         232026 100%   28.74MB/s   00:00:00 (xfer#1406, to-check=1641/1752)
synthetic_003985/metadata.json
           1798 100%    8.36MB/s   00:00:00 (xfer#1407, to-check=1642/1752)
synthetic_003985/posterior_mean.pt
         232026 100%   11.51MB/s   00:00:00 (xfer#1408, to-check=1643/1752)
synthetic_003985/posterior_samples.pt
        5931008  24%   11.21MB/s   00:00:01       11304960  46%   10.12MB/s   00:00:01       17334272  70%   11.23MB/s   00:00:00       22577152  92%    9.72MB/s   00:00:00       24657317 100%   10.63MB/s   00:00:02 (xfer#1409, to-check=1644/1752)
synthetic_003985/posterior_std.pt
         232019 100%  156.58MB/s   00:00:00 (xfer#1410, to-check=1645/1752)
synthetic_003985/posterior_variance.pt
         232054 100%  151.37MB/s   00:00:00 (xfer#1411, to-check=1646/1752)
synthetic_003986/
synthetic_003986/composite_mean.pt
         232026 100%   18.31MB/s   00:00:00 (xfer#1412, to-check=1648/1752)
synthetic_003986/metadata.json
           1799 100%    8.21MB/s   00:00:00 (xfer#1413, to-check=1649/1752)
synthetic_003986/posterior_mean.pt
         232026 100%    7.52MB/s   00:00:00 (xfer#1414, to-check=1650/1752)
synthetic_003986/posterior_samples.pt
        7012352  28%   13.22MB/s   00:00:01       13828096  56%   12.95MB/s   00:00:00       19988480  81%   11.65MB/s   00:00:00       24657317 100%   12.34MB/s   00:00:01 (xfer#1415, to-check=1651/1752)
synthetic_003986/posterior_std.pt
         232019 100%   51.11MB/s   00:00:00 (xfer#1416, to-check=1652/1752)
synthetic_003986/posterior_variance.pt
         232054 100%  211.97MB/s   00:00:00 (xfer#1417, to-check=1653/1752)
synthetic_003987/
synthetic_003987/composite_mean.pt
         232026 100%   19.56MB/s   00:00:00 (xfer#1418, to-check=1655/1752)
synthetic_003987/metadata.json
           1796 100%    7.89MB/s   00:00:00 (xfer#1419, to-check=1656/1752)
synthetic_003987/posterior_mean.pt
         232026 100%    5.95MB/s   00:00:00 (xfer#1420, to-check=1657/1752)
synthetic_003987/posterior_samples.pt
        5865472  24%   10.97MB/s   00:00:01       11632640  47%   10.92MB/s   00:00:01       18055168  73%   11.66MB/s   00:00:00       24608768 100%   12.27MB/s   00:00:00       24657317 100%   11.27MB/s   00:00:02 (xfer#1421, to-check=1658/1752)
synthetic_003987/posterior_std.pt
         232019 100%  126.44MB/s   00:00:00 (xfer#1422, to-check=1659/1752)
synthetic_003987/posterior_variance.pt
         232054 100%  226.28MB/s   00:00:00 (xfer#1423, to-check=1660/1752)
synthetic_003988/
synthetic_003988/composite_mean.pt
         232026 100%   38.74MB/s   00:00:00 (xfer#1424, to-check=1662/1752)
synthetic_003988/metadata.json
           1798 100%    8.49MB/s   00:00:00 (xfer#1425, to-check=1663/1752)
synthetic_003988/posterior_mean.pt
         232026 100%  149.91MB/s   00:00:00 (xfer#1426, to-check=1664/1752)
synthetic_003988/posterior_samples.pt
        6029312  24%   11.23MB/s   00:00:01       11534336  47%   10.42MB/s   00:00:01       16908288  69%   10.08MB/s   00:00:00       22413312  91%   10.44MB/s   00:00:00       24657317 100%   10.50MB/s   00:00:02 (xfer#1427, to-check=1665/1752)
synthetic_003988/posterior_std.pt
         232019 100%  126.80MB/s   00:00:00 (xfer#1428, to-check=1666/1752)
synthetic_003988/posterior_variance.pt
         232054 100%  184.90MB/s   00:00:00 (xfer#1429, to-check=1667/1752)
synthetic_003989/
synthetic_003989/composite_mean.pt
         232026 100%   36.61MB/s   00:00:00 (xfer#1430, to-check=1669/1752)
synthetic_003989/metadata.json
           1798 100%    8.93MB/s   00:00:00 (xfer#1431, to-check=1670/1752)
synthetic_003989/posterior_mean.pt
         232026 100%    6.93MB/s   00:00:00 (xfer#1432, to-check=1671/1752)
synthetic_003989/posterior_samples.pt
        5898240  24%   10.97MB/s   00:00:01       11665408  47%   10.87MB/s   00:00:01       17170432  70%   10.20MB/s   00:00:00       23461888  95%   11.65MB/s   00:00:00       24657317 100%   10.59MB/s   00:00:02 (xfer#1433, to-check=1672/1752)
synthetic_003989/posterior_std.pt
         232019 100%  148.80MB/s   00:00:00 (xfer#1434, to-check=1673/1752)
synthetic_003989/posterior_variance.pt
         232054 100%   36.90MB/s   00:00:00 (xfer#1435, to-check=1674/1752)
synthetic_003990/
synthetic_003990/composite_mean.pt
         232026 100%    9.22MB/s   00:00:00 (xfer#1436, to-check=1676/1752)
synthetic_003990/metadata.json
           1798 100%    9.22MB/s   00:00:00 (xfer#1437, to-check=1677/1752)
synthetic_003990/posterior_mean.pt
         232026 100%   18.28MB/s   00:00:00 (xfer#1438, to-check=1678/1752)
synthetic_003990/posterior_samples.pt
        6094848  25%   11.57MB/s   00:00:01       12386304  50%   11.48MB/s   00:00:01       18677760  76%   11.77MB/s   00:00:00       24657317 100%   11.54MB/s   00:00:02 (xfer#1439, to-check=1679/1752)
synthetic_003990/posterior_std.pt
         232019 100%  137.01MB/s   00:00:00 (xfer#1440, to-check=1680/1752)
synthetic_003990/posterior_variance.pt
         232054 100%   22.90MB/s   00:00:00 (xfer#1441, to-check=1681/1752)
synthetic_003991/
synthetic_003991/composite_mean.pt
         232026 100%   26.39MB/s   00:00:00 (xfer#1442, to-check=1683/1752)
synthetic_003991/metadata.json
           1797 100%    8.36MB/s   00:00:00 (xfer#1443, to-check=1684/1752)
synthetic_003991/posterior_mean.pt
         232026 100%   25.40MB/s   00:00:00 (xfer#1444, to-check=1685/1752)
synthetic_003991/posterior_samples.pt
        6455296  26%   12.12MB/s   00:00:01       13008896  53%   12.37MB/s   00:00:00       20217856  82%   13.64MB/s   00:00:00       24657317 100%   12.42MB/s   00:00:01 (xfer#1445, to-check=1686/1752)
synthetic_003991/posterior_std.pt
         232019 100%  131.70MB/s   00:00:00 (xfer#1446, to-check=1687/1752)
synthetic_003991/posterior_variance.pt
         232054 100%  205.86MB/s   00:00:00 (xfer#1447, to-check=1688/1752)
synthetic_003992/
synthetic_003992/composite_mean.pt
         232026 100%   26.04MB/s   00:00:00 (xfer#1448, to-check=1690/1752)
synthetic_003992/metadata.json
           1797 100%    8.12MB/s   00:00:00 (xfer#1449, to-check=1691/1752)
synthetic_003992/posterior_mean.pt
         232026 100%   10.43MB/s   00:00:00 (xfer#1450, to-check=1692/1752)
synthetic_003992/posterior_samples.pt
        6324224  26%   11.87MB/s   00:00:01       12222464  50%   11.18MB/s   00:00:01       19038208  77%   12.66MB/s   00:00:00       24657317 100%   11.98MB/s   00:00:01 (xfer#1451, to-check=1693/1752)
synthetic_003992/posterior_std.pt
         232019 100%   10.13MB/s   00:00:00 (xfer#1452, to-check=1694/1752)
synthetic_003992/posterior_variance.pt
         232054 100%   59.80MB/s   00:00:00 (xfer#1453, to-check=1695/1752)
synthetic_003993/
synthetic_003993/composite_mean.pt
         232026 100%   42.26MB/s   00:00:00 (xfer#1454, to-check=1697/1752)
synthetic_003993/metadata.json
           1798 100%    8.53MB/s   00:00:00 (xfer#1455, to-check=1698/1752)
synthetic_003993/posterior_mean.pt
         232026 100%    6.86MB/s   00:00:00 (xfer#1456, to-check=1699/1752)
synthetic_003993/posterior_samples.pt
        6455296  26%   12.20MB/s   00:00:01       11272192  46%    9.18MB/s   00:00:01       17563648  71%   11.94MB/s   00:00:00       22773760  92%    8.43MB/s   00:00:00       24657317 100%    9.57MB/s   00:00:02 (xfer#1457, to-check=1700/1752)
synthetic_003993/posterior_std.pt
         232019 100%  148.21MB/s   00:00:00 (xfer#1458, to-check=1701/1752)
synthetic_003993/posterior_variance.pt
         232054 100%  208.96MB/s   00:00:00 (xfer#1459, to-check=1702/1752)
synthetic_003994/
synthetic_003994/composite_mean.pt
         232026 100%   11.85MB/s   00:00:00 (xfer#1460, to-check=1704/1752)
synthetic_003994/metadata.json
           1798 100%    8.37MB/s   00:00:00 (xfer#1461, to-check=1705/1752)
synthetic_003994/posterior_mean.pt
         232026 100%    6.83MB/s   00:00:00 (xfer#1462, to-check=1706/1752)
synthetic_003994/posterior_samples.pt
        4620288  19%    8.50MB/s   00:00:02        8421376  34%    6.98MB/s   00:00:02       13795328  56%   10.01MB/s   00:00:01       19169280  78%   10.09MB/s   00:00:00       24018944  97%    8.89MB/s   00:00:00       24657317 100%    8.78MB/s   00:00:02 (xfer#1463, to-check=1707/1752)
synthetic_003994/posterior_std.pt
         232019 100%  138.81MB/s   00:00:00 (xfer#1464, to-check=1708/1752)
synthetic_003994/posterior_variance.pt
         232054 100%   56.44MB/s   00:00:00 (xfer#1465, to-check=1709/1752)
synthetic_003995/
synthetic_003995/composite_mean.pt
         232026 100%   18.39MB/s   00:00:00 (xfer#1466, to-check=1711/1752)
synthetic_003995/metadata.json
           1797 100%    8.70MB/s   00:00:00 (xfer#1467, to-check=1712/1752)
synthetic_003995/posterior_mean.pt
         232026 100%    6.36MB/s   00:00:00 (xfer#1468, to-check=1713/1752)
synthetic_003995/posterior_samples.pt
        5242880  21%    9.89MB/s   00:00:01       10747904  44%   10.48MB/s   00:00:01       16515072  67%   10.62MB/s   00:00:00       21889024  89%    9.09MB/s   00:00:00       24657317 100%    9.90MB/s   00:00:02 (xfer#1469, to-check=1714/1752)
synthetic_003995/posterior_std.pt
         232019 100%  145.38MB/s   00:00:00 (xfer#1470, to-check=1715/1752)
synthetic_003995/posterior_variance.pt
         232054 100%  150.12MB/s   00:00:00 (xfer#1471, to-check=1716/1752)
synthetic_003996/
synthetic_003996/composite_mean.pt
         232026 100%   13.64MB/s   00:00:00 (xfer#1472, to-check=1718/1752)
synthetic_003996/metadata.json
           1798 100%    7.79MB/s   00:00:00 (xfer#1473, to-check=1719/1752)
synthetic_003996/posterior_mean.pt
         232026 100%   11.82MB/s   00:00:00 (xfer#1474, to-check=1720/1752)
synthetic_003996/posterior_samples.pt
        5701632  23%   10.77MB/s   00:00:01       11599872  47%   11.08MB/s   00:00:01       17891328  73%   11.95MB/s   00:00:00       24576000 100%   12.53MB/s   00:00:00       24657317 100%   11.40MB/s   00:00:02 (xfer#1475, to-check=1721/1752)
synthetic_003996/posterior_std.pt
         232019 100%  145.47MB/s   00:00:00 (xfer#1476, to-check=1722/1752)
synthetic_003996/posterior_variance.pt
         232054 100%  207.61MB/s   00:00:00 (xfer#1477, to-check=1723/1752)
synthetic_003997/
synthetic_003997/composite_mean.pt
         232026 100%   12.62MB/s   00:00:00 (xfer#1478, to-check=1725/1752)
synthetic_003997/metadata.json
           1798 100%    7.14MB/s   00:00:00 (xfer#1479, to-check=1726/1752)
synthetic_003997/posterior_mean.pt
         232026 100%    4.97MB/s   00:00:00 (xfer#1480, to-check=1727/1752)
synthetic_003997/posterior_samples.pt
        5832704  24%   10.73MB/s   00:00:01       12517376  51%   12.59MB/s   00:00:00       18284544  74%   10.41MB/s   00:00:00       24657317 100%   11.38MB/s   00:00:02 (xfer#1481, to-check=1728/1752)
synthetic_003997/posterior_std.pt
         232019 100%   24.73MB/s   00:00:00 (xfer#1482, to-check=1729/1752)
synthetic_003997/posterior_variance.pt
         232054 100%   38.04MB/s   00:00:00 (xfer#1483, to-check=1730/1752)
synthetic_003998/
synthetic_003998/composite_mean.pt
         232026 100%    4.90MB/s   00:00:00 (xfer#1484, to-check=1732/1752)
synthetic_003998/metadata.json
           1795 100%    5.82MB/s   00:00:00 (xfer#1485, to-check=1733/1752)
synthetic_003998/posterior_mean.pt
         232026 100%  174.49MB/s   00:00:00 (xfer#1486, to-check=1734/1752)
synthetic_003998/posterior_samples.pt
        6717440  27%   12.35MB/s   00:00:01       12091392  49%   10.08MB/s   00:00:01       18251776  74%   11.61MB/s   00:00:00       24657317 100%   12.06MB/s   00:00:00       24657317 100%   11.42MB/s   00:00:02 (xfer#1487, to-check=1735/1752)
synthetic_003998/posterior_std.pt
         232019 100%  202.42MB/s   00:00:00 (xfer#1488, to-check=1736/1752)
synthetic_003998/posterior_variance.pt
         232054 100%  191.27MB/s   00:00:00 (xfer#1489, to-check=1737/1752)
synthetic_003999/
synthetic_003999/composite_mean.pt
         232026 100%   11.15MB/s   00:00:00 (xfer#1490, to-check=1739/1752)
synthetic_003999/metadata.json
           1797 100%    6.77MB/s   00:00:00 (xfer#1491, to-check=1740/1752)
synthetic_003999/posterior_mean.pt
         232026 100%   10.03MB/s   00:00:00 (xfer#1492, to-check=1741/1752)
synthetic_003999/posterior_samples.pt
        6717440  27%   11.56MB/s   00:00:01       10780672  44%    7.69MB/s   00:00:01       16547840  67%   10.53MB/s   00:00:00       22708224  92%   11.56MB/s   00:00:00       24657317 100%   10.33MB/s   00:00:02 (xfer#1493, to-check=1742/1752)
synthetic_003999/posterior_std.pt
         232019 100%  138.98MB/s   00:00:00 (xfer#1494, to-check=1743/1752)
synthetic_003999/posterior_variance.pt
         232054 100%  242.10MB/s   00:00:00 (xfer#1495, to-check=1744/1752)
synthetic_004000/
synthetic_004000/composite_mean.pt
         232026 100%  158.41MB/s   00:00:00 (xfer#1496, to-check=1746/1752)
synthetic_004000/metadata.json
           1796 100%    7.58MB/s   00:00:00 (xfer#1497, to-check=1747/1752)
synthetic_004000/posterior_mean.pt
         232026 100%   10.00MB/s   00:00:00 (xfer#1498, to-check=1748/1752)
synthetic_004000/posterior_samples.pt
        6914048  28%   12.91MB/s   00:00:01       13860864  56%   13.17MB/s   00:00:00       20152320  82%   11.79MB/s   00:00:00       24657317 100%   12.55MB/s   00:00:01 (xfer#1499, to-check=1749/1752)
synthetic_004000/posterior_std.pt
         232019 100%   88.47MB/s   00:00:00 (xfer#1500, to-check=1750/1752)
synthetic_004000/posterior_variance.pt
         232054 100%  179.92MB/s   00:00:00 (xfer#1501, to-check=1751/1752)

sent 6398M bytes  received 34548 bytes  10807k bytes/sec
total size is 6397M  speedup is 1.00
Transfer starting: 2 files
batch_0016_external_evaluation_manifest.csv
batch_0016_manifest.csv

sent 92351 bytes  received 64 bytes  416k bytes/sec
total size is 92082  speedup is 1.00
Transfer starting: 2 files
br_lora_batch_0016_mac_sha256.txt
br_lora_batch_0016_production_audit.json

sent 156k bytes  received 64 bytes  668k bytes/sec
total size is 156k  speedup is 1.00

===== FALCON TRANSFER VERIFICATION =====
Case directories : 250
Files checksummed: 1501
Mac/Falcon SHA256: IDENTICAL

==============================================================================
BR-LoRA FALCON BATCH ACCEPTANCE
==============================================================================

Batch                    : batch_0016
Batch directory          : /scratch/bhanug/br_lora_library/batches/batch_0016
Current master           : /scratch/bhanug/br_lora_library/manifests/br_lora_library_manifest.csv

===== TRANSFER CHECK =====
Files                    : 1501
Mac/Falcon SHA-256       : IDENTICAL

===== MAC PRODUCTION AUDIT =====
Status                   : PASS
Cases                    : 250
Posterior samples        : 100
Evaluation seed          : 42
Execution manifest hash  : MATCH

===== MASTER PRE-STATE =====
Rows                     : 3750
Library IDs              : synthetic_000001 to synthetic_003750
Current master SHA-256   : 6ddd894233a30b194a84324ab359d1dde53e019dc51f7f7d641dbe2d4d2be19b

==============================================================================
BATCH ACCEPTANCE: PASS
==============================================================================

Accepted batch           : batch_0016
Accepted cases           : 250
Master rows before       : 3750
Master rows after        : 4000
Library IDs              : synthetic_000001 to synthetic_004000
Unique pair keys         : 4000
Unique donor slices      : 4000
Unique external bases    : 3312
Master SHA-256           : 325acd93bb54c58f72816729653269ce58035ac04402fe0cf4371c414790628e
Acceptance audit         : /scratch/bhanug/br_lora_library/audits/br_lora_batch_0016_acceptance.json
Pre-promotion snapshot   : /scratch/bhanug/br_lora_library/manifests/br_lora_library_manifest_03750_pre_batch_0016.csv

SAFE TO DELETE LOCAL MAC BATCH AFTER THIS PASS.

==============================================================================
BR-LoRA FROZEN LIBRARY PIPELINE
==============================================================================

Batch                    : batch_0016
Frozen design            : /Users/bhanugarg/Desktop/localized-medical-image-synthesis/downstream_evaluation/manifests/br_lora_library_design_10000/batches/batch_0016_manifest.csv
Local staging            : /Users/bhanugarg/archive/br_lora_library_staging/batch_0016
Falcon library           : /scratch/bhanug/br_lora_library
Falcon acceptance        : True
Cleanup                  : True

==============================================================================
STAGE 1 — LOCAL GENERATION + PRODUCTION AUDIT
==============================================================================

/opt/anaconda3/envs/brats-nnunet/bin/python /Users/bhanugarg/Desktop/localized-medical-image-synthesis/scripts/run_br_lora_library_batch.py --batch batch_0016


==============================================================================
STAGE 2 — TRANSFER BATCH TO FALCON
==============================================================================

rsync -avh --partial --progress /Users/bhanugarg/archive/br_lora_library_staging/batch_0016/ falcon:/scratch/bhanug/br_lora_library/batches/batch_0016/


==============================================================================
STAGE 3 — TRANSFER MANIFESTS
==============================================================================

rsync -avh --partial /Users/bhanugarg/Desktop/localized-medical-image-synthesis/downstream_evaluation/manifests/br_lora_library_design_10000/batches/batch_0016_manifest.csv /Users/bhanugarg/Desktop/localized-medical-image-synthesis/downstream_evaluation/manifests/br_lora_library_design_10000/batches/batch_0016_external_evaluation_manifest.csv falcon:/scratch/bhanug/br_lora_library/manifests/


==============================================================================
STAGE 3 — TRANSFER AUDIT RECORDS
==============================================================================

rsync -avh --partial /Users/bhanugarg/archive/br_lora_library_staging/br_lora_batch_0016_production_audit.json /Users/bhanugarg/archive/br_lora_library_staging/br_lora_batch_0016_mac_sha256.txt falcon:/scratch/bhanug/br_lora_library/audits/


==============================================================================
STAGE 4 — FALCON SHA-256 VERIFICATION
==============================================================================

ssh falcon bash -s


==============================================================================
STAGE 5 — FALCON ACCEPTANCE
==============================================================================

ssh falcon bash -s


==============================================================================
LOCAL CLEANUP COMPLETE
==============================================================================

Deleted: /Users/bhanugarg/archive/br_lora_library_staging/batch_0016

==============================================================================
PIPELINE STAGE COMPLETE
==============================================================================

Batch                    : batch_0016
Local production         : PASS
Transfer                 : PASS
Mac/Falcon SHA-256       : IDENTICAL
Falcon acceptance        : PASS
Local cleanup            : COMPLETE
Next batch               : batch_0017

============================================================
COMPLETED: batch_0016
Finished: Sat Aug 15 18:17:13 EDT 2026
============================================================
