============================================================
BR-LoRA PIPELINE: batch_0020
Started: Sat Aug 15 19:03:03 EDT 2026
============================================================


==============================================================================
BR-LoRA EXTERNAL EVALUATION CONSTRUCTION
==============================================================================

Evaluation
------------------------------------------------------------------------------
Evaluation name          : br_lora_external_evaluation
Checkpoint               : /Users/bhanugarg/Desktop/localized-medical-image-synthesis/checkpoints/br_lora_full_train/final.pt
Device                   : mps
Seed                     : 42
Posterior realizations   : 100
Fixed diffusion noise    : True
Timestep fraction        : 0.75
Resume mode              : False

External dataset
------------------------------------------------------------------------------
Specification            : /Users/bhanugarg/archive/BraTS2020_ValidationData/MICCAI_BraTS2020_ValidationData/validation_dataset.yaml
Dataset root             : /Users/bhanugarg/archive/BraTS2020_ValidationData/MICCAI_BraTS2020_ValidationData
Registered subjects      : 125

Evaluation manifest
------------------------------------------------------------------------------
Manifest                 : /Users/bhanugarg/Desktop/localized-medical-image-synthesis/downstream_evaluation/manifests/br_lora_library_design_10000/batches/batch_0020_external_evaluation_manifest.csv
Cases                    : 250

BR-LoRA
------------------------------------------------------------------------------
Variational modules      : 7
Variational parameters   : 36,104
Donor image channel      : 0

Provenance
------------------------------------------------------------------------------
Git commit               : 35f169f8d879ca3e8fff921419a96451e704ba28
Future output directory  : /Users/bhanugarg/archive/br_lora_library_staging/batch_0020

==============================================================================
CONSTRUCTION VERDICT: PASS
The fitted BR-LoRA checkpoint, registered external dataset, fixed evaluation manifest, and diffusion schedule were constructed successfully.
==============================================================================

==============================================================================
RUNNING EXTERNAL POSTERIOR INFERENCE
==============================================================================

[1/250] synthetic_004751
  Case seed              : 662278452
  External subject       : BraTS20_Validation_058
  External slice         : 57
  Donor mask pixels      : 1111
  Posterior stack        : (100, 1, 1, 240, 240)
  Case output            : /Users/bhanugarg/archive/br_lora_library_staging/batch_0020/synthetic_004751
  Verdict                : PASS

[2/250] synthetic_004752
  Case seed              : 1650601641
  External subject       : BraTS20_Validation_058
  External slice         : 58
  Donor mask pixels      : 2532
  Posterior stack        : (100, 1, 1, 240, 240)
  Case output            : /Users/bhanugarg/archive/br_lora_library_staging/batch_0020/synthetic_004752
  Verdict                : PASS

[3/250] synthetic_004753
  Case seed              : 1632834186
  External subject       : BraTS20_Validation_058
  External slice         : 59
  Donor mask pixels      : 1229
  Posterior stack        : (100, 1, 1, 240, 240)
  Case output            : /Users/bhanugarg/archive/br_lora_library_staging/batch_0020/synthetic_004753
  Verdict                : PASS

[4/250] synthetic_004754
  Case seed              : 761871096
  External subject       : BraTS20_Validation_058
  External slice         : 60
  Donor mask pixels      : 2122
  Posterior stack        : (100, 1, 1, 240, 240)
  Case output            : /Users/bhanugarg/archive/br_lora_library_staging/batch_0020/synthetic_004754
  Verdict                : PASS

[5/250] synthetic_004755
  Case seed              : 1218847086
  External subject       : BraTS20_Validation_058
  External slice         : 61
  Donor mask pixels      : 726
  Posterior stack        : (100, 1, 1, 240, 240)
  Case output            : /Users/bhanugarg/archive/br_lora_library_staging/batch_0020/synthetic_004755
  Verdict                : PASS

[6/250] synthetic_004756
  Case seed              : 853650535
  External subject       : BraTS20_Validation_058
  External slice         : 62
  Donor mask pixels      : 2893
  Posterior stack        : (100, 1, 1, 240, 240)
  Case output            : /Users/bhanugarg/archive/br_lora_library_staging/batch_0020/synthetic_004756
  Verdict                : PASS

[7/250] synthetic_004757
  Case seed              : 1535772107
  External subject       : BraTS20_Validation_058
  External slice         : 63
  Donor mask pixels      : 1026
  Posterior stack        : (100, 1, 1, 240, 240)
  Case output            : /Users/bhanugarg/archive/br_lora_library_staging/batch_0020/synthetic_004757
  Verdict                : PASS

[8/250] synthetic_004758
  Case seed              : 2094374993
  External subject       : BraTS20_Validation_058
  External slice         : 64
  Donor mask pixels      : 2424
  Posterior stack        : (100, 1, 1, 240, 240)
  Case output            : /Users/bhanugarg/archive/br_lora_library_staging/batch_0020/synthetic_004758
  Verdict                : PASS

[9/250] synthetic_004759
  Case seed              : 308570808
  External subject       : BraTS20_Validation_058
  External slice         : 65
  Donor mask pixels      : 2750
  Posterior stack        : (100, 1, 1, 240, 240)
  Case output            : /Users/bhanugarg/archive/br_lora_library_staging/batch_0020/synthetic_004759
  Verdict                : PASS

[10/250] synthetic_004760
  Case seed              : 558439953
  External subject       : BraTS20_Validation_058
  External slice         : 116
  Donor mask pixels      : 1014
  Posterior stack        : (100, 1, 1, 240, 240)
  Case output            : /Users/bhanugarg/archive/br_lora_library_staging/batch_0020/synthetic_004760
  Verdict                : PASS

[11/250] synthetic_004761
  Case seed              : 1223696765
  External subject       : BraTS20_Validation_058
  External slice         : 117
  Donor mask pixels      : 1866
  Posterior stack        : (100, 1, 1, 240, 240)
  Case output            : /Users/bhanugarg/archive/br_lora_library_staging/batch_0020/synthetic_004761
  Verdict                : PASS

[12/250] synthetic_004762
  Case seed              : 1997116995
  External subject       : BraTS20_Validation_058
  External slice         : 119
  Donor mask pixels      : 2239
  Posterior stack        : (100, 1, 1, 240, 240)
  Case output            : /Users/bhanugarg/archive/br_lora_library_staging/batch_0020/synthetic_004762
  Verdict                : PASS

[13/250] synthetic_004763
  Case seed              : 1252327103
  External subject       : BraTS20_Validation_058
  External slice         : 120
  Donor mask pixels      : 976
  Posterior stack        : (100, 1, 1, 240, 240)
  Case output            : /Users/bhanugarg/archive/br_lora_library_staging/batch_0020/synthetic_004763
  Verdict                : PASS

[14/250] synthetic_004764
  Case seed              : 435238916
  External subject       : BraTS20_Validation_058
  External slice         : 121
  Donor mask pixels      : 1088
  Posterior stack        : (100, 1, 1, 240, 240)
  Case output            : /Users/bhanugarg/archive/br_lora_library_staging/batch_0020/synthetic_004764
  Verdict                : PASS

[15/250] synthetic_004765
  Case seed              : 1701580724
  External subject       : BraTS20_Validation_058
  External slice         : 122
  Donor mask pixels      : 1528
  Posterior stack        : (100, 1, 1, 240, 240)
  Case output            : /Users/bhanugarg/archive/br_lora_library_staging/batch_0020/synthetic_004765
  Verdict                : PASS

[16/250] synthetic_004766
  Case seed              : 1224427258
  External subject       : BraTS20_Validation_058
  External slice         : 123
  Donor mask pixels      : 2843
  Posterior stack        : (100, 1, 1, 240, 240)
  Case output            : /Users/bhanugarg/archive/br_lora_library_staging/batch_0020/synthetic_004766
  Verdict                : PASS

[17/250] synthetic_004767
  Case seed              : 152678743
  External subject       : BraTS20_Validation_058
  External slice         : 124
  Donor mask pixels      : 1470
  Posterior stack        : (100, 1, 1, 240, 240)
  Case output            : /Users/bhanugarg/archive/br_lora_library_staging/batch_0020/synthetic_004767
  Verdict                : PASS

[18/250] synthetic_004768
  Case seed              : 1291622107
  External subject       : BraTS20_Validation_058
  External slice         : 125
  Donor mask pixels      : 799
  Posterior stack        : (100, 1, 1, 240, 240)
  Case output            : /Users/bhanugarg/archive/br_lora_library_staging/batch_0020/synthetic_004768
  Verdict                : PASS

[19/250] synthetic_004769
  Case seed              : 487062101
  External subject       : BraTS20_Validation_058
  External slice         : 127
  Donor mask pixels      : 703
  Posterior stack        : (100, 1, 1, 240, 240)
  Case output            : /Users/bhanugarg/archive/br_lora_library_staging/batch_0020/synthetic_004769
  Verdict                : PASS

[20/250] synthetic_004770
  Case seed              : 1745496240
  External subject       : BraTS20_Validation_058
  External slice         : 128
  Donor mask pixels      : 1865
  Posterior stack        : (100, 1, 1, 240, 240)
  Case output            : /Users/bhanugarg/archive/br_lora_library_staging/batch_0020/synthetic_004770
  Verdict                : PASS

[21/250] synthetic_004771
  Case seed              : 907235357
  External subject       : BraTS20_Validation_058
  External slice         : 129
  Donor mask pixels      : 1399
  Posterior stack        : (100, 1, 1, 240, 240)
  Case output            : /Users/bhanugarg/archive/br_lora_library_staging/batch_0020/synthetic_004771
  Verdict                : PASS

[22/250] synthetic_004772
  Case seed              : 417600449
  External subject       : BraTS20_Validation_058
  External slice         : 130
  Donor mask pixels      : 1677
  Posterior stack        : (100, 1, 1, 240, 240)
  Case output            : /Users/bhanugarg/archive/br_lora_library_staging/batch_0020/synthetic_004772
  Verdict                : PASS

[23/250] synthetic_004773
  Case seed              : 296624513
  External subject       : BraTS20_Validation_058
  External slice         : 131
  Donor mask pixels      : 553
  Posterior stack        : (100, 1, 1, 240, 240)
  Case output            : /Users/bhanugarg/archive/br_lora_library_staging/batch_0020/synthetic_004773
  Verdict                : PASS

[24/250] synthetic_004774
  Case seed              : 1134958041
  External subject       : BraTS20_Validation_058
  External slice         : 132
  Donor mask pixels      : 715
  Posterior stack        : (100, 1, 1, 240, 240)
  Case output            : /Users/bhanugarg/archive/br_lora_library_staging/batch_0020/synthetic_004774
  Verdict                : PASS

[25/250] synthetic_004775
  Case seed              : 1920460197
  External subject       : BraTS20_Validation_059
  External slice         : 10
  Donor mask pixels      : 532
  Posterior stack        : (100, 1, 1, 240, 240)
  Case output            : /Users/bhanugarg/archive/br_lora_library_staging/batch_0020/synthetic_004775
  Verdict                : PASS

[26/250] synthetic_004776
  Case seed              : 1061492541
  External subject       : BraTS20_Validation_059
  External slice         : 11
  Donor mask pixels      : 548
  Posterior stack        : (100, 1, 1, 240, 240)
  Case output            : /Users/bhanugarg/archive/br_lora_library_staging/batch_0020/synthetic_004776
  Verdict                : PASS

[27/250] synthetic_004777
  Case seed              : 1298291967
  External subject       : BraTS20_Validation_059
  External slice         : 12
  Donor mask pixels      : 526
  Posterior stack        : (100, 1, 1, 240, 240)
  Case output            : /Users/bhanugarg/archive/br_lora_library_staging/batch_0020/synthetic_004777
  Verdict                : PASS

[28/250] synthetic_004778
  Case seed              : 1511035874
  External subject       : BraTS20_Validation_059
  External slice         : 13
  Donor mask pixels      : 480
  Posterior stack        : (100, 1, 1, 240, 240)
  Case output            : /Users/bhanugarg/archive/br_lora_library_staging/batch_0020/synthetic_004778
  Verdict                : PASS

[29/250] synthetic_004779
  Case seed              : 1195779850
  External subject       : BraTS20_Validation_059
  External slice         : 14
  Donor mask pixels      : 328
  Posterior stack        : (100, 1, 1, 240, 240)
  Case output            : /Users/bhanugarg/archive/br_lora_library_staging/batch_0020/synthetic_004779
  Verdict                : PASS

[30/250] synthetic_004780
  Case seed              : 1247030190
  External subject       : BraTS20_Validation_059
  External slice         : 15
  Donor mask pixels      : 309
  Posterior stack        : (100, 1, 1, 240, 240)
  Case output            : /Users/bhanugarg/archive/br_lora_library_staging/batch_0020/synthetic_004780
  Verdict                : PASS

[31/250] synthetic_004781
  Case seed              : 1978576554
  External subject       : BraTS20_Validation_059
  External slice         : 16
  Donor mask pixels      : 463
  Posterior stack        : (100, 1, 1, 240, 240)
  Case output            : /Users/bhanugarg/archive/br_lora_library_staging/batch_0020/synthetic_004781
  Verdict                : PASS

[32/250] synthetic_004782
  Case seed              : 1516279218
  External subject       : BraTS20_Validation_059
  External slice         : 88
  Donor mask pixels      : 2761
  Posterior stack        : (100, 1, 1, 240, 240)
  Case output            : /Users/bhanugarg/archive/br_lora_library_staging/batch_0020/synthetic_004782
  Verdict                : PASS

[33/250] synthetic_004783
  Case seed              : 1563254758
  External subject       : BraTS20_Validation_059
  External slice         : 88
  Donor mask pixels      : 733
  Posterior stack        : (100, 1, 1, 240, 240)
  Case output            : /Users/bhanugarg/archive/br_lora_library_staging/batch_0020/synthetic_004783
  Verdict                : PASS

[34/250] synthetic_004784
  Case seed              : 262244340
  External subject       : BraTS20_Validation_059
  External slice         : 89
  Donor mask pixels      : 2084
  Posterior stack        : (100, 1, 1, 240, 240)
  Case output            : /Users/bhanugarg/archive/br_lora_library_staging/batch_0020/synthetic_004784
  Verdict                : PASS

[35/250] synthetic_004785
  Case seed              : 688024336
  External subject       : BraTS20_Validation_059
  External slice         : 89
  Donor mask pixels      : 2190
  Posterior stack        : (100, 1, 1, 240, 240)
  Case output            : /Users/bhanugarg/archive/br_lora_library_staging/batch_0020/synthetic_004785
  Verdict                : PASS

[36/250] synthetic_004786
  Case seed              : 1260185306
  External subject       : BraTS20_Validation_059
  External slice         : 90
  Donor mask pixels      : 4496
  Posterior stack        : (100, 1, 1, 240, 240)
  Case output            : /Users/bhanugarg/archive/br_lora_library_staging/batch_0020/synthetic_004786
  Verdict                : PASS

[37/250] synthetic_004787
  Case seed              : 2028954137
  External subject       : BraTS20_Validation_059
  External slice         : 90
  Donor mask pixels      : 2569
  Posterior stack        : (100, 1, 1, 240, 240)
  Case output            : /Users/bhanugarg/archive/br_lora_library_staging/batch_0020/synthetic_004787
  Verdict                : PASS

[38/250] synthetic_004788
  Case seed              : 220028422
  External subject       : BraTS20_Validation_059
  External slice         : 91
  Donor mask pixels      : 3375
  Posterior stack        : (100, 1, 1, 240, 240)
  Case output            : /Users/bhanugarg/archive/br_lora_library_staging/batch_0020/synthetic_004788
  Verdict                : PASS

[39/250] synthetic_004789
  Case seed              : 240218627
  External subject       : BraTS20_Validation_059
  External slice         : 91
  Donor mask pixels      : 1503
  Posterior stack        : (100, 1, 1, 240, 240)
  Case output            : /Users/bhanugarg/archive/br_lora_library_staging/batch_0020/synthetic_004789
  Verdict                : PASS

[40/250] synthetic_004790
  Case seed              : 1591279818
  External subject       : BraTS20_Validation_059
  External slice         : 92
  Donor mask pixels      : 3351
  Posterior stack        : (100, 1, 1, 240, 240)
  Case output            : /Users/bhanugarg/archive/br_lora_library_staging/batch_0020/synthetic_004790
  Verdict                : PASS

[41/250] synthetic_004791
  Case seed              : 1050319095
  External subject       : BraTS20_Validation_059
  External slice         : 92
  Donor mask pixels      : 1123
  Posterior stack        : (100, 1, 1, 240, 240)
  Case output            : /Users/bhanugarg/archive/br_lora_library_staging/batch_0020/synthetic_004791
  Verdict                : PASS

[42/250] synthetic_004792
  Case seed              : 1729307683
  External subject       : BraTS20_Validation_059
  External slice         : 93
  Donor mask pixels      : 1783
  Posterior stack        : (100, 1, 1, 240, 240)
  Case output            : /Users/bhanugarg/archive/br_lora_library_staging/batch_0020/synthetic_004792
  Verdict                : PASS

[43/250] synthetic_004793
  Case seed              : 1283722354
  External subject       : BraTS20_Validation_059
  External slice         : 93
  Donor mask pixels      : 1998
  Posterior stack        : (100, 1, 1, 240, 240)
  Case output            : /Users/bhanugarg/archive/br_lora_library_staging/batch_0020/synthetic_004793
  Verdict                : PASS

[44/250] synthetic_004794
  Case seed              : 360931444
  External subject       : BraTS20_Validation_059
  External slice         : 94
  Donor mask pixels      : 1239
  Posterior stack        : (100, 1, 1, 240, 240)
  Case output            : /Users/bhanugarg/archive/br_lora_library_staging/batch_0020/synthetic_004794
  Verdict                : PASS

[45/250] synthetic_004795
  Case seed              : 2057366480
  External subject       : BraTS20_Validation_059
  External slice         : 94
  Donor mask pixels      : 1917
  Posterior stack        : (100, 1, 1, 240, 240)
  Case output            : /Users/bhanugarg/archive/br_lora_library_staging/batch_0020/synthetic_004795
  Verdict                : PASS

[46/250] synthetic_004796
  Case seed              : 479618481
  External subject       : BraTS20_Validation_059
  External slice         : 95
  Donor mask pixels      : 1634
  Posterior stack        : (100, 1, 1, 240, 240)
  Case output            : /Users/bhanugarg/archive/br_lora_library_staging/batch_0020/synthetic_004796
  Verdict                : PASS

[47/250] synthetic_004797
  Case seed              : 1043365938
  External subject       : BraTS20_Validation_059
  External slice         : 95
  Donor mask pixels      : 3492
  Posterior stack        : (100, 1, 1, 240, 240)
  Case output            : /Users/bhanugarg/archive/br_lora_library_staging/batch_0020/synthetic_004797
  Verdict                : PASS

[48/250] synthetic_004798
  Case seed              : 229227567
  External subject       : BraTS20_Validation_059
  External slice         : 96
  Donor mask pixels      : 4229
  Posterior stack        : (100, 1, 1, 240, 240)
  Case output            : /Users/bhanugarg/archive/br_lora_library_staging/batch_0020/synthetic_004798
  Verdict                : PASS

[49/250] synthetic_004799
  Case seed              : 2036257075
  External subject       : BraTS20_Validation_059
  External slice         : 96
  Donor mask pixels      : 602
  Posterior stack        : (100, 1, 1, 240, 240)
  Case output            : /Users/bhanugarg/archive/br_lora_library_staging/batch_0020/synthetic_004799
  Verdict                : PASS

[50/250] synthetic_004800
  Case seed              : 764154630
  External subject       : BraTS20_Validation_059
  External slice         : 97
  Donor mask pixels      : 1978
  Posterior stack        : (100, 1, 1, 240, 240)
  Case output            : /Users/bhanugarg/archive/br_lora_library_staging/batch_0020/synthetic_004800
  Verdict                : PASS

[51/250] synthetic_004801
  Case seed              : 29941860
  External subject       : BraTS20_Validation_059
  External slice         : 97
  Donor mask pixels      : 1844
  Posterior stack        : (100, 1, 1, 240, 240)
  Case output            : /Users/bhanugarg/archive/br_lora_library_staging/batch_0020/synthetic_004801
  Verdict                : PASS

[52/250] synthetic_004802
  Case seed              : 1546187398
  External subject       : BraTS20_Validation_059
  External slice         : 98
  Donor mask pixels      : 893
  Posterior stack        : (100, 1, 1, 240, 240)
  Case output            : /Users/bhanugarg/archive/br_lora_library_staging/batch_0020/synthetic_004802
  Verdict                : PASS

[53/250] synthetic_004803
  Case seed              : 807233949
  External subject       : BraTS20_Validation_059
  External slice         : 98
  Donor mask pixels      : 2804
  Posterior stack        : (100, 1, 1, 240, 240)
  Case output            : /Users/bhanugarg/archive/br_lora_library_staging/batch_0020/synthetic_004803
  Verdict                : PASS

[54/250] synthetic_004804
  Case seed              : 1972526525
  External subject       : BraTS20_Validation_059
  External slice         : 99
  Donor mask pixels      : 1768
  Posterior stack        : (100, 1, 1, 240, 240)
  Case output            : /Users/bhanugarg/archive/br_lora_library_staging/batch_0020/synthetic_004804
  Verdict                : PASS

[55/250] synthetic_004805
  Case seed              : 106378070
  External subject       : BraTS20_Validation_059
  External slice         : 99
  Donor mask pixels      : 2886
  Posterior stack        : (100, 1, 1, 240, 240)
  Case output            : /Users/bhanugarg/archive/br_lora_library_staging/batch_0020/synthetic_004805
  Verdict                : PASS

[56/250] synthetic_004806
  Case seed              : 488507016
  External subject       : BraTS20_Validation_059
  External slice         : 100
  Donor mask pixels      : 444
  Posterior stack        : (100, 1, 1, 240, 240)
  Case output            : /Users/bhanugarg/archive/br_lora_library_staging/batch_0020/synthetic_004806
  Verdict                : PASS

[57/250] synthetic_004807
  Case seed              : 657177706
  External subject       : BraTS20_Validation_059
  External slice         : 100
  Donor mask pixels      : 1342
  Posterior stack        : (100, 1, 1, 240, 240)
  Case output            : /Users/bhanugarg/archive/br_lora_library_staging/batch_0020/synthetic_004807
  Verdict                : PASS

[58/250] synthetic_004808
  Case seed              : 1450095243
  External subject       : BraTS20_Validation_059
  External slice         : 101
  Donor mask pixels      : 3395
  Posterior stack        : (100, 1, 1, 240, 240)
  Case output            : /Users/bhanugarg/archive/br_lora_library_staging/batch_0020/synthetic_004808
  Verdict                : PASS

[59/250] synthetic_004809
  Case seed              : 523545452
  External subject       : BraTS20_Validation_059
  External slice         : 101
  Donor mask pixels      : 2456
  Posterior stack        : (100, 1, 1, 240, 240)
  Case output            : /Users/bhanugarg/archive/br_lora_library_staging/batch_0020/synthetic_004809
  Verdict                : PASS

[60/250] synthetic_004810
  Case seed              : 1329107235
  External subject       : BraTS20_Validation_059
  External slice         : 102
  Donor mask pixels      : 656
  Posterior stack        : (100, 1, 1, 240, 240)
  Case output            : /Users/bhanugarg/archive/br_lora_library_staging/batch_0020/synthetic_004810
  Verdict                : PASS

[61/250] synthetic_004811
  Case seed              : 2106163596
  External subject       : BraTS20_Validation_059
  External slice         : 102
  Donor mask pixels      : 3696
  Posterior stack        : (100, 1, 1, 240, 240)
  Case output            : /Users/bhanugarg/archive/br_lora_library_staging/batch_0020/synthetic_004811
  Verdict                : PASS

[62/250] synthetic_004812
  Case seed              : 1448560410
  External subject       : BraTS20_Validation_059
  External slice         : 103
  Donor mask pixels      : 2388
  Posterior stack        : (100, 1, 1, 240, 240)
  Case output            : /Users/bhanugarg/archive/br_lora_library_staging/batch_0020/synthetic_004812
  Verdict                : PASS

[63/250] synthetic_004813
  Case seed              : 604403423
  External subject       : BraTS20_Validation_059
  External slice         : 103
  Donor mask pixels      : 1241
  Posterior stack        : (100, 1, 1, 240, 240)
  Case output            : /Users/bhanugarg/archive/br_lora_library_staging/batch_0020/synthetic_004813
  Verdict                : PASS

[64/250] synthetic_004814
  Case seed              : 932337420
  External subject       : BraTS20_Validation_059
  External slice         : 104
  Donor mask pixels      : 2447
  Posterior stack        : (100, 1, 1, 240, 240)
  Case output            : /Users/bhanugarg/archive/br_lora_library_staging/batch_0020/synthetic_004814
  Verdict                : PASS

[65/250] synthetic_004815
  Case seed              : 1250206684
  External subject       : BraTS20_Validation_059
  External slice         : 104
  Donor mask pixels      : 2578
  Posterior stack        : (100, 1, 1, 240, 240)
  Case output            : /Users/bhanugarg/archive/br_lora_library_staging/batch_0020/synthetic_004815
  Verdict                : PASS

[66/250] synthetic_004816
  Case seed              : 1155071566
  External subject       : BraTS20_Validation_059
  External slice         : 105
  Donor mask pixels      : 1605
  Posterior stack        : (100, 1, 1, 240, 240)
  Case output            : /Users/bhanugarg/archive/br_lora_library_staging/batch_0020/synthetic_004816
  Verdict                : PASS

[67/250] synthetic_004817
  Case seed              : 1577768642
  External subject       : BraTS20_Validation_059
  External slice         : 105
  Donor mask pixels      : 3019
  Posterior stack        : (100, 1, 1, 240, 240)
  Case output            : /Users/bhanugarg/archive/br_lora_library_staging/batch_0020/synthetic_004817
  Verdict                : PASS

[68/250] synthetic_004818
  Case seed              : 1264773210
  External subject       : BraTS20_Validation_059
  External slice         : 106
  Donor mask pixels      : 1656
  Posterior stack        : (100, 1, 1, 240, 240)
  Case output            : /Users/bhanugarg/archive/br_lora_library_staging/batch_0020/synthetic_004818
  Verdict                : PASS

[69/250] synthetic_004819
  Case seed              : 1523245820
  External subject       : BraTS20_Validation_059
  External slice         : 106
  Donor mask pixels      : 2798
  Posterior stack        : (100, 1, 1, 240, 240)
  Case output            : /Users/bhanugarg/archive/br_lora_library_staging/batch_0020/synthetic_004819
  Verdict                : PASS

[70/250] synthetic_004820
  Case seed              : 92802554
  External subject       : BraTS20_Validation_059
  External slice         : 107
  Donor mask pixels      : 903
  Posterior stack        : (100, 1, 1, 240, 240)
  Case output            : /Users/bhanugarg/archive/br_lora_library_staging/batch_0020/synthetic_004820
  Verdict                : PASS

[71/250] synthetic_004821
  Case seed              : 1599589474
  External subject       : BraTS20_Validation_059
  External slice         : 107
  Donor mask pixels      : 1542
  Posterior stack        : (100, 1, 1, 240, 240)
  Case output            : /Users/bhanugarg/archive/br_lora_library_staging/batch_0020/synthetic_004821
  Verdict                : PASS

[72/250] synthetic_004822
  Case seed              : 1237006351
  External subject       : BraTS20_Validation_059
  External slice         : 108
  Donor mask pixels      : 2031
  Posterior stack        : (100, 1, 1, 240, 240)
  Case output            : /Users/bhanugarg/archive/br_lora_library_staging/batch_0020/synthetic_004822
  Verdict                : PASS

[73/250] synthetic_004823
  Case seed              : 86048286
  External subject       : BraTS20_Validation_059
  External slice         : 108
  Donor mask pixels      : 885
  Posterior stack        : (100, 1, 1, 240, 240)
  Case output            : /Users/bhanugarg/archive/br_lora_library_staging/batch_0020/synthetic_004823
  Verdict                : PASS

[74/250] synthetic_004824
  Case seed              : 745315180
  External subject       : BraTS20_Validation_059
  External slice         : 109
  Donor mask pixels      : 1643
  Posterior stack        : (100, 1, 1, 240, 240)
  Case output            : /Users/bhanugarg/archive/br_lora_library_staging/batch_0020/synthetic_004824
  Verdict                : PASS

[75/250] synthetic_004825
  Case seed              : 863905604
  External subject       : BraTS20_Validation_059
  External slice         : 109
  Donor mask pixels      : 2475
  Posterior stack        : (100, 1, 1, 240, 240)
  Case output            : /Users/bhanugarg/archive/br_lora_library_staging/batch_0020/synthetic_004825
  Verdict                : PASS

[76/250] synthetic_004826
  Case seed              : 583795314
  External subject       : BraTS20_Validation_059
  External slice         : 110
  Donor mask pixels      : 1653
  Posterior stack        : (100, 1, 1, 240, 240)
  Case output            : /Users/bhanugarg/archive/br_lora_library_staging/batch_0020/synthetic_004826
  Verdict                : PASS

[77/250] synthetic_004827
  Case seed              : 693893823
  External subject       : BraTS20_Validation_059
  External slice         : 110
  Donor mask pixels      : 1868
  Posterior stack        : (100, 1, 1, 240, 240)
  Case output            : /Users/bhanugarg/archive/br_lora_library_staging/batch_0020/synthetic_004827
  Verdict                : PASS

[78/250] synthetic_004828
  Case seed              : 1626975414
  External subject       : BraTS20_Validation_059
  External slice         : 111
  Donor mask pixels      : 478
  Posterior stack        : (100, 1, 1, 240, 240)
  Case output            : /Users/bhanugarg/archive/br_lora_library_staging/batch_0020/synthetic_004828
  Verdict                : PASS

[79/250] synthetic_004829
  Case seed              : 1675249795
  External subject       : BraTS20_Validation_059
  External slice         : 111
  Donor mask pixels      : 1011
  Posterior stack        : (100, 1, 1, 240, 240)
  Case output            : /Users/bhanugarg/archive/br_lora_library_staging/batch_0020/synthetic_004829
  Verdict                : PASS

[80/250] synthetic_004830
  Case seed              : 437912193
  External subject       : BraTS20_Validation_059
  External slice         : 112
  Donor mask pixels      : 2110
  Posterior stack        : (100, 1, 1, 240, 240)
  Case output            : /Users/bhanugarg/archive/br_lora_library_staging/batch_0020/synthetic_004830
  Verdict                : PASS

[81/250] synthetic_004831
  Case seed              : 32722871
  External subject       : BraTS20_Validation_059
  External slice         : 112
  Donor mask pixels      : 2588
  Posterior stack        : (100, 1, 1, 240, 240)
  Case output            : /Users/bhanugarg/archive/br_lora_library_staging/batch_0020/synthetic_004831
  Verdict                : PASS

[82/250] synthetic_004832
  Case seed              : 441367172
  External subject       : BraTS20_Validation_059
  External slice         : 113
  Donor mask pixels      : 2577
  Posterior stack        : (100, 1, 1, 240, 240)
  Case output            : /Users/bhanugarg/archive/br_lora_library_staging/batch_0020/synthetic_004832
  Verdict                : PASS

[83/250] synthetic_004833
  Case seed              : 1432851497
  External subject       : BraTS20_Validation_059
  External slice         : 113
  Donor mask pixels      : 1480
  Posterior stack        : (100, 1, 1, 240, 240)
  Case output            : /Users/bhanugarg/archive/br_lora_library_staging/batch_0020/synthetic_004833
  Verdict                : PASS

[84/250] synthetic_004834
  Case seed              : 1298325480
  External subject       : BraTS20_Validation_059
  External slice         : 114
  Donor mask pixels      : 1199
  Posterior stack        : (100, 1, 1, 240, 240)
  Case output            : /Users/bhanugarg/archive/br_lora_library_staging/batch_0020/synthetic_004834
  Verdict                : PASS

[85/250] synthetic_004835
  Case seed              : 1835622830
  External subject       : BraTS20_Validation_059
  External slice         : 114
  Donor mask pixels      : 809
  Posterior stack        : (100, 1, 1, 240, 240)
  Case output            : /Users/bhanugarg/archive/br_lora_library_staging/batch_0020/synthetic_004835
  Verdict                : PASS

[86/250] synthetic_004836
  Case seed              : 284425978
  External subject       : BraTS20_Validation_059
  External slice         : 115
  Donor mask pixels      : 3059
  Posterior stack        : (100, 1, 1, 240, 240)
  Case output            : /Users/bhanugarg/archive/br_lora_library_staging/batch_0020/synthetic_004836
  Verdict                : PASS

[87/250] synthetic_004837
  Case seed              : 1720553306
  External subject       : BraTS20_Validation_059
  External slice         : 115
  Donor mask pixels      : 2960
  Posterior stack        : (100, 1, 1, 240, 240)
  Case output            : /Users/bhanugarg/archive/br_lora_library_staging/batch_0020/synthetic_004837
  Verdict                : PASS

[88/250] synthetic_004838
  Case seed              : 1485923504
  External subject       : BraTS20_Validation_059
  External slice         : 116
  Donor mask pixels      : 456
  Posterior stack        : (100, 1, 1, 240, 240)
  Case output            : /Users/bhanugarg/archive/br_lora_library_staging/batch_0020/synthetic_004838
  Verdict                : PASS

[89/250] synthetic_004839
  Case seed              : 1176202937
  External subject       : BraTS20_Validation_059
  External slice         : 117
  Donor mask pixels      : 1217
  Posterior stack        : (100, 1, 1, 240, 240)
  Case output            : /Users/bhanugarg/archive/br_lora_library_staging/batch_0020/synthetic_004839
  Verdict                : PASS

[90/250] synthetic_004840
  Case seed              : 278436115
  External subject       : BraTS20_Validation_059
  External slice         : 117
  Donor mask pixels      : 349
  Posterior stack        : (100, 1, 1, 240, 240)
  Case output            : /Users/bhanugarg/archive/br_lora_library_staging/batch_0020/synthetic_004840
  Verdict                : PASS

[91/250] synthetic_004841
  Case seed              : 457060401
  External subject       : BraTS20_Validation_059
  External slice         : 118
  Donor mask pixels      : 1705
  Posterior stack        : (100, 1, 1, 240, 240)
  Case output            : /Users/bhanugarg/archive/br_lora_library_staging/batch_0020/synthetic_004841
  Verdict                : PASS

[92/250] synthetic_004842
  Case seed              : 495163565
  External subject       : BraTS20_Validation_059
  External slice         : 118
  Donor mask pixels      : 686
  Posterior stack        : (100, 1, 1, 240, 240)
  Case output            : /Users/bhanugarg/archive/br_lora_library_staging/batch_0020/synthetic_004842
  Verdict                : PASS

[93/250] synthetic_004843
  Case seed              : 33996163
  External subject       : BraTS20_Validation_059
  External slice         : 119
  Donor mask pixels      : 2638
  Posterior stack        : (100, 1, 1, 240, 240)
  Case output            : /Users/bhanugarg/archive/br_lora_library_staging/batch_0020/synthetic_004843
  Verdict                : PASS

[94/250] synthetic_004844
  Case seed              : 1988643679
  External subject       : BraTS20_Validation_059
  External slice         : 119
  Donor mask pixels      : 412
  Posterior stack        : (100, 1, 1, 240, 240)
  Case output            : /Users/bhanugarg/archive/br_lora_library_staging/batch_0020/synthetic_004844
  Verdict                : PASS

[95/250] synthetic_004845
  Case seed              : 625342812
  External subject       : BraTS20_Validation_059
  External slice         : 120
  Donor mask pixels      : 653
  Posterior stack        : (100, 1, 1, 240, 240)
  Case output            : /Users/bhanugarg/archive/br_lora_library_staging/batch_0020/synthetic_004845
  Verdict                : PASS

[96/250] synthetic_004846
  Case seed              : 551920943
  External subject       : BraTS20_Validation_059
  External slice         : 120
  Donor mask pixels      : 730
  Posterior stack        : (100, 1, 1, 240, 240)
  Case output            : /Users/bhanugarg/archive/br_lora_library_staging/batch_0020/synthetic_004846
  Verdict                : PASS

[97/250] synthetic_004847
  Case seed              : 1806603148
  External subject       : BraTS20_Validation_059
  External slice         : 121
  Donor mask pixels      : 1024
  Posterior stack        : (100, 1, 1, 240, 240)
  Case output            : /Users/bhanugarg/archive/br_lora_library_staging/batch_0020/synthetic_004847
  Verdict                : PASS

[98/250] synthetic_004848
  Case seed              : 1057791508
  External subject       : BraTS20_Validation_059
  External slice         : 121
  Donor mask pixels      : 1335
  Posterior stack        : (100, 1, 1, 240, 240)
  Case output            : /Users/bhanugarg/archive/br_lora_library_staging/batch_0020/synthetic_004848
  Verdict                : PASS

[99/250] synthetic_004849
  Case seed              : 2138139432
  External subject       : BraTS20_Validation_059
  External slice         : 122
  Donor mask pixels      : 325
  Posterior stack        : (100, 1, 1, 240, 240)
  Case output            : /Users/bhanugarg/archive/br_lora_library_staging/batch_0020/synthetic_004849
  Verdict                : PASS

[100/250] synthetic_004850
  Case seed              : 1767789005
  External subject       : BraTS20_Validation_059
  External slice         : 124
  Donor mask pixels      : 662
  Posterior stack        : (100, 1, 1, 240, 240)
  Case output            : /Users/bhanugarg/archive/br_lora_library_staging/batch_0020/synthetic_004850
  Verdict                : PASS

[101/250] synthetic_004851
  Case seed              : 109027440
  External subject       : BraTS20_Validation_059
  External slice         : 125
  Donor mask pixels      : 1079
  Posterior stack        : (100, 1, 1, 240, 240)
  Case output            : /Users/bhanugarg/archive/br_lora_library_staging/batch_0020/synthetic_004851
  Verdict                : PASS

[102/250] synthetic_004852
  Case seed              : 432516898
  External subject       : BraTS20_Validation_059
  External slice         : 126
  Donor mask pixels      : 503
  Posterior stack        : (100, 1, 1, 240, 240)
  Case output            : /Users/bhanugarg/archive/br_lora_library_staging/batch_0020/synthetic_004852
  Verdict                : PASS

[103/250] synthetic_004853
  Case seed              : 905395620
  External subject       : BraTS20_Validation_060
  External slice         : 2
  Donor mask pixels      : 335
  Posterior stack        : (100, 1, 1, 240, 240)
  Case output            : /Users/bhanugarg/archive/br_lora_library_staging/batch_0020/synthetic_004853
  Verdict                : PASS

[104/250] synthetic_004854
  Case seed              : 1957080498
  External subject       : BraTS20_Validation_060
  External slice         : 3
  Donor mask pixels      : 734
  Posterior stack        : (100, 1, 1, 240, 240)
  Case output            : /Users/bhanugarg/archive/br_lora_library_staging/batch_0020/synthetic_004854
  Verdict                : PASS

[105/250] synthetic_004855
  Case seed              : 1323330930
  External subject       : BraTS20_Validation_060
  External slice         : 4
  Donor mask pixels      : 712
  Posterior stack        : (100, 1, 1, 240, 240)
  Case output            : /Users/bhanugarg/archive/br_lora_library_staging/batch_0020/synthetic_004855
  Verdict                : PASS

[106/250] synthetic_004856
  Case seed              : 1848106864
  External subject       : BraTS20_Validation_060
  External slice         : 5
  Donor mask pixels      : 1039
  Posterior stack        : (100, 1, 1, 240, 240)
  Case output            : /Users/bhanugarg/archive/br_lora_library_staging/batch_0020/synthetic_004856
  Verdict                : PASS

[107/250] synthetic_004857
  Case seed              : 541694642
  External subject       : BraTS20_Validation_060
  External slice         : 6
  Donor mask pixels      : 953
  Posterior stack        : (100, 1, 1, 240, 240)
  Case output            : /Users/bhanugarg/archive/br_lora_library_staging/batch_0020/synthetic_004857
  Verdict                : PASS

[108/250] synthetic_004858
  Case seed              : 401522841
  External subject       : BraTS20_Validation_060
  External slice         : 7
  Donor mask pixels      : 675
  Posterior stack        : (100, 1, 1, 240, 240)
  Case output            : /Users/bhanugarg/archive/br_lora_library_staging/batch_0020/synthetic_004858
  Verdict                : PASS

[109/250] synthetic_004859
  Case seed              : 1669035134
  External subject       : BraTS20_Validation_060
  External slice         : 8
  Donor mask pixels      : 1055
  Posterior stack        : (100, 1, 1, 240, 240)
  Case output            : /Users/bhanugarg/archive/br_lora_library_staging/batch_0020/synthetic_004859
  Verdict                : PASS

[110/250] synthetic_004860
  Case seed              : 242330913
  External subject       : BraTS20_Validation_060
  External slice         : 9
  Donor mask pixels      : 428
  Posterior stack        : (100, 1, 1, 240, 240)
  Case output            : /Users/bhanugarg/archive/br_lora_library_staging/batch_0020/synthetic_004860
  Verdict                : PASS

[111/250] synthetic_004861
  Case seed              : 2065352496
  External subject       : BraTS20_Validation_060
  External slice         : 10
  Donor mask pixels      : 1196
  Posterior stack        : (100, 1, 1, 240, 240)
  Case output            : /Users/bhanugarg/archive/br_lora_library_staging/batch_0020/synthetic_004861
  Verdict                : PASS

[112/250] synthetic_004862
  Case seed              : 978786237
  External subject       : BraTS20_Validation_060
  External slice         : 11
  Donor mask pixels      : 1822
  Posterior stack        : (100, 1, 1, 240, 240)
  Case output            : /Users/bhanugarg/archive/br_lora_library_staging/batch_0020/synthetic_004862
  Verdict                : PASS

[113/250] synthetic_004863
  Case seed              : 2048924859
  External subject       : BraTS20_Validation_060
  External slice         : 12
  Donor mask pixels      : 1512
  Posterior stack        : (100, 1, 1, 240, 240)
  Case output            : /Users/bhanugarg/archive/br_lora_library_staging/batch_0020/synthetic_004863
  Verdict                : PASS

[114/250] synthetic_004864
  Case seed              : 1356342814
  External subject       : BraTS20_Validation_060
  External slice         : 13
  Donor mask pixels      : 1198
  Posterior stack        : (100, 1, 1, 240, 240)
  Case output            : /Users/bhanugarg/archive/br_lora_library_staging/batch_0020/synthetic_004864
  Verdict                : PASS

[115/250] synthetic_004865
  Case seed              : 762097388
  External subject       : BraTS20_Validation_060
  External slice         : 14
  Donor mask pixels      : 660
  Posterior stack        : (100, 1, 1, 240, 240)
  Case output            : /Users/bhanugarg/archive/br_lora_library_staging/batch_0020/synthetic_004865
  Verdict                : PASS

[116/250] synthetic_004866
  Case seed              : 1653974788
  External subject       : BraTS20_Validation_060
  External slice         : 15
  Donor mask pixels      : 587
  Posterior stack        : (100, 1, 1, 240, 240)
  Case output            : /Users/bhanugarg/archive/br_lora_library_staging/batch_0020/synthetic_004866
  Verdict                : PASS

[117/250] synthetic_004867
  Case seed              : 641234274
  External subject       : BraTS20_Validation_060
  External slice         : 16
  Donor mask pixels      : 558
  Posterior stack        : (100, 1, 1, 240, 240)
  Case output            : /Users/bhanugarg/archive/br_lora_library_staging/batch_0020/synthetic_004867
  Verdict                : PASS

[118/250] synthetic_004868
  Case seed              : 566563662
  External subject       : BraTS20_Validation_060
  External slice         : 17
  Donor mask pixels      : 1380
  Posterior stack        : (100, 1, 1, 240, 240)
  Case output            : /Users/bhanugarg/archive/br_lora_library_staging/batch_0020/synthetic_004868
  Verdict                : PASS

[119/250] synthetic_004869
  Case seed              : 1546016494
  External subject       : BraTS20_Validation_060
  External slice         : 18
  Donor mask pixels      : 1282
  Posterior stack        : (100, 1, 1, 240, 240)
  Case output            : /Users/bhanugarg/archive/br_lora_library_staging/batch_0020/synthetic_004869
  Verdict                : PASS

[120/250] synthetic_004870
  Case seed              : 897463362
  External subject       : BraTS20_Validation_060
  External slice         : 19
  Donor mask pixels      : 661
  Posterior stack        : (100, 1, 1, 240, 240)
  Case output            : /Users/bhanugarg/archive/br_lora_library_staging/batch_0020/synthetic_004870
  Verdict                : PASS

[121/250] synthetic_004871
  Case seed              : 705219756
  External subject       : BraTS20_Validation_060
  External slice         : 20
  Donor mask pixels      : 492
  Posterior stack        : (100, 1, 1, 240, 240)
  Case output            : /Users/bhanugarg/archive/br_lora_library_staging/batch_0020/synthetic_004871
  Verdict                : PASS

[122/250] synthetic_004872
  Case seed              : 885356730
  External subject       : BraTS20_Validation_060
  External slice         : 21
  Donor mask pixels      : 740
  Posterior stack        : (100, 1, 1, 240, 240)
  Case output            : /Users/bhanugarg/archive/br_lora_library_staging/batch_0020/synthetic_004872
  Verdict                : PASS

[123/250] synthetic_004873
  Case seed              : 1800334032
  External subject       : BraTS20_Validation_060
  External slice         : 22
  Donor mask pixels      : 2815
  Posterior stack        : (100, 1, 1, 240, 240)
  Case output            : /Users/bhanugarg/archive/br_lora_library_staging/batch_0020/synthetic_004873
  Verdict                : PASS

[124/250] synthetic_004874
  Case seed              : 270100642
  External subject       : BraTS20_Validation_060
  External slice         : 23
  Donor mask pixels      : 663
  Posterior stack        : (100, 1, 1, 240, 240)
  Case output            : /Users/bhanugarg/archive/br_lora_library_staging/batch_0020/synthetic_004874
  Verdict                : PASS

[125/250] synthetic_004875
  Case seed              : 347408378
  External subject       : BraTS20_Validation_060
  External slice         : 24
  Donor mask pixels      : 331
  Posterior stack        : (100, 1, 1, 240, 240)
  Case output            : /Users/bhanugarg/archive/br_lora_library_staging/batch_0020/synthetic_004875
  Verdict                : PASS

[126/250] synthetic_004876
  Case seed              : 1952833537
  External subject       : BraTS20_Validation_060
  External slice         : 25
  Donor mask pixels      : 1935
  Posterior stack        : (100, 1, 1, 240, 240)
  Case output            : /Users/bhanugarg/archive/br_lora_library_staging/batch_0020/synthetic_004876
  Verdict                : PASS

[127/250] synthetic_004877
  Case seed              : 1225155890
  External subject       : BraTS20_Validation_060
  External slice         : 26
  Donor mask pixels      : 973
  Posterior stack        : (100, 1, 1, 240, 240)
  Case output            : /Users/bhanugarg/archive/br_lora_library_staging/batch_0020/synthetic_004877
  Verdict                : PASS

[128/250] synthetic_004878
  Case seed              : 42239884
  External subject       : BraTS20_Validation_060
  External slice         : 27
  Donor mask pixels      : 660
  Posterior stack        : (100, 1, 1, 240, 240)
  Case output            : /Users/bhanugarg/archive/br_lora_library_staging/batch_0020/synthetic_004878
  Verdict                : PASS

[129/250] synthetic_004879
  Case seed              : 1930433642
  External subject       : BraTS20_Validation_060
  External slice         : 28
  Donor mask pixels      : 2600
  Posterior stack        : (100, 1, 1, 240, 240)
  Case output            : /Users/bhanugarg/archive/br_lora_library_staging/batch_0020/synthetic_004879
  Verdict                : PASS

[130/250] synthetic_004880
  Case seed              : 107534730
  External subject       : BraTS20_Validation_060
  External slice         : 29
  Donor mask pixels      : 1907
  Posterior stack        : (100, 1, 1, 240, 240)
  Case output            : /Users/bhanugarg/archive/br_lora_library_staging/batch_0020/synthetic_004880
  Verdict                : PASS

[131/250] synthetic_004881
  Case seed              : 617607810
  External subject       : BraTS20_Validation_060
  External slice         : 30
  Donor mask pixels      : 955
  Posterior stack        : (100, 1, 1, 240, 240)
  Case output            : /Users/bhanugarg/archive/br_lora_library_staging/batch_0020/synthetic_004881
  Verdict                : PASS

[132/250] synthetic_004882
  Case seed              : 937184303
  External subject       : BraTS20_Validation_060
  External slice         : 31
  Donor mask pixels      : 1042
  Posterior stack        : (100, 1, 1, 240, 240)
  Case output            : /Users/bhanugarg/archive/br_lora_library_staging/batch_0020/synthetic_004882
  Verdict                : PASS

[133/250] synthetic_004883
  Case seed              : 344165579
  External subject       : BraTS20_Validation_060
  External slice         : 32
  Donor mask pixels      : 461
  Posterior stack        : (100, 1, 1, 240, 240)
  Case output            : /Users/bhanugarg/archive/br_lora_library_staging/batch_0020/synthetic_004883
  Verdict                : PASS

[134/250] synthetic_004884
  Case seed              : 791499376
  External subject       : BraTS20_Validation_060
  External slice         : 33
  Donor mask pixels      : 1189
  Posterior stack        : (100, 1, 1, 240, 240)
  Case output            : /Users/bhanugarg/archive/br_lora_library_staging/batch_0020/synthetic_004884
  Verdict                : PASS

[135/250] synthetic_004885
  Case seed              : 20918416
  External subject       : BraTS20_Validation_060
  External slice         : 33
  Donor mask pixels      : 3223
  Posterior stack        : (100, 1, 1, 240, 240)
  Case output            : /Users/bhanugarg/archive/br_lora_library_staging/batch_0020/synthetic_004885
  Verdict                : PASS

[136/250] synthetic_004886
  Case seed              : 1607841202
  External subject       : BraTS20_Validation_060
  External slice         : 104
  Donor mask pixels      : 1524
  Posterior stack        : (100, 1, 1, 240, 240)
  Case output            : /Users/bhanugarg/archive/br_lora_library_staging/batch_0020/synthetic_004886
  Verdict                : PASS

[137/250] synthetic_004887
  Case seed              : 2053760204
  External subject       : BraTS20_Validation_060
  External slice         : 104
  Donor mask pixels      : 1677
  Posterior stack        : (100, 1, 1, 240, 240)
  Case output            : /Users/bhanugarg/archive/br_lora_library_staging/batch_0020/synthetic_004887
  Verdict                : PASS

[138/250] synthetic_004888
  Case seed              : 1907730336
  External subject       : BraTS20_Validation_060
  External slice         : 105
  Donor mask pixels      : 529
  Posterior stack        : (100, 1, 1, 240, 240)
  Case output            : /Users/bhanugarg/archive/br_lora_library_staging/batch_0020/synthetic_004888
  Verdict                : PASS

[139/250] synthetic_004889
  Case seed              : 397997736
  External subject       : BraTS20_Validation_060
  External slice         : 106
  Donor mask pixels      : 2429
  Posterior stack        : (100, 1, 1, 240, 240)
  Case output            : /Users/bhanugarg/archive/br_lora_library_staging/batch_0020/synthetic_004889
  Verdict                : PASS

[140/250] synthetic_004890
  Case seed              : 1694027611
  External subject       : BraTS20_Validation_060
  External slice         : 106
  Donor mask pixels      : 1919
  Posterior stack        : (100, 1, 1, 240, 240)
  Case output            : /Users/bhanugarg/archive/br_lora_library_staging/batch_0020/synthetic_004890
  Verdict                : PASS

[141/250] synthetic_004891
  Case seed              : 630233593
  External subject       : BraTS20_Validation_060
  External slice         : 107
  Donor mask pixels      : 4479
  Posterior stack        : (100, 1, 1, 240, 240)
  Case output            : /Users/bhanugarg/archive/br_lora_library_staging/batch_0020/synthetic_004891
  Verdict                : PASS

[142/250] synthetic_004892
  Case seed              : 152415840
  External subject       : BraTS20_Validation_060
  External slice         : 107
  Donor mask pixels      : 1565
  Posterior stack        : (100, 1, 1, 240, 240)
  Case output            : /Users/bhanugarg/archive/br_lora_library_staging/batch_0020/synthetic_004892
  Verdict                : PASS

[143/250] synthetic_004893
  Case seed              : 362899190
  External subject       : BraTS20_Validation_060
  External slice         : 108
  Donor mask pixels      : 688
  Posterior stack        : (100, 1, 1, 240, 240)
  Case output            : /Users/bhanugarg/archive/br_lora_library_staging/batch_0020/synthetic_004893
  Verdict                : PASS

[144/250] synthetic_004894
  Case seed              : 1496978492
  External subject       : BraTS20_Validation_060
  External slice         : 108
  Donor mask pixels      : 849
  Posterior stack        : (100, 1, 1, 240, 240)
  Case output            : /Users/bhanugarg/archive/br_lora_library_staging/batch_0020/synthetic_004894
  Verdict                : PASS

[145/250] synthetic_004895
  Case seed              : 1718274336
  External subject       : BraTS20_Validation_060
  External slice         : 109
  Donor mask pixels      : 757
  Posterior stack        : (100, 1, 1, 240, 240)
  Case output            : /Users/bhanugarg/archive/br_lora_library_staging/batch_0020/synthetic_004895
  Verdict                : PASS

[146/250] synthetic_004896
  Case seed              : 243972024
  External subject       : BraTS20_Validation_060
  External slice         : 109
  Donor mask pixels      : 874
  Posterior stack        : (100, 1, 1, 240, 240)
  Case output            : /Users/bhanugarg/archive/br_lora_library_staging/batch_0020/synthetic_004896
  Verdict                : PASS

[147/250] synthetic_004897
  Case seed              : 61103698
  External subject       : BraTS20_Validation_060
  External slice         : 110
  Donor mask pixels      : 2800
  Posterior stack        : (100, 1, 1, 240, 240)
  Case output            : /Users/bhanugarg/archive/br_lora_library_staging/batch_0020/synthetic_004897
  Verdict                : PASS

[148/250] synthetic_004898
  Case seed              : 1001835655
  External subject       : BraTS20_Validation_060
  External slice         : 110
  Donor mask pixels      : 2379
  Posterior stack        : (100, 1, 1, 240, 240)
  Case output            : /Users/bhanugarg/archive/br_lora_library_staging/batch_0020/synthetic_004898
  Verdict                : PASS

[149/250] synthetic_004899
  Case seed              : 585351845
  External subject       : BraTS20_Validation_060
  External slice         : 111
  Donor mask pixels      : 1131
  Posterior stack        : (100, 1, 1, 240, 240)
  Case output            : /Users/bhanugarg/archive/br_lora_library_staging/batch_0020/synthetic_004899
  Verdict                : PASS

[150/250] synthetic_004900
  Case seed              : 1312976179
  External subject       : BraTS20_Validation_060
  External slice         : 111
  Donor mask pixels      : 1117
  Posterior stack        : (100, 1, 1, 240, 240)
  Case output            : /Users/bhanugarg/archive/br_lora_library_staging/batch_0020/synthetic_004900
  Verdict                : PASS

[151/250] synthetic_004901
  Case seed              : 1460673174
  External subject       : BraTS20_Validation_060
  External slice         : 112
  Donor mask pixels      : 1298
  Posterior stack        : (100, 1, 1, 240, 240)
  Case output            : /Users/bhanugarg/archive/br_lora_library_staging/batch_0020/synthetic_004901
  Verdict                : PASS

[152/250] synthetic_004902
  Case seed              : 316579913
  External subject       : BraTS20_Validation_060
  External slice         : 112
  Donor mask pixels      : 1918
  Posterior stack        : (100, 1, 1, 240, 240)
  Case output            : /Users/bhanugarg/archive/br_lora_library_staging/batch_0020/synthetic_004902
  Verdict                : PASS

[153/250] synthetic_004903
  Case seed              : 1238121228
  External subject       : BraTS20_Validation_060
  External slice         : 113
  Donor mask pixels      : 377
  Posterior stack        : (100, 1, 1, 240, 240)
  Case output            : /Users/bhanugarg/archive/br_lora_library_staging/batch_0020/synthetic_004903
  Verdict                : PASS

[154/250] synthetic_004904
  Case seed              : 1080668024
  External subject       : BraTS20_Validation_060
  External slice         : 113
  Donor mask pixels      : 732
  Posterior stack        : (100, 1, 1, 240, 240)
  Case output            : /Users/bhanugarg/archive/br_lora_library_staging/batch_0020/synthetic_004904
  Verdict                : PASS

[155/250] synthetic_004905
  Case seed              : 701086381
  External subject       : BraTS20_Validation_060
  External slice         : 114
  Donor mask pixels      : 1194
  Posterior stack        : (100, 1, 1, 240, 240)
  Case output            : /Users/bhanugarg/archive/br_lora_library_staging/batch_0020/synthetic_004905
  Verdict                : PASS

[156/250] synthetic_004906
  Case seed              : 1394857414
  External subject       : BraTS20_Validation_060
  External slice         : 114
  Donor mask pixels      : 3453
  Posterior stack        : (100, 1, 1, 240, 240)
  Case output            : /Users/bhanugarg/archive/br_lora_library_staging/batch_0020/synthetic_004906
  Verdict                : PASS

[157/250] synthetic_004907
  Case seed              : 302284382
  External subject       : BraTS20_Validation_060
  External slice         : 115
  Donor mask pixels      : 1841
  Posterior stack        : (100, 1, 1, 240, 240)
  Case output            : /Users/bhanugarg/archive/br_lora_library_staging/batch_0020/synthetic_004907
  Verdict                : PASS

[158/250] synthetic_004908
  Case seed              : 1867929383
  External subject       : BraTS20_Validation_060
  External slice         : 115
  Donor mask pixels      : 4049
  Posterior stack        : (100, 1, 1, 240, 240)
  Case output            : /Users/bhanugarg/archive/br_lora_library_staging/batch_0020/synthetic_004908
  Verdict                : PASS

[159/250] synthetic_004909
  Case seed              : 1240450078
  External subject       : BraTS20_Validation_060
  External slice         : 116
  Donor mask pixels      : 1155
  Posterior stack        : (100, 1, 1, 240, 240)
  Case output            : /Users/bhanugarg/archive/br_lora_library_staging/batch_0020/synthetic_004909
  Verdict                : PASS

[160/250] synthetic_004910
  Case seed              : 27215257
  External subject       : BraTS20_Validation_060
  External slice         : 116
  Donor mask pixels      : 1909
  Posterior stack        : (100, 1, 1, 240, 240)
  Case output            : /Users/bhanugarg/archive/br_lora_library_staging/batch_0020/synthetic_004910
  Verdict                : PASS

[161/250] synthetic_004911
  Case seed              : 643339847
  External subject       : BraTS20_Validation_060
  External slice         : 117
  Donor mask pixels      : 1602
  Posterior stack        : (100, 1, 1, 240, 240)
  Case output            : /Users/bhanugarg/archive/br_lora_library_staging/batch_0020/synthetic_004911
  Verdict                : PASS

[162/250] synthetic_004912
  Case seed              : 2027085572
  External subject       : BraTS20_Validation_060
  External slice         : 117
  Donor mask pixels      : 1074
  Posterior stack        : (100, 1, 1, 240, 240)
  Case output            : /Users/bhanugarg/archive/br_lora_library_staging/batch_0020/synthetic_004912
  Verdict                : PASS

[163/250] synthetic_004913
  Case seed              : 1762495197
  External subject       : BraTS20_Validation_060
  External slice         : 118
  Donor mask pixels      : 1544
  Posterior stack        : (100, 1, 1, 240, 240)
  Case output            : /Users/bhanugarg/archive/br_lora_library_staging/batch_0020/synthetic_004913
  Verdict                : PASS

[164/250] synthetic_004914
  Case seed              : 1465099560
  External subject       : BraTS20_Validation_060
  External slice         : 118
  Donor mask pixels      : 2939
  Posterior stack        : (100, 1, 1, 240, 240)
  Case output            : /Users/bhanugarg/archive/br_lora_library_staging/batch_0020/synthetic_004914
  Verdict                : PASS

[165/250] synthetic_004915
  Case seed              : 1360090729
  External subject       : BraTS20_Validation_060
  External slice         : 119
  Donor mask pixels      : 1954
  Posterior stack        : (100, 1, 1, 240, 240)
  Case output            : /Users/bhanugarg/archive/br_lora_library_staging/batch_0020/synthetic_004915
  Verdict                : PASS

[166/250] synthetic_004916
  Case seed              : 580894916
  External subject       : BraTS20_Validation_060
  External slice         : 119
  Donor mask pixels      : 2208
  Posterior stack        : (100, 1, 1, 240, 240)
  Case output            : /Users/bhanugarg/archive/br_lora_library_staging/batch_0020/synthetic_004916
  Verdict                : PASS

[167/250] synthetic_004917
  Case seed              : 1026780491
  External subject       : BraTS20_Validation_060
  External slice         : 120
  Donor mask pixels      : 1143
  Posterior stack        : (100, 1, 1, 240, 240)
  Case output            : /Users/bhanugarg/archive/br_lora_library_staging/batch_0020/synthetic_004917
  Verdict                : PASS

[168/250] synthetic_004918
  Case seed              : 365387978
  External subject       : BraTS20_Validation_060
  External slice         : 120
  Donor mask pixels      : 5734
  Posterior stack        : (100, 1, 1, 240, 240)
  Case output            : /Users/bhanugarg/archive/br_lora_library_staging/batch_0020/synthetic_004918
  Verdict                : PASS

[169/250] synthetic_004919
  Case seed              : 1806634848
  External subject       : BraTS20_Validation_060
  External slice         : 121
  Donor mask pixels      : 786
  Posterior stack        : (100, 1, 1, 240, 240)
  Case output            : /Users/bhanugarg/archive/br_lora_library_staging/batch_0020/synthetic_004919
  Verdict                : PASS

[170/250] synthetic_004920
  Case seed              : 507573995
  External subject       : BraTS20_Validation_060
  External slice         : 121
  Donor mask pixels      : 2690
  Posterior stack        : (100, 1, 1, 240, 240)
  Case output            : /Users/bhanugarg/archive/br_lora_library_staging/batch_0020/synthetic_004920
  Verdict                : PASS

[171/250] synthetic_004921
  Case seed              : 1972245437
  External subject       : BraTS20_Validation_060
  External slice         : 122
  Donor mask pixels      : 2032
  Posterior stack        : (100, 1, 1, 240, 240)
  Case output            : /Users/bhanugarg/archive/br_lora_library_staging/batch_0020/synthetic_004921
  Verdict                : PASS

[172/250] synthetic_004922
  Case seed              : 1872425252
  External subject       : BraTS20_Validation_060
  External slice         : 122
  Donor mask pixels      : 2133
  Posterior stack        : (100, 1, 1, 240, 240)
  Case output            : /Users/bhanugarg/archive/br_lora_library_staging/batch_0020/synthetic_004922
  Verdict                : PASS

[173/250] synthetic_004923
  Case seed              : 85438421
  External subject       : BraTS20_Validation_060
  External slice         : 123
  Donor mask pixels      : 480
  Posterior stack        : (100, 1, 1, 240, 240)
  Case output            : /Users/bhanugarg/archive/br_lora_library_staging/batch_0020/synthetic_004923
  Verdict                : PASS

[174/250] synthetic_004924
  Case seed              : 1913991466
  External subject       : BraTS20_Validation_060
  External slice         : 124
  Donor mask pixels      : 568
  Posterior stack        : (100, 1, 1, 240, 240)
  Case output            : /Users/bhanugarg/archive/br_lora_library_staging/batch_0020/synthetic_004924
  Verdict                : PASS

[175/250] synthetic_004925
  Case seed              : 251517247
  External subject       : BraTS20_Validation_060
  External slice         : 125
  Donor mask pixels      : 1318
  Posterior stack        : (100, 1, 1, 240, 240)
  Case output            : /Users/bhanugarg/archive/br_lora_library_staging/batch_0020/synthetic_004925
  Verdict                : PASS

[176/250] synthetic_004926
  Case seed              : 414560389
  External subject       : BraTS20_Validation_060
  External slice         : 126
  Donor mask pixels      : 895
  Posterior stack        : (100, 1, 1, 240, 240)
  Case output            : /Users/bhanugarg/archive/br_lora_library_staging/batch_0020/synthetic_004926
  Verdict                : PASS

[177/250] synthetic_004927
  Case seed              : 895780297
  External subject       : BraTS20_Validation_060
  External slice         : 127
  Donor mask pixels      : 495
  Posterior stack        : (100, 1, 1, 240, 240)
  Case output            : /Users/bhanugarg/archive/br_lora_library_staging/batch_0020/synthetic_004927
  Verdict                : PASS

[178/250] synthetic_004928
  Case seed              : 80370985
  External subject       : BraTS20_Validation_060
  External slice         : 128
  Donor mask pixels      : 1187
  Posterior stack        : (100, 1, 1, 240, 240)
  Case output            : /Users/bhanugarg/archive/br_lora_library_staging/batch_0020/synthetic_004928
  Verdict                : PASS

[179/250] synthetic_004929
  Case seed              : 2112522781
  External subject       : BraTS20_Validation_060
  External slice         : 129
  Donor mask pixels      : 853
  Posterior stack        : (100, 1, 1, 240, 240)
  Case output            : /Users/bhanugarg/archive/br_lora_library_staging/batch_0020/synthetic_004929
  Verdict                : PASS

[180/250] synthetic_004930
  Case seed              : 355083232
  External subject       : BraTS20_Validation_060
  External slice         : 130
  Donor mask pixels      : 337
  Posterior stack        : (100, 1, 1, 240, 240)
  Case output            : /Users/bhanugarg/archive/br_lora_library_staging/batch_0020/synthetic_004930
  Verdict                : PASS

[181/250] synthetic_004931
  Case seed              : 253315900
  External subject       : BraTS20_Validation_061
  External slice         : 1
  Donor mask pixels      : 649
  Posterior stack        : (100, 1, 1, 240, 240)
  Case output            : /Users/bhanugarg/archive/br_lora_library_staging/batch_0020/synthetic_004931
  Verdict                : PASS

[182/250] synthetic_004932
  Case seed              : 2026719523
  External subject       : BraTS20_Validation_061
  External slice         : 2
  Donor mask pixels      : 722
  Posterior stack        : (100, 1, 1, 240, 240)
  Case output            : /Users/bhanugarg/archive/br_lora_library_staging/batch_0020/synthetic_004932
  Verdict                : PASS

[183/250] synthetic_004933
  Case seed              : 1018779991
  External subject       : BraTS20_Validation_061
  External slice         : 3
  Donor mask pixels      : 1001
  Posterior stack        : (100, 1, 1, 240, 240)
  Case output            : /Users/bhanugarg/archive/br_lora_library_staging/batch_0020/synthetic_004933
  Verdict                : PASS

[184/250] synthetic_004934
  Case seed              : 1815351746
  External subject       : BraTS20_Validation_061
  External slice         : 4
  Donor mask pixels      : 409
  Posterior stack        : (100, 1, 1, 240, 240)
  Case output            : /Users/bhanugarg/archive/br_lora_library_staging/batch_0020/synthetic_004934
  Verdict                : PASS

[185/250] synthetic_004935
  Case seed              : 1160908533
  External subject       : BraTS20_Validation_061
  External slice         : 5
  Donor mask pixels      : 540
  Posterior stack        : (100, 1, 1, 240, 240)
  Case output            : /Users/bhanugarg/archive/br_lora_library_staging/batch_0020/synthetic_004935
  Verdict                : PASS

[186/250] synthetic_004936
  Case seed              : 1896363411
  External subject       : BraTS20_Validation_061
  External slice         : 6
  Donor mask pixels      : 629
  Posterior stack        : (100, 1, 1, 240, 240)
  Case output            : /Users/bhanugarg/archive/br_lora_library_staging/batch_0020/synthetic_004936
  Verdict                : PASS

[187/250] synthetic_004937
  Case seed              : 1899005171
  External subject       : BraTS20_Validation_061
  External slice         : 7
  Donor mask pixels      : 1048
  Posterior stack        : (100, 1, 1, 240, 240)
  Case output            : /Users/bhanugarg/archive/br_lora_library_staging/batch_0020/synthetic_004937
  Verdict                : PASS

[188/250] synthetic_004938
  Case seed              : 358846936
  External subject       : BraTS20_Validation_061
  External slice         : 8
  Donor mask pixels      : 775
  Posterior stack        : (100, 1, 1, 240, 240)
  Case output            : /Users/bhanugarg/archive/br_lora_library_staging/batch_0020/synthetic_004938
  Verdict                : PASS

[189/250] synthetic_004939
  Case seed              : 639981933
  External subject       : BraTS20_Validation_061
  External slice         : 9
  Donor mask pixels      : 375
  Posterior stack        : (100, 1, 1, 240, 240)
  Case output            : /Users/bhanugarg/archive/br_lora_library_staging/batch_0020/synthetic_004939
  Verdict                : PASS

[190/250] synthetic_004940
  Case seed              : 1545234739
  External subject       : BraTS20_Validation_061
  External slice         : 10
  Donor mask pixels      : 969
  Posterior stack        : (100, 1, 1, 240, 240)
  Case output            : /Users/bhanugarg/archive/br_lora_library_staging/batch_0020/synthetic_004940
  Verdict                : PASS

[191/250] synthetic_004941
  Case seed              : 1204081470
  External subject       : BraTS20_Validation_061
  External slice         : 11
  Donor mask pixels      : 895
  Posterior stack        : (100, 1, 1, 240, 240)
  Case output            : /Users/bhanugarg/archive/br_lora_library_staging/batch_0020/synthetic_004941
  Verdict                : PASS

[192/250] synthetic_004942
  Case seed              : 1091211266
  External subject       : BraTS20_Validation_061
  External slice         : 12
  Donor mask pixels      : 957
  Posterior stack        : (100, 1, 1, 240, 240)
  Case output            : /Users/bhanugarg/archive/br_lora_library_staging/batch_0020/synthetic_004942
  Verdict                : PASS

[193/250] synthetic_004943
  Case seed              : 395882159
  External subject       : BraTS20_Validation_061
  External slice         : 13
  Donor mask pixels      : 1059
  Posterior stack        : (100, 1, 1, 240, 240)
  Case output            : /Users/bhanugarg/archive/br_lora_library_staging/batch_0020/synthetic_004943
  Verdict                : PASS

[194/250] synthetic_004944
  Case seed              : 571468732
  External subject       : BraTS20_Validation_061
  External slice         : 15
  Donor mask pixels      : 1228
  Posterior stack        : (100, 1, 1, 240, 240)
  Case output            : /Users/bhanugarg/archive/br_lora_library_staging/batch_0020/synthetic_004944
  Verdict                : PASS

[195/250] synthetic_004945
  Case seed              : 215508812
  External subject       : BraTS20_Validation_061
  External slice         : 16
  Donor mask pixels      : 2040
  Posterior stack        : (100, 1, 1, 240, 240)
  Case output            : /Users/bhanugarg/archive/br_lora_library_staging/batch_0020/synthetic_004945
  Verdict                : PASS

[196/250] synthetic_004946
  Case seed              : 850259522
  External subject       : BraTS20_Validation_061
  External slice         : 17
  Donor mask pixels      : 307
  Posterior stack        : (100, 1, 1, 240, 240)
  Case output            : /Users/bhanugarg/archive/br_lora_library_staging/batch_0020/synthetic_004946
  Verdict                : PASS

[197/250] synthetic_004947
  Case seed              : 219482601
  External subject       : BraTS20_Validation_061
  External slice         : 18
  Donor mask pixels      : 997
  Posterior stack        : (100, 1, 1, 240, 240)
  Case output            : /Users/bhanugarg/archive/br_lora_library_staging/batch_0020/synthetic_004947
  Verdict                : PASS

[198/250] synthetic_004948
  Case seed              : 935987817
  External subject       : BraTS20_Validation_061
  External slice         : 19
  Donor mask pixels      : 1951
  Posterior stack        : (100, 1, 1, 240, 240)
  Case output            : /Users/bhanugarg/archive/br_lora_library_staging/batch_0020/synthetic_004948
  Verdict                : PASS

[199/250] synthetic_004949
  Case seed              : 1825536697
  External subject       : BraTS20_Validation_061
  External slice         : 20
  Donor mask pixels      : 747
  Posterior stack        : (100, 1, 1, 240, 240)
  Case output            : /Users/bhanugarg/archive/br_lora_library_staging/batch_0020/synthetic_004949
  Verdict                : PASS

[200/250] synthetic_004950
  Case seed              : 429783154
  External subject       : BraTS20_Validation_061
  External slice         : 21
  Donor mask pixels      : 762
  Posterior stack        : (100, 1, 1, 240, 240)
  Case output            : /Users/bhanugarg/archive/br_lora_library_staging/batch_0020/synthetic_004950
  Verdict                : PASS

[201/250] synthetic_004951
  Case seed              : 1690915821
  External subject       : BraTS20_Validation_061
  External slice         : 22
  Donor mask pixels      : 2225
  Posterior stack        : (100, 1, 1, 240, 240)
  Case output            : /Users/bhanugarg/archive/br_lora_library_staging/batch_0020/synthetic_004951
  Verdict                : PASS

[202/250] synthetic_004952
  Case seed              : 1714815913
  External subject       : BraTS20_Validation_061
  External slice         : 23
  Donor mask pixels      : 1156
  Posterior stack        : (100, 1, 1, 240, 240)
  Case output            : /Users/bhanugarg/archive/br_lora_library_staging/batch_0020/synthetic_004952
  Verdict                : PASS

[203/250] synthetic_004953
  Case seed              : 1512311687
  External subject       : BraTS20_Validation_061
  External slice         : 24
  Donor mask pixels      : 1043
  Posterior stack        : (100, 1, 1, 240, 240)
  Case output            : /Users/bhanugarg/archive/br_lora_library_staging/batch_0020/synthetic_004953
  Verdict                : PASS

[204/250] synthetic_004954
  Case seed              : 918168044
  External subject       : BraTS20_Validation_061
  External slice         : 25
  Donor mask pixels      : 1601
  Posterior stack        : (100, 1, 1, 240, 240)
  Case output            : /Users/bhanugarg/archive/br_lora_library_staging/batch_0020/synthetic_004954
  Verdict                : PASS

[205/250] synthetic_004955
  Case seed              : 870949292
  External subject       : BraTS20_Validation_061
  External slice         : 26
  Donor mask pixels      : 1061
  Posterior stack        : (100, 1, 1, 240, 240)
  Case output            : /Users/bhanugarg/archive/br_lora_library_staging/batch_0020/synthetic_004955
  Verdict                : PASS

[206/250] synthetic_004956
  Case seed              : 556572196
  External subject       : BraTS20_Validation_061
  External slice         : 27
  Donor mask pixels      : 854
  Posterior stack        : (100, 1, 1, 240, 240)
  Case output            : /Users/bhanugarg/archive/br_lora_library_staging/batch_0020/synthetic_004956
  Verdict                : PASS

[207/250] synthetic_004957
  Case seed              : 580150576
  External subject       : BraTS20_Validation_061
  External slice         : 28
  Donor mask pixels      : 2064
  Posterior stack        : (100, 1, 1, 240, 240)
  Case output            : /Users/bhanugarg/archive/br_lora_library_staging/batch_0020/synthetic_004957
  Verdict                : PASS

[208/250] synthetic_004958
  Case seed              : 63669380
  External subject       : BraTS20_Validation_061
  External slice         : 29
  Donor mask pixels      : 1974
  Posterior stack        : (100, 1, 1, 240, 240)
  Case output            : /Users/bhanugarg/archive/br_lora_library_staging/batch_0020/synthetic_004958
  Verdict                : PASS

[209/250] synthetic_004959
  Case seed              : 1597811451
  External subject       : BraTS20_Validation_061
  External slice         : 30
  Donor mask pixels      : 3146
  Posterior stack        : (100, 1, 1, 240, 240)
  Case output            : /Users/bhanugarg/archive/br_lora_library_staging/batch_0020/synthetic_004959
  Verdict                : PASS

[210/250] synthetic_004960
  Case seed              : 1063569177
  External subject       : BraTS20_Validation_061
  External slice         : 31
  Donor mask pixels      : 1438
  Posterior stack        : (100, 1, 1, 240, 240)
  Case output            : /Users/bhanugarg/archive/br_lora_library_staging/batch_0020/synthetic_004960
  Verdict                : PASS

[211/250] synthetic_004961
  Case seed              : 1608182708
  External subject       : BraTS20_Validation_061
  External slice         : 32
  Donor mask pixels      : 1609
  Posterior stack        : (100, 1, 1, 240, 240)
  Case output            : /Users/bhanugarg/archive/br_lora_library_staging/batch_0020/synthetic_004961
  Verdict                : PASS

[212/250] synthetic_004962
  Case seed              : 1281644834
  External subject       : BraTS20_Validation_061
  External slice         : 33
  Donor mask pixels      : 3848
  Posterior stack        : (100, 1, 1, 240, 240)
  Case output            : /Users/bhanugarg/archive/br_lora_library_staging/batch_0020/synthetic_004962
  Verdict                : PASS

[213/250] synthetic_004963
  Case seed              : 1392672126
  External subject       : BraTS20_Validation_061
  External slice         : 100
  Donor mask pixels      : 2324
  Posterior stack        : (100, 1, 1, 240, 240)
  Case output            : /Users/bhanugarg/archive/br_lora_library_staging/batch_0020/synthetic_004963
  Verdict                : PASS

[214/250] synthetic_004964
  Case seed              : 1404110860
  External subject       : BraTS20_Validation_061
  External slice         : 100
  Donor mask pixels      : 2047
  Posterior stack        : (100, 1, 1, 240, 240)
  Case output            : /Users/bhanugarg/archive/br_lora_library_staging/batch_0020/synthetic_004964
  Verdict                : PASS

[215/250] synthetic_004965
  Case seed              : 653327906
  External subject       : BraTS20_Validation_061
  External slice         : 101
  Donor mask pixels      : 713
  Posterior stack        : (100, 1, 1, 240, 240)
  Case output            : /Users/bhanugarg/archive/br_lora_library_staging/batch_0020/synthetic_004965
  Verdict                : PASS

[216/250] synthetic_004966
  Case seed              : 484717972
  External subject       : BraTS20_Validation_061
  External slice         : 101
  Donor mask pixels      : 3991
  Posterior stack        : (100, 1, 1, 240, 240)
  Case output            : /Users/bhanugarg/archive/br_lora_library_staging/batch_0020/synthetic_004966
  Verdict                : PASS

[217/250] synthetic_004967
  Case seed              : 1875291888
  External subject       : BraTS20_Validation_061
  External slice         : 102
  Donor mask pixels      : 1411
  Posterior stack        : (100, 1, 1, 240, 240)
  Case output            : /Users/bhanugarg/archive/br_lora_library_staging/batch_0020/synthetic_004967
  Verdict                : PASS

[218/250] synthetic_004968
  Case seed              : 2128003761
  External subject       : BraTS20_Validation_061
  External slice         : 102
  Donor mask pixels      : 2502
  Posterior stack        : (100, 1, 1, 240, 240)
  Case output            : /Users/bhanugarg/archive/br_lora_library_staging/batch_0020/synthetic_004968
  Verdict                : PASS

[219/250] synthetic_004969
  Case seed              : 494136201
  External subject       : BraTS20_Validation_061
  External slice         : 103
  Donor mask pixels      : 3946
  Posterior stack        : (100, 1, 1, 240, 240)
  Case output            : /Users/bhanugarg/archive/br_lora_library_staging/batch_0020/synthetic_004969
  Verdict                : PASS

[220/250] synthetic_004970
  Case seed              : 401168106
  External subject       : BraTS20_Validation_061
  External slice         : 103
  Donor mask pixels      : 2071
  Posterior stack        : (100, 1, 1, 240, 240)
  Case output            : /Users/bhanugarg/archive/br_lora_library_staging/batch_0020/synthetic_004970
  Verdict                : PASS

[221/250] synthetic_004971
  Case seed              : 141909377
  External subject       : BraTS20_Validation_061
  External slice         : 104
  Donor mask pixels      : 932
  Posterior stack        : (100, 1, 1, 240, 240)
  Case output            : /Users/bhanugarg/archive/br_lora_library_staging/batch_0020/synthetic_004971
  Verdict                : PASS

[222/250] synthetic_004972
  Case seed              : 64439856
  External subject       : BraTS20_Validation_061
  External slice         : 104
  Donor mask pixels      : 1645
  Posterior stack        : (100, 1, 1, 240, 240)
  Case output            : /Users/bhanugarg/archive/br_lora_library_staging/batch_0020/synthetic_004972
  Verdict                : PASS

[223/250] synthetic_004973
  Case seed              : 936621456
  External subject       : BraTS20_Validation_061
  External slice         : 105
  Donor mask pixels      : 815
  Posterior stack        : (100, 1, 1, 240, 240)
  Case output            : /Users/bhanugarg/archive/br_lora_library_staging/batch_0020/synthetic_004973
  Verdict                : PASS

[224/250] synthetic_004974
  Case seed              : 2010487124
  External subject       : BraTS20_Validation_061
  External slice         : 105
  Donor mask pixels      : 857
  Posterior stack        : (100, 1, 1, 240, 240)
  Case output            : /Users/bhanugarg/archive/br_lora_library_staging/batch_0020/synthetic_004974
  Verdict                : PASS

[225/250] synthetic_004975
  Case seed              : 880778349
  External subject       : BraTS20_Validation_061
  External slice         : 106
  Donor mask pixels      : 2515
  Posterior stack        : (100, 1, 1, 240, 240)
  Case output            : /Users/bhanugarg/archive/br_lora_library_staging/batch_0020/synthetic_004975
  Verdict                : PASS

[226/250] synthetic_004976
  Case seed              : 605012375
  External subject       : BraTS20_Validation_061
  External slice         : 106
  Donor mask pixels      : 2305
  Posterior stack        : (100, 1, 1, 240, 240)
  Case output            : /Users/bhanugarg/archive/br_lora_library_staging/batch_0020/synthetic_004976
  Verdict                : PASS

[227/250] synthetic_004977
  Case seed              : 226600931
  External subject       : BraTS20_Validation_061
  External slice         : 107
  Donor mask pixels      : 4782
  Posterior stack        : (100, 1, 1, 240, 240)
  Case output            : /Users/bhanugarg/archive/br_lora_library_staging/batch_0020/synthetic_004977
  Verdict                : PASS

[228/250] synthetic_004978
  Case seed              : 1474759607
  External subject       : BraTS20_Validation_061
  External slice         : 107
  Donor mask pixels      : 3487
  Posterior stack        : (100, 1, 1, 240, 240)
  Case output            : /Users/bhanugarg/archive/br_lora_library_staging/batch_0020/synthetic_004978
  Verdict                : PASS

[229/250] synthetic_004979
  Case seed              : 332534132
  External subject       : BraTS20_Validation_061
  External slice         : 108
  Donor mask pixels      : 964
  Posterior stack        : (100, 1, 1, 240, 240)
  Case output            : /Users/bhanugarg/archive/br_lora_library_staging/batch_0020/synthetic_004979
  Verdict                : PASS

[230/250] synthetic_004980
  Case seed              : 1644027175
  External subject       : BraTS20_Validation_061
  External slice         : 108
  Donor mask pixels      : 1121
  Posterior stack        : (100, 1, 1, 240, 240)
  Case output            : /Users/bhanugarg/archive/br_lora_library_staging/batch_0020/synthetic_004980
  Verdict                : PASS

[231/250] synthetic_004981
  Case seed              : 126345309
  External subject       : BraTS20_Validation_061
  External slice         : 109
  Donor mask pixels      : 451
  Posterior stack        : (100, 1, 1, 240, 240)
  Case output            : /Users/bhanugarg/archive/br_lora_library_staging/batch_0020/synthetic_004981
  Verdict                : PASS

[232/250] synthetic_004982
  Case seed              : 1684047882
  External subject       : BraTS20_Validation_061
  External slice         : 109
  Donor mask pixels      : 1505
  Posterior stack        : (100, 1, 1, 240, 240)
  Case output            : /Users/bhanugarg/archive/br_lora_library_staging/batch_0020/synthetic_004982
  Verdict                : PASS

[233/250] synthetic_004983
  Case seed              : 654386509
  External subject       : BraTS20_Validation_061
  External slice         : 110
  Donor mask pixels      : 3548
  Posterior stack        : (100, 1, 1, 240, 240)
  Case output            : /Users/bhanugarg/archive/br_lora_library_staging/batch_0020/synthetic_004983
  Verdict                : PASS

[234/250] synthetic_004984
  Case seed              : 338150132
  External subject       : BraTS20_Validation_061
  External slice         : 110
  Donor mask pixels      : 797
  Posterior stack        : (100, 1, 1, 240, 240)
  Case output            : /Users/bhanugarg/archive/br_lora_library_staging/batch_0020/synthetic_004984
  Verdict                : PASS

[235/250] synthetic_004985
  Case seed              : 659698718
  External subject       : BraTS20_Validation_061
  External slice         : 111
  Donor mask pixels      : 3253
  Posterior stack        : (100, 1, 1, 240, 240)
  Case output            : /Users/bhanugarg/archive/br_lora_library_staging/batch_0020/synthetic_004985
  Verdict                : PASS

[236/250] synthetic_004986
  Case seed              : 980695413
  External subject       : BraTS20_Validation_061
  External slice         : 111
  Donor mask pixels      : 965
  Posterior stack        : (100, 1, 1, 240, 240)
  Case output            : /Users/bhanugarg/archive/br_lora_library_staging/batch_0020/synthetic_004986
  Verdict                : PASS

[237/250] synthetic_004987
  Case seed              : 776303517
  External subject       : BraTS20_Validation_061
  External slice         : 112
  Donor mask pixels      : 2450
  Posterior stack        : (100, 1, 1, 240, 240)
  Case output            : /Users/bhanugarg/archive/br_lora_library_staging/batch_0020/synthetic_004987
  Verdict                : PASS

[238/250] synthetic_004988
  Case seed              : 437393734
  External subject       : BraTS20_Validation_061
  External slice         : 113
  Donor mask pixels      : 436
  Posterior stack        : (100, 1, 1, 240, 240)
  Case output            : /Users/bhanugarg/archive/br_lora_library_staging/batch_0020/synthetic_004988
  Verdict                : PASS

[239/250] synthetic_004989
  Case seed              : 384159382
  External subject       : BraTS20_Validation_061
  External slice         : 114
  Donor mask pixels      : 629
  Posterior stack        : (100, 1, 1, 240, 240)
  Case output            : /Users/bhanugarg/archive/br_lora_library_staging/batch_0020/synthetic_004989
  Verdict                : PASS

[240/250] synthetic_004990
  Case seed              : 1178607094
  External subject       : BraTS20_Validation_061
  External slice         : 115
  Donor mask pixels      : 3636
  Posterior stack        : (100, 1, 1, 240, 240)
  Case output            : /Users/bhanugarg/archive/br_lora_library_staging/batch_0020/synthetic_004990
  Verdict                : PASS

[241/250] synthetic_004991
  Case seed              : 784931223
  External subject       : BraTS20_Validation_061
  External slice         : 116
  Donor mask pixels      : 803
  Posterior stack        : (100, 1, 1, 240, 240)
  Case output            : /Users/bhanugarg/archive/br_lora_library_staging/batch_0020/synthetic_004991
  Verdict                : PASS

[242/250] synthetic_004992
  Case seed              : 840638911
  External subject       : BraTS20_Validation_061
  External slice         : 117
  Donor mask pixels      : 1016
  Posterior stack        : (100, 1, 1, 240, 240)
  Case output            : /Users/bhanugarg/archive/br_lora_library_staging/batch_0020/synthetic_004992
  Verdict                : PASS

[243/250] synthetic_004993
  Case seed              : 125508264
  External subject       : BraTS20_Validation_061
  External slice         : 118
  Donor mask pixels      : 759
  Posterior stack        : (100, 1, 1, 240, 240)
  Case output            : /Users/bhanugarg/archive/br_lora_library_staging/batch_0020/synthetic_004993
  Verdict                : PASS

[244/250] synthetic_004994
  Case seed              : 496567053
  External subject       : BraTS20_Validation_061
  External slice         : 119
  Donor mask pixels      : 3770
  Posterior stack        : (100, 1, 1, 240, 240)
  Case output            : /Users/bhanugarg/archive/br_lora_library_staging/batch_0020/synthetic_004994
  Verdict                : PASS

[245/250] synthetic_004995
  Case seed              : 89145724
  External subject       : BraTS20_Validation_061
  External slice         : 120
  Donor mask pixels      : 1009
  Posterior stack        : (100, 1, 1, 240, 240)
  Case output            : /Users/bhanugarg/archive/br_lora_library_staging/batch_0020/synthetic_004995
  Verdict                : PASS

[246/250] synthetic_004996
  Case seed              : 1229076388
  External subject       : BraTS20_Validation_061
  External slice         : 121
  Donor mask pixels      : 2019
  Posterior stack        : (100, 1, 1, 240, 240)
  Case output            : /Users/bhanugarg/archive/br_lora_library_staging/batch_0020/synthetic_004996
  Verdict                : PASS

[247/250] synthetic_004997
  Case seed              : 906717017
  External subject       : BraTS20_Validation_061
  External slice         : 122
  Donor mask pixels      : 1000
  Posterior stack        : (100, 1, 1, 240, 240)
  Case output            : /Users/bhanugarg/archive/br_lora_library_staging/batch_0020/synthetic_004997
  Verdict                : PASS

[248/250] synthetic_004998
  Case seed              : 1278754379
  External subject       : BraTS20_Validation_061
  External slice         : 123
  Donor mask pixels      : 597
  Posterior stack        : (100, 1, 1, 240, 240)
  Case output            : /Users/bhanugarg/archive/br_lora_library_staging/batch_0020/synthetic_004998
  Verdict                : PASS

[249/250] synthetic_004999
  Case seed              : 1049625160
  External subject       : BraTS20_Validation_061
  External slice         : 125
  Donor mask pixels      : 539
  Posterior stack        : (100, 1, 1, 240, 240)
  Case output            : /Users/bhanugarg/archive/br_lora_library_staging/batch_0020/synthetic_004999
  Verdict                : PASS

[250/250] synthetic_005000
  Case seed              : 308741272
  External subject       : BraTS20_Validation_061
  External slice         : 126
  Donor mask pixels      : 1180
  Posterior stack        : (100, 1, 1, 240, 240)
  Case output            : /Users/bhanugarg/archive/br_lora_library_staging/batch_0020/synthetic_005000
  Verdict                : PASS

==============================================================================
BR-LoRA EXTERNAL EVALUATION: PASS
Completed cases          : 250
Posterior realizations   : 100 per case
Evaluation summary       : /Users/bhanugarg/archive/br_lora_library_staging/batch_0020/evaluation_summary.json
==============================================================================

==============================================================================
BR-LoRA LIBRARY BATCH PRODUCTION
==============================================================================

Batch                    : batch_0020
Frozen design manifest   : /Users/bhanugarg/Desktop/localized-medical-image-synthesis/downstream_evaluation/manifests/br_lora_library_design_10000/batches/batch_0020_manifest.csv
Execution manifest       : /Users/bhanugarg/Desktop/localized-medical-image-synthesis/downstream_evaluation/manifests/br_lora_library_design_10000/batches/batch_0020_external_evaluation_manifest.csv
Checkpoint               : /Users/bhanugarg/Desktop/localized-medical-image-synthesis/checkpoints/br_lora_full_train/final.pt
Posterior samples        : 100
Evaluation seed          : 42
Device                   : mps
Output                   : /Users/bhanugarg/archive/br_lora_library_staging/batch_0020
Prepare only             : False
Resume                   : False

===== EXECUTION MANIFEST: PASS =====
Cases                    : 250
Case IDs                 : synthetic_004751 to synthetic_005000
External subjects        : 4
Unique base slices       : 186
Unique donor slices      : 250
Manifest SHA-256         : 4a0fbf3482daf15ba3e8edd3c04d69337523fbde71e78d0f821d101fefefca2e

==============================================================================
LAUNCHING VALIDATED BR-LoRA INFERENCE ENGINE
==============================================================================

/opt/anaconda3/envs/brats-nnunet/bin/python /Users/bhanugarg/Desktop/localized-medical-image-synthesis/scripts/evaluate_br_lora_external.py --checkpoint /Users/bhanugarg/Desktop/localized-medical-image-synthesis/checkpoints/br_lora_full_train/final.pt --validation-dataset /Users/bhanugarg/archive/BraTS2020_ValidationData/MICCAI_BraTS2020_ValidationData/validation_dataset.yaml --evaluation-manifest /Users/bhanugarg/Desktop/localized-medical-image-synthesis/downstream_evaluation/manifests/br_lora_library_design_10000/batches/batch_0020_external_evaluation_manifest.csv --posterior-samples 100 --seed 42 --output-dir /Users/bhanugarg/archive/br_lora_library_staging/batch_0020 --device mps


==============================================================================
LOCAL PRODUCTION AUDIT: PASS
==============================================================================
Cases audited            : 250
Problems                 : 0
Files checksummed        : 1501
Production audit         : /Users/bhanugarg/archive/br_lora_library_staging/br_lora_batch_0020_production_audit.json
Mac checksum inventory   : /Users/bhanugarg/archive/br_lora_library_staging/br_lora_batch_0020_mac_sha256.txt

==============================================================================
READY FOR FALCON TRANSFER
==============================================================================

No Falcon state was modified.
No local production data was deleted.
Transfer starting: 1752 files
created directory /scratch/bhanug/br_lora_library/batches/batch_0020
./
evaluation_summary.json
            856 100%    2.35MB/s   00:00:00 (xfer#1, to-check=1/1752)
synthetic_004751/
synthetic_004751/composite_mean.pt
         232026 100%   60.18MB/s   00:00:00 (xfer#2, to-check=3/1752)
synthetic_004751/metadata.json
           1797 100%    4.90MB/s   00:00:00 (xfer#3, to-check=4/1752)
synthetic_004751/posterior_mean.pt
         232026 100%   74.01MB/s   00:00:00 (xfer#4, to-check=5/1752)
synthetic_004751/posterior_samples.pt
        7077888  29%   10.89MB/s   00:00:01       14123008  57%   10.99MB/s   00:00:00       21168128  86%   12.71MB/s   00:00:00       24657317 100%   11.42MB/s   00:00:02 (xfer#5, to-check=6/1752)
synthetic_004751/posterior_std.pt
         232019 100%  268.54MB/s   00:00:00 (xfer#6, to-check=7/1752)
synthetic_004751/posterior_variance.pt
         232054 100%  324.10MB/s   00:00:00 (xfer#7, to-check=8/1752)
synthetic_004752/
synthetic_004752/composite_mean.pt
         232026 100%   79.54MB/s   00:00:00 (xfer#8, to-check=10/1752)
synthetic_004752/metadata.json
           1799 100%   32.41MB/s   00:00:00 (xfer#9, to-check=11/1752)
synthetic_004752/posterior_mean.pt
         232026 100%   86.63MB/s   00:00:00 (xfer#10, to-check=12/1752)
synthetic_004752/posterior_samples.pt
        6750208  27%   12.65MB/s   00:00:01       13172736  53%   12.20MB/s   00:00:00       19955712  81%   12.94MB/s   00:00:00       24657317 100%   12.30MB/s   00:00:01 (xfer#11, to-check=13/1752)
synthetic_004752/posterior_std.pt
         232019 100%  246.70MB/s   00:00:00 (xfer#12, to-check=14/1752)
synthetic_004752/posterior_variance.pt
         232054 100%  317.12MB/s   00:00:00 (xfer#13, to-check=15/1752)
synthetic_004753/
synthetic_004753/composite_mean.pt
         232026 100%   21.91MB/s   00:00:00 (xfer#14, to-check=17/1752)
synthetic_004753/metadata.json
           1798 100%   16.16MB/s   00:00:00 (xfer#15, to-check=18/1752)
synthetic_004753/posterior_mean.pt
         232026 100%   14.30MB/s   00:00:00 (xfer#16, to-check=19/1752)
synthetic_004753/posterior_samples.pt
        5668864  23%   10.20MB/s   00:00:01       12353536  50%   12.44MB/s   00:00:00       16154624  66%    7.23MB/s   00:00:01       21463040  87%   10.02MB/s   00:00:00       24657317 100%    9.88MB/s   00:00:02 (xfer#17, to-check=20/1752)
synthetic_004753/posterior_std.pt
         232019 100%  246.11MB/s   00:00:00 (xfer#18, to-check=21/1752)
synthetic_004753/posterior_variance.pt
         232054 100%  309.51MB/s   00:00:00 (xfer#19, to-check=22/1752)
synthetic_004754/
synthetic_004754/composite_mean.pt
         232026 100%   13.44MB/s   00:00:00 (xfer#20, to-check=24/1752)
synthetic_004754/metadata.json
           1797 100%   20.66MB/s   00:00:00 (xfer#21, to-check=25/1752)
synthetic_004754/posterior_mean.pt
         232026 100%   21.79MB/s   00:00:00 (xfer#22, to-check=26/1752)
synthetic_004754/posterior_samples.pt
        5799936  24%   10.65MB/s   00:00:01       11960320  49%   11.72MB/s   00:00:01       17596416  71%   10.27MB/s   00:00:00       23232512  94%   10.62MB/s   00:00:00       24657317 100%   10.43MB/s   00:00:02 (xfer#23, to-check=27/1752)
synthetic_004754/posterior_std.pt
         232019 100%  256.73MB/s   00:00:00 (xfer#24, to-check=28/1752)
synthetic_004754/posterior_variance.pt
         232054 100%  316.15MB/s   00:00:00 (xfer#25, to-check=29/1752)
synthetic_004755/
synthetic_004755/composite_mean.pt
         232026 100%   21.41MB/s   00:00:00 (xfer#26, to-check=31/1752)
synthetic_004755/metadata.json
           1798 100%   20.91MB/s   00:00:00 (xfer#27, to-check=32/1752)
synthetic_004755/posterior_mean.pt
         232026 100%   60.64MB/s   00:00:00 (xfer#28, to-check=33/1752)
synthetic_004755/posterior_samples.pt
        4358144  18%    8.24MB/s   00:00:02       10518528  43%   11.70MB/s   00:00:01       16154624  66%   10.69MB/s   00:00:00       20807680  84%    8.87MB/s   00:00:00       24657317 100%    9.61MB/s   00:00:02 (xfer#29, to-check=34/1752)
synthetic_004755/posterior_std.pt
         232019 100%  110.46MB/s   00:00:00 (xfer#30, to-check=35/1752)
synthetic_004755/posterior_variance.pt
         232054 100%   32.48MB/s   00:00:00 (xfer#31, to-check=36/1752)
synthetic_004756/
synthetic_004756/composite_mean.pt
         232026 100%    5.86MB/s   00:00:00 (xfer#32, to-check=38/1752)
synthetic_004756/metadata.json
           1797 100%   30.59MB/s   00:00:00 (xfer#33, to-check=39/1752)
synthetic_004756/posterior_mean.pt
         232026 100%   17.69MB/s   00:00:00 (xfer#34, to-check=40/1752)
synthetic_004756/posterior_samples.pt
        4554752  18%    8.49MB/s   00:00:02        9535488  39%    9.29MB/s   00:00:01       14123008  57%    8.55MB/s   00:00:01       19496960  79%   10.10MB/s   00:00:00       24346624  99%    8.91MB/s   00:00:00       24657317 100%    9.02MB/s   00:00:02 (xfer#35, to-check=41/1752)
synthetic_004756/posterior_std.pt
         232019 100%   69.91MB/s   00:00:00 (xfer#36, to-check=42/1752)
synthetic_004756/posterior_variance.pt
         232054 100%   33.07MB/s   00:00:00 (xfer#37, to-check=43/1752)
synthetic_004757/
synthetic_004757/composite_mean.pt
         232026 100%    5.63MB/s   00:00:00 (xfer#38, to-check=45/1752)
synthetic_004757/metadata.json
           1797 100%   16.19MB/s   00:00:00 (xfer#39, to-check=46/1752)
synthetic_004757/posterior_mean.pt
         232026 100%   46.06MB/s   00:00:00 (xfer#40, to-check=47/1752)
synthetic_004757/posterior_samples.pt
        5144576  21%    9.46MB/s   00:00:01       10518528  43%   10.00MB/s   00:00:01       15761408  64%    9.89MB/s   00:00:00       21397504  87%   10.03MB/s   00:00:00       24657317 100%    9.78MB/s   00:00:02 (xfer#41, to-check=48/1752)
synthetic_004757/posterior_std.pt
         232019 100%  238.70MB/s   00:00:00 (xfer#42, to-check=49/1752)
synthetic_004757/posterior_variance.pt
         232054 100%  294.30MB/s   00:00:00 (xfer#43, to-check=50/1752)
synthetic_004758/
synthetic_004758/composite_mean.pt
         232026 100%   18.26MB/s   00:00:00 (xfer#44, to-check=52/1752)
synthetic_004758/metadata.json
           1798 100%   24.80MB/s   00:00:00 (xfer#45, to-check=53/1752)
synthetic_004758/posterior_mean.pt
         232026 100%    4.90MB/s   00:00:00 (xfer#46, to-check=54/1752)
synthetic_004758/posterior_samples.pt
        5799936  24%   10.96MB/s   00:00:01       11436032  46%   10.36MB/s   00:00:01       17465344  71%   11.47MB/s   00:00:00       23494656  95%   11.48MB/s   00:00:00       24657317 100%   10.93MB/s   00:00:02 (xfer#47, to-check=55/1752)
synthetic_004758/posterior_std.pt
         232019 100%  256.37MB/s   00:00:00 (xfer#48, to-check=56/1752)
synthetic_004758/posterior_variance.pt
         232054 100%   13.25MB/s   00:00:00 (xfer#49, to-check=57/1752)
synthetic_004759/
synthetic_004759/composite_mean.pt
         232026 100%   15.52MB/s   00:00:00 (xfer#50, to-check=59/1752)
synthetic_004759/metadata.json
           1797 100%   19.91MB/s   00:00:00 (xfer#51, to-check=60/1752)
synthetic_004759/posterior_mean.pt
         232026 100%    5.78MB/s   00:00:00 (xfer#52, to-check=61/1752)
synthetic_004759/posterior_samples.pt
        5111808  21%    9.59MB/s   00:00:01       10878976  44%   10.33MB/s   00:00:01       16384000  66%   10.29MB/s   00:00:00       23068672  94%   12.62MB/s   00:00:00       24657317 100%   10.50MB/s   00:00:02 (xfer#53, to-check=62/1752)
synthetic_004759/posterior_std.pt
         232019 100%  259.67MB/s   00:00:00 (xfer#54, to-check=63/1752)
synthetic_004759/posterior_variance.pt
         232054 100%  289.71MB/s   00:00:00 (xfer#55, to-check=64/1752)
synthetic_004760/
synthetic_004760/composite_mean.pt
         232026 100%   77.91MB/s   00:00:00 (xfer#56, to-check=66/1752)
synthetic_004760/metadata.json
           1798 100%   22.55MB/s   00:00:00 (xfer#57, to-check=67/1752)
synthetic_004760/posterior_mean.pt
         232026 100%   12.55MB/s   00:00:00 (xfer#58, to-check=68/1752)
synthetic_004760/posterior_samples.pt
        7045120  29%   13.31MB/s   00:00:01       13467648  55%   11.78MB/s   00:00:00       20545536  83%   13.25MB/s   00:00:00       24657317 100%   11.95MB/s   00:00:01 (xfer#59, to-check=69/1752)
synthetic_004760/posterior_std.pt
         232019 100%  251.99MB/s   00:00:00 (xfer#60, to-check=70/1752)
synthetic_004760/posterior_variance.pt
         232054 100%  318.97MB/s   00:00:00 (xfer#61, to-check=71/1752)
synthetic_004761/
synthetic_004761/composite_mean.pt
         232026 100%    4.15MB/s   00:00:00 (xfer#62, to-check=73/1752)
synthetic_004761/metadata.json
           1800 100%   20.69MB/s   00:00:00 (xfer#63, to-check=74/1752)
synthetic_004761/posterior_mean.pt
         232026 100%  102.87MB/s   00:00:00 (xfer#64, to-check=75/1752)
synthetic_004761/posterior_samples.pt
        6651904  27%   10.64MB/s   00:00:01       11632640  47%    9.27MB/s   00:00:01       17399808  71%   10.97MB/s   00:00:00       24084480  98%   12.34MB/s   00:00:00       24657317 100%   10.75MB/s   00:00:02 (xfer#65, to-check=76/1752)
synthetic_004761/posterior_std.pt
         232019 100%  273.53MB/s   00:00:00 (xfer#66, to-check=77/1752)
synthetic_004761/posterior_variance.pt
         232054 100%   46.36MB/s   00:00:00 (xfer#67, to-check=78/1752)
synthetic_004762/
synthetic_004762/composite_mean.pt
         232026 100%    9.79MB/s   00:00:00 (xfer#68, to-check=80/1752)
synthetic_004762/metadata.json
           1800 100%   22.93MB/s   00:00:00 (xfer#69, to-check=81/1752)
synthetic_004762/posterior_mean.pt
         232026 100%   91.70MB/s   00:00:00 (xfer#70, to-check=82/1752)
synthetic_004762/posterior_samples.pt
        6717440  27%   11.27MB/s   00:00:01       11403264  46%    8.54MB/s   00:00:01       16908288  69%   10.48MB/s   00:00:00       22675456  92%   10.83MB/s   00:00:00       24657317 100%   10.21MB/s   00:00:02 (xfer#71, to-check=83/1752)
synthetic_004762/posterior_std.pt
         232019 100%  239.50MB/s   00:00:00 (xfer#72, to-check=84/1752)
synthetic_004762/posterior_variance.pt
         232054 100%   27.37MB/s   00:00:00 (xfer#73, to-check=85/1752)
synthetic_004763/
synthetic_004763/composite_mean.pt
         232026 100%   25.67MB/s   00:00:00 (xfer#74, to-check=87/1752)
synthetic_004763/metadata.json
           1799 100%   19.09MB/s   00:00:00 (xfer#75, to-check=88/1752)
synthetic_004763/posterior_mean.pt
         232026 100%    6.58MB/s   00:00:00 (xfer#76, to-check=89/1752)
synthetic_004763/posterior_samples.pt
        5799936  24%   10.02MB/s   00:00:01       11698176  47%   10.83MB/s   00:00:01       17465344  71%   10.91MB/s   00:00:00       22052864  89%    8.66MB/s   00:00:00       24657317 100%    9.59MB/s   00:00:02 (xfer#77, to-check=90/1752)
synthetic_004763/posterior_std.pt
         232019 100%  252.61MB/s   00:00:00 (xfer#78, to-check=91/1752)
synthetic_004763/posterior_variance.pt
         232054 100%  315.29MB/s   00:00:00 (xfer#79, to-check=92/1752)
synthetic_004764/
synthetic_004764/composite_mean.pt
         232026 100%    8.49MB/s   00:00:00 (xfer#80, to-check=94/1752)
synthetic_004764/metadata.json
           1799 100%   24.48MB/s   00:00:00 (xfer#81, to-check=95/1752)
synthetic_004764/posterior_mean.pt
         232026 100%   30.39MB/s   00:00:00 (xfer#82, to-check=96/1752)
synthetic_004764/posterior_samples.pt
        5210112  21%    9.81MB/s   00:00:01        9830400  40%    8.52MB/s   00:00:01       14024704  57%    7.75MB/s   00:00:01       18612224  75%    8.30MB/s   00:00:00       23592960  96%    9.34MB/s   00:00:00       24657317 100%    8.63MB/s   00:00:02 (xfer#83, to-check=97/1752)
synthetic_004764/posterior_std.pt
         232019 100%  235.37MB/s   00:00:00 (xfer#84, to-check=98/1752)
synthetic_004764/posterior_variance.pt
         232054 100%   60.06MB/s   00:00:00 (xfer#85, to-check=99/1752)
synthetic_004765/
synthetic_004765/composite_mean.pt
         232026 100%   56.66MB/s   00:00:00 (xfer#86, to-check=101/1752)
synthetic_004765/metadata.json
           1800 100%   30.64MB/s   00:00:00 (xfer#87, to-check=102/1752)
synthetic_004765/posterior_mean.pt
         232026 100%    6.66MB/s   00:00:00 (xfer#88, to-check=103/1752)
synthetic_004765/posterior_samples.pt
        4849664  20%    8.90MB/s   00:00:02        9961472  40%    9.70MB/s   00:00:01       15204352  62%    9.97MB/s   00:00:00       20185088  82%    9.50MB/s   00:00:00       24657317 100%    9.47MB/s   00:00:02 (xfer#89, to-check=104/1752)
synthetic_004765/posterior_std.pt
         232019 100%   46.62MB/s   00:00:00 (xfer#90, to-check=105/1752)
synthetic_004765/posterior_variance.pt
         232054 100%   48.46MB/s   00:00:00 (xfer#91, to-check=106/1752)
synthetic_004766/
synthetic_004766/composite_mean.pt
         232026 100%    7.02MB/s   00:00:00 (xfer#92, to-check=108/1752)
synthetic_004766/metadata.json
           1800 100%   23.53MB/s   00:00:00 (xfer#93, to-check=109/1752)
synthetic_004766/posterior_mean.pt
         232026 100%   26.71MB/s   00:00:00 (xfer#94, to-check=110/1752)
synthetic_004766/posterior_samples.pt
        5144576  21%    9.76MB/s   00:00:01        8585216  35%    6.53MB/s   00:00:02       12910592  52%    7.91MB/s   00:00:01       17104896  69%    7.98MB/s   00:00:00       21561344  87%    8.50MB/s   00:00:00       24657317 100%    8.18MB/s   00:00:02 (xfer#95, to-check=111/1752)
synthetic_004766/posterior_std.pt
         232019 100%  248.02MB/s   00:00:00 (xfer#96, to-check=112/1752)
synthetic_004766/posterior_variance.pt
         232054 100%   14.48MB/s   00:00:00 (xfer#97, to-check=113/1752)
synthetic_004767/
synthetic_004767/composite_mean.pt
         232026 100%    6.90MB/s   00:00:00 (xfer#98, to-check=115/1752)
synthetic_004767/metadata.json
           1798 100%   24.13MB/s   00:00:00 (xfer#99, to-check=116/1752)
synthetic_004767/posterior_mean.pt
         232026 100%    5.58MB/s   00:00:00 (xfer#100, to-check=117/1752)
synthetic_004767/posterior_samples.pt
        5111808  21%    9.68MB/s   00:00:01       10223616  41%    9.69MB/s   00:00:01       15204352  62%    8.90MB/s   00:00:01       19529728  79%    7.81MB/s   00:00:00       23724032  96%    7.67MB/s   00:00:00       24657317 100%    8.60MB/s   00:00:02 (xfer#101, to-check=118/1752)
synthetic_004767/posterior_std.pt
         232019 100%  236.45MB/s   00:00:00 (xfer#102, to-check=119/1752)
synthetic_004767/posterior_variance.pt
         232054 100%   13.99MB/s   00:00:00 (xfer#103, to-check=120/1752)
synthetic_004768/
synthetic_004768/composite_mean.pt
         232026 100%   31.01MB/s   00:00:00 (xfer#104, to-check=122/1752)
synthetic_004768/metadata.json
           1798 100%   27.24MB/s   00:00:00 (xfer#105, to-check=123/1752)
synthetic_004768/posterior_mean.pt
         232026 100%    5.22MB/s   00:00:00 (xfer#106, to-check=124/1752)
synthetic_004768/posterior_samples.pt
        4554752  18%    8.63MB/s   00:00:02        9666560  39%    9.72MB/s   00:00:01       15171584  62%   10.34MB/s   00:00:00       19890176  81%    8.77MB/s   00:00:00       24657317 100%    9.41MB/s   00:00:02 (xfer#107, to-check=125/1752)
synthetic_004768/posterior_std.pt
         232019 100%  250.02MB/s   00:00:00 (xfer#108, to-check=126/1752)
synthetic_004768/posterior_variance.pt
         232054 100%  177.89MB/s   00:00:00 (xfer#109, to-check=127/1752)
synthetic_004769/
synthetic_004769/composite_mean.pt
         232026 100%    3.36MB/s   00:00:00 (xfer#110, to-check=129/1752)
synthetic_004769/metadata.json
           1799 100%   14.66MB/s   00:00:00 (xfer#111, to-check=130/1752)
synthetic_004769/posterior_mean.pt
         232026 100%   52.81MB/s   00:00:00 (xfer#112, to-check=131/1752)
synthetic_004769/posterior_samples.pt
        5144576  21%    9.31MB/s   00:00:01       10125312  41%    9.28MB/s   00:00:01       15237120  62%    8.74MB/s   00:00:01       21004288  85%   10.56MB/s   00:00:00       24657317 100%    9.52MB/s   00:00:02 (xfer#113, to-check=132/1752)
synthetic_004769/posterior_std.pt
         232019 100%  249.48MB/s   00:00:00 (xfer#114, to-check=133/1752)
synthetic_004769/posterior_variance.pt
         232054 100%  312.11MB/s   00:00:00 (xfer#115, to-check=134/1752)
synthetic_004770/
synthetic_004770/composite_mean.pt
         232026 100%   37.98MB/s   00:00:00 (xfer#116, to-check=136/1752)
synthetic_004770/metadata.json
           1800 100%   26.77MB/s   00:00:00 (xfer#117, to-check=137/1752)
synthetic_004770/posterior_mean.pt
         232026 100%    6.65MB/s   00:00:00 (xfer#118, to-check=138/1752)
synthetic_004770/posterior_samples.pt
        5996544  24%   10.69MB/s   00:00:01       12156928  49%   11.68MB/s   00:00:01       18317312  74%   11.72MB/s   00:00:00       22183936  90%    7.24MB/s   00:00:00       24657317 100%   10.09MB/s   00:00:02 (xfer#119, to-check=139/1752)
synthetic_004770/posterior_std.pt
         232019 100%  267.23MB/s   00:00:00 (xfer#120, to-check=140/1752)
synthetic_004770/posterior_variance.pt
         232054 100%   11.76MB/s   00:00:00 (xfer#121, to-check=141/1752)
synthetic_004771/
synthetic_004771/composite_mean.pt
         232026 100%   16.31MB/s   00:00:00 (xfer#122, to-check=143/1752)
synthetic_004771/metadata.json
           1798 100%   21.22MB/s   00:00:00 (xfer#123, to-check=144/1752)
synthetic_004771/posterior_mean.pt
         232026 100%    7.02MB/s   00:00:00 (xfer#124, to-check=145/1752)
synthetic_004771/posterior_samples.pt
        5341184  22%   10.09MB/s   00:00:01       10715136  43%   10.21MB/s   00:00:01       16220160  66%   10.29MB/s   00:00:00       21725184  88%   10.16MB/s   00:00:00       24657317 100%   10.21MB/s   00:00:02 (xfer#125, to-check=146/1752)
synthetic_004771/posterior_std.pt
         232019 100%  256.37MB/s   00:00:00 (xfer#126, to-check=147/1752)
synthetic_004771/posterior_variance.pt
         232054 100%   95.72MB/s   00:00:00 (xfer#127, to-check=148/1752)
synthetic_004772/
synthetic_004772/composite_mean.pt
         232026 100%    6.82MB/s   00:00:00 (xfer#128, to-check=150/1752)
synthetic_004772/metadata.json
           1798 100%   23.81MB/s   00:00:00 (xfer#129, to-check=151/1752)
synthetic_004772/posterior_mean.pt
         232026 100%    9.74MB/s   00:00:00 (xfer#130, to-check=152/1752)
synthetic_004772/posterior_samples.pt
        5832704  24%   10.84MB/s   00:00:01       11337728  46%   10.47MB/s   00:00:01       17235968  70%   11.03MB/s   00:00:00       23527424  95%   11.98MB/s   00:00:00       24657317 100%   10.94MB/s   00:00:02 (xfer#131, to-check=153/1752)
synthetic_004772/posterior_std.pt
         232019 100%  254.34MB/s   00:00:00 (xfer#132, to-check=154/1752)
synthetic_004772/posterior_variance.pt
         232054 100%   31.02MB/s   00:00:00 (xfer#133, to-check=155/1752)
synthetic_004773/
synthetic_004773/composite_mean.pt
         232026 100%   21.73MB/s   00:00:00 (xfer#134, to-check=157/1752)
synthetic_004773/metadata.json
           1798 100%   27.66MB/s   00:00:00 (xfer#135, to-check=158/1752)
synthetic_004773/posterior_mean.pt
         232026 100%   30.60MB/s   00:00:00 (xfer#136, to-check=159/1752)
synthetic_004773/posterior_samples.pt
        5865472  24%   11.10MB/s   00:00:01       12288000  50%   12.19MB/s   00:00:00       18579456  75%   11.94MB/s   00:00:00       24657317 100%   11.83MB/s   00:00:01 (xfer#137, to-check=160/1752)
synthetic_004773/posterior_std.pt
         232019 100%  240.25MB/s   00:00:00 (xfer#138, to-check=161/1752)
synthetic_004773/posterior_variance.pt
         232054 100%   23.99MB/s   00:00:00 (xfer#139, to-check=162/1752)
synthetic_004774/
synthetic_004774/composite_mean.pt
         232026 100%   55.14MB/s   00:00:00 (xfer#140, to-check=164/1752)
synthetic_004774/metadata.json
           1800 100%   24.83MB/s   00:00:00 (xfer#141, to-check=165/1752)
synthetic_004774/posterior_mean.pt
         232026 100%    5.39MB/s   00:00:00 (xfer#142, to-check=166/1752)
synthetic_004774/posterior_samples.pt
        6062080  25%   11.08MB/s   00:00:01       12058624  49%   11.33MB/s   00:00:01       18743296  76%   12.08MB/s   00:00:00       24657317 100%   11.61MB/s   00:00:02 (xfer#143, to-check=167/1752)
synthetic_004774/posterior_std.pt
         232019 100%  254.34MB/s   00:00:00 (xfer#144, to-check=168/1752)
synthetic_004774/posterior_variance.pt
         232054 100%  295.52MB/s   00:00:00 (xfer#145, to-check=169/1752)
synthetic_004775/
synthetic_004775/composite_mean.pt
         232026 100%   39.66MB/s   00:00:00 (xfer#146, to-check=171/1752)
synthetic_004775/metadata.json
           1799 100%   26.46MB/s   00:00:00 (xfer#147, to-check=172/1752)
synthetic_004775/posterior_mean.pt
         232026 100%    8.24MB/s   00:00:00 (xfer#148, to-check=173/1752)
synthetic_004775/posterior_samples.pt
        5668864  23%   10.58MB/s   00:00:01       12615680  51%   13.09MB/s   00:00:00       19136512  78%   12.42MB/s   00:00:00       24657317 100%   11.70MB/s   00:00:02 (xfer#149, to-check=174/1752)
synthetic_004775/posterior_std.pt
         232019 100%  258.16MB/s   00:00:00 (xfer#150, to-check=175/1752)
synthetic_004775/posterior_variance.pt
         232054 100%  273.57MB/s   00:00:00 (xfer#151, to-check=176/1752)
synthetic_004776/
synthetic_004776/composite_mean.pt
         232026 100%   86.44MB/s   00:00:00 (xfer#152, to-check=178/1752)
synthetic_004776/metadata.json
           1798 100%   27.66MB/s   00:00:00 (xfer#153, to-check=179/1752)
synthetic_004776/posterior_mean.pt
         232026 100%   13.26MB/s   00:00:00 (xfer#154, to-check=180/1752)
synthetic_004776/posterior_samples.pt
        6488064  26%   11.77MB/s   00:00:01       13565952  55%   12.05MB/s   00:00:00       19988480  81%   11.93MB/s   00:00:00       24657317 100%   12.04MB/s   00:00:01 (xfer#155, to-check=181/1752)
synthetic_004776/posterior_std.pt
         232019 100%  243.46MB/s   00:00:00 (xfer#156, to-check=182/1752)
synthetic_004776/posterior_variance.pt
         232054 100%  310.44MB/s   00:00:00 (xfer#157, to-check=183/1752)
synthetic_004777/
synthetic_004777/composite_mean.pt
         232026 100%   20.68MB/s   00:00:00 (xfer#158, to-check=185/1752)
synthetic_004777/metadata.json
           1798 100%   26.74MB/s   00:00:00 (xfer#159, to-check=186/1752)
synthetic_004777/posterior_mean.pt
         232026 100%   12.26MB/s   00:00:00 (xfer#160, to-check=187/1752)
synthetic_004777/posterior_samples.pt
        5439488  22%    9.95MB/s   00:00:01       11599872  47%   11.58MB/s   00:00:01       17629184  71%   11.35MB/s   00:00:00       24313856  99%   12.62MB/s   00:00:00       24657317 100%   11.15MB/s   00:00:02 (xfer#161, to-check=188/1752)
synthetic_004777/posterior_std.pt
         232019 100%  239.19MB/s   00:00:00 (xfer#162, to-check=189/1752)
synthetic_004777/posterior_variance.pt
         232054 100%  304.83MB/s   00:00:00 (xfer#163, to-check=190/1752)
synthetic_004778/
synthetic_004778/composite_mean.pt
         232026 100%  284.08MB/s   00:00:00 (xfer#164, to-check=192/1752)
synthetic_004778/metadata.json
           1798 100%   26.84MB/s   00:00:00 (xfer#165, to-check=193/1752)
synthetic_004778/posterior_mean.pt
         232026 100%    9.77MB/s   00:00:00 (xfer#166, to-check=194/1752)
synthetic_004778/posterior_samples.pt
        6881280  28%   12.86MB/s   00:00:01       13565952  55%   12.55MB/s   00:00:00       19791872  80%   11.65MB/s   00:00:00       24657317 100%   11.55MB/s   00:00:02 (xfer#167, to-check=195/1752)
synthetic_004778/posterior_std.pt
         232019 100%  235.91MB/s   00:00:00 (xfer#168, to-check=196/1752)
synthetic_004778/posterior_variance.pt
         232054 100%   33.02MB/s   00:00:00 (xfer#169, to-check=197/1752)
synthetic_004779/
synthetic_004779/composite_mean.pt
         232026 100%   13.85MB/s   00:00:00 (xfer#170, to-check=199/1752)
synthetic_004779/metadata.json
           1798 100%   19.28MB/s   00:00:00 (xfer#171, to-check=200/1752)
synthetic_004779/posterior_mean.pt
         232026 100%    8.41MB/s   00:00:00 (xfer#172, to-check=201/1752)
synthetic_004779/posterior_samples.pt
        5701632  23%   10.67MB/s   00:00:01       10944512  44%    9.75MB/s   00:00:01       17235968  70%   11.70MB/s   00:00:00       23691264  96%   12.05MB/s   00:00:00       24657317 100%   11.00MB/s   00:00:02 (xfer#173, to-check=202/1752)
synthetic_004779/posterior_std.pt
         232019 100%  244.23MB/s   00:00:00 (xfer#174, to-check=203/1752)
synthetic_004779/posterior_variance.pt
         232054 100%   37.31MB/s   00:00:00 (xfer#175, to-check=204/1752)
synthetic_004780/
synthetic_004780/composite_mean.pt
         232026 100%    8.04MB/s   00:00:00 (xfer#176, to-check=206/1752)
synthetic_004780/metadata.json
           1798 100%   26.84MB/s   00:00:00 (xfer#177, to-check=207/1752)
synthetic_004780/posterior_mean.pt
         232026 100%   76.99MB/s   00:00:00 (xfer#178, to-check=208/1752)
synthetic_004780/posterior_samples.pt
        6029312  24%   11.47MB/s   00:00:01       12451840  50%   12.00MB/s   00:00:00       19267584  78%   12.94MB/s   00:00:00       24641536 100%    9.85MB/s   00:00:00       24657317 100%   11.34MB/s   00:00:02 (xfer#179, to-check=209/1752)
synthetic_004780/posterior_std.pt
         232019 100%   23.22MB/s   00:00:00 (xfer#180, to-check=210/1752)
synthetic_004780/posterior_variance.pt
         232054 100%    7.44MB/s   00:00:00 (xfer#181, to-check=211/1752)
synthetic_004781/
synthetic_004781/composite_mean.pt
         232026 100%   12.00MB/s   00:00:00 (xfer#182, to-check=213/1752)
synthetic_004781/metadata.json
           1797 100%   16.01MB/s   00:00:00 (xfer#183, to-check=214/1752)
synthetic_004781/posterior_mean.pt
         232026 100%   10.48MB/s   00:00:00 (xfer#184, to-check=215/1752)
synthetic_004781/posterior_samples.pt
        4325376  18%    8.01MB/s   00:00:02        8781824  36%    8.06MB/s   00:00:01       13762560  56%    9.36MB/s   00:00:01       18743296  76%    9.45MB/s   00:00:00       24117248  98%    9.87MB/s   00:00:00       24657317 100%    8.87MB/s   00:00:02 (xfer#185, to-check=216/1752)
synthetic_004781/posterior_std.pt
         232019 100%  254.97MB/s   00:00:00 (xfer#186, to-check=217/1752)
synthetic_004781/posterior_variance.pt
         232054 100%   20.74MB/s   00:00:00 (xfer#187, to-check=218/1752)
synthetic_004782/
synthetic_004782/composite_mean.pt
         232026 100%   42.29MB/s   00:00:00 (xfer#188, to-check=220/1752)
synthetic_004782/metadata.json
           1798 100%   25.96MB/s   00:00:00 (xfer#189, to-check=221/1752)
synthetic_004782/posterior_mean.pt
         232026 100%    5.10MB/s   00:00:00 (xfer#190, to-check=222/1752)
synthetic_004782/posterior_samples.pt
        5079040  21%    9.66MB/s   00:00:01       10452992  42%   10.23MB/s   00:00:01       15826944  64%   10.05MB/s   00:00:00       21331968  87%   10.44MB/s   00:00:00       24657317 100%    9.90MB/s   00:00:02 (xfer#191, to-check=223/1752)
synthetic_004782/posterior_std.pt
         232019 100%  254.27MB/s   00:00:00 (xfer#192, to-check=224/1752)
synthetic_004782/posterior_variance.pt
         232054 100%   51.01MB/s   00:00:00 (xfer#193, to-check=225/1752)
synthetic_004783/
synthetic_004783/composite_mean.pt
         232026 100%   19.47MB/s   00:00:00 (xfer#194, to-check=227/1752)
synthetic_004783/metadata.json
           1798 100%   24.80MB/s   00:00:00 (xfer#195, to-check=228/1752)
synthetic_004783/posterior_mean.pt
         232026 100%   10.54MB/s   00:00:00 (xfer#196, to-check=229/1752)
synthetic_004783/posterior_samples.pt
        5505024  22%   10.35MB/s   00:00:01       11665408  47%   11.37MB/s   00:00:01       15990784  65%    8.25MB/s   00:00:01       20578304  83%    8.15MB/s   00:00:00       24657317 100%    9.35MB/s   00:00:02 (xfer#197, to-check=230/1752)
synthetic_004783/posterior_std.pt
         232019 100%  248.61MB/s   00:00:00 (xfer#198, to-check=231/1752)
synthetic_004783/posterior_variance.pt
         232054 100%   31.44MB/s   00:00:00 (xfer#199, to-check=232/1752)
synthetic_004784/
synthetic_004784/composite_mean.pt
         232026 100%   26.82MB/s   00:00:00 (xfer#200, to-check=234/1752)
synthetic_004784/metadata.json
           1796 100%   19.01MB/s   00:00:00 (xfer#201, to-check=235/1752)
synthetic_004784/posterior_mean.pt
         232026 100%    6.66MB/s   00:00:00 (xfer#202, to-check=236/1752)
synthetic_004784/posterior_samples.pt
        4030464  16%    7.25MB/s   00:00:02        8093696  33%    7.66MB/s   00:00:02       12419072  50%    8.21MB/s   00:00:01       16613376  67%    7.98MB/s   00:00:00       20938752  85%    8.20MB/s   00:00:00       24657317 100%    7.69MB/s   00:00:03 (xfer#203, to-check=237/1752)
synthetic_004784/posterior_std.pt
         232019 100%  254.06MB/s   00:00:00 (xfer#204, to-check=238/1752)
synthetic_004784/posterior_variance.pt
         232054 100%   11.70MB/s   00:00:00 (xfer#205, to-check=239/1752)
synthetic_004785/
synthetic_004785/composite_mean.pt
         232026 100%    6.13MB/s   00:00:00 (xfer#206, to-check=241/1752)
synthetic_004785/metadata.json
           1797 100%   19.69MB/s   00:00:00 (xfer#207, to-check=242/1752)
synthetic_004785/posterior_mean.pt
         232026 100%   39.02MB/s   00:00:00 (xfer#208, to-check=243/1752)
synthetic_004785/posterior_samples.pt
        4587520  19%    8.54MB/s   00:00:02        9043968  37%    8.39MB/s   00:00:01       13762560  56%    8.59MB/s   00:00:01       17825792  72%    7.70MB/s   00:00:00       21889024  89%    7.70MB/s   00:00:00       24346624  99%    4.58MB/s   00:00:00       24657317 100%    7.46MB/s   00:00:03 (xfer#209, to-check=244/1752)
synthetic_004785/posterior_std.pt
         232019 100%  123.55MB/s   00:00:00 (xfer#210, to-check=245/1752)
synthetic_004785/posterior_variance.pt
         232054 100%    3.30MB/s   00:00:00 (xfer#211, to-check=246/1752)
synthetic_004786/
synthetic_004786/composite_mean.pt
         232026 100%    4.41MB/s   00:00:00 (xfer#212, to-check=248/1752)
synthetic_004786/metadata.json
           1797 100%    6.34MB/s   00:00:00 (xfer#213, to-check=249/1752)
synthetic_004786/posterior_mean.pt
         232026 100%    4.65MB/s   00:00:00 (xfer#214, to-check=250/1752)
synthetic_004786/posterior_samples.pt
        1769472   7%    3.35MB/s   00:00:06        3866624  16%    3.57MB/s   00:00:05        5963776  24%    3.78MB/s   00:00:04        8323072  34%    4.26MB/s   00:00:03       10682368  43%    4.37MB/s   00:00:03       13303808  54%    4.94MB/s   00:00:02       16056320  65%    5.22MB/s   00:00:01       18415616  75%    4.37MB/s   00:00:01       21168128  86%    5.18MB/s   00:00:00       24444928  99%    5.86MB/s   00:00:00       24657317 100%    4.46MB/s   00:00:05 (xfer#215, to-check=251/1752)
synthetic_004786/posterior_std.pt
         232019 100%  239.19MB/s   00:00:00 (xfer#216, to-check=252/1752)
synthetic_004786/posterior_variance.pt
         232054 100%   79.95MB/s   00:00:00 (xfer#217, to-check=253/1752)
synthetic_004787/
synthetic_004787/composite_mean.pt
         232026 100%    5.84MB/s   00:00:00 (xfer#218, to-check=255/1752)
synthetic_004787/metadata.json
           1799 100%   22.56MB/s   00:00:00 (xfer#219, to-check=256/1752)
synthetic_004787/posterior_mean.pt
         232026 100%    5.36MB/s   00:00:00 (xfer#220, to-check=257/1752)
synthetic_004787/posterior_samples.pt
        3670016  15%    6.78MB/s   00:00:02        7208960  29%    6.09MB/s   00:00:02       10747904  44%    6.69MB/s   00:00:01       14286848  58%    6.64MB/s   00:00:01       18481152  75%    7.67MB/s   00:00:00       22544384  91%    7.51MB/s   00:00:00       24657317 100%    6.94MB/s   00:00:03 (xfer#221, to-check=258/1752)
synthetic_004787/posterior_std.pt
         232019 100%  223.04MB/s   00:00:00 (xfer#222, to-check=259/1752)
synthetic_004787/posterior_variance.pt
         232054 100%    8.05MB/s   00:00:00 (xfer#223, to-check=260/1752)
synthetic_004788/
synthetic_004788/composite_mean.pt
         232026 100%   28.22MB/s   00:00:00 (xfer#224, to-check=262/1752)
synthetic_004788/metadata.json
           1796 100%   26.81MB/s   00:00:00 (xfer#225, to-check=263/1752)
synthetic_004788/posterior_mean.pt
         232026 100%    6.70MB/s   00:00:00 (xfer#226, to-check=264/1752)
synthetic_004788/posterior_samples.pt
        4423680  18%    7.79MB/s   00:00:02        8093696  33%    6.39MB/s   00:00:02       12681216  51%    8.72MB/s   00:00:01       17661952  72%    8.70MB/s   00:00:00       23166976  94%   10.33MB/s   00:00:00       24657317 100%    8.32MB/s   00:00:02 (xfer#227, to-check=265/1752)
synthetic_004788/posterior_std.pt
         232019 100%   39.14MB/s   00:00:00 (xfer#228, to-check=266/1752)
synthetic_004788/posterior_variance.pt
         232054 100%   23.81MB/s   00:00:00 (xfer#229, to-check=267/1752)
synthetic_004789/
synthetic_004789/composite_mean.pt
         232026 100%    5.43MB/s   00:00:00 (xfer#230, to-check=269/1752)
synthetic_004789/metadata.json
           1797 100%   16.45MB/s   00:00:00 (xfer#231, to-check=270/1752)
synthetic_004789/posterior_mean.pt
         232026 100%   45.46MB/s   00:00:00 (xfer#232, to-check=271/1752)
synthetic_004789/posterior_samples.pt
        5472256  22%   10.03MB/s   00:00:01       11501568  47%   11.38MB/s   00:00:01       18448384  75%   12.64MB/s   00:00:00       24657317 100%   11.59MB/s   00:00:02 (xfer#233, to-check=272/1752)
synthetic_004789/posterior_std.pt
         232019 100%  264.41MB/s   00:00:00 (xfer#234, to-check=273/1752)
synthetic_004789/posterior_variance.pt
         232054 100%  322.52MB/s   00:00:00 (xfer#235, to-check=274/1752)
synthetic_004790/
synthetic_004790/composite_mean.pt
         232026 100%   16.34MB/s   00:00:00 (xfer#236, to-check=276/1752)
synthetic_004790/metadata.json
           1798 100%   27.24MB/s   00:00:00 (xfer#237, to-check=277/1752)
synthetic_004790/posterior_mean.pt
         232026 100%   13.94MB/s   00:00:00 (xfer#238, to-check=278/1752)
synthetic_004790/posterior_samples.pt
        2850816  12%    5.42MB/s   00:00:03        6389760  26%    6.72MB/s   00:00:02       11239424  46%    8.87MB/s   00:00:01       16089088  65%    8.88MB/s   00:00:00       20938752  85%    8.95MB/s   00:00:00       24657317 100%    7.86MB/s   00:00:02 (xfer#239, to-check=279/1752)
synthetic_004790/posterior_std.pt
         232019 100%  240.25MB/s   00:00:00 (xfer#240, to-check=280/1752)
synthetic_004790/posterior_variance.pt
         232054 100%   39.50MB/s   00:00:00 (xfer#241, to-check=281/1752)
synthetic_004791/
synthetic_004791/composite_mean.pt
         232026 100%    6.07MB/s   00:00:00 (xfer#242, to-check=283/1752)
synthetic_004791/metadata.json
           1798 100%   23.50MB/s   00:00:00 (xfer#243, to-check=284/1752)
synthetic_004791/posterior_mean.pt
         232026 100%  124.33MB/s   00:00:00 (xfer#244, to-check=285/1752)
synthetic_004791/posterior_samples.pt
        3964928  16%    7.29MB/s   00:00:02        9076736  37%    9.63MB/s   00:00:01       13664256  55%    8.67MB/s   00:00:01       18120704  73%    8.45MB/s   00:00:00       23232512  94%    9.55MB/s   00:00:00       24657317 100%    8.54MB/s   00:00:02 (xfer#245, to-check=286/1752)
synthetic_004791/posterior_std.pt
         232019 100%  261.87MB/s   00:00:00 (xfer#246, to-check=287/1752)
synthetic_004791/posterior_variance.pt
         232054 100%   58.59MB/s   00:00:00 (xfer#247, to-check=288/1752)
synthetic_004792/
synthetic_004792/composite_mean.pt
         232026 100%   11.31MB/s   00:00:00 (xfer#248, to-check=290/1752)
synthetic_004792/metadata.json
           1798 100%   26.84MB/s   00:00:00 (xfer#249, to-check=291/1752)
synthetic_004792/posterior_mean.pt
         232026 100%    3.98MB/s   00:00:00 (xfer#250, to-check=292/1752)
synthetic_004792/posterior_samples.pt
        5275648  21%    9.81MB/s   00:00:01       11173888  45%   11.12MB/s   00:00:01       16941056  69%   10.39MB/s   00:00:00       22970368  93%   11.38MB/s   00:00:00       24657317 100%   10.45MB/s   00:00:02 (xfer#251, to-check=293/1752)
synthetic_004792/posterior_std.pt
         232019 100%  255.25MB/s   00:00:00 (xfer#252, to-check=294/1752)
synthetic_004792/posterior_variance.pt
         232054 100%   12.90MB/s   00:00:00 (xfer#253, to-check=295/1752)
synthetic_004793/
synthetic_004793/composite_mean.pt
         232026 100%   18.98MB/s   00:00:00 (xfer#254, to-check=297/1752)
synthetic_004793/metadata.json
           1798 100%   29.00MB/s   00:00:00 (xfer#255, to-check=298/1752)
synthetic_004793/posterior_mean.pt
         232026 100%    7.88MB/s   00:00:00 (xfer#256, to-check=299/1752)
synthetic_004793/posterior_samples.pt
        5242880  21%    9.99MB/s   00:00:01       11141120  45%   11.19MB/s   00:00:01       17956864  73%   12.76MB/s   00:00:00       24657317 100%   11.49MB/s   00:00:02 (xfer#257, to-check=300/1752)
synthetic_004793/posterior_std.pt
         232019 100%  248.08MB/s   00:00:00 (xfer#258, to-check=301/1752)
synthetic_004793/posterior_variance.pt
         232054 100%  318.86MB/s   00:00:00 (xfer#259, to-check=302/1752)
synthetic_004794/
synthetic_004794/composite_mean.pt
         232026 100%   48.06MB/s   00:00:00 (xfer#260, to-check=304/1752)
synthetic_004794/metadata.json
           1797 100%   28.52MB/s   00:00:00 (xfer#261, to-check=305/1752)
synthetic_004794/posterior_mean.pt
         232026 100%   30.43MB/s   00:00:00 (xfer#262, to-check=306/1752)
synthetic_004794/posterior_samples.pt
        6717440  27%   12.56MB/s   00:00:01       12877824  52%   11.54MB/s   00:00:00       19169280  78%   11.99MB/s   00:00:00       24657317 100%   11.66MB/s   00:00:02 (xfer#263, to-check=307/1752)
synthetic_004794/posterior_std.pt
         232019 100%  251.72MB/s   00:00:00 (xfer#264, to-check=308/1752)
synthetic_004794/posterior_variance.pt
         232054 100%    5.51MB/s   00:00:00 (xfer#265, to-check=309/1752)
synthetic_004795/
synthetic_004795/composite_mean.pt
         232026 100%   26.49MB/s   00:00:00 (xfer#266, to-check=311/1752)
synthetic_004795/metadata.json
           1798 100%   25.96MB/s   00:00:00 (xfer#267, to-check=312/1752)
synthetic_004795/posterior_mean.pt
         232026 100%    7.74MB/s   00:00:00 (xfer#268, to-check=313/1752)
synthetic_004795/posterior_samples.pt
        5537792  22%   10.56MB/s   00:00:01       10387456  42%    9.02MB/s   00:00:01       16285696  66%   11.10MB/s   00:00:00       22446080  91%   11.45MB/s   00:00:00       24657317 100%   10.46MB/s   00:00:02 (xfer#269, to-check=314/1752)
synthetic_004795/posterior_std.pt
         232019 100%  238.64MB/s   00:00:00 (xfer#270, to-check=315/1752)
synthetic_004795/posterior_variance.pt
         232054 100%  306.95MB/s   00:00:00 (xfer#271, to-check=316/1752)
synthetic_004796/
synthetic_004796/composite_mean.pt
         232026 100%   17.40MB/s   00:00:00 (xfer#272, to-check=318/1752)
synthetic_004796/metadata.json
           1796 100%   28.97MB/s   00:00:00 (xfer#273, to-check=319/1752)
synthetic_004796/posterior_mean.pt
         232026 100%   90.87MB/s   00:00:00 (xfer#274, to-check=320/1752)
synthetic_004796/posterior_samples.pt
        6520832  26%   12.32MB/s   00:00:01       11436032  46%    9.37MB/s   00:00:01       13926400  56%    4.60MB/s   00:00:02       16678912  68%    5.19MB/s   00:00:01       19169280  78%    4.70MB/s   00:00:01       21397504  87%    4.24MB/s   00:00:00       23199744  94%    3.38MB/s   00:00:00       24657317 100%    6.03MB/s   00:00:03 (xfer#275, to-check=321/1752)
synthetic_004796/posterior_std.pt
         232019 100%   15.50MB/s   00:00:00 (xfer#276, to-check=322/1752)
synthetic_004796/posterior_variance.pt
         232054 100%    4.38MB/s   00:00:00 (xfer#277, to-check=323/1752)
synthetic_004797/
synthetic_004797/composite_mean.pt
         232026 100%    5.47MB/s   00:00:00 (xfer#278, to-check=325/1752)
synthetic_004797/metadata.json
           1798 100%    6.64MB/s   00:00:00 (xfer#279, to-check=326/1752)
synthetic_004797/posterior_mean.pt
         232026 100%    2.83MB/s   00:00:00 (xfer#280, to-check=327/1752)
synthetic_004797/posterior_samples.pt
        2359296  10%    4.46MB/s   00:00:04        4849664  20%    4.58MB/s   00:00:04        7602176  31%    4.90MB/s   00:00:03       10485760  43%    5.19MB/s   00:00:02       13500416  55%    5.73MB/s   00:00:01       15761408  64%    4.19MB/s   00:00:02       18251776  74%    4.66MB/s   00:00:01       20086784  81%    3.40MB/s   00:00:01       22118400  90%    3.81MB/s   00:00:00       24346624  99%    4.09MB/s   00:00:00       24657317 100%    4.49MB/s   00:00:05 (xfer#281, to-check=328/1752)
synthetic_004797/posterior_std.pt
         232019 100%   10.09MB/s   00:00:00 (xfer#282, to-check=329/1752)
synthetic_004797/posterior_variance.pt
         232054 100%    4.22MB/s   00:00:00 (xfer#283, to-check=330/1752)
synthetic_004798/
synthetic_004798/composite_mean.pt
         232026 100%    5.79MB/s   00:00:00 (xfer#284, to-check=332/1752)
synthetic_004798/metadata.json
           1797 100%  688.99KB/s   00:00:00 (xfer#285, to-check=333/1752)
synthetic_004798/posterior_mean.pt
         232026 100%    5.41MB/s   00:00:00 (xfer#286, to-check=334/1752)
synthetic_004798/posterior_samples.pt
        2162688   9%    3.97MB/s   00:00:05        4521984  18%    4.14MB/s   00:00:04        7274496  30%    4.92MB/s   00:00:03       10027008  41%    5.14MB/s   00:00:02       13172736  53%    5.80MB/s   00:00:01       16187392  66%    5.51MB/s   00:00:01       19070976  77%    5.47MB/s   00:00:00       22216704  90%    5.76MB/s   00:00:00       24657317 100%    5.10MB/s   00:00:04 (xfer#287, to-check=335/1752)
synthetic_004798/posterior_std.pt
         232019 100%  250.29MB/s   00:00:00 (xfer#288, to-check=336/1752)
synthetic_004798/posterior_variance.pt
         232054 100%   21.92MB/s   00:00:00 (xfer#289, to-check=337/1752)
synthetic_004799/
synthetic_004799/composite_mean.pt
         232026 100%    5.24MB/s   00:00:00 (xfer#290, to-check=339/1752)
synthetic_004799/metadata.json
           1798 100%   21.99MB/s   00:00:00 (xfer#291, to-check=340/1752)
synthetic_004799/posterior_mean.pt
         232026 100%    5.69MB/s   00:00:00 (xfer#292, to-check=341/1752)
synthetic_004799/posterior_samples.pt
        3964928  16%    7.39MB/s   00:00:02        7766016  31%    7.14MB/s   00:00:02       11960320  49%    7.87MB/s   00:00:01       16416768  67%    8.13MB/s   00:00:00       20873216  85%    8.28MB/s   00:00:00       24657317 100%    7.87MB/s   00:00:02 (xfer#293, to-check=342/1752)
synthetic_004799/posterior_std.pt
         232019 100%  227.86MB/s   00:00:00 (xfer#294, to-check=343/1752)
synthetic_004799/posterior_variance.pt
         232054 100%   23.71MB/s   00:00:00 (xfer#295, to-check=344/1752)
synthetic_004800/
synthetic_004800/composite_mean.pt
         232026 100%    6.12MB/s   00:00:00 (xfer#296, to-check=346/1752)
synthetic_004800/metadata.json
           1797 100%   17.16MB/s   00:00:00 (xfer#297, to-check=347/1752)
synthetic_004800/posterior_mean.pt
         232026 100%   34.69MB/s   00:00:00 (xfer#298, to-check=348/1752)
synthetic_004800/posterior_samples.pt
        3964928  16%    7.42MB/s   00:00:02        7602176  31%    6.75MB/s   00:00:02        9797632  40%    3.97MB/s   00:00:03       12288000  50%    4.64MB/s   00:00:02       15302656  62%    5.70MB/s   00:00:01       17924096  73%    4.81MB/s   00:00:01       21200896  86%    5.99MB/s   00:00:00       24477696  99%    6.15MB/s   00:00:00       24657317 100%    5.66MB/s   00:00:04 (xfer#299, to-check=349/1752)
synthetic_004800/posterior_std.pt
         232019 100%   27.55MB/s   00:00:00 (xfer#300, to-check=350/1752)
synthetic_004800/posterior_variance.pt
         232054 100%    5.35MB/s   00:00:00 (xfer#301, to-check=351/1752)
synthetic_004801/
synthetic_004801/composite_mean.pt
         232026 100%    5.56MB/s   00:00:00 (xfer#302, to-check=353/1752)
synthetic_004801/metadata.json
           1796 100%   19.42MB/s   00:00:00 (xfer#303, to-check=354/1752)
synthetic_004801/posterior_mean.pt
         232026 100%    5.38MB/s   00:00:00 (xfer#304, to-check=355/1752)
synthetic_004801/posterior_samples.pt
        3506176  14%    6.36MB/s   00:00:03        7045120  29%    6.62MB/s   00:00:02       10977280  45%    7.31MB/s   00:00:01       14057472  57%    5.60MB/s   00:00:01       16941056  69%    5.12MB/s   00:00:01       19693568  80%    5.24MB/s   00:00:00       22970368  93%    5.91MB/s   00:00:00       24657317 100%    6.05MB/s   00:00:03 (xfer#305, to-check=356/1752)
synthetic_004801/posterior_std.pt
         232019 100%    8.55MB/s   00:00:00 (xfer#306, to-check=357/1752)
synthetic_004801/posterior_variance.pt
         232054 100%    5.89MB/s   00:00:00 (xfer#307, to-check=358/1752)
synthetic_004802/
synthetic_004802/composite_mean.pt
         232026 100%    5.32MB/s   00:00:00 (xfer#308, to-check=360/1752)
synthetic_004802/metadata.json
           1797 100%   18.62MB/s   00:00:00 (xfer#309, to-check=361/1752)
synthetic_004802/posterior_mean.pt
         232026 100%    3.89MB/s   00:00:00 (xfer#310, to-check=362/1752)
synthetic_004802/posterior_samples.pt
        3932160  16%    7.02MB/s   00:00:02        7700480  31%    6.97MB/s   00:00:02       11632640  47%    7.31MB/s   00:00:01       15826944  64%    7.89MB/s   00:00:01       19628032  80%    7.23MB/s   00:00:00       22773760  92%    5.79MB/s   00:00:00       24657317 100%    6.89MB/s   00:00:03 (xfer#311, to-check=363/1752)
synthetic_004802/posterior_std.pt
         232019 100%  234.66MB/s   00:00:00 (xfer#312, to-check=364/1752)
synthetic_004802/posterior_variance.pt
         232054 100%    8.24MB/s   00:00:00 (xfer#313, to-check=365/1752)
synthetic_004803/
synthetic_004803/composite_mean.pt
         232026 100%   12.24MB/s   00:00:00 (xfer#314, to-check=367/1752)
synthetic_004803/metadata.json
           1797 100%   22.53MB/s   00:00:00 (xfer#315, to-check=368/1752)
synthetic_004803/posterior_mean.pt
         232026 100%    6.79MB/s   00:00:00 (xfer#316, to-check=369/1752)
synthetic_004803/posterior_samples.pt
        3702784  15%    7.02MB/s   00:00:02        7241728  29%    6.67MB/s   00:00:02       11436032  46%    7.56MB/s   00:00:01       15597568  63%    7.88MB/s   00:00:01       20185088  82%    8.43MB/s   00:00:00       24657317 100%    7.62MB/s   00:00:03 (xfer#317, to-check=370/1752)
synthetic_004803/posterior_std.pt
         232019 100%  237.91MB/s   00:00:00 (xfer#318, to-check=371/1752)
synthetic_004803/posterior_variance.pt
         232054 100%  101.33MB/s   00:00:00 (xfer#319, to-check=372/1752)
synthetic_004804/
synthetic_004804/composite_mean.pt
         232026 100%    5.06MB/s   00:00:00 (xfer#320, to-check=374/1752)
synthetic_004804/metadata.json
           1798 100%   24.13MB/s   00:00:00 (xfer#321, to-check=375/1752)
synthetic_004804/posterior_mean.pt
         232026 100%   52.72MB/s   00:00:00 (xfer#322, to-check=376/1752)
synthetic_004804/posterior_samples.pt
        4456448  18%    8.33MB/s   00:00:02        9830400  40%   10.21MB/s   00:00:01       15073280  61%    9.84MB/s   00:00:00       20709376  84%   10.74MB/s   00:00:00       24657317 100%    9.70MB/s   00:00:02 (xfer#323, to-check=377/1752)
synthetic_004804/posterior_std.pt
         232019 100%  240.25MB/s   00:00:00 (xfer#324, to-check=378/1752)
synthetic_004804/posterior_variance.pt
         232054 100%   18.30MB/s   00:00:00 (xfer#325, to-check=379/1752)
synthetic_004805/
synthetic_004805/composite_mean.pt
         232026 100%   21.74MB/s   00:00:00 (xfer#326, to-check=381/1752)
synthetic_004805/metadata.json
           1797 100%   26.33MB/s   00:00:00 (xfer#327, to-check=382/1752)
synthetic_004805/posterior_mean.pt
         232026 100%    8.46MB/s   00:00:00 (xfer#328, to-check=383/1752)
synthetic_004805/posterior_samples.pt
        4882432  20%    8.69MB/s   00:00:02        9601024  39%    8.63MB/s   00:00:01       14843904  60%    9.91MB/s   00:00:00       21397504  87%   12.45MB/s   00:00:00       24657317 100%   10.03MB/s   00:00:02 (xfer#329, to-check=384/1752)
synthetic_004805/posterior_std.pt
         232019 100%  207.16MB/s   00:00:00 (xfer#330, to-check=385/1752)
synthetic_004805/posterior_variance.pt
         232054 100%  303.64MB/s   00:00:00 (xfer#331, to-check=386/1752)
synthetic_004806/
synthetic_004806/composite_mean.pt
         232026 100%   89.08MB/s   00:00:00 (xfer#332, to-check=388/1752)
synthetic_004806/metadata.json
           1798 100%   31.13MB/s   00:00:00 (xfer#333, to-check=389/1752)
synthetic_004806/posterior_mean.pt
         232026 100%    9.24MB/s   00:00:00 (xfer#334, to-check=390/1752)
synthetic_004806/posterior_samples.pt
        6717440  27%   12.76MB/s   00:00:01       13533184  55%   12.79MB/s   00:00:00       20217856  82%   12.63MB/s   00:00:00       24657317 100%   12.43MB/s   00:00:01 (xfer#335, to-check=391/1752)
synthetic_004806/posterior_std.pt
         232019 100%  260.92MB/s   00:00:00 (xfer#336, to-check=392/1752)
synthetic_004806/posterior_variance.pt
         232054 100%  325.46MB/s   00:00:00 (xfer#337, to-check=393/1752)
synthetic_004807/
synthetic_004807/composite_mean.pt
         232026 100%   11.38MB/s   00:00:00 (xfer#338, to-check=395/1752)
synthetic_004807/metadata.json
           1798 100%   18.44MB/s   00:00:00 (xfer#339, to-check=396/1752)
synthetic_004807/posterior_mean.pt
         232026 100%    7.29MB/s   00:00:00 (xfer#340, to-check=397/1752)
synthetic_004807/posterior_samples.pt
        6881280  28%   13.03MB/s   00:00:01       13565952  55%   12.38MB/s   00:00:00       20250624  82%   12.71MB/s   00:00:00       24657317 100%   12.19MB/s   00:00:01 (xfer#341, to-check=398/1752)
synthetic_004807/posterior_std.pt
         232019 100%  244.49MB/s   00:00:00 (xfer#342, to-check=399/1752)
synthetic_004807/posterior_variance.pt
         232054 100%  325.46MB/s   00:00:00 (xfer#343, to-check=400/1752)
synthetic_004808/
synthetic_004808/composite_mean.pt
         232026 100%    4.45MB/s   00:00:00 (xfer#344, to-check=402/1752)
synthetic_004808/metadata.json
           1799 100%   22.56MB/s   00:00:00 (xfer#345, to-check=403/1752)
synthetic_004808/posterior_mean.pt
         232026 100%    4.19MB/s   00:00:00 (xfer#346, to-check=404/1752)
synthetic_004808/posterior_samples.pt
        6586368  27%   12.47MB/s   00:00:01       13664256  55%   13.39MB/s   00:00:00       20217856  82%   12.41MB/s   00:00:00       24657317 100%   11.95MB/s   00:00:01 (xfer#347, to-check=405/1752)
synthetic_004808/posterior_std.pt
         232019 100%   40.97MB/s   00:00:00 (xfer#348, to-check=406/1752)
synthetic_004808/posterior_variance.pt
         232054 100%   45.32MB/s   00:00:00 (xfer#349, to-check=407/1752)
synthetic_004809/
synthetic_004809/composite_mean.pt
         232026 100%   37.13MB/s   00:00:00 (xfer#350, to-check=409/1752)
synthetic_004809/metadata.json
           1799 100%   25.61MB/s   00:00:00 (xfer#351, to-check=410/1752)
synthetic_004809/posterior_mean.pt
         232026 100%    4.56MB/s   00:00:00 (xfer#352, to-check=411/1752)
synthetic_004809/posterior_samples.pt
        6029312  24%   11.50MB/s   00:00:01       13500416  55%   13.98MB/s   00:00:00       20185088  82%   12.51MB/s   00:00:00       24657317 100%   12.38MB/s   00:00:01 (xfer#353, to-check=412/1752)
synthetic_004809/posterior_std.pt
         232019 100%  252.61MB/s   00:00:00 (xfer#354, to-check=413/1752)
synthetic_004809/posterior_variance.pt
         232054 100%   46.48MB/s   00:00:00 (xfer#355, to-check=414/1752)
synthetic_004810/
synthetic_004810/composite_mean.pt
         232026 100%   33.59MB/s   00:00:00 (xfer#356, to-check=416/1752)
synthetic_004810/metadata.json
           1799 100%   24.90MB/s   00:00:00 (xfer#357, to-check=417/1752)
synthetic_004810/posterior_mean.pt
         232026 100%   11.38MB/s   00:00:00 (xfer#358, to-check=418/1752)
synthetic_004810/posterior_samples.pt
        6717440  27%   12.65MB/s   00:00:01       13271040  54%   12.45MB/s   00:00:00       19955712  81%   12.74MB/s   00:00:00       24657317 100%   12.03MB/s   00:00:01 (xfer#359, to-check=419/1752)
synthetic_004810/posterior_std.pt
         232019 100%  216.08MB/s   00:00:00 (xfer#360, to-check=420/1752)
synthetic_004810/posterior_variance.pt
         232054 100%  302.25MB/s   00:00:00 (xfer#361, to-check=421/1752)
synthetic_004811/
synthetic_004811/composite_mean.pt
         232026 100%   19.10MB/s   00:00:00 (xfer#362, to-check=423/1752)
synthetic_004811/metadata.json
           1799 100%   27.26MB/s   00:00:00 (xfer#363, to-check=424/1752)
synthetic_004811/posterior_mean.pt
         232026 100%    9.82MB/s   00:00:00 (xfer#364, to-check=425/1752)
synthetic_004811/posterior_samples.pt
        5865472  24%   10.71MB/s   00:00:01       10846208  44%    9.25MB/s   00:00:01       16089088  65%    9.98MB/s   00:00:00       21200896  86%    9.22MB/s   00:00:00       24657317 100%    9.12MB/s   00:00:02 (xfer#365, to-check=426/1752)
synthetic_004811/posterior_std.pt
         232019 100%  256.73MB/s   00:00:00 (xfer#366, to-check=427/1752)
synthetic_004811/posterior_variance.pt
         232054 100%   10.07MB/s   00:00:00 (xfer#367, to-check=428/1752)
synthetic_004812/
synthetic_004812/composite_mean.pt
         232026 100%    4.38MB/s   00:00:00 (xfer#368, to-check=430/1752)
synthetic_004812/metadata.json
           1799 100%   17.86MB/s   00:00:00 (xfer#369, to-check=431/1752)
synthetic_004812/posterior_mean.pt
         232026 100%   32.37MB/s   00:00:00 (xfer#370, to-check=432/1752)
synthetic_004812/posterior_samples.pt
        3670016  15%    6.94MB/s   00:00:02        7471104  30%    6.85MB/s   00:00:02       10682368  43%    5.84MB/s   00:00:02       13828096  56%    5.74MB/s   00:00:01       17498112  71%    6.94MB/s   00:00:00       21299200  86%    6.80MB/s   00:00:00       24657317 100%    6.49MB/s   00:00:03 (xfer#371, to-check=433/1752)
synthetic_004812/posterior_std.pt
         232019 100%  231.21MB/s   00:00:00 (xfer#372, to-check=434/1752)
synthetic_004812/posterior_variance.pt
         232054 100%   52.78MB/s   00:00:00 (xfer#373, to-check=435/1752)
synthetic_004813/
synthetic_004813/composite_mean.pt
         232026 100%    4.71MB/s   00:00:00 (xfer#374, to-check=437/1752)
synthetic_004813/metadata.json
           1799 100%   23.52MB/s   00:00:00 (xfer#375, to-check=438/1752)
synthetic_004813/posterior_mean.pt
         232026 100%    6.12MB/s   00:00:00 (xfer#376, to-check=439/1752)
synthetic_004813/posterior_samples.pt
        3899392  16%    7.30MB/s   00:00:02        7438336  30%    6.74MB/s   00:00:02       11239424  46%    7.15MB/s   00:00:01       14647296  59%    6.40MB/s   00:00:01       18579456  75%    7.44MB/s   00:00:00       22904832  93%    8.21MB/s   00:00:00       24657317 100%    7.24MB/s   00:00:03 (xfer#377, to-check=440/1752)
synthetic_004813/posterior_std.pt
         232019 100%  252.54MB/s   00:00:00 (xfer#378, to-check=441/1752)
synthetic_004813/posterior_variance.pt
         232054 100%   27.92MB/s   00:00:00 (xfer#379, to-check=442/1752)
synthetic_004814/
synthetic_004814/composite_mean.pt
         232026 100%    5.55MB/s   00:00:00 (xfer#380, to-check=444/1752)
synthetic_004814/metadata.json
           1798 100%   18.25MB/s   00:00:00 (xfer#381, to-check=445/1752)
synthetic_004814/posterior_mean.pt
         232026 100%   80.44MB/s   00:00:00 (xfer#382, to-check=446/1752)
synthetic_004814/posterior_samples.pt
        4259840  17%    8.00MB/s   00:00:02        9371648  38%    9.47MB/s   00:00:01       13959168  57%    8.60MB/s   00:00:01       18939904  77%    9.49MB/s   00:00:00       24576000 100%   10.34MB/s   00:00:00       24657317 100%    9.06MB/s   00:00:02 (xfer#383, to-check=447/1752)
synthetic_004814/posterior_std.pt
         232019 100%  254.62MB/s   00:00:00 (xfer#384, to-check=448/1752)
synthetic_004814/posterior_variance.pt
         232054 100%    9.83MB/s   00:00:00 (xfer#385, to-check=449/1752)
synthetic_004815/
synthetic_004815/composite_mean.pt
         232026 100%   41.65MB/s   00:00:00 (xfer#386, to-check=451/1752)
synthetic_004815/metadata.json
           1799 100%   27.26MB/s   00:00:00 (xfer#387, to-check=452/1752)
synthetic_004815/posterior_mean.pt
         232026 100%    5.80MB/s   00:00:00 (xfer#388, to-check=453/1752)
synthetic_004815/posterior_samples.pt
        5603328  23%   10.68MB/s   00:00:01       11108352  45%   10.04MB/s   00:00:01       16482304  67%   10.04MB/s   00:00:00       21463040  87%    9.18MB/s   00:00:00       24657317 100%    9.98MB/s   00:00:02 (xfer#389, to-check=454/1752)
synthetic_004815/posterior_std.pt
         232019 100%  254.62MB/s   00:00:00 (xfer#390, to-check=455/1752)
synthetic_004815/posterior_variance.pt
         232054 100%    7.96MB/s   00:00:00 (xfer#391, to-check=456/1752)
synthetic_004816/
synthetic_004816/composite_mean.pt
         232026 100%   15.18MB/s   00:00:00 (xfer#392, to-check=458/1752)
synthetic_004816/metadata.json
           1798 100%   20.91MB/s   00:00:00 (xfer#393, to-check=459/1752)
synthetic_004816/posterior_mean.pt
         232026 100%   47.98MB/s   00:00:00 (xfer#394, to-check=460/1752)
synthetic_004816/posterior_samples.pt
        5079040  21%    9.49MB/s   00:00:01       11894784  48%   12.65MB/s   00:00:00       18415616  75%   12.44MB/s   00:00:00       22904832  93%    8.20MB/s   00:00:00       24657317 100%   10.50MB/s   00:00:02 (xfer#395, to-check=461/1752)
synthetic_004816/posterior_std.pt
         232019 100%  254.90MB/s   00:00:00 (xfer#396, to-check=462/1752)
synthetic_004816/posterior_variance.pt
         232054 100%  257.34MB/s   00:00:00 (xfer#397, to-check=463/1752)
synthetic_004817/
synthetic_004817/composite_mean.pt
         232026 100%   47.35MB/s   00:00:00 (xfer#398, to-check=465/1752)
synthetic_004817/metadata.json
           1799 100%   30.62MB/s   00:00:00 (xfer#399, to-check=466/1752)
synthetic_004817/posterior_mean.pt
         232026 100%   46.13MB/s   00:00:00 (xfer#400, to-check=467/1752)
synthetic_004817/posterior_samples.pt
        7241728  29%   13.57MB/s   00:00:01       13926400  56%   12.56MB/s   00:00:00       20480000  83%   12.49MB/s   00:00:00       24657317 100%   12.55MB/s   00:00:01 (xfer#401, to-check=468/1752)
synthetic_004817/posterior_std.pt
         232019 100%  246.89MB/s   00:00:00 (xfer#402, to-check=469/1752)
synthetic_004817/posterior_variance.pt
         232054 100%  313.06MB/s   00:00:00 (xfer#403, to-check=470/1752)
synthetic_004818/
synthetic_004818/composite_mean.pt
         232026 100%   10.29MB/s   00:00:00 (xfer#404, to-check=472/1752)
synthetic_004818/metadata.json
           1800 100%   25.62MB/s   00:00:00 (xfer#405, to-check=473/1752)
synthetic_004818/posterior_mean.pt
         232026 100%   21.54MB/s   00:00:00 (xfer#406, to-check=474/1752)
synthetic_004818/posterior_samples.pt
        6717440  27%   12.61MB/s   00:00:01       13238272  54%   11.92MB/s   00:00:00       18317312  74%    9.36MB/s   00:00:00       23953408  97%   10.63MB/s   00:00:00       24657317 100%   10.97MB/s   00:00:02 (xfer#407, to-check=475/1752)
synthetic_004818/posterior_std.pt
         232019 100%  254.34MB/s   00:00:00 (xfer#408, to-check=476/1752)
synthetic_004818/posterior_variance.pt
         232054 100%   45.75MB/s   00:00:00 (xfer#409, to-check=477/1752)
synthetic_004819/
synthetic_004819/composite_mean.pt
         232026 100%   13.50MB/s   00:00:00 (xfer#410, to-check=479/1752)
synthetic_004819/metadata.json
           1799 100%   24.56MB/s   00:00:00 (xfer#411, to-check=480/1752)
synthetic_004819/posterior_mean.pt
         232026 100%   58.93MB/s   00:00:00 (xfer#412, to-check=481/1752)
synthetic_004819/posterior_samples.pt
        4489216  18%    8.35MB/s   00:00:02        9601024  39%    8.94MB/s   00:00:01       14712832  60%    9.37MB/s   00:00:01       20348928  83%   10.20MB/s   00:00:00       24657317 100%    9.21MB/s   00:00:02 (xfer#413, to-check=482/1752)
synthetic_004819/posterior_std.pt
         232019 100%  243.65MB/s   00:00:00 (xfer#414, to-check=483/1752)
synthetic_004819/posterior_variance.pt
         232054 100%   96.51MB/s   00:00:00 (xfer#415, to-check=484/1752)
synthetic_004820/
synthetic_004820/composite_mean.pt
         232026 100%    7.74MB/s   00:00:00 (xfer#416, to-check=486/1752)
synthetic_004820/metadata.json
           1797 100%   21.20MB/s   00:00:00 (xfer#417, to-check=487/1752)
synthetic_004820/posterior_mean.pt
         232026 100%   13.40MB/s   00:00:00 (xfer#418, to-check=488/1752)
synthetic_004820/posterior_samples.pt
        4784128  19%    8.26MB/s   00:00:02       10551296  43%   10.88MB/s   00:00:01       16056320  65%   10.41MB/s   00:00:00       20905984  85%    8.70MB/s   00:00:00       24657317 100%    9.46MB/s   00:00:02 (xfer#419, to-check=489/1752)
synthetic_004820/posterior_std.pt
         232019 100%  231.96MB/s   00:00:00 (xfer#420, to-check=490/1752)
synthetic_004820/posterior_variance.pt
         232054 100%   36.30MB/s   00:00:00 (xfer#421, to-check=491/1752)
synthetic_004821/
synthetic_004821/composite_mean.pt
         232026 100%    6.42MB/s   00:00:00 (xfer#422, to-check=493/1752)
synthetic_004821/metadata.json
           1800 100%   24.16MB/s   00:00:00 (xfer#423, to-check=494/1752)
synthetic_004821/posterior_mean.pt
         232026 100%    6.86MB/s   00:00:00 (xfer#424, to-check=495/1752)
synthetic_004821/posterior_samples.pt
        5406720  22%   10.31MB/s   00:00:01       10190848  41%    9.08MB/s   00:00:01       15433728  63%    9.94MB/s   00:00:00       20545536  83%    9.16MB/s   00:00:00       24657317 100%    9.76MB/s   00:00:02 (xfer#425, to-check=496/1752)
synthetic_004821/posterior_std.pt
         232019 100%  264.71MB/s   00:00:00 (xfer#426, to-check=497/1752)
synthetic_004821/posterior_variance.pt
         232054 100%   21.67MB/s   00:00:00 (xfer#427, to-check=498/1752)
synthetic_004822/
synthetic_004822/composite_mean.pt
         232026 100%    8.59MB/s   00:00:00 (xfer#428, to-check=500/1752)
synthetic_004822/metadata.json
           1799 100%   21.16MB/s   00:00:00 (xfer#429, to-check=501/1752)
synthetic_004822/posterior_mean.pt
         232026 100%   23.32MB/s   00:00:00 (xfer#430, to-check=502/1752)
synthetic_004822/posterior_samples.pt
        6160384  25%   11.63MB/s   00:00:01       12058624  49%   10.86MB/s   00:00:01       18087936  73%   11.26MB/s   00:00:00       24510464  99%   11.90MB/s   00:00:00       24657317 100%   11.26MB/s   00:00:02 (xfer#431, to-check=503/1752)
synthetic_004822/posterior_std.pt
         232019 100%  250.02MB/s   00:00:00 (xfer#432, to-check=504/1752)
synthetic_004822/posterior_variance.pt
         232054 100%   97.36MB/s   00:00:00 (xfer#433, to-check=505/1752)
synthetic_004823/
synthetic_004823/composite_mean.pt
         232026 100%   51.46MB/s   00:00:00 (xfer#434, to-check=507/1752)
synthetic_004823/metadata.json
           1798 100%   22.83MB/s   00:00:00 (xfer#435, to-check=508/1752)
synthetic_004823/posterior_mean.pt
         232026 100%   27.16MB/s   00:00:00 (xfer#436, to-check=509/1752)
synthetic_004823/posterior_samples.pt
        6422528  26%   12.07MB/s   00:00:01       13500416  55%   13.34MB/s   00:00:00       20316160  82%   12.76MB/s   00:00:00       24657317 100%   12.47MB/s   00:00:01 (xfer#437, to-check=510/1752)
synthetic_004823/posterior_std.pt
         232019 100%  245.07MB/s   00:00:00 (xfer#438, to-check=511/1752)
synthetic_004823/posterior_variance.pt
         232054 100%  306.54MB/s   00:00:00 (xfer#439, to-check=512/1752)
synthetic_004824/
synthetic_004824/composite_mean.pt
         232026 100%   21.40MB/s   00:00:00 (xfer#440, to-check=514/1752)
synthetic_004824/metadata.json
           1798 100%   26.34MB/s   00:00:00 (xfer#441, to-check=515/1752)
synthetic_004824/posterior_mean.pt
         232026 100%   12.23MB/s   00:00:00 (xfer#442, to-check=516/1752)
synthetic_004824/posterior_samples.pt
        6586368  27%   12.48MB/s   00:00:01       13271040  54%   12.50MB/s   00:00:00       19955712  81%   12.58MB/s   00:00:00       24657317 100%   12.26MB/s   00:00:01 (xfer#443, to-check=517/1752)
synthetic_004824/posterior_std.pt
         232019 100%  300.25MB/s   00:00:00 (xfer#444, to-check=518/1752)
synthetic_004824/posterior_variance.pt
         232054 100%  341.51MB/s   00:00:00 (xfer#445, to-check=519/1752)
synthetic_004825/
synthetic_004825/composite_mean.pt
         232026 100%   25.78MB/s   00:00:00 (xfer#446, to-check=521/1752)
synthetic_004825/metadata.json
           1798 100%   28.09MB/s   00:00:00 (xfer#447, to-check=522/1752)
synthetic_004825/posterior_mean.pt
         232026 100%   11.10MB/s   00:00:00 (xfer#448, to-check=523/1752)
synthetic_004825/posterior_samples.pt
        6651904  27%   12.38MB/s   00:00:01       13336576  54%   12.68MB/s   00:00:00       19890176  81%   12.40MB/s   00:00:00       24657317 100%   12.30MB/s   00:00:01 (xfer#449, to-check=524/1752)
synthetic_004825/posterior_std.pt
         232019 100%  244.49MB/s   00:00:00 (xfer#450, to-check=525/1752)
synthetic_004825/posterior_variance.pt
         232054 100%  293.46MB/s   00:00:00 (xfer#451, to-check=526/1752)
synthetic_004826/
synthetic_004826/composite_mean.pt
         232026 100%   18.98MB/s   00:00:00 (xfer#452, to-check=528/1752)
synthetic_004826/metadata.json
           1798 100%  257.73KB/s   00:00:00 (xfer#453, to-check=529/1752)
synthetic_004826/posterior_mean.pt
         232026 100%   20.63MB/s   00:00:00 (xfer#454, to-check=530/1752)
synthetic_004826/posterior_samples.pt
        6619136  27%   12.32MB/s   00:00:01       13303808  54%   12.46MB/s   00:00:00       18219008  74%    9.24MB/s   00:00:00       24641536 100%   12.24MB/s   00:00:00       24657317 100%   11.36MB/s   00:00:02 (xfer#455, to-check=531/1752)
synthetic_004826/posterior_std.pt
         232019 100%  232.43MB/s   00:00:00 (xfer#456, to-check=532/1752)
synthetic_004826/posterior_variance.pt
         232054 100%  284.03MB/s   00:00:00 (xfer#457, to-check=533/1752)
synthetic_004827/
synthetic_004827/composite_mean.pt
         232026 100%  127.98MB/s   00:00:00 (xfer#458, to-check=535/1752)
synthetic_004827/metadata.json
           1798 100%   29.60MB/s   00:00:00 (xfer#459, to-check=536/1752)
synthetic_004827/posterior_mean.pt
         232026 100%   18.06MB/s   00:00:00 (xfer#460, to-check=537/1752)
synthetic_004827/posterior_samples.pt
        6750208  27%   12.74MB/s   00:00:01       13434880  54%   12.61MB/s   00:00:00       19857408  81%   12.07MB/s   00:00:00       24657317 100%   12.28MB/s   00:00:01 (xfer#461, to-check=538/1752)
synthetic_004827/posterior_std.pt
         232019 100%  242.63MB/s   00:00:00 (xfer#462, to-check=539/1752)
synthetic_004827/posterior_variance.pt
         232054 100%  307.76MB/s   00:00:00 (xfer#463, to-check=540/1752)
synthetic_004828/
synthetic_004828/composite_mean.pt
         232026 100%   14.79MB/s   00:00:00 (xfer#464, to-check=542/1752)
synthetic_004828/metadata.json
           1800 100%   29.63MB/s   00:00:00 (xfer#465, to-check=543/1752)
synthetic_004828/posterior_mean.pt
         232026 100%   10.03MB/s   00:00:00 (xfer#466, to-check=544/1752)
synthetic_004828/posterior_samples.pt
        6619136  27%   12.50MB/s   00:00:01       13303808  54%   12.64MB/s   00:00:00       19988480  81%   12.56MB/s   00:00:00       24657317 100%   12.35MB/s   00:00:01 (xfer#467, to-check=545/1752)
synthetic_004828/posterior_std.pt
         232019 100%  246.44MB/s   00:00:00 (xfer#468, to-check=546/1752)
synthetic_004828/posterior_variance.pt
         232054 100%  332.34MB/s   00:00:00 (xfer#469, to-check=547/1752)
synthetic_004829/
synthetic_004829/composite_mean.pt
         232026 100%   12.76MB/s   00:00:00 (xfer#470, to-check=549/1752)
synthetic_004829/metadata.json
           1799 100%   24.15MB/s   00:00:00 (xfer#471, to-check=550/1752)
synthetic_004829/posterior_mean.pt
         232026 100%   10.26MB/s   00:00:00 (xfer#472, to-check=551/1752)
synthetic_004829/posterior_samples.pt
        6619136  27%   12.60MB/s   00:00:01       13041664  53%   11.83MB/s   00:00:00       18972672  77%   11.30MB/s   00:00:00       24657317 100%   11.94MB/s   00:00:01 (xfer#473, to-check=552/1752)
synthetic_004829/posterior_std.pt
         232019 100%  224.44MB/s   00:00:00 (xfer#474, to-check=553/1752)
synthetic_004829/posterior_variance.pt
         232054 100%  298.27MB/s   00:00:00 (xfer#475, to-check=554/1752)
synthetic_004830/
synthetic_004830/composite_mean.pt
         232026 100%   10.58MB/s   00:00:00 (xfer#476, to-check=556/1752)
synthetic_004830/metadata.json
           1798 100%   25.59MB/s   00:00:00 (xfer#477, to-check=557/1752)
synthetic_004830/posterior_mean.pt
         232026 100%   40.54MB/s   00:00:00 (xfer#478, to-check=558/1752)
synthetic_004830/posterior_samples.pt
        6782976  28%   12.86MB/s   00:00:01       13467648  55%   12.56MB/s   00:00:00       19759104  80%   11.98MB/s   00:00:00       24657317 100%   12.14MB/s   00:00:01 (xfer#479, to-check=559/1752)
synthetic_004830/posterior_std.pt
         232019 100%  252.26MB/s   00:00:00 (xfer#480, to-check=560/1752)
synthetic_004830/posterior_variance.pt
         232054 100%  321.18MB/s   00:00:00 (xfer#481, to-check=561/1752)
synthetic_004831/
synthetic_004831/composite_mean.pt
         232026 100%   15.27MB/s   00:00:00 (xfer#482, to-check=563/1752)
synthetic_004831/metadata.json
           1797 100%   25.95MB/s   00:00:00 (xfer#483, to-check=564/1752)
synthetic_004831/posterior_mean.pt
         232026 100%   29.88MB/s   00:00:00 (xfer#484, to-check=565/1752)
synthetic_004831/posterior_samples.pt
        6750208  27%   12.86MB/s   00:00:01       12648448  51%   11.11MB/s   00:00:01       18513920  75%   11.16MB/s   00:00:00       24657317 100%   11.85MB/s   00:00:01 (xfer#485, to-check=566/1752)
synthetic_004831/posterior_std.pt
         232019 100%  260.92MB/s   00:00:00 (xfer#486, to-check=567/1752)
synthetic_004831/posterior_variance.pt
         232054 100%  269.52MB/s   00:00:00 (xfer#487, to-check=568/1752)
synthetic_004832/
synthetic_004832/composite_mean.pt
         232026 100%   34.38MB/s   00:00:00 (xfer#488, to-check=570/1752)
synthetic_004832/metadata.json
           1799 100%   26.36MB/s   00:00:00 (xfer#489, to-check=571/1752)
synthetic_004832/posterior_mean.pt
         232026 100%   11.17MB/s   00:00:00 (xfer#490, to-check=572/1752)
synthetic_004832/posterior_samples.pt
        6684672  27%   12.56MB/s   00:00:01       13369344  54%   12.53MB/s   00:00:00       20054016  81%   12.70MB/s   00:00:00       24657317 100%   12.34MB/s   00:00:01 (xfer#491, to-check=573/1752)
synthetic_004832/posterior_std.pt
         232019 100%  235.13MB/s   00:00:00 (xfer#492, to-check=574/1752)
synthetic_004832/posterior_variance.pt
         232054 100%  160.95MB/s   00:00:00 (xfer#493, to-check=575/1752)
synthetic_004833/
synthetic_004833/composite_mean.pt
         232026 100%   19.57MB/s   00:00:00 (xfer#494, to-check=577/1752)
synthetic_004833/metadata.json
           1799 100%   31.84MB/s   00:00:00 (xfer#495, to-check=578/1752)
synthetic_004833/posterior_mean.pt
         232026 100%   13.11MB/s   00:00:00 (xfer#496, to-check=579/1752)
synthetic_004833/posterior_samples.pt
        6619136  27%   12.38MB/s   00:00:01       11468800  47%    9.22MB/s   00:00:01       18022400  73%   12.38MB/s   00:00:00       24657317 100%   12.48MB/s   00:00:00       24657317 100%   11.41MB/s   00:00:02 (xfer#497, to-check=580/1752)
synthetic_004833/posterior_std.pt
         232019 100%  249.21MB/s   00:00:00 (xfer#498, to-check=581/1752)
synthetic_004833/posterior_variance.pt
         232054 100%  325.01MB/s   00:00:00 (xfer#499, to-check=582/1752)
synthetic_004834/
synthetic_004834/composite_mean.pt
         232026 100%   15.90MB/s   00:00:00 (xfer#500, to-check=584/1752)
synthetic_004834/metadata.json
           1799 100%   30.11MB/s   00:00:00 (xfer#501, to-check=585/1752)
synthetic_004834/posterior_mean.pt
         232026 100%   11.78MB/s   00:00:00 (xfer#502, to-check=586/1752)
synthetic_004834/posterior_samples.pt
        6717440  27%   12.66MB/s   00:00:01       13402112  54%   12.64MB/s   00:00:00       20086784  81%   12.50MB/s   00:00:00       24657317 100%   12.33MB/s   00:00:01 (xfer#503, to-check=587/1752)
synthetic_004834/posterior_std.pt
         232019 100%  256.37MB/s   00:00:00 (xfer#504, to-check=588/1752)
synthetic_004834/posterior_variance.pt
         232054 100%  319.30MB/s   00:00:00 (xfer#505, to-check=589/1752)
synthetic_004835/
synthetic_004835/composite_mean.pt
         232026 100%   19.88MB/s   00:00:00 (xfer#506, to-check=591/1752)
synthetic_004835/metadata.json
           1799 100%   22.56MB/s   00:00:00 (xfer#507, to-check=592/1752)
synthetic_004835/posterior_mean.pt
         232026 100%   11.59MB/s   00:00:00 (xfer#508, to-check=593/1752)
synthetic_004835/posterior_samples.pt
        6553600  27%   12.45MB/s   00:00:01       13238272  54%   12.74MB/s   00:00:00       19922944  81%   12.59MB/s   00:00:00       24657317 100%   12.33MB/s   00:00:01 (xfer#509, to-check=594/1752)
synthetic_004835/posterior_std.pt
         232019 100%  260.62MB/s   00:00:00 (xfer#510, to-check=595/1752)
synthetic_004835/posterior_variance.pt
         232054 100%  101.43MB/s   00:00:00 (xfer#511, to-check=596/1752)
synthetic_004836/
synthetic_004836/composite_mean.pt
         232026 100%   32.91MB/s   00:00:00 (xfer#512, to-check=598/1752)
synthetic_004836/metadata.json
           1798 100%   23.50MB/s   00:00:00 (xfer#513, to-check=599/1752)
synthetic_004836/posterior_mean.pt
         232026 100%   11.47MB/s   00:00:00 (xfer#514, to-check=600/1752)
synthetic_004836/posterior_samples.pt
        6553600  27%   12.23MB/s   00:00:01       13369344  54%   12.74MB/s   00:00:00       20054016  81%   12.42MB/s   00:00:00       24510464  99%    8.43MB/s   00:00:00       24657317 100%   11.29MB/s   00:00:02 (xfer#515, to-check=601/1752)
synthetic_004836/posterior_std.pt
         232019 100%   14.41MB/s   00:00:00 (xfer#516, to-check=602/1752)
synthetic_004836/posterior_variance.pt
         232054 100%   19.22MB/s   00:00:00 (xfer#517, to-check=603/1752)
synthetic_004837/
synthetic_004837/composite_mean.pt
         232026 100%  110.69MB/s   00:00:00 (xfer#518, to-check=605/1752)
synthetic_004837/metadata.json
           1799 100%   23.83MB/s   00:00:00 (xfer#519, to-check=606/1752)
synthetic_004837/posterior_mean.pt
         232026 100%    8.57MB/s   00:00:00 (xfer#520, to-check=607/1752)
synthetic_004837/posterior_samples.pt
        7274496  30%   13.82MB/s   00:00:01       13959168  57%   11.44MB/s   00:00:00       19922944  81%   11.15MB/s   00:00:00       24657317 100%   11.92MB/s   00:00:01 (xfer#521, to-check=608/1752)
synthetic_004837/posterior_std.pt
         232019 100%  246.44MB/s   00:00:00 (xfer#522, to-check=609/1752)
synthetic_004837/posterior_variance.pt
         232054 100%  290.07MB/s   00:00:00 (xfer#523, to-check=610/1752)
synthetic_004838/
synthetic_004838/composite_mean.pt
         232026 100%  124.04MB/s   00:00:00 (xfer#524, to-check=612/1752)
synthetic_004838/metadata.json
           1800 100%   26.37MB/s   00:00:00 (xfer#525, to-check=613/1752)
synthetic_004838/posterior_mean.pt
         232026 100%   10.07MB/s   00:00:00 (xfer#526, to-check=614/1752)
synthetic_004838/posterior_samples.pt
        5996544  24%   11.42MB/s   00:00:01       12943360  52%   13.11MB/s   00:00:00       19628032  80%   12.54MB/s   00:00:00       24657317 100%   12.19MB/s   00:00:01 (xfer#527, to-check=615/1752)
synthetic_004838/posterior_std.pt
         232019 100%  223.96MB/s   00:00:00 (xfer#528, to-check=616/1752)
synthetic_004838/posterior_variance.pt
         232054 100%  314.86MB/s   00:00:00 (xfer#529, to-check=617/1752)
synthetic_004839/
synthetic_004839/composite_mean.pt
         232026 100%   10.94MB/s   00:00:00 (xfer#530, to-check=619/1752)
synthetic_004839/metadata.json
           1799 100%   22.56MB/s   00:00:00 (xfer#531, to-check=620/1752)
synthetic_004839/posterior_mean.pt
         232026 100%   23.47MB/s   00:00:00 (xfer#532, to-check=621/1752)
synthetic_004839/posterior_samples.pt
        6586368  27%   12.42MB/s   00:00:01       13172736  53%   12.56MB/s   00:00:00       19824640  80%   12.56MB/s   00:00:00       24657317 100%   12.26MB/s   00:00:01 (xfer#533, to-check=622/1752)
synthetic_004839/posterior_std.pt
         232019 100%  249.15MB/s   00:00:00 (xfer#534, to-check=623/1752)
synthetic_004839/posterior_variance.pt
         232054 100%   63.39MB/s   00:00:00 (xfer#535, to-check=624/1752)
synthetic_004840/
synthetic_004840/composite_mean.pt
         232026 100%   22.37MB/s   00:00:00 (xfer#536, to-check=626/1752)
synthetic_004840/metadata.json
           1798 100%   20.67MB/s   00:00:00 (xfer#537, to-check=627/1752)
synthetic_004840/posterior_mean.pt
         232026 100%   11.22MB/s   00:00:00 (xfer#538, to-check=628/1752)
synthetic_004840/posterior_samples.pt
        6553600  27%   12.24MB/s   00:00:01       12845056  52%   11.87MB/s   00:00:00       19922944  81%   13.32MB/s   00:00:00       24657317 100%   12.25MB/s   00:00:01 (xfer#539, to-check=629/1752)
synthetic_004840/posterior_std.pt
         232019 100%  237.18MB/s   00:00:00 (xfer#540, to-check=630/1752)
synthetic_004840/posterior_variance.pt
         232054 100%  100.06MB/s   00:00:00 (xfer#541, to-check=631/1752)
synthetic_004841/
synthetic_004841/composite_mean.pt
         232026 100%   19.65MB/s   00:00:00 (xfer#542, to-check=633/1752)
synthetic_004841/metadata.json
           1798 100%   27.14MB/s   00:00:00 (xfer#543, to-check=634/1752)
synthetic_004841/posterior_mean.pt
         232026 100%   12.69MB/s   00:00:00 (xfer#544, to-check=635/1752)
synthetic_004841/posterior_samples.pt
        6619136  27%   12.54MB/s   00:00:01       13303808  54%   12.55MB/s   00:00:00       19988480  81%   12.51MB/s   00:00:00       24657317 100%   12.28MB/s   00:00:01 (xfer#545, to-check=636/1752)
synthetic_004841/posterior_std.pt
         232019 100%  242.38MB/s   00:00:00 (xfer#546, to-check=637/1752)
synthetic_004841/posterior_variance.pt
         232054 100%  295.05MB/s   00:00:00 (xfer#547, to-check=638/1752)
synthetic_004842/
synthetic_004842/composite_mean.pt
         232026 100%   15.91MB/s   00:00:00 (xfer#548, to-check=640/1752)
synthetic_004842/metadata.json
           1798 100%   29.60MB/s   00:00:00 (xfer#549, to-check=641/1752)
synthetic_004842/posterior_mean.pt
         232026 100%    9.92MB/s   00:00:00 (xfer#550, to-check=642/1752)
synthetic_004842/posterior_samples.pt
        6750208  27%   12.68MB/s   00:00:01       13434880  54%   12.57MB/s   00:00:00       19988480  81%   12.26MB/s   00:00:00       24657317 100%   12.29MB/s   00:00:01 (xfer#551, to-check=643/1752)
synthetic_004842/posterior_std.pt
         232019 100%  252.61MB/s   00:00:00 (xfer#552, to-check=644/1752)
synthetic_004842/posterior_variance.pt
         232054 100%  293.55MB/s   00:00:00 (xfer#553, to-check=645/1752)
synthetic_004843/
synthetic_004843/composite_mean.pt
         232026 100%   49.01MB/s   00:00:00 (xfer#554, to-check=647/1752)
synthetic_004843/metadata.json
           1798 100%   27.66MB/s   00:00:00 (xfer#555, to-check=648/1752)
synthetic_004843/posterior_mean.pt
         232026 100%   10.61MB/s   00:00:00 (xfer#556, to-check=649/1752)
synthetic_004843/posterior_samples.pt
        6586368  27%   12.55MB/s   00:00:01       13271040  54%   12.60MB/s   00:00:00       19955712  81%   12.62MB/s   00:00:00       24657317 100%   12.32MB/s   00:00:01 (xfer#557, to-check=650/1752)
synthetic_004843/posterior_std.pt
         232019 100%  247.82MB/s   00:00:00 (xfer#558, to-check=651/1752)
synthetic_004843/posterior_variance.pt
         232054 100%  311.27MB/s   00:00:00 (xfer#559, to-check=652/1752)
synthetic_004844/
synthetic_004844/composite_mean.pt
         232026 100%   28.02MB/s   00:00:00 (xfer#560, to-check=654/1752)
synthetic_004844/metadata.json
           1800 100%   24.91MB/s   00:00:00 (xfer#561, to-check=655/1752)
synthetic_004844/posterior_mean.pt
         232026 100%    9.28MB/s   00:00:00 (xfer#562, to-check=656/1752)
synthetic_004844/posterior_samples.pt
        6520832  26%   12.19MB/s   00:00:01       13336576  54%   12.89MB/s   00:00:00       20021248  81%   12.63MB/s   00:00:00       24657317 100%   12.34MB/s   00:00:01 (xfer#563, to-check=657/1752)
synthetic_004844/posterior_std.pt
         232019 100%  246.44MB/s   00:00:00 (xfer#564, to-check=658/1752)
synthetic_004844/posterior_variance.pt
         232054 100%  300.20MB/s   00:00:00 (xfer#565, to-check=659/1752)
synthetic_004845/
synthetic_004845/composite_mean.pt
         232026 100%   10.80MB/s   00:00:00 (xfer#566, to-check=661/1752)
synthetic_004845/metadata.json
           1799 100%   25.25MB/s   00:00:00 (xfer#567, to-check=662/1752)
synthetic_004845/posterior_mean.pt
         232026 100%   32.03MB/s   00:00:00 (xfer#568, to-check=663/1752)
synthetic_004845/posterior_samples.pt
        6586368  27%   12.38MB/s   00:00:01       13139968  53%   12.38MB/s   00:00:00       19824640  80%   12.63MB/s   00:00:00       24657317 100%   12.20MB/s   00:00:01 (xfer#569, to-check=664/1752)
synthetic_004845/posterior_std.pt
         232019 100%  213.60MB/s   00:00:00 (xfer#570, to-check=665/1752)
synthetic_004845/posterior_variance.pt
         232054 100%  286.31MB/s   00:00:00 (xfer#571, to-check=666/1752)
synthetic_004846/
synthetic_004846/composite_mean.pt
         232026 100%   24.61MB/s   00:00:00 (xfer#572, to-check=668/1752)
synthetic_004846/metadata.json
           1799 100%    1.49MB/s   00:00:00 (xfer#573, to-check=669/1752)
synthetic_004846/posterior_mean.pt
         232026 100%   11.49MB/s   00:00:00 (xfer#574, to-check=670/1752)
synthetic_004846/posterior_samples.pt
        6160384  25%   11.03MB/s   00:00:01       12156928  49%   11.38MB/s   00:00:01       19103744  77%   13.18MB/s   00:00:00       24657317 100%   11.79MB/s   00:00:01 (xfer#575, to-check=671/1752)
synthetic_004846/posterior_std.pt
         232019 100%  257.66MB/s   00:00:00 (xfer#576, to-check=672/1752)
synthetic_004846/posterior_variance.pt
         232054 100%   93.58MB/s   00:00:00 (xfer#577, to-check=673/1752)
synthetic_004847/
synthetic_004847/composite_mean.pt
         232026 100%   12.96MB/s   00:00:00 (xfer#578, to-check=675/1752)
synthetic_004847/metadata.json
           1800 100%   27.69MB/s   00:00:00 (xfer#579, to-check=676/1752)
synthetic_004847/posterior_mean.pt
         232026 100%   21.15MB/s   00:00:00 (xfer#580, to-check=677/1752)
synthetic_004847/posterior_samples.pt
        6586368  27%   12.42MB/s   00:00:01       13139968  53%   12.37MB/s   00:00:00       19824640  80%   12.66MB/s   00:00:00       24657317 100%   12.23MB/s   00:00:01 (xfer#581, to-check=678/1752)
synthetic_004847/posterior_std.pt
         232019 100%  242.06MB/s   00:00:00 (xfer#582, to-check=679/1752)
synthetic_004847/posterior_variance.pt
         232054 100%  277.00MB/s   00:00:00 (xfer#583, to-check=680/1752)
synthetic_004848/
synthetic_004848/composite_mean.pt
         232026 100%   19.34MB/s   00:00:00 (xfer#584, to-check=682/1752)
synthetic_004848/metadata.json
           1800 100%   24.83MB/s   00:00:00 (xfer#585, to-check=683/1752)
synthetic_004848/posterior_mean.pt
         232026 100%   10.15MB/s   00:00:00 (xfer#586, to-check=684/1752)
synthetic_004848/posterior_samples.pt
        6750208  27%   12.68MB/s   00:00:01       13172736  53%   11.73MB/s   00:00:00       20250624  82%   13.31MB/s   00:00:00       24657317 100%   12.36MB/s   00:00:01 (xfer#587, to-check=685/1752)
synthetic_004848/posterior_std.pt
         232019 100%  256.09MB/s   00:00:00 (xfer#588, to-check=686/1752)
synthetic_004848/posterior_variance.pt
         232054 100%   57.35MB/s   00:00:00 (xfer#589, to-check=687/1752)
synthetic_004849/
synthetic_004849/composite_mean.pt
         232026 100%   14.62MB/s   00:00:00 (xfer#590, to-check=689/1752)
synthetic_004849/metadata.json
           1799 100%   18.26MB/s   00:00:00 (xfer#591, to-check=690/1752)
synthetic_004849/posterior_mean.pt
         232026 100%   12.22MB/s   00:00:00 (xfer#592, to-check=691/1752)
synthetic_004849/posterior_samples.pt
        6717440  27%   12.58MB/s   00:00:01       13402112  54%   12.60MB/s   00:00:00       20086784  81%   12.59MB/s   00:00:00       24657317 100%   12.30MB/s   00:00:01 (xfer#593, to-check=692/1752)
synthetic_004849/posterior_std.pt
         232019 100%  243.72MB/s   00:00:00 (xfer#594, to-check=693/1752)
synthetic_004849/posterior_variance.pt
         232054 100%  273.57MB/s   00:00:00 (xfer#595, to-check=694/1752)
synthetic_004850/
synthetic_004850/composite_mean.pt
         232026 100%   23.85MB/s   00:00:00 (xfer#596, to-check=696/1752)
synthetic_004850/metadata.json
           1799 100%   24.90MB/s   00:00:00 (xfer#597, to-check=697/1752)
synthetic_004850/posterior_mean.pt
         232026 100%    9.98MB/s   00:00:00 (xfer#598, to-check=698/1752)
synthetic_004850/posterior_samples.pt
        6717440  27%   12.63MB/s   00:00:01       13271040  54%   12.49MB/s   00:00:00       19824640  80%   12.42MB/s   00:00:00       24657317 100%   12.29MB/s   00:00:01 (xfer#599, to-check=699/1752)
synthetic_004850/posterior_std.pt
         232019 100%    4.93MB/s   00:00:00 (xfer#600, to-check=700/1752)
synthetic_004850/posterior_variance.pt
         232054 100%    3.05MB/s   00:00:00 (xfer#601, to-check=701/1752)
synthetic_004851/
synthetic_004851/composite_mean.pt
         232026 100%    5.21MB/s   00:00:00 (xfer#602, to-check=703/1752)
synthetic_004851/metadata.json
           1799 100%    5.30MB/s   00:00:00 (xfer#603, to-check=704/1752)
synthetic_004851/posterior_mean.pt
         232026 100%    5.63MB/s   00:00:00 (xfer#604, to-check=705/1752)
synthetic_004851/posterior_samples.pt
        6324224  26%   11.53MB/s   00:00:01       13271040  54%   13.24MB/s   00:00:00       20217856  82%   13.23MB/s   00:00:00       24657317 100%   12.39MB/s   00:00:01 (xfer#605, to-check=706/1752)
synthetic_004851/posterior_std.pt
         232019 100%  239.75MB/s   00:00:00 (xfer#606, to-check=707/1752)
synthetic_004851/posterior_variance.pt
         232054 100%  297.89MB/s   00:00:00 (xfer#607, to-check=708/1752)
synthetic_004852/
synthetic_004852/composite_mean.pt
         232026 100%   17.13MB/s   00:00:00 (xfer#608, to-check=710/1752)
synthetic_004852/metadata.json
           1799 100%   19.04MB/s   00:00:00 (xfer#609, to-check=711/1752)
synthetic_004852/posterior_mean.pt
         232026 100%    9.26MB/s   00:00:00 (xfer#610, to-check=712/1752)
synthetic_004852/posterior_samples.pt
        6258688  25%   11.88MB/s   00:00:01       11632640  47%   10.22MB/s   00:00:01       17793024  72%   11.32MB/s   00:00:00       23953408  97%   11.44MB/s   00:00:00       24657317 100%   11.11MB/s   00:00:02 (xfer#611, to-check=713/1752)
synthetic_004852/posterior_std.pt
         232019 100%  243.97MB/s   00:00:00 (xfer#612, to-check=714/1752)
synthetic_004852/posterior_variance.pt
         232054 100%  292.72MB/s   00:00:00 (xfer#613, to-check=715/1752)
synthetic_004853/
synthetic_004853/composite_mean.pt
         232026 100%    4.49MB/s   00:00:00 (xfer#614, to-check=717/1752)
synthetic_004853/metadata.json
           1797 100%   24.79MB/s   00:00:00 (xfer#615, to-check=718/1752)
synthetic_004853/posterior_mean.pt
         232026 100%  101.22MB/s   00:00:00 (xfer#616, to-check=719/1752)
synthetic_004853/posterior_samples.pt
        6651904  27%   12.65MB/s   00:00:01       13336576  54%   12.43MB/s   00:00:00       19496960  79%   11.56MB/s   00:00:00       24657317 100%   12.16MB/s   00:00:01 (xfer#617, to-check=720/1752)
synthetic_004853/posterior_std.pt
         232019 100%  259.09MB/s   00:00:00 (xfer#618, to-check=721/1752)
synthetic_004853/posterior_variance.pt
         232054 100%  303.93MB/s   00:00:00 (xfer#619, to-check=722/1752)
synthetic_004854/
synthetic_004854/composite_mean.pt
         232026 100%  281.84MB/s   00:00:00 (xfer#620, to-check=724/1752)
synthetic_004854/metadata.json
           1798 100%  432.80KB/s   00:00:00 (xfer#621, to-check=725/1752)
synthetic_004854/posterior_mean.pt
         232026 100%   25.48MB/s   00:00:00 (xfer#622, to-check=726/1752)
synthetic_004854/posterior_samples.pt
        6291456  26%   11.64MB/s   00:00:01       13369344  54%   13.46MB/s   00:00:00       20054016  81%   12.58MB/s   00:00:00       24657317 100%   12.38MB/s   00:00:01 (xfer#623, to-check=727/1752)
synthetic_004854/posterior_std.pt
         232019 100%  256.09MB/s   00:00:00 (xfer#624, to-check=728/1752)
synthetic_004854/posterior_variance.pt
         232054 100%  307.87MB/s   00:00:00 (xfer#625, to-check=729/1752)
synthetic_004855/
synthetic_004855/composite_mean.pt
         232026 100%   20.28MB/s   00:00:00 (xfer#626, to-check=731/1752)
synthetic_004855/metadata.json
           1798 100%   28.09MB/s   00:00:00 (xfer#627, to-check=732/1752)
synthetic_004855/posterior_mean.pt
         232026 100%   10.49MB/s   00:00:00 (xfer#628, to-check=733/1752)
synthetic_004855/posterior_samples.pt
        6586368  27%   12.47MB/s   00:00:01       11960320  49%    9.83MB/s   00:00:01       17334272  70%   10.06MB/s   00:00:00       22708224  92%   10.02MB/s   00:00:00       24657317 100%   10.42MB/s   00:00:02 (xfer#629, to-check=734/1752)
synthetic_004855/posterior_std.pt
         232019 100%  251.17MB/s   00:00:00 (xfer#630, to-check=735/1752)
synthetic_004855/posterior_variance.pt
         232054 100%  303.64MB/s   00:00:00 (xfer#631, to-check=736/1752)
synthetic_004856/
synthetic_004856/composite_mean.pt
         232026 100%   14.38MB/s   00:00:00 (xfer#632, to-check=738/1752)
synthetic_004856/metadata.json
           1797 100%   26.33MB/s   00:00:00 (xfer#633, to-check=739/1752)
synthetic_004856/posterior_mean.pt
         232026 100%   10.51MB/s   00:00:00 (xfer#634, to-check=740/1752)
synthetic_004856/posterior_samples.pt
        4718592  19%    8.91MB/s   00:00:02       10485760  43%   10.84MB/s   00:00:01       15400960  62%    9.01MB/s   00:00:00       19726336  80%    8.25MB/s   00:00:00       24182784  98%    8.48MB/s   00:00:00       24657317 100%    9.00MB/s   00:00:02 (xfer#635, to-check=741/1752)
synthetic_004856/posterior_std.pt
         232019 100%  244.75MB/s   00:00:00 (xfer#636, to-check=742/1752)
synthetic_004856/posterior_variance.pt
         232054 100%  285.17MB/s   00:00:00 (xfer#637, to-check=743/1752)
synthetic_004857/
synthetic_004857/composite_mean.pt
         232026 100%    5.83MB/s   00:00:00 (xfer#638, to-check=745/1752)
synthetic_004857/metadata.json
           1796 100%   22.24MB/s   00:00:00 (xfer#639, to-check=746/1752)
synthetic_004857/posterior_mean.pt
         232026 100%    7.57MB/s   00:00:00 (xfer#640, to-check=747/1752)
synthetic_004857/posterior_samples.pt
        4915200  20%    9.17MB/s   00:00:02        9895936  40%    9.49MB/s   00:00:01       14483456  59%    8.70MB/s   00:00:01       19202048  78%    8.79MB/s   00:00:00       23920640  97%    8.93MB/s   00:00:00       24657317 100%    8.90MB/s   00:00:02 (xfer#641, to-check=748/1752)
synthetic_004857/posterior_std.pt
         232019 100%  253.43MB/s   00:00:00 (xfer#642, to-check=749/1752)
synthetic_004857/posterior_variance.pt
         232054 100%   16.63MB/s   00:00:00 (xfer#643, to-check=750/1752)
synthetic_004858/
synthetic_004858/composite_mean.pt
         232026 100%    5.32MB/s   00:00:00 (xfer#644, to-check=752/1752)
synthetic_004858/metadata.json
           1796 100%   22.59MB/s   00:00:00 (xfer#645, to-check=753/1752)
synthetic_004858/posterior_mean.pt
         232026 100%   75.37MB/s   00:00:00 (xfer#646, to-check=754/1752)
synthetic_004858/posterior_samples.pt
        4849664  20%    9.25MB/s   00:00:02       10027008  41%    9.74MB/s   00:00:01       15007744  61%    9.48MB/s   00:00:00       20250624  82%    9.98MB/s   00:00:00       24657317 100%    9.29MB/s   00:00:02 (xfer#647, to-check=755/1752)
synthetic_004858/posterior_std.pt
         232019 100%  261.28MB/s   00:00:00 (xfer#648, to-check=756/1752)
synthetic_004858/posterior_variance.pt
         232054 100%   11.50MB/s   00:00:00 (xfer#649, to-check=757/1752)
synthetic_004859/
synthetic_004859/composite_mean.pt
         232026 100%    9.61MB/s   00:00:00 (xfer#650, to-check=759/1752)
synthetic_004859/metadata.json
           1798 100%   17.33MB/s   00:00:00 (xfer#651, to-check=760/1752)
synthetic_004859/posterior_mean.pt
         232026 100%   61.38MB/s   00:00:00 (xfer#652, to-check=761/1752)
synthetic_004859/posterior_samples.pt
        5046272  20%    9.42MB/s   00:00:01       10944512  44%    9.42MB/s   00:00:01       13991936  57%    5.77MB/s   00:00:01       18055168  73%    7.74MB/s   00:00:00       22642688  92%    8.58MB/s   00:00:00       24657317 100%    8.14MB/s   00:00:02 (xfer#653, to-check=762/1752)
synthetic_004859/posterior_std.pt
         232019 100%  242.63MB/s   00:00:00 (xfer#654, to-check=763/1752)
synthetic_004859/posterior_variance.pt
         232054 100%   22.35MB/s   00:00:00 (xfer#655, to-check=764/1752)
synthetic_004860/
synthetic_004860/composite_mean.pt
         232026 100%   11.19MB/s   00:00:00 (xfer#656, to-check=766/1752)
synthetic_004860/metadata.json
           1796 100%    1.60MB/s   00:00:00 (xfer#657, to-check=767/1752)
synthetic_004860/posterior_mean.pt
         232026 100%   19.56MB/s   00:00:00 (xfer#658, to-check=768/1752)
synthetic_004860/posterior_samples.pt
        4980736  20%    9.13MB/s   00:00:02       10485760  43%   10.21MB/s   00:00:01       15728640  64%    9.77MB/s   00:00:00       20709376  84%    9.37MB/s   00:00:00       24657317 100%    9.59MB/s   00:00:02 (xfer#659, to-check=769/1752)
synthetic_004860/posterior_std.pt
         232019 100%   14.20MB/s   00:00:00 (xfer#660, to-check=770/1752)
synthetic_004860/posterior_variance.pt
         232054 100%   32.64MB/s   00:00:00 (xfer#661, to-check=771/1752)
synthetic_004861/
synthetic_004861/composite_mean.pt
         232026 100%   45.34MB/s   00:00:00 (xfer#662, to-check=773/1752)
synthetic_004861/metadata.json
           1799 100%   23.83MB/s   00:00:00 (xfer#663, to-check=774/1752)
synthetic_004861/posterior_mean.pt
         232026 100%    6.00MB/s   00:00:00 (xfer#664, to-check=775/1752)
synthetic_004861/posterior_samples.pt
        5537792  22%   10.50MB/s   00:00:01       11173888  45%   10.10MB/s   00:00:01       15892480  64%    8.88MB/s   00:00:00       21397504  87%   10.30MB/s   00:00:00       24657317 100%   10.08MB/s   00:00:02 (xfer#665, to-check=776/1752)
synthetic_004861/posterior_std.pt
         232019 100%  251.78MB/s   00:00:00 (xfer#666, to-check=777/1752)
synthetic_004861/posterior_variance.pt
         232054 100%   33.75MB/s   00:00:00 (xfer#667, to-check=778/1752)
synthetic_004862/
synthetic_004862/composite_mean.pt
         232026 100%   10.81MB/s   00:00:00 (xfer#668, to-check=780/1752)
synthetic_004862/metadata.json
           1797 100%   20.66MB/s   00:00:00 (xfer#669, to-check=781/1752)
synthetic_004862/posterior_mean.pt
         232026 100%    8.65MB/s   00:00:00 (xfer#670, to-check=782/1752)
synthetic_004862/posterior_samples.pt
        6094848  25%   11.53MB/s   00:00:01       12124160  49%   11.38MB/s   00:00:01       18546688  75%   11.79MB/s   00:00:00       24657317 100%   11.52MB/s   00:00:00       24657317 100%   11.34MB/s   00:00:02 (xfer#671, to-check=783/1752)
synthetic_004862/posterior_std.pt
         232019 100%  260.33MB/s   00:00:00 (xfer#672, to-check=784/1752)
synthetic_004862/posterior_variance.pt
         232054 100%  324.55MB/s   00:00:00 (xfer#673, to-check=785/1752)
synthetic_004863/
synthetic_004863/composite_mean.pt
         232026 100%   12.18MB/s   00:00:00 (xfer#674, to-check=787/1752)
synthetic_004863/metadata.json
           1798 100%   26.84MB/s   00:00:00 (xfer#675, to-check=788/1752)
synthetic_004863/posterior_mean.pt
         232026 100%   17.84MB/s   00:00:00 (xfer#676, to-check=789/1752)
synthetic_004863/posterior_samples.pt
        6717440  27%   12.72MB/s   00:00:01       13139968  53%   12.24MB/s   00:00:00       19300352  78%   11.68MB/s   00:00:00       24657317 100%   12.06MB/s   00:00:01 (xfer#677, to-check=790/1752)
synthetic_004863/posterior_std.pt
         232019 100%  167.49MB/s   00:00:00 (xfer#678, to-check=791/1752)
synthetic_004863/posterior_variance.pt
         232054 100%   61.84MB/s   00:00:00 (xfer#679, to-check=792/1752)
synthetic_004864/
synthetic_004864/composite_mean.pt
         232026 100%   25.32MB/s   00:00:00 (xfer#680, to-check=794/1752)
synthetic_004864/metadata.json
           1797 100%   25.58MB/s   00:00:00 (xfer#681, to-check=795/1752)
synthetic_004864/posterior_mean.pt
         232026 100%    5.80MB/s   00:00:00 (xfer#682, to-check=796/1752)
synthetic_004864/posterior_samples.pt
        6914048  28%   13.10MB/s   00:00:01       13860864  56%   13.00MB/s   00:00:00       20545536  83%   12.58MB/s   00:00:00       24657317 100%   12.61MB/s   00:00:01 (xfer#683, to-check=797/1752)
synthetic_004864/posterior_std.pt
         232019 100%  238.64MB/s   00:00:00 (xfer#684, to-check=798/1752)
synthetic_004864/posterior_variance.pt
         232054 100%  240.28MB/s   00:00:00 (xfer#685, to-check=799/1752)
synthetic_004865/
synthetic_004865/composite_mean.pt
         232026 100%    8.64MB/s   00:00:00 (xfer#686, to-check=801/1752)
synthetic_004865/metadata.json
           1795 100%   18.60MB/s   00:00:00 (xfer#687, to-check=802/1752)
synthetic_004865/posterior_mean.pt
         232026 100%   42.73MB/s   00:00:00 (xfer#688, to-check=803/1752)
synthetic_004865/posterior_samples.pt
        6324224  26%   11.91MB/s   00:00:01       13139968  53%   12.98MB/s   00:00:00       19693568  80%   12.44MB/s   00:00:00       24657317 100%   12.17MB/s   00:00:01 (xfer#689, to-check=804/1752)
synthetic_004865/posterior_std.pt
         232019 100%  252.26MB/s   00:00:00 (xfer#690, to-check=805/1752)
synthetic_004865/posterior_variance.pt
         232054 100%  323.53MB/s   00:00:00 (xfer#691, to-check=806/1752)
synthetic_004866/
synthetic_004866/composite_mean.pt
         232026 100%   18.01MB/s   00:00:00 (xfer#692, to-check=808/1752)
synthetic_004866/metadata.json
           1797 100%   24.87MB/s   00:00:00 (xfer#693, to-check=809/1752)
synthetic_004866/posterior_mean.pt
         232026 100%   15.79MB/s   00:00:00 (xfer#694, to-check=810/1752)
synthetic_004866/posterior_samples.pt
        6520832  26%   12.38MB/s   00:00:01       13074432  53%   12.35MB/s   00:00:00       19759104  80%   12.36MB/s   00:00:00       24657317 100%   12.22MB/s   00:00:01 (xfer#695, to-check=811/1752)
synthetic_004866/posterior_std.pt
         232019 100%  239.94MB/s   00:00:00 (xfer#696, to-check=812/1752)
synthetic_004866/posterior_variance.pt
         232054 100%   49.29MB/s   00:00:00 (xfer#697, to-check=813/1752)
synthetic_004867/
synthetic_004867/composite_mean.pt
         232026 100%   12.18MB/s   00:00:00 (xfer#698, to-check=815/1752)
synthetic_004867/metadata.json
           1796 100%   20.88MB/s   00:00:00 (xfer#699, to-check=816/1752)
synthetic_004867/posterior_mean.pt
         232026 100%   11.42MB/s   00:00:00 (xfer#700, to-check=817/1752)
synthetic_004867/posterior_samples.pt
        6717440  27%   12.74MB/s   00:00:01       11141120  45%    8.40MB/s   00:00:01       18350080  74%   13.57MB/s   00:00:00       24248320  98%   10.58MB/s   00:00:00       24657317 100%   11.04MB/s   00:00:02 (xfer#701, to-check=818/1752)
synthetic_004867/posterior_std.pt
         232019 100%  248.61MB/s   00:00:00 (xfer#702, to-check=819/1752)
synthetic_004867/posterior_variance.pt
         232054 100%  297.89MB/s   00:00:00 (xfer#703, to-check=820/1752)
synthetic_004868/
synthetic_004868/composite_mean.pt
         232026 100%  131.09MB/s   00:00:00 (xfer#704, to-check=822/1752)
synthetic_004868/metadata.json
           1797 100%   30.08MB/s   00:00:00 (xfer#705, to-check=823/1752)
synthetic_004868/posterior_mean.pt
         232026 100%   38.30MB/s   00:00:00 (xfer#706, to-check=824/1752)
synthetic_004868/posterior_samples.pt
        6881280  28%   13.11MB/s   00:00:01       13565952  55%   12.69MB/s   00:00:00       19595264  79%   11.48MB/s   00:00:00       24657317 100%   12.16MB/s   00:00:01 (xfer#707, to-check=825/1752)
synthetic_004868/posterior_std.pt
         232019 100%  266.00MB/s   00:00:00 (xfer#708, to-check=826/1752)
synthetic_004868/posterior_variance.pt
         232054 100%  318.43MB/s   00:00:00 (xfer#709, to-check=827/1752)
synthetic_004869/
synthetic_004869/composite_mean.pt
         232026 100%  118.34MB/s   00:00:00 (xfer#710, to-check=829/1752)
synthetic_004869/metadata.json
           1798 100%   25.96MB/s   00:00:00 (xfer#711, to-check=830/1752)
synthetic_004869/posterior_mean.pt
         232026 100%    9.57MB/s   00:00:00 (xfer#712, to-check=831/1752)
synthetic_004869/posterior_samples.pt
        6946816  28%   12.55MB/s   00:00:01       12713984  52%   10.92MB/s   00:00:01       18481152  75%   11.00MB/s   00:00:00       24657317 100%   11.45MB/s   00:00:02 (xfer#713, to-check=832/1752)
synthetic_004869/posterior_std.pt
         232019 100%  259.75MB/s   00:00:00 (xfer#714, to-check=833/1752)
synthetic_004869/posterior_variance.pt
         232054 100%  287.02MB/s   00:00:00 (xfer#715, to-check=834/1752)
synthetic_004870/
synthetic_004870/composite_mean.pt
         232026 100%  138.38MB/s   00:00:00 (xfer#716, to-check=836/1752)
synthetic_004870/metadata.json
           1796 100%    1.64MB/s   00:00:00 (xfer#717, to-check=837/1752)
synthetic_004870/posterior_mean.pt
         232026 100%   12.64MB/s   00:00:00 (xfer#718, to-check=838/1752)
synthetic_004870/posterior_samples.pt
        6553600  27%   12.45MB/s   00:00:01       12320768  50%   10.96MB/s   00:00:01       18022400  73%   10.29MB/s   00:00:00       22609920  92%    8.63MB/s   00:00:00       24657317 100%   10.28MB/s   00:00:02 (xfer#719, to-check=839/1752)
synthetic_004870/posterior_std.pt
         232019 100%   99.86MB/s   00:00:00 (xfer#720, to-check=840/1752)
synthetic_004870/posterior_variance.pt
         232054 100%    3.63MB/s   00:00:00 (xfer#721, to-check=841/1752)
synthetic_004871/
synthetic_004871/composite_mean.pt
         232026 100%    7.68MB/s   00:00:00 (xfer#722, to-check=843/1752)
synthetic_004871/metadata.json
           1797 100%   20.36MB/s   00:00:00 (xfer#723, to-check=844/1752)
synthetic_004871/posterior_mean.pt
         232026 100%   17.29MB/s   00:00:00 (xfer#724, to-check=845/1752)
synthetic_004871/posterior_samples.pt
        3538944  14%    6.74MB/s   00:00:02        6815744  28%    6.09MB/s   00:00:02       11010048  45%    7.64MB/s   00:00:01       14811136  60%    7.17MB/s   00:00:01       18743296  76%    7.49MB/s   00:00:00       21987328  89%    5.89MB/s   00:00:00       24657317 100%    6.68MB/s   00:00:03 (xfer#725, to-check=846/1752)
synthetic_004871/posterior_std.pt
         232019 100%   13.62MB/s   00:00:00 (xfer#726, to-check=847/1752)
synthetic_004871/posterior_variance.pt
         232054 100%    4.84MB/s   00:00:00 (xfer#727, to-check=848/1752)
synthetic_004872/
synthetic_004872/composite_mean.pt
         232026 100%    4.23MB/s   00:00:00 (xfer#728, to-check=850/1752)
synthetic_004872/metadata.json
           1795 100%    6.49MB/s   00:00:00 (xfer#729, to-check=851/1752)
synthetic_004872/posterior_mean.pt
         232026 100%   60.64MB/s   00:00:00 (xfer#730, to-check=852/1752)
synthetic_004872/posterior_samples.pt
        3244032  13%    6.11MB/s   00:00:03        6782976  28%    6.49MB/s   00:00:02       10584064  43%    7.00MB/s   00:00:01       14516224  59%    7.34MB/s   00:00:01       17924096  73%    6.35MB/s   00:00:01       21725184  88%    6.98MB/s   00:00:00       24657317 100%    6.69MB/s   00:00:03 (xfer#731, to-check=853/1752)
synthetic_004872/posterior_std.pt
         232019 100%  145.58MB/s   00:00:00 (xfer#732, to-check=854/1752)
synthetic_004872/posterior_variance.pt
         232054 100%    4.89MB/s   00:00:00 (xfer#733, to-check=855/1752)
synthetic_004873/
synthetic_004873/composite_mean.pt
         232026 100%   22.90MB/s   00:00:00 (xfer#734, to-check=857/1752)
synthetic_004873/metadata.json
           1799 100%   19.93MB/s   00:00:00 (xfer#735, to-check=858/1752)
synthetic_004873/posterior_mean.pt
         232026 100%    7.17MB/s   00:00:00 (xfer#736, to-check=859/1752)
synthetic_004873/posterior_samples.pt
        3768320  15%    7.14MB/s   00:00:02        6914048  28%    5.75MB/s   00:00:02       11763712  48%    8.79MB/s   00:00:01       16482304  67%    8.43MB/s   00:00:00       21463040  87%    9.28MB/s   00:00:00       24657317 100%    8.03MB/s   00:00:02 (xfer#737, to-check=860/1752)
synthetic_004873/posterior_std.pt
         232019 100%  256.66MB/s   00:00:00 (xfer#738, to-check=861/1752)
synthetic_004873/posterior_variance.pt
         232054 100%   17.31MB/s   00:00:00 (xfer#739, to-check=862/1752)
synthetic_004874/
synthetic_004874/composite_mean.pt
         232026 100%    8.67MB/s   00:00:00 (xfer#740, to-check=864/1752)
synthetic_004874/metadata.json
           1797 100%   24.45MB/s   00:00:00 (xfer#741, to-check=865/1752)
synthetic_004874/posterior_mean.pt
         232026 100%   10.68MB/s   00:00:00 (xfer#742, to-check=866/1752)
synthetic_004874/posterior_samples.pt
        4653056  19%    8.81MB/s   00:00:02        9502720  39%    8.90MB/s   00:00:01       15400960  62%   11.11MB/s   00:00:00       20774912  84%    9.94MB/s   00:00:00       24657317 100%    9.38MB/s   00:00:02 (xfer#743, to-check=867/1752)
synthetic_004874/posterior_std.pt
         232019 100%  231.73MB/s   00:00:00 (xfer#744, to-check=868/1752)
synthetic_004874/posterior_variance.pt
         232054 100%   55.63MB/s   00:00:00 (xfer#745, to-check=869/1752)
synthetic_004875/
synthetic_004875/composite_mean.pt
         232026 100%   26.34MB/s   00:00:00 (xfer#746, to-check=871/1752)
synthetic_004875/metadata.json
           1797 100%   23.80MB/s   00:00:00 (xfer#747, to-check=872/1752)
synthetic_004875/posterior_mean.pt
         232026 100%    3.04MB/s   00:00:00 (xfer#748, to-check=873/1752)
synthetic_004875/posterior_samples.pt
        5799936  24%   10.96MB/s   00:00:01       11304960  46%   10.26MB/s   00:00:01       17334272  70%   11.13MB/s   00:00:00       23363584  95%   11.45MB/s   00:00:00       24657317 100%   10.87MB/s   00:00:02 (xfer#749, to-check=874/1752)
synthetic_004875/posterior_std.pt
         232019 100%  212.76MB/s   00:00:00 (xfer#750, to-check=875/1752)
synthetic_004875/posterior_variance.pt
         232054 100%  260.95MB/s   00:00:00 (xfer#751, to-check=876/1752)
synthetic_004876/
synthetic_004876/composite_mean.pt
         232026 100%   28.01MB/s   00:00:00 (xfer#752, to-check=878/1752)
synthetic_004876/metadata.json
           1796 100%   25.21MB/s   00:00:00 (xfer#753, to-check=879/1752)
synthetic_004876/posterior_mean.pt
         232026 100%    7.49MB/s   00:00:00 (xfer#754, to-check=880/1752)
synthetic_004876/posterior_samples.pt
        5865472  24%   11.16MB/s   00:00:01       11501568  47%   10.61MB/s   00:00:01       18972672  77%   14.09MB/s   00:00:00       24657317 100%   11.82MB/s   00:00:01 (xfer#755, to-check=881/1752)
synthetic_004876/posterior_std.pt
         232019 100%  250.90MB/s   00:00:00 (xfer#756, to-check=882/1752)
synthetic_004876/posterior_variance.pt
         232054 100%  287.37MB/s   00:00:00 (xfer#757, to-check=883/1752)
synthetic_004877/
synthetic_004877/composite_mean.pt
         232026 100%   14.55MB/s   00:00:00 (xfer#758, to-check=885/1752)
synthetic_004877/metadata.json
           1798 100%   23.81MB/s   00:00:00 (xfer#759, to-check=886/1752)
synthetic_004877/posterior_mean.pt
         232026 100%   28.43MB/s   00:00:00 (xfer#760, to-check=887/1752)
synthetic_004877/posterior_samples.pt
        6619136  27%   12.28MB/s   00:00:01       13303808  54%   12.60MB/s   00:00:00       19988480  81%   12.63MB/s   00:00:00       24657317 100%   12.28MB/s   00:00:01 (xfer#761, to-check=888/1752)
synthetic_004877/posterior_std.pt
         232019 100%  240.56MB/s   00:00:00 (xfer#762, to-check=889/1752)
synthetic_004877/posterior_variance.pt
         232054 100%  320.74MB/s   00:00:00 (xfer#763, to-check=890/1752)
synthetic_004878/
synthetic_004878/composite_mean.pt
         232026 100%    8.02MB/s   00:00:00 (xfer#764, to-check=892/1752)
synthetic_004878/metadata.json
           1796 100%   28.06MB/s   00:00:00 (xfer#765, to-check=893/1752)
synthetic_004878/posterior_mean.pt
         232026 100%   18.37MB/s   00:00:00 (xfer#766, to-check=894/1752)
synthetic_004878/posterior_samples.pt
        3440640  14%    5.91MB/s   00:00:03        9666560  39%   11.69MB/s   00:00:01       16220160  66%   12.43MB/s   00:00:00       22904832  93%   12.68MB/s   00:00:00       24657317 100%   10.51MB/s   00:00:02 (xfer#767, to-check=895/1752)
synthetic_004878/posterior_std.pt
         232019 100%  234.42MB/s   00:00:00 (xfer#768, to-check=896/1752)
synthetic_004878/posterior_variance.pt
         232054 100%  301.96MB/s   00:00:00 (xfer#769, to-check=897/1752)
synthetic_004879/
synthetic_004879/composite_mean.pt
         232026 100%   12.46MB/s   00:00:00 (xfer#770, to-check=899/1752)
synthetic_004879/metadata.json
           1799 100%   25.61MB/s   00:00:00 (xfer#771, to-check=900/1752)
synthetic_004879/posterior_mean.pt
         232026 100%   24.74MB/s   00:00:00 (xfer#772, to-check=901/1752)
synthetic_004879/posterior_samples.pt
        6127616  25%   10.90MB/s   00:00:01       12910592  52%   12.93MB/s   00:00:00       19365888  79%   12.16MB/s   00:00:00       24657317 100%   11.78MB/s   00:00:01 (xfer#773, to-check=902/1752)
synthetic_004879/posterior_std.pt
         232019 100%  253.71MB/s   00:00:00 (xfer#774, to-check=903/1752)
synthetic_004879/posterior_variance.pt
         232054 100%  326.95MB/s   00:00:00 (xfer#775, to-check=904/1752)
synthetic_004880/
synthetic_004880/composite_mean.pt
         232026 100%    4.39MB/s   00:00:00 (xfer#776, to-check=906/1752)
synthetic_004880/metadata.json
           1797 100%   22.89MB/s   00:00:00 (xfer#777, to-check=907/1752)
synthetic_004880/posterior_mean.pt
         232026 100%   28.59MB/s   00:00:00 (xfer#778, to-check=908/1752)
synthetic_004880/posterior_samples.pt
        6389760  26%   12.14MB/s   00:00:01       13336576  54%   13.09MB/s   00:00:00       20021248  81%   12.59MB/s   00:00:00       24657317 100%   12.34MB/s   00:00:01 (xfer#779, to-check=909/1752)
synthetic_004880/posterior_std.pt
         232019 100%  240.25MB/s   00:00:00 (xfer#780, to-check=910/1752)
synthetic_004880/posterior_variance.pt
         232054 100%  289.61MB/s   00:00:00 (xfer#781, to-check=911/1752)
synthetic_004881/
synthetic_004881/composite_mean.pt
         232026 100%   25.63MB/s   00:00:00 (xfer#782, to-check=913/1752)
synthetic_004881/metadata.json
           1797 100%   30.59MB/s   00:00:00 (xfer#783, to-check=914/1752)
synthetic_004881/posterior_mean.pt
         232026 100%   12.38MB/s   00:00:00 (xfer#784, to-check=915/1752)
synthetic_004881/posterior_samples.pt
        6651904  27%   12.44MB/s   00:00:01       11501568  47%    9.17MB/s   00:00:01       18939904  77%   13.95MB/s   00:00:00       23756800  96%    9.10MB/s   00:00:00       24657317 100%   11.08MB/s   00:00:02 (xfer#785, to-check=916/1752)
synthetic_004881/posterior_std.pt
         232019 100%  240.25MB/s   00:00:00 (xfer#786, to-check=917/1752)
synthetic_004881/posterior_variance.pt
         232054 100%   33.15MB/s   00:00:00 (xfer#787, to-check=918/1752)
synthetic_004882/
synthetic_004882/composite_mean.pt
         232026 100%   27.42MB/s   00:00:00 (xfer#788, to-check=920/1752)
synthetic_004882/metadata.json
           1797 100%   27.65MB/s   00:00:00 (xfer#789, to-check=921/1752)
synthetic_004882/posterior_mean.pt
         232026 100%    6.84MB/s   00:00:00 (xfer#790, to-check=922/1752)
synthetic_004882/posterior_samples.pt
        4259840  17%    8.07MB/s   00:00:02        9240576  37%    8.78MB/s   00:00:01       15007744  61%   10.86MB/s   00:00:00       20742144  84%   10.93MB/s   00:00:00       24657317 100%    9.49MB/s   00:00:02 (xfer#791, to-check=923/1752)
synthetic_004882/posterior_std.pt
         232019 100%  244.81MB/s   00:00:00 (xfer#792, to-check=924/1752)
synthetic_004882/posterior_variance.pt
         232054 100%  317.99MB/s   00:00:00 (xfer#793, to-check=925/1752)
synthetic_004883/
synthetic_004883/composite_mean.pt
         232026 100%   16.97MB/s   00:00:00 (xfer#794, to-check=927/1752)
synthetic_004883/metadata.json
           1797 100%   23.80MB/s   00:00:00 (xfer#795, to-check=928/1752)
synthetic_004883/posterior_mean.pt
         232026 100%   18.15MB/s   00:00:00 (xfer#796, to-check=929/1752)
synthetic_004883/posterior_samples.pt
        5406720  22%   10.18MB/s   00:00:01        8683520  35%    6.22MB/s   00:00:02       12484608  51%    7.19MB/s   00:00:01       16678912  68%    7.95MB/s   00:00:00       20742144  84%    7.65MB/s   00:00:00       24657317 100%    7.87MB/s   00:00:02 (xfer#797, to-check=930/1752)
synthetic_004883/posterior_std.pt
         232019 100%  290.39MB/s   00:00:00 (xfer#798, to-check=931/1752)
synthetic_004883/posterior_variance.pt
         232054 100%   36.07MB/s   00:00:00 (xfer#799, to-check=932/1752)
synthetic_004884/
synthetic_004884/composite_mean.pt
         232026 100%   31.83MB/s   00:00:00 (xfer#800, to-check=934/1752)
synthetic_004884/metadata.json
           1797 100%   25.22MB/s   00:00:00 (xfer#801, to-check=935/1752)
synthetic_004884/posterior_mean.pt
         232026 100%    5.00MB/s   00:00:00 (xfer#802, to-check=936/1752)
synthetic_004884/posterior_samples.pt
        3932160  16%    7.47MB/s   00:00:02        7208960  29%    6.06MB/s   00:00:02       10878976  44%    6.82MB/s   00:00:01       14516224  59%    6.76MB/s   00:00:01       16744448  68%    4.21MB/s   00:00:01       19234816  78%    4.68MB/s   00:00:01       22249472  90%    5.61MB/s   00:00:00       24657317 100%    5.93MB/s   00:00:03 (xfer#803, to-check=937/1752)
synthetic_004884/posterior_std.pt
         232019 100%  242.89MB/s   00:00:00 (xfer#804, to-check=938/1752)
synthetic_004884/posterior_variance.pt
         232054 100%    5.74MB/s   00:00:00 (xfer#805, to-check=939/1752)
synthetic_004885/
synthetic_004885/composite_mean.pt
         232026 100%    4.23MB/s   00:00:00 (xfer#806, to-check=941/1752)
synthetic_004885/metadata.json
           1796 100%   15.16MB/s   00:00:00 (xfer#807, to-check=942/1752)
synthetic_004885/posterior_mean.pt
         232026 100%   95.26MB/s   00:00:00 (xfer#808, to-check=943/1752)
synthetic_004885/posterior_samples.pt
        3047424  12%    5.77MB/s   00:00:03        6193152  25%    5.78MB/s   00:00:03        9469952  38%    5.79MB/s   00:00:02       12484608  51%    5.59MB/s   00:00:02       15892480  64%    6.20MB/s   00:00:01       19628032  80%    7.12MB/s   00:00:00       23101440  94%    6.35MB/s   00:00:00       24657317 100%    5.99MB/s   00:00:03 (xfer#809, to-check=944/1752)
synthetic_004885/posterior_std.pt
         232019 100%  245.85MB/s   00:00:00 (xfer#810, to-check=945/1752)
synthetic_004885/posterior_variance.pt
         232054 100%   21.21MB/s   00:00:00 (xfer#811, to-check=946/1752)
synthetic_004886/
synthetic_004886/composite_mean.pt
         232026 100%    8.29MB/s   00:00:00 (xfer#812, to-check=948/1752)
synthetic_004886/metadata.json
           1800 100%   24.49MB/s   00:00:00 (xfer#813, to-check=949/1752)
synthetic_004886/posterior_mean.pt
         232026 100%    6.00MB/s   00:00:00 (xfer#814, to-check=950/1752)
synthetic_004886/posterior_samples.pt
        3899392  16%    7.40MB/s   00:00:02        7831552  32%    7.39MB/s   00:00:02       11894784  48%    7.15MB/s   00:00:01       16089088  65%    7.96MB/s   00:00:01       20545536  83%    8.14MB/s   00:00:00       24657317 100%    7.83MB/s   00:00:03 (xfer#815, to-check=951/1752)
synthetic_004886/posterior_std.pt
         232019 100%  246.96MB/s   00:00:00 (xfer#816, to-check=952/1752)
synthetic_004886/posterior_variance.pt
         232054 100%   58.28MB/s   00:00:00 (xfer#817, to-check=953/1752)
synthetic_004887/
synthetic_004887/composite_mean.pt
         232026 100%   13.37MB/s   00:00:00 (xfer#818, to-check=955/1752)
synthetic_004887/metadata.json
           1799 100%   24.56MB/s   00:00:00 (xfer#819, to-check=956/1752)
synthetic_004887/posterior_mean.pt
         232026 100%   10.86MB/s   00:00:00 (xfer#820, to-check=957/1752)
synthetic_004887/posterior_samples.pt
        5308416  22%   10.08MB/s   00:00:01       11206656  45%   10.79MB/s   00:00:01       16973824  69%   10.83MB/s   00:00:00       21561344  87%    8.39MB/s   00:00:00       24657317 100%    9.98MB/s   00:00:02 (xfer#821, to-check=958/1752)
synthetic_004887/posterior_std.pt
         232019 100%  275.88MB/s   00:00:00 (xfer#822, to-check=959/1752)
synthetic_004887/posterior_variance.pt
         232054 100%  313.06MB/s   00:00:00 (xfer#823, to-check=960/1752)
synthetic_004888/
synthetic_004888/composite_mean.pt
         232026 100%   12.62MB/s   00:00:00 (xfer#824, to-check=962/1752)
synthetic_004888/metadata.json
           1799 100%    4.37MB/s   00:00:00 (xfer#825, to-check=963/1752)
synthetic_004888/posterior_mean.pt
         232026 100%   18.73MB/s   00:00:00 (xfer#826, to-check=964/1752)
synthetic_004888/posterior_samples.pt
        6455296  26%   12.27MB/s   00:00:01       12877824  52%   11.71MB/s   00:00:00       19169280  78%   11.94MB/s   00:00:00       24248320  98%    9.63MB/s   00:00:00       24657317 100%   11.29MB/s   00:00:02 (xfer#827, to-check=965/1752)
synthetic_004888/posterior_std.pt
         232019 100%   57.55MB/s   00:00:00 (xfer#828, to-check=966/1752)
synthetic_004888/posterior_variance.pt
         232054 100%    5.96MB/s   00:00:00 (xfer#829, to-check=967/1752)
synthetic_004889/
synthetic_004889/composite_mean.pt
         232026 100%  204.70MB/s   00:00:00 (xfer#830, to-check=969/1752)
synthetic_004889/metadata.json
           1799 100%   17.68MB/s   00:00:00 (xfer#831, to-check=970/1752)
synthetic_004889/posterior_mean.pt
         232026 100%    6.34MB/s   00:00:00 (xfer#832, to-check=971/1752)
synthetic_004889/posterior_samples.pt
        5341184  22%   10.14MB/s   00:00:01       10977280  45%   10.58MB/s   00:00:01       16613376  67%   10.71MB/s   00:00:00       21692416  88%    9.69MB/s   00:00:00       24657317 100%   10.26MB/s   00:00:02 (xfer#833, to-check=972/1752)
synthetic_004889/posterior_std.pt
         232019 100%  245.26MB/s   00:00:00 (xfer#834, to-check=973/1752)
synthetic_004889/posterior_variance.pt
         232054 100%  266.65MB/s   00:00:00 (xfer#835, to-check=974/1752)
synthetic_004890/
synthetic_004890/composite_mean.pt
         232026 100%    6.53MB/s   00:00:00 (xfer#836, to-check=976/1752)
synthetic_004890/metadata.json
           1799 100%   28.67MB/s   00:00:00 (xfer#837, to-check=977/1752)
synthetic_004890/posterior_mean.pt
         232026 100%  266.31MB/s   00:00:00 (xfer#838, to-check=978/1752)
synthetic_004890/posterior_samples.pt
        4980736  20%    9.50MB/s   00:00:01       11534336  47%   12.21MB/s   00:00:01       18350080  74%   12.77MB/s   00:00:00       24657317 100%   11.43MB/s   00:00:02 (xfer#839, to-check=979/1752)
synthetic_004890/posterior_std.pt
         232019 100%    8.88MB/s   00:00:00 (xfer#840, to-check=980/1752)
synthetic_004890/posterior_variance.pt
         232054 100%   30.39MB/s   00:00:00 (xfer#841, to-check=981/1752)
synthetic_004891/
synthetic_004891/composite_mean.pt
         232026 100%  117.71MB/s   00:00:00 (xfer#842, to-check=983/1752)
synthetic_004891/metadata.json
           1798 100%   23.81MB/s   00:00:00 (xfer#843, to-check=984/1752)
synthetic_004891/posterior_mean.pt
         232026 100%    5.85MB/s   00:00:00 (xfer#844, to-check=985/1752)
synthetic_004891/posterior_samples.pt
        5931008  24%   10.40MB/s   00:00:01       12222464  50%   11.89MB/s   00:00:00       18382848  75%   11.73MB/s   00:00:00       24657317 100%   11.47MB/s   00:00:02 (xfer#845, to-check=986/1752)
synthetic_004891/posterior_std.pt
         232019 100%   59.34MB/s   00:00:00 (xfer#846, to-check=987/1752)
synthetic_004891/posterior_variance.pt
         232054 100%   79.23MB/s   00:00:00 (xfer#847, to-check=988/1752)
synthetic_004892/
synthetic_004892/composite_mean.pt
         232026 100%   12.64MB/s   00:00:00 (xfer#848, to-check=990/1752)
synthetic_004892/metadata.json
           1798 100%   22.55MB/s   00:00:00 (xfer#849, to-check=991/1752)
synthetic_004892/posterior_mean.pt
         232026 100%    8.85MB/s   00:00:00 (xfer#850, to-check=992/1752)
synthetic_004892/posterior_samples.pt
        6815744  28%   12.79MB/s   00:00:01       14024704  57%   13.33MB/s   00:00:00       20578304  83%   12.09MB/s   00:00:00       24657317 100%   12.35MB/s   00:00:01 (xfer#851, to-check=993/1752)
synthetic_004892/posterior_std.pt
         232019 100%  305.19MB/s   00:00:00 (xfer#852, to-check=994/1752)
synthetic_004892/posterior_variance.pt
         232054 100%  343.66MB/s   00:00:00 (xfer#853, to-check=995/1752)
synthetic_004893/
synthetic_004893/composite_mean.pt
         232026 100%  137.95MB/s   00:00:00 (xfer#854, to-check=997/1752)
synthetic_004893/metadata.json
           1799 100%   22.56MB/s   00:00:00 (xfer#855, to-check=998/1752)
synthetic_004893/posterior_mean.pt
         232026 100%    6.83MB/s   00:00:00 (xfer#856, to-check=999/1752)
synthetic_004893/posterior_samples.pt
        4915200  20%    8.83MB/s   00:00:02        7274496  30%    4.39MB/s   00:00:03       10420224  42%    5.76MB/s   00:00:02       13565952  55%    5.86MB/s   00:00:01       17104896  69%    6.74MB/s   00:00:01       20381696  83%    6.11MB/s   00:00:00       23658496  96%    6.25MB/s   00:00:00       24657317 100%    6.24MB/s   00:00:03 (xfer#857, to-check=1000/1752)
synthetic_004893/posterior_std.pt
         232019 100%  251.78MB/s   00:00:00 (xfer#858, to-check=1001/1752)
synthetic_004893/posterior_variance.pt
         232054 100%   19.35MB/s   00:00:00 (xfer#859, to-check=1002/1752)
synthetic_004894/
synthetic_004894/composite_mean.pt
         232026 100%    5.36MB/s   00:00:00 (xfer#860, to-check=1004/1752)
synthetic_004894/metadata.json
           1799 100%   22.28MB/s   00:00:00 (xfer#861, to-check=1005/1752)
synthetic_004894/posterior_mean.pt
         232026 100%    4.74MB/s   00:00:00 (xfer#862, to-check=1006/1752)
synthetic_004894/posterior_samples.pt
        3801088  15%    7.24MB/s   00:00:02        7208960  29%    6.13MB/s   00:00:02       10747904  44%    6.60MB/s   00:00:02       14942208  61%    7.90MB/s   00:00:01       19529728  79%    8.69MB/s   00:00:00       23986176  97%    8.01MB/s   00:00:00       24657317 100%    7.40MB/s   00:00:03 (xfer#863, to-check=1007/1752)
synthetic_004894/posterior_std.pt
         232019 100%   20.41MB/s   00:00:00 (xfer#864, to-check=1008/1752)
synthetic_004894/posterior_variance.pt
         232054 100%   19.82MB/s   00:00:00 (xfer#865, to-check=1009/1752)
synthetic_004895/
synthetic_004895/composite_mean.pt
         232026 100%    6.76MB/s   00:00:00 (xfer#866, to-check=1011/1752)
synthetic_004895/metadata.json
           1800 100%   19.30MB/s   00:00:00 (xfer#867, to-check=1012/1752)
synthetic_004895/posterior_mean.pt
         232026 100%   21.91MB/s   00:00:00 (xfer#868, to-check=1013/1752)
synthetic_004895/posterior_samples.pt
        4587520  19%    8.63MB/s   00:00:02        9043968  37%    8.14MB/s   00:00:01       13893632  56%    8.83MB/s   00:00:01       19267584  78%   10.07MB/s   00:00:00       24510464  99%    9.94MB/s   00:00:00       24657317 100%    9.03MB/s   00:00:02 (xfer#869, to-check=1014/1752)
synthetic_004895/posterior_std.pt
         232019 100%  257.87MB/s   00:00:00 (xfer#870, to-check=1015/1752)
synthetic_004895/posterior_variance.pt
         232054 100%   31.32MB/s   00:00:00 (xfer#871, to-check=1016/1752)
synthetic_004896/
synthetic_004896/composite_mean.pt
         232026 100%   29.22MB/s   00:00:00 (xfer#872, to-check=1018/1752)
synthetic_004896/metadata.json
           1798 100%   26.74MB/s   00:00:00 (xfer#873, to-check=1019/1752)
synthetic_004896/posterior_mean.pt
         232026 100%    7.71MB/s   00:00:00 (xfer#874, to-check=1020/1752)
synthetic_004896/posterior_samples.pt
        5111808  21%    9.64MB/s   00:00:01        9830400  40%    8.98MB/s   00:00:01       14811136  60%    9.33MB/s   00:00:01       20316160  82%   10.49MB/s   00:00:00       24657317 100%    9.68MB/s   00:00:02 (xfer#875, to-check=1021/1752)
synthetic_004896/posterior_std.pt
         232019 100%  249.48MB/s   00:00:00 (xfer#876, to-check=1022/1752)
synthetic_004896/posterior_variance.pt
         232054 100%   40.56MB/s   00:00:00 (xfer#877, to-check=1023/1752)
synthetic_004897/
synthetic_004897/composite_mean.pt
         232026 100%  129.55MB/s   00:00:00 (xfer#878, to-check=1025/1752)
synthetic_004897/metadata.json
           1797 100%   25.22MB/s   00:00:00 (xfer#879, to-check=1026/1752)
synthetic_004897/posterior_mean.pt
         232026 100%   11.61MB/s   00:00:00 (xfer#880, to-check=1027/1752)
synthetic_004897/posterior_samples.pt
        6062080  25%   11.56MB/s   00:00:01       12353536  50%   11.90MB/s   00:00:00       18120704  73%   10.61MB/s   00:00:00       24657317 100%   11.50MB/s   00:00:02 (xfer#881, to-check=1028/1752)
synthetic_004897/posterior_std.pt
         232019 100%  243.14MB/s   00:00:00 (xfer#882, to-check=1029/1752)
synthetic_004897/posterior_variance.pt
         232054 100%  304.43MB/s   00:00:00 (xfer#883, to-check=1030/1752)
synthetic_004898/
synthetic_004898/composite_mean.pt
         232026 100%  131.31MB/s   00:00:00 (xfer#884, to-check=1032/1752)
synthetic_004898/metadata.json
           1799 100%   31.15MB/s   00:00:00 (xfer#885, to-check=1033/1752)
synthetic_004898/posterior_mean.pt
         232026 100%   86.57MB/s   00:00:00 (xfer#886, to-check=1034/1752)
synthetic_004898/posterior_samples.pt
        5177344  21%    9.78MB/s   00:00:01       12353536  50%   13.51MB/s   00:00:00       18907136  77%   12.32MB/s   00:00:00       24657317 100%   11.72MB/s   00:00:02 (xfer#887, to-check=1035/1752)
synthetic_004898/posterior_std.pt
         232019 100%  256.09MB/s   00:00:00 (xfer#888, to-check=1036/1752)
synthetic_004898/posterior_variance.pt
         232054 100%    9.49MB/s   00:00:00 (xfer#889, to-check=1037/1752)
synthetic_004899/
synthetic_004899/composite_mean.pt
         232026 100%    4.73MB/s   00:00:00 (xfer#890, to-check=1039/1752)
synthetic_004899/metadata.json
           1798 100%   18.83MB/s   00:00:00 (xfer#891, to-check=1040/1752)
synthetic_004899/posterior_mean.pt
         232026 100%    4.85MB/s   00:00:00 (xfer#892, to-check=1041/1752)
synthetic_004899/posterior_samples.pt
        7208960  29%   13.48MB/s   00:00:01       13238272  54%   10.43MB/s   00:00:01       18481152  75%    9.63MB/s   00:00:00       24657317 100%   11.21MB/s   00:00:02 (xfer#893, to-check=1042/1752)
synthetic_004899/posterior_std.pt
         232019 100%  243.72MB/s   00:00:00 (xfer#894, to-check=1043/1752)
synthetic_004899/posterior_variance.pt
         232054 100%  260.66MB/s   00:00:00 (xfer#895, to-check=1044/1752)
synthetic_004900/
synthetic_004900/composite_mean.pt
         232026 100%   29.63MB/s   00:00:00 (xfer#896, to-check=1046/1752)
synthetic_004900/metadata.json
           1800 100%   27.69MB/s   00:00:00 (xfer#897, to-check=1047/1752)
synthetic_004900/posterior_mean.pt
         232026 100%   57.00MB/s   00:00:00 (xfer#898, to-check=1048/1752)
synthetic_004900/posterior_samples.pt
        5373952  22%   10.25MB/s   00:00:01        9469952  38%    7.71MB/s   00:00:01       15237120  62%   10.96MB/s   00:00:00       20873216  85%   10.68MB/s   00:00:00       24657317 100%    9.93MB/s   00:00:02 (xfer#899, to-check=1049/1752)
synthetic_004900/posterior_std.pt
         232019 100%  247.82MB/s   00:00:00 (xfer#900, to-check=1050/1752)
synthetic_004900/posterior_variance.pt
         232054 100%  320.18MB/s   00:00:00 (xfer#901, to-check=1051/1752)
synthetic_004901/
synthetic_004901/composite_mean.pt
         232026 100%   12.86MB/s   00:00:00 (xfer#902, to-check=1053/1752)
synthetic_004901/metadata.json
           1800 100%   27.27MB/s   00:00:00 (xfer#903, to-check=1054/1752)
synthetic_004901/posterior_mean.pt
         232026 100%   11.01MB/s   00:00:00 (xfer#904, to-check=1055/1752)
synthetic_004901/posterior_samples.pt
        5963776  24%   11.11MB/s   00:00:01       12255232  50%   11.57MB/s   00:00:01       17989632  73%   10.57MB/s   00:00:00       24018944  97%   11.50MB/s   00:00:00       24657317 100%   11.02MB/s   00:00:02 (xfer#905, to-check=1056/1752)
synthetic_004901/posterior_std.pt
         232019 100%  240.25MB/s   00:00:00 (xfer#906, to-check=1057/1752)
synthetic_004901/posterior_variance.pt
         232054 100%  314.33MB/s   00:00:00 (xfer#907, to-check=1058/1752)
synthetic_004902/
synthetic_004902/composite_mean.pt
         232026 100%   36.53MB/s   00:00:00 (xfer#908, to-check=1060/1752)
synthetic_004902/metadata.json
           1798 100%   27.24MB/s   00:00:00 (xfer#909, to-check=1061/1752)
synthetic_004902/posterior_mean.pt
         232026 100%    3.76MB/s   00:00:00 (xfer#910, to-check=1062/1752)
synthetic_004902/posterior_samples.pt
        5996544  24%   11.31MB/s   00:00:01       11894784  48%   11.22MB/s   00:00:01       17793024  72%   10.99MB/s   00:00:00       23953408  97%   11.66MB/s   00:00:00       24657317 100%   11.18MB/s   00:00:02 (xfer#911, to-check=1063/1752)
synthetic_004902/posterior_std.pt
         232019 100%  243.40MB/s   00:00:00 (xfer#912, to-check=1064/1752)
synthetic_004902/posterior_variance.pt
         232054 100%  292.72MB/s   00:00:00 (xfer#913, to-check=1065/1752)
synthetic_004903/
synthetic_004903/composite_mean.pt
         232026 100%    8.23MB/s   00:00:00 (xfer#914, to-check=1067/1752)
synthetic_004903/metadata.json
           1799 100%    1.58MB/s   00:00:00 (xfer#915, to-check=1068/1752)
synthetic_004903/posterior_mean.pt
         232026 100%   47.31MB/s   00:00:00 (xfer#916, to-check=1069/1752)
synthetic_004903/posterior_samples.pt
        4489216  18%    8.40MB/s   00:00:02        9338880  38%    8.83MB/s   00:00:01       13926400  56%    8.74MB/s   00:00:01       18939904  77%    9.56MB/s   00:00:00       24657317 100%    9.16MB/s   00:00:02 (xfer#917, to-check=1070/1752)
synthetic_004903/posterior_std.pt
         232019 100%  241.56MB/s   00:00:00 (xfer#918, to-check=1071/1752)
synthetic_004903/posterior_variance.pt
         232054 100%   83.00MB/s   00:00:00 (xfer#919, to-check=1072/1752)
synthetic_004904/
synthetic_004904/composite_mean.pt
         232026 100%   11.54MB/s   00:00:00 (xfer#920, to-check=1074/1752)
synthetic_004904/metadata.json
           1799 100%   24.81MB/s   00:00:00 (xfer#921, to-check=1075/1752)
synthetic_004904/posterior_mean.pt
         232026 100%    9.87MB/s   00:00:00 (xfer#922, to-check=1076/1752)
synthetic_004904/posterior_samples.pt
        6193152  25%   11.60MB/s   00:00:01       12091392  49%   10.97MB/s   00:00:01       17334272  70%    9.57MB/s   00:00:00       23363584  95%   11.44MB/s   00:00:00       24657317 100%   10.75MB/s   00:00:02 (xfer#923, to-check=1077/1752)
synthetic_004904/posterior_std.pt
         232019 100%  208.56MB/s   00:00:00 (xfer#924, to-check=1078/1752)
synthetic_004904/posterior_variance.pt
         232054 100%  254.38MB/s   00:00:00 (xfer#925, to-check=1079/1752)
synthetic_004905/
synthetic_004905/composite_mean.pt
         232026 100%  115.31MB/s   00:00:00 (xfer#926, to-check=1081/1752)
synthetic_004905/metadata.json
           1798 100%   20.20MB/s   00:00:00 (xfer#927, to-check=1082/1752)
synthetic_004905/posterior_mean.pt
         232026 100%    9.93MB/s   00:00:00 (xfer#928, to-check=1083/1752)
synthetic_004905/posterior_samples.pt
        6356992  26%   12.09MB/s   00:00:01       12648448  51%   11.71MB/s   00:00:00       19070976  77%   12.14MB/s   00:00:00       24657317 100%   11.79MB/s   00:00:01 (xfer#929, to-check=1084/1752)
synthetic_004905/posterior_std.pt
         232019 100%  260.92MB/s   00:00:00 (xfer#930, to-check=1085/1752)
synthetic_004905/posterior_variance.pt
         232054 100%  327.88MB/s   00:00:00 (xfer#931, to-check=1086/1752)
synthetic_004906/
synthetic_004906/composite_mean.pt
         232026 100%    8.61MB/s   00:00:00 (xfer#932, to-check=1088/1752)
synthetic_004906/metadata.json
           1799 100%   26.75MB/s   00:00:00 (xfer#933, to-check=1089/1752)
synthetic_004906/posterior_mean.pt
         232026 100%   43.07MB/s   00:00:00 (xfer#934, to-check=1090/1752)
synthetic_004906/posterior_samples.pt
        6291456  26%   11.97MB/s   00:00:01       12713984  52%   11.94MB/s   00:00:00       19005440  77%   11.26MB/s   00:00:00       24444928  99%   10.22MB/s   00:00:00       24657317 100%   11.12MB/s   00:00:02 (xfer#935, to-check=1091/1752)
synthetic_004906/posterior_std.pt
         232019 100%  255.53MB/s   00:00:00 (xfer#936, to-check=1092/1752)
synthetic_004906/posterior_variance.pt
         232054 100%   17.37MB/s   00:00:00 (xfer#937, to-check=1093/1752)
synthetic_004907/
synthetic_004907/composite_mean.pt
         232026 100%    9.32MB/s   00:00:00 (xfer#938, to-check=1095/1752)
synthetic_004907/metadata.json
           1799 100%   22.28MB/s   00:00:00 (xfer#939, to-check=1096/1752)
synthetic_004907/posterior_mean.pt
         232026 100%   12.10MB/s   00:00:00 (xfer#940, to-check=1097/1752)
synthetic_004907/posterior_samples.pt
        4849664  20%    9.20MB/s   00:00:02        9961472  40%    9.44MB/s   00:00:01       15728640  64%   10.92MB/s   00:00:00       21626880  88%   10.65MB/s   00:00:00       24657317 100%   10.08MB/s   00:00:02 (xfer#941, to-check=1098/1752)
synthetic_004907/posterior_std.pt
         232019 100%  243.46MB/s   00:00:00 (xfer#942, to-check=1099/1752)
synthetic_004907/posterior_variance.pt
         232054 100%   53.77MB/s   00:00:00 (xfer#943, to-check=1100/1752)
synthetic_004908/
synthetic_004908/composite_mean.pt
         232026 100%   19.59MB/s   00:00:00 (xfer#944, to-check=1102/1752)
synthetic_004908/metadata.json
           1800 100%   20.00MB/s   00:00:00 (xfer#945, to-check=1103/1752)
synthetic_004908/posterior_mean.pt
         232026 100%    9.37MB/s   00:00:00 (xfer#946, to-check=1104/1752)
synthetic_004908/posterior_samples.pt
        5537792  22%   10.31MB/s   00:00:01       11730944  48%   11.81MB/s   00:00:01       17727488  72%   11.38MB/s   00:00:00       24150016  98%   12.13MB/s   00:00:00       24657317 100%   11.21MB/s   00:00:02 (xfer#947, to-check=1105/1752)
synthetic_004908/posterior_std.pt
         232019 100%  243.91MB/s   00:00:00 (xfer#948, to-check=1106/1752)
synthetic_004908/posterior_variance.pt
         232054 100%  303.54MB/s   00:00:00 (xfer#949, to-check=1107/1752)
synthetic_004909/
synthetic_004909/composite_mean.pt
         232026 100%   69.13MB/s   00:00:00 (xfer#950, to-check=1109/1752)
synthetic_004909/metadata.json
           1799 100%   30.62MB/s   00:00:00 (xfer#951, to-check=1110/1752)
synthetic_004909/posterior_mean.pt
         232026 100%   23.13MB/s   00:00:00 (xfer#952, to-check=1111/1752)
synthetic_004909/posterior_samples.pt
        6127616  25%   11.29MB/s   00:00:01       12550144  51%   12.06MB/s   00:00:00       19496960  79%   12.38MB/s   00:00:00       24657317 100%   11.86MB/s   00:00:01 (xfer#953, to-check=1112/1752)
synthetic_004909/posterior_std.pt
         232019 100%  265.70MB/s   00:00:00 (xfer#954, to-check=1113/1752)
synthetic_004909/posterior_variance.pt
         232054 100%   26.10MB/s   00:00:00 (xfer#955, to-check=1114/1752)
synthetic_004910/
synthetic_004910/composite_mean.pt
         232026 100%   11.12MB/s   00:00:00 (xfer#956, to-check=1116/1752)
synthetic_004910/metadata.json
           1797 100%    1.56MB/s   00:00:00 (xfer#957, to-check=1117/1752)
synthetic_004910/posterior_mean.pt
         232026 100%   30.58MB/s   00:00:00 (xfer#958, to-check=1118/1752)
synthetic_004910/posterior_samples.pt
        5734400  23%   10.59MB/s   00:00:01       12288000  50%   12.11MB/s   00:00:00       19103744  77%   12.51MB/s   00:00:00       24657317 100%   11.54MB/s   00:00:02 (xfer#959, to-check=1119/1752)
synthetic_004910/posterior_std.pt
         232019 100%  256.37MB/s   00:00:00 (xfer#960, to-check=1120/1752)
synthetic_004910/posterior_variance.pt
         232054 100%  271.81MB/s   00:00:00 (xfer#961, to-check=1121/1752)
synthetic_004911/
synthetic_004911/composite_mean.pt
         232026 100%   19.99MB/s   00:00:00 (xfer#962, to-check=1123/1752)
synthetic_004911/metadata.json
           1798 100%   28.65MB/s   00:00:00 (xfer#963, to-check=1124/1752)
synthetic_004911/posterior_mean.pt
         232026 100%  232.43MB/s   00:00:00 (xfer#964, to-check=1125/1752)
synthetic_004911/posterior_samples.pt
        5570560  23%   10.40MB/s   00:00:01       11862016  48%   11.96MB/s   00:00:01       19070976  77%   13.73MB/s   00:00:00       24657317 100%   11.92MB/s   00:00:01 (xfer#965, to-check=1126/1752)
synthetic_004911/posterior_std.pt
         232019 100%  222.61MB/s   00:00:00 (xfer#966, to-check=1127/1752)
synthetic_004911/posterior_variance.pt
         232054 100%  284.82MB/s   00:00:00 (xfer#967, to-check=1128/1752)
synthetic_004912/
synthetic_004912/composite_mean.pt
         232026 100%   13.37MB/s   00:00:00 (xfer#968, to-check=1130/1752)
synthetic_004912/metadata.json
           1799 100%   24.81MB/s   00:00:00 (xfer#969, to-check=1131/1752)
synthetic_004912/posterior_mean.pt
         232026 100%   12.66MB/s   00:00:00 (xfer#970, to-check=1132/1752)
synthetic_004912/posterior_samples.pt
        6422528  26%   12.25MB/s   00:00:01       12222464  50%   11.04MB/s   00:00:01       18644992  76%   11.86MB/s   00:00:00       24657317 100%   11.85MB/s   00:00:01 (xfer#971, to-check=1133/1752)
synthetic_004912/posterior_std.pt
         232019 100%  253.78MB/s   00:00:00 (xfer#972, to-check=1134/1752)
synthetic_004912/posterior_variance.pt
         232054 100%  336.31MB/s   00:00:00 (xfer#973, to-check=1135/1752)
synthetic_004913/
synthetic_004913/composite_mean.pt
         232026 100%   13.53MB/s   00:00:00 (xfer#974, to-check=1137/1752)
synthetic_004913/metadata.json
           1799 100%   23.83MB/s   00:00:00 (xfer#975, to-check=1138/1752)
synthetic_004913/posterior_mean.pt
         232026 100%   27.40MB/s   00:00:00 (xfer#976, to-check=1139/1752)
synthetic_004913/posterior_samples.pt
        6881280  28%   13.10MB/s   00:00:01       13565952  55%   12.51MB/s   00:00:00       20152320  82%   12.56MB/s   00:00:00       24657317 100%   12.47MB/s   00:00:01 (xfer#977, to-check=1140/1752)
synthetic_004913/posterior_std.pt
         232019 100%  253.71MB/s   00:00:00 (xfer#978, to-check=1141/1752)
synthetic_004913/posterior_variance.pt
         232054 100%   45.99MB/s   00:00:00 (xfer#979, to-check=1142/1752)
synthetic_004914/
synthetic_004914/composite_mean.pt
         232026 100%    8.35MB/s   00:00:00 (xfer#980, to-check=1144/1752)
synthetic_004914/metadata.json
           1799 100%   20.44MB/s   00:00:00 (xfer#981, to-check=1145/1752)
synthetic_004914/posterior_mean.pt
         232026 100%   18.46MB/s   00:00:00 (xfer#982, to-check=1146/1752)
synthetic_004914/posterior_samples.pt
        6684672  27%   12.70MB/s   00:00:01       13369344  54%   12.61MB/s   00:00:00       20054016  81%   12.25MB/s   00:00:00       24657317 100%   12.36MB/s   00:00:01 (xfer#983, to-check=1147/1752)
synthetic_004914/posterior_std.pt
         232019 100%  263.73MB/s   00:00:00 (xfer#984, to-check=1148/1752)
synthetic_004914/posterior_variance.pt
         232054 100%  321.63MB/s   00:00:00 (xfer#985, to-check=1149/1752)
synthetic_004915/
synthetic_004915/composite_mean.pt
         232026 100%   24.02MB/s   00:00:00 (xfer#986, to-check=1151/1752)
synthetic_004915/metadata.json
           1799 100%   32.27MB/s   00:00:00 (xfer#987, to-check=1152/1752)
synthetic_004915/posterior_mean.pt
         232026 100%   10.87MB/s   00:00:00 (xfer#988, to-check=1153/1752)
synthetic_004915/posterior_samples.pt
        6455296  26%   12.15MB/s   00:00:01       13008896  53%   12.49MB/s   00:00:00       18874368  77%   11.01MB/s   00:00:00       24657317 100%   11.74MB/s   00:00:02 (xfer#989, to-check=1154/1752)
synthetic_004915/posterior_std.pt
         232019 100%  252.54MB/s   00:00:00 (xfer#990, to-check=1155/1752)
synthetic_004915/posterior_variance.pt
         232054 100%  318.86MB/s   00:00:00 (xfer#991, to-check=1156/1752)
synthetic_004916/
synthetic_004916/composite_mean.pt
         232026 100%    9.33MB/s   00:00:00 (xfer#992, to-check=1158/1752)
synthetic_004916/metadata.json
           1798 100%   26.34MB/s   00:00:00 (xfer#993, to-check=1159/1752)
synthetic_004916/posterior_mean.pt
         232026 100%    3.14MB/s   00:00:00 (xfer#994, to-check=1160/1752)
synthetic_004916/posterior_samples.pt
        5210112  21%    9.93MB/s   00:00:01       10846208  44%   10.66MB/s   00:00:01       16351232  66%   10.18MB/s   00:00:00       22118400  90%   10.96MB/s   00:00:00       24657317 100%   10.36MB/s   00:00:02 (xfer#995, to-check=1161/1752)
synthetic_004916/posterior_std.pt
         232019 100%  247.82MB/s   00:00:00 (xfer#996, to-check=1162/1752)
synthetic_004916/posterior_variance.pt
         232054 100%   73.18MB/s   00:00:00 (xfer#997, to-check=1163/1752)
synthetic_004917/
synthetic_004917/composite_mean.pt
         232026 100%   47.29MB/s   00:00:00 (xfer#998, to-check=1165/1752)
synthetic_004917/metadata.json
           1800 100%   29.15MB/s   00:00:00 (xfer#999, to-check=1166/1752)
synthetic_004917/posterior_mean.pt
         232026 100%    7.67MB/s   00:00:00 (xfer#1000, to-check=1167/1752)
synthetic_004917/posterior_samples.pt
        5767168  23%   10.61MB/s   00:00:01       12320768  50%   12.12MB/s   00:00:00       18350080  74%   11.11MB/s   00:00:00       24657317 100%   11.28MB/s   00:00:02 (xfer#1001, to-check=1168/1752)
synthetic_004917/posterior_std.pt
         232019 100%  225.75MB/s   00:00:00 (xfer#1002, to-check=1169/1752)
synthetic_004917/posterior_variance.pt
         232054 100%  291.16MB/s   00:00:00 (xfer#1003, to-check=1170/1752)
synthetic_004918/
synthetic_004918/composite_mean.pt
         232026 100%   50.65MB/s   00:00:00 (xfer#1004, to-check=1172/1752)
synthetic_004918/metadata.json
           1798 100%   29.60MB/s   00:00:00 (xfer#1005, to-check=1173/1752)
synthetic_004918/posterior_mean.pt
         232026 100%    6.83MB/s   00:00:00 (xfer#1006, to-check=1174/1752)
synthetic_004918/posterior_samples.pt
        6455296  26%   12.31MB/s   00:00:01       12255232  50%   10.98MB/s   00:00:01       18513920  75%   11.84MB/s   00:00:00       24657317 100%   11.55MB/s   00:00:00       24657317 100%   11.44MB/s   00:00:02 (xfer#1007, to-check=1175/1752)
synthetic_004918/posterior_std.pt
         232019 100%  236.15MB/s   00:00:00 (xfer#1008, to-check=1176/1752)
synthetic_004918/posterior_variance.pt
         232054 100%  323.08MB/s   00:00:00 (xfer#1009, to-check=1177/1752)
synthetic_004919/
synthetic_004919/composite_mean.pt
         232026 100%  122.46MB/s   00:00:00 (xfer#1010, to-check=1179/1752)
synthetic_004919/metadata.json
           1799 100%   29.13MB/s   00:00:00 (xfer#1011, to-check=1180/1752)
synthetic_004919/posterior_mean.pt
         232026 100%    7.49MB/s   00:00:00 (xfer#1012, to-check=1181/1752)
synthetic_004919/posterior_samples.pt
        7241728  29%   13.56MB/s   00:00:01       13926400  56%   12.70MB/s   00:00:00       20480000  83%   12.33MB/s   00:00:00       24657317 100%   12.35MB/s   00:00:01 (xfer#1013, to-check=1182/1752)
synthetic_004919/posterior_std.pt
         232019 100%  255.81MB/s   00:00:00 (xfer#1014, to-check=1183/1752)
synthetic_004919/posterior_variance.pt
         232054 100%  317.45MB/s   00:00:00 (xfer#1015, to-check=1184/1752)
synthetic_004920/
synthetic_004920/composite_mean.pt
         232026 100%   36.76MB/s   00:00:00 (xfer#1016, to-check=1186/1752)
synthetic_004920/metadata.json
           1798 100%   29.12MB/s   00:00:00 (xfer#1017, to-check=1187/1752)
synthetic_004920/posterior_mean.pt
         232026 100%   11.16MB/s   00:00:00 (xfer#1018, to-check=1188/1752)
synthetic_004920/posterior_samples.pt
        5767168  23%   10.89MB/s   00:00:01       12845056  52%   13.22MB/s   00:00:00       19529728  79%   12.13MB/s   00:00:00       24657317 100%   12.08MB/s   00:00:01 (xfer#1019, to-check=1189/1752)
synthetic_004920/posterior_std.pt
         232019 100%  257.58MB/s   00:00:00 (xfer#1020, to-check=1190/1752)
synthetic_004920/posterior_variance.pt
         232054 100%  156.06MB/s   00:00:00 (xfer#1021, to-check=1191/1752)
synthetic_004921/
synthetic_004921/composite_mean.pt
         232026 100%   22.72MB/s   00:00:00 (xfer#1022, to-check=1193/1752)
synthetic_004921/metadata.json
           1800 100%    1.57MB/s   00:00:00 (xfer#1023, to-check=1194/1752)
synthetic_004921/posterior_mean.pt
         232026 100%   11.35MB/s   00:00:00 (xfer#1024, to-check=1195/1752)
synthetic_004921/posterior_samples.pt
        6553600  27%   12.45MB/s   00:00:01       13238272  54%   12.54MB/s   00:00:00       19922944  81%   12.40MB/s   00:00:00       24657317 100%   12.31MB/s   00:00:01 (xfer#1025, to-check=1196/1752)
synthetic_004921/posterior_std.pt
         232019 100%  264.41MB/s   00:00:00 (xfer#1026, to-check=1197/1752)
synthetic_004921/posterior_variance.pt
         232054 100%   66.63MB/s   00:00:00 (xfer#1027, to-check=1198/1752)
synthetic_004922/
synthetic_004922/composite_mean.pt
         232026 100%   25.01MB/s   00:00:00 (xfer#1028, to-check=1200/1752)
synthetic_004922/metadata.json
           1800 100%   25.99MB/s   00:00:00 (xfer#1029, to-check=1201/1752)
synthetic_004922/posterior_mean.pt
         232026 100%   10.01MB/s   00:00:00 (xfer#1030, to-check=1202/1752)
synthetic_004922/posterior_samples.pt
        6586368  27%   12.24MB/s   00:00:01       13402112  54%   12.91MB/s   00:00:00       20054016  81%   12.69MB/s   00:00:00       24657317 100%   12.30MB/s   00:00:01 (xfer#1031, to-check=1203/1752)
synthetic_004922/posterior_std.pt
         232019 100%  257.87MB/s   00:00:00 (xfer#1032, to-check=1204/1752)
synthetic_004922/posterior_variance.pt
         232054 100%  332.81MB/s   00:00:00 (xfer#1033, to-check=1205/1752)
synthetic_004923/
synthetic_004923/composite_mean.pt
         232026 100%   24.48MB/s   00:00:00 (xfer#1034, to-check=1207/1752)
synthetic_004923/metadata.json
           1798 100%   29.12MB/s   00:00:00 (xfer#1035, to-check=1208/1752)
synthetic_004923/posterior_mean.pt
         232026 100%   11.28MB/s   00:00:00 (xfer#1036, to-check=1209/1752)
synthetic_004923/posterior_samples.pt
        5898240  24%   10.91MB/s   00:00:01       10092544  41%    7.45MB/s   00:00:01       16252928  66%   11.67MB/s   00:00:00       21757952  88%   10.06MB/s   00:00:00       24657317 100%    9.94MB/s   00:00:02 (xfer#1037, to-check=1210/1752)
synthetic_004923/posterior_std.pt
         232019 100%  245.00MB/s   00:00:00 (xfer#1038, to-check=1211/1752)
synthetic_004923/posterior_variance.pt
         232054 100%   55.66MB/s   00:00:00 (xfer#1039, to-check=1212/1752)
synthetic_004924/
synthetic_004924/composite_mean.pt
         232026 100%    7.46MB/s   00:00:00 (xfer#1040, to-check=1214/1752)
synthetic_004924/metadata.json
           1799 100%   23.21MB/s   00:00:00 (xfer#1041, to-check=1215/1752)
synthetic_004924/posterior_mean.pt
         232026 100%   20.87MB/s   00:00:00 (xfer#1042, to-check=1216/1752)
synthetic_004924/posterior_samples.pt
        6258688  25%   11.59MB/s   00:00:01       11894784  48%   10.70MB/s   00:00:01       17530880  71%   10.74MB/s   00:00:00       23298048  94%   10.93MB/s   00:00:00       24608768 100%    1.30MB/s   00:00:00       24657317 100%    7.79MB/s   00:00:03 (xfer#1043, to-check=1217/1752)
synthetic_004924/posterior_std.pt
         232019 100%  215.23MB/s   00:00:00 (xfer#1044, to-check=1218/1752)
synthetic_004924/posterior_variance.pt
         232054 100%  257.34MB/s   00:00:00 (xfer#1045, to-check=1219/1752)
synthetic_004925/
synthetic_004925/composite_mean.pt
         232026 100%  277.63MB/s   00:00:00 (xfer#1046, to-check=1221/1752)
synthetic_004925/metadata.json
           1799 100%   29.98MB/s   00:00:00 (xfer#1047, to-check=1222/1752)
synthetic_004925/posterior_mean.pt
         232026 100%  315.25MB/s   00:00:00 (xfer#1048, to-check=1223/1752)
synthetic_004925/posterior_samples.pt
        6553600  27%   12.36MB/s   00:00:01       11272192  46%    8.91MB/s   00:00:01       15859712  64%    8.69MB/s   00:00:00       20447232  83%    8.68MB/s   00:00:00       24657317 100%    9.67MB/s   00:00:02 (xfer#1049, to-check=1224/1752)
synthetic_004925/posterior_std.pt
         232019 100%  250.56MB/s   00:00:00 (xfer#1050, to-check=1225/1752)
synthetic_004925/posterior_variance.pt
         232054 100%  322.19MB/s   00:00:00 (xfer#1051, to-check=1226/1752)
synthetic_004926/
synthetic_004926/composite_mean.pt
         232026 100%    6.03MB/s   00:00:00 (xfer#1052, to-check=1228/1752)
synthetic_004926/metadata.json
           1798 100%   18.63MB/s   00:00:00 (xfer#1053, to-check=1229/1752)
synthetic_004926/posterior_mean.pt
         232026 100%   27.36MB/s   00:00:00 (xfer#1054, to-check=1230/1752)
synthetic_004926/posterior_samples.pt
        5177344  21%    9.31MB/s   00:00:01       10289152  42%    9.51MB/s   00:00:01       16056320  65%   10.94MB/s   00:00:00       21954560  89%   11.13MB/s   00:00:00       24657317 100%   10.14MB/s   00:00:02 (xfer#1055, to-check=1231/1752)
synthetic_004926/posterior_std.pt
         232019 100%  261.21MB/s   00:00:00 (xfer#1056, to-check=1232/1752)
synthetic_004926/posterior_variance.pt
         232054 100%   41.62MB/s   00:00:00 (xfer#1057, to-check=1233/1752)
synthetic_004927/
synthetic_004927/composite_mean.pt
         232026 100%   36.75MB/s   00:00:00 (xfer#1058, to-check=1235/1752)
synthetic_004927/metadata.json
           1798 100%   30.60MB/s   00:00:00 (xfer#1059, to-check=1236/1752)
synthetic_004927/posterior_mean.pt
         232026 100%    5.82MB/s   00:00:00 (xfer#1060, to-check=1237/1752)
synthetic_004927/posterior_samples.pt
        5242880  21%    9.53MB/s   00:00:01       10977280  45%   10.36MB/s   00:00:01       16613376  67%   10.44MB/s   00:00:00       22249472  90%   10.56MB/s   00:00:00       24657317 100%   10.20MB/s   00:00:02 (xfer#1061, to-check=1238/1752)
synthetic_004927/posterior_std.pt
         232019 100%  264.03MB/s   00:00:00 (xfer#1062, to-check=1239/1752)
synthetic_004927/posterior_variance.pt
         232054 100%   20.25MB/s   00:00:00 (xfer#1063, to-check=1240/1752)
synthetic_004928/
synthetic_004928/composite_mean.pt
         232026 100%   44.05MB/s   00:00:00 (xfer#1064, to-check=1242/1752)
synthetic_004928/metadata.json
           1798 100%   24.55MB/s   00:00:00 (xfer#1065, to-check=1243/1752)
synthetic_004928/posterior_mean.pt
         232026 100%   13.45MB/s   00:00:00 (xfer#1066, to-check=1244/1752)
synthetic_004928/posterior_samples.pt
        6094848  25%   11.55MB/s   00:00:01       11993088  49%   10.94MB/s   00:00:01       17629184  71%   10.54MB/s   00:00:00       24412160  99%   12.32MB/s   00:00:00       24657317 100%   11.24MB/s   00:00:02 (xfer#1067, to-check=1245/1752)
synthetic_004928/posterior_std.pt
         232019 100%  241.56MB/s   00:00:00 (xfer#1068, to-check=1246/1752)
synthetic_004928/posterior_variance.pt
         232054 100%   11.81MB/s   00:00:00 (xfer#1069, to-check=1247/1752)
synthetic_004929/
synthetic_004929/composite_mean.pt
         232026 100%    4.91MB/s   00:00:00 (xfer#1070, to-check=1249/1752)
synthetic_004929/metadata.json
           1800 100%   24.91MB/s   00:00:00 (xfer#1071, to-check=1250/1752)
synthetic_004929/posterior_mean.pt
         232026 100%   21.15MB/s   00:00:00 (xfer#1072, to-check=1251/1752)
synthetic_004929/posterior_samples.pt
        5111808  21%    9.44MB/s   00:00:01        9699328  39%    8.73MB/s   00:00:01       15073280  61%    9.71MB/s   00:00:00       20840448  85%   10.79MB/s   00:00:00       24657317 100%    9.79MB/s   00:00:02 (xfer#1073, to-check=1252/1752)
synthetic_004929/posterior_std.pt
         232019 100%  243.91MB/s   00:00:00 (xfer#1074, to-check=1253/1752)
synthetic_004929/posterior_variance.pt
         232054 100%  306.95MB/s   00:00:00 (xfer#1075, to-check=1254/1752)
synthetic_004930/
synthetic_004930/composite_mean.pt
         232026 100%   10.25MB/s   00:00:00 (xfer#1076, to-check=1256/1752)
synthetic_004930/metadata.json
           1799 100%   25.61MB/s   00:00:00 (xfer#1077, to-check=1257/1752)
synthetic_004930/posterior_mean.pt
         232026 100%   40.76MB/s   00:00:00 (xfer#1078, to-check=1258/1752)
synthetic_004930/posterior_samples.pt
        6488064  26%   12.32MB/s   00:00:01       12386304  50%   10.83MB/s   00:00:01       19070976  77%   12.50MB/s   00:00:00       24657317 100%   11.63MB/s   00:00:02 (xfer#1079, to-check=1259/1752)
synthetic_004930/posterior_std.pt
         232019 100%  242.82MB/s   00:00:00 (xfer#1080, to-check=1260/1752)
synthetic_004930/posterior_variance.pt
         232054 100%  255.85MB/s   00:00:00 (xfer#1081, to-check=1261/1752)
synthetic_004931/
synthetic_004931/composite_mean.pt
         232026 100%  114.84MB/s   00:00:00 (xfer#1082, to-check=1263/1752)
synthetic_004931/metadata.json
           1796 100%   28.51MB/s   00:00:00 (xfer#1083, to-check=1264/1752)
synthetic_004931/posterior_mean.pt
         232026 100%   20.48MB/s   00:00:00 (xfer#1084, to-check=1265/1752)
synthetic_004931/posterior_samples.pt
        6389760  26%   12.02MB/s   00:00:01       13074432  53%   12.74MB/s   00:00:00       17072128  69%    7.10MB/s   00:00:01       21004288  85%    7.14MB/s   00:00:00       24657317 100%    6.63MB/s   00:00:00       24657317 100%    8.93MB/s   00:00:02 (xfer#1085, to-check=1266/1752)
synthetic_004931/posterior_std.pt
         232019 100%  109.31MB/s   00:00:00 (xfer#1086, to-check=1267/1752)
synthetic_004931/posterior_variance.pt
         232054 100%   26.49MB/s   00:00:00 (xfer#1087, to-check=1268/1752)
synthetic_004932/
synthetic_004932/composite_mean.pt
         232026 100%    5.57MB/s   00:00:00 (xfer#1088, to-check=1270/1752)
synthetic_004932/metadata.json
           1798 100%   20.91MB/s   00:00:00 (xfer#1089, to-check=1271/1752)
synthetic_004932/posterior_mean.pt
         232026 100%    5.93MB/s   00:00:00 (xfer#1090, to-check=1272/1752)
synthetic_004932/posterior_samples.pt
        3735552  15%    6.90MB/s   00:00:02        7798784  32%    7.67MB/s   00:00:02       11993088  49%    7.71MB/s   00:00:01       16187392  66%    7.91MB/s   00:00:01       20512768  83%    8.07MB/s   00:00:00       24444928  99%    7.24MB/s   00:00:00       24657317 100%    7.48MB/s   00:00:03 (xfer#1091, to-check=1273/1752)
synthetic_004932/posterior_std.pt
         232019 100%  254.06MB/s   00:00:00 (xfer#1092, to-check=1274/1752)
synthetic_004932/posterior_variance.pt
         232054 100%   20.38MB/s   00:00:00 (xfer#1093, to-check=1275/1752)
synthetic_004933/
synthetic_004933/composite_mean.pt
         232026 100%  131.24MB/s   00:00:00 (xfer#1094, to-check=1277/1752)
synthetic_004933/metadata.json
           1798 100%   30.60MB/s   00:00:00 (xfer#1095, to-check=1278/1752)
synthetic_004933/posterior_mean.pt
         232026 100%    4.40MB/s   00:00:00 (xfer#1096, to-check=1279/1752)
synthetic_004933/posterior_samples.pt
        4194304  17%    7.92MB/s   00:00:02        7995392  32%    6.62MB/s   00:00:02       11141120  45%    5.73MB/s   00:00:02       14548992  59%    6.36MB/s   00:00:01       18481152  75%    7.44MB/s   00:00:00       22675456  92%    7.81MB/s   00:00:00       24657317 100%    7.01MB/s   00:00:03 (xfer#1097, to-check=1280/1752)
synthetic_004933/posterior_std.pt
         232019 100%   13.83MB/s   00:00:00 (xfer#1098, to-check=1281/1752)
synthetic_004933/posterior_variance.pt
         232054 100%    5.39MB/s   00:00:00 (xfer#1099, to-check=1282/1752)
synthetic_004934/
synthetic_004934/composite_mean.pt
         232026 100%   86.37MB/s   00:00:00 (xfer#1100, to-check=1284/1752)
synthetic_004934/metadata.json
           1796 100%   19.26MB/s   00:00:00 (xfer#1101, to-check=1285/1752)
synthetic_004934/posterior_mean.pt
         232026 100%    5.86MB/s   00:00:00 (xfer#1102, to-check=1286/1752)
synthetic_004934/posterior_samples.pt
        4718592  19%    8.57MB/s   00:00:02        9437184  38%    8.81MB/s   00:00:01       13107200  53%    6.65MB/s   00:00:01       17432576  71%    8.17MB/s   00:00:00       22151168  90%    8.96MB/s   00:00:00       24657317 100%    8.24MB/s   00:00:02 (xfer#1103, to-check=1287/1752)
synthetic_004934/posterior_std.pt
         232019 100%  243.97MB/s   00:00:00 (xfer#1104, to-check=1288/1752)
synthetic_004934/posterior_variance.pt
         232054 100%    7.12MB/s   00:00:00 (xfer#1105, to-check=1289/1752)
synthetic_004935/
synthetic_004935/composite_mean.pt
         232026 100%   58.39MB/s   00:00:00 (xfer#1106, to-check=1291/1752)
synthetic_004935/metadata.json
           1798 100%   23.50MB/s   00:00:00 (xfer#1107, to-check=1292/1752)
synthetic_004935/posterior_mean.pt
         232026 100%    6.54MB/s   00:00:00 (xfer#1108, to-check=1293/1752)
synthetic_004935/posterior_samples.pt
        4227072  17%    7.88MB/s   00:00:02        9076736  37%    9.23MB/s   00:00:01       13533184  55%    8.29MB/s   00:00:01       17563648  71%    7.60MB/s   00:00:00       21102592  86%    6.54MB/s   00:00:00       24657317 100%    7.76MB/s   00:00:03 (xfer#1109, to-check=1294/1752)
synthetic_004935/posterior_std.pt
         232019 100%  235.43MB/s   00:00:00 (xfer#1110, to-check=1295/1752)
synthetic_004935/posterior_variance.pt
         232054 100%    6.73MB/s   00:00:00 (xfer#1111, to-check=1296/1752)
synthetic_004936/
synthetic_004936/composite_mean.pt
         232026 100%   19.35MB/s   00:00:00 (xfer#1112, to-check=1298/1752)
synthetic_004936/metadata.json
           1797 100%   21.72MB/s   00:00:00 (xfer#1113, to-check=1299/1752)
synthetic_004936/posterior_mean.pt
         232026 100%    6.32MB/s   00:00:00 (xfer#1114, to-check=1300/1752)
synthetic_004936/posterior_samples.pt
        3571712  14%    6.75MB/s   00:00:02        5636096  23%    3.88MB/s   00:00:04        8257536  33%    4.93MB/s   00:00:03       10747904  44%    4.54MB/s   00:00:02       13369344  54%    4.98MB/s   00:00:02       15990784  65%    4.98MB/s   00:00:01       19005440  77%    5.56MB/s   00:00:00       22151168  90%    5.98MB/s   00:00:00       24657317 100%    5.23MB/s   00:00:04 (xfer#1115, to-check=1301/1752)
synthetic_004936/posterior_std.pt
         232019 100%  142.02MB/s   00:00:00 (xfer#1116, to-check=1302/1752)
synthetic_004936/posterior_variance.pt
         232054 100%    5.45MB/s   00:00:00 (xfer#1117, to-check=1303/1752)
synthetic_004937/
synthetic_004937/composite_mean.pt
         232026 100%   17.15MB/s   00:00:00 (xfer#1118, to-check=1305/1752)
synthetic_004937/metadata.json
           1797 100%   22.25MB/s   00:00:00 (xfer#1119, to-check=1306/1752)
synthetic_004937/posterior_mean.pt
         232026 100%    5.00MB/s   00:00:00 (xfer#1120, to-check=1307/1752)
synthetic_004937/posterior_samples.pt
        3309568  13%    6.09MB/s   00:00:03        6979584  28%    6.81MB/s   00:00:02       11042816  45%    7.60MB/s   00:00:01       14450688  59%    6.49MB/s   00:00:01       18907136  77%    8.33MB/s   00:00:00       23363584  95%    8.30MB/s   00:00:00       24657317 100%    7.25MB/s   00:00:03 (xfer#1121, to-check=1308/1752)
synthetic_004937/posterior_std.pt
         232019 100%  258.81MB/s   00:00:00 (xfer#1122, to-check=1309/1752)
synthetic_004937/posterior_variance.pt
         232054 100%   65.83MB/s   00:00:00 (xfer#1123, to-check=1310/1752)
synthetic_004938/
synthetic_004938/composite_mean.pt
         232026 100%    6.04MB/s   00:00:00 (xfer#1124, to-check=1312/1752)
synthetic_004938/metadata.json
           1797 100%   23.49MB/s   00:00:00 (xfer#1125, to-check=1313/1752)
synthetic_004938/posterior_mean.pt
         232026 100%   17.65MB/s   00:00:00 (xfer#1126, to-check=1314/1752)
synthetic_004938/posterior_samples.pt
        4587520  19%    8.74MB/s   00:00:02        9043968  37%    8.34MB/s   00:00:01       14024704  57%    9.28MB/s   00:00:01       19398656  79%   10.01MB/s   00:00:00       24510464  99%    9.66MB/s   00:00:00       24657317 100%    9.05MB/s   00:00:02 (xfer#1127, to-check=1315/1752)
synthetic_004938/posterior_std.pt
         232019 100%  214.19MB/s   00:00:00 (xfer#1128, to-check=1316/1752)
synthetic_004938/posterior_variance.pt
         232054 100%  295.89MB/s   00:00:00 (xfer#1129, to-check=1317/1752)
synthetic_004939/
synthetic_004939/composite_mean.pt
         232026 100%   16.41MB/s   00:00:00 (xfer#1130, to-check=1319/1752)
synthetic_004939/metadata.json
           1796 100%   22.24MB/s   00:00:00 (xfer#1131, to-check=1320/1752)
synthetic_004939/posterior_mean.pt
         232026 100%    7.25MB/s   00:00:00 (xfer#1132, to-check=1321/1752)
synthetic_004939/posterior_samples.pt
        5308416  22%    9.97MB/s   00:00:01        9568256  39%    7.92MB/s   00:00:01       13107200  53%    6.19MB/s   00:00:01       16449536  67%    6.21MB/s   00:00:01       19464192  79%    5.73MB/s   00:00:00       23134208  94%    6.89MB/s   00:00:00       24657317 100%    7.07MB/s   00:00:03 (xfer#1133, to-check=1322/1752)
synthetic_004939/posterior_std.pt
         232019 100%    9.05MB/s   00:00:00 (xfer#1134, to-check=1323/1752)
synthetic_004939/posterior_variance.pt
         232054 100%    3.75MB/s   00:00:00 (xfer#1135, to-check=1324/1752)
synthetic_004940/
synthetic_004940/composite_mean.pt
         232026 100%   16.81MB/s   00:00:00 (xfer#1136, to-check=1326/1752)
synthetic_004940/metadata.json
           1799 100%   17.90MB/s   00:00:00 (xfer#1137, to-check=1327/1752)
synthetic_004940/posterior_mean.pt
         232026 100%    4.64MB/s   00:00:00 (xfer#1138, to-check=1328/1752)
synthetic_004940/posterior_samples.pt
        3637248  15%    6.66MB/s   00:00:03        7307264  30%    6.87MB/s   00:00:02       11239424  46%    7.49MB/s   00:00:01       15433728  63%    7.88MB/s   00:00:01       19759104  80%    8.23MB/s   00:00:00       23953408  97%    7.96MB/s   00:00:00       24657317 100%    7.47MB/s   00:00:03 (xfer#1139, to-check=1329/1752)
synthetic_004940/posterior_std.pt
         232019 100%  260.26MB/s   00:00:00 (xfer#1140, to-check=1330/1752)
synthetic_004940/posterior_variance.pt
         232054 100%   39.63MB/s   00:00:00 (xfer#1141, to-check=1331/1752)
synthetic_004941/
synthetic_004941/composite_mean.pt
         232026 100%    5.53MB/s   00:00:00 (xfer#1142, to-check=1333/1752)
synthetic_004941/metadata.json
           1798 100%   24.13MB/s   00:00:00 (xfer#1143, to-check=1334/1752)
synthetic_004941/posterior_mean.pt
         232026 100%  250.57MB/s   00:00:00 (xfer#1144, to-check=1335/1752)
synthetic_004941/posterior_samples.pt
        4161536  17%    7.54MB/s   00:00:02        8880128  36%    8.90MB/s   00:00:01       13467648  55%    8.47MB/s   00:00:01       18251776  74%    8.63MB/s   00:00:00       22183936  90%    7.14MB/s   00:00:00       24657317 100%    7.93MB/s   00:00:02 (xfer#1145, to-check=1336/1752)
synthetic_004941/posterior_std.pt
         232019 100%  234.13MB/s   00:00:00 (xfer#1146, to-check=1337/1752)
synthetic_004941/posterior_variance.pt
         232054 100%    5.85MB/s   00:00:00 (xfer#1147, to-check=1338/1752)
synthetic_004942/
synthetic_004942/composite_mean.pt
         232026 100%    5.92MB/s   00:00:00 (xfer#1148, to-check=1340/1752)
synthetic_004942/metadata.json
           1799 100%   14.54MB/s   00:00:00 (xfer#1149, to-check=1341/1752)
synthetic_004942/posterior_mean.pt
         232026 100%   11.55MB/s   00:00:00 (xfer#1150, to-check=1342/1752)
synthetic_004942/posterior_samples.pt
        4325376  18%    8.09MB/s   00:00:02        7995392  32%    6.73MB/s   00:00:02       12320768  50%    7.92MB/s   00:00:01       17039360  69%    8.70MB/s   00:00:00       21495808  87%    8.50MB/s   00:00:00       24657317 100%    7.96MB/s   00:00:02 (xfer#1151, to-check=1343/1752)
synthetic_004942/posterior_std.pt
         232019 100%  247.22MB/s   00:00:00 (xfer#1152, to-check=1344/1752)
synthetic_004942/posterior_variance.pt
         232054 100%   11.93MB/s   00:00:00 (xfer#1153, to-check=1345/1752)
synthetic_004943/
synthetic_004943/composite_mean.pt
         232026 100%    4.26MB/s   00:00:00 (xfer#1154, to-check=1347/1752)
synthetic_004943/metadata.json
           1796 100%   19.01MB/s   00:00:00 (xfer#1155, to-check=1348/1752)
synthetic_004943/posterior_mean.pt
         232026 100%   31.07MB/s   00:00:00 (xfer#1156, to-check=1349/1752)
synthetic_004943/posterior_samples.pt
        4620288  19%    8.67MB/s   00:00:02        9076736  37%    8.35MB/s   00:00:01       13926400  56%    9.23MB/s   00:00:01       19398656  79%   10.44MB/s   00:00:00       24412160  99%    9.15MB/s   00:00:00       24657317 100%    9.07MB/s   00:00:02 (xfer#1157, to-check=1350/1752)
synthetic_004943/posterior_std.pt
         232019 100%  262.46MB/s   00:00:00 (xfer#1158, to-check=1351/1752)
synthetic_004943/posterior_variance.pt
         232054 100%  290.43MB/s   00:00:00 (xfer#1159, to-check=1352/1752)
synthetic_004944/
synthetic_004944/composite_mean.pt
         232026 100%    8.05MB/s   00:00:00 (xfer#1160, to-check=1354/1752)
synthetic_004944/metadata.json
           1797 100%   25.22MB/s   00:00:00 (xfer#1161, to-check=1355/1752)
synthetic_004944/posterior_mean.pt
         232026 100%   23.50MB/s   00:00:00 (xfer#1162, to-check=1356/1752)
synthetic_004944/posterior_samples.pt
        5341184  22%    9.89MB/s   00:00:01       10715136  43%    9.62MB/s   00:00:01       16089088  65%   10.08MB/s   00:00:00       21725184  88%   10.68MB/s   00:00:00       24657317 100%    9.98MB/s   00:00:02 (xfer#1163, to-check=1357/1752)
synthetic_004944/posterior_std.pt
         232019 100%  240.00MB/s   00:00:00 (xfer#1164, to-check=1358/1752)
synthetic_004944/posterior_variance.pt
         232054 100%  300.20MB/s   00:00:00 (xfer#1165, to-check=1359/1752)
synthetic_004945/
synthetic_004945/composite_mean.pt
         232026 100%    9.39MB/s   00:00:00 (xfer#1166, to-check=1361/1752)
synthetic_004945/metadata.json
           1798 100%   24.13MB/s   00:00:00 (xfer#1167, to-check=1362/1752)
synthetic_004945/posterior_mean.pt
         232026 100%   12.74MB/s   00:00:00 (xfer#1168, to-check=1363/1752)
synthetic_004945/posterior_samples.pt
        3375104  14%    6.34MB/s   00:00:03        4947968  20%    2.87MB/s   00:00:06        6651904  27%    3.05MB/s   00:00:05        8355840  34%    3.11MB/s   00:00:04       10190848  41%    3.27MB/s   00:00:04       12156928  49%    3.69MB/s   00:00:03       14254080  58%    3.72MB/s   00:00:02       16482304  67%    3.83MB/s   00:00:02       18972672  77%    4.52MB/s   00:00:01       21594112  88%    4.73MB/s   00:00:00       24657317 100%    4.05MB/s   00:00:05 (xfer#1169, to-check=1364/1752)
synthetic_004945/posterior_std.pt
         232019 100%   16.54MB/s   00:00:00 (xfer#1170, to-check=1365/1752)
synthetic_004945/posterior_variance.pt
         232054 100%    5.28MB/s   00:00:00 (xfer#1171, to-check=1366/1752)
synthetic_004946/
synthetic_004946/composite_mean.pt
         232026 100%   45.60MB/s   00:00:00 (xfer#1172, to-check=1368/1752)
synthetic_004946/metadata.json
           1797 100%   55.98KB/s   00:00:00 (xfer#1173, to-check=1369/1752)
synthetic_004946/posterior_mean.pt
         232026 100%   17.10MB/s   00:00:00 (xfer#1174, to-check=1370/1752)
synthetic_004946/posterior_samples.pt
        3309568  13%    6.26MB/s   00:00:03        6586368  27%    5.94MB/s   00:00:02       10387456  42%    7.07MB/s   00:00:01       14188544  58%    7.24MB/s   00:00:01       18251776  74%    7.74MB/s   00:00:00       22315008  91%    7.25MB/s   00:00:00       24657317 100%    6.92MB/s   00:00:03 (xfer#1175, to-check=1371/1752)
synthetic_004946/posterior_std.pt
         232019 100%  180.49MB/s   00:00:00 (xfer#1176, to-check=1372/1752)
synthetic_004946/posterior_variance.pt
         232054 100%  301.47MB/s   00:00:00 (xfer#1177, to-check=1373/1752)
synthetic_004947/
synthetic_004947/composite_mean.pt
         232026 100%   11.99MB/s   00:00:00 (xfer#1178, to-check=1375/1752)
synthetic_004947/metadata.json
           1797 100%   23.19MB/s   00:00:00 (xfer#1179, to-check=1376/1752)
synthetic_004947/posterior_mean.pt
         232026 100%    5.28MB/s   00:00:00 (xfer#1180, to-check=1377/1752)
synthetic_004947/posterior_samples.pt
        4456448  18%    8.41MB/s   00:00:02        9109504  37%    8.87MB/s   00:00:01       11665408  47%    4.86MB/s   00:00:02       16384000  66%    8.86MB/s   00:00:00       21233664  86%    9.25MB/s   00:00:00       24657317 100%    8.21MB/s   00:00:02 (xfer#1181, to-check=1378/1752)
synthetic_004947/posterior_std.pt
         232019 100%  240.81MB/s   00:00:00 (xfer#1182, to-check=1379/1752)
synthetic_004947/posterior_variance.pt
         232054 100%  321.18MB/s   00:00:00 (xfer#1183, to-check=1380/1752)
synthetic_004948/
synthetic_004948/composite_mean.pt
         232026 100%    6.26MB/s   00:00:00 (xfer#1184, to-check=1382/1752)
synthetic_004948/metadata.json
           1797 100%   27.23MB/s   00:00:00 (xfer#1185, to-check=1383/1752)
synthetic_004948/posterior_mean.pt
         232026 100%    7.21MB/s   00:00:00 (xfer#1186, to-check=1384/1752)
synthetic_004948/posterior_samples.pt
        4685824  19%    8.93MB/s   00:00:02       10420224  42%   10.88MB/s   00:00:01       16449536  67%   11.18MB/s   00:00:00       20643840  84%    7.60MB/s   00:00:00       24657317 100%    9.37MB/s   00:00:02 (xfer#1187, to-check=1385/1752)
synthetic_004948/posterior_std.pt
         232019 100%  214.44MB/s   00:00:00 (xfer#1188, to-check=1386/1752)
synthetic_004948/posterior_variance.pt
         232054 100%  292.72MB/s   00:00:00 (xfer#1189, to-check=1387/1752)
synthetic_004949/
synthetic_004949/composite_mean.pt
         232026 100%    4.59MB/s   00:00:00 (xfer#1190, to-check=1389/1752)
synthetic_004949/metadata.json
           1798 100%   23.43MB/s   00:00:00 (xfer#1191, to-check=1390/1752)
synthetic_004949/posterior_mean.pt
         232026 100%   17.66MB/s   00:00:00 (xfer#1192, to-check=1391/1752)
synthetic_004949/posterior_samples.pt
        5373952  22%    9.86MB/s   00:00:01       11272192  46%   11.14MB/s   00:00:01       17432576  71%   11.40MB/s   00:00:00       24248320  98%   12.89MB/s   00:00:00       24657317 100%   11.11MB/s   00:00:02 (xfer#1193, to-check=1392/1752)
synthetic_004949/posterior_std.pt
         232019 100%  233.42MB/s   00:00:00 (xfer#1194, to-check=1393/1752)
synthetic_004949/posterior_variance.pt
         232054 100%  289.34MB/s   00:00:00 (xfer#1195, to-check=1394/1752)
synthetic_004950/
synthetic_004950/composite_mean.pt
         232026 100%  309.88MB/s   00:00:00 (xfer#1196, to-check=1396/1752)
synthetic_004950/metadata.json
           1797 100%    1.52MB/s   00:00:00 (xfer#1197, to-check=1397/1752)
synthetic_004950/posterior_mean.pt
         232026 100%   10.19MB/s   00:00:00 (xfer#1198, to-check=1398/1752)
synthetic_004950/posterior_samples.pt
        6979584  28%   13.31MB/s   00:00:01       13565952  55%   11.88MB/s   00:00:00       20512768  83%   13.10MB/s   00:00:00       24657317 100%   12.45MB/s   00:00:01 (xfer#1199, to-check=1399/1752)
synthetic_004950/posterior_std.pt
         232019 100%  252.33MB/s   00:00:00 (xfer#1200, to-check=1400/1752)
synthetic_004950/posterior_variance.pt
         232054 100%  308.99MB/s   00:00:00 (xfer#1201, to-check=1401/1752)
synthetic_004951/
synthetic_004951/composite_mean.pt
         232026 100%   18.65MB/s   00:00:00 (xfer#1202, to-check=1403/1752)
synthetic_004951/metadata.json
           1798 100%   24.46MB/s   00:00:00 (xfer#1203, to-check=1404/1752)
synthetic_004951/posterior_mean.pt
         232026 100%   20.48MB/s   00:00:00 (xfer#1204, to-check=1405/1752)
synthetic_004951/posterior_samples.pt
        4653056  19%    8.86MB/s   00:00:02       11894784  48%   13.70MB/s   00:00:00       18579456  75%   12.57MB/s   00:00:00       24657317 100%   11.73MB/s   00:00:02 (xfer#1205, to-check=1406/1752)
synthetic_004951/posterior_std.pt
         232019 100%  258.81MB/s   00:00:00 (xfer#1206, to-check=1407/1752)
synthetic_004951/posterior_variance.pt
         232054 100%   78.98MB/s   00:00:00 (xfer#1207, to-check=1408/1752)
synthetic_004952/
synthetic_004952/composite_mean.pt
         232026 100%   21.30MB/s   00:00:00 (xfer#1208, to-check=1410/1752)
synthetic_004952/metadata.json
           1799 100%   27.68MB/s   00:00:00 (xfer#1209, to-check=1411/1752)
synthetic_004952/posterior_mean.pt
         232026 100%   11.14MB/s   00:00:00 (xfer#1210, to-check=1412/1752)
synthetic_004952/posterior_samples.pt
        5832704  24%   10.31MB/s   00:00:01       12124160  49%   11.95MB/s   00:00:01       17498112  71%   10.15MB/s   00:00:00       23789568  96%   11.68MB/s   00:00:00       24657317 100%   10.91MB/s   00:00:02 (xfer#1211, to-check=1413/1752)
synthetic_004952/posterior_std.pt
         232019 100%  257.30MB/s   00:00:00 (xfer#1212, to-check=1414/1752)
synthetic_004952/posterior_variance.pt
         232054 100%  293.18MB/s   00:00:00 (xfer#1213, to-check=1415/1752)
synthetic_004953/
synthetic_004953/composite_mean.pt
         232026 100%   38.60MB/s   00:00:00 (xfer#1214, to-check=1417/1752)
synthetic_004953/metadata.json
           1798 100%   21.47MB/s   00:00:00 (xfer#1215, to-check=1418/1752)
synthetic_004953/posterior_mean.pt
         232026 100%   17.02MB/s   00:00:00 (xfer#1216, to-check=1419/1752)
synthetic_004953/posterior_samples.pt
        6225920  25%   11.41MB/s   00:00:01       12517376  51%   11.92MB/s   00:00:00       19857408  81%   13.91MB/s   00:00:00       24657317 100%   12.22MB/s   00:00:01 (xfer#1217, to-check=1420/1752)
synthetic_004953/posterior_std.pt
         232019 100%  243.21MB/s   00:00:00 (xfer#1218, to-check=1421/1752)
synthetic_004953/posterior_variance.pt
         232054 100%  309.10MB/s   00:00:00 (xfer#1219, to-check=1422/1752)
synthetic_004954/
synthetic_004954/composite_mean.pt
         232026 100%   12.89MB/s   00:00:00 (xfer#1220, to-check=1424/1752)
synthetic_004954/metadata.json
           1797 100%   27.65MB/s   00:00:00 (xfer#1221, to-check=1425/1752)
synthetic_004954/posterior_mean.pt
         232026 100%   22.73MB/s   00:00:00 (xfer#1222, to-check=1426/1752)
synthetic_004954/posterior_samples.pt
        6520832  26%   12.40MB/s   00:00:01       13074432  53%   12.37MB/s   00:00:00       19759104  80%   12.75MB/s   00:00:00       24657317 100%   12.25MB/s   00:00:01 (xfer#1223, to-check=1427/1752)
synthetic_004954/posterior_std.pt
         232019 100%  244.81MB/s   00:00:00 (xfer#1224, to-check=1428/1752)
synthetic_004954/posterior_variance.pt
         232054 100%  313.37MB/s   00:00:00 (xfer#1225, to-check=1429/1752)
synthetic_004955/
synthetic_004955/composite_mean.pt
         232026 100%   14.61MB/s   00:00:00 (xfer#1226, to-check=1431/1752)
synthetic_004955/metadata.json
           1797 100%   30.59MB/s   00:00:00 (xfer#1227, to-check=1432/1752)
synthetic_004955/posterior_mean.pt
         232026 100%   18.45MB/s   00:00:00 (xfer#1228, to-check=1433/1752)
synthetic_004955/posterior_samples.pt
        6553600  27%   12.44MB/s   00:00:01       13238272  54%   12.59MB/s   00:00:00       19922944  81%   12.51MB/s   00:00:00       24657317 100%   12.27MB/s   00:00:01 (xfer#1229, to-check=1434/1752)
synthetic_004955/posterior_std.pt
         232019 100%  217.14MB/s   00:00:00 (xfer#1230, to-check=1435/1752)
synthetic_004955/posterior_variance.pt
         232054 100%  304.83MB/s   00:00:00 (xfer#1231, to-check=1436/1752)
synthetic_004956/
synthetic_004956/composite_mean.pt
         232026 100%   53.49MB/s   00:00:00 (xfer#1232, to-check=1438/1752)
synthetic_004956/metadata.json
           1797 100%   28.08MB/s   00:00:00 (xfer#1233, to-check=1439/1752)
synthetic_004956/posterior_mean.pt
         232026 100%   11.51MB/s   00:00:00 (xfer#1234, to-check=1440/1752)
synthetic_004956/posterior_samples.pt
        6651904  27%   12.46MB/s   00:00:01       13336576  54%   12.65MB/s   00:00:00       19398656  79%   10.94MB/s   00:00:00       24657317 100%   11.74MB/s   00:00:02 (xfer#1235, to-check=1441/1752)
synthetic_004956/posterior_std.pt
         232019 100%  250.83MB/s   00:00:00 (xfer#1236, to-check=1442/1752)
synthetic_004956/posterior_variance.pt
         232054 100%   25.58MB/s   00:00:00 (xfer#1237, to-check=1443/1752)
synthetic_004957/
synthetic_004957/composite_mean.pt
         232026 100%  125.44MB/s   00:00:00 (xfer#1238, to-check=1445/1752)
synthetic_004957/metadata.json
           1797 100%   28.64MB/s   00:00:00 (xfer#1239, to-check=1446/1752)
synthetic_004957/posterior_mean.pt
         232026 100%   25.24MB/s   00:00:00 (xfer#1240, to-check=1447/1752)
synthetic_004957/posterior_samples.pt
        6946816  28%   13.07MB/s   00:00:01       13631488  55%   12.59MB/s   00:00:00       19267584  78%   10.50MB/s   00:00:00       24657317 100%   11.61MB/s   00:00:02 (xfer#1241, to-check=1448/1752)
synthetic_004957/posterior_std.pt
         232019 100%  236.63MB/s   00:00:00 (xfer#1242, to-check=1449/1752)
synthetic_004957/posterior_variance.pt
         232054 100%   34.29MB/s   00:00:00 (xfer#1243, to-check=1450/1752)
synthetic_004958/
synthetic_004958/composite_mean.pt
         232026 100%   39.74MB/s   00:00:00 (xfer#1244, to-check=1452/1752)
synthetic_004958/metadata.json
           1794 100%    1.63MB/s   00:00:00 (xfer#1245, to-check=1453/1752)
synthetic_004958/posterior_mean.pt
         232026 100%    7.61MB/s   00:00:00 (xfer#1246, to-check=1454/1752)
synthetic_004958/posterior_samples.pt
        6914048  28%   12.78MB/s   00:00:01       13860864  56%   13.09MB/s   00:00:00       20545536  83%   12.64MB/s   00:00:00       24657317 100%   12.46MB/s   00:00:01 (xfer#1247, to-check=1455/1752)
synthetic_004958/posterior_std.pt
         232019 100%   73.73MB/s   00:00:00 (xfer#1248, to-check=1456/1752)
synthetic_004958/posterior_variance.pt
         232054 100%  210.77MB/s   00:00:00 (xfer#1249, to-check=1457/1752)
synthetic_004959/
synthetic_004959/composite_mean.pt
         232026 100%   25.57MB/s   00:00:00 (xfer#1250, to-check=1459/1752)
synthetic_004959/metadata.json
           1798 100%    8.61MB/s   00:00:00 (xfer#1251, to-check=1460/1752)
synthetic_004959/posterior_mean.pt
         232026 100%   19.22MB/s   00:00:00 (xfer#1252, to-check=1461/1752)
synthetic_004959/posterior_samples.pt
        5603328  23%   10.46MB/s   00:00:01       11632640  47%   11.37MB/s   00:00:01       18055168  73%   12.10MB/s   00:00:00       24657317 100%   11.47MB/s   00:00:02 (xfer#1253, to-check=1462/1752)
synthetic_004959/posterior_std.pt
         232019 100%  161.49MB/s   00:00:00 (xfer#1254, to-check=1463/1752)
synthetic_004959/posterior_variance.pt
         232054 100%  244.78MB/s   00:00:00 (xfer#1255, to-check=1464/1752)
synthetic_004960/
synthetic_004960/composite_mean.pt
         232026 100%   10.22MB/s   00:00:00 (xfer#1256, to-check=1466/1752)
synthetic_004960/metadata.json
           1798 100%    8.02MB/s   00:00:00 (xfer#1257, to-check=1467/1752)
synthetic_004960/posterior_mean.pt
         232026 100%   33.38MB/s   00:00:00 (xfer#1258, to-check=1468/1752)
synthetic_004960/posterior_samples.pt
        6619136  27%   12.46MB/s   00:00:01       13434880  54%   12.94MB/s   00:00:00       20381696  83%   12.93MB/s   00:00:00       24657317 100%   12.41MB/s   00:00:01 (xfer#1259, to-check=1469/1752)
synthetic_004960/posterior_std.pt
         232019 100%  142.30MB/s   00:00:00 (xfer#1260, to-check=1470/1752)
synthetic_004960/posterior_variance.pt
         232054 100%    8.24MB/s   00:00:00 (xfer#1261, to-check=1471/1752)
synthetic_004961/
synthetic_004961/composite_mean.pt
         232026 100%   33.32MB/s   00:00:00 (xfer#1262, to-check=1473/1752)
synthetic_004961/metadata.json
           1798 100%    8.49MB/s   00:00:00 (xfer#1263, to-check=1474/1752)
synthetic_004961/posterior_mean.pt
         232026 100%  101.05MB/s   00:00:00 (xfer#1264, to-check=1475/1752)
synthetic_004961/posterior_samples.pt
        5406720  22%   10.28MB/s   00:00:01       12353536  50%   13.24MB/s   00:00:00       18644992  76%   11.88MB/s   00:00:00       24657317 100%   11.71MB/s   00:00:02 (xfer#1265, to-check=1476/1752)
synthetic_004961/posterior_std.pt
         232019 100%  153.35MB/s   00:00:00 (xfer#1266, to-check=1477/1752)
synthetic_004961/posterior_variance.pt
         232054 100%  149.42MB/s   00:00:00 (xfer#1267, to-check=1478/1752)
synthetic_004962/
synthetic_004962/composite_mean.pt
         232026 100%    7.77MB/s   00:00:00 (xfer#1268, to-check=1480/1752)
synthetic_004962/metadata.json
           1798 100%    8.09MB/s   00:00:00 (xfer#1269, to-check=1481/1752)
synthetic_004962/posterior_mean.pt
         232026 100%   41.56MB/s   00:00:00 (xfer#1270, to-check=1482/1752)
synthetic_004962/posterior_samples.pt
        6717440  27%   12.71MB/s   00:00:01       13533184  55%   12.95MB/s   00:00:00       19955712  81%   12.24MB/s   00:00:00       24657317 100%   12.35MB/s   00:00:01 (xfer#1271, to-check=1483/1752)
synthetic_004962/posterior_std.pt
         232019 100%  141.76MB/s   00:00:00 (xfer#1272, to-check=1484/1752)
synthetic_004962/posterior_variance.pt
         232054 100%  217.38MB/s   00:00:00 (xfer#1273, to-check=1485/1752)
synthetic_004963/
synthetic_004963/composite_mean.pt
         232026 100%   53.06MB/s   00:00:00 (xfer#1274, to-check=1487/1752)
synthetic_004963/metadata.json
           1798 100%    9.85MB/s   00:00:00 (xfer#1275, to-check=1488/1752)
synthetic_004963/posterior_mean.pt
         232026 100%   10.10MB/s   00:00:00 (xfer#1276, to-check=1489/1752)
synthetic_004963/posterior_samples.pt
        6717440  27%   12.75MB/s   00:00:01       13402112  54%   12.55MB/s   00:00:00       18055168  73%    8.71MB/s   00:00:00       23953408  97%   11.15MB/s   00:00:00       24657317 100%   11.10MB/s   00:00:02 (xfer#1277, to-check=1490/1752)
synthetic_004963/posterior_std.pt
         232019 100%  156.72MB/s   00:00:00 (xfer#1278, to-check=1491/1752)
synthetic_004963/posterior_variance.pt
         232054 100%  195.33MB/s   00:00:00 (xfer#1279, to-check=1492/1752)
synthetic_004964/
synthetic_004964/composite_mean.pt
         232026 100%   14.23MB/s   00:00:00 (xfer#1280, to-check=1494/1752)
synthetic_004964/metadata.json
           1799 100%    8.54MB/s   00:00:00 (xfer#1281, to-check=1495/1752)
synthetic_004964/posterior_mean.pt
         232026 100%   26.79MB/s   00:00:00 (xfer#1282, to-check=1496/1752)
synthetic_004964/posterior_samples.pt
        5832704  24%   11.05MB/s   00:00:01       12648448  51%   12.98MB/s   00:00:00       19595264  79%   13.21MB/s   00:00:00       24657317 100%   12.22MB/s   00:00:01 (xfer#1283, to-check=1497/1752)
synthetic_004964/posterior_std.pt
         232019 100%  146.82MB/s   00:00:00 (xfer#1284, to-check=1498/1752)
synthetic_004964/posterior_variance.pt
         232054 100%  222.65MB/s   00:00:00 (xfer#1285, to-check=1499/1752)
synthetic_004965/
synthetic_004965/composite_mean.pt
         232026 100%   23.22MB/s   00:00:00 (xfer#1286, to-check=1501/1752)
synthetic_004965/metadata.json
           1798 100%    4.98MB/s   00:00:00 (xfer#1287, to-check=1502/1752)
synthetic_004965/posterior_mean.pt
         232026 100%   12.84MB/s   00:00:00 (xfer#1288, to-check=1503/1752)
synthetic_004965/posterior_samples.pt
        6619136  27%   12.61MB/s   00:00:01       12779520  52%   11.55MB/s   00:00:00       19464192  79%   12.36MB/s   00:00:00       24657317 100%   11.81MB/s   00:00:01 (xfer#1289, to-check=1504/1752)
synthetic_004965/posterior_std.pt
         232019 100%  164.76MB/s   00:00:00 (xfer#1290, to-check=1505/1752)
synthetic_004965/posterior_variance.pt
         232054 100%  188.16MB/s   00:00:00 (xfer#1291, to-check=1506/1752)
synthetic_004966/
synthetic_004966/composite_mean.pt
         232026 100%  161.30MB/s   00:00:00 (xfer#1292, to-check=1508/1752)
synthetic_004966/metadata.json
           1798 100%    7.76MB/s   00:00:00 (xfer#1293, to-check=1509/1752)
synthetic_004966/posterior_mean.pt
         232026 100%   20.77MB/s   00:00:00 (xfer#1294, to-check=1510/1752)
synthetic_004966/posterior_samples.pt
        6651904  27%   12.69MB/s   00:00:01       13598720  55%   12.65MB/s   00:00:00       20545536  83%   12.98MB/s   00:00:00       24657317 100%   12.51MB/s   00:00:01 (xfer#1295, to-check=1511/1752)
synthetic_004966/posterior_std.pt
         232019 100%  138.56MB/s   00:00:00 (xfer#1296, to-check=1512/1752)
synthetic_004966/posterior_variance.pt
         232054 100%  107.32MB/s   00:00:00 (xfer#1297, to-check=1513/1752)
synthetic_004967/
synthetic_004967/composite_mean.pt
         232026 100%   11.72MB/s   00:00:00 (xfer#1298, to-check=1515/1752)
synthetic_004967/metadata.json
           1798 100%    7.11MB/s   00:00:00 (xfer#1299, to-check=1516/1752)
synthetic_004967/posterior_mean.pt
         232026 100%   20.62MB/s   00:00:00 (xfer#1300, to-check=1517/1752)
synthetic_004967/posterior_samples.pt
        6586368  27%   12.49MB/s   00:00:01       13271040  54%   12.61MB/s   00:00:00       19824640  80%   12.49MB/s   00:00:00       24657317 100%   12.25MB/s   00:00:01 (xfer#1301, to-check=1518/1752)
synthetic_004967/posterior_std.pt
         232019 100%  145.86MB/s   00:00:00 (xfer#1302, to-check=1519/1752)
synthetic_004967/posterior_variance.pt
         232054 100%  176.33MB/s   00:00:00 (xfer#1303, to-check=1520/1752)
synthetic_004968/
synthetic_004968/composite_mean.pt
         232026 100%   43.84MB/s   00:00:00 (xfer#1304, to-check=1522/1752)
synthetic_004968/metadata.json
           1799 100%    8.62MB/s   00:00:00 (xfer#1305, to-check=1523/1752)
synthetic_004968/posterior_mean.pt
         232026 100%   10.91MB/s   00:00:00 (xfer#1306, to-check=1524/1752)
synthetic_004968/posterior_samples.pt
        6586368  27%   12.53MB/s   00:00:01       12713984  52%   11.69MB/s   00:00:00       19562496  79%   12.94MB/s   00:00:00       24657317 100%   12.25MB/s   00:00:01 (xfer#1307, to-check=1525/1752)
synthetic_004968/posterior_std.pt
         232019 100%  140.85MB/s   00:00:00 (xfer#1308, to-check=1526/1752)
synthetic_004968/posterior_variance.pt
         232054 100%  186.76MB/s   00:00:00 (xfer#1309, to-check=1527/1752)
synthetic_004969/
synthetic_004969/composite_mean.pt
         232026 100%   28.33MB/s   00:00:00 (xfer#1310, to-check=1529/1752)
synthetic_004969/metadata.json
           1798 100%    5.57MB/s   00:00:00 (xfer#1311, to-check=1530/1752)
synthetic_004969/posterior_mean.pt
         232026 100%   11.65MB/s   00:00:00 (xfer#1312, to-check=1531/1752)
synthetic_004969/posterior_samples.pt
        6586368  27%   12.53MB/s   00:00:01       13271040  54%   12.66MB/s   00:00:00       19562496  79%   11.02MB/s   00:00:00       24543232 100%    9.34MB/s   00:00:00       24657317 100%   11.19MB/s   00:00:02 (xfer#1313, to-check=1532/1752)
synthetic_004969/posterior_std.pt
         232019 100%  168.77MB/s   00:00:00 (xfer#1314, to-check=1533/1752)
synthetic_004969/posterior_variance.pt
         232054 100%  174.28MB/s   00:00:00 (xfer#1315, to-check=1534/1752)
synthetic_004970/
synthetic_004970/composite_mean.pt
         232026 100%   11.66MB/s   00:00:00 (xfer#1316, to-check=1536/1752)
synthetic_004970/metadata.json
           1798 100%    7.69MB/s   00:00:00 (xfer#1317, to-check=1537/1752)
synthetic_004970/posterior_mean.pt
         232026 100%    7.64MB/s   00:00:00 (xfer#1318, to-check=1538/1752)
synthetic_004970/posterior_samples.pt
        5799936  24%   10.82MB/s   00:00:01       12222464  50%   12.15MB/s   00:00:00       19300352  78%   13.47MB/s   00:00:00       24657317 100%   12.02MB/s   00:00:01 (xfer#1319, to-check=1539/1752)
synthetic_004970/posterior_std.pt
         232019 100%  136.42MB/s   00:00:00 (xfer#1320, to-check=1540/1752)
synthetic_004970/posterior_variance.pt
         232054 100%  225.84MB/s   00:00:00 (xfer#1321, to-check=1541/1752)
synthetic_004971/
synthetic_004971/composite_mean.pt
         232026 100%   19.28MB/s   00:00:00 (xfer#1322, to-check=1543/1752)
synthetic_004971/metadata.json
           1798 100%    8.93MB/s   00:00:00 (xfer#1323, to-check=1544/1752)
synthetic_004971/posterior_mean.pt
         232026 100%   12.49MB/s   00:00:00 (xfer#1324, to-check=1545/1752)
synthetic_004971/posterior_samples.pt
        6455296  26%   11.92MB/s   00:00:01       13402112  54%   13.12MB/s   00:00:00       19824640  80%   11.36MB/s   00:00:00       24657317 100%   11.83MB/s   00:00:01 (xfer#1325, to-check=1546/1752)
synthetic_004971/posterior_std.pt
         232019 100%  135.01MB/s   00:00:00 (xfer#1326, to-check=1547/1752)
synthetic_004971/posterior_variance.pt
         232054 100%  230.27MB/s   00:00:00 (xfer#1327, to-check=1548/1752)
synthetic_004972/
synthetic_004972/composite_mean.pt
         232026 100%   35.86MB/s   00:00:00 (xfer#1328, to-check=1550/1752)
synthetic_004972/metadata.json
           1797 100%    7.97MB/s   00:00:00 (xfer#1329, to-check=1551/1752)
synthetic_004972/posterior_mean.pt
         232026 100%    7.86MB/s   00:00:00 (xfer#1330, to-check=1552/1752)
synthetic_004972/posterior_samples.pt
        5242880  21%    9.94MB/s   00:00:01       11403264  46%   11.63MB/s   00:00:01       17825792  72%   11.59MB/s   00:00:00       23986176  97%   11.70MB/s   00:00:00       24657317 100%   10.95MB/s   00:00:02 (xfer#1331, to-check=1553/1752)
synthetic_004972/posterior_std.pt
         232019 100%  145.67MB/s   00:00:00 (xfer#1332, to-check=1554/1752)
synthetic_004972/posterior_variance.pt
         232054 100%   19.84MB/s   00:00:00 (xfer#1333, to-check=1555/1752)
synthetic_004973/
synthetic_004973/composite_mean.pt
         232026 100%   35.24MB/s   00:00:00 (xfer#1334, to-check=1557/1752)
synthetic_004973/metadata.json
           1798 100%    8.32MB/s   00:00:00 (xfer#1335, to-check=1558/1752)
synthetic_004973/posterior_mean.pt
         232026 100%    7.35MB/s   00:00:00 (xfer#1336, to-check=1559/1752)
synthetic_004973/posterior_samples.pt
        6815744  28%   12.29MB/s   00:00:01       13762560  56%   13.22MB/s   00:00:00       20316160  82%   12.28MB/s   00:00:00       24657317 100%   12.33MB/s   00:00:01 (xfer#1337, to-check=1560/1752)
synthetic_004973/posterior_std.pt
         232019 100%  129.69MB/s   00:00:00 (xfer#1338, to-check=1561/1752)
synthetic_004973/posterior_variance.pt
         232054 100%  223.29MB/s   00:00:00 (xfer#1339, to-check=1562/1752)
synthetic_004974/
synthetic_004974/composite_mean.pt
         232026 100%   17.85MB/s   00:00:00 (xfer#1340, to-check=1564/1752)
synthetic_004974/metadata.json
           1799 100%    7.36MB/s   00:00:00 (xfer#1341, to-check=1565/1752)
synthetic_004974/posterior_mean.pt
         232026 100%    8.47MB/s   00:00:00 (xfer#1342, to-check=1566/1752)
synthetic_004974/posterior_samples.pt
        6389760  26%   11.79MB/s   00:00:01       13074432  53%   12.03MB/s   00:00:00       20152320  82%   13.42MB/s   00:00:00       24657317 100%   12.32MB/s   00:00:01 (xfer#1343, to-check=1567/1752)
synthetic_004974/posterior_std.pt
         232019 100%  148.49MB/s   00:00:00 (xfer#1344, to-check=1568/1752)
synthetic_004974/posterior_variance.pt
         232054 100%  165.05MB/s   00:00:00 (xfer#1345, to-check=1569/1752)
synthetic_004975/
synthetic_004975/composite_mean.pt
         232026 100%   32.52MB/s   00:00:00 (xfer#1346, to-check=1571/1752)
synthetic_004975/metadata.json
           1798 100%    8.85MB/s   00:00:00 (xfer#1347, to-check=1572/1752)
synthetic_004975/posterior_mean.pt
         232026 100%   12.56MB/s   00:00:00 (xfer#1348, to-check=1573/1752)
synthetic_004975/posterior_samples.pt
        6193152  25%   11.81MB/s   00:00:01       12943360  52%   12.25MB/s   00:00:00       19857408  81%   13.13MB/s   00:00:00       24657317 100%   12.24MB/s   00:00:01 (xfer#1349, to-check=1574/1752)
synthetic_004975/posterior_std.pt
         232019 100%  119.03MB/s   00:00:00 (xfer#1350, to-check=1575/1752)
synthetic_004975/posterior_variance.pt
         232054 100%  206.45MB/s   00:00:00 (xfer#1351, to-check=1576/1752)
synthetic_004976/
synthetic_004976/composite_mean.pt
         232026 100%   12.36MB/s   00:00:00 (xfer#1352, to-check=1578/1752)
synthetic_004976/metadata.json
           1799 100%    5.03MB/s   00:00:00 (xfer#1353, to-check=1579/1752)
synthetic_004976/posterior_mean.pt
         232026 100%   23.79MB/s   00:00:00 (xfer#1354, to-check=1580/1752)
synthetic_004976/posterior_samples.pt
        6520832  26%   12.37MB/s   00:00:01       13205504  54%   12.26MB/s   00:00:00       20021248  81%   12.86MB/s   00:00:00       24657317 100%   12.29MB/s   00:00:01 (xfer#1355, to-check=1581/1752)
synthetic_004976/posterior_std.pt
         232019 100%  139.60MB/s   00:00:00 (xfer#1356, to-check=1582/1752)
synthetic_004976/posterior_variance.pt
         232054 100%  218.46MB/s   00:00:00 (xfer#1357, to-check=1583/1752)
synthetic_004977/
synthetic_004977/composite_mean.pt
         232026 100%   11.71MB/s   00:00:00 (xfer#1358, to-check=1585/1752)
synthetic_004977/metadata.json
           1798 100%    7.80MB/s   00:00:00 (xfer#1359, to-check=1586/1752)
synthetic_004977/posterior_mean.pt
         232026 100%   20.14MB/s   00:00:00 (xfer#1360, to-check=1587/1752)
synthetic_004977/posterior_samples.pt
        6520832  26%   12.43MB/s   00:00:01       13074432  53%   12.50MB/s   00:00:00       19759104  80%   12.59MB/s   00:00:00       24657317 100%   12.24MB/s   00:00:01 (xfer#1361, to-check=1588/1752)
synthetic_004977/posterior_std.pt
         232019 100%  136.16MB/s   00:00:00 (xfer#1362, to-check=1589/1752)
synthetic_004977/posterior_variance.pt
         232054 100%  185.01MB/s   00:00:00 (xfer#1363, to-check=1590/1752)
synthetic_004978/
synthetic_004978/composite_mean.pt
         232026 100%    6.68MB/s   00:00:00 (xfer#1364, to-check=1592/1752)
synthetic_004978/metadata.json
           1799 100%    9.07MB/s   00:00:00 (xfer#1365, to-check=1593/1752)
synthetic_004978/posterior_mean.pt
         232026 100%   44.36MB/s   00:00:00 (xfer#1366, to-check=1594/1752)
synthetic_004978/posterior_samples.pt
        5275648  21%   10.02MB/s   00:00:01       10027008  41%    8.95MB/s   00:00:01       13959168  57%    7.04MB/s   00:00:01       18939904  77%    9.31MB/s   00:00:00       24182784  98%    9.76MB/s   00:00:00       24657317 100%    8.85MB/s   00:00:02 (xfer#1367, to-check=1595/1752)
synthetic_004978/posterior_std.pt
         232019 100%  112.15MB/s   00:00:00 (xfer#1368, to-check=1596/1752)
synthetic_004978/posterior_variance.pt
         232054 100%  200.44MB/s   00:00:00 (xfer#1369, to-check=1597/1752)
synthetic_004979/
synthetic_004979/composite_mean.pt
         232026 100%    7.51MB/s   00:00:00 (xfer#1370, to-check=1599/1752)
synthetic_004979/metadata.json
           1797 100%    7.33MB/s   00:00:00 (xfer#1371, to-check=1600/1752)
synthetic_004979/posterior_mean.pt
         232026 100%   11.17MB/s   00:00:00 (xfer#1372, to-check=1601/1752)
synthetic_004979/posterior_samples.pt
        4980736  20%    9.29MB/s   00:00:02       10485760  43%   10.36MB/s   00:00:01       14843904  60%    8.08MB/s   00:00:01       19038208  77%    7.75MB/s   00:00:00       23494656  95%    8.35MB/s   00:00:00       24657317 100%    8.45MB/s   00:00:02 (xfer#1373, to-check=1602/1752)
synthetic_004979/posterior_std.pt
         232019 100%  131.16MB/s   00:00:00 (xfer#1374, to-check=1603/1752)
synthetic_004979/posterior_variance.pt
         232054 100%  216.52MB/s   00:00:00 (xfer#1375, to-check=1604/1752)
synthetic_004980/
synthetic_004980/composite_mean.pt
         232026 100%    6.07MB/s   00:00:00 (xfer#1376, to-check=1606/1752)
synthetic_004980/metadata.json
           1799 100%    9.43MB/s   00:00:00 (xfer#1377, to-check=1607/1752)
synthetic_004980/posterior_mean.pt
         232026 100%   12.20MB/s   00:00:00 (xfer#1378, to-check=1608/1752)
synthetic_004980/posterior_samples.pt
        3964928  16%    7.29MB/s   00:00:02        8814592  36%    8.71MB/s   00:00:01       13271040  54%    8.49MB/s   00:00:01       17727488  72%    8.11MB/s   00:00:00       22577152  92%    9.06MB/s   00:00:00       24657317 100%    8.32MB/s   00:00:02 (xfer#1379, to-check=1609/1752)
synthetic_004980/posterior_std.pt
         232019 100%  157.84MB/s   00:00:00 (xfer#1380, to-check=1610/1752)
synthetic_004980/posterior_variance.pt
         232054 100%   35.24MB/s   00:00:00 (xfer#1381, to-check=1611/1752)
synthetic_004981/
synthetic_004981/composite_mean.pt
         232026 100%    6.53MB/s   00:00:00 (xfer#1382, to-check=1613/1752)
synthetic_004981/metadata.json
           1797 100%    7.90MB/s   00:00:00 (xfer#1383, to-check=1614/1752)
synthetic_004981/posterior_mean.pt
         232026 100%   10.88MB/s   00:00:00 (xfer#1384, to-check=1615/1752)
synthetic_004981/posterior_samples.pt
        5079040  21%    9.37MB/s   00:00:01       10190848  41%    9.67MB/s   00:00:01       15171584  62%    9.34MB/s   00:00:00       20414464  83%    8.82MB/s   00:00:00       24657317 100%    9.23MB/s   00:00:02 (xfer#1385, to-check=1616/1752)
synthetic_004981/posterior_std.pt
         232019 100%  134.93MB/s   00:00:00 (xfer#1386, to-check=1617/1752)
synthetic_004981/posterior_variance.pt
         232054 100%   65.21MB/s   00:00:00 (xfer#1387, to-check=1618/1752)
synthetic_004982/
synthetic_004982/composite_mean.pt
         232026 100%    6.74MB/s   00:00:00 (xfer#1388, to-check=1620/1752)
synthetic_004982/metadata.json
           1799 100%    7.91MB/s   00:00:00 (xfer#1389, to-check=1621/1752)
synthetic_004982/posterior_mean.pt
         232026 100%   21.85MB/s   00:00:00 (xfer#1390, to-check=1622/1752)
synthetic_004982/posterior_samples.pt
        5079040  21%    9.63MB/s   00:00:01       10846208  44%   10.95MB/s   00:00:01       16875520  68%   11.44MB/s   00:00:00       22872064  93%   11.43MB/s   00:00:00       24657317 100%   10.45MB/s   00:00:02 (xfer#1391, to-check=1623/1752)
synthetic_004982/posterior_std.pt
         232019 100%  141.39MB/s   00:00:00 (xfer#1392, to-check=1624/1752)
synthetic_004982/posterior_variance.pt
         232054 100%  164.90MB/s   00:00:00 (xfer#1393, to-check=1625/1752)
synthetic_004983/
synthetic_004983/composite_mean.pt
         232026 100%    6.77MB/s   00:00:00 (xfer#1394, to-check=1627/1752)
synthetic_004983/metadata.json
           1799 100%    7.66MB/s   00:00:00 (xfer#1395, to-check=1628/1752)
synthetic_004983/posterior_mean.pt
         232026 100%  123.55MB/s   00:00:00 (xfer#1396, to-check=1629/1752)
synthetic_004983/posterior_samples.pt
        5799936  24%   11.03MB/s   00:00:01       12091392  49%   11.93MB/s   00:00:01       18513920  75%   12.11MB/s   00:00:00       24657317 100%   11.63MB/s   00:00:02 (xfer#1397, to-check=1630/1752)
synthetic_004983/posterior_std.pt
         232019 100%  154.96MB/s   00:00:00 (xfer#1398, to-check=1631/1752)
synthetic_004983/posterior_variance.pt
         232054 100%  194.64MB/s   00:00:00 (xfer#1399, to-check=1632/1752)
synthetic_004984/
synthetic_004984/composite_mean.pt
         232026 100%   13.52MB/s   00:00:00 (xfer#1400, to-check=1634/1752)
synthetic_004984/metadata.json
           1798 100%    9.80MB/s   00:00:00 (xfer#1401, to-check=1635/1752)
synthetic_004984/posterior_mean.pt
         232026 100%   39.99MB/s   00:00:00 (xfer#1402, to-check=1636/1752)
synthetic_004984/posterior_samples.pt
        6717440  27%   11.71MB/s   00:00:01       13664256  55%   13.23MB/s   00:00:00       20742144  84%   13.33MB/s   00:00:00       24657317 100%   12.44MB/s   00:00:01 (xfer#1403, to-check=1637/1752)
synthetic_004984/posterior_std.pt
         232019 100%  175.87MB/s   00:00:00 (xfer#1404, to-check=1638/1752)
synthetic_004984/posterior_variance.pt
         232054 100%  162.84MB/s   00:00:00 (xfer#1405, to-check=1639/1752)
synthetic_004985/
synthetic_004985/composite_mean.pt
         232026 100%   26.71MB/s   00:00:00 (xfer#1406, to-check=1641/1752)
synthetic_004985/metadata.json
           1798 100%    8.61MB/s   00:00:00 (xfer#1407, to-check=1642/1752)
synthetic_004985/posterior_mean.pt
         232026 100%   10.33MB/s   00:00:00 (xfer#1408, to-check=1643/1752)
synthetic_004985/posterior_samples.pt
        6553600  27%   12.48MB/s   00:00:01       13238272  54%   12.46MB/s   00:00:00       19922944  81%   12.56MB/s   00:00:00       24657317 100%   12.30MB/s   00:00:01 (xfer#1409, to-check=1644/1752)
synthetic_004985/posterior_std.pt
         232019 100%  131.94MB/s   00:00:00 (xfer#1410, to-check=1645/1752)
synthetic_004985/posterior_variance.pt
         232054 100%  207.24MB/s   00:00:00 (xfer#1411, to-check=1646/1752)
synthetic_004986/
synthetic_004986/composite_mean.pt
         232026 100%   21.35MB/s   00:00:00 (xfer#1412, to-check=1648/1752)
synthetic_004986/metadata.json
           1798 100%    8.45MB/s   00:00:00 (xfer#1413, to-check=1649/1752)
synthetic_004986/posterior_mean.pt
         232026 100%   10.92MB/s   00:00:00 (xfer#1414, to-check=1650/1752)
synthetic_004986/posterior_samples.pt
        6586368  27%   12.42MB/s   00:00:01       12615680  51%   10.95MB/s   00:00:01       18350080  74%   10.83MB/s   00:00:00       24657317 100%   11.51MB/s   00:00:02 (xfer#1415, to-check=1651/1752)
synthetic_004986/posterior_std.pt
         232019 100%  161.26MB/s   00:00:00 (xfer#1416, to-check=1652/1752)
synthetic_004986/posterior_variance.pt
         232054 100%    2.36MB/s   00:00:00 (xfer#1417, to-check=1653/1752)
synthetic_004987/
synthetic_004987/composite_mean.pt
         232026 100%    5.13MB/s   00:00:00 (xfer#1418, to-check=1655/1752)
synthetic_004987/metadata.json
           1799 100%    3.14MB/s   00:00:00 (xfer#1419, to-check=1656/1752)
synthetic_004987/posterior_mean.pt
         232026 100%    4.77MB/s   00:00:00 (xfer#1420, to-check=1657/1752)
synthetic_004987/posterior_samples.pt
        4980736  20%    9.23MB/s   00:00:02       11665408  47%   12.66MB/s   00:00:00       18481152  75%   12.87MB/s   00:00:00       23396352  95%    9.09MB/s   00:00:00       24657317 100%   10.70MB/s   00:00:02 (xfer#1421, to-check=1658/1752)
synthetic_004987/posterior_std.pt
         232019 100%  141.76MB/s   00:00:00 (xfer#1422, to-check=1659/1752)
synthetic_004987/posterior_variance.pt
         232054 100%   59.41MB/s   00:00:00 (xfer#1423, to-check=1660/1752)
synthetic_004988/
synthetic_004988/composite_mean.pt
         232026 100%    6.53MB/s   00:00:00 (xfer#1424, to-check=1662/1752)
synthetic_004988/metadata.json
           1799 100%    7.33MB/s   00:00:00 (xfer#1425, to-check=1663/1752)
synthetic_004988/posterior_mean.pt
         232026 100%   37.07MB/s   00:00:00 (xfer#1426, to-check=1664/1752)
synthetic_004988/posterior_samples.pt
        5373952  22%   10.19MB/s   00:00:01       10354688  42%    9.35MB/s   00:00:01       15990784  65%   10.69MB/s   00:00:00       21856256  89%   11.18MB/s   00:00:00       24657317 100%   10.41MB/s   00:00:02 (xfer#1427, to-check=1665/1752)
synthetic_004988/posterior_std.pt
         232019 100%  136.60MB/s   00:00:00 (xfer#1428, to-check=1666/1752)
synthetic_004988/posterior_variance.pt
         232054 100%  204.90MB/s   00:00:00 (xfer#1429, to-check=1667/1752)
synthetic_004989/
synthetic_004989/composite_mean.pt
         232026 100%   24.04MB/s   00:00:00 (xfer#1430, to-check=1669/1752)
synthetic_004989/metadata.json
           1799 100%    8.50MB/s   00:00:00 (xfer#1431, to-check=1670/1752)
synthetic_004989/posterior_mean.pt
         232026 100%    6.96MB/s   00:00:00 (xfer#1432, to-check=1671/1752)
synthetic_004989/posterior_samples.pt
        6127616  25%   11.66MB/s   00:00:01       12550144  51%   11.62MB/s   00:00:00       17367040  70%    9.03MB/s   00:00:00       23134208  94%   10.01MB/s   00:00:00       24657317 100%   10.12MB/s   00:00:02 (xfer#1433, to-check=1672/1752)
synthetic_004989/posterior_std.pt
         232019 100%  137.35MB/s   00:00:00 (xfer#1434, to-check=1673/1752)
synthetic_004989/posterior_variance.pt
         232054 100%   30.71MB/s   00:00:00 (xfer#1435, to-check=1674/1752)
synthetic_004990/
synthetic_004990/composite_mean.pt
         232026 100%    8.00MB/s   00:00:00 (xfer#1436, to-check=1676/1752)
synthetic_004990/metadata.json
           1799 100%    5.38MB/s   00:00:00 (xfer#1437, to-check=1677/1752)
synthetic_004990/posterior_mean.pt
         232026 100%   43.44MB/s   00:00:00 (xfer#1438, to-check=1678/1752)
synthetic_004990/posterior_samples.pt
        6684672  27%   12.70MB/s   00:00:01       12845056  52%   11.74MB/s   00:00:00       18874368  77%   11.49MB/s   00:00:00       24657317 100%   11.69MB/s   00:00:02 (xfer#1439, to-check=1679/1752)
synthetic_004990/posterior_std.pt
         232019 100%  160.93MB/s   00:00:00 (xfer#1440, to-check=1680/1752)
synthetic_004990/posterior_variance.pt
         232054 100%  163.94MB/s   00:00:00 (xfer#1441, to-check=1681/1752)
synthetic_004991/
synthetic_004991/composite_mean.pt
         232026 100%  186.10MB/s   00:00:00 (xfer#1442, to-check=1683/1752)
synthetic_004991/metadata.json
           1799 100%    8.75MB/s   00:00:00 (xfer#1443, to-check=1684/1752)
synthetic_004991/posterior_mean.pt
         232026 100%   14.33MB/s   00:00:00 (xfer#1444, to-check=1685/1752)
synthetic_004991/posterior_samples.pt
        7143424  29%   13.34MB/s   00:00:01       10977280  45%    6.95MB/s   00:00:01       14647296  59%    6.50MB/s   00:00:01       18579456  75%    7.03MB/s   00:00:00       22904832  93%    8.25MB/s   00:00:00       24657317 100%    8.29MB/s   00:00:02 (xfer#1445, to-check=1686/1752)
synthetic_004991/posterior_std.pt
         232019 100%  168.65MB/s   00:00:00 (xfer#1446, to-check=1687/1752)
synthetic_004991/posterior_variance.pt
         232054 100%    7.82MB/s   00:00:00 (xfer#1447, to-check=1688/1752)
synthetic_004992/
synthetic_004992/composite_mean.pt
         232026 100%   10.25MB/s   00:00:00 (xfer#1448, to-check=1690/1752)
synthetic_004992/metadata.json
           1799 100%    8.13MB/s   00:00:00 (xfer#1449, to-check=1691/1752)
synthetic_004992/posterior_mean.pt
         232026 100%   10.16MB/s   00:00:00 (xfer#1450, to-check=1692/1752)
synthetic_004992/posterior_samples.pt
        4194304  17%    7.90MB/s   00:00:02        8650752  35%    7.93MB/s   00:00:01       13238272  54%    8.63MB/s   00:00:01       17432576  71%    7.81MB/s   00:00:00       20643840  84%    5.96MB/s   00:00:00       24444928  99%    6.76MB/s   00:00:00       24657317 100%    7.37MB/s   00:00:03 (xfer#1451, to-check=1693/1752)
synthetic_004992/posterior_std.pt
         232019 100%   79.48MB/s   00:00:00 (xfer#1452, to-check=1694/1752)
synthetic_004992/posterior_variance.pt
         232054 100%   21.25MB/s   00:00:00 (xfer#1453, to-check=1695/1752)
synthetic_004993/
synthetic_004993/composite_mean.pt
         232026 100%    7.60MB/s   00:00:00 (xfer#1454, to-check=1697/1752)
synthetic_004993/metadata.json
           1798 100%    7.42MB/s   00:00:00 (xfer#1455, to-check=1698/1752)
synthetic_004993/posterior_mean.pt
         232026 100%    6.11MB/s   00:00:00 (xfer#1456, to-check=1699/1752)
synthetic_004993/posterior_samples.pt
        3047424  12%    5.65MB/s   00:00:03        6062080  25%    5.62MB/s   00:00:03        9076736  37%    5.55MB/s   00:00:02       12091392  49%    5.62MB/s   00:00:02       15106048  61%    5.75MB/s   00:00:01       18251776  74%    5.64MB/s   00:00:01       21790720  88%    6.24MB/s   00:00:00       24657317 100%    5.47MB/s   00:00:00       24657317 100%    5.64MB/s   00:00:04 (xfer#1457, to-check=1700/1752)
synthetic_004993/posterior_std.pt
         232019 100%  130.24MB/s   00:00:00 (xfer#1458, to-check=1701/1752)
synthetic_004993/posterior_variance.pt
         232054 100%   20.09MB/s   00:00:00 (xfer#1459, to-check=1702/1752)
synthetic_004994/
synthetic_004994/composite_mean.pt
         232026 100%    6.53MB/s   00:00:00 (xfer#1460, to-check=1704/1752)
synthetic_004994/metadata.json
           1798 100%   20.15MB/s   00:00:00 (xfer#1461, to-check=1705/1752)
synthetic_004994/posterior_mean.pt
         232026 100%    2.81MB/s   00:00:00 (xfer#1462, to-check=1706/1752)
synthetic_004994/posterior_samples.pt
        3735552  15%    6.72MB/s   00:00:02        7536640  31%    7.11MB/s   00:00:02       11468800  47%    7.18MB/s   00:00:01       15794176  64%    8.07MB/s   00:00:01       19464192  79%    6.94MB/s   00:00:00       22478848  91%    5.59MB/s   00:00:00       24657317 100%    6.75MB/s   00:00:03 (xfer#1463, to-check=1707/1752)
synthetic_004994/posterior_std.pt
         232019 100%   88.05MB/s   00:00:00 (xfer#1464, to-check=1708/1752)
synthetic_004994/posterior_variance.pt
         232054 100%    5.77MB/s   00:00:00 (xfer#1465, to-check=1709/1752)
synthetic_004995/
synthetic_004995/composite_mean.pt
         232026 100%    8.22MB/s   00:00:00 (xfer#1466, to-check=1711/1752)
synthetic_004995/metadata.json
           1798 100%    7.14MB/s   00:00:00 (xfer#1467, to-check=1712/1752)
synthetic_004995/posterior_mean.pt
         232026 100%    9.90MB/s   00:00:00 (xfer#1468, to-check=1713/1752)
synthetic_004995/posterior_samples.pt
        3768320  15%    6.93MB/s   00:00:02        7831552  32%    7.62MB/s   00:00:02       11763712  48%    7.42MB/s   00:00:01       14843904  60%    5.51MB/s   00:00:01       18120704  73%    5.91MB/s   00:00:01       21397504  87%    6.00MB/s   00:00:00       24657317 100%    3.08MB/s   00:00:00       24657317 100%    5.65MB/s   00:00:04 (xfer#1469, to-check=1714/1752)
synthetic_004995/posterior_std.pt
         232019 100%   16.33MB/s   00:00:00 (xfer#1470, to-check=1715/1752)
synthetic_004995/posterior_variance.pt
         232054 100%   27.89MB/s   00:00:00 (xfer#1471, to-check=1716/1752)
synthetic_004996/
synthetic_004996/composite_mean.pt
         232026 100%    5.69MB/s   00:00:00 (xfer#1472, to-check=1718/1752)
synthetic_004996/metadata.json
           1799 100%    7.15MB/s   00:00:00 (xfer#1473, to-check=1719/1752)
synthetic_004996/posterior_mean.pt
         232026 100%    5.71MB/s   00:00:00 (xfer#1474, to-check=1720/1752)
synthetic_004996/posterior_samples.pt
        3407872  14%    6.12MB/s   00:00:03        6946816  28%    6.53MB/s   00:00:02        9601024  39%    4.91MB/s   00:00:02       12353536  50%    4.99MB/s   00:00:02       14548992  59%    4.19MB/s   00:00:02       16613376  67%    3.91MB/s   00:00:01       19103744  77%    4.43MB/s   00:00:01       21200896  86%    3.80MB/s   00:00:00       23691264  96%    4.71MB/s   00:00:00       24657317 100%    4.83MB/s   00:00:04 (xfer#1475, to-check=1721/1752)
synthetic_004996/posterior_std.pt
         232019 100%   84.13MB/s   00:00:00 (xfer#1476, to-check=1722/1752)
synthetic_004996/posterior_variance.pt
         232054 100%    4.91MB/s   00:00:00 (xfer#1477, to-check=1723/1752)
synthetic_004997/
synthetic_004997/composite_mean.pt
         232026 100%    5.34MB/s   00:00:00 (xfer#1478, to-check=1725/1752)
synthetic_004997/metadata.json
           1798 100%    6.88MB/s   00:00:00 (xfer#1479, to-check=1726/1752)
synthetic_004997/posterior_mean.pt
         232026 100%    4.32MB/s   00:00:00 (xfer#1480, to-check=1727/1752)
synthetic_004997/posterior_samples.pt
        2916352  12%    5.46MB/s   00:00:03        6062080  25%    5.67MB/s   00:00:03        9338880  38%    6.11MB/s   00:00:02       12091392  49%    5.01MB/s   00:00:02       15433728  63%    6.37MB/s   00:00:01       18907136  77%    6.60MB/s   00:00:00       22577152  92%    6.64MB/s   00:00:00       24657317 100%    6.02MB/s   00:00:03 (xfer#1481, to-check=1728/1752)
synthetic_004997/posterior_std.pt
         232019 100%  160.32MB/s   00:00:00 (xfer#1482, to-check=1729/1752)
synthetic_004997/posterior_variance.pt
         232054 100%   82.12MB/s   00:00:00 (xfer#1483, to-check=1730/1752)
synthetic_004998/
synthetic_004998/composite_mean.pt
         232026 100%    5.35MB/s   00:00:00 (xfer#1484, to-check=1732/1752)
synthetic_004998/metadata.json
           1799 100%    6.62MB/s   00:00:00 (xfer#1485, to-check=1733/1752)
synthetic_004998/posterior_mean.pt
         232026 100%    4.65MB/s   00:00:00 (xfer#1486, to-check=1734/1752)
synthetic_004998/posterior_samples.pt
        3801088  15%    7.21MB/s   00:00:02        7471104  30%    6.74MB/s   00:00:02        9928704  40%    4.48MB/s   00:00:03       12419072  50%    4.60MB/s   00:00:02       15040512  61%    4.89MB/s   00:00:01       17661952  72%    4.97MB/s   00:00:01       20414464  83%    5.24MB/s   00:00:00       23429120  95%    5.43MB/s   00:00:00       24657317 100%    5.44MB/s   00:00:04 (xfer#1487, to-check=1735/1752)
synthetic_004998/posterior_std.pt
         232019 100%  144.81MB/s   00:00:00 (xfer#1488, to-check=1736/1752)
synthetic_004998/posterior_variance.pt
         232054 100%    6.03MB/s   00:00:00 (xfer#1489, to-check=1737/1752)
synthetic_004999/
synthetic_004999/composite_mean.pt
         232026 100%    2.67MB/s   00:00:00 (xfer#1490, to-check=1739/1752)
synthetic_004999/metadata.json
           1799 100%    2.43MB/s   00:00:00 (xfer#1491, to-check=1740/1752)
synthetic_004999/posterior_mean.pt
         232026 100%    5.00MB/s   00:00:00 (xfer#1492, to-check=1741/1752)
synthetic_004999/posterior_samples.pt
        2916352  12%    5.52MB/s   00:00:03        6062080  25%    5.92MB/s   00:00:02        9601024  39%    6.73MB/s   00:00:02       12615680  51%    5.56MB/s   00:00:02       16285696  66%    6.60MB/s   00:00:01       20217856  82%    7.39MB/s   00:00:00       24150016  98%    7.19MB/s   00:00:00       24657317 100%    6.39MB/s   00:00:03 (xfer#1493, to-check=1742/1752)
synthetic_004999/posterior_std.pt
         232019 100%  139.16MB/s   00:00:00 (xfer#1494, to-check=1743/1752)
synthetic_004999/posterior_variance.pt
         232054 100%   52.36MB/s   00:00:00 (xfer#1495, to-check=1744/1752)
synthetic_005000/
synthetic_005000/composite_mean.pt
         232026 100%    7.20MB/s   00:00:00 (xfer#1496, to-check=1746/1752)
synthetic_005000/metadata.json
           1799 100%    7.30MB/s   00:00:00 (xfer#1497, to-check=1747/1752)
synthetic_005000/posterior_mean.pt
         232026 100%   16.79MB/s   00:00:00 (xfer#1498, to-check=1748/1752)
synthetic_005000/posterior_samples.pt
        3997696  16%    7.40MB/s   00:00:02        8323072  34%    8.22MB/s   00:00:01       13172736  53%    8.89MB/s   00:00:01       18284544  74%    9.73MB/s   00:00:00       23789568  96%   10.25MB/s   00:00:00       24657317 100%    8.79MB/s   00:00:02 (xfer#1499, to-check=1749/1752)
synthetic_005000/posterior_std.pt
         232019 100%   57.26MB/s   00:00:00 (xfer#1500, to-check=1750/1752)
synthetic_005000/posterior_variance.pt
         232054 100%  181.12MB/s   00:00:00 (xfer#1501, to-check=1751/1752)

sent 6398M bytes  received 34548 bytes  10329k bytes/sec
total size is 6397M  speedup is 1.00
Transfer starting: 2 files
batch_0020_external_evaluation_manifest.csv
batch_0020_manifest.csv

sent 92483 bytes  received 64 bytes  479k bytes/sec
total size is 92214  speedup is 1.00
Transfer starting: 2 files
br_lora_batch_0020_mac_sha256.txt
br_lora_batch_0020_production_audit.json

sent 156k bytes  received 64 bytes  668k bytes/sec
total size is 156k  speedup is 1.00

===== FALCON TRANSFER VERIFICATION =====
Case directories : 250
Files checksummed: 1501
Mac/Falcon SHA256: IDENTICAL

==============================================================================
BR-LoRA FALCON BATCH ACCEPTANCE
==============================================================================

Batch                    : batch_0020
Batch directory          : /scratch/bhanug/br_lora_library/batches/batch_0020
Current master           : /scratch/bhanug/br_lora_library/manifests/br_lora_library_manifest.csv

===== TRANSFER CHECK =====
Files                    : 1501
Mac/Falcon SHA-256       : IDENTICAL

===== MAC PRODUCTION AUDIT =====
Status                   : PASS
Cases                    : 250
Posterior samples        : 100
Evaluation seed          : 42
Execution manifest hash  : MATCH

===== MASTER PRE-STATE =====
Rows                     : 4750
Library IDs              : synthetic_000001 to synthetic_004750
Current master SHA-256   : ce5a11897b34baca94441d22cc8526e29d784c8322d868cc9b68d1172f590c84

==============================================================================
BATCH ACCEPTANCE: PASS
==============================================================================

Accepted batch           : batch_0020
Accepted cases           : 250
Master rows before       : 4750
Master rows after        : 5000
Library IDs              : synthetic_000001 to synthetic_005000
Unique pair keys         : 5000
Unique donor slices      : 5000
Unique external bases    : 4078
Master SHA-256           : 2060fd1ba2d9793d07f4e2a0eae7cee29f4d2c9f9838c485324b5801ee19e97c
Acceptance audit         : /scratch/bhanug/br_lora_library/audits/br_lora_batch_0020_acceptance.json
Pre-promotion snapshot   : /scratch/bhanug/br_lora_library/manifests/br_lora_library_manifest_04750_pre_batch_0020.csv

SAFE TO DELETE LOCAL MAC BATCH AFTER THIS PASS.

==============================================================================
BR-LoRA FROZEN LIBRARY PIPELINE
==============================================================================

Batch                    : batch_0020
Frozen design            : /Users/bhanugarg/Desktop/localized-medical-image-synthesis/downstream_evaluation/manifests/br_lora_library_design_10000/batches/batch_0020_manifest.csv
Local staging            : /Users/bhanugarg/archive/br_lora_library_staging/batch_0020
Falcon library           : /scratch/bhanug/br_lora_library
Falcon acceptance        : True
Cleanup                  : True

==============================================================================
STAGE 1 — LOCAL GENERATION + PRODUCTION AUDIT
==============================================================================

/opt/anaconda3/envs/brats-nnunet/bin/python /Users/bhanugarg/Desktop/localized-medical-image-synthesis/scripts/run_br_lora_library_batch.py --batch batch_0020


==============================================================================
STAGE 2 — TRANSFER BATCH TO FALCON
==============================================================================

rsync -avh --partial --progress /Users/bhanugarg/archive/br_lora_library_staging/batch_0020/ falcon:/scratch/bhanug/br_lora_library/batches/batch_0020/


==============================================================================
STAGE 3 — TRANSFER MANIFESTS
==============================================================================

rsync -avh --partial /Users/bhanugarg/Desktop/localized-medical-image-synthesis/downstream_evaluation/manifests/br_lora_library_design_10000/batches/batch_0020_manifest.csv /Users/bhanugarg/Desktop/localized-medical-image-synthesis/downstream_evaluation/manifests/br_lora_library_design_10000/batches/batch_0020_external_evaluation_manifest.csv falcon:/scratch/bhanug/br_lora_library/manifests/


==============================================================================
STAGE 3 — TRANSFER AUDIT RECORDS
==============================================================================

rsync -avh --partial /Users/bhanugarg/archive/br_lora_library_staging/br_lora_batch_0020_production_audit.json /Users/bhanugarg/archive/br_lora_library_staging/br_lora_batch_0020_mac_sha256.txt falcon:/scratch/bhanug/br_lora_library/audits/


==============================================================================
STAGE 4 — FALCON SHA-256 VERIFICATION
==============================================================================

ssh falcon bash -s


==============================================================================
STAGE 5 — FALCON ACCEPTANCE
==============================================================================

ssh falcon bash -s


==============================================================================
LOCAL CLEANUP COMPLETE
==============================================================================

Deleted: /Users/bhanugarg/archive/br_lora_library_staging/batch_0020

==============================================================================
PIPELINE STAGE COMPLETE
==============================================================================

Batch                    : batch_0020
Local production         : PASS
Transfer                 : PASS
Mac/Falcon SHA-256       : IDENTICAL
Falcon acceptance        : PASS
Local cleanup            : COMPLETE
Next batch               : batch_0021

============================================================
COMPLETED: batch_0020
Finished: Sat Aug 15 19:21:18 EDT 2026
============================================================
