============================================================
BR-LoRA PIPELINE: batch_0017
Started: Sat Aug 15 18:17:13 EDT 2026
============================================================


==============================================================================
BR-LoRA EXTERNAL EVALUATION CONSTRUCTION
==============================================================================

Evaluation
------------------------------------------------------------------------------
Evaluation name          : br_lora_external_evaluation
Checkpoint               : /Users/bhanugarg/Desktop/localized-medical-image-synthesis/checkpoints/br_lora_full_train/final.pt
Device                   : mps
Seed                     : 42
Posterior realizations   : 100
Fixed diffusion noise    : True
Timestep fraction        : 0.75
Resume mode              : False

External dataset
------------------------------------------------------------------------------
Specification            : /Users/bhanugarg/archive/BraTS2020_ValidationData/MICCAI_BraTS2020_ValidationData/validation_dataset.yaml
Dataset root             : /Users/bhanugarg/archive/BraTS2020_ValidationData/MICCAI_BraTS2020_ValidationData
Registered subjects      : 125

Evaluation manifest
------------------------------------------------------------------------------
Manifest                 : /Users/bhanugarg/Desktop/localized-medical-image-synthesis/downstream_evaluation/manifests/br_lora_library_design_10000/batches/batch_0017_external_evaluation_manifest.csv
Cases                    : 250

BR-LoRA
------------------------------------------------------------------------------
Variational modules      : 7
Variational parameters   : 36,104
Donor image channel      : 0

Provenance
------------------------------------------------------------------------------
Git commit               : 35f169f8d879ca3e8fff921419a96451e704ba28
Future output directory  : /Users/bhanugarg/archive/br_lora_library_staging/batch_0017

==============================================================================
CONSTRUCTION VERDICT: PASS
The fitted BR-LoRA checkpoint, registered external dataset, fixed evaluation manifest, and diffusion schedule were constructed successfully.
==============================================================================

==============================================================================
RUNNING EXTERNAL POSTERIOR INFERENCE
==============================================================================

[1/250] synthetic_004001
  Case seed              : 67689723
  External subject       : BraTS20_Validation_049
  External slice         : 6
  Donor mask pixels      : 865
  Posterior stack        : (100, 1, 1, 240, 240)
  Case output            : /Users/bhanugarg/archive/br_lora_library_staging/batch_0017/synthetic_004001
  Verdict                : PASS

[2/250] synthetic_004002
  Case seed              : 1873143762
  External subject       : BraTS20_Validation_049
  External slice         : 7
  Donor mask pixels      : 2145
  Posterior stack        : (100, 1, 1, 240, 240)
  Case output            : /Users/bhanugarg/archive/br_lora_library_staging/batch_0017/synthetic_004002
  Verdict                : PASS

[3/250] synthetic_004003
  Case seed              : 994311747
  External subject       : BraTS20_Validation_049
  External slice         : 9
  Donor mask pixels      : 1068
  Posterior stack        : (100, 1, 1, 240, 240)
  Case output            : /Users/bhanugarg/archive/br_lora_library_staging/batch_0017/synthetic_004003
  Verdict                : PASS

[4/250] synthetic_004004
  Case seed              : 317638633
  External subject       : BraTS20_Validation_049
  External slice         : 10
  Donor mask pixels      : 950
  Posterior stack        : (100, 1, 1, 240, 240)
  Case output            : /Users/bhanugarg/archive/br_lora_library_staging/batch_0017/synthetic_004004
  Verdict                : PASS

[5/250] synthetic_004005
  Case seed              : 779320240
  External subject       : BraTS20_Validation_049
  External slice         : 11
  Donor mask pixels      : 2199
  Posterior stack        : (100, 1, 1, 240, 240)
  Case output            : /Users/bhanugarg/archive/br_lora_library_staging/batch_0017/synthetic_004005
  Verdict                : PASS

[6/250] synthetic_004006
  Case seed              : 1000084766
  External subject       : BraTS20_Validation_049
  External slice         : 12
  Donor mask pixels      : 714
  Posterior stack        : (100, 1, 1, 240, 240)
  Case output            : /Users/bhanugarg/archive/br_lora_library_staging/batch_0017/synthetic_004006
  Verdict                : PASS

[7/250] synthetic_004007
  Case seed              : 430014749
  External subject       : BraTS20_Validation_049
  External slice         : 13
  Donor mask pixels      : 1480
  Posterior stack        : (100, 1, 1, 240, 240)
  Case output            : /Users/bhanugarg/archive/br_lora_library_staging/batch_0017/synthetic_004007
  Verdict                : PASS

[8/250] synthetic_004008
  Case seed              : 577241426
  External subject       : BraTS20_Validation_049
  External slice         : 14
  Donor mask pixels      : 1228
  Posterior stack        : (100, 1, 1, 240, 240)
  Case output            : /Users/bhanugarg/archive/br_lora_library_staging/batch_0017/synthetic_004008
  Verdict                : PASS

[9/250] synthetic_004009
  Case seed              : 1191232759
  External subject       : BraTS20_Validation_049
  External slice         : 15
  Donor mask pixels      : 1281
  Posterior stack        : (100, 1, 1, 240, 240)
  Case output            : /Users/bhanugarg/archive/br_lora_library_staging/batch_0017/synthetic_004009
  Verdict                : PASS

[10/250] synthetic_004010
  Case seed              : 1555322718
  External subject       : BraTS20_Validation_049
  External slice         : 16
  Donor mask pixels      : 480
  Posterior stack        : (100, 1, 1, 240, 240)
  Case output            : /Users/bhanugarg/archive/br_lora_library_staging/batch_0017/synthetic_004010
  Verdict                : PASS

[11/250] synthetic_004011
  Case seed              : 1481021244
  External subject       : BraTS20_Validation_049
  External slice         : 17
  Donor mask pixels      : 2419
  Posterior stack        : (100, 1, 1, 240, 240)
  Case output            : /Users/bhanugarg/archive/br_lora_library_staging/batch_0017/synthetic_004011
  Verdict                : PASS

[12/250] synthetic_004012
  Case seed              : 1907155706
  External subject       : BraTS20_Validation_049
  External slice         : 18
  Donor mask pixels      : 2141
  Posterior stack        : (100, 1, 1, 240, 240)
  Case output            : /Users/bhanugarg/archive/br_lora_library_staging/batch_0017/synthetic_004012
  Verdict                : PASS

[13/250] synthetic_004013
  Case seed              : 326545013
  External subject       : BraTS20_Validation_049
  External slice         : 19
  Donor mask pixels      : 504
  Posterior stack        : (100, 1, 1, 240, 240)
  Case output            : /Users/bhanugarg/archive/br_lora_library_staging/batch_0017/synthetic_004013
  Verdict                : PASS

[14/250] synthetic_004014
  Case seed              : 1416619790
  External subject       : BraTS20_Validation_049
  External slice         : 20
  Donor mask pixels      : 336
  Posterior stack        : (100, 1, 1, 240, 240)
  Case output            : /Users/bhanugarg/archive/br_lora_library_staging/batch_0017/synthetic_004014
  Verdict                : PASS

[15/250] synthetic_004015
  Case seed              : 1512487875
  External subject       : BraTS20_Validation_049
  External slice         : 21
  Donor mask pixels      : 1191
  Posterior stack        : (100, 1, 1, 240, 240)
  Case output            : /Users/bhanugarg/archive/br_lora_library_staging/batch_0017/synthetic_004015
  Verdict                : PASS

[16/250] synthetic_004016
  Case seed              : 2129659239
  External subject       : BraTS20_Validation_049
  External slice         : 22
  Donor mask pixels      : 868
  Posterior stack        : (100, 1, 1, 240, 240)
  Case output            : /Users/bhanugarg/archive/br_lora_library_staging/batch_0017/synthetic_004016
  Verdict                : PASS

[17/250] synthetic_004017
  Case seed              : 132297476
  External subject       : BraTS20_Validation_049
  External slice         : 23
  Donor mask pixels      : 698
  Posterior stack        : (100, 1, 1, 240, 240)
  Case output            : /Users/bhanugarg/archive/br_lora_library_staging/batch_0017/synthetic_004017
  Verdict                : PASS

[18/250] synthetic_004018
  Case seed              : 776642096
  External subject       : BraTS20_Validation_049
  External slice         : 24
  Donor mask pixels      : 941
  Posterior stack        : (100, 1, 1, 240, 240)
  Case output            : /Users/bhanugarg/archive/br_lora_library_staging/batch_0017/synthetic_004018
  Verdict                : PASS

[19/250] synthetic_004019
  Case seed              : 1982966146
  External subject       : BraTS20_Validation_049
  External slice         : 25
  Donor mask pixels      : 497
  Posterior stack        : (100, 1, 1, 240, 240)
  Case output            : /Users/bhanugarg/archive/br_lora_library_staging/batch_0017/synthetic_004019
  Verdict                : PASS

[20/250] synthetic_004020
  Case seed              : 279435041
  External subject       : BraTS20_Validation_049
  External slice         : 26
  Donor mask pixels      : 626
  Posterior stack        : (100, 1, 1, 240, 240)
  Case output            : /Users/bhanugarg/archive/br_lora_library_staging/batch_0017/synthetic_004020
  Verdict                : PASS

[21/250] synthetic_004021
  Case seed              : 1965425466
  External subject       : BraTS20_Validation_049
  External slice         : 27
  Donor mask pixels      : 3223
  Posterior stack        : (100, 1, 1, 240, 240)
  Case output            : /Users/bhanugarg/archive/br_lora_library_staging/batch_0017/synthetic_004021
  Verdict                : PASS

[22/250] synthetic_004022
  Case seed              : 1321011208
  External subject       : BraTS20_Validation_049
  External slice         : 28
  Donor mask pixels      : 841
  Posterior stack        : (100, 1, 1, 240, 240)
  Case output            : /Users/bhanugarg/archive/br_lora_library_staging/batch_0017/synthetic_004022
  Verdict                : PASS

[23/250] synthetic_004023
  Case seed              : 731532171
  External subject       : BraTS20_Validation_049
  External slice         : 29
  Donor mask pixels      : 570
  Posterior stack        : (100, 1, 1, 240, 240)
  Case output            : /Users/bhanugarg/archive/br_lora_library_staging/batch_0017/synthetic_004023
  Verdict                : PASS

[24/250] synthetic_004024
  Case seed              : 1666389017
  External subject       : BraTS20_Validation_049
  External slice         : 31
  Donor mask pixels      : 3945
  Posterior stack        : (100, 1, 1, 240, 240)
  Case output            : /Users/bhanugarg/archive/br_lora_library_staging/batch_0017/synthetic_004024
  Verdict                : PASS

[25/250] synthetic_004025
  Case seed              : 368143714
  External subject       : BraTS20_Validation_049
  External slice         : 32
  Donor mask pixels      : 447
  Posterior stack        : (100, 1, 1, 240, 240)
  Case output            : /Users/bhanugarg/archive/br_lora_library_staging/batch_0017/synthetic_004025
  Verdict                : PASS

[26/250] synthetic_004026
  Case seed              : 1831314339
  External subject       : BraTS20_Validation_049
  External slice         : 33
  Donor mask pixels      : 582
  Posterior stack        : (100, 1, 1, 240, 240)
  Case output            : /Users/bhanugarg/archive/br_lora_library_staging/batch_0017/synthetic_004026
  Verdict                : PASS

[27/250] synthetic_004027
  Case seed              : 1807395779
  External subject       : BraTS20_Validation_049
  External slice         : 34
  Donor mask pixels      : 3457
  Posterior stack        : (100, 1, 1, 240, 240)
  Case output            : /Users/bhanugarg/archive/br_lora_library_staging/batch_0017/synthetic_004027
  Verdict                : PASS

[28/250] synthetic_004028
  Case seed              : 821581191
  External subject       : BraTS20_Validation_049
  External slice         : 35
  Donor mask pixels      : 2041
  Posterior stack        : (100, 1, 1, 240, 240)
  Case output            : /Users/bhanugarg/archive/br_lora_library_staging/batch_0017/synthetic_004028
  Verdict                : PASS

[29/250] synthetic_004029
  Case seed              : 1256529270
  External subject       : BraTS20_Validation_049
  External slice         : 36
  Donor mask pixels      : 676
  Posterior stack        : (100, 1, 1, 240, 240)
  Case output            : /Users/bhanugarg/archive/br_lora_library_staging/batch_0017/synthetic_004029
  Verdict                : PASS

[30/250] synthetic_004030
  Case seed              : 2067873281
  External subject       : BraTS20_Validation_049
  External slice         : 37
  Donor mask pixels      : 2259
  Posterior stack        : (100, 1, 1, 240, 240)
  Case output            : /Users/bhanugarg/archive/br_lora_library_staging/batch_0017/synthetic_004030
  Verdict                : PASS

[31/250] synthetic_004031
  Case seed              : 586468263
  External subject       : BraTS20_Validation_049
  External slice         : 38
  Donor mask pixels      : 920
  Posterior stack        : (100, 1, 1, 240, 240)
  Case output            : /Users/bhanugarg/archive/br_lora_library_staging/batch_0017/synthetic_004031
  Verdict                : PASS

[32/250] synthetic_004032
  Case seed              : 759547139
  External subject       : BraTS20_Validation_049
  External slice         : 39
  Donor mask pixels      : 2739
  Posterior stack        : (100, 1, 1, 240, 240)
  Case output            : /Users/bhanugarg/archive/br_lora_library_staging/batch_0017/synthetic_004032
  Verdict                : PASS

[33/250] synthetic_004033
  Case seed              : 1305410602
  External subject       : BraTS20_Validation_049
  External slice         : 40
  Donor mask pixels      : 2064
  Posterior stack        : (100, 1, 1, 240, 240)
  Case output            : /Users/bhanugarg/archive/br_lora_library_staging/batch_0017/synthetic_004033
  Verdict                : PASS

[34/250] synthetic_004034
  Case seed              : 569799917
  External subject       : BraTS20_Validation_049
  External slice         : 41
  Donor mask pixels      : 1525
  Posterior stack        : (100, 1, 1, 240, 240)
  Case output            : /Users/bhanugarg/archive/br_lora_library_staging/batch_0017/synthetic_004034
  Verdict                : PASS

[35/250] synthetic_004035
  Case seed              : 1057196731
  External subject       : BraTS20_Validation_049
  External slice         : 42
  Donor mask pixels      : 411
  Posterior stack        : (100, 1, 1, 240, 240)
  Case output            : /Users/bhanugarg/archive/br_lora_library_staging/batch_0017/synthetic_004035
  Verdict                : PASS

[36/250] synthetic_004036
  Case seed              : 1805674253
  External subject       : BraTS20_Validation_049
  External slice         : 43
  Donor mask pixels      : 815
  Posterior stack        : (100, 1, 1, 240, 240)
  Case output            : /Users/bhanugarg/archive/br_lora_library_staging/batch_0017/synthetic_004036
  Verdict                : PASS

[37/250] synthetic_004037
  Case seed              : 631386582
  External subject       : BraTS20_Validation_049
  External slice         : 44
  Donor mask pixels      : 1223
  Posterior stack        : (100, 1, 1, 240, 240)
  Case output            : /Users/bhanugarg/archive/br_lora_library_staging/batch_0017/synthetic_004037
  Verdict                : PASS

[38/250] synthetic_004038
  Case seed              : 1765816616
  External subject       : BraTS20_Validation_049
  External slice         : 45
  Donor mask pixels      : 2413
  Posterior stack        : (100, 1, 1, 240, 240)
  Case output            : /Users/bhanugarg/archive/br_lora_library_staging/batch_0017/synthetic_004038
  Verdict                : PASS

[39/250] synthetic_004039
  Case seed              : 1555097394
  External subject       : BraTS20_Validation_049
  External slice         : 46
  Donor mask pixels      : 1460
  Posterior stack        : (100, 1, 1, 240, 240)
  Case output            : /Users/bhanugarg/archive/br_lora_library_staging/batch_0017/synthetic_004039
  Verdict                : PASS

[40/250] synthetic_004040
  Case seed              : 419017888
  External subject       : BraTS20_Validation_049
  External slice         : 47
  Donor mask pixels      : 485
  Posterior stack        : (100, 1, 1, 240, 240)
  Case output            : /Users/bhanugarg/archive/br_lora_library_staging/batch_0017/synthetic_004040
  Verdict                : PASS

[41/250] synthetic_004041
  Case seed              : 654862364
  External subject       : BraTS20_Validation_049
  External slice         : 48
  Donor mask pixels      : 728
  Posterior stack        : (100, 1, 1, 240, 240)
  Case output            : /Users/bhanugarg/archive/br_lora_library_staging/batch_0017/synthetic_004041
  Verdict                : PASS

[42/250] synthetic_004042
  Case seed              : 881520985
  External subject       : BraTS20_Validation_049
  External slice         : 49
  Donor mask pixels      : 767
  Posterior stack        : (100, 1, 1, 240, 240)
  Case output            : /Users/bhanugarg/archive/br_lora_library_staging/batch_0017/synthetic_004042
  Verdict                : PASS

[43/250] synthetic_004043
  Case seed              : 576128512
  External subject       : BraTS20_Validation_049
  External slice         : 50
  Donor mask pixels      : 768
  Posterior stack        : (100, 1, 1, 240, 240)
  Case output            : /Users/bhanugarg/archive/br_lora_library_staging/batch_0017/synthetic_004043
  Verdict                : PASS

[44/250] synthetic_004044
  Case seed              : 1688061133
  External subject       : BraTS20_Validation_049
  External slice         : 51
  Donor mask pixels      : 2375
  Posterior stack        : (100, 1, 1, 240, 240)
  Case output            : /Users/bhanugarg/archive/br_lora_library_staging/batch_0017/synthetic_004044
  Verdict                : PASS

[45/250] synthetic_004045
  Case seed              : 319579577
  External subject       : BraTS20_Validation_049
  External slice         : 52
  Donor mask pixels      : 2189
  Posterior stack        : (100, 1, 1, 240, 240)
  Case output            : /Users/bhanugarg/archive/br_lora_library_staging/batch_0017/synthetic_004045
  Verdict                : PASS

[46/250] synthetic_004046
  Case seed              : 1477416083
  External subject       : BraTS20_Validation_049
  External slice         : 53
  Donor mask pixels      : 787
  Posterior stack        : (100, 1, 1, 240, 240)
  Case output            : /Users/bhanugarg/archive/br_lora_library_staging/batch_0017/synthetic_004046
  Verdict                : PASS

[47/250] synthetic_004047
  Case seed              : 1910155409
  External subject       : BraTS20_Validation_049
  External slice         : 54
  Donor mask pixels      : 945
  Posterior stack        : (100, 1, 1, 240, 240)
  Case output            : /Users/bhanugarg/archive/br_lora_library_staging/batch_0017/synthetic_004047
  Verdict                : PASS

[48/250] synthetic_004048
  Case seed              : 1653165945
  External subject       : BraTS20_Validation_049
  External slice         : 55
  Donor mask pixels      : 2022
  Posterior stack        : (100, 1, 1, 240, 240)
  Case output            : /Users/bhanugarg/archive/br_lora_library_staging/batch_0017/synthetic_004048
  Verdict                : PASS

[49/250] synthetic_004049
  Case seed              : 1379474655
  External subject       : BraTS20_Validation_049
  External slice         : 56
  Donor mask pixels      : 4762
  Posterior stack        : (100, 1, 1, 240, 240)
  Case output            : /Users/bhanugarg/archive/br_lora_library_staging/batch_0017/synthetic_004049
  Verdict                : PASS

[50/250] synthetic_004050
  Case seed              : 963126899
  External subject       : BraTS20_Validation_049
  External slice         : 57
  Donor mask pixels      : 992
  Posterior stack        : (100, 1, 1, 240, 240)
  Case output            : /Users/bhanugarg/archive/br_lora_library_staging/batch_0017/synthetic_004050
  Verdict                : PASS

[51/250] synthetic_004051
  Case seed              : 892387197
  External subject       : BraTS20_Validation_049
  External slice         : 58
  Donor mask pixels      : 1527
  Posterior stack        : (100, 1, 1, 240, 240)
  Case output            : /Users/bhanugarg/archive/br_lora_library_staging/batch_0017/synthetic_004051
  Verdict                : PASS

[52/250] synthetic_004052
  Case seed              : 584245972
  External subject       : BraTS20_Validation_049
  External slice         : 59
  Donor mask pixels      : 2780
  Posterior stack        : (100, 1, 1, 240, 240)
  Case output            : /Users/bhanugarg/archive/br_lora_library_staging/batch_0017/synthetic_004052
  Verdict                : PASS

[53/250] synthetic_004053
  Case seed              : 869991986
  External subject       : BraTS20_Validation_049
  External slice         : 60
  Donor mask pixels      : 3053
  Posterior stack        : (100, 1, 1, 240, 240)
  Case output            : /Users/bhanugarg/archive/br_lora_library_staging/batch_0017/synthetic_004053
  Verdict                : PASS

[54/250] synthetic_004054
  Case seed              : 1953990651
  External subject       : BraTS20_Validation_049
  External slice         : 61
  Donor mask pixels      : 2448
  Posterior stack        : (100, 1, 1, 240, 240)
  Case output            : /Users/bhanugarg/archive/br_lora_library_staging/batch_0017/synthetic_004054
  Verdict                : PASS

[55/250] synthetic_004055
  Case seed              : 1866966389
  External subject       : BraTS20_Validation_049
  External slice         : 62
  Donor mask pixels      : 1628
  Posterior stack        : (100, 1, 1, 240, 240)
  Case output            : /Users/bhanugarg/archive/br_lora_library_staging/batch_0017/synthetic_004055
  Verdict                : PASS

[56/250] synthetic_004056
  Case seed              : 2035515322
  External subject       : BraTS20_Validation_049
  External slice         : 62
  Donor mask pixels      : 3305
  Posterior stack        : (100, 1, 1, 240, 240)
  Case output            : /Users/bhanugarg/archive/br_lora_library_staging/batch_0017/synthetic_004056
  Verdict                : PASS

[57/250] synthetic_004057
  Case seed              : 677017120
  External subject       : BraTS20_Validation_049
  External slice         : 63
  Donor mask pixels      : 412
  Posterior stack        : (100, 1, 1, 240, 240)
  Case output            : /Users/bhanugarg/archive/br_lora_library_staging/batch_0017/synthetic_004057
  Verdict                : PASS

[58/250] synthetic_004058
  Case seed              : 981489246
  External subject       : BraTS20_Validation_049
  External slice         : 63
  Donor mask pixels      : 1591
  Posterior stack        : (100, 1, 1, 240, 240)
  Case output            : /Users/bhanugarg/archive/br_lora_library_staging/batch_0017/synthetic_004058
  Verdict                : PASS

[59/250] synthetic_004059
  Case seed              : 290014460
  External subject       : BraTS20_Validation_049
  External slice         : 64
  Donor mask pixels      : 554
  Posterior stack        : (100, 1, 1, 240, 240)
  Case output            : /Users/bhanugarg/archive/br_lora_library_staging/batch_0017/synthetic_004059
  Verdict                : PASS

[60/250] synthetic_004060
  Case seed              : 435814873
  External subject       : BraTS20_Validation_049
  External slice         : 64
  Donor mask pixels      : 1097
  Posterior stack        : (100, 1, 1, 240, 240)
  Case output            : /Users/bhanugarg/archive/br_lora_library_staging/batch_0017/synthetic_004060
  Verdict                : PASS

[61/250] synthetic_004061
  Case seed              : 1611447422
  External subject       : BraTS20_Validation_049
  External slice         : 65
  Donor mask pixels      : 2130
  Posterior stack        : (100, 1, 1, 240, 240)
  Case output            : /Users/bhanugarg/archive/br_lora_library_staging/batch_0017/synthetic_004061
  Verdict                : PASS

[62/250] synthetic_004062
  Case seed              : 95406323
  External subject       : BraTS20_Validation_049
  External slice         : 65
  Donor mask pixels      : 842
  Posterior stack        : (100, 1, 1, 240, 240)
  Case output            : /Users/bhanugarg/archive/br_lora_library_staging/batch_0017/synthetic_004062
  Verdict                : PASS

[63/250] synthetic_004063
  Case seed              : 933197160
  External subject       : BraTS20_Validation_049
  External slice         : 66
  Donor mask pixels      : 395
  Posterior stack        : (100, 1, 1, 240, 240)
  Case output            : /Users/bhanugarg/archive/br_lora_library_staging/batch_0017/synthetic_004063
  Verdict                : PASS

[64/250] synthetic_004064
  Case seed              : 1187324559
  External subject       : BraTS20_Validation_049
  External slice         : 66
  Donor mask pixels      : 2684
  Posterior stack        : (100, 1, 1, 240, 240)
  Case output            : /Users/bhanugarg/archive/br_lora_library_staging/batch_0017/synthetic_004064
  Verdict                : PASS

[65/250] synthetic_004065
  Case seed              : 1826857711
  External subject       : BraTS20_Validation_049
  External slice         : 67
  Donor mask pixels      : 2534
  Posterior stack        : (100, 1, 1, 240, 240)
  Case output            : /Users/bhanugarg/archive/br_lora_library_staging/batch_0017/synthetic_004065
  Verdict                : PASS

[66/250] synthetic_004066
  Case seed              : 1240835419
  External subject       : BraTS20_Validation_049
  External slice         : 67
  Donor mask pixels      : 1806
  Posterior stack        : (100, 1, 1, 240, 240)
  Case output            : /Users/bhanugarg/archive/br_lora_library_staging/batch_0017/synthetic_004066
  Verdict                : PASS

[67/250] synthetic_004067
  Case seed              : 889965687
  External subject       : BraTS20_Validation_049
  External slice         : 68
  Donor mask pixels      : 1864
  Posterior stack        : (100, 1, 1, 240, 240)
  Case output            : /Users/bhanugarg/archive/br_lora_library_staging/batch_0017/synthetic_004067
  Verdict                : PASS

[68/250] synthetic_004068
  Case seed              : 1460502813
  External subject       : BraTS20_Validation_049
  External slice         : 68
  Donor mask pixels      : 1098
  Posterior stack        : (100, 1, 1, 240, 240)
  Case output            : /Users/bhanugarg/archive/br_lora_library_staging/batch_0017/synthetic_004068
  Verdict                : PASS

[69/250] synthetic_004069
  Case seed              : 1050042227
  External subject       : BraTS20_Validation_049
  External slice         : 69
  Donor mask pixels      : 637
  Posterior stack        : (100, 1, 1, 240, 240)
  Case output            : /Users/bhanugarg/archive/br_lora_library_staging/batch_0017/synthetic_004069
  Verdict                : PASS

[70/250] synthetic_004070
  Case seed              : 1580977100
  External subject       : BraTS20_Validation_049
  External slice         : 70
  Donor mask pixels      : 565
  Posterior stack        : (100, 1, 1, 240, 240)
  Case output            : /Users/bhanugarg/archive/br_lora_library_staging/batch_0017/synthetic_004070
  Verdict                : PASS

[71/250] synthetic_004071
  Case seed              : 503902571
  External subject       : BraTS20_Validation_049
  External slice         : 71
  Donor mask pixels      : 1073
  Posterior stack        : (100, 1, 1, 240, 240)
  Case output            : /Users/bhanugarg/archive/br_lora_library_staging/batch_0017/synthetic_004071
  Verdict                : PASS

[72/250] synthetic_004072
  Case seed              : 906765791
  External subject       : BraTS20_Validation_049
  External slice         : 125
  Donor mask pixels      : 1089
  Posterior stack        : (100, 1, 1, 240, 240)
  Case output            : /Users/bhanugarg/archive/br_lora_library_staging/batch_0017/synthetic_004072
  Verdict                : PASS

[73/250] synthetic_004073
  Case seed              : 268979605
  External subject       : BraTS20_Validation_050
  External slice         : 4
  Donor mask pixels      : 424
  Posterior stack        : (100, 1, 1, 240, 240)
  Case output            : /Users/bhanugarg/archive/br_lora_library_staging/batch_0017/synthetic_004073
  Verdict                : PASS

[74/250] synthetic_004074
  Case seed              : 951954009
  External subject       : BraTS20_Validation_050
  External slice         : 5
  Donor mask pixels      : 531
  Posterior stack        : (100, 1, 1, 240, 240)
  Case output            : /Users/bhanugarg/archive/br_lora_library_staging/batch_0017/synthetic_004074
  Verdict                : PASS

[75/250] synthetic_004075
  Case seed              : 1401832089
  External subject       : BraTS20_Validation_050
  External slice         : 6
  Donor mask pixels      : 721
  Posterior stack        : (100, 1, 1, 240, 240)
  Case output            : /Users/bhanugarg/archive/br_lora_library_staging/batch_0017/synthetic_004075
  Verdict                : PASS

[76/250] synthetic_004076
  Case seed              : 72563225
  External subject       : BraTS20_Validation_050
  External slice         : 7
  Donor mask pixels      : 681
  Posterior stack        : (100, 1, 1, 240, 240)
  Case output            : /Users/bhanugarg/archive/br_lora_library_staging/batch_0017/synthetic_004076
  Verdict                : PASS

[77/250] synthetic_004077
  Case seed              : 1845794207
  External subject       : BraTS20_Validation_050
  External slice         : 8
  Donor mask pixels      : 691
  Posterior stack        : (100, 1, 1, 240, 240)
  Case output            : /Users/bhanugarg/archive/br_lora_library_staging/batch_0017/synthetic_004077
  Verdict                : PASS

[78/250] synthetic_004078
  Case seed              : 1653455022
  External subject       : BraTS20_Validation_050
  External slice         : 9
  Donor mask pixels      : 988
  Posterior stack        : (100, 1, 1, 240, 240)
  Case output            : /Users/bhanugarg/archive/br_lora_library_staging/batch_0017/synthetic_004078
  Verdict                : PASS

[79/250] synthetic_004079
  Case seed              : 235521175
  External subject       : BraTS20_Validation_050
  External slice         : 10
  Donor mask pixels      : 666
  Posterior stack        : (100, 1, 1, 240, 240)
  Case output            : /Users/bhanugarg/archive/br_lora_library_staging/batch_0017/synthetic_004079
  Verdict                : PASS

[80/250] synthetic_004080
  Case seed              : 47196722
  External subject       : BraTS20_Validation_050
  External slice         : 11
  Donor mask pixels      : 1211
  Posterior stack        : (100, 1, 1, 240, 240)
  Case output            : /Users/bhanugarg/archive/br_lora_library_staging/batch_0017/synthetic_004080
  Verdict                : PASS

[81/250] synthetic_004081
  Case seed              : 401746928
  External subject       : BraTS20_Validation_050
  External slice         : 12
  Donor mask pixels      : 1212
  Posterior stack        : (100, 1, 1, 240, 240)
  Case output            : /Users/bhanugarg/archive/br_lora_library_staging/batch_0017/synthetic_004081
  Verdict                : PASS

[82/250] synthetic_004082
  Case seed              : 853329933
  External subject       : BraTS20_Validation_050
  External slice         : 13
  Donor mask pixels      : 1096
  Posterior stack        : (100, 1, 1, 240, 240)
  Case output            : /Users/bhanugarg/archive/br_lora_library_staging/batch_0017/synthetic_004082
  Verdict                : PASS

[83/250] synthetic_004083
  Case seed              : 371343056
  External subject       : BraTS20_Validation_050
  External slice         : 14
  Donor mask pixels      : 2241
  Posterior stack        : (100, 1, 1, 240, 240)
  Case output            : /Users/bhanugarg/archive/br_lora_library_staging/batch_0017/synthetic_004083
  Verdict                : PASS

[84/250] synthetic_004084
  Case seed              : 1266396083
  External subject       : BraTS20_Validation_050
  External slice         : 15
  Donor mask pixels      : 841
  Posterior stack        : (100, 1, 1, 240, 240)
  Case output            : /Users/bhanugarg/archive/br_lora_library_staging/batch_0017/synthetic_004084
  Verdict                : PASS

[85/250] synthetic_004085
  Case seed              : 825472484
  External subject       : BraTS20_Validation_050
  External slice         : 16
  Donor mask pixels      : 1316
  Posterior stack        : (100, 1, 1, 240, 240)
  Case output            : /Users/bhanugarg/archive/br_lora_library_staging/batch_0017/synthetic_004085
  Verdict                : PASS

[86/250] synthetic_004086
  Case seed              : 1516139762
  External subject       : BraTS20_Validation_050
  External slice         : 17
  Donor mask pixels      : 750
  Posterior stack        : (100, 1, 1, 240, 240)
  Case output            : /Users/bhanugarg/archive/br_lora_library_staging/batch_0017/synthetic_004086
  Verdict                : PASS

[87/250] synthetic_004087
  Case seed              : 138948050
  External subject       : BraTS20_Validation_050
  External slice         : 18
  Donor mask pixels      : 1175
  Posterior stack        : (100, 1, 1, 240, 240)
  Case output            : /Users/bhanugarg/archive/br_lora_library_staging/batch_0017/synthetic_004087
  Verdict                : PASS

[88/250] synthetic_004088
  Case seed              : 1404348277
  External subject       : BraTS20_Validation_050
  External slice         : 19
  Donor mask pixels      : 727
  Posterior stack        : (100, 1, 1, 240, 240)
  Case output            : /Users/bhanugarg/archive/br_lora_library_staging/batch_0017/synthetic_004088
  Verdict                : PASS

[89/250] synthetic_004089
  Case seed              : 584354663
  External subject       : BraTS20_Validation_050
  External slice         : 20
  Donor mask pixels      : 1550
  Posterior stack        : (100, 1, 1, 240, 240)
  Case output            : /Users/bhanugarg/archive/br_lora_library_staging/batch_0017/synthetic_004089
  Verdict                : PASS

[90/250] synthetic_004090
  Case seed              : 1012737942
  External subject       : BraTS20_Validation_050
  External slice         : 21
  Donor mask pixels      : 1993
  Posterior stack        : (100, 1, 1, 240, 240)
  Case output            : /Users/bhanugarg/archive/br_lora_library_staging/batch_0017/synthetic_004090
  Verdict                : PASS

[91/250] synthetic_004091
  Case seed              : 268984707
  External subject       : BraTS20_Validation_050
  External slice         : 22
  Donor mask pixels      : 884
  Posterior stack        : (100, 1, 1, 240, 240)
  Case output            : /Users/bhanugarg/archive/br_lora_library_staging/batch_0017/synthetic_004091
  Verdict                : PASS

[92/250] synthetic_004092
  Case seed              : 1587762509
  External subject       : BraTS20_Validation_050
  External slice         : 23
  Donor mask pixels      : 499
  Posterior stack        : (100, 1, 1, 240, 240)
  Case output            : /Users/bhanugarg/archive/br_lora_library_staging/batch_0017/synthetic_004092
  Verdict                : PASS

[93/250] synthetic_004093
  Case seed              : 1195911737
  External subject       : BraTS20_Validation_050
  External slice         : 25
  Donor mask pixels      : 1441
  Posterior stack        : (100, 1, 1, 240, 240)
  Case output            : /Users/bhanugarg/archive/br_lora_library_staging/batch_0017/synthetic_004093
  Verdict                : PASS

[94/250] synthetic_004094
  Case seed              : 53781488
  External subject       : BraTS20_Validation_050
  External slice         : 26
  Donor mask pixels      : 1724
  Posterior stack        : (100, 1, 1, 240, 240)
  Case output            : /Users/bhanugarg/archive/br_lora_library_staging/batch_0017/synthetic_004094
  Verdict                : PASS

[95/250] synthetic_004095
  Case seed              : 1692577107
  External subject       : BraTS20_Validation_050
  External slice         : 27
  Donor mask pixels      : 2189
  Posterior stack        : (100, 1, 1, 240, 240)
  Case output            : /Users/bhanugarg/archive/br_lora_library_staging/batch_0017/synthetic_004095
  Verdict                : PASS

[96/250] synthetic_004096
  Case seed              : 406950503
  External subject       : BraTS20_Validation_050
  External slice         : 28
  Donor mask pixels      : 724
  Posterior stack        : (100, 1, 1, 240, 240)
  Case output            : /Users/bhanugarg/archive/br_lora_library_staging/batch_0017/synthetic_004096
  Verdict                : PASS

[97/250] synthetic_004097
  Case seed              : 101240056
  External subject       : BraTS20_Validation_050
  External slice         : 29
  Donor mask pixels      : 685
  Posterior stack        : (100, 1, 1, 240, 240)
  Case output            : /Users/bhanugarg/archive/br_lora_library_staging/batch_0017/synthetic_004097
  Verdict                : PASS

[98/250] synthetic_004098
  Case seed              : 103568328
  External subject       : BraTS20_Validation_050
  External slice         : 30
  Donor mask pixels      : 2220
  Posterior stack        : (100, 1, 1, 240, 240)
  Case output            : /Users/bhanugarg/archive/br_lora_library_staging/batch_0017/synthetic_004098
  Verdict                : PASS

[99/250] synthetic_004099
  Case seed              : 458983471
  External subject       : BraTS20_Validation_050
  External slice         : 31
  Donor mask pixels      : 1396
  Posterior stack        : (100, 1, 1, 240, 240)
  Case output            : /Users/bhanugarg/archive/br_lora_library_staging/batch_0017/synthetic_004099
  Verdict                : PASS

[100/250] synthetic_004100
  Case seed              : 1200588348
  External subject       : BraTS20_Validation_050
  External slice         : 32
  Donor mask pixels      : 665
  Posterior stack        : (100, 1, 1, 240, 240)
  Case output            : /Users/bhanugarg/archive/br_lora_library_staging/batch_0017/synthetic_004100
  Verdict                : PASS

[101/250] synthetic_004101
  Case seed              : 1893506939
  External subject       : BraTS20_Validation_050
  External slice         : 33
  Donor mask pixels      : 1048
  Posterior stack        : (100, 1, 1, 240, 240)
  Case output            : /Users/bhanugarg/archive/br_lora_library_staging/batch_0017/synthetic_004101
  Verdict                : PASS

[102/250] synthetic_004102
  Case seed              : 1861004473
  External subject       : BraTS20_Validation_050
  External slice         : 96
  Donor mask pixels      : 1519
  Posterior stack        : (100, 1, 1, 240, 240)
  Case output            : /Users/bhanugarg/archive/br_lora_library_staging/batch_0017/synthetic_004102
  Verdict                : PASS

[103/250] synthetic_004103
  Case seed              : 1424687171
  External subject       : BraTS20_Validation_050
  External slice         : 96
  Donor mask pixels      : 564
  Posterior stack        : (100, 1, 1, 240, 240)
  Case output            : /Users/bhanugarg/archive/br_lora_library_staging/batch_0017/synthetic_004103
  Verdict                : PASS

[104/250] synthetic_004104
  Case seed              : 724521529
  External subject       : BraTS20_Validation_050
  External slice         : 97
  Donor mask pixels      : 655
  Posterior stack        : (100, 1, 1, 240, 240)
  Case output            : /Users/bhanugarg/archive/br_lora_library_staging/batch_0017/synthetic_004104
  Verdict                : PASS

[105/250] synthetic_004105
  Case seed              : 609668678
  External subject       : BraTS20_Validation_050
  External slice         : 97
  Donor mask pixels      : 537
  Posterior stack        : (100, 1, 1, 240, 240)
  Case output            : /Users/bhanugarg/archive/br_lora_library_staging/batch_0017/synthetic_004105
  Verdict                : PASS

[106/250] synthetic_004106
  Case seed              : 713658047
  External subject       : BraTS20_Validation_050
  External slice         : 98
  Donor mask pixels      : 1904
  Posterior stack        : (100, 1, 1, 240, 240)
  Case output            : /Users/bhanugarg/archive/br_lora_library_staging/batch_0017/synthetic_004106
  Verdict                : PASS

[107/250] synthetic_004107
  Case seed              : 1190425390
  External subject       : BraTS20_Validation_050
  External slice         : 98
  Donor mask pixels      : 743
  Posterior stack        : (100, 1, 1, 240, 240)
  Case output            : /Users/bhanugarg/archive/br_lora_library_staging/batch_0017/synthetic_004107
  Verdict                : PASS

[108/250] synthetic_004108
  Case seed              : 1402074714
  External subject       : BraTS20_Validation_050
  External slice         : 99
  Donor mask pixels      : 2728
  Posterior stack        : (100, 1, 1, 240, 240)
  Case output            : /Users/bhanugarg/archive/br_lora_library_staging/batch_0017/synthetic_004108
  Verdict                : PASS

[109/250] synthetic_004109
  Case seed              : 1783762109
  External subject       : BraTS20_Validation_050
  External slice         : 100
  Donor mask pixels      : 2248
  Posterior stack        : (100, 1, 1, 240, 240)
  Case output            : /Users/bhanugarg/archive/br_lora_library_staging/batch_0017/synthetic_004109
  Verdict                : PASS

[110/250] synthetic_004110
  Case seed              : 427927634
  External subject       : BraTS20_Validation_050
  External slice         : 100
  Donor mask pixels      : 2900
  Posterior stack        : (100, 1, 1, 240, 240)
  Case output            : /Users/bhanugarg/archive/br_lora_library_staging/batch_0017/synthetic_004110
  Verdict                : PASS

[111/250] synthetic_004111
  Case seed              : 204098675
  External subject       : BraTS20_Validation_050
  External slice         : 101
  Donor mask pixels      : 1175
  Posterior stack        : (100, 1, 1, 240, 240)
  Case output            : /Users/bhanugarg/archive/br_lora_library_staging/batch_0017/synthetic_004111
  Verdict                : PASS

[112/250] synthetic_004112
  Case seed              : 156180028
  External subject       : BraTS20_Validation_050
  External slice         : 101
  Donor mask pixels      : 4639
  Posterior stack        : (100, 1, 1, 240, 240)
  Case output            : /Users/bhanugarg/archive/br_lora_library_staging/batch_0017/synthetic_004112
  Verdict                : PASS

[113/250] synthetic_004113
  Case seed              : 896623666
  External subject       : BraTS20_Validation_050
  External slice         : 102
  Donor mask pixels      : 1364
  Posterior stack        : (100, 1, 1, 240, 240)
  Case output            : /Users/bhanugarg/archive/br_lora_library_staging/batch_0017/synthetic_004113
  Verdict                : PASS

[114/250] synthetic_004114
  Case seed              : 201043654
  External subject       : BraTS20_Validation_050
  External slice         : 102
  Donor mask pixels      : 692
  Posterior stack        : (100, 1, 1, 240, 240)
  Case output            : /Users/bhanugarg/archive/br_lora_library_staging/batch_0017/synthetic_004114
  Verdict                : PASS

[115/250] synthetic_004115
  Case seed              : 1965439911
  External subject       : BraTS20_Validation_050
  External slice         : 103
  Donor mask pixels      : 1299
  Posterior stack        : (100, 1, 1, 240, 240)
  Case output            : /Users/bhanugarg/archive/br_lora_library_staging/batch_0017/synthetic_004115
  Verdict                : PASS

[116/250] synthetic_004116
  Case seed              : 1384845293
  External subject       : BraTS20_Validation_050
  External slice         : 103
  Donor mask pixels      : 2016
  Posterior stack        : (100, 1, 1, 240, 240)
  Case output            : /Users/bhanugarg/archive/br_lora_library_staging/batch_0017/synthetic_004116
  Verdict                : PASS

[117/250] synthetic_004117
  Case seed              : 1458226846
  External subject       : BraTS20_Validation_050
  External slice         : 104
  Donor mask pixels      : 4712
  Posterior stack        : (100, 1, 1, 240, 240)
  Case output            : /Users/bhanugarg/archive/br_lora_library_staging/batch_0017/synthetic_004117
  Verdict                : PASS

[118/250] synthetic_004118
  Case seed              : 1272126507
  External subject       : BraTS20_Validation_050
  External slice         : 104
  Donor mask pixels      : 2431
  Posterior stack        : (100, 1, 1, 240, 240)
  Case output            : /Users/bhanugarg/archive/br_lora_library_staging/batch_0017/synthetic_004118
  Verdict                : PASS

[119/250] synthetic_004119
  Case seed              : 1274743968
  External subject       : BraTS20_Validation_050
  External slice         : 105
  Donor mask pixels      : 1146
  Posterior stack        : (100, 1, 1, 240, 240)
  Case output            : /Users/bhanugarg/archive/br_lora_library_staging/batch_0017/synthetic_004119
  Verdict                : PASS

[120/250] synthetic_004120
  Case seed              : 503650426
  External subject       : BraTS20_Validation_050
  External slice         : 106
  Donor mask pixels      : 4794
  Posterior stack        : (100, 1, 1, 240, 240)
  Case output            : /Users/bhanugarg/archive/br_lora_library_staging/batch_0017/synthetic_004120
  Verdict                : PASS

[121/250] synthetic_004121
  Case seed              : 242803094
  External subject       : BraTS20_Validation_050
  External slice         : 107
  Donor mask pixels      : 1021
  Posterior stack        : (100, 1, 1, 240, 240)
  Case output            : /Users/bhanugarg/archive/br_lora_library_staging/batch_0017/synthetic_004121
  Verdict                : PASS

[122/250] synthetic_004122
  Case seed              : 1192725698
  External subject       : BraTS20_Validation_050
  External slice         : 108
  Donor mask pixels      : 3914
  Posterior stack        : (100, 1, 1, 240, 240)
  Case output            : /Users/bhanugarg/archive/br_lora_library_staging/batch_0017/synthetic_004122
  Verdict                : PASS

[123/250] synthetic_004123
  Case seed              : 1755952234
  External subject       : BraTS20_Validation_050
  External slice         : 109
  Donor mask pixels      : 1400
  Posterior stack        : (100, 1, 1, 240, 240)
  Case output            : /Users/bhanugarg/archive/br_lora_library_staging/batch_0017/synthetic_004123
  Verdict                : PASS

[124/250] synthetic_004124
  Case seed              : 78822639
  External subject       : BraTS20_Validation_050
  External slice         : 110
  Donor mask pixels      : 1252
  Posterior stack        : (100, 1, 1, 240, 240)
  Case output            : /Users/bhanugarg/archive/br_lora_library_staging/batch_0017/synthetic_004124
  Verdict                : PASS

[125/250] synthetic_004125
  Case seed              : 240321759
  External subject       : BraTS20_Validation_050
  External slice         : 111
  Donor mask pixels      : 1805
  Posterior stack        : (100, 1, 1, 240, 240)
  Case output            : /Users/bhanugarg/archive/br_lora_library_staging/batch_0017/synthetic_004125
  Verdict                : PASS

[126/250] synthetic_004126
  Case seed              : 510258936
  External subject       : BraTS20_Validation_050
  External slice         : 112
  Donor mask pixels      : 771
  Posterior stack        : (100, 1, 1, 240, 240)
  Case output            : /Users/bhanugarg/archive/br_lora_library_staging/batch_0017/synthetic_004126
  Verdict                : PASS

[127/250] synthetic_004127
  Case seed              : 1095050441
  External subject       : BraTS20_Validation_050
  External slice         : 113
  Donor mask pixels      : 803
  Posterior stack        : (100, 1, 1, 240, 240)
  Case output            : /Users/bhanugarg/archive/br_lora_library_staging/batch_0017/synthetic_004127
  Verdict                : PASS

[128/250] synthetic_004128
  Case seed              : 1704470315
  External subject       : BraTS20_Validation_050
  External slice         : 114
  Donor mask pixels      : 917
  Posterior stack        : (100, 1, 1, 240, 240)
  Case output            : /Users/bhanugarg/archive/br_lora_library_staging/batch_0017/synthetic_004128
  Verdict                : PASS

[129/250] synthetic_004129
  Case seed              : 1855904430
  External subject       : BraTS20_Validation_050
  External slice         : 115
  Donor mask pixels      : 1344
  Posterior stack        : (100, 1, 1, 240, 240)
  Case output            : /Users/bhanugarg/archive/br_lora_library_staging/batch_0017/synthetic_004129
  Verdict                : PASS

[130/250] synthetic_004130
  Case seed              : 756053235
  External subject       : BraTS20_Validation_050
  External slice         : 116
  Donor mask pixels      : 608
  Posterior stack        : (100, 1, 1, 240, 240)
  Case output            : /Users/bhanugarg/archive/br_lora_library_staging/batch_0017/synthetic_004130
  Verdict                : PASS

[131/250] synthetic_004131
  Case seed              : 464553281
  External subject       : BraTS20_Validation_050
  External slice         : 117
  Donor mask pixels      : 2194
  Posterior stack        : (100, 1, 1, 240, 240)
  Case output            : /Users/bhanugarg/archive/br_lora_library_staging/batch_0017/synthetic_004131
  Verdict                : PASS

[132/250] synthetic_004132
  Case seed              : 2105247714
  External subject       : BraTS20_Validation_050
  External slice         : 118
  Donor mask pixels      : 985
  Posterior stack        : (100, 1, 1, 240, 240)
  Case output            : /Users/bhanugarg/archive/br_lora_library_staging/batch_0017/synthetic_004132
  Verdict                : PASS

[133/250] synthetic_004133
  Case seed              : 1673377730
  External subject       : BraTS20_Validation_050
  External slice         : 119
  Donor mask pixels      : 3061
  Posterior stack        : (100, 1, 1, 240, 240)
  Case output            : /Users/bhanugarg/archive/br_lora_library_staging/batch_0017/synthetic_004133
  Verdict                : PASS

[134/250] synthetic_004134
  Case seed              : 2125426348
  External subject       : BraTS20_Validation_050
  External slice         : 120
  Donor mask pixels      : 824
  Posterior stack        : (100, 1, 1, 240, 240)
  Case output            : /Users/bhanugarg/archive/br_lora_library_staging/batch_0017/synthetic_004134
  Verdict                : PASS

[135/250] synthetic_004135
  Case seed              : 192041050
  External subject       : BraTS20_Validation_050
  External slice         : 121
  Donor mask pixels      : 1014
  Posterior stack        : (100, 1, 1, 240, 240)
  Case output            : /Users/bhanugarg/archive/br_lora_library_staging/batch_0017/synthetic_004135
  Verdict                : PASS

[136/250] synthetic_004136
  Case seed              : 1463272720
  External subject       : BraTS20_Validation_050
  External slice         : 122
  Donor mask pixels      : 2886
  Posterior stack        : (100, 1, 1, 240, 240)
  Case output            : /Users/bhanugarg/archive/br_lora_library_staging/batch_0017/synthetic_004136
  Verdict                : PASS

[137/250] synthetic_004137
  Case seed              : 2123737948
  External subject       : BraTS20_Validation_050
  External slice         : 123
  Donor mask pixels      : 1192
  Posterior stack        : (100, 1, 1, 240, 240)
  Case output            : /Users/bhanugarg/archive/br_lora_library_staging/batch_0017/synthetic_004137
  Verdict                : PASS

[138/250] synthetic_004138
  Case seed              : 1330077673
  External subject       : BraTS20_Validation_050
  External slice         : 124
  Donor mask pixels      : 1417
  Posterior stack        : (100, 1, 1, 240, 240)
  Case output            : /Users/bhanugarg/archive/br_lora_library_staging/batch_0017/synthetic_004138
  Verdict                : PASS

[139/250] synthetic_004139
  Case seed              : 46032197
  External subject       : BraTS20_Validation_050
  External slice         : 125
  Donor mask pixels      : 2971
  Posterior stack        : (100, 1, 1, 240, 240)
  Case output            : /Users/bhanugarg/archive/br_lora_library_staging/batch_0017/synthetic_004139
  Verdict                : PASS

[140/250] synthetic_004140
  Case seed              : 956724940
  External subject       : BraTS20_Validation_050
  External slice         : 126
  Donor mask pixels      : 1425
  Posterior stack        : (100, 1, 1, 240, 240)
  Case output            : /Users/bhanugarg/archive/br_lora_library_staging/batch_0017/synthetic_004140
  Verdict                : PASS

[141/250] synthetic_004141
  Case seed              : 1362540532
  External subject       : BraTS20_Validation_050
  External slice         : 127
  Donor mask pixels      : 2509
  Posterior stack        : (100, 1, 1, 240, 240)
  Case output            : /Users/bhanugarg/archive/br_lora_library_staging/batch_0017/synthetic_004141
  Verdict                : PASS

[142/250] synthetic_004142
  Case seed              : 714910465
  External subject       : BraTS20_Validation_050
  External slice         : 128
  Donor mask pixels      : 1221
  Posterior stack        : (100, 1, 1, 240, 240)
  Case output            : /Users/bhanugarg/archive/br_lora_library_staging/batch_0017/synthetic_004142
  Verdict                : PASS

[143/250] synthetic_004143
  Case seed              : 589617867
  External subject       : BraTS20_Validation_050
  External slice         : 129
  Donor mask pixels      : 461
  Posterior stack        : (100, 1, 1, 240, 240)
  Case output            : /Users/bhanugarg/archive/br_lora_library_staging/batch_0017/synthetic_004143
  Verdict                : PASS

[144/250] synthetic_004144
  Case seed              : 508701977
  External subject       : BraTS20_Validation_050
  External slice         : 130
  Donor mask pixels      : 332
  Posterior stack        : (100, 1, 1, 240, 240)
  Case output            : /Users/bhanugarg/archive/br_lora_library_staging/batch_0017/synthetic_004144
  Verdict                : PASS

[145/250] synthetic_004145
  Case seed              : 1270243562
  External subject       : BraTS20_Validation_050
  External slice         : 131
  Donor mask pixels      : 370
  Posterior stack        : (100, 1, 1, 240, 240)
  Case output            : /Users/bhanugarg/archive/br_lora_library_staging/batch_0017/synthetic_004145
  Verdict                : PASS

[146/250] synthetic_004146
  Case seed              : 1527291852
  External subject       : BraTS20_Validation_050
  External slice         : 132
  Donor mask pixels      : 1084
  Posterior stack        : (100, 1, 1, 240, 240)
  Case output            : /Users/bhanugarg/archive/br_lora_library_staging/batch_0017/synthetic_004146
  Verdict                : PASS

[147/250] synthetic_004147
  Case seed              : 2026768590
  External subject       : BraTS20_Validation_050
  External slice         : 133
  Donor mask pixels      : 863
  Posterior stack        : (100, 1, 1, 240, 240)
  Case output            : /Users/bhanugarg/archive/br_lora_library_staging/batch_0017/synthetic_004147
  Verdict                : PASS

[148/250] synthetic_004148
  Case seed              : 1239698844
  External subject       : BraTS20_Validation_050
  External slice         : 134
  Donor mask pixels      : 732
  Posterior stack        : (100, 1, 1, 240, 240)
  Case output            : /Users/bhanugarg/archive/br_lora_library_staging/batch_0017/synthetic_004148
  Verdict                : PASS

[149/250] synthetic_004149
  Case seed              : 424195713
  External subject       : BraTS20_Validation_050
  External slice         : 135
  Donor mask pixels      : 577
  Posterior stack        : (100, 1, 1, 240, 240)
  Case output            : /Users/bhanugarg/archive/br_lora_library_staging/batch_0017/synthetic_004149
  Verdict                : PASS

[150/250] synthetic_004150
  Case seed              : 2106418512
  External subject       : BraTS20_Validation_050
  External slice         : 136
  Donor mask pixels      : 419
  Posterior stack        : (100, 1, 1, 240, 240)
  Case output            : /Users/bhanugarg/archive/br_lora_library_staging/batch_0017/synthetic_004150
  Verdict                : PASS

[151/250] synthetic_004151
  Case seed              : 98068004
  External subject       : BraTS20_Validation_051
  External slice         : 9
  Donor mask pixels      : 344
  Posterior stack        : (100, 1, 1, 240, 240)
  Case output            : /Users/bhanugarg/archive/br_lora_library_staging/batch_0017/synthetic_004151
  Verdict                : PASS

[152/250] synthetic_004152
  Case seed              : 1851476996
  External subject       : BraTS20_Validation_051
  External slice         : 11
  Donor mask pixels      : 444
  Posterior stack        : (100, 1, 1, 240, 240)
  Case output            : /Users/bhanugarg/archive/br_lora_library_staging/batch_0017/synthetic_004152
  Verdict                : PASS

[153/250] synthetic_004153
  Case seed              : 1580048085
  External subject       : BraTS20_Validation_051
  External slice         : 12
  Donor mask pixels      : 459
  Posterior stack        : (100, 1, 1, 240, 240)
  Case output            : /Users/bhanugarg/archive/br_lora_library_staging/batch_0017/synthetic_004153
  Verdict                : PASS

[154/250] synthetic_004154
  Case seed              : 1511139388
  External subject       : BraTS20_Validation_051
  External slice         : 13
  Donor mask pixels      : 766
  Posterior stack        : (100, 1, 1, 240, 240)
  Case output            : /Users/bhanugarg/archive/br_lora_library_staging/batch_0017/synthetic_004154
  Verdict                : PASS

[155/250] synthetic_004155
  Case seed              : 975547509
  External subject       : BraTS20_Validation_051
  External slice         : 14
  Donor mask pixels      : 1848
  Posterior stack        : (100, 1, 1, 240, 240)
  Case output            : /Users/bhanugarg/archive/br_lora_library_staging/batch_0017/synthetic_004155
  Verdict                : PASS

[156/250] synthetic_004156
  Case seed              : 599746519
  External subject       : BraTS20_Validation_051
  External slice         : 15
  Donor mask pixels      : 598
  Posterior stack        : (100, 1, 1, 240, 240)
  Case output            : /Users/bhanugarg/archive/br_lora_library_staging/batch_0017/synthetic_004156
  Verdict                : PASS

[157/250] synthetic_004157
  Case seed              : 1668307111
  External subject       : BraTS20_Validation_051
  External slice         : 16
  Donor mask pixels      : 1365
  Posterior stack        : (100, 1, 1, 240, 240)
  Case output            : /Users/bhanugarg/archive/br_lora_library_staging/batch_0017/synthetic_004157
  Verdict                : PASS

[158/250] synthetic_004158
  Case seed              : 653463273
  External subject       : BraTS20_Validation_051
  External slice         : 17
  Donor mask pixels      : 497
  Posterior stack        : (100, 1, 1, 240, 240)
  Case output            : /Users/bhanugarg/archive/br_lora_library_staging/batch_0017/synthetic_004158
  Verdict                : PASS

[159/250] synthetic_004159
  Case seed              : 267945489
  External subject       : BraTS20_Validation_051
  External slice         : 18
  Donor mask pixels      : 1437
  Posterior stack        : (100, 1, 1, 240, 240)
  Case output            : /Users/bhanugarg/archive/br_lora_library_staging/batch_0017/synthetic_004159
  Verdict                : PASS

[160/250] synthetic_004160
  Case seed              : 1829335546
  External subject       : BraTS20_Validation_051
  External slice         : 19
  Donor mask pixels      : 2367
  Posterior stack        : (100, 1, 1, 240, 240)
  Case output            : /Users/bhanugarg/archive/br_lora_library_staging/batch_0017/synthetic_004160
  Verdict                : PASS

[161/250] synthetic_004161
  Case seed              : 604130098
  External subject       : BraTS20_Validation_051
  External slice         : 20
  Donor mask pixels      : 1608
  Posterior stack        : (100, 1, 1, 240, 240)
  Case output            : /Users/bhanugarg/archive/br_lora_library_staging/batch_0017/synthetic_004161
  Verdict                : PASS

[162/250] synthetic_004162
  Case seed              : 557785711
  External subject       : BraTS20_Validation_051
  External slice         : 21
  Donor mask pixels      : 624
  Posterior stack        : (100, 1, 1, 240, 240)
  Case output            : /Users/bhanugarg/archive/br_lora_library_staging/batch_0017/synthetic_004162
  Verdict                : PASS

[163/250] synthetic_004163
  Case seed              : 1081800564
  External subject       : BraTS20_Validation_051
  External slice         : 22
  Donor mask pixels      : 748
  Posterior stack        : (100, 1, 1, 240, 240)
  Case output            : /Users/bhanugarg/archive/br_lora_library_staging/batch_0017/synthetic_004163
  Verdict                : PASS

[164/250] synthetic_004164
  Case seed              : 1904992131
  External subject       : BraTS20_Validation_051
  External slice         : 23
  Donor mask pixels      : 308
  Posterior stack        : (100, 1, 1, 240, 240)
  Case output            : /Users/bhanugarg/archive/br_lora_library_staging/batch_0017/synthetic_004164
  Verdict                : PASS

[165/250] synthetic_004165
  Case seed              : 334611262
  External subject       : BraTS20_Validation_051
  External slice         : 24
  Donor mask pixels      : 708
  Posterior stack        : (100, 1, 1, 240, 240)
  Case output            : /Users/bhanugarg/archive/br_lora_library_staging/batch_0017/synthetic_004165
  Verdict                : PASS

[166/250] synthetic_004166
  Case seed              : 650043733
  External subject       : BraTS20_Validation_051
  External slice         : 25
  Donor mask pixels      : 1568
  Posterior stack        : (100, 1, 1, 240, 240)
  Case output            : /Users/bhanugarg/archive/br_lora_library_staging/batch_0017/synthetic_004166
  Verdict                : PASS

[167/250] synthetic_004167
  Case seed              : 210679501
  External subject       : BraTS20_Validation_051
  External slice         : 26
  Donor mask pixels      : 584
  Posterior stack        : (100, 1, 1, 240, 240)
  Case output            : /Users/bhanugarg/archive/br_lora_library_staging/batch_0017/synthetic_004167
  Verdict                : PASS

[168/250] synthetic_004168
  Case seed              : 132646379
  External subject       : BraTS20_Validation_051
  External slice         : 27
  Donor mask pixels      : 2550
  Posterior stack        : (100, 1, 1, 240, 240)
  Case output            : /Users/bhanugarg/archive/br_lora_library_staging/batch_0017/synthetic_004168
  Verdict                : PASS

[169/250] synthetic_004169
  Case seed              : 136475795
  External subject       : BraTS20_Validation_051
  External slice         : 28
  Donor mask pixels      : 466
  Posterior stack        : (100, 1, 1, 240, 240)
  Case output            : /Users/bhanugarg/archive/br_lora_library_staging/batch_0017/synthetic_004169
  Verdict                : PASS

[170/250] synthetic_004170
  Case seed              : 1627661915
  External subject       : BraTS20_Validation_051
  External slice         : 29
  Donor mask pixels      : 1972
  Posterior stack        : (100, 1, 1, 240, 240)
  Case output            : /Users/bhanugarg/archive/br_lora_library_staging/batch_0017/synthetic_004170
  Verdict                : PASS

[171/250] synthetic_004171
  Case seed              : 214856051
  External subject       : BraTS20_Validation_051
  External slice         : 30
  Donor mask pixels      : 1200
  Posterior stack        : (100, 1, 1, 240, 240)
  Case output            : /Users/bhanugarg/archive/br_lora_library_staging/batch_0017/synthetic_004171
  Verdict                : PASS

[172/250] synthetic_004172
  Case seed              : 1659624925
  External subject       : BraTS20_Validation_051
  External slice         : 31
  Donor mask pixels      : 1922
  Posterior stack        : (100, 1, 1, 240, 240)
  Case output            : /Users/bhanugarg/archive/br_lora_library_staging/batch_0017/synthetic_004172
  Verdict                : PASS

[173/250] synthetic_004173
  Case seed              : 2016066948
  External subject       : BraTS20_Validation_051
  External slice         : 32
  Donor mask pixels      : 2145
  Posterior stack        : (100, 1, 1, 240, 240)
  Case output            : /Users/bhanugarg/archive/br_lora_library_staging/batch_0017/synthetic_004173
  Verdict                : PASS

[174/250] synthetic_004174
  Case seed              : 1084775267
  External subject       : BraTS20_Validation_051
  External slice         : 33
  Donor mask pixels      : 564
  Posterior stack        : (100, 1, 1, 240, 240)
  Case output            : /Users/bhanugarg/archive/br_lora_library_staging/batch_0017/synthetic_004174
  Verdict                : PASS

[175/250] synthetic_004175
  Case seed              : 356692644
  External subject       : BraTS20_Validation_051
  External slice         : 34
  Donor mask pixels      : 1657
  Posterior stack        : (100, 1, 1, 240, 240)
  Case output            : /Users/bhanugarg/archive/br_lora_library_staging/batch_0017/synthetic_004175
  Verdict                : PASS

[176/250] synthetic_004176
  Case seed              : 646598627
  External subject       : BraTS20_Validation_051
  External slice         : 35
  Donor mask pixels      : 715
  Posterior stack        : (100, 1, 1, 240, 240)
  Case output            : /Users/bhanugarg/archive/br_lora_library_staging/batch_0017/synthetic_004176
  Verdict                : PASS

[177/250] synthetic_004177
  Case seed              : 929761789
  External subject       : BraTS20_Validation_051
  External slice         : 36
  Donor mask pixels      : 2027
  Posterior stack        : (100, 1, 1, 240, 240)
  Case output            : /Users/bhanugarg/archive/br_lora_library_staging/batch_0017/synthetic_004177
  Verdict                : PASS

[178/250] synthetic_004178
  Case seed              : 1843127328
  External subject       : BraTS20_Validation_051
  External slice         : 37
  Donor mask pixels      : 730
  Posterior stack        : (100, 1, 1, 240, 240)
  Case output            : /Users/bhanugarg/archive/br_lora_library_staging/batch_0017/synthetic_004178
  Verdict                : PASS

[179/250] synthetic_004179
  Case seed              : 1363542127
  External subject       : BraTS20_Validation_051
  External slice         : 38
  Donor mask pixels      : 3482
  Posterior stack        : (100, 1, 1, 240, 240)
  Case output            : /Users/bhanugarg/archive/br_lora_library_staging/batch_0017/synthetic_004179
  Verdict                : PASS

[180/250] synthetic_004180
  Case seed              : 798524785
  External subject       : BraTS20_Validation_051
  External slice         : 39
  Donor mask pixels      : 1505
  Posterior stack        : (100, 1, 1, 240, 240)
  Case output            : /Users/bhanugarg/archive/br_lora_library_staging/batch_0017/synthetic_004180
  Verdict                : PASS

[181/250] synthetic_004181
  Case seed              : 123233764
  External subject       : BraTS20_Validation_051
  External slice         : 40
  Donor mask pixels      : 2862
  Posterior stack        : (100, 1, 1, 240, 240)
  Case output            : /Users/bhanugarg/archive/br_lora_library_staging/batch_0017/synthetic_004181
  Verdict                : PASS

[182/250] synthetic_004182
  Case seed              : 905024543
  External subject       : BraTS20_Validation_051
  External slice         : 41
  Donor mask pixels      : 571
  Posterior stack        : (100, 1, 1, 240, 240)
  Case output            : /Users/bhanugarg/archive/br_lora_library_staging/batch_0017/synthetic_004182
  Verdict                : PASS

[183/250] synthetic_004183
  Case seed              : 1137352604
  External subject       : BraTS20_Validation_051
  External slice         : 42
  Donor mask pixels      : 2353
  Posterior stack        : (100, 1, 1, 240, 240)
  Case output            : /Users/bhanugarg/archive/br_lora_library_staging/batch_0017/synthetic_004183
  Verdict                : PASS

[184/250] synthetic_004184
  Case seed              : 712569052
  External subject       : BraTS20_Validation_051
  External slice         : 43
  Donor mask pixels      : 1547
  Posterior stack        : (100, 1, 1, 240, 240)
  Case output            : /Users/bhanugarg/archive/br_lora_library_staging/batch_0017/synthetic_004184
  Verdict                : PASS

[185/250] synthetic_004185
  Case seed              : 993303218
  External subject       : BraTS20_Validation_051
  External slice         : 44
  Donor mask pixels      : 982
  Posterior stack        : (100, 1, 1, 240, 240)
  Case output            : /Users/bhanugarg/archive/br_lora_library_staging/batch_0017/synthetic_004185
  Verdict                : PASS

[186/250] synthetic_004186
  Case seed              : 1926729828
  External subject       : BraTS20_Validation_051
  External slice         : 45
  Donor mask pixels      : 986
  Posterior stack        : (100, 1, 1, 240, 240)
  Case output            : /Users/bhanugarg/archive/br_lora_library_staging/batch_0017/synthetic_004186
  Verdict                : PASS

[187/250] synthetic_004187
  Case seed              : 1637682595
  External subject       : BraTS20_Validation_051
  External slice         : 45
  Donor mask pixels      : 1169
  Posterior stack        : (100, 1, 1, 240, 240)
  Case output            : /Users/bhanugarg/archive/br_lora_library_staging/batch_0017/synthetic_004187
  Verdict                : PASS

[188/250] synthetic_004188
  Case seed              : 1509443746
  External subject       : BraTS20_Validation_051
  External slice         : 46
  Donor mask pixels      : 2028
  Posterior stack        : (100, 1, 1, 240, 240)
  Case output            : /Users/bhanugarg/archive/br_lora_library_staging/batch_0017/synthetic_004188
  Verdict                : PASS

[189/250] synthetic_004189
  Case seed              : 555270923
  External subject       : BraTS20_Validation_051
  External slice         : 47
  Donor mask pixels      : 3206
  Posterior stack        : (100, 1, 1, 240, 240)
  Case output            : /Users/bhanugarg/archive/br_lora_library_staging/batch_0017/synthetic_004189
  Verdict                : PASS

[190/250] synthetic_004190
  Case seed              : 1452937640
  External subject       : BraTS20_Validation_051
  External slice         : 47
  Donor mask pixels      : 3318
  Posterior stack        : (100, 1, 1, 240, 240)
  Case output            : /Users/bhanugarg/archive/br_lora_library_staging/batch_0017/synthetic_004190
  Verdict                : PASS

[191/250] synthetic_004191
  Case seed              : 1449813971
  External subject       : BraTS20_Validation_051
  External slice         : 48
  Donor mask pixels      : 858
  Posterior stack        : (100, 1, 1, 240, 240)
  Case output            : /Users/bhanugarg/archive/br_lora_library_staging/batch_0017/synthetic_004191
  Verdict                : PASS

[192/250] synthetic_004192
  Case seed              : 2035404699
  External subject       : BraTS20_Validation_051
  External slice         : 48
  Donor mask pixels      : 955
  Posterior stack        : (100, 1, 1, 240, 240)
  Case output            : /Users/bhanugarg/archive/br_lora_library_staging/batch_0017/synthetic_004192
  Verdict                : PASS

[193/250] synthetic_004193
  Case seed              : 1678385204
  External subject       : BraTS20_Validation_051
  External slice         : 49
  Donor mask pixels      : 1097
  Posterior stack        : (100, 1, 1, 240, 240)
  Case output            : /Users/bhanugarg/archive/br_lora_library_staging/batch_0017/synthetic_004193
  Verdict                : PASS

[194/250] synthetic_004194
  Case seed              : 1121037905
  External subject       : BraTS20_Validation_051
  External slice         : 49
  Donor mask pixels      : 823
  Posterior stack        : (100, 1, 1, 240, 240)
  Case output            : /Users/bhanugarg/archive/br_lora_library_staging/batch_0017/synthetic_004194
  Verdict                : PASS

[195/250] synthetic_004195
  Case seed              : 499536560
  External subject       : BraTS20_Validation_051
  External slice         : 50
  Donor mask pixels      : 337
  Posterior stack        : (100, 1, 1, 240, 240)
  Case output            : /Users/bhanugarg/archive/br_lora_library_staging/batch_0017/synthetic_004195
  Verdict                : PASS

[196/250] synthetic_004196
  Case seed              : 1697348200
  External subject       : BraTS20_Validation_051
  External slice         : 50
  Donor mask pixels      : 3084
  Posterior stack        : (100, 1, 1, 240, 240)
  Case output            : /Users/bhanugarg/archive/br_lora_library_staging/batch_0017/synthetic_004196
  Verdict                : PASS

[197/250] synthetic_004197
  Case seed              : 2073783527
  External subject       : BraTS20_Validation_051
  External slice         : 51
  Donor mask pixels      : 1090
  Posterior stack        : (100, 1, 1, 240, 240)
  Case output            : /Users/bhanugarg/archive/br_lora_library_staging/batch_0017/synthetic_004197
  Verdict                : PASS

[198/250] synthetic_004198
  Case seed              : 10243405
  External subject       : BraTS20_Validation_051
  External slice         : 51
  Donor mask pixels      : 2862
  Posterior stack        : (100, 1, 1, 240, 240)
  Case output            : /Users/bhanugarg/archive/br_lora_library_staging/batch_0017/synthetic_004198
  Verdict                : PASS

[199/250] synthetic_004199
  Case seed              : 1124132343
  External subject       : BraTS20_Validation_051
  External slice         : 52
  Donor mask pixels      : 947
  Posterior stack        : (100, 1, 1, 240, 240)
  Case output            : /Users/bhanugarg/archive/br_lora_library_staging/batch_0017/synthetic_004199
  Verdict                : PASS

[200/250] synthetic_004200
  Case seed              : 1762503618
  External subject       : BraTS20_Validation_051
  External slice         : 52
  Donor mask pixels      : 3132
  Posterior stack        : (100, 1, 1, 240, 240)
  Case output            : /Users/bhanugarg/archive/br_lora_library_staging/batch_0017/synthetic_004200
  Verdict                : PASS

[201/250] synthetic_004201
  Case seed              : 1632968221
  External subject       : BraTS20_Validation_051
  External slice         : 53
  Donor mask pixels      : 857
  Posterior stack        : (100, 1, 1, 240, 240)
  Case output            : /Users/bhanugarg/archive/br_lora_library_staging/batch_0017/synthetic_004201
  Verdict                : PASS

[202/250] synthetic_004202
  Case seed              : 1660352444
  External subject       : BraTS20_Validation_051
  External slice         : 53
  Donor mask pixels      : 2606
  Posterior stack        : (100, 1, 1, 240, 240)
  Case output            : /Users/bhanugarg/archive/br_lora_library_staging/batch_0017/synthetic_004202
  Verdict                : PASS

[203/250] synthetic_004203
  Case seed              : 1905902619
  External subject       : BraTS20_Validation_051
  External slice         : 54
  Donor mask pixels      : 608
  Posterior stack        : (100, 1, 1, 240, 240)
  Case output            : /Users/bhanugarg/archive/br_lora_library_staging/batch_0017/synthetic_004203
  Verdict                : PASS

[204/250] synthetic_004204
  Case seed              : 2071490560
  External subject       : BraTS20_Validation_051
  External slice         : 54
  Donor mask pixels      : 717
  Posterior stack        : (100, 1, 1, 240, 240)
  Case output            : /Users/bhanugarg/archive/br_lora_library_staging/batch_0017/synthetic_004204
  Verdict                : PASS

[205/250] synthetic_004205
  Case seed              : 1386361645
  External subject       : BraTS20_Validation_051
  External slice         : 55
  Donor mask pixels      : 2867
  Posterior stack        : (100, 1, 1, 240, 240)
  Case output            : /Users/bhanugarg/archive/br_lora_library_staging/batch_0017/synthetic_004205
  Verdict                : PASS

[206/250] synthetic_004206
  Case seed              : 1733047654
  External subject       : BraTS20_Validation_051
  External slice         : 55
  Donor mask pixels      : 680
  Posterior stack        : (100, 1, 1, 240, 240)
  Case output            : /Users/bhanugarg/archive/br_lora_library_staging/batch_0017/synthetic_004206
  Verdict                : PASS

[207/250] synthetic_004207
  Case seed              : 1616764852
  External subject       : BraTS20_Validation_051
  External slice         : 56
  Donor mask pixels      : 1239
  Posterior stack        : (100, 1, 1, 240, 240)
  Case output            : /Users/bhanugarg/archive/br_lora_library_staging/batch_0017/synthetic_004207
  Verdict                : PASS

[208/250] synthetic_004208
  Case seed              : 978494222
  External subject       : BraTS20_Validation_051
  External slice         : 56
  Donor mask pixels      : 2574
  Posterior stack        : (100, 1, 1, 240, 240)
  Case output            : /Users/bhanugarg/archive/br_lora_library_staging/batch_0017/synthetic_004208
  Verdict                : PASS

[209/250] synthetic_004209
  Case seed              : 1215880829
  External subject       : BraTS20_Validation_051
  External slice         : 57
  Donor mask pixels      : 1106
  Posterior stack        : (100, 1, 1, 240, 240)
  Case output            : /Users/bhanugarg/archive/br_lora_library_staging/batch_0017/synthetic_004209
  Verdict                : PASS

[210/250] synthetic_004210
  Case seed              : 1299309173
  External subject       : BraTS20_Validation_051
  External slice         : 57
  Donor mask pixels      : 969
  Posterior stack        : (100, 1, 1, 240, 240)
  Case output            : /Users/bhanugarg/archive/br_lora_library_staging/batch_0017/synthetic_004210
  Verdict                : PASS

[211/250] synthetic_004211
  Case seed              : 455991093
  External subject       : BraTS20_Validation_051
  External slice         : 58
  Donor mask pixels      : 1036
  Posterior stack        : (100, 1, 1, 240, 240)
  Case output            : /Users/bhanugarg/archive/br_lora_library_staging/batch_0017/synthetic_004211
  Verdict                : PASS

[212/250] synthetic_004212
  Case seed              : 95974260
  External subject       : BraTS20_Validation_051
  External slice         : 58
  Donor mask pixels      : 830
  Posterior stack        : (100, 1, 1, 240, 240)
  Case output            : /Users/bhanugarg/archive/br_lora_library_staging/batch_0017/synthetic_004212
  Verdict                : PASS

[213/250] synthetic_004213
  Case seed              : 739971820
  External subject       : BraTS20_Validation_051
  External slice         : 59
  Donor mask pixels      : 3093
  Posterior stack        : (100, 1, 1, 240, 240)
  Case output            : /Users/bhanugarg/archive/br_lora_library_staging/batch_0017/synthetic_004213
  Verdict                : PASS

[214/250] synthetic_004214
  Case seed              : 1244630658
  External subject       : BraTS20_Validation_051
  External slice         : 59
  Donor mask pixels      : 1416
  Posterior stack        : (100, 1, 1, 240, 240)
  Case output            : /Users/bhanugarg/archive/br_lora_library_staging/batch_0017/synthetic_004214
  Verdict                : PASS

[215/250] synthetic_004215
  Case seed              : 297303362
  External subject       : BraTS20_Validation_051
  External slice         : 60
  Donor mask pixels      : 701
  Posterior stack        : (100, 1, 1, 240, 240)
  Case output            : /Users/bhanugarg/archive/br_lora_library_staging/batch_0017/synthetic_004215
  Verdict                : PASS

[216/250] synthetic_004216
  Case seed              : 1630902308
  External subject       : BraTS20_Validation_051
  External slice         : 60
  Donor mask pixels      : 3204
  Posterior stack        : (100, 1, 1, 240, 240)
  Case output            : /Users/bhanugarg/archive/br_lora_library_staging/batch_0017/synthetic_004216
  Verdict                : PASS

[217/250] synthetic_004217
  Case seed              : 1903673331
  External subject       : BraTS20_Validation_051
  External slice         : 61
  Donor mask pixels      : 3190
  Posterior stack        : (100, 1, 1, 240, 240)
  Case output            : /Users/bhanugarg/archive/br_lora_library_staging/batch_0017/synthetic_004217
  Verdict                : PASS

[218/250] synthetic_004218
  Case seed              : 1046746180
  External subject       : BraTS20_Validation_051
  External slice         : 61
  Donor mask pixels      : 835
  Posterior stack        : (100, 1, 1, 240, 240)
  Case output            : /Users/bhanugarg/archive/br_lora_library_staging/batch_0017/synthetic_004218
  Verdict                : PASS

[219/250] synthetic_004219
  Case seed              : 112667769
  External subject       : BraTS20_Validation_051
  External slice         : 62
  Donor mask pixels      : 3694
  Posterior stack        : (100, 1, 1, 240, 240)
  Case output            : /Users/bhanugarg/archive/br_lora_library_staging/batch_0017/synthetic_004219
  Verdict                : PASS

[220/250] synthetic_004220
  Case seed              : 609157818
  External subject       : BraTS20_Validation_051
  External slice         : 62
  Donor mask pixels      : 2734
  Posterior stack        : (100, 1, 1, 240, 240)
  Case output            : /Users/bhanugarg/archive/br_lora_library_staging/batch_0017/synthetic_004220
  Verdict                : PASS

[221/250] synthetic_004221
  Case seed              : 1258487817
  External subject       : BraTS20_Validation_051
  External slice         : 127
  Donor mask pixels      : 2311
  Posterior stack        : (100, 1, 1, 240, 240)
  Case output            : /Users/bhanugarg/archive/br_lora_library_staging/batch_0017/synthetic_004221
  Verdict                : PASS

[222/250] synthetic_004222
  Case seed              : 1445121373
  External subject       : BraTS20_Validation_051
  External slice         : 128
  Donor mask pixels      : 1003
  Posterior stack        : (100, 1, 1, 240, 240)
  Case output            : /Users/bhanugarg/archive/br_lora_library_staging/batch_0017/synthetic_004222
  Verdict                : PASS

[223/250] synthetic_004223
  Case seed              : 972971898
  External subject       : BraTS20_Validation_051
  External slice         : 129
  Donor mask pixels      : 2095
  Posterior stack        : (100, 1, 1, 240, 240)
  Case output            : /Users/bhanugarg/archive/br_lora_library_staging/batch_0017/synthetic_004223
  Verdict                : PASS

[224/250] synthetic_004224
  Case seed              : 19470685
  External subject       : BraTS20_Validation_051
  External slice         : 130
  Donor mask pixels      : 1326
  Posterior stack        : (100, 1, 1, 240, 240)
  Case output            : /Users/bhanugarg/archive/br_lora_library_staging/batch_0017/synthetic_004224
  Verdict                : PASS

[225/250] synthetic_004225
  Case seed              : 117641779
  External subject       : BraTS20_Validation_051
  External slice         : 131
  Donor mask pixels      : 368
  Posterior stack        : (100, 1, 1, 240, 240)
  Case output            : /Users/bhanugarg/archive/br_lora_library_staging/batch_0017/synthetic_004225
  Verdict                : PASS

[226/250] synthetic_004226
  Case seed              : 781399989
  External subject       : BraTS20_Validation_051
  External slice         : 132
  Donor mask pixels      : 367
  Posterior stack        : (100, 1, 1, 240, 240)
  Case output            : /Users/bhanugarg/archive/br_lora_library_staging/batch_0017/synthetic_004226
  Verdict                : PASS

[227/250] synthetic_004227
  Case seed              : 694120179
  External subject       : BraTS20_Validation_051
  External slice         : 133
  Donor mask pixels      : 408
  Posterior stack        : (100, 1, 1, 240, 240)
  Case output            : /Users/bhanugarg/archive/br_lora_library_staging/batch_0017/synthetic_004227
  Verdict                : PASS

[228/250] synthetic_004228
  Case seed              : 1898358845
  External subject       : BraTS20_Validation_051
  External slice         : 134
  Donor mask pixels      : 363
  Posterior stack        : (100, 1, 1, 240, 240)
  Case output            : /Users/bhanugarg/archive/br_lora_library_staging/batch_0017/synthetic_004228
  Verdict                : PASS

[229/250] synthetic_004229
  Case seed              : 261405430
  External subject       : BraTS20_Validation_052
  External slice         : 3
  Donor mask pixels      : 524
  Posterior stack        : (100, 1, 1, 240, 240)
  Case output            : /Users/bhanugarg/archive/br_lora_library_staging/batch_0017/synthetic_004229
  Verdict                : PASS

[230/250] synthetic_004230
  Case seed              : 1745261842
  External subject       : BraTS20_Validation_052
  External slice         : 4
  Donor mask pixels      : 368
  Posterior stack        : (100, 1, 1, 240, 240)
  Case output            : /Users/bhanugarg/archive/br_lora_library_staging/batch_0017/synthetic_004230
  Verdict                : PASS

[231/250] synthetic_004231
  Case seed              : 714671912
  External subject       : BraTS20_Validation_052
  External slice         : 5
  Donor mask pixels      : 603
  Posterior stack        : (100, 1, 1, 240, 240)
  Case output            : /Users/bhanugarg/archive/br_lora_library_staging/batch_0017/synthetic_004231
  Verdict                : PASS

[232/250] synthetic_004232
  Case seed              : 1579993180
  External subject       : BraTS20_Validation_052
  External slice         : 6
  Donor mask pixels      : 463
  Posterior stack        : (100, 1, 1, 240, 240)
  Case output            : /Users/bhanugarg/archive/br_lora_library_staging/batch_0017/synthetic_004232
  Verdict                : PASS

[233/250] synthetic_004233
  Case seed              : 337950322
  External subject       : BraTS20_Validation_052
  External slice         : 7
  Donor mask pixels      : 713
  Posterior stack        : (100, 1, 1, 240, 240)
  Case output            : /Users/bhanugarg/archive/br_lora_library_staging/batch_0017/synthetic_004233
  Verdict                : PASS

[234/250] synthetic_004234
  Case seed              : 21703558
  External subject       : BraTS20_Validation_052
  External slice         : 8
  Donor mask pixels      : 324
  Posterior stack        : (100, 1, 1, 240, 240)
  Case output            : /Users/bhanugarg/archive/br_lora_library_staging/batch_0017/synthetic_004234
  Verdict                : PASS

[235/250] synthetic_004235
  Case seed              : 1392665648
  External subject       : BraTS20_Validation_052
  External slice         : 9
  Donor mask pixels      : 883
  Posterior stack        : (100, 1, 1, 240, 240)
  Case output            : /Users/bhanugarg/archive/br_lora_library_staging/batch_0017/synthetic_004235
  Verdict                : PASS

[236/250] synthetic_004236
  Case seed              : 781929136
  External subject       : BraTS20_Validation_052
  External slice         : 11
  Donor mask pixels      : 918
  Posterior stack        : (100, 1, 1, 240, 240)
  Case output            : /Users/bhanugarg/archive/br_lora_library_staging/batch_0017/synthetic_004236
  Verdict                : PASS

[237/250] synthetic_004237
  Case seed              : 514260907
  External subject       : BraTS20_Validation_052
  External slice         : 12
  Donor mask pixels      : 876
  Posterior stack        : (100, 1, 1, 240, 240)
  Case output            : /Users/bhanugarg/archive/br_lora_library_staging/batch_0017/synthetic_004237
  Verdict                : PASS

[238/250] synthetic_004238
  Case seed              : 1011514863
  External subject       : BraTS20_Validation_052
  External slice         : 13
  Donor mask pixels      : 968
  Posterior stack        : (100, 1, 1, 240, 240)
  Case output            : /Users/bhanugarg/archive/br_lora_library_staging/batch_0017/synthetic_004238
  Verdict                : PASS

[239/250] synthetic_004239
  Case seed              : 566538570
  External subject       : BraTS20_Validation_052
  External slice         : 14
  Donor mask pixels      : 1296
  Posterior stack        : (100, 1, 1, 240, 240)
  Case output            : /Users/bhanugarg/archive/br_lora_library_staging/batch_0017/synthetic_004239
  Verdict                : PASS

[240/250] synthetic_004240
  Case seed              : 2134207752
  External subject       : BraTS20_Validation_052
  External slice         : 15
  Donor mask pixels      : 913
  Posterior stack        : (100, 1, 1, 240, 240)
  Case output            : /Users/bhanugarg/archive/br_lora_library_staging/batch_0017/synthetic_004240
  Verdict                : PASS

[241/250] synthetic_004241
  Case seed              : 365341153
  External subject       : BraTS20_Validation_052
  External slice         : 16
  Donor mask pixels      : 1396
  Posterior stack        : (100, 1, 1, 240, 240)
  Case output            : /Users/bhanugarg/archive/br_lora_library_staging/batch_0017/synthetic_004241
  Verdict                : PASS

[242/250] synthetic_004242
  Case seed              : 754307505
  External subject       : BraTS20_Validation_052
  External slice         : 17
  Donor mask pixels      : 736
  Posterior stack        : (100, 1, 1, 240, 240)
  Case output            : /Users/bhanugarg/archive/br_lora_library_staging/batch_0017/synthetic_004242
  Verdict                : PASS

[243/250] synthetic_004243
  Case seed              : 1489219632
  External subject       : BraTS20_Validation_052
  External slice         : 18
  Donor mask pixels      : 1344
  Posterior stack        : (100, 1, 1, 240, 240)
  Case output            : /Users/bhanugarg/archive/br_lora_library_staging/batch_0017/synthetic_004243
  Verdict                : PASS

[244/250] synthetic_004244
  Case seed              : 1041584038
  External subject       : BraTS20_Validation_052
  External slice         : 19
  Donor mask pixels      : 1740
  Posterior stack        : (100, 1, 1, 240, 240)
  Case output            : /Users/bhanugarg/archive/br_lora_library_staging/batch_0017/synthetic_004244
  Verdict                : PASS

[245/250] synthetic_004245
  Case seed              : 34289860
  External subject       : BraTS20_Validation_052
  External slice         : 20
  Donor mask pixels      : 2330
  Posterior stack        : (100, 1, 1, 240, 240)
  Case output            : /Users/bhanugarg/archive/br_lora_library_staging/batch_0017/synthetic_004245
  Verdict                : PASS

[246/250] synthetic_004246
  Case seed              : 706181585
  External subject       : BraTS20_Validation_052
  External slice         : 21
  Donor mask pixels      : 2120
  Posterior stack        : (100, 1, 1, 240, 240)
  Case output            : /Users/bhanugarg/archive/br_lora_library_staging/batch_0017/synthetic_004246
  Verdict                : PASS

[247/250] synthetic_004247
  Case seed              : 1491512056
  External subject       : BraTS20_Validation_052
  External slice         : 22
  Donor mask pixels      : 594
  Posterior stack        : (100, 1, 1, 240, 240)
  Case output            : /Users/bhanugarg/archive/br_lora_library_staging/batch_0017/synthetic_004247
  Verdict                : PASS

[248/250] synthetic_004248
  Case seed              : 241446841
  External subject       : BraTS20_Validation_052
  External slice         : 23
  Donor mask pixels      : 1510
  Posterior stack        : (100, 1, 1, 240, 240)
  Case output            : /Users/bhanugarg/archive/br_lora_library_staging/batch_0017/synthetic_004248
  Verdict                : PASS

[249/250] synthetic_004249
  Case seed              : 2061202673
  External subject       : BraTS20_Validation_052
  External slice         : 24
  Donor mask pixels      : 1476
  Posterior stack        : (100, 1, 1, 240, 240)
  Case output            : /Users/bhanugarg/archive/br_lora_library_staging/batch_0017/synthetic_004249
  Verdict                : PASS

[250/250] synthetic_004250
  Case seed              : 1355367593
  External subject       : BraTS20_Validation_052
  External slice         : 25
  Donor mask pixels      : 1815
  Posterior stack        : (100, 1, 1, 240, 240)
  Case output            : /Users/bhanugarg/archive/br_lora_library_staging/batch_0017/synthetic_004250
  Verdict                : PASS

==============================================================================
BR-LoRA EXTERNAL EVALUATION: PASS
Completed cases          : 250
Posterior realizations   : 100 per case
Evaluation summary       : /Users/bhanugarg/archive/br_lora_library_staging/batch_0017/evaluation_summary.json
==============================================================================

==============================================================================
BR-LoRA LIBRARY BATCH PRODUCTION
==============================================================================

Batch                    : batch_0017
Frozen design manifest   : /Users/bhanugarg/Desktop/localized-medical-image-synthesis/downstream_evaluation/manifests/br_lora_library_design_10000/batches/batch_0017_manifest.csv
Execution manifest       : /Users/bhanugarg/Desktop/localized-medical-image-synthesis/downstream_evaluation/manifests/br_lora_library_design_10000/batches/batch_0017_external_evaluation_manifest.csv
Checkpoint               : /Users/bhanugarg/Desktop/localized-medical-image-synthesis/checkpoints/br_lora_full_train/final.pt
Posterior samples        : 100
Evaluation seed          : 42
Device                   : mps
Output                   : /Users/bhanugarg/archive/br_lora_library_staging/batch_0017
Prepare only             : False
Resume                   : False

===== EXECUTION MANIFEST: PASS =====
Cases                    : 250
Case IDs                 : synthetic_004001 to synthetic_004250
External subjects        : 4
Unique base slices       : 218
Unique donor slices      : 250
Manifest SHA-256         : 955d46fbb0322dd173e7da2cc48ba42d715c0e0c6849d5d8d58dc3656b61a3b1

==============================================================================
LAUNCHING VALIDATED BR-LoRA INFERENCE ENGINE
==============================================================================

/opt/anaconda3/envs/brats-nnunet/bin/python /Users/bhanugarg/Desktop/localized-medical-image-synthesis/scripts/evaluate_br_lora_external.py --checkpoint /Users/bhanugarg/Desktop/localized-medical-image-synthesis/checkpoints/br_lora_full_train/final.pt --validation-dataset /Users/bhanugarg/archive/BraTS2020_ValidationData/MICCAI_BraTS2020_ValidationData/validation_dataset.yaml --evaluation-manifest /Users/bhanugarg/Desktop/localized-medical-image-synthesis/downstream_evaluation/manifests/br_lora_library_design_10000/batches/batch_0017_external_evaluation_manifest.csv --posterior-samples 100 --seed 42 --output-dir /Users/bhanugarg/archive/br_lora_library_staging/batch_0017 --device mps


==============================================================================
LOCAL PRODUCTION AUDIT: PASS
==============================================================================
Cases audited            : 250
Problems                 : 0
Files checksummed        : 1501
Production audit         : /Users/bhanugarg/archive/br_lora_library_staging/br_lora_batch_0017_production_audit.json
Mac checksum inventory   : /Users/bhanugarg/archive/br_lora_library_staging/br_lora_batch_0017_mac_sha256.txt

==============================================================================
READY FOR FALCON TRANSFER
==============================================================================

No Falcon state was modified.
No local production data was deleted.
Transfer starting: 1752 files
created directory /scratch/bhanug/br_lora_library/batches/batch_0017
./
evaluation_summary.json
            856 100%    4.51MB/s   00:00:00 (xfer#1, to-check=1/1752)
synthetic_004001/
synthetic_004001/composite_mean.pt
         232026 100%   85.30MB/s   00:00:00 (xfer#2, to-check=3/1752)
synthetic_004001/metadata.json
           1795 100%    4.98MB/s   00:00:00 (xfer#3, to-check=4/1752)
synthetic_004001/posterior_mean.pt
         232026 100%   67.07MB/s   00:00:00 (xfer#4, to-check=5/1752)
synthetic_004001/posterior_samples.pt
        6520832  26%   11.04MB/s   00:00:01       14188544  58%   11.49MB/s   00:00:00       22544384  91%   15.38MB/s   00:00:00       24657317 100%   11.68MB/s   00:00:02 (xfer#5, to-check=6/1752)
synthetic_004001/posterior_std.pt
         232019 100%  269.16MB/s   00:00:00 (xfer#6, to-check=7/1752)
synthetic_004001/posterior_variance.pt
         232054 100%   35.72MB/s   00:00:00 (xfer#7, to-check=8/1752)
synthetic_004002/
synthetic_004002/composite_mean.pt
         232026 100%   21.17MB/s   00:00:00 (xfer#8, to-check=10/1752)
synthetic_004002/metadata.json
           1798 100%   34.41MB/s   00:00:00 (xfer#9, to-check=11/1752)
synthetic_004002/posterior_mean.pt
         232026 100%    9.23MB/s   00:00:00 (xfer#10, to-check=12/1752)
synthetic_004002/posterior_samples.pt
        7340032  30%   13.16MB/s   00:00:01       14024704  57%   12.59MB/s   00:00:00       20447232  83%   11.39MB/s   00:00:00       23855104  97%    6.35MB/s   00:00:00       24657317 100%   10.40MB/s   00:00:02 (xfer#11, to-check=13/1752)
synthetic_004002/posterior_std.pt
         232019 100%  122.12MB/s   00:00:00 (xfer#12, to-check=14/1752)
synthetic_004002/posterior_variance.pt
         232054 100%    6.02MB/s   00:00:00 (xfer#13, to-check=15/1752)
synthetic_004003/
synthetic_004003/composite_mean.pt
         232026 100%    4.63MB/s   00:00:00 (xfer#14, to-check=17/1752)
synthetic_004003/metadata.json
           1797 100%   22.25MB/s   00:00:00 (xfer#15, to-check=18/1752)
synthetic_004003/posterior_mean.pt
         232026 100%    5.38MB/s   00:00:00 (xfer#16, to-check=19/1752)
synthetic_004003/posterior_samples.pt
        2293760   9%    4.35MB/s   00:00:04        3735552  15%    2.74MB/s   00:00:07        4685824  19%    1.77MB/s   00:00:10        5996544  24%    2.32MB/s   00:00:07        7307264  30%    2.43MB/s   00:00:06        8880128  36%    2.86MB/s   00:00:05       10452992  42%    2.81MB/s   00:00:04       12156928  49%    3.03MB/s   00:00:03       14254080  58%    3.95MB/s   00:00:02       16613376  67%    4.29MB/s   00:00:01       19234816  78%    4.85MB/s   00:00:01       21856256  89%    4.96MB/s   00:00:00       24608768 100%    5.15MB/s   00:00:00       24657317 100%    3.48MB/s   00:00:06 (xfer#17, to-check=20/1752)
synthetic_004003/posterior_std.pt
         232019 100%  111.41MB/s   00:00:00 (xfer#18, to-check=21/1752)
synthetic_004003/posterior_variance.pt
         232054 100%    4.94MB/s   00:00:00 (xfer#19, to-check=22/1752)
synthetic_004004/
synthetic_004004/composite_mean.pt
         232026 100%    5.12MB/s   00:00:00 (xfer#20, to-check=24/1752)
synthetic_004004/metadata.json
           1798 100%   18.07MB/s   00:00:00 (xfer#21, to-check=25/1752)
synthetic_004004/posterior_mean.pt
         232026 100%    5.58MB/s   00:00:00 (xfer#22, to-check=26/1752)
synthetic_004004/posterior_samples.pt
        3145728  13%    5.78MB/s   00:00:03        6029312  24%    5.49MB/s   00:00:03        9437184  38%    6.15MB/s   00:00:02       12976128  53%    6.54MB/s   00:00:01       16777216  68%    7.17MB/s   00:00:01       19431424  79%    4.57MB/s   00:00:01       22446080  91%    5.69MB/s   00:00:00       24657317 100%    5.88MB/s   00:00:03 (xfer#23, to-check=27/1752)
synthetic_004004/posterior_std.pt
         232019 100%   37.56MB/s   00:00:00 (xfer#24, to-check=28/1752)
synthetic_004004/posterior_variance.pt
         232054 100%    5.26MB/s   00:00:00 (xfer#25, to-check=29/1752)
synthetic_004005/
synthetic_004005/composite_mean.pt
         232026 100%    5.23MB/s   00:00:00 (xfer#26, to-check=31/1752)
synthetic_004005/metadata.json
           1798 100%    6.33MB/s   00:00:00 (xfer#27, to-check=32/1752)
synthetic_004005/posterior_mean.pt
         232026 100%   20.66MB/s   00:00:00 (xfer#28, to-check=33/1752)
synthetic_004005/posterior_samples.pt
        3342336  14%    6.30MB/s   00:00:03        6881280  28%    6.39MB/s   00:00:02       10813440  44%    7.23MB/s   00:00:01       14745600  60%    7.14MB/s   00:00:01       18415616  75%    6.59MB/s   00:00:00       22216704  90%    6.86MB/s   00:00:00       24657317 100%    6.77MB/s   00:00:03 (xfer#29, to-check=34/1752)
synthetic_004005/posterior_std.pt
         232019 100%   27.38MB/s   00:00:00 (xfer#30, to-check=35/1752)
synthetic_004005/posterior_variance.pt
         232054 100%    9.16MB/s   00:00:00 (xfer#31, to-check=36/1752)
synthetic_004006/
synthetic_004006/composite_mean.pt
         232026 100%    7.89MB/s   00:00:00 (xfer#32, to-check=38/1752)
synthetic_004006/metadata.json
           1799 100%    6.47MB/s   00:00:00 (xfer#33, to-check=39/1752)
synthetic_004006/posterior_mean.pt
         232026 100%    7.18MB/s   00:00:00 (xfer#34, to-check=40/1752)
synthetic_004006/posterior_samples.pt
        3932160  16%    7.49MB/s   00:00:02        7733248  31%    7.17MB/s   00:00:02       11010048  45%    5.75MB/s   00:00:02       15335424  62%    8.06MB/s   00:00:01       19922944  81%    8.54MB/s   00:00:00       23724032  96%    7.20MB/s   00:00:00       24657317 100%    7.35MB/s   00:00:03 (xfer#35, to-check=41/1752)
synthetic_004006/posterior_std.pt
         232019 100%  168.65MB/s   00:00:00 (xfer#36, to-check=42/1752)
synthetic_004006/posterior_variance.pt
         232054 100%  147.45MB/s   00:00:00 (xfer#37, to-check=43/1752)
synthetic_004007/
synthetic_004007/composite_mean.pt
         232026 100%    6.82MB/s   00:00:00 (xfer#38, to-check=45/1752)
synthetic_004007/metadata.json
           1796 100%    7.02MB/s   00:00:00 (xfer#39, to-check=46/1752)
synthetic_004007/posterior_mean.pt
         232026 100%    6.84MB/s   00:00:00 (xfer#40, to-check=47/1752)
synthetic_004007/posterior_samples.pt
        4587520  19%    8.58MB/s   00:00:02        8912896  36%    8.16MB/s   00:00:01       13762560  56%    9.09MB/s   00:00:01       18874368  77%    9.52MB/s   00:00:00       23887872  97%    9.56MB/s   00:00:00       24657317 100%    8.89MB/s   00:00:02 (xfer#41, to-check=48/1752)
synthetic_004007/posterior_std.pt
         232019 100%  147.71MB/s   00:00:00 (xfer#42, to-check=49/1752)
synthetic_004007/posterior_variance.pt
         232054 100%  155.43MB/s   00:00:00 (xfer#43, to-check=50/1752)
synthetic_004008/
synthetic_004008/composite_mean.pt
         232026 100%    7.28MB/s   00:00:00 (xfer#44, to-check=52/1752)
synthetic_004008/metadata.json
           1797 100%    7.72MB/s   00:00:00 (xfer#45, to-check=53/1752)
synthetic_004008/posterior_mean.pt
         232026 100%   19.21MB/s   00:00:00 (xfer#46, to-check=54/1752)
synthetic_004008/posterior_samples.pt
        6029312  24%   11.46MB/s   00:00:01       11534336  47%   10.10MB/s   00:00:01       17563648  71%   11.34MB/s   00:00:00       23592960  96%   11.08MB/s   00:00:00       24657317 100%   10.80MB/s   00:00:02 (xfer#47, to-check=55/1752)
synthetic_004008/posterior_std.pt
         232019 100%  136.74MB/s   00:00:00 (xfer#48, to-check=56/1752)
synthetic_004008/posterior_variance.pt
         232054 100%  171.16MB/s   00:00:00 (xfer#49, to-check=57/1752)
synthetic_004009/
synthetic_004009/composite_mean.pt
         232026 100%   17.08MB/s   00:00:00 (xfer#50, to-check=59/1752)
synthetic_004009/metadata.json
           1798 100%   29.60MB/s   00:00:00 (xfer#51, to-check=60/1752)
synthetic_004009/posterior_mean.pt
         232026 100%   22.73MB/s   00:00:00 (xfer#52, to-check=61/1752)
synthetic_004009/posterior_samples.pt
        5799936  24%   11.03MB/s   00:00:01       11698176  47%   11.22MB/s   00:00:01       18841600  76%   13.62MB/s   00:00:00       24657317 100%   11.81MB/s   00:00:01 (xfer#53, to-check=62/1752)
synthetic_004009/posterior_std.pt
         232019 100%  143.87MB/s   00:00:00 (xfer#54, to-check=63/1752)
synthetic_004009/posterior_variance.pt
         232054 100%  176.63MB/s   00:00:00 (xfer#55, to-check=64/1752)
synthetic_004010/
synthetic_004010/composite_mean.pt
         232026 100%   34.28MB/s   00:00:00 (xfer#56, to-check=66/1752)
synthetic_004010/metadata.json
           1799 100%   20.92MB/s   00:00:00 (xfer#57, to-check=67/1752)
synthetic_004010/posterior_mean.pt
         232026 100%   10.35MB/s   00:00:00 (xfer#58, to-check=68/1752)
synthetic_004010/posterior_samples.pt
        6651904  27%   12.54MB/s   00:00:01       13336576  54%   12.63MB/s   00:00:00       19857408  81%   12.36MB/s   00:00:00       24657317 100%   12.35MB/s   00:00:01 (xfer#59, to-check=69/1752)
synthetic_004010/posterior_std.pt
         232019 100%    3.94MB/s   00:00:00 (xfer#60, to-check=70/1752)
synthetic_004010/posterior_variance.pt
         232054 100%  161.06MB/s   00:00:00 (xfer#61, to-check=71/1752)
synthetic_004011/
synthetic_004011/composite_mean.pt
         232026 100%  143.96MB/s   00:00:00 (xfer#62, to-check=73/1752)
synthetic_004011/metadata.json
           1799 100%   22.01MB/s   00:00:00 (xfer#63, to-check=74/1752)
synthetic_004011/posterior_mean.pt
         232026 100%  211.56MB/s   00:00:00 (xfer#64, to-check=75/1752)
synthetic_004011/posterior_samples.pt
        6291456  26%   11.96MB/s   00:00:01       12976128  53%   12.55MB/s   00:00:00       19103744  77%   11.69MB/s   00:00:00       24657317 100%   11.94MB/s   00:00:01 (xfer#65, to-check=76/1752)
synthetic_004011/posterior_std.pt
         232019 100%  111.82MB/s   00:00:00 (xfer#66, to-check=77/1752)
synthetic_004011/posterior_variance.pt
         232054 100%  193.10MB/s   00:00:00 (xfer#67, to-check=78/1752)
synthetic_004012/
synthetic_004012/composite_mean.pt
         232026 100%   33.00MB/s   00:00:00 (xfer#68, to-check=80/1752)
synthetic_004012/metadata.json
           1798 100%   21.22MB/s   00:00:00 (xfer#69, to-check=81/1752)
synthetic_004012/posterior_mean.pt
         232026 100%   12.03MB/s   00:00:00 (xfer#70, to-check=82/1752)
synthetic_004012/posterior_samples.pt
        6553600  27%   11.90MB/s   00:00:01       11796480  48%    9.59MB/s   00:00:01       15990784  65%    7.90MB/s   00:00:01       20447232  83%    8.48MB/s   00:00:00       24641536 100%    7.95MB/s   00:00:00       24657317 100%    9.06MB/s   00:00:02 (xfer#71, to-check=83/1752)
synthetic_004012/posterior_std.pt
         232019 100%  125.52MB/s   00:00:00 (xfer#72, to-check=84/1752)
synthetic_004012/posterior_variance.pt
         232054 100%  190.13MB/s   00:00:00 (xfer#73, to-check=85/1752)
synthetic_004013/
synthetic_004013/composite_mean.pt
         232026 100%   10.40MB/s   00:00:00 (xfer#74, to-check=87/1752)
synthetic_004013/metadata.json
           1797 100%   26.43MB/s   00:00:00 (xfer#75, to-check=88/1752)
synthetic_004013/posterior_mean.pt
         232026 100%   15.79MB/s   00:00:00 (xfer#76, to-check=89/1752)
synthetic_004013/posterior_samples.pt
        4325376  18%    7.77MB/s   00:00:02        9175040  37%    9.03MB/s   00:00:01       13369344  54%    7.67MB/s   00:00:01       16941056  69%    6.78MB/s   00:00:01       20480000  83%    6.71MB/s   00:00:00       24018944  97%    6.29MB/s   00:00:00       24657317 100%    7.29MB/s   00:00:03 (xfer#77, to-check=90/1752)
synthetic_004013/posterior_std.pt
         232019 100%  114.53MB/s   00:00:00 (xfer#78, to-check=91/1752)
synthetic_004013/posterior_variance.pt
         232054 100%   64.24MB/s   00:00:00 (xfer#79, to-check=92/1752)
synthetic_004014/
synthetic_004014/composite_mean.pt
         232026 100%    7.22MB/s   00:00:00 (xfer#80, to-check=94/1752)
synthetic_004014/metadata.json
           1799 100%   23.83MB/s   00:00:00 (xfer#81, to-check=95/1752)
synthetic_004014/posterior_mean.pt
         232026 100%    3.82MB/s   00:00:00 (xfer#82, to-check=96/1752)
synthetic_004014/posterior_samples.pt
        3997696  16%    7.57MB/s   00:00:02        8060928  33%    7.48MB/s   00:00:02       12124160  49%    7.61MB/s   00:00:01       16056320  65%    7.49MB/s   00:00:01       20119552  82%    7.54MB/s   00:00:00       24576000 100%    8.00MB/s   00:00:00       24657317 100%    7.54MB/s   00:00:03 (xfer#83, to-check=97/1752)
synthetic_004014/posterior_std.pt
         232019 100%   80.81MB/s   00:00:00 (xfer#84, to-check=98/1752)
synthetic_004014/posterior_variance.pt
         232054 100%  175.80MB/s   00:00:00 (xfer#85, to-check=99/1752)
synthetic_004015/
synthetic_004015/composite_mean.pt
         232026 100%    5.38MB/s   00:00:00 (xfer#86, to-check=101/1752)
synthetic_004015/metadata.json
           1798 100%   25.96MB/s   00:00:00 (xfer#87, to-check=102/1752)
synthetic_004015/posterior_mean.pt
         232026 100%   30.81MB/s   00:00:00 (xfer#88, to-check=103/1752)
synthetic_004015/posterior_samples.pt
        4554752  18%    8.68MB/s   00:00:02        9043968  37%    8.56MB/s   00:00:01       13860864  56%    9.05MB/s   00:00:01       18972672  77%    9.21MB/s   00:00:00       24084480  98%    9.71MB/s   00:00:00       24657317 100%    8.97MB/s   00:00:02 (xfer#89, to-check=104/1752)
synthetic_004015/posterior_std.pt
         232019 100%   85.07MB/s   00:00:00 (xfer#90, to-check=105/1752)
synthetic_004015/posterior_variance.pt
         232054 100%   25.40MB/s   00:00:00 (xfer#91, to-check=106/1752)
synthetic_004016/
synthetic_004016/composite_mean.pt
         232026 100%    4.89MB/s   00:00:00 (xfer#92, to-check=108/1752)
synthetic_004016/metadata.json
           1798 100%   24.46MB/s   00:00:00 (xfer#93, to-check=109/1752)
synthetic_004016/posterior_mean.pt
         232026 100%   56.75MB/s   00:00:00 (xfer#94, to-check=110/1752)
synthetic_004016/posterior_samples.pt
        3899392  16%    7.28MB/s   00:00:02        7962624  32%    7.70MB/s   00:00:02       10813440  44%    5.21MB/s   00:00:02       12779520  52%    3.66MB/s   00:00:03       15007744  61%    4.01MB/s   00:00:02       17367040  70%    4.48MB/s   00:00:01       19202048  78%    3.47MB/s   00:00:01       21299200  86%    3.94MB/s   00:00:00       23396352  95%    3.72MB/s   00:00:00       24657317 100%    4.59MB/s   00:00:05 (xfer#95, to-check=111/1752)
synthetic_004016/posterior_std.pt
         232019 100%  166.14MB/s   00:00:00 (xfer#96, to-check=112/1752)
synthetic_004016/posterior_variance.pt
         232054 100%    5.72MB/s   00:00:00 (xfer#97, to-check=113/1752)
synthetic_004017/
synthetic_004017/composite_mean.pt
         232026 100%    2.51MB/s   00:00:00 (xfer#98, to-check=115/1752)
synthetic_004017/metadata.json
           1796 100%    6.10MB/s   00:00:00 (xfer#99, to-check=116/1752)
synthetic_004017/posterior_mean.pt
         232026 100%    2.12MB/s   00:00:00 (xfer#100, to-check=117/1752)
synthetic_004017/posterior_samples.pt
        1310720   5%    2.47MB/s   00:00:09        2981888  12%    3.12MB/s   00:00:06        4685824  19%    3.06MB/s   00:00:06        6520832  26%    3.48MB/s   00:00:04        8617984  35%    3.79MB/s   00:00:04       10977280  45%    4.43MB/s   00:00:02       13336576  54%    4.14MB/s   00:00:02       15564800  63%    4.00MB/s   00:00:02       18448384  75%    5.27MB/s   00:00:01       21200896  86%    5.02MB/s   00:00:00       24084480  98%    5.44MB/s   00:00:00       24657317 100%    4.03MB/s   00:00:05 (xfer#101, to-check=118/1752)
synthetic_004017/posterior_std.pt
         232019 100%   27.74MB/s   00:00:00 (xfer#102, to-check=119/1752)
synthetic_004017/posterior_variance.pt
         232054 100%    4.71MB/s   00:00:00 (xfer#103, to-check=120/1752)
synthetic_004018/
synthetic_004018/composite_mean.pt
         232026 100%    5.30MB/s   00:00:00 (xfer#104, to-check=122/1752)
synthetic_004018/metadata.json
           1797 100%   18.02MB/s   00:00:00 (xfer#105, to-check=123/1752)
synthetic_004018/posterior_mean.pt
         232026 100%   37.21MB/s   00:00:00 (xfer#106, to-check=124/1752)
synthetic_004018/posterior_samples.pt
        3407872  14%    6.47MB/s   00:00:03        7077888  29%    6.68MB/s   00:00:02       10616832  43%    6.68MB/s   00:00:02       14483456  59%    7.37MB/s   00:00:01       18219008  74%    6.67MB/s   00:00:00       22413312  91%    7.78MB/s   00:00:00       24657317 100%    6.93MB/s   00:00:03 (xfer#107, to-check=125/1752)
synthetic_004018/posterior_std.pt
         232019 100%    4.22MB/s   00:00:00 (xfer#108, to-check=126/1752)
synthetic_004018/posterior_variance.pt
         232054 100%   43.33MB/s   00:00:00 (xfer#109, to-check=127/1752)
synthetic_004019/
synthetic_004019/composite_mean.pt
         232026 100%    4.30MB/s   00:00:00 (xfer#110, to-check=129/1752)
synthetic_004019/metadata.json
           1798 100%   16.02MB/s   00:00:00 (xfer#111, to-check=130/1752)
synthetic_004019/posterior_mean.pt
         232026 100%    9.75MB/s   00:00:00 (xfer#112, to-check=131/1752)
synthetic_004019/posterior_samples.pt
        4554752  18%    8.29MB/s   00:00:02        9273344  38%    8.87MB/s   00:00:01       12812288  52%    6.71MB/s   00:00:01       17530880  71%    8.87MB/s   00:00:00       22413312  91%    9.31MB/s   00:00:00       24657317 100%    8.43MB/s   00:00:02 (xfer#113, to-check=132/1752)
synthetic_004019/posterior_std.pt
         232019 100%   74.94MB/s   00:00:00 (xfer#114, to-check=133/1752)
synthetic_004019/posterior_variance.pt
         232054 100%  201.74MB/s   00:00:00 (xfer#115, to-check=134/1752)
synthetic_004020/
synthetic_004020/composite_mean.pt
         232026 100%   10.41MB/s   00:00:00 (xfer#116, to-check=136/1752)
synthetic_004020/metadata.json
           1796 100%   25.94MB/s   00:00:00 (xfer#117, to-check=137/1752)
synthetic_004020/posterior_mean.pt
         232026 100%   28.17MB/s   00:00:00 (xfer#118, to-check=138/1752)
synthetic_004020/posterior_samples.pt
        5636096  23%   10.54MB/s   00:00:01       12582912  51%   13.12MB/s   00:00:00       19660800  80%   13.13MB/s   00:00:00       24657317 100%   12.12MB/s   00:00:01 (xfer#119, to-check=139/1752)
synthetic_004020/posterior_std.pt
         232019 100%  113.89MB/s   00:00:00 (xfer#120, to-check=140/1752)
synthetic_004020/posterior_variance.pt
         232054 100%  115.38MB/s   00:00:00 (xfer#121, to-check=141/1752)
synthetic_004021/
synthetic_004021/composite_mean.pt
         232026 100%   18.41MB/s   00:00:00 (xfer#122, to-check=143/1752)
synthetic_004021/metadata.json
           1798 100%   19.28MB/s   00:00:00 (xfer#123, to-check=144/1752)
synthetic_004021/posterior_mean.pt
         232026 100%   15.22MB/s   00:00:00 (xfer#124, to-check=145/1752)
synthetic_004021/posterior_samples.pt
        6586368  27%   12.42MB/s   00:00:01       13271040  54%   12.51MB/s   00:00:00       19955712  81%   12.72MB/s   00:00:00       24657317 100%   12.00MB/s   00:00:01 (xfer#125, to-check=146/1752)
synthetic_004021/posterior_std.pt
         232019 100%  121.25MB/s   00:00:00 (xfer#126, to-check=147/1752)
synthetic_004021/posterior_variance.pt
         232054 100%  182.76MB/s   00:00:00 (xfer#127, to-check=148/1752)
synthetic_004022/
synthetic_004022/composite_mean.pt
         232026 100%   12.26MB/s   00:00:00 (xfer#128, to-check=150/1752)
synthetic_004022/metadata.json
           1799 100%   20.21MB/s   00:00:00 (xfer#129, to-check=151/1752)
synthetic_004022/posterior_mean.pt
         232026 100%   33.75MB/s   00:00:00 (xfer#130, to-check=152/1752)
synthetic_004022/posterior_samples.pt
        6553600  27%   12.14MB/s   00:00:01       13893632  56%   13.02MB/s   00:00:00       20054016  81%   10.34MB/s   00:00:00       24657317 100%   11.20MB/s   00:00:02 (xfer#131, to-check=153/1752)
synthetic_004022/posterior_std.pt
         232019 100%  109.33MB/s   00:00:00 (xfer#132, to-check=154/1752)
synthetic_004022/posterior_variance.pt
         232054 100%  209.39MB/s   00:00:00 (xfer#133, to-check=155/1752)
synthetic_004023/
synthetic_004023/composite_mean.pt
         232026 100%    6.01MB/s   00:00:00 (xfer#134, to-check=157/1752)
synthetic_004023/metadata.json
           1797 100%   25.58MB/s   00:00:00 (xfer#135, to-check=158/1752)
synthetic_004023/posterior_mean.pt
         232026 100%    8.22MB/s   00:00:00 (xfer#136, to-check=159/1752)
synthetic_004023/posterior_samples.pt
        4718592  19%    8.92MB/s   00:00:02       10616832  43%   10.92MB/s   00:00:01       16252928  66%   10.57MB/s   00:00:00       22282240  90%   11.29MB/s   00:00:00       24657317 100%   10.32MB/s   00:00:02 (xfer#137, to-check=160/1752)
synthetic_004023/posterior_std.pt
         232019 100%  126.51MB/s   00:00:00 (xfer#138, to-check=161/1752)
synthetic_004023/posterior_variance.pt
         232054 100%  210.00MB/s   00:00:00 (xfer#139, to-check=162/1752)
synthetic_004024/
synthetic_004024/composite_mean.pt
         232026 100%   28.97MB/s   00:00:00 (xfer#140, to-check=164/1752)
synthetic_004024/metadata.json
           1798 100%   27.66MB/s   00:00:00 (xfer#141, to-check=165/1752)
synthetic_004024/posterior_mean.pt
         232026 100%   10.79MB/s   00:00:00 (xfer#142, to-check=166/1752)
synthetic_004024/posterior_samples.pt
        6291456  26%   11.88MB/s   00:00:01       12189696  49%   11.22MB/s   00:00:01       18612224  75%   12.17MB/s   00:00:00       24657317 100%   11.57MB/s   00:00:02 (xfer#143, to-check=167/1752)
synthetic_004024/posterior_std.pt
         232019 100%  150.93MB/s   00:00:00 (xfer#144, to-check=168/1752)
synthetic_004024/posterior_variance.pt
         232054 100%   66.38MB/s   00:00:00 (xfer#145, to-check=169/1752)
synthetic_004025/
synthetic_004025/composite_mean.pt
         232026 100%  163.54MB/s   00:00:00 (xfer#146, to-check=171/1752)
synthetic_004025/metadata.json
           1796 100%   26.32MB/s   00:00:00 (xfer#147, to-check=172/1752)
synthetic_004025/posterior_mean.pt
         232026 100%    6.24MB/s   00:00:00 (xfer#148, to-check=173/1752)
synthetic_004025/posterior_samples.pt
        6324224  26%   11.91MB/s   00:00:01        9240576  37%    5.47MB/s   00:00:02       12910592  52%    6.52MB/s   00:00:01       15237120  62%    4.43MB/s   00:00:02       17727488  72%    4.67MB/s   00:00:01       20217856  82%    4.47MB/s   00:00:00       23232512  94%    5.72MB/s   00:00:00       24657317 100%    6.05MB/s   00:00:03 (xfer#149, to-check=174/1752)
synthetic_004025/posterior_std.pt
         232019 100%   90.42MB/s   00:00:00 (xfer#150, to-check=175/1752)
synthetic_004025/posterior_variance.pt
         232054 100%    5.94MB/s   00:00:00 (xfer#151, to-check=176/1752)
synthetic_004026/
synthetic_004026/composite_mean.pt
         232026 100%    4.89MB/s   00:00:00 (xfer#152, to-check=178/1752)
synthetic_004026/metadata.json
           1798 100%   17.85MB/s   00:00:00 (xfer#153, to-check=179/1752)
synthetic_004026/posterior_mean.pt
         232026 100%    5.11MB/s   00:00:00 (xfer#154, to-check=180/1752)
synthetic_004026/posterior_samples.pt
        2981888  12%    5.30MB/s   00:00:03        6127616  25%    5.64MB/s   00:00:03        9404416  38%    5.97MB/s   00:00:02       13205504  54%    7.16MB/s   00:00:01       17137664  70%    7.20MB/s   00:00:00       21200896  86%    7.70MB/s   00:00:00       24657317 100%    6.58MB/s   00:00:03 (xfer#155, to-check=181/1752)
synthetic_004026/posterior_std.pt
         232019 100%  116.52MB/s   00:00:00 (xfer#156, to-check=182/1752)
synthetic_004026/posterior_variance.pt
         232054 100%   13.16MB/s   00:00:00 (xfer#157, to-check=183/1752)
synthetic_004027/
synthetic_004027/composite_mean.pt
         232026 100%    4.49MB/s   00:00:00 (xfer#158, to-check=185/1752)
synthetic_004027/metadata.json
           1798 100%   21.15MB/s   00:00:00 (xfer#159, to-check=186/1752)
synthetic_004027/posterior_mean.pt
         232026 100%   59.84MB/s   00:00:00 (xfer#160, to-check=187/1752)
synthetic_004027/posterior_samples.pt
        3833856  16%    6.89MB/s   00:00:02        8290304  34%    7.83MB/s   00:00:01       13008896  53%    8.99MB/s   00:00:01       18120704  73%    9.67MB/s   00:00:00       23232512  94%    9.52MB/s   00:00:00       24657317 100%    8.47MB/s   00:00:02 (xfer#161, to-check=188/1752)
synthetic_004027/posterior_std.pt
         232019 100%  111.25MB/s   00:00:00 (xfer#162, to-check=189/1752)
synthetic_004027/posterior_variance.pt
         232054 100%  185.20MB/s   00:00:00 (xfer#163, to-check=190/1752)
synthetic_004028/
synthetic_004028/composite_mean.pt
         232026 100%    6.34MB/s   00:00:00 (xfer#164, to-check=192/1752)
synthetic_004028/metadata.json
           1797 100%   18.62MB/s   00:00:00 (xfer#165, to-check=193/1752)
synthetic_004028/posterior_mean.pt
         232026 100%   13.16MB/s   00:00:00 (xfer#166, to-check=194/1752)
synthetic_004028/posterior_samples.pt
        4751360  19%    9.01MB/s   00:00:02        9994240  41%    9.90MB/s   00:00:01       15630336  63%   10.52MB/s   00:00:00       20742144  84%    9.51MB/s   00:00:00       24657317 100%    9.61MB/s   00:00:02 (xfer#167, to-check=195/1752)
synthetic_004028/posterior_std.pt
         232019 100%  109.11MB/s   00:00:00 (xfer#168, to-check=196/1752)
synthetic_004028/posterior_variance.pt
         232054 100%   50.64MB/s   00:00:00 (xfer#169, to-check=197/1752)
synthetic_004029/
synthetic_004029/composite_mean.pt
         232026 100%    6.72MB/s   00:00:00 (xfer#170, to-check=199/1752)
synthetic_004029/metadata.json
           1798 100%   19.03MB/s   00:00:00 (xfer#171, to-check=200/1752)
synthetic_004029/posterior_mean.pt
         232026 100%   12.56MB/s   00:00:00 (xfer#172, to-check=201/1752)
synthetic_004029/posterior_samples.pt
        5111808  21%    9.52MB/s   00:00:01       11010048  45%   11.21MB/s   00:00:01       17432576  71%   12.16MB/s   00:00:00       23592960  96%   11.44MB/s   00:00:00       24657317 100%   11.01MB/s   00:00:02 (xfer#173, to-check=202/1752)
synthetic_004029/posterior_std.pt
         232019 100%  109.75MB/s   00:00:00 (xfer#174, to-check=203/1752)
synthetic_004029/posterior_variance.pt
         232054 100%    7.62MB/s   00:00:00 (xfer#175, to-check=204/1752)
synthetic_004030/
synthetic_004030/composite_mean.pt
         232026 100%   23.65MB/s   00:00:00 (xfer#176, to-check=206/1752)
synthetic_004030/metadata.json
           1798 100%   27.24MB/s   00:00:00 (xfer#177, to-check=207/1752)
synthetic_004030/posterior_mean.pt
         232026 100%  100.86MB/s   00:00:00 (xfer#178, to-check=208/1752)
synthetic_004030/posterior_samples.pt
        5931008  24%   11.31MB/s   00:00:01       12943360  52%   13.34MB/s   00:00:00       19628032  80%   12.61MB/s   00:00:00       24657317 100%   12.21MB/s   00:00:01 (xfer#179, to-check=209/1752)
synthetic_004030/posterior_std.pt
         232019 100%   87.60MB/s   00:00:00 (xfer#180, to-check=210/1752)
synthetic_004030/posterior_variance.pt
         232054 100%  207.61MB/s   00:00:00 (xfer#181, to-check=211/1752)
synthetic_004031/
synthetic_004031/composite_mean.pt
         232026 100%   15.22MB/s   00:00:00 (xfer#182, to-check=213/1752)
synthetic_004031/metadata.json
           1797 100%   25.95MB/s   00:00:00 (xfer#183, to-check=214/1752)
synthetic_004031/posterior_mean.pt
         232026 100%   18.89MB/s   00:00:00 (xfer#184, to-check=215/1752)
synthetic_004031/posterior_samples.pt
        6619136  27%   12.32MB/s   00:00:01       13303808  54%   12.61MB/s   00:00:00       19988480  81%   12.60MB/s   00:00:00       24657317 100%   12.29MB/s   00:00:01 (xfer#185, to-check=216/1752)
synthetic_004031/posterior_std.pt
         232019 100%  118.08MB/s   00:00:00 (xfer#186, to-check=217/1752)
synthetic_004031/posterior_variance.pt
         232054 100%  184.43MB/s   00:00:00 (xfer#187, to-check=218/1752)
synthetic_004032/
synthetic_004032/composite_mean.pt
         232026 100%   14.49MB/s   00:00:00 (xfer#188, to-check=220/1752)
synthetic_004032/metadata.json
           1797 100%   31.12MB/s   00:00:00 (xfer#189, to-check=221/1752)
synthetic_004032/posterior_mean.pt
         232026 100%   10.26MB/s   00:00:00 (xfer#190, to-check=222/1752)
synthetic_004032/posterior_samples.pt
        5439488  22%   10.10MB/s   00:00:01       11436032  46%   11.25MB/s   00:00:01       18251776  74%   12.83MB/s   00:00:00       24657317 100%   11.62MB/s   00:00:02 (xfer#191, to-check=223/1752)
synthetic_004032/posterior_std.pt
         232019 100%  117.06MB/s   00:00:00 (xfer#192, to-check=224/1752)
synthetic_004032/posterior_variance.pt
         232054 100%  176.33MB/s   00:00:00 (xfer#193, to-check=225/1752)
synthetic_004033/
synthetic_004033/composite_mean.pt
         232026 100%   16.10MB/s   00:00:00 (xfer#194, to-check=227/1752)
synthetic_004033/metadata.json
           1797 100%   31.81MB/s   00:00:00 (xfer#195, to-check=228/1752)
synthetic_004033/posterior_mean.pt
         232026 100%   12.79MB/s   00:00:00 (xfer#196, to-check=229/1752)
synthetic_004033/posterior_samples.pt
        6619136  27%   12.13MB/s   00:00:01       13434880  54%   12.97MB/s   00:00:00       19988480  81%   12.48MB/s   00:00:00       24657317 100%   12.27MB/s   00:00:01 (xfer#197, to-check=230/1752)
synthetic_004033/posterior_std.pt
         232019 100%   94.77MB/s   00:00:00 (xfer#198, to-check=231/1752)
synthetic_004033/posterior_variance.pt
         232054 100%  212.21MB/s   00:00:00 (xfer#199, to-check=232/1752)
synthetic_004034/
synthetic_004034/composite_mean.pt
         232026 100%   30.78MB/s   00:00:00 (xfer#200, to-check=234/1752)
synthetic_004034/metadata.json
           1797 100%   28.52MB/s   00:00:00 (xfer#201, to-check=235/1752)
synthetic_004034/posterior_mean.pt
         232026 100%    8.97MB/s   00:00:00 (xfer#202, to-check=236/1752)
synthetic_004034/posterior_samples.pt
        6684672  27%   12.69MB/s   00:00:01       12976128  53%   12.00MB/s   00:00:00       18186240  74%    9.90MB/s   00:00:00       24215552  98%   10.07MB/s   00:00:00       24657317 100%   11.10MB/s   00:00:02 (xfer#203, to-check=237/1752)
synthetic_004034/posterior_std.pt
         232019 100%   22.23MB/s   00:00:00 (xfer#204, to-check=238/1752)
synthetic_004034/posterior_variance.pt
         232054 100%   21.35MB/s   00:00:00 (xfer#205, to-check=239/1752)
synthetic_004035/
synthetic_004035/composite_mean.pt
         232026 100%    7.95MB/s   00:00:00 (xfer#206, to-check=241/1752)
synthetic_004035/metadata.json
           1797 100%   19.48MB/s   00:00:00 (xfer#207, to-check=242/1752)
synthetic_004035/posterior_mean.pt
         232026 100%   29.19MB/s   00:00:00 (xfer#208, to-check=243/1752)
synthetic_004035/posterior_samples.pt
        6324224  26%   11.98MB/s   00:00:01       13139968  53%   12.97MB/s   00:00:00       20217856  82%   13.27MB/s   00:00:00       24657317 100%   12.34MB/s   00:00:01 (xfer#209, to-check=244/1752)
synthetic_004035/posterior_std.pt
         232019 100%   72.33MB/s   00:00:00 (xfer#210, to-check=245/1752)
synthetic_004035/posterior_variance.pt
         232054 100%  230.50MB/s   00:00:00 (xfer#211, to-check=246/1752)
synthetic_004036/
synthetic_004036/composite_mean.pt
         232026 100%   87.66MB/s   00:00:00 (xfer#212, to-check=248/1752)
synthetic_004036/metadata.json
           1798 100%   28.65MB/s   00:00:00 (xfer#213, to-check=249/1752)
synthetic_004036/posterior_mean.pt
         232026 100%   12.04MB/s   00:00:00 (xfer#214, to-check=250/1752)
synthetic_004036/posterior_samples.pt
        6488064  26%   12.09MB/s   00:00:01       13434880  54%   13.22MB/s   00:00:00       19857408  81%   12.21MB/s   00:00:00       24657317 100%   12.25MB/s   00:00:01 (xfer#215, to-check=251/1752)
synthetic_004036/posterior_std.pt
         232019 100%  120.51MB/s   00:00:00 (xfer#216, to-check=252/1752)
synthetic_004036/posterior_variance.pt
         232054 100%  183.19MB/s   00:00:00 (xfer#217, to-check=253/1752)
synthetic_004037/
synthetic_004037/composite_mean.pt
         232026 100%    6.94MB/s   00:00:00 (xfer#218, to-check=255/1752)
synthetic_004037/metadata.json
           1796 100%   25.57MB/s   00:00:00 (xfer#219, to-check=256/1752)
synthetic_004037/posterior_mean.pt
         232026 100%  138.46MB/s   00:00:00 (xfer#220, to-check=257/1752)
synthetic_004037/posterior_samples.pt
        6782976  28%   12.93MB/s   00:00:01       13467648  55%   12.56MB/s   00:00:00       20152320  82%   12.54MB/s   00:00:00       24657317 100%   12.43MB/s   00:00:01 (xfer#221, to-check=258/1752)
synthetic_004037/posterior_std.pt
         232019 100%  116.02MB/s   00:00:00 (xfer#222, to-check=259/1752)
synthetic_004037/posterior_variance.pt
         232054 100%  188.20MB/s   00:00:00 (xfer#223, to-check=260/1752)
synthetic_004038/
synthetic_004038/composite_mean.pt
         232026 100%   11.91MB/s   00:00:00 (xfer#224, to-check=262/1752)
synthetic_004038/metadata.json
           1799 100%   26.75MB/s   00:00:00 (xfer#225, to-check=263/1752)
synthetic_004038/posterior_mean.pt
         232026 100%   12.02MB/s   00:00:00 (xfer#226, to-check=264/1752)
synthetic_004038/posterior_samples.pt
        6422528  26%   12.08MB/s   00:00:01       13369344  54%   13.06MB/s   00:00:00       19922944  81%   12.10MB/s   00:00:00       24657317 100%   12.17MB/s   00:00:01 (xfer#227, to-check=265/1752)
synthetic_004038/posterior_std.pt
         232019 100%  113.06MB/s   00:00:00 (xfer#228, to-check=266/1752)
synthetic_004038/posterior_variance.pt
         232054 100%  204.36MB/s   00:00:00 (xfer#229, to-check=267/1752)
synthetic_004039/
synthetic_004039/composite_mean.pt
         232026 100%  154.86MB/s   00:00:00 (xfer#230, to-check=269/1752)
synthetic_004039/metadata.json
           1799 100%   30.11MB/s   00:00:00 (xfer#231, to-check=270/1752)
synthetic_004039/posterior_mean.pt
         232026 100%   38.45MB/s   00:00:00 (xfer#232, to-check=271/1752)
synthetic_004039/posterior_samples.pt
        6619136  27%   12.62MB/s   00:00:01       13107200  53%   12.37MB/s   00:00:00       19791872  80%   12.51MB/s   00:00:00       24657317 100%   12.28MB/s   00:00:01 (xfer#233, to-check=272/1752)
synthetic_004039/posterior_std.pt
         232019 100%  108.42MB/s   00:00:00 (xfer#234, to-check=273/1752)
synthetic_004039/posterior_variance.pt
         232054 100%  219.80MB/s   00:00:00 (xfer#235, to-check=274/1752)
synthetic_004040/
synthetic_004040/composite_mean.pt
         232026 100%   37.76MB/s   00:00:00 (xfer#236, to-check=276/1752)
synthetic_004040/metadata.json
           1796 100%   20.88MB/s   00:00:00 (xfer#237, to-check=277/1752)
synthetic_004040/posterior_mean.pt
         232026 100%    9.81MB/s   00:00:00 (xfer#238, to-check=278/1752)
synthetic_004040/posterior_samples.pt
        6651904  27%   12.57MB/s   00:00:01       13336576  54%   12.47MB/s   00:00:00       19922944  81%   12.56MB/s   00:00:00       24657317 100%   12.33MB/s   00:00:01 (xfer#239, to-check=279/1752)
synthetic_004040/posterior_std.pt
         232019 100%  107.09MB/s   00:00:00 (xfer#240, to-check=280/1752)
synthetic_004040/posterior_variance.pt
         232054 100%  266.35MB/s   00:00:00 (xfer#241, to-check=281/1752)
synthetic_004041/
synthetic_004041/composite_mean.pt
         232026 100%   11.69MB/s   00:00:00 (xfer#242, to-check=283/1752)
synthetic_004041/metadata.json
           1797 100%   25.95MB/s   00:00:00 (xfer#243, to-check=284/1752)
synthetic_004041/posterior_mean.pt
         232026 100%   21.25MB/s   00:00:00 (xfer#244, to-check=285/1752)
synthetic_004041/posterior_samples.pt
        6586368  27%   12.52MB/s   00:00:01       13271040  54%   12.58MB/s   00:00:00       19660800  80%   12.00MB/s   00:00:00       24657317 100%   12.27MB/s   00:00:01 (xfer#245, to-check=286/1752)
synthetic_004041/posterior_std.pt
         232019 100%   81.35MB/s   00:00:00 (xfer#246, to-check=287/1752)
synthetic_004041/posterior_variance.pt
         232054 100%  226.95MB/s   00:00:00 (xfer#247, to-check=288/1752)
synthetic_004042/
synthetic_004042/composite_mean.pt
         232026 100%   25.79MB/s   00:00:00 (xfer#248, to-check=290/1752)
synthetic_004042/metadata.json
           1797 100%   27.54MB/s   00:00:00 (xfer#249, to-check=291/1752)
synthetic_004042/posterior_mean.pt
         232026 100%   10.14MB/s   00:00:00 (xfer#250, to-check=292/1752)
synthetic_004042/posterior_samples.pt
        6553600  27%   12.46MB/s   00:00:01       12976128  53%   11.99MB/s   00:00:00       19660800  80%   12.67MB/s   00:00:00       24657317 100%   12.20MB/s   00:00:01 (xfer#251, to-check=293/1752)
synthetic_004042/posterior_std.pt
         232019 100%  116.46MB/s   00:00:00 (xfer#252, to-check=294/1752)
synthetic_004042/posterior_variance.pt
         232054 100%  177.17MB/s   00:00:00 (xfer#253, to-check=295/1752)
synthetic_004043/
synthetic_004043/composite_mean.pt
         232026 100%  149.00MB/s   00:00:00 (xfer#254, to-check=297/1752)
synthetic_004043/metadata.json
           1796 100%   29.44MB/s   00:00:00 (xfer#255, to-check=298/1752)
synthetic_004043/posterior_mean.pt
         232026 100%    4.97MB/s   00:00:00 (xfer#256, to-check=299/1752)
synthetic_004043/posterior_samples.pt
        6881280  28%   13.02MB/s   00:00:01       13565952  55%   12.61MB/s   00:00:00       20250624  82%   12.54MB/s   00:00:00       24657317 100%   12.48MB/s   00:00:01 (xfer#257, to-check=300/1752)
synthetic_004043/posterior_std.pt
         232019 100%  106.80MB/s   00:00:00 (xfer#258, to-check=301/1752)
synthetic_004043/posterior_variance.pt
         232054 100%  168.16MB/s   00:00:00 (xfer#259, to-check=302/1752)
synthetic_004044/
synthetic_004044/composite_mean.pt
         232026 100%   10.92MB/s   00:00:00 (xfer#260, to-check=304/1752)
synthetic_004044/metadata.json
           1798 100%   25.59MB/s   00:00:00 (xfer#261, to-check=305/1752)
synthetic_004044/posterior_mean.pt
         232026 100%   14.44MB/s   00:00:00 (xfer#262, to-check=306/1752)
synthetic_004044/posterior_samples.pt
        6029312  24%   11.50MB/s   00:00:01       12681216  51%   12.46MB/s   00:00:00       19496960  79%   12.83MB/s   00:00:00       24657317 100%   11.99MB/s   00:00:01 (xfer#263, to-check=307/1752)
synthetic_004044/posterior_std.pt
         232019 100%   24.05MB/s   00:00:00 (xfer#264, to-check=308/1752)
synthetic_004044/posterior_variance.pt
         232054 100%   24.23MB/s   00:00:00 (xfer#265, to-check=309/1752)
synthetic_004045/
synthetic_004045/composite_mean.pt
         232026 100%   99.44MB/s   00:00:00 (xfer#266, to-check=311/1752)
synthetic_004045/metadata.json
           1797 100%   21.72MB/s   00:00:00 (xfer#267, to-check=312/1752)
synthetic_004045/posterior_mean.pt
         232026 100%   24.04MB/s   00:00:00 (xfer#268, to-check=313/1752)
synthetic_004045/posterior_samples.pt
        6619136  27%   12.56MB/s   00:00:01       13336576  54%   12.81MB/s   00:00:00       19988480  81%   12.49MB/s   00:00:00       24657317 100%   12.39MB/s   00:00:01 (xfer#269, to-check=314/1752)
synthetic_004045/posterior_std.pt
         232019 100%  130.92MB/s   00:00:00 (xfer#270, to-check=315/1752)
synthetic_004045/posterior_variance.pt
         232054 100%   57.83MB/s   00:00:00 (xfer#271, to-check=316/1752)
synthetic_004046/
synthetic_004046/composite_mean.pt
         232026 100%   12.85MB/s   00:00:00 (xfer#272, to-check=318/1752)
synthetic_004046/metadata.json
           1798 100%   20.20MB/s   00:00:00 (xfer#273, to-check=319/1752)
synthetic_004046/posterior_mean.pt
         232026 100%   17.45MB/s   00:00:00 (xfer#274, to-check=320/1752)
synthetic_004046/posterior_samples.pt
        6553600  27%   12.41MB/s   00:00:01       12845056  52%   11.84MB/s   00:00:00       19791872  80%   13.11MB/s   00:00:00       24657317 100%   12.23MB/s   00:00:01 (xfer#275, to-check=321/1752)
synthetic_004046/posterior_std.pt
         232019 100%  104.91MB/s   00:00:00 (xfer#276, to-check=322/1752)
synthetic_004046/posterior_variance.pt
         232054 100%  188.51MB/s   00:00:00 (xfer#277, to-check=323/1752)
synthetic_004047/
synthetic_004047/composite_mean.pt
         232026 100%   39.60MB/s   00:00:00 (xfer#278, to-check=325/1752)
synthetic_004047/metadata.json
           1798 100%   26.74MB/s   00:00:00 (xfer#279, to-check=326/1752)
synthetic_004047/posterior_mean.pt
         232026 100%    9.41MB/s   00:00:00 (xfer#280, to-check=327/1752)
synthetic_004047/posterior_samples.pt
        6356992  26%   12.06MB/s   00:00:01       13303808  54%   12.97MB/s   00:00:00       19955712  81%   12.50MB/s   00:00:00       24657317 100%   12.27MB/s   00:00:01 (xfer#281, to-check=328/1752)
synthetic_004047/posterior_std.pt
         232019 100%    3.48MB/s   00:00:00 (xfer#282, to-check=329/1752)
synthetic_004047/posterior_variance.pt
         232054 100%    2.71MB/s   00:00:00 (xfer#283, to-check=330/1752)
synthetic_004048/
synthetic_004048/composite_mean.pt
         232026 100%   86.04MB/s   00:00:00 (xfer#284, to-check=332/1752)
synthetic_004048/metadata.json
           1799 100%   10.85MB/s   00:00:00 (xfer#285, to-check=333/1752)
synthetic_004048/posterior_mean.pt
         232026 100%    6.14MB/s   00:00:00 (xfer#286, to-check=334/1752)
synthetic_004048/posterior_samples.pt
        2260992   9%    4.07MB/s   00:00:05        6062080  25%    7.21MB/s   00:00:02        9994240  41%    7.42MB/s   00:00:01       13795328  56%    6.87MB/s   00:00:01       17334272  70%    6.71MB/s   00:00:01       21397504  87%    7.74MB/s   00:00:00       24657317 100%    6.72MB/s   00:00:03 (xfer#287, to-check=335/1752)
synthetic_004048/posterior_std.pt
         232019 100%  117.39MB/s   00:00:00 (xfer#288, to-check=336/1752)
synthetic_004048/posterior_variance.pt
         232054 100%  140.07MB/s   00:00:00 (xfer#289, to-check=337/1752)
synthetic_004049/
synthetic_004049/composite_mean.pt
         232026 100%   25.16MB/s   00:00:00 (xfer#290, to-check=339/1752)
synthetic_004049/metadata.json
           1798 100%   27.66MB/s   00:00:00 (xfer#291, to-check=340/1752)
synthetic_004049/posterior_mean.pt
         232026 100%    5.59MB/s   00:00:00 (xfer#292, to-check=341/1752)
synthetic_004049/posterior_samples.pt
        4128768  17%    7.82MB/s   00:00:02        8323072  34%    7.74MB/s   00:00:02       12648448  51%    8.19MB/s   00:00:01       17235968  70%    8.34MB/s   00:00:00       22347776  91%    9.59MB/s   00:00:00       24657317 100%    8.09MB/s   00:00:02 (xfer#293, to-check=342/1752)
synthetic_004049/posterior_std.pt
         232019 100%   88.94MB/s   00:00:00 (xfer#294, to-check=343/1752)
synthetic_004049/posterior_variance.pt
         232054 100%  212.41MB/s   00:00:00 (xfer#295, to-check=344/1752)
synthetic_004050/
synthetic_004050/composite_mean.pt
         232026 100%   12.53MB/s   00:00:00 (xfer#296, to-check=346/1752)
synthetic_004050/metadata.json
           1796 100%   28.51MB/s   00:00:00 (xfer#297, to-check=347/1752)
synthetic_004050/posterior_mean.pt
         232026 100%   10.87MB/s   00:00:00 (xfer#298, to-check=348/1752)
synthetic_004050/posterior_samples.pt
        4587520  19%    8.60MB/s   00:00:02        9961472  40%    9.98MB/s   00:00:01       14942208  61%    9.30MB/s   00:00:00       19791872  80%    8.94MB/s   00:00:00       24657317 100%    9.42MB/s   00:00:02 (xfer#299, to-check=349/1752)
synthetic_004050/posterior_std.pt
         232019 100%  127.31MB/s   00:00:00 (xfer#300, to-check=350/1752)
synthetic_004050/posterior_variance.pt
         232054 100%  235.41MB/s   00:00:00 (xfer#301, to-check=351/1752)
synthetic_004051/
synthetic_004051/composite_mean.pt
         232026 100%   10.66MB/s   00:00:00 (xfer#302, to-check=353/1752)
synthetic_004051/metadata.json
           1797 100%   25.58MB/s   00:00:00 (xfer#303, to-check=354/1752)
synthetic_004051/posterior_mean.pt
         232026 100%   22.10MB/s   00:00:00 (xfer#304, to-check=355/1752)
synthetic_004051/posterior_samples.pt
        5799936  24%   11.03MB/s   00:00:01       11042816  45%    9.27MB/s   00:00:01       15892480  64%    9.15MB/s   00:00:00       22052864  89%   11.34MB/s   00:00:00       24657317 100%   10.25MB/s   00:00:02 (xfer#305, to-check=356/1752)
synthetic_004051/posterior_std.pt
         232019 100%  115.00MB/s   00:00:00 (xfer#306, to-check=357/1752)
synthetic_004051/posterior_variance.pt
         232054 100%  211.78MB/s   00:00:00 (xfer#307, to-check=358/1752)
synthetic_004052/
synthetic_004052/composite_mean.pt
         232026 100%  164.41MB/s   00:00:00 (xfer#308, to-check=360/1752)
synthetic_004052/metadata.json
           1797 100%   27.65MB/s   00:00:00 (xfer#309, to-check=361/1752)
synthetic_004052/posterior_mean.pt
         232026 100%   13.81MB/s   00:00:00 (xfer#310, to-check=362/1752)
synthetic_004052/posterior_samples.pt
        6553600  27%   12.12MB/s   00:00:01       13271040  54%   12.81MB/s   00:00:00       20054016  81%   12.92MB/s   00:00:00       24657317 100%   12.47MB/s   00:00:01 (xfer#311, to-check=363/1752)
synthetic_004052/posterior_std.pt
         232019 100%   82.20MB/s   00:00:00 (xfer#312, to-check=364/1752)
synthetic_004052/posterior_variance.pt
         232054 100%  138.93MB/s   00:00:00 (xfer#313, to-check=365/1752)
synthetic_004053/
synthetic_004053/composite_mean.pt
         232026 100%   25.60MB/s   00:00:00 (xfer#314, to-check=367/1752)
synthetic_004053/metadata.json
           1797 100%   22.89MB/s   00:00:00 (xfer#315, to-check=368/1752)
synthetic_004053/posterior_mean.pt
         232026 100%   13.05MB/s   00:00:00 (xfer#316, to-check=369/1752)
synthetic_004053/posterior_samples.pt
        6553600  27%   12.45MB/s   00:00:01       12320768  50%   10.85MB/s   00:00:01       19398656  79%   13.37MB/s   00:00:00       24657317 100%   12.19MB/s   00:00:01 (xfer#317, to-check=370/1752)
synthetic_004053/posterior_std.pt
         232019 100%  134.19MB/s   00:00:00 (xfer#318, to-check=371/1752)
synthetic_004053/posterior_variance.pt
         232054 100%  196.20MB/s   00:00:00 (xfer#319, to-check=372/1752)
synthetic_004054/
synthetic_004054/composite_mean.pt
         232026 100%   29.34MB/s   00:00:00 (xfer#320, to-check=374/1752)
synthetic_004054/metadata.json
           1798 100%   27.66MB/s   00:00:00 (xfer#321, to-check=375/1752)
synthetic_004054/posterior_mean.pt
         232026 100%   14.07MB/s   00:00:00 (xfer#322, to-check=376/1752)
synthetic_004054/posterior_samples.pt
        6160384  25%   11.53MB/s   00:00:01       13107200  53%   13.06MB/s   00:00:00       19791872  80%   12.67MB/s   00:00:00       24657317 100%   12.19MB/s   00:00:01 (xfer#323, to-check=377/1752)
synthetic_004054/posterior_std.pt
         232019 100%   98.34MB/s   00:00:00 (xfer#324, to-check=378/1752)
synthetic_004054/posterior_variance.pt
         232054 100%  162.84MB/s   00:00:00 (xfer#325, to-check=379/1752)
synthetic_004055/
synthetic_004055/composite_mean.pt
         232026 100%   22.13MB/s   00:00:00 (xfer#326, to-check=381/1752)
synthetic_004055/metadata.json
           1798 100%   21.22MB/s   00:00:00 (xfer#327, to-check=382/1752)
synthetic_004055/posterior_mean.pt
         232026 100%   10.23MB/s   00:00:00 (xfer#328, to-check=383/1752)
synthetic_004055/posterior_samples.pt
        6422528  26%   11.98MB/s   00:00:01       13336576  54%   13.18MB/s   00:00:00       19660800  80%   11.30MB/s   00:00:00       24657317 100%   11.82MB/s   00:00:01 (xfer#329, to-check=384/1752)
synthetic_004055/posterior_std.pt
         232019 100%   83.54MB/s   00:00:00 (xfer#330, to-check=385/1752)
synthetic_004055/posterior_variance.pt
         232054 100%  197.58MB/s   00:00:00 (xfer#331, to-check=386/1752)
synthetic_004056/
synthetic_004056/composite_mean.pt
         232026 100%   30.70MB/s   00:00:00 (xfer#332, to-check=388/1752)
synthetic_004056/metadata.json
           1799 100%   27.68MB/s   00:00:00 (xfer#333, to-check=389/1752)
synthetic_004056/posterior_mean.pt
         232026 100%   14.54MB/s   00:00:00 (xfer#334, to-check=390/1752)
synthetic_004056/posterior_samples.pt
        6750208  27%   12.85MB/s   00:00:01       13434880  54%   12.71MB/s   00:00:00       20119552  82%   12.67MB/s   00:00:00       24657317 100%   12.44MB/s   00:00:01 (xfer#335, to-check=391/1752)
synthetic_004056/posterior_std.pt
         232019 100%  129.86MB/s   00:00:00 (xfer#336, to-check=392/1752)
synthetic_004056/posterior_variance.pt
         232054 100%  269.20MB/s   00:00:00 (xfer#337, to-check=393/1752)
synthetic_004057/
synthetic_004057/composite_mean.pt
         232026 100%   23.95MB/s   00:00:00 (xfer#338, to-check=395/1752)
synthetic_004057/metadata.json
           1796 100%   21.44MB/s   00:00:00 (xfer#339, to-check=396/1752)
synthetic_004057/posterior_mean.pt
         232026 100%   11.79MB/s   00:00:00 (xfer#340, to-check=397/1752)
synthetic_004057/posterior_samples.pt
        6717440  27%   12.62MB/s   00:00:01       13402112  54%   12.63MB/s   00:00:00       19824640  80%   11.67MB/s   00:00:00       24657317 100%   12.28MB/s   00:00:01 (xfer#341, to-check=398/1752)
synthetic_004057/posterior_std.pt
         232019 100%  127.03MB/s   00:00:00 (xfer#342, to-check=399/1752)
synthetic_004057/posterior_variance.pt
         232054 100%  212.75MB/s   00:00:00 (xfer#343, to-check=400/1752)
synthetic_004058/
synthetic_004058/composite_mean.pt
         232026 100%   15.55MB/s   00:00:00 (xfer#344, to-check=402/1752)
synthetic_004058/metadata.json
           1797 100%   27.54MB/s   00:00:00 (xfer#345, to-check=403/1752)
synthetic_004058/posterior_mean.pt
         232026 100%   14.05MB/s   00:00:00 (xfer#346, to-check=404/1752)
synthetic_004058/posterior_samples.pt
        6651904  27%   12.53MB/s   00:00:01       13205504  54%   11.85MB/s   00:00:00       19890176  81%   12.41MB/s   00:00:00       24657317 100%   11.76MB/s   00:00:01 (xfer#347, to-check=405/1752)
synthetic_004058/posterior_std.pt
         232019 100%  110.08MB/s   00:00:00 (xfer#348, to-check=406/1752)
synthetic_004058/posterior_variance.pt
         232054 100%    6.15MB/s   00:00:00 (xfer#349, to-check=407/1752)
synthetic_004059/
synthetic_004059/composite_mean.pt
         232026 100%   19.82MB/s   00:00:00 (xfer#350, to-check=409/1752)
synthetic_004059/metadata.json
           1797 100%   25.22MB/s   00:00:00 (xfer#351, to-check=410/1752)
synthetic_004059/posterior_mean.pt
         232026 100%   58.68MB/s   00:00:00 (xfer#352, to-check=411/1752)
synthetic_004059/posterior_samples.pt
        6881280  28%   13.08MB/s   00:00:01       13434880  54%   12.16MB/s   00:00:00       20119552  82%   11.56MB/s   00:00:00       24657317 100%   12.18MB/s   00:00:01 (xfer#353, to-check=412/1752)
synthetic_004059/posterior_std.pt
         232019 100%  106.27MB/s   00:00:00 (xfer#354, to-check=413/1752)
synthetic_004059/posterior_variance.pt
         232054 100%  158.40MB/s   00:00:00 (xfer#355, to-check=414/1752)
synthetic_004060/
synthetic_004060/composite_mean.pt
         232026 100%   33.20MB/s   00:00:00 (xfer#356, to-check=416/1752)
synthetic_004060/metadata.json
           1797 100%   30.08MB/s   00:00:00 (xfer#357, to-check=417/1752)
synthetic_004060/posterior_mean.pt
         232026 100%   37.93MB/s   00:00:00 (xfer#358, to-check=418/1752)
synthetic_004060/posterior_samples.pt
        6619136  27%   12.54MB/s   00:00:01       13434880  54%   12.60MB/s   00:00:00       19070976  77%   10.32MB/s   00:00:00       24657317 100%   11.38MB/s   00:00:02 (xfer#359, to-check=419/1752)
synthetic_004060/posterior_std.pt
         232019 100%  109.28MB/s   00:00:00 (xfer#360, to-check=420/1752)
synthetic_004060/posterior_variance.pt
         232054 100%  175.67MB/s   00:00:00 (xfer#361, to-check=421/1752)
synthetic_004061/
synthetic_004061/composite_mean.pt
         232026 100%    5.70MB/s   00:00:00 (xfer#362, to-check=423/1752)
synthetic_004061/metadata.json
           1798 100%   21.99MB/s   00:00:00 (xfer#363, to-check=424/1752)
synthetic_004061/posterior_mean.pt
         232026 100%   17.58MB/s   00:00:00 (xfer#364, to-check=425/1752)
synthetic_004061/posterior_samples.pt
        6160384  25%   11.63MB/s   00:00:01       12713984  52%   10.70MB/s   00:00:01       19005440  77%   10.24MB/s   00:00:00       24657317 100%   10.71MB/s   00:00:02 (xfer#365, to-check=426/1752)
synthetic_004061/posterior_std.pt
         232019 100%   87.42MB/s   00:00:00 (xfer#366, to-check=427/1752)
synthetic_004061/posterior_variance.pt
         232054 100%  234.93MB/s   00:00:00 (xfer#367, to-check=428/1752)
synthetic_004062/
synthetic_004062/composite_mean.pt
         232026 100%   27.22MB/s   00:00:00 (xfer#368, to-check=430/1752)
synthetic_004062/metadata.json
           1796 100%   32.36MB/s   00:00:00 (xfer#369, to-check=431/1752)
synthetic_004062/posterior_mean.pt
         232026 100%   12.26MB/s   00:00:00 (xfer#370, to-check=432/1752)
synthetic_004062/posterior_samples.pt
        5865472  24%   10.95MB/s   00:00:01       12681216  51%   12.83MB/s   00:00:00       19103744  77%   11.85MB/s   00:00:00       24657317 100%   11.78MB/s   00:00:01 (xfer#371, to-check=433/1752)
synthetic_004062/posterior_std.pt
         232019 100%  106.95MB/s   00:00:00 (xfer#372, to-check=434/1752)
synthetic_004062/posterior_variance.pt
         232054 100%  183.51MB/s   00:00:00 (xfer#373, to-check=435/1752)
synthetic_004063/
synthetic_004063/composite_mean.pt
         232026 100%   10.92MB/s   00:00:00 (xfer#374, to-check=437/1752)
synthetic_004063/metadata.json
           1797 100%   22.25MB/s   00:00:00 (xfer#375, to-check=438/1752)
synthetic_004063/posterior_mean.pt
         232026 100%   54.86MB/s   00:00:00 (xfer#376, to-check=439/1752)
synthetic_004063/posterior_samples.pt
        6914048  28%   12.70MB/s   00:00:01       13336576  54%   11.82MB/s   00:00:00       20283392  82%   12.91MB/s   00:00:00       24657317 100%   12.29MB/s   00:00:01 (xfer#377, to-check=440/1752)
synthetic_004063/posterior_std.pt
         232019 100%   71.45MB/s   00:00:00 (xfer#378, to-check=441/1752)
synthetic_004063/posterior_variance.pt
         232054 100%  269.52MB/s   00:00:00 (xfer#379, to-check=442/1752)
synthetic_004064/
synthetic_004064/composite_mean.pt
         232026 100%   13.12MB/s   00:00:00 (xfer#380, to-check=444/1752)
synthetic_004064/metadata.json
           1798 100%   25.96MB/s   00:00:00 (xfer#381, to-check=445/1752)
synthetic_004064/posterior_mean.pt
         232026 100%   28.05MB/s   00:00:00 (xfer#382, to-check=446/1752)
synthetic_004064/posterior_samples.pt
        6553600  27%   12.46MB/s   00:00:01       13238272  54%   12.54MB/s   00:00:00       19791872  80%   12.48MB/s   00:00:00       24657317 100%   12.27MB/s   00:00:01 (xfer#383, to-check=447/1752)
synthetic_004064/posterior_std.pt
         232019 100%  108.41MB/s   00:00:00 (xfer#384, to-check=448/1752)
synthetic_004064/posterior_variance.pt
         232054 100%  170.38MB/s   00:00:00 (xfer#385, to-check=449/1752)
synthetic_004065/
synthetic_004065/composite_mean.pt
         232026 100%   24.79MB/s   00:00:00 (xfer#386, to-check=451/1752)
synthetic_004065/metadata.json
           1798 100%   29.48MB/s   00:00:00 (xfer#387, to-check=452/1752)
synthetic_004065/posterior_mean.pt
         232026 100%   13.10MB/s   00:00:00 (xfer#388, to-check=453/1752)
synthetic_004065/posterior_samples.pt
        6553600  27%   12.41MB/s   00:00:01       12189696  49%   10.52MB/s   00:00:01       19398656  79%   13.62MB/s   00:00:00       24657317 100%   12.10MB/s   00:00:01 (xfer#389, to-check=454/1752)
synthetic_004065/posterior_std.pt
         232019 100%  186.44MB/s   00:00:00 (xfer#390, to-check=455/1752)
synthetic_004065/posterior_variance.pt
         232054 100%   17.59MB/s   00:00:00 (xfer#391, to-check=456/1752)
synthetic_004066/
synthetic_004066/composite_mean.pt
         232026 100%   18.93MB/s   00:00:00 (xfer#392, to-check=458/1752)
synthetic_004066/metadata.json
           1799 100%   16.66MB/s   00:00:00 (xfer#393, to-check=459/1752)
synthetic_004066/posterior_mean.pt
         232026 100%    7.29MB/s   00:00:00 (xfer#394, to-check=460/1752)
synthetic_004066/posterior_samples.pt
        6782976  28%   12.94MB/s   00:00:01       12976128  53%   11.70MB/s   00:00:00       19922944  81%   13.15MB/s   00:00:00       24657317 100%   12.41MB/s   00:00:01 (xfer#395, to-check=461/1752)
synthetic_004066/posterior_std.pt
         232019 100%  103.35MB/s   00:00:00 (xfer#396, to-check=462/1752)
synthetic_004066/posterior_variance.pt
         232054 100%  200.31MB/s   00:00:00 (xfer#397, to-check=463/1752)
synthetic_004067/
synthetic_004067/composite_mean.pt
         232026 100%   10.59MB/s   00:00:00 (xfer#398, to-check=465/1752)
synthetic_004067/metadata.json
           1797 100%   17.49MB/s   00:00:00 (xfer#399, to-check=466/1752)
synthetic_004067/posterior_mean.pt
         232026 100%   10.59MB/s   00:00:00 (xfer#400, to-check=467/1752)
synthetic_004067/posterior_samples.pt
        3407872  14%    5.42MB/s   00:00:03        7471104  30%    7.19MB/s   00:00:02       11927552  48%    8.45MB/s   00:00:01       15859712  64%    7.12MB/s   00:00:01       17858560  72%    3.64MB/s   00:00:01       20480000  83%    4.74MB/s   00:00:00       23625728  96%    5.51MB/s   00:00:00       24657317 100%    5.92MB/s   00:00:03 (xfer#401, to-check=468/1752)
synthetic_004067/posterior_std.pt
         232019 100%  116.52MB/s   00:00:00 (xfer#402, to-check=469/1752)
synthetic_004067/posterior_variance.pt
         232054 100%   56.57MB/s   00:00:00 (xfer#403, to-check=470/1752)
synthetic_004068/
synthetic_004068/composite_mean.pt
         232026 100%    4.77MB/s   00:00:00 (xfer#404, to-check=472/1752)
synthetic_004068/metadata.json
           1799 100%   24.48MB/s   00:00:00 (xfer#405, to-check=473/1752)
synthetic_004068/posterior_mean.pt
         232026 100%    6.27MB/s   00:00:00 (xfer#406, to-check=474/1752)
synthetic_004068/posterior_samples.pt
        3702784  15%    6.71MB/s   00:00:02        6979584  28%    6.10MB/s   00:00:02       10256384  42%    5.63MB/s   00:00:02       13664256  55%    6.36MB/s   00:00:01       16809984  68%    5.88MB/s   00:00:01       19562496  79%    5.25MB/s   00:00:00       23625728  96%    7.28MB/s   00:00:00       24657317 100%    6.17MB/s   00:00:03 (xfer#407, to-check=475/1752)
synthetic_004068/posterior_std.pt
         232019 100%   88.09MB/s   00:00:00 (xfer#408, to-check=476/1752)
synthetic_004068/posterior_variance.pt
         232054 100%   12.70MB/s   00:00:00 (xfer#409, to-check=477/1752)
synthetic_004069/
synthetic_004069/composite_mean.pt
         232026 100%    5.31MB/s   00:00:00 (xfer#410, to-check=479/1752)
synthetic_004069/metadata.json
           1797 100%   20.13MB/s   00:00:00 (xfer#411, to-check=480/1752)
synthetic_004069/posterior_mean.pt
         232026 100%    7.50MB/s   00:00:00 (xfer#412, to-check=481/1752)
synthetic_004069/posterior_samples.pt
        4030464  16%    7.51MB/s   00:00:02        8355840  34%    8.16MB/s   00:00:01       12419072  50%    7.72MB/s   00:00:01       17137664  70%    8.72MB/s   00:00:00       21594112  88%    8.32MB/s   00:00:00       24657317 100%    7.95MB/s   00:00:02 (xfer#413, to-check=482/1752)
synthetic_004069/posterior_std.pt
         232019 100%  104.33MB/s   00:00:00 (xfer#414, to-check=483/1752)
synthetic_004069/posterior_variance.pt
         232054 100%   16.68MB/s   00:00:00 (xfer#415, to-check=484/1752)
synthetic_004070/
synthetic_004070/composite_mean.pt
         232026 100%    3.27MB/s   00:00:00 (xfer#416, to-check=486/1752)
synthetic_004070/metadata.json
           1797 100%   20.36MB/s   00:00:00 (xfer#417, to-check=487/1752)
synthetic_004070/posterior_mean.pt
         232026 100%   74.33MB/s   00:00:00 (xfer#418, to-check=488/1752)
synthetic_004070/posterior_samples.pt
        2457600  10%    4.67MB/s   00:00:04        6520832  26%    7.45MB/s   00:00:02       10846208  44%    8.17MB/s   00:00:01       15171584  62%    8.20MB/s   00:00:01       19628032  80%    8.28MB/s   00:00:00       23691264  96%    7.27MB/s   00:00:00       24657317 100%    7.29MB/s   00:00:03 (xfer#419, to-check=489/1752)
synthetic_004070/posterior_std.pt
         232019 100%   84.06MB/s   00:00:00 (xfer#420, to-check=490/1752)
synthetic_004070/posterior_variance.pt
         232054 100%   22.59MB/s   00:00:00 (xfer#421, to-check=491/1752)
synthetic_004071/
synthetic_004071/composite_mean.pt
         232026 100%    4.98MB/s   00:00:00 (xfer#422, to-check=493/1752)
synthetic_004071/metadata.json
           1797 100%   24.12MB/s   00:00:00 (xfer#423, to-check=494/1752)
synthetic_004071/posterior_mean.pt
         232026 100%   76.33MB/s   00:00:00 (xfer#424, to-check=495/1752)
synthetic_004071/posterior_samples.pt
        4063232  16%    7.56MB/s   00:00:02        9142272  37%    9.26MB/s   00:00:01       13729792  56%    8.47MB/s   00:00:01       19234816  78%   10.44MB/s   00:00:00       24477696  99%    9.48MB/s   00:00:00       24657317 100%    8.78MB/s   00:00:02 (xfer#425, to-check=496/1752)
synthetic_004071/posterior_std.pt
         232019 100%  107.21MB/s   00:00:00 (xfer#426, to-check=497/1752)
synthetic_004071/posterior_variance.pt
         232054 100%  104.19MB/s   00:00:00 (xfer#427, to-check=498/1752)
synthetic_004072/
synthetic_004072/composite_mean.pt
         232026 100%   44.33MB/s   00:00:00 (xfer#428, to-check=500/1752)
synthetic_004072/metadata.json
           1797 100%   28.52MB/s   00:00:00 (xfer#429, to-check=501/1752)
synthetic_004072/posterior_mean.pt
         232026 100%    6.76MB/s   00:00:00 (xfer#430, to-check=502/1752)
synthetic_004072/posterior_samples.pt
        5079040  21%    9.22MB/s   00:00:02        9666560  39%    8.57MB/s   00:00:01       12943360  52%    5.80MB/s   00:00:01       18055168  73%    9.49MB/s   00:00:00       23560192  96%   10.01MB/s   00:00:00       24657317 100%    8.36MB/s   00:00:02 (xfer#431, to-check=503/1752)
synthetic_004072/posterior_std.pt
         232019 100%  118.39MB/s   00:00:00 (xfer#432, to-check=504/1752)
synthetic_004072/posterior_variance.pt
         232054 100%   69.27MB/s   00:00:00 (xfer#433, to-check=505/1752)
synthetic_004073/
synthetic_004073/composite_mean.pt
         232026 100%    7.05MB/s   00:00:00 (xfer#434, to-check=507/1752)
synthetic_004073/metadata.json
           1796 100%   27.63MB/s   00:00:00 (xfer#435, to-check=508/1752)
synthetic_004073/posterior_mean.pt
         232026 100%   34.23MB/s   00:00:00 (xfer#436, to-check=509/1752)
synthetic_004073/posterior_samples.pt
        5308416  22%    9.45MB/s   00:00:01        9273344  38%    7.51MB/s   00:00:01       13336576  54%    7.70MB/s   00:00:01       17793024  72%    8.38MB/s   00:00:00       23035904  93%    9.80MB/s   00:00:00       24657317 100%    8.57MB/s   00:00:02 (xfer#437, to-check=510/1752)
synthetic_004073/posterior_std.pt
         232019 100%   84.72MB/s   00:00:00 (xfer#438, to-check=511/1752)
synthetic_004073/posterior_variance.pt
         232054 100%   23.56MB/s   00:00:00 (xfer#439, to-check=512/1752)
synthetic_004074/
synthetic_004074/composite_mean.pt
         232026 100%    6.48MB/s   00:00:00 (xfer#440, to-check=514/1752)
synthetic_004074/metadata.json
           1796 100%   23.10MB/s   00:00:00 (xfer#441, to-check=515/1752)
synthetic_004074/posterior_mean.pt
         232026 100%   41.86MB/s   00:00:00 (xfer#442, to-check=516/1752)
synthetic_004074/posterior_samples.pt
        5046272  20%    9.55MB/s   00:00:01        8323072  34%    6.17MB/s   00:00:02       13434880  54%    9.37MB/s   00:00:01       18022400  73%    8.45MB/s   00:00:00       23527424  95%   10.29MB/s   00:00:00       24657317 100%    8.75MB/s   00:00:02 (xfer#443, to-check=517/1752)
synthetic_004074/posterior_std.pt
         232019 100%  128.58MB/s   00:00:00 (xfer#444, to-check=518/1752)
synthetic_004074/posterior_variance.pt
         232054 100%  144.94MB/s   00:00:00 (xfer#445, to-check=519/1752)
synthetic_004075/
synthetic_004075/composite_mean.pt
         232026 100%    5.71MB/s   00:00:00 (xfer#446, to-check=521/1752)
synthetic_004075/metadata.json
           1798 100%   23.81MB/s   00:00:00 (xfer#447, to-check=522/1752)
synthetic_004075/posterior_mean.pt
         232026 100%   12.55MB/s   00:00:00 (xfer#448, to-check=523/1752)
synthetic_004075/posterior_samples.pt
        5308416  22%   10.10MB/s   00:00:01       10551296  43%    9.81MB/s   00:00:01       16187392  66%   10.42MB/s   00:00:00       20774912  84%    8.68MB/s   00:00:00       24657317 100%    9.76MB/s   00:00:02 (xfer#449, to-check=524/1752)
synthetic_004075/posterior_std.pt
         232019 100%  117.00MB/s   00:00:00 (xfer#450, to-check=525/1752)
synthetic_004075/posterior_variance.pt
         232054 100%  141.95MB/s   00:00:00 (xfer#451, to-check=526/1752)
synthetic_004076/
synthetic_004076/composite_mean.pt
         232026 100%    6.50MB/s   00:00:00 (xfer#452, to-check=528/1752)
synthetic_004076/metadata.json
           1795 100%   21.43MB/s   00:00:00 (xfer#453, to-check=529/1752)
synthetic_004076/posterior_mean.pt
         232026 100%   29.55MB/s   00:00:00 (xfer#454, to-check=530/1752)
synthetic_004076/posterior_samples.pt
        4980736  20%    8.35MB/s   00:00:02        9175040  37%    7.62MB/s   00:00:01       13729792  56%    8.69MB/s   00:00:01       17694720  72%    7.20MB/s   00:00:00       23068672  94%   10.12MB/s   00:00:00       24657317 100%    8.31MB/s   00:00:02 (xfer#455, to-check=531/1752)
synthetic_004076/posterior_std.pt
         232019 100%  117.33MB/s   00:00:00 (xfer#456, to-check=532/1752)
synthetic_004076/posterior_variance.pt
         232054 100%  179.78MB/s   00:00:00 (xfer#457, to-check=533/1752)
synthetic_004077/
synthetic_004077/composite_mean.pt
         232026 100%   20.38MB/s   00:00:00 (xfer#458, to-check=535/1752)
synthetic_004077/metadata.json
           1798 100%   20.91MB/s   00:00:00 (xfer#459, to-check=536/1752)
synthetic_004077/posterior_mean.pt
         232026 100%    6.47MB/s   00:00:00 (xfer#460, to-check=537/1752)
synthetic_004077/posterior_samples.pt
        4947968  20%    9.30MB/s   00:00:02        9928704  40%    9.29MB/s   00:00:01       15171584  62%    9.75MB/s   00:00:00       20676608  84%   10.46MB/s   00:00:00       24657317 100%    9.77MB/s   00:00:02 (xfer#461, to-check=538/1752)
synthetic_004077/posterior_std.pt
         232019 100%  115.25MB/s   00:00:00 (xfer#462, to-check=539/1752)
synthetic_004077/posterior_variance.pt
         232054 100%  181.82MB/s   00:00:00 (xfer#463, to-check=540/1752)
synthetic_004078/
synthetic_004078/composite_mean.pt
         232026 100%   12.01MB/s   00:00:00 (xfer#464, to-check=542/1752)
synthetic_004078/metadata.json
           1796 100%   26.71MB/s   00:00:00 (xfer#465, to-check=543/1752)
synthetic_004078/posterior_mean.pt
         232026 100%   18.77MB/s   00:00:00 (xfer#466, to-check=544/1752)
synthetic_004078/posterior_samples.pt
        4620288  19%    8.74MB/s   00:00:02        9469952  38%    8.86MB/s   00:00:01       15106048  61%   10.33MB/s   00:00:00       20742144  84%   10.65MB/s   00:00:00       24657317 100%    9.52MB/s   00:00:02 (xfer#467, to-check=545/1752)
synthetic_004078/posterior_std.pt
         232019 100%  119.94MB/s   00:00:00 (xfer#468, to-check=546/1752)
synthetic_004078/posterior_variance.pt
         232054 100%   29.50MB/s   00:00:00 (xfer#469, to-check=547/1752)
synthetic_004079/
synthetic_004079/composite_mean.pt
         232026 100%   13.13MB/s   00:00:00 (xfer#470, to-check=549/1752)
synthetic_004079/metadata.json
           1797 100%   25.95MB/s   00:00:00 (xfer#471, to-check=550/1752)
synthetic_004079/posterior_mean.pt
         232026 100%    6.39MB/s   00:00:00 (xfer#472, to-check=551/1752)
synthetic_004079/posterior_samples.pt
        5799936  24%   10.97MB/s   00:00:01       11436032  46%   10.58MB/s   00:00:01       17989632  73%   11.94MB/s   00:00:00       24281088  98%   11.90MB/s   00:00:00       24657317 100%   11.15MB/s   00:00:02 (xfer#473, to-check=552/1752)
synthetic_004079/posterior_std.pt
         232019 100%  121.84MB/s   00:00:00 (xfer#474, to-check=553/1752)
synthetic_004079/posterior_variance.pt
         232054 100%  211.58MB/s   00:00:00 (xfer#475, to-check=554/1752)
synthetic_004080/
synthetic_004080/composite_mean.pt
         232026 100%  121.24MB/s   00:00:00 (xfer#476, to-check=556/1752)
synthetic_004080/metadata.json
           1796 100%   28.97MB/s   00:00:00 (xfer#477, to-check=557/1752)
synthetic_004080/posterior_mean.pt
         232026 100%    8.97MB/s   00:00:00 (xfer#478, to-check=558/1752)
synthetic_004080/posterior_samples.pt
        5079040  21%    9.65MB/s   00:00:01        9142272  37%    7.69MB/s   00:00:01       14123008  57%    9.39MB/s   00:00:01       18710528  76%    8.72MB/s   00:00:00       23822336  97%    9.65MB/s   00:00:00       24657317 100%    8.78MB/s   00:00:02 (xfer#479, to-check=559/1752)
synthetic_004080/posterior_std.pt
         232019 100%  141.11MB/s   00:00:00 (xfer#480, to-check=560/1752)
synthetic_004080/posterior_variance.pt
         232054 100%   68.83MB/s   00:00:00 (xfer#481, to-check=561/1752)
synthetic_004081/
synthetic_004081/composite_mean.pt
         232026 100%   27.72MB/s   00:00:00 (xfer#482, to-check=563/1752)
synthetic_004081/metadata.json
           1798 100%   24.13MB/s   00:00:00 (xfer#483, to-check=564/1752)
synthetic_004081/posterior_mean.pt
         232026 100%    3.80MB/s   00:00:00 (xfer#484, to-check=565/1752)
synthetic_004081/posterior_samples.pt
        4620288  19%    8.36MB/s   00:00:02        9076736  37%    8.38MB/s   00:00:01       15597568  63%   12.36MB/s   00:00:00       22151168  90%   12.41MB/s   00:00:00       24657317 100%   10.28MB/s   00:00:02 (xfer#485, to-check=566/1752)
synthetic_004081/posterior_std.pt
         232019 100%   80.52MB/s   00:00:00 (xfer#486, to-check=567/1752)
synthetic_004081/posterior_variance.pt
         232054 100%  186.13MB/s   00:00:00 (xfer#487, to-check=568/1752)
synthetic_004082/
synthetic_004082/composite_mean.pt
         232026 100%   35.35MB/s   00:00:00 (xfer#488, to-check=570/1752)
synthetic_004082/metadata.json
           1797 100%   31.67MB/s   00:00:00 (xfer#489, to-check=571/1752)
synthetic_004082/posterior_mean.pt
         232026 100%    8.33MB/s   00:00:00 (xfer#490, to-check=572/1752)
synthetic_004082/posterior_samples.pt
        6488064  26%   12.28MB/s   00:00:01       11599872  47%    9.60MB/s   00:00:01       15040512  61%    5.82MB/s   00:00:01       17661952  72%    4.64MB/s   00:00:01       19628032  80%    3.65MB/s   00:00:01       21561344  87%    3.62MB/s   00:00:00       22872064  93%    2.40MB/s   00:00:00       24281088  98%    2.67MB/s   00:00:00       24657317 100%    5.39MB/s   00:00:04 (xfer#491, to-check=573/1752)
synthetic_004082/posterior_std.pt
         232019 100%   23.85MB/s   00:00:00 (xfer#492, to-check=574/1752)
synthetic_004082/posterior_variance.pt
         232054 100%    3.16MB/s   00:00:00 (xfer#493, to-check=575/1752)
synthetic_004083/
synthetic_004083/composite_mean.pt
         232026 100%    1.92MB/s   00:00:00 (xfer#494, to-check=577/1752)
synthetic_004083/metadata.json
           1798 100%    5.17MB/s   00:00:00 (xfer#495, to-check=578/1752)
synthetic_004083/posterior_mean.pt
         232026 100%    2.51MB/s   00:00:00 (xfer#496, to-check=579/1752)
synthetic_004083/posterior_samples.pt
        1212416   5%    2.19MB/s   00:00:10        2981888  12%    2.92MB/s   00:00:07        4816896  20%    3.47MB/s   00:00:05        6389760  26%    2.65MB/s   00:00:06        8617984  35%    3.93MB/s   00:00:03       10584064  43%    3.51MB/s   00:00:03       12943360  52%    4.19MB/s   00:00:02       15826944  64%    5.47MB/s   00:00:01       18710528  76%    5.35MB/s   00:00:01       21594112  88%    4.97MB/s   00:00:00       24608768 100%    5.60MB/s   00:00:00       24657317 100%    3.98MB/s   00:00:05 (xfer#497, to-check=580/1752)
synthetic_004083/posterior_std.pt
         232019 100%  100.57MB/s   00:00:00 (xfer#498, to-check=581/1752)
synthetic_004083/posterior_variance.pt
         232054 100%   19.38MB/s   00:00:00 (xfer#499, to-check=582/1752)
synthetic_004084/
synthetic_004084/composite_mean.pt
         232026 100%    4.90MB/s   00:00:00 (xfer#500, to-check=584/1752)
synthetic_004084/metadata.json
           1798 100%   23.20MB/s   00:00:00 (xfer#501, to-check=585/1752)
synthetic_004084/posterior_mean.pt
         232026 100%    5.18MB/s   00:00:00 (xfer#502, to-check=586/1752)
synthetic_004084/posterior_samples.pt
        2752512  11%    4.87MB/s   00:00:04        5898240  24%    5.87MB/s   00:00:03        9437184  38%    6.73MB/s   00:00:02       12320768  50%    5.42MB/s   00:00:02       15990784  65%    6.92MB/s   00:00:01       19922944  81%    7.44MB/s   00:00:00       23461888  95%    6.38MB/s   00:00:00       24657317 100%    6.24MB/s   00:00:03 (xfer#503, to-check=587/1752)
synthetic_004084/posterior_std.pt
         232019 100%   82.35MB/s   00:00:00 (xfer#504, to-check=588/1752)
synthetic_004084/posterior_variance.pt
         232054 100%   23.53MB/s   00:00:00 (xfer#505, to-check=589/1752)
synthetic_004085/
synthetic_004085/composite_mean.pt
         232026 100%  170.48MB/s   00:00:00 (xfer#506, to-check=591/1752)
synthetic_004085/metadata.json
           1796 100%   31.79MB/s   00:00:00 (xfer#507, to-check=592/1752)
synthetic_004085/posterior_mean.pt
         232026 100%    5.55MB/s   00:00:00 (xfer#508, to-check=593/1752)
synthetic_004085/posterior_samples.pt
        3604480  15%    6.58MB/s   00:00:03        8978432  36%   10.22MB/s   00:00:01       13434880  54%    8.09MB/s   00:00:01       18415616  75%    9.50MB/s   00:00:00       24576000 100%   11.63MB/s   00:00:00       24657317 100%    9.06MB/s   00:00:02 (xfer#509, to-check=594/1752)
synthetic_004085/posterior_std.pt
         232019 100%   77.29MB/s   00:00:00 (xfer#510, to-check=595/1752)
synthetic_004085/posterior_variance.pt
         232054 100%   15.16MB/s   00:00:00 (xfer#511, to-check=596/1752)
synthetic_004086/
synthetic_004086/composite_mean.pt
         232026 100%   54.95MB/s   00:00:00 (xfer#512, to-check=598/1752)
synthetic_004086/metadata.json
           1796 100%   27.11MB/s   00:00:00 (xfer#513, to-check=599/1752)
synthetic_004086/posterior_mean.pt
         232026 100%    9.03MB/s   00:00:00 (xfer#514, to-check=600/1752)
synthetic_004086/posterior_samples.pt
        6258688  25%   11.92MB/s   00:00:01       10518528  43%    7.93MB/s   00:00:01       14581760  59%    7.09MB/s   00:00:01       18022400  73%    6.33MB/s   00:00:00       20905984  85%    5.39MB/s   00:00:00       24444928  99%    6.44MB/s   00:00:00       24657317 100%    7.36MB/s   00:00:03 (xfer#515, to-check=601/1752)
synthetic_004086/posterior_std.pt
         232019 100%   91.36MB/s   00:00:00 (xfer#516, to-check=602/1752)
synthetic_004086/posterior_variance.pt
         232054 100%    6.32MB/s   00:00:00 (xfer#517, to-check=603/1752)
synthetic_004087/
synthetic_004087/composite_mean.pt
         232026 100%    2.78MB/s   00:00:00 (xfer#518, to-check=605/1752)
synthetic_004087/metadata.json
           1797 100%    6.32MB/s   00:00:00 (xfer#519, to-check=606/1752)
synthetic_004087/posterior_mean.pt
         232026 100%   73.22MB/s   00:00:00 (xfer#520, to-check=607/1752)
synthetic_004087/posterior_samples.pt
        3276800  13%    6.23MB/s   00:00:03        6553600  27%    6.04MB/s   00:00:02       10092544  41%    6.30MB/s   00:00:02       12976128  53%    4.99MB/s   00:00:02       16842752  68%    6.73MB/s   00:00:01       19300352  78%    4.45MB/s   00:00:01       22183936  90%    5.39MB/s   00:00:00       24657317 100%    5.66MB/s   00:00:04 (xfer#521, to-check=608/1752)
synthetic_004087/posterior_std.pt
         232019 100%  109.70MB/s   00:00:00 (xfer#522, to-check=609/1752)
synthetic_004087/posterior_variance.pt
         232054 100%   60.73MB/s   00:00:00 (xfer#523, to-check=610/1752)
synthetic_004088/
synthetic_004088/composite_mean.pt
         232026 100%    4.63MB/s   00:00:00 (xfer#524, to-check=612/1752)
synthetic_004088/metadata.json
           1799 100%   23.83MB/s   00:00:00 (xfer#525, to-check=613/1752)
synthetic_004088/posterior_mean.pt
         232026 100%    4.53MB/s   00:00:00 (xfer#526, to-check=614/1752)
synthetic_004088/posterior_samples.pt
        3145728  13%    5.79MB/s   00:00:03        6422528  26%    6.02MB/s   00:00:02        9699328  39%    6.04MB/s   00:00:02       12976128  53%    5.81MB/s   00:00:01       16121856  65%    5.53MB/s   00:00:01       19267584  78%    5.75MB/s   00:00:00       22478848  91%    6.01MB/s   00:00:00       24657317 100%    5.63MB/s   00:00:04 (xfer#527, to-check=615/1752)
synthetic_004088/posterior_std.pt
         232019 100%  107.25MB/s   00:00:00 (xfer#528, to-check=616/1752)
synthetic_004088/posterior_variance.pt
         232054 100%    4.08MB/s   00:00:00 (xfer#529, to-check=617/1752)
synthetic_004089/
synthetic_004089/composite_mean.pt
         232026 100%    3.36MB/s   00:00:00 (xfer#530, to-check=619/1752)
synthetic_004089/metadata.json
           1797 100%    6.04MB/s   00:00:00 (xfer#531, to-check=620/1752)
synthetic_004089/posterior_mean.pt
         232026 100%    4.84MB/s   00:00:00 (xfer#532, to-check=621/1752)
synthetic_004089/posterior_samples.pt
        2588672  10%    4.59MB/s   00:00:04        4947968  20%    4.26MB/s   00:00:04        7176192  29%    3.98MB/s   00:00:04        9666560  39%    4.56MB/s   00:00:03       12288000  50%    4.80MB/s   00:00:02       14778368  60%    4.66MB/s   00:00:02       17399808  71%    4.83MB/s   00:00:01       20414464  83%    5.69MB/s   00:00:00       24215552  98%    7.23MB/s   00:00:00       24657317 100%    4.94MB/s   00:00:04 (xfer#533, to-check=622/1752)
synthetic_004089/posterior_std.pt
         232019 100%  124.02MB/s   00:00:00 (xfer#534, to-check=623/1752)
synthetic_004089/posterior_variance.pt
         232054 100%    5.37MB/s   00:00:00 (xfer#535, to-check=624/1752)
synthetic_004090/
synthetic_004090/composite_mean.pt
         232026 100%    4.87MB/s   00:00:00 (xfer#536, to-check=626/1752)
synthetic_004090/metadata.json
           1798 100%   19.28MB/s   00:00:00 (xfer#537, to-check=627/1752)
synthetic_004090/posterior_mean.pt
         232026 100%   33.59MB/s   00:00:00 (xfer#538, to-check=628/1752)
synthetic_004090/posterior_samples.pt
        4030464  16%    7.53MB/s   00:00:02        7700480  31%    6.95MB/s   00:00:02       11763712  48%    7.69MB/s   00:00:01       15695872  64%    7.45MB/s   00:00:01       19890176  81%    7.66MB/s   00:00:00       23691264  96%    7.24MB/s   00:00:00       24657317 100%    7.41MB/s   00:00:03 (xfer#539, to-check=629/1752)
synthetic_004090/posterior_std.pt
         232019 100%   85.36MB/s   00:00:00 (xfer#540, to-check=630/1752)
synthetic_004090/posterior_variance.pt
         232054 100%    6.79MB/s   00:00:00 (xfer#541, to-check=631/1752)
synthetic_004091/
synthetic_004091/composite_mean.pt
         232026 100%    6.95MB/s   00:00:00 (xfer#542, to-check=633/1752)
synthetic_004091/metadata.json
           1797 100%   22.82MB/s   00:00:00 (xfer#543, to-check=634/1752)
synthetic_004091/posterior_mean.pt
         232026 100%   37.33MB/s   00:00:00 (xfer#544, to-check=635/1752)
synthetic_004091/posterior_samples.pt
        3932160  16%    7.12MB/s   00:00:02        7503872  30%    6.64MB/s   00:00:02       11304960  46%    6.70MB/s   00:00:01       14581760  59%    6.03MB/s   00:00:01       17727488  72%    5.84MB/s   00:00:01       21135360  86%    6.34MB/s   00:00:00       22806528  92%    3.04MB/s   00:00:00       24657317 100%    5.81MB/s   00:00:04 (xfer#545, to-check=636/1752)
synthetic_004091/posterior_std.pt
         232019 100%    8.49MB/s   00:00:00 (xfer#546, to-check=637/1752)
synthetic_004091/posterior_variance.pt
         232054 100%    4.28MB/s   00:00:00 (xfer#547, to-check=638/1752)
synthetic_004092/
synthetic_004092/composite_mean.pt
         232026 100%   32.45MB/s   00:00:00 (xfer#548, to-check=640/1752)
synthetic_004092/metadata.json
           1798 100%   20.91MB/s   00:00:00 (xfer#549, to-check=641/1752)
synthetic_004092/posterior_mean.pt
         232026 100%    3.42MB/s   00:00:00 (xfer#550, to-check=642/1752)
synthetic_004092/posterior_samples.pt
        2654208  11%    5.00MB/s   00:00:04        5537792  22%    5.37MB/s   00:00:03        8159232  33%    4.76MB/s   00:00:03       10780672  44%    4.84MB/s   00:00:02       13795328  56%    5.59MB/s   00:00:01       16547840  67%    5.06MB/s   00:00:01       19693568  80%    5.78MB/s   00:00:00       23101440  94%    6.47MB/s   00:00:00       24657317 100%    5.38MB/s   00:00:04 (xfer#551, to-check=643/1752)
synthetic_004092/posterior_std.pt
         232019 100%   25.29MB/s   00:00:00 (xfer#552, to-check=644/1752)
synthetic_004092/posterior_variance.pt
         232054 100%   14.78MB/s   00:00:00 (xfer#553, to-check=645/1752)
synthetic_004093/
synthetic_004093/composite_mean.pt
         232026 100%    6.61MB/s   00:00:00 (xfer#554, to-check=647/1752)
synthetic_004093/metadata.json
           1798 100%   20.43MB/s   00:00:00 (xfer#555, to-check=648/1752)
synthetic_004093/posterior_mean.pt
         232026 100%    4.78MB/s   00:00:00 (xfer#556, to-check=649/1752)
synthetic_004093/posterior_samples.pt
        3801088  15%    6.86MB/s   00:00:02        7602176  31%    7.07MB/s   00:00:02       11796480  48%    7.47MB/s   00:00:01       15990784  65%    7.68MB/s   00:00:01       19922944  81%    7.31MB/s   00:00:00       23986176  97%    7.29MB/s   00:00:00       24657317 100%    7.24MB/s   00:00:03 (xfer#557, to-check=650/1752)
synthetic_004093/posterior_std.pt
         232019 100%   89.47MB/s   00:00:00 (xfer#558, to-check=651/1752)
synthetic_004093/posterior_variance.pt
         232054 100%    7.87MB/s   00:00:00 (xfer#559, to-check=652/1752)
synthetic_004094/
synthetic_004094/composite_mean.pt
         232026 100%   10.50MB/s   00:00:00 (xfer#560, to-check=654/1752)
synthetic_004094/metadata.json
           1795 100%   24.09MB/s   00:00:00 (xfer#561, to-check=655/1752)
synthetic_004094/posterior_mean.pt
         232026 100%    8.08MB/s   00:00:00 (xfer#562, to-check=656/1752)
synthetic_004094/posterior_samples.pt
        4227072  17%    7.29MB/s   00:00:02        8814592  36%    8.72MB/s   00:00:01       13271040  54%    8.46MB/s   00:00:01       17334272  70%    7.72MB/s   00:00:00       21528576  87%    7.71MB/s   00:00:00       24657317 100%    8.06MB/s   00:00:02 (xfer#563, to-check=657/1752)
synthetic_004094/posterior_std.pt
         232019 100%   79.80MB/s   00:00:00 (xfer#564, to-check=658/1752)
synthetic_004094/posterior_variance.pt
         232054 100%  215.31MB/s   00:00:00 (xfer#565, to-check=659/1752)
synthetic_004095/
synthetic_004095/composite_mean.pt
         232026 100%    9.09MB/s   00:00:00 (xfer#566, to-check=661/1752)
synthetic_004095/metadata.json
           1798 100%   25.24MB/s   00:00:00 (xfer#567, to-check=662/1752)
synthetic_004095/posterior_mean.pt
         232026 100%    8.22MB/s   00:00:00 (xfer#568, to-check=663/1752)
synthetic_004095/posterior_samples.pt
        5570560  23%   10.62MB/s   00:00:01       10747904  44%    9.27MB/s   00:00:01       17039360  69%   11.93MB/s   00:00:00       24248320  98%   13.64MB/s   00:00:00       24657317 100%   11.17MB/s   00:00:02 (xfer#569, to-check=664/1752)
synthetic_004095/posterior_std.pt
         232019 100%  109.01MB/s   00:00:00 (xfer#570, to-check=665/1752)
synthetic_004095/posterior_variance.pt
         232054 100%  176.20MB/s   00:00:00 (xfer#571, to-check=666/1752)
synthetic_004096/
synthetic_004096/composite_mean.pt
         232026 100%   25.41MB/s   00:00:00 (xfer#572, to-check=668/1752)
synthetic_004096/metadata.json
           1797 100%   30.08MB/s   00:00:00 (xfer#573, to-check=669/1752)
synthetic_004096/posterior_mean.pt
         232026 100%   10.52MB/s   00:00:00 (xfer#574, to-check=670/1752)
synthetic_004096/posterior_samples.pt
        6651904  27%   12.68MB/s   00:00:01       13238272  54%   12.34MB/s   00:00:00       18743296  76%   10.42MB/s   00:00:00       23724032  96%    9.50MB/s   00:00:00       24657317 100%   11.03MB/s   00:00:02 (xfer#575, to-check=671/1752)
synthetic_004096/posterior_std.pt
         232019 100%  108.37MB/s   00:00:00 (xfer#576, to-check=672/1752)
synthetic_004096/posterior_variance.pt
         232054 100%  188.20MB/s   00:00:00 (xfer#577, to-check=673/1752)
synthetic_004097/
synthetic_004097/composite_mean.pt
         232026 100%   16.51MB/s   00:00:00 (xfer#578, to-check=675/1752)
synthetic_004097/metadata.json
           1798 100%   27.24MB/s   00:00:00 (xfer#579, to-check=676/1752)
synthetic_004097/posterior_mean.pt
         232026 100%    9.38MB/s   00:00:00 (xfer#580, to-check=677/1752)
synthetic_004097/posterior_samples.pt
        5636096  23%   10.46MB/s   00:00:01        9568256  39%    7.08MB/s   00:00:02       14680064  60%    9.50MB/s   00:00:01       20316160  82%   10.03MB/s   00:00:00       24657317 100%    9.10MB/s   00:00:02 (xfer#581, to-check=678/1752)
synthetic_004097/posterior_std.pt
         232019 100%  133.13MB/s   00:00:00 (xfer#582, to-check=679/1752)
synthetic_004097/posterior_variance.pt
         232054 100%  221.80MB/s   00:00:00 (xfer#583, to-check=680/1752)
synthetic_004098/
synthetic_004098/composite_mean.pt
         232026 100%   15.51MB/s   00:00:00 (xfer#584, to-check=682/1752)
synthetic_004098/metadata.json
           1797 100%   26.82MB/s   00:00:00 (xfer#585, to-check=683/1752)
synthetic_004098/posterior_mean.pt
         232026 100%   10.63MB/s   00:00:00 (xfer#586, to-check=684/1752)
synthetic_004098/posterior_samples.pt
        4620288  19%    8.57MB/s   00:00:02        9207808  37%    8.57MB/s   00:00:01       14450688  59%    9.92MB/s   00:00:00       18776064  76%    7.86MB/s   00:00:00       24657317 100%    9.20MB/s   00:00:02 (xfer#587, to-check=685/1752)
synthetic_004098/posterior_std.pt
         232019 100%   81.25MB/s   00:00:00 (xfer#588, to-check=686/1752)
synthetic_004098/posterior_variance.pt
         232054 100%   23.14MB/s   00:00:00 (xfer#589, to-check=687/1752)
synthetic_004099/
synthetic_004099/composite_mean.pt
         232026 100%   16.15MB/s   00:00:00 (xfer#590, to-check=689/1752)
synthetic_004099/metadata.json
           1797 100%   25.58MB/s   00:00:00 (xfer#591, to-check=690/1752)
synthetic_004099/posterior_mean.pt
         232026 100%   14.43MB/s   00:00:00 (xfer#592, to-check=691/1752)
synthetic_004099/posterior_samples.pt
        5472256  22%    9.96MB/s   00:00:01       10715136  43%    9.87MB/s   00:00:01       16613376  67%   11.09MB/s   00:00:00       21856256  89%    9.54MB/s   00:00:00       24657317 100%   10.18MB/s   00:00:02 (xfer#593, to-check=692/1752)
synthetic_004099/posterior_std.pt
         232019 100%   17.16MB/s   00:00:00 (xfer#594, to-check=693/1752)
synthetic_004099/posterior_variance.pt
         232054 100%   37.11MB/s   00:00:00 (xfer#595, to-check=694/1752)
synthetic_004100/
synthetic_004100/composite_mean.pt
         232026 100%    9.18MB/s   00:00:00 (xfer#596, to-check=696/1752)
synthetic_004100/metadata.json
           1798 100%   24.89MB/s   00:00:00 (xfer#597, to-check=697/1752)
synthetic_004100/posterior_mean.pt
         232026 100%   14.39MB/s   00:00:00 (xfer#598, to-check=698/1752)
synthetic_004100/posterior_samples.pt
        6750208  27%   12.76MB/s   00:00:01       13828096  56%   13.29MB/s   00:00:00       20381696  83%   12.26MB/s   00:00:00       24657317 100%   12.58MB/s   00:00:01 (xfer#599, to-check=699/1752)
synthetic_004100/posterior_std.pt
         232019 100%  110.20MB/s   00:00:00 (xfer#600, to-check=700/1752)
synthetic_004100/posterior_variance.pt
         232054 100%   18.24MB/s   00:00:00 (xfer#601, to-check=701/1752)
synthetic_004101/
synthetic_004101/composite_mean.pt
         232026 100%    9.22MB/s   00:00:00 (xfer#602, to-check=703/1752)
synthetic_004101/metadata.json
           1797 100%   24.45MB/s   00:00:00 (xfer#603, to-check=704/1752)
synthetic_004101/posterior_mean.pt
         232026 100%   13.94MB/s   00:00:00 (xfer#604, to-check=705/1752)
synthetic_004101/posterior_samples.pt
        6815744  28%   12.91MB/s   00:00:01       13500416  55%   12.51MB/s   00:00:00       20185088  82%   12.62MB/s   00:00:00       24657317 100%   12.40MB/s   00:00:01 (xfer#605, to-check=706/1752)
synthetic_004101/posterior_std.pt
         232019 100%   89.91MB/s   00:00:00 (xfer#606, to-check=707/1752)
synthetic_004101/posterior_variance.pt
         232054 100%  209.34MB/s   00:00:00 (xfer#607, to-check=708/1752)
synthetic_004102/
synthetic_004102/composite_mean.pt
         232026 100%   45.38MB/s   00:00:00 (xfer#608, to-check=710/1752)
synthetic_004102/metadata.json
           1798 100%   30.60MB/s   00:00:00 (xfer#609, to-check=711/1752)
synthetic_004102/posterior_mean.pt
         232026 100%   10.43MB/s   00:00:00 (xfer#610, to-check=712/1752)
synthetic_004102/posterior_samples.pt
        6553600  27%   12.46MB/s   00:00:01       12976128  53%   12.24MB/s   00:00:00       19791872  80%   12.74MB/s   00:00:00       24657317 100%   12.29MB/s   00:00:01 (xfer#611, to-check=713/1752)
synthetic_004102/posterior_std.pt
         232019 100%   69.30MB/s   00:00:00 (xfer#612, to-check=714/1752)
synthetic_004102/posterior_variance.pt
         232054 100%  227.45MB/s   00:00:00 (xfer#613, to-check=715/1752)
synthetic_004103/
synthetic_004103/composite_mean.pt
         232026 100%   28.52MB/s   00:00:00 (xfer#614, to-check=717/1752)
synthetic_004103/metadata.json
           1799 100%   21.48MB/s   00:00:00 (xfer#615, to-check=718/1752)
synthetic_004103/posterior_mean.pt
         232026 100%   10.34MB/s   00:00:00 (xfer#616, to-check=719/1752)
synthetic_004103/posterior_samples.pt
        6651904  27%   12.50MB/s   00:00:01       13336576  54%   12.54MB/s   00:00:00       20021248  81%   12.52MB/s   00:00:00       24657317 100%   12.33MB/s   00:00:01 (xfer#617, to-check=720/1752)
synthetic_004103/posterior_std.pt
         232019 100%  103.17MB/s   00:00:00 (xfer#618, to-check=721/1752)
synthetic_004103/posterior_variance.pt
         232054 100%  176.03MB/s   00:00:00 (xfer#619, to-check=722/1752)
synthetic_004104/
synthetic_004104/composite_mean.pt
         232026 100%   18.40MB/s   00:00:00 (xfer#620, to-check=724/1752)
synthetic_004104/metadata.json
           1797 100%  309.67KB/s   00:00:00 (xfer#621, to-check=725/1752)
synthetic_004104/posterior_mean.pt
         232026 100%   17.31MB/s   00:00:00 (xfer#622, to-check=726/1752)
synthetic_004104/posterior_samples.pt
        6651904  27%   12.46MB/s   00:00:01       12058624  49%   10.31MB/s   00:00:01       19562496  79%   14.10MB/s   00:00:00       24657317 100%   12.09MB/s   00:00:01 (xfer#623, to-check=727/1752)
synthetic_004104/posterior_std.pt
         232019 100%  109.59MB/s   00:00:00 (xfer#624, to-check=728/1752)
synthetic_004104/posterior_variance.pt
         232054 100%  151.18MB/s   00:00:00 (xfer#625, to-check=729/1752)
synthetic_004105/
synthetic_004105/composite_mean.pt
         232026 100%   31.75MB/s   00:00:00 (xfer#626, to-check=731/1752)
synthetic_004105/metadata.json
           1797 100%   28.98MB/s   00:00:00 (xfer#627, to-check=732/1752)
synthetic_004105/posterior_mean.pt
         232026 100%   10.67MB/s   00:00:00 (xfer#628, to-check=733/1752)
synthetic_004105/posterior_samples.pt
        6094848  25%   11.43MB/s   00:00:01       12779520  52%   12.62MB/s   00:00:00       19333120  78%   12.34MB/s   00:00:00       24657317 100%   12.00MB/s   00:00:01 (xfer#629, to-check=734/1752)
synthetic_004105/posterior_std.pt
         232019 100%   85.23MB/s   00:00:00 (xfer#630, to-check=735/1752)
synthetic_004105/posterior_variance.pt
         232054 100%  244.59MB/s   00:00:00 (xfer#631, to-check=736/1752)
synthetic_004106/
synthetic_004106/composite_mean.pt
         232026 100%   22.61MB/s   00:00:00 (xfer#632, to-check=738/1752)
synthetic_004106/metadata.json
           1797 100%   22.53MB/s   00:00:00 (xfer#633, to-check=739/1752)
synthetic_004106/posterior_mean.pt
         232026 100%    9.42MB/s   00:00:00 (xfer#634, to-check=740/1752)
synthetic_004106/posterior_samples.pt
        5144576  21%    9.41MB/s   00:00:01       11304960  46%   11.09MB/s   00:00:01       17727488  72%   12.05MB/s   00:00:00       23232512  94%    9.73MB/s   00:00:00       24657317 100%   10.46MB/s   00:00:02 (xfer#635, to-check=741/1752)
synthetic_004106/posterior_std.pt
         232019 100%  156.72MB/s   00:00:00 (xfer#636, to-check=742/1752)
synthetic_004106/posterior_variance.pt
         232054 100%  151.27MB/s   00:00:00 (xfer#637, to-check=743/1752)
synthetic_004107/
synthetic_004107/composite_mean.pt
         232026 100%   16.07MB/s   00:00:00 (xfer#638, to-check=745/1752)
synthetic_004107/metadata.json
           1798 100%   25.24MB/s   00:00:00 (xfer#639, to-check=746/1752)
synthetic_004107/posterior_mean.pt
         232026 100%    7.71MB/s   00:00:00 (xfer#640, to-check=747/1752)
synthetic_004107/posterior_samples.pt
        6651904  27%   12.63MB/s   00:00:01       13074432  53%   11.80MB/s   00:00:00       19496960  79%   12.18MB/s   00:00:00       24657317 100%   12.22MB/s   00:00:01 (xfer#641, to-check=748/1752)
synthetic_004107/posterior_std.pt
         232019 100%   70.27MB/s   00:00:00 (xfer#642, to-check=749/1752)
synthetic_004107/posterior_variance.pt
         232054 100%   13.02MB/s   00:00:00 (xfer#643, to-check=750/1752)
synthetic_004108/
synthetic_004108/composite_mean.pt
         232026 100%   13.10MB/s   00:00:00 (xfer#644, to-check=752/1752)
synthetic_004108/metadata.json
           1798 100%   24.89MB/s   00:00:00 (xfer#645, to-check=753/1752)
synthetic_004108/posterior_mean.pt
         232026 100%   10.46MB/s   00:00:00 (xfer#646, to-check=754/1752)
synthetic_004108/posterior_samples.pt
        6520832  26%   12.02MB/s   00:00:01       13336576  54%   12.81MB/s   00:00:00       20414464  83%   13.23MB/s   00:00:00       24657317 100%   12.32MB/s   00:00:01 (xfer#647, to-check=755/1752)
synthetic_004108/posterior_std.pt
         232019 100%   86.36MB/s   00:00:00 (xfer#648, to-check=756/1752)
synthetic_004108/posterior_variance.pt
         232054 100%  207.98MB/s   00:00:00 (xfer#649, to-check=757/1752)
synthetic_004109/
synthetic_004109/composite_mean.pt
         232026 100%   93.09MB/s   00:00:00 (xfer#650, to-check=759/1752)
synthetic_004109/metadata.json
           1799 100%   28.22MB/s   00:00:00 (xfer#651, to-check=760/1752)
synthetic_004109/posterior_mean.pt
         232026 100%   18.95MB/s   00:00:00 (xfer#652, to-check=761/1752)
synthetic_004109/posterior_samples.pt
        6619136  27%   12.53MB/s   00:00:01       13303808  54%   12.57MB/s   00:00:00       19955712  81%   12.68MB/s   00:00:00       24657317 100%   12.33MB/s   00:00:01 (xfer#653, to-check=762/1752)
synthetic_004109/posterior_std.pt
         232019 100%  112.71MB/s   00:00:00 (xfer#654, to-check=763/1752)
synthetic_004109/posterior_variance.pt
         232054 100%  125.23MB/s   00:00:00 (xfer#655, to-check=764/1752)
synthetic_004110/
synthetic_004110/composite_mean.pt
         232026 100%   13.23MB/s   00:00:00 (xfer#656, to-check=766/1752)
synthetic_004110/metadata.json
           1798 100%   20.91MB/s   00:00:00 (xfer#657, to-check=767/1752)
synthetic_004110/posterior_mean.pt
         232026 100%   10.06MB/s   00:00:00 (xfer#658, to-check=768/1752)
synthetic_004110/posterior_samples.pt
        6619136  27%   12.61MB/s   00:00:01       13303808  54%   12.57MB/s   00:00:00       19857408  81%   12.35MB/s   00:00:00       24657317 100%   12.31MB/s   00:00:01 (xfer#659, to-check=769/1752)
synthetic_004110/posterior_std.pt
         232019 100%  118.45MB/s   00:00:00 (xfer#660, to-check=770/1752)
synthetic_004110/posterior_variance.pt
         232054 100%   24.96MB/s   00:00:00 (xfer#661, to-check=771/1752)
synthetic_004111/
synthetic_004111/composite_mean.pt
         232026 100%   11.77MB/s   00:00:00 (xfer#662, to-check=773/1752)
synthetic_004111/metadata.json
           1798 100%   26.74MB/s   00:00:00 (xfer#663, to-check=774/1752)
synthetic_004111/posterior_mean.pt
         232026 100%   23.06MB/s   00:00:00 (xfer#664, to-check=775/1752)
synthetic_004111/posterior_samples.pt
        6717440  27%   12.69MB/s   00:00:01       12681216  51%   11.36MB/s   00:00:01       17661952  72%    9.36MB/s   00:00:00       21233664  86%    6.67MB/s   00:00:00       22446080  91%    2.24MB/s   00:00:00       23625728  96%    2.14MB/s   00:00:00       24657317 100%    6.54MB/s   00:00:03 (xfer#665, to-check=776/1752)
synthetic_004111/posterior_std.pt
         232019 100%   22.04MB/s   00:00:00 (xfer#666, to-check=777/1752)
synthetic_004111/posterior_variance.pt
         232054 100%    1.17MB/s   00:00:00 (xfer#667, to-check=778/1752)
synthetic_004112/
synthetic_004112/composite_mean.pt
         232026 100%    2.58MB/s   00:00:00 (xfer#668, to-check=780/1752)
synthetic_004112/metadata.json
           1798 100%    4.98MB/s   00:00:00 (xfer#669, to-check=781/1752)
synthetic_004112/posterior_mean.pt
         232026 100%    2.24MB/s   00:00:00 (xfer#670, to-check=782/1752)
synthetic_004112/posterior_samples.pt
        1409024   6%    2.63MB/s   00:00:08        2981888  12%    2.90MB/s   00:00:07        4816896  20%    3.34MB/s   00:00:05        6782976  28%    3.61MB/s   00:00:04        9142272  37%    4.50MB/s   00:00:03       11501568  47%    4.47MB/s   00:00:02       14123008  57%    4.89MB/s   00:00:02       16613376  67%    4.59MB/s   00:00:01       19365888  79%    4.84MB/s   00:00:01       22642688  92%    5.85MB/s   00:00:00       24657317 100%    4.22MB/s   00:00:05 (xfer#671, to-check=783/1752)
synthetic_004112/posterior_std.pt
         232019 100%  106.18MB/s   00:00:00 (xfer#672, to-check=784/1752)
synthetic_004112/posterior_variance.pt
         232054 100%    6.13MB/s   00:00:00 (xfer#673, to-check=785/1752)
synthetic_004113/
synthetic_004113/composite_mean.pt
         232026 100%    5.39MB/s   00:00:00 (xfer#674, to-check=787/1752)
synthetic_004113/metadata.json
           1798 100%   22.34MB/s   00:00:00 (xfer#675, to-check=788/1752)
synthetic_004113/posterior_mean.pt
         232026 100%   14.84MB/s   00:00:00 (xfer#676, to-check=789/1752)
synthetic_004113/posterior_samples.pt
        2916352  12%    5.29MB/s   00:00:03        6324224  26%    6.34MB/s   00:00:02        9207808  37%    5.29MB/s   00:00:02       11468800  47%    4.18MB/s   00:00:03       13697024  56%    4.13MB/s   00:00:02       16449536  67%    5.13MB/s   00:00:01       19595264  79%    5.82MB/s   00:00:00       22872064  93%    6.13MB/s   00:00:00       24657317 100%    5.33MB/s   00:00:04 (xfer#677, to-check=790/1752)
synthetic_004113/posterior_std.pt
         232019 100%  132.49MB/s   00:00:00 (xfer#678, to-check=791/1752)
synthetic_004113/posterior_variance.pt
         232054 100%    6.55MB/s   00:00:00 (xfer#679, to-check=792/1752)
synthetic_004114/
synthetic_004114/composite_mean.pt
         232026 100%    5.21MB/s   00:00:00 (xfer#680, to-check=794/1752)
synthetic_004114/metadata.json
           1798 100%   18.83MB/s   00:00:00 (xfer#681, to-check=795/1752)
synthetic_004114/posterior_mean.pt
         232026 100%    4.81MB/s   00:00:00 (xfer#682, to-check=796/1752)
synthetic_004114/posterior_samples.pt
        2981888  12%    5.39MB/s   00:00:03        6914048  28%    7.26MB/s   00:00:02       10977280  45%    7.22MB/s   00:00:01       13434880  54%    4.53MB/s   00:00:02       15794176  64%    4.39MB/s   00:00:01       18546688  75%    5.03MB/s   00:00:01       21692416  88%    5.43MB/s   00:00:00       24444928  99%    5.02MB/s   00:00:00       24657317 100%    5.51MB/s   00:00:04 (xfer#683, to-check=797/1752)
synthetic_004114/posterior_std.pt
         232019 100%   82.47MB/s   00:00:00 (xfer#684, to-check=798/1752)
synthetic_004114/posterior_variance.pt
         232054 100%    4.18MB/s   00:00:00 (xfer#685, to-check=799/1752)
synthetic_004115/
synthetic_004115/composite_mean.pt
         232026 100%    5.65MB/s   00:00:00 (xfer#686, to-check=801/1752)
synthetic_004115/metadata.json
           1799 100%   18.26MB/s   00:00:00 (xfer#687, to-check=802/1752)
synthetic_004115/posterior_mean.pt
         232026 100%    4.78MB/s   00:00:00 (xfer#688, to-check=803/1752)
synthetic_004115/posterior_samples.pt
        2523136  10%    4.53MB/s   00:00:04        5406720  22%    5.38MB/s   00:00:03        8290304  34%    5.29MB/s   00:00:02       11436032  46%    5.83MB/s   00:00:02       14712832  60%    6.04MB/s   00:00:01       18776064  76%    7.13MB/s   00:00:00       21921792  89%    5.92MB/s   00:00:00       24657317 100%    5.68MB/s   00:00:04 (xfer#689, to-check=804/1752)
synthetic_004115/posterior_std.pt
         232019 100%   10.08MB/s   00:00:00 (xfer#690, to-check=805/1752)
synthetic_004115/posterior_variance.pt
         232054 100%   20.81MB/s   00:00:00 (xfer#691, to-check=806/1752)
synthetic_004116/
synthetic_004116/composite_mean.pt
         232026 100%    6.10MB/s   00:00:00 (xfer#692, to-check=808/1752)
synthetic_004116/metadata.json
           1799 100%   22.01MB/s   00:00:00 (xfer#693, to-check=809/1752)
synthetic_004116/posterior_mean.pt
         232026 100%    5.81MB/s   00:00:00 (xfer#694, to-check=810/1752)
synthetic_004116/posterior_samples.pt
        3899392  16%    7.41MB/s   00:00:02        7700480  31%    7.12MB/s   00:00:02       10420224  42%    5.17MB/s   00:00:02       13893632  56%    6.17MB/s   00:00:01       15859712  64%    3.66MB/s   00:00:02       17956864  73%    3.91MB/s   00:00:01       20054016  81%    3.74MB/s   00:00:01       22020096  89%    3.43MB/s   00:00:00       24117248  98%    3.96MB/s   00:00:00       24657317 100%    4.90MB/s   00:00:04 (xfer#695, to-check=811/1752)
synthetic_004116/posterior_std.pt
         232019 100%    6.27MB/s   00:00:00 (xfer#696, to-check=812/1752)
synthetic_004116/posterior_variance.pt
         232054 100%   29.55MB/s   00:00:00 (xfer#697, to-check=813/1752)
synthetic_004117/
synthetic_004117/composite_mean.pt
         232026 100%    2.84MB/s   00:00:00 (xfer#698, to-check=815/1752)
synthetic_004117/metadata.json
           1799 100%    5.91MB/s   00:00:00 (xfer#699, to-check=816/1752)
synthetic_004117/posterior_mean.pt
         232026 100%    5.04MB/s   00:00:00 (xfer#700, to-check=817/1752)
synthetic_004117/posterior_samples.pt
        1998848   8%    3.66MB/s   00:00:05        4456448  18%    4.67MB/s   00:00:04        6815744  28%    4.39MB/s   00:00:03        9437184  38%    4.77MB/s   00:00:03       12451840  50%    5.45MB/s   00:00:02       15466496  63%    5.73MB/s   00:00:01       19005440  77%    6.71MB/s   00:00:00       22675456  92%    6.66MB/s   00:00:00       24657317 100%    5.26MB/s   00:00:04 (xfer#701, to-check=818/1752)
synthetic_004117/posterior_std.pt
         232019 100%    6.84MB/s   00:00:00 (xfer#702, to-check=819/1752)
synthetic_004117/posterior_variance.pt
         232054 100%  192.94MB/s   00:00:00 (xfer#703, to-check=820/1752)
synthetic_004118/
synthetic_004118/composite_mean.pt
         232026 100%    4.95MB/s   00:00:00 (xfer#704, to-check=822/1752)
synthetic_004118/metadata.json
           1799 100%   22.28MB/s   00:00:00 (xfer#705, to-check=823/1752)
synthetic_004118/posterior_mean.pt
         232026 100%    5.47MB/s   00:00:00 (xfer#706, to-check=824/1752)
synthetic_004118/posterior_samples.pt
        2916352  12%    5.17MB/s   00:00:04        5177344  21%    4.31MB/s   00:00:04        7405568  30%    4.05MB/s   00:00:04        9371648  38%    3.46MB/s   00:00:04       11337728  46%    3.46MB/s   00:00:03       13697024  56%    4.34MB/s   00:00:02       16056320  65%    4.34MB/s   00:00:01       18677760  76%    4.62MB/s   00:00:01       21299200  86%    4.85MB/s   00:00:00       24182784  98%    5.38MB/s   00:00:00       24657317 100%    4.37MB/s   00:00:05 (xfer#707, to-check=825/1752)
synthetic_004118/posterior_std.pt
         232019 100%   67.15MB/s   00:00:00 (xfer#708, to-check=826/1752)
synthetic_004118/posterior_variance.pt
         232054 100%    3.54MB/s   00:00:00 (xfer#709, to-check=827/1752)
synthetic_004119/
synthetic_004119/composite_mean.pt
         232026 100%    5.72MB/s   00:00:00 (xfer#710, to-check=829/1752)
synthetic_004119/metadata.json
           1799 100%   20.68MB/s   00:00:00 (xfer#711, to-check=830/1752)
synthetic_004119/posterior_mean.pt
         232026 100%    2.36MB/s   00:00:00 (xfer#712, to-check=831/1752)
synthetic_004119/posterior_samples.pt
        3276800  13%    6.25MB/s   00:00:03        6029312  24%    4.89MB/s   00:00:03        8781824  36%    5.00MB/s   00:00:03       12713984  52%    7.20MB/s   00:00:01       16252928  66%    6.53MB/s   00:00:01       20316160  82%    7.36MB/s   00:00:00       24657317 100%    6.42MB/s   00:00:03 (xfer#713, to-check=832/1752)
synthetic_004119/posterior_std.pt
         232019 100%  139.60MB/s   00:00:00 (xfer#714, to-check=833/1752)
synthetic_004119/posterior_variance.pt
         232054 100%  118.73MB/s   00:00:00 (xfer#715, to-check=834/1752)
synthetic_004120/
synthetic_004120/composite_mean.pt
         232026 100%   13.87MB/s   00:00:00 (xfer#716, to-check=836/1752)
synthetic_004120/metadata.json
           1798 100%   29.60MB/s   00:00:00 (xfer#717, to-check=837/1752)
synthetic_004120/posterior_mean.pt
         232026 100%    5.36MB/s   00:00:00 (xfer#718, to-check=838/1752)
synthetic_004120/posterior_samples.pt
        4292608  17%    7.84MB/s   00:00:02        8323072  34%    7.17MB/s   00:00:02       12779520  52%    7.88MB/s   00:00:01       17104896  69%    8.18MB/s   00:00:00       21430272  87%    8.24MB/s   00:00:00       24657317 100%    7.77MB/s   00:00:03 (xfer#719, to-check=839/1752)
synthetic_004120/posterior_std.pt
         232019 100%   90.57MB/s   00:00:00 (xfer#720, to-check=840/1752)
synthetic_004120/posterior_variance.pt
         232054 100%    5.77MB/s   00:00:00 (xfer#721, to-check=841/1752)
synthetic_004121/
synthetic_004121/composite_mean.pt
         232026 100%  119.74MB/s   00:00:00 (xfer#722, to-check=843/1752)
synthetic_004121/metadata.json
           1799 100%   24.90MB/s   00:00:00 (xfer#723, to-check=844/1752)
synthetic_004121/posterior_mean.pt
         232026 100%    3.26MB/s   00:00:00 (xfer#724, to-check=845/1752)
synthetic_004121/posterior_samples.pt
        5079040  21%    9.15MB/s   00:00:02       10190848  41%    9.46MB/s   00:00:01       16187392  66%   11.40MB/s   00:00:00       22478848  91%   11.32MB/s   00:00:00       24657317 100%   10.41MB/s   00:00:02 (xfer#725, to-check=846/1752)
synthetic_004121/posterior_std.pt
         232019 100%   90.54MB/s   00:00:00 (xfer#726, to-check=847/1752)
synthetic_004121/posterior_variance.pt
         232054 100%  181.40MB/s   00:00:00 (xfer#727, to-check=848/1752)
synthetic_004122/
synthetic_004122/composite_mean.pt
         232026 100%   40.25MB/s   00:00:00 (xfer#728, to-check=850/1752)
synthetic_004122/metadata.json
           1799 100%   33.01MB/s   00:00:00 (xfer#729, to-check=851/1752)
synthetic_004122/posterior_mean.pt
         232026 100%   12.75MB/s   00:00:00 (xfer#730, to-check=852/1752)
synthetic_004122/posterior_samples.pt
        6946816  28%   13.14MB/s   00:00:01       13631488  55%   12.48MB/s   00:00:00       19660800  80%   11.16MB/s   00:00:00       24657317 100%   12.38MB/s   00:00:01 (xfer#731, to-check=853/1752)
synthetic_004122/posterior_std.pt
         232019 100%  115.02MB/s   00:00:00 (xfer#732, to-check=854/1752)
synthetic_004122/posterior_variance.pt
         232054 100%    5.24MB/s   00:00:00 (xfer#733, to-check=855/1752)
synthetic_004123/
synthetic_004123/composite_mean.pt
         232026 100%  135.17MB/s   00:00:00 (xfer#734, to-check=857/1752)
synthetic_004123/metadata.json
           1799 100%   27.26MB/s   00:00:00 (xfer#735, to-check=858/1752)
synthetic_004123/posterior_mean.pt
         232026 100%    4.98MB/s   00:00:00 (xfer#736, to-check=859/1752)
synthetic_004123/posterior_samples.pt
        7274496  30%   13.86MB/s   00:00:01       13959168  57%   12.59MB/s   00:00:00       20643840  84%   12.47MB/s   00:00:00       24657317 100%   12.43MB/s   00:00:01 (xfer#737, to-check=860/1752)
synthetic_004123/posterior_std.pt
         232019 100%   81.50MB/s   00:00:00 (xfer#738, to-check=861/1752)
synthetic_004123/posterior_variance.pt
         232054 100%  241.85MB/s   00:00:00 (xfer#739, to-check=862/1752)
synthetic_004124/
synthetic_004124/composite_mean.pt
         232026 100%    9.88MB/s   00:00:00 (xfer#740, to-check=864/1752)
synthetic_004124/metadata.json
           1796 100%   23.48MB/s   00:00:00 (xfer#741, to-check=865/1752)
synthetic_004124/posterior_mean.pt
         232026 100%   30.12MB/s   00:00:00 (xfer#742, to-check=866/1752)
synthetic_004124/posterior_samples.pt
        6979584  28%   13.23MB/s   00:00:01       13664256  55%   12.62MB/s   00:00:00       20348928  83%   12.58MB/s   00:00:00       24657317 100%   12.46MB/s   00:00:01 (xfer#743, to-check=867/1752)
synthetic_004124/posterior_std.pt
         232019 100%   90.54MB/s   00:00:00 (xfer#744, to-check=868/1752)
synthetic_004124/posterior_variance.pt
         232054 100%  215.46MB/s   00:00:00 (xfer#745, to-check=869/1752)
synthetic_004125/
synthetic_004125/composite_mean.pt
         232026 100%   34.20MB/s   00:00:00 (xfer#746, to-check=871/1752)
synthetic_004125/metadata.json
           1797 100%   28.64MB/s   00:00:00 (xfer#747, to-check=872/1752)
synthetic_004125/posterior_mean.pt
         232026 100%   12.62MB/s   00:00:00 (xfer#748, to-check=873/1752)
synthetic_004125/posterior_samples.pt
        6455296  26%   12.30MB/s   00:00:01       13139968  53%   10.37MB/s   00:00:01       20905984  85%   14.56MB/s   00:00:00       24657317 100%   12.07MB/s   00:00:01 (xfer#749, to-check=874/1752)
synthetic_004125/posterior_std.pt
         232019 100%   69.93MB/s   00:00:00 (xfer#750, to-check=875/1752)
synthetic_004125/posterior_variance.pt
         232054 100%  203.78MB/s   00:00:00 (xfer#751, to-check=876/1752)
synthetic_004126/
synthetic_004126/composite_mean.pt
         232026 100%   50.40MB/s   00:00:00 (xfer#752, to-check=878/1752)
synthetic_004126/metadata.json
           1798 100%   30.09MB/s   00:00:00 (xfer#753, to-check=879/1752)
synthetic_004126/posterior_mean.pt
         232026 100%    9.40MB/s   00:00:00 (xfer#754, to-check=880/1752)
synthetic_004126/posterior_samples.pt
        6094848  25%   11.34MB/s   00:00:01       11960320  49%   11.08MB/s   00:00:01       18776064  76%   12.86MB/s   00:00:00       24657317 100%   11.80MB/s   00:00:01 (xfer#755, to-check=881/1752)
synthetic_004126/posterior_std.pt
         232019 100%   78.43MB/s   00:00:00 (xfer#756, to-check=882/1752)
synthetic_004126/posterior_variance.pt
         232054 100%   49.04MB/s   00:00:00 (xfer#757, to-check=883/1752)
synthetic_004127/
synthetic_004127/composite_mean.pt
         232026 100%    7.34MB/s   00:00:00 (xfer#758, to-check=885/1752)
synthetic_004127/metadata.json
           1799 100%   20.44MB/s   00:00:00 (xfer#759, to-check=886/1752)
synthetic_004127/posterior_mean.pt
         232026 100%    3.24MB/s   00:00:00 (xfer#760, to-check=887/1752)
synthetic_004127/posterior_samples.pt
        4915200  20%    9.24MB/s   00:00:02        9895936  40%    9.47MB/s   00:00:01       14876672  60%    9.24MB/s   00:00:01       19988480  81%    9.53MB/s   00:00:00       24657317 100%    9.19MB/s   00:00:02 (xfer#761, to-check=888/1752)
synthetic_004127/posterior_std.pt
         232019 100%   83.91MB/s   00:00:00 (xfer#762, to-check=889/1752)
synthetic_004127/posterior_variance.pt
         232054 100%   73.59MB/s   00:00:00 (xfer#763, to-check=890/1752)
synthetic_004128/
synthetic_004128/composite_mean.pt
         232026 100%    7.12MB/s   00:00:00 (xfer#764, to-check=892/1752)
synthetic_004128/metadata.json
           1799 100%   23.14MB/s   00:00:00 (xfer#765, to-check=893/1752)
synthetic_004128/posterior_mean.pt
         232026 100%   14.32MB/s   00:00:00 (xfer#766, to-check=894/1752)
synthetic_004128/posterior_samples.pt
        3932160  16%    7.43MB/s   00:00:02        9961472  40%   11.48MB/s   00:00:01       15990784  65%   11.14MB/s   00:00:00       22806528  92%   12.37MB/s   00:00:00       24657317 100%   10.37MB/s   00:00:02 (xfer#767, to-check=895/1752)
synthetic_004128/posterior_std.pt
         232019 100%  114.06MB/s   00:00:00 (xfer#768, to-check=896/1752)
synthetic_004128/posterior_variance.pt
         232054 100%   17.89MB/s   00:00:00 (xfer#769, to-check=897/1752)
synthetic_004129/
synthetic_004129/composite_mean.pt
         232026 100%   26.20MB/s   00:00:00 (xfer#770, to-check=899/1752)
synthetic_004129/metadata.json
           1799 100%   29.61MB/s   00:00:00 (xfer#771, to-check=900/1752)
synthetic_004129/posterior_mean.pt
         232026 100%   17.21MB/s   00:00:00 (xfer#772, to-check=901/1752)
synthetic_004129/posterior_samples.pt
        5931008  24%   11.21MB/s   00:00:01       12222464  50%   11.89MB/s   00:00:00       18776064  76%   12.27MB/s   00:00:00       24657317 100%   10.83MB/s   00:00:00       24657317 100%   11.33MB/s   00:00:02 (xfer#773, to-check=902/1752)
synthetic_004129/posterior_std.pt
         232019 100%   85.27MB/s   00:00:00 (xfer#774, to-check=903/1752)
synthetic_004129/posterior_variance.pt
         232054 100%  217.18MB/s   00:00:00 (xfer#775, to-check=904/1752)
synthetic_004130/
synthetic_004130/composite_mean.pt
         232026 100%   15.22MB/s   00:00:00 (xfer#776, to-check=906/1752)
synthetic_004130/metadata.json
           1797 100%   28.64MB/s   00:00:00 (xfer#777, to-check=907/1752)
synthetic_004130/posterior_mean.pt
         232026 100%   44.96MB/s   00:00:00 (xfer#778, to-check=908/1752)
synthetic_004130/posterior_samples.pt
        5603328  23%   10.69MB/s   00:00:01       12484608  51%   12.70MB/s   00:00:00       18284544  74%   11.06MB/s   00:00:00       24018944  97%   10.88MB/s   00:00:00       24657317 100%   11.04MB/s   00:00:02 (xfer#779, to-check=909/1752)
synthetic_004130/posterior_std.pt
         232019 100%  130.94MB/s   00:00:00 (xfer#780, to-check=910/1752)
synthetic_004130/posterior_variance.pt
         232054 100%  271.89MB/s   00:00:00 (xfer#781, to-check=911/1752)
synthetic_004131/
synthetic_004131/composite_mean.pt
         232026 100%    7.71MB/s   00:00:00 (xfer#782, to-check=913/1752)
synthetic_004131/metadata.json
           1798 100%   27.24MB/s   00:00:00 (xfer#783, to-check=914/1752)
synthetic_004131/posterior_mean.pt
         232026 100%   12.77MB/s   00:00:00 (xfer#784, to-check=915/1752)
synthetic_004131/posterior_samples.pt
        6324224  26%   11.51MB/s   00:00:01       12877824  52%   12.42MB/s   00:00:00       19824640  80%   13.04MB/s   00:00:00       24657317 100%   12.21MB/s   00:00:01 (xfer#785, to-check=916/1752)
synthetic_004131/posterior_std.pt
         232019 100%  115.00MB/s   00:00:00 (xfer#786, to-check=917/1752)
synthetic_004131/posterior_variance.pt
         232054 100%  227.23MB/s   00:00:00 (xfer#787, to-check=918/1752)
synthetic_004132/
synthetic_004132/composite_mean.pt
         232026 100%   31.60MB/s   00:00:00 (xfer#788, to-check=920/1752)
synthetic_004132/metadata.json
           1799 100%   28.11MB/s   00:00:00 (xfer#789, to-check=921/1752)
synthetic_004132/posterior_mean.pt
         232026 100%    8.76MB/s   00:00:00 (xfer#790, to-check=922/1752)
synthetic_004132/posterior_samples.pt
        6684672  27%   12.71MB/s   00:00:01       13369344  54%   12.57MB/s   00:00:00       20054016  81%   12.59MB/s   00:00:00       24657317 100%   12.31MB/s   00:00:01 (xfer#791, to-check=923/1752)
synthetic_004132/posterior_std.pt
         232019 100%  108.36MB/s   00:00:00 (xfer#792, to-check=924/1752)
synthetic_004132/posterior_variance.pt
         232054 100%  216.77MB/s   00:00:00 (xfer#793, to-check=925/1752)
synthetic_004133/
synthetic_004133/composite_mean.pt
         232026 100%   87.15MB/s   00:00:00 (xfer#794, to-check=927/1752)
synthetic_004133/metadata.json
           1799 100%   31.29MB/s   00:00:00 (xfer#795, to-check=928/1752)
synthetic_004133/posterior_mean.pt
         232026 100%   10.81MB/s   00:00:00 (xfer#796, to-check=929/1752)
synthetic_004133/posterior_samples.pt
        6651904  27%   12.54MB/s   00:00:01       13336576  54%   12.47MB/s   00:00:00       19136512  78%    9.02MB/s   00:00:00       24657317 100%   10.94MB/s   00:00:02 (xfer#797, to-check=930/1752)
synthetic_004133/posterior_std.pt
         232019 100%  108.67MB/s   00:00:00 (xfer#798, to-check=931/1752)
synthetic_004133/posterior_variance.pt
         232054 100%  176.50MB/s   00:00:00 (xfer#799, to-check=932/1752)
synthetic_004134/
synthetic_004134/composite_mean.pt
         232026 100%  104.13MB/s   00:00:00 (xfer#800, to-check=934/1752)
synthetic_004134/metadata.json
           1799 100%   28.11MB/s   00:00:00 (xfer#801, to-check=935/1752)
synthetic_004134/posterior_mean.pt
         232026 100%   19.71MB/s   00:00:00 (xfer#802, to-check=936/1752)
synthetic_004134/posterior_samples.pt
        5668864  23%   10.38MB/s   00:00:01       11042816  45%   10.24MB/s   00:00:01       15761408  64%    8.75MB/s   00:00:00       19431424  79%    6.46MB/s   00:00:00       24281088  98%    8.62MB/s   00:00:00       24657317 100%    8.83MB/s   00:00:02 (xfer#803, to-check=937/1752)
synthetic_004134/posterior_std.pt
         232019 100%   22.96MB/s   00:00:00 (xfer#804, to-check=938/1752)
synthetic_004134/posterior_variance.pt
         232054 100%   78.09MB/s   00:00:00 (xfer#805, to-check=939/1752)
synthetic_004135/
synthetic_004135/composite_mean.pt
         232026 100%    5.94MB/s   00:00:00 (xfer#806, to-check=941/1752)
synthetic_004135/metadata.json
           1798 100%   23.81MB/s   00:00:00 (xfer#807, to-check=942/1752)
synthetic_004135/posterior_mean.pt
         232026 100%   11.07MB/s   00:00:00 (xfer#808, to-check=943/1752)
synthetic_004135/posterior_samples.pt
        4325376  18%    8.23MB/s   00:00:02        9568256  39%    9.43MB/s   00:00:01       14417920  58%    9.23MB/s   00:00:01       21495808  87%   13.32MB/s   00:00:00       24657317 100%   10.22MB/s   00:00:02 (xfer#809, to-check=944/1752)
synthetic_004135/posterior_std.pt
         232019 100%   91.28MB/s   00:00:00 (xfer#810, to-check=945/1752)
synthetic_004135/posterior_variance.pt
         232054 100%  220.64MB/s   00:00:00 (xfer#811, to-check=946/1752)
synthetic_004136/
synthetic_004136/composite_mean.pt
         232026 100%   32.63MB/s   00:00:00 (xfer#812, to-check=948/1752)
synthetic_004136/metadata.json
           1800 100%   29.15MB/s   00:00:00 (xfer#813, to-check=949/1752)
synthetic_004136/posterior_mean.pt
         232026 100%   10.15MB/s   00:00:00 (xfer#814, to-check=950/1752)
synthetic_004136/posterior_samples.pt
        6553600  27%   12.17MB/s   00:00:01       12713984  52%   11.59MB/s   00:00:00       18350080  74%   10.63MB/s   00:00:00       23855104  97%   10.28MB/s   00:00:00       24657317 100%   10.97MB/s   00:00:02 (xfer#815, to-check=951/1752)
synthetic_004136/posterior_std.pt
         232019 100%  117.76MB/s   00:00:00 (xfer#816, to-check=952/1752)
synthetic_004136/posterior_variance.pt
         232054 100%  169.97MB/s   00:00:00 (xfer#817, to-check=953/1752)
synthetic_004137/
synthetic_004137/composite_mean.pt
         232026 100%  160.10MB/s   00:00:00 (xfer#818, to-check=955/1752)
synthetic_004137/metadata.json
           1800 100%   22.02MB/s   00:00:00 (xfer#819, to-check=956/1752)
synthetic_004137/posterior_mean.pt
         232026 100%   15.87MB/s   00:00:00 (xfer#820, to-check=957/1752)
synthetic_004137/posterior_samples.pt
        5996544  24%   11.44MB/s   00:00:01        9961472  40%    7.48MB/s   00:00:01       16121856  65%   11.38MB/s   00:00:00       22282240  90%   11.72MB/s   00:00:00       24657317 100%   10.56MB/s   00:00:02 (xfer#821, to-check=958/1752)
synthetic_004137/posterior_std.pt
         232019 100%  106.43MB/s   00:00:00 (xfer#822, to-check=959/1752)
synthetic_004137/posterior_variance.pt
         232054 100%  182.15MB/s   00:00:00 (xfer#823, to-check=960/1752)
synthetic_004138/
synthetic_004138/composite_mean.pt
         232026 100%   43.01MB/s   00:00:00 (xfer#824, to-check=962/1752)
synthetic_004138/metadata.json
           1800 100%   26.37MB/s   00:00:00 (xfer#825, to-check=963/1752)
synthetic_004138/posterior_mean.pt
         232026 100%    5.56MB/s   00:00:00 (xfer#826, to-check=964/1752)
synthetic_004138/posterior_samples.pt
        6258688  25%   11.94MB/s   00:00:01       12124160  49%   11.16MB/s   00:00:01       19070976  77%   13.22MB/s   00:00:00       24657317 100%   11.95MB/s   00:00:01 (xfer#827, to-check=965/1752)
synthetic_004138/posterior_std.pt
         232019 100%  109.70MB/s   00:00:00 (xfer#828, to-check=966/1752)
synthetic_004138/posterior_variance.pt
         232054 100%  190.95MB/s   00:00:00 (xfer#829, to-check=967/1752)
synthetic_004139/
synthetic_004139/composite_mean.pt
         232026 100%   17.90MB/s   00:00:00 (xfer#830, to-check=969/1752)
synthetic_004139/metadata.json
           1797 100%   27.65MB/s   00:00:00 (xfer#831, to-check=970/1752)
synthetic_004139/posterior_mean.pt
         232026 100%   10.53MB/s   00:00:00 (xfer#832, to-check=971/1752)
synthetic_004139/posterior_samples.pt
        6324224  26%   11.79MB/s   00:00:01       12746752  52%   12.05MB/s   00:00:00       18612224  75%   10.92MB/s   00:00:00       24657317 100%   11.54MB/s   00:00:02 (xfer#833, to-check=972/1752)
synthetic_004139/posterior_std.pt
         232019 100%  115.36MB/s   00:00:00 (xfer#834, to-check=973/1752)
synthetic_004139/posterior_variance.pt
         232054 100%   40.66MB/s   00:00:00 (xfer#835, to-check=974/1752)
synthetic_004140/
synthetic_004140/composite_mean.pt
         232026 100%   23.34MB/s   00:00:00 (xfer#836, to-check=976/1752)
synthetic_004140/metadata.json
           1799 100%   25.61MB/s   00:00:00 (xfer#837, to-check=977/1752)
synthetic_004140/posterior_mean.pt
         232026 100%   20.74MB/s   00:00:00 (xfer#838, to-check=978/1752)
synthetic_004140/posterior_samples.pt
        5603328  23%   10.66MB/s   00:00:01       12025856  49%   12.09MB/s   00:00:00       19103744  77%   13.03MB/s   00:00:00       24657317 100%   11.95MB/s   00:00:01 (xfer#839, to-check=979/1752)
synthetic_004140/posterior_std.pt
         232019 100%  129.86MB/s   00:00:00 (xfer#840, to-check=980/1752)
synthetic_004140/posterior_variance.pt
         232054 100%  101.23MB/s   00:00:00 (xfer#841, to-check=981/1752)
synthetic_004141/
synthetic_004141/composite_mean.pt
         232026 100%   22.54MB/s   00:00:00 (xfer#842, to-check=983/1752)
synthetic_004141/metadata.json
           1800 100%   25.62MB/s   00:00:00 (xfer#843, to-check=984/1752)
synthetic_004141/posterior_mean.pt
         232026 100%   11.52MB/s   00:00:00 (xfer#844, to-check=985/1752)
synthetic_004141/posterior_samples.pt
        5636096  23%   10.72MB/s   00:00:01       12582912  51%   12.98MB/s   00:00:00       19398656  79%   12.92MB/s   00:00:00       24657317 100%   12.05MB/s   00:00:01 (xfer#845, to-check=986/1752)
synthetic_004141/posterior_std.pt
         232019 100%  119.01MB/s   00:00:00 (xfer#846, to-check=987/1752)
synthetic_004141/posterior_variance.pt
         232054 100%   54.68MB/s   00:00:00 (xfer#847, to-check=988/1752)
synthetic_004142/
synthetic_004142/composite_mean.pt
         232026 100%   27.25MB/s   00:00:00 (xfer#848, to-check=990/1752)
synthetic_004142/metadata.json
           1798 100%   30.09MB/s   00:00:00 (xfer#849, to-check=991/1752)
synthetic_004142/posterior_mean.pt
         232026 100%   14.04MB/s   00:00:00 (xfer#850, to-check=992/1752)
synthetic_004142/posterior_samples.pt
        6422528  26%   11.39MB/s   00:00:01       12451840  50%   11.24MB/s   00:00:01       18874368  77%   11.75MB/s   00:00:00       24657317 100%   11.29MB/s   00:00:02 (xfer#851, to-check=993/1752)
synthetic_004142/posterior_std.pt
         232019 100%   24.31MB/s   00:00:00 (xfer#852, to-check=994/1752)
synthetic_004142/posterior_variance.pt
         232054 100%   37.55MB/s   00:00:00 (xfer#853, to-check=995/1752)
synthetic_004143/
synthetic_004143/composite_mean.pt
         232026 100%   34.50MB/s   00:00:00 (xfer#854, to-check=997/1752)
synthetic_004143/metadata.json
           1799 100%   29.61MB/s   00:00:00 (xfer#855, to-check=998/1752)
synthetic_004143/posterior_mean.pt
         232026 100%    3.64MB/s   00:00:00 (xfer#856, to-check=999/1752)
synthetic_004143/posterior_samples.pt
        5406720  22%    9.76MB/s   00:00:01       12091392  49%   12.42MB/s   00:00:00       18513920  75%   12.03MB/s   00:00:00       23560192  96%    9.26MB/s   00:00:00       24657317 100%   10.73MB/s   00:00:02 (xfer#857, to-check=1000/1752)
synthetic_004143/posterior_std.pt
         232019 100%  106.28MB/s   00:00:00 (xfer#858, to-check=1001/1752)
synthetic_004143/posterior_variance.pt
         232054 100%    4.16MB/s   00:00:00 (xfer#859, to-check=1002/1752)
synthetic_004144/
synthetic_004144/composite_mean.pt
         232026 100%   33.33MB/s   00:00:00 (xfer#860, to-check=1004/1752)
synthetic_004144/metadata.json
           1799 100%   25.61MB/s   00:00:00 (xfer#861, to-check=1005/1752)
synthetic_004144/posterior_mean.pt
         232026 100%   32.11MB/s   00:00:00 (xfer#862, to-check=1006/1752)
synthetic_004144/posterior_samples.pt
        4718592  19%    8.97MB/s   00:00:02        9961472  40%    9.98MB/s   00:00:01       15859712  64%   11.22MB/s   00:00:00       21757952  88%   11.14MB/s   00:00:00       24657317 100%   10.12MB/s   00:00:02 (xfer#863, to-check=1007/1752)
synthetic_004144/posterior_std.pt
         232019 100%  119.15MB/s   00:00:00 (xfer#864, to-check=1008/1752)
synthetic_004144/posterior_variance.pt
         232054 100%  191.58MB/s   00:00:00 (xfer#865, to-check=1009/1752)
synthetic_004145/
synthetic_004145/composite_mean.pt
         232026 100%    7.97MB/s   00:00:00 (xfer#866, to-check=1011/1752)
synthetic_004145/metadata.json
           1800 100%   24.83MB/s   00:00:00 (xfer#867, to-check=1012/1752)
synthetic_004145/posterior_mean.pt
         232026 100%   27.34MB/s   00:00:00 (xfer#868, to-check=1013/1752)
synthetic_004145/posterior_samples.pt
        5242880  21%    9.96MB/s   00:00:01       11141120  45%   10.70MB/s   00:00:01       16777216  68%   10.52MB/s   00:00:00       22282240  90%   10.45MB/s   00:00:00       24657317 100%   10.19MB/s   00:00:02 (xfer#869, to-check=1014/1752)
synthetic_004145/posterior_std.pt
         232019 100%  110.52MB/s   00:00:00 (xfer#870, to-check=1015/1752)
synthetic_004145/posterior_variance.pt
         232054 100%    7.68MB/s   00:00:00 (xfer#871, to-check=1016/1752)
synthetic_004146/
synthetic_004146/composite_mean.pt
         232026 100%  136.59MB/s   00:00:00 (xfer#872, to-check=1018/1752)
synthetic_004146/metadata.json
           1799 100%   23.83MB/s   00:00:00 (xfer#873, to-check=1019/1752)
synthetic_004146/posterior_mean.pt
         232026 100%    6.99MB/s   00:00:00 (xfer#874, to-check=1020/1752)
synthetic_004146/posterior_samples.pt
        5865472  24%   10.93MB/s   00:00:01       11108352  45%    9.70MB/s   00:00:01       17793024  72%   12.45MB/s   00:00:00       24657317 100%   11.49MB/s   00:00:02 (xfer#875, to-check=1021/1752)
synthetic_004146/posterior_std.pt
         232019 100%   71.14MB/s   00:00:00 (xfer#876, to-check=1022/1752)
synthetic_004146/posterior_variance.pt
         232054 100%   12.60MB/s   00:00:00 (xfer#877, to-check=1023/1752)
synthetic_004147/
synthetic_004147/composite_mean.pt
         232026 100%   10.31MB/s   00:00:00 (xfer#878, to-check=1025/1752)
synthetic_004147/metadata.json
           1800 100%   19.30MB/s   00:00:00 (xfer#879, to-check=1026/1752)
synthetic_004147/posterior_mean.pt
         232026 100%   74.33MB/s   00:00:00 (xfer#880, to-check=1027/1752)
synthetic_004147/posterior_samples.pt
        6258688  25%   11.87MB/s   00:00:01       12681216  51%   12.20MB/s   00:00:00       19628032  80%   13.22MB/s   00:00:00       24657317 100%   12.35MB/s   00:00:01 (xfer#881, to-check=1028/1752)
synthetic_004147/posterior_std.pt
         232019 100%  198.48MB/s   00:00:00 (xfer#882, to-check=1029/1752)
synthetic_004147/posterior_variance.pt
         232054 100%    9.27MB/s   00:00:00 (xfer#883, to-check=1030/1752)
synthetic_004148/
synthetic_004148/composite_mean.pt
         232026 100%   16.61MB/s   00:00:00 (xfer#884, to-check=1032/1752)
synthetic_004148/metadata.json
           1800 100%   20.69MB/s   00:00:00 (xfer#885, to-check=1033/1752)
synthetic_004148/posterior_mean.pt
         232026 100%   19.40MB/s   00:00:00 (xfer#886, to-check=1034/1752)
synthetic_004148/posterior_samples.pt
        6553600  27%   12.43MB/s   00:00:01       12189696  49%   10.59MB/s   00:00:01       18350080  74%   11.74MB/s   00:00:00       22675456  92%    8.24MB/s   00:00:00       24657317 100%   10.52MB/s   00:00:02 (xfer#887, to-check=1035/1752)
synthetic_004148/posterior_std.pt
         232019 100%   84.39MB/s   00:00:00 (xfer#888, to-check=1036/1752)
synthetic_004148/posterior_variance.pt
         232054 100%    7.26MB/s   00:00:00 (xfer#889, to-check=1037/1752)
synthetic_004149/
synthetic_004149/composite_mean.pt
         232026 100%    4.93MB/s   00:00:00 (xfer#890, to-check=1039/1752)
synthetic_004149/metadata.json
           1799 100%   15.75MB/s   00:00:00 (xfer#891, to-check=1040/1752)
synthetic_004149/posterior_mean.pt
         232026 100%  127.10MB/s   00:00:00 (xfer#892, to-check=1041/1752)
synthetic_004149/posterior_samples.pt
        2490368  10%    4.71MB/s   00:00:04        5505024  22%    5.70MB/s   00:00:03        8257536  33%    5.06MB/s   00:00:03       11272192  46%    5.73MB/s   00:00:02       14680064  60%    6.48MB/s   00:00:01       18087936  73%    6.50MB/s   00:00:00       21364736  87%    6.23MB/s   00:00:00       24657317 100%    5.84MB/s   00:00:04 (xfer#893, to-check=1042/1752)
synthetic_004149/posterior_std.pt
         232019 100%  109.22MB/s   00:00:00 (xfer#894, to-check=1043/1752)
synthetic_004149/posterior_variance.pt
         232054 100%    7.36MB/s   00:00:00 (xfer#895, to-check=1044/1752)
synthetic_004150/
synthetic_004150/composite_mean.pt
         232026 100%   21.19MB/s   00:00:00 (xfer#896, to-check=1046/1752)
synthetic_004150/metadata.json
           1800 100%   24.16MB/s   00:00:00 (xfer#897, to-check=1047/1752)
synthetic_004150/posterior_mean.pt
         232026 100%    3.66MB/s   00:00:00 (xfer#898, to-check=1048/1752)
synthetic_004150/posterior_samples.pt
        3440640  14%    6.36MB/s   00:00:03        6422528  26%    5.45MB/s   00:00:03       10092544  41%    6.43MB/s   00:00:02       12779520  52%    4.93MB/s   00:00:02       15138816  61%    4.21MB/s   00:00:02       18153472  74%    5.65MB/s   00:00:01       21168128  86%    5.63MB/s   00:00:00       24657317 100%    6.64MB/s   00:00:00       24657317 100%    5.61MB/s   00:00:04 (xfer#899, to-check=1049/1752)
synthetic_004150/posterior_std.pt
         232019 100%   80.43MB/s   00:00:00 (xfer#900, to-check=1050/1752)
synthetic_004150/posterior_variance.pt
         232054 100%   56.71MB/s   00:00:00 (xfer#901, to-check=1051/1752)
synthetic_004151/
synthetic_004151/composite_mean.pt
         232026 100%    5.63MB/s   00:00:00 (xfer#902, to-check=1053/1752)
synthetic_004151/metadata.json
           1795 100%   24.09MB/s   00:00:00 (xfer#903, to-check=1054/1752)
synthetic_004151/posterior_mean.pt
         232026 100%    6.05MB/s   00:00:00 (xfer#904, to-check=1055/1752)
synthetic_004151/posterior_samples.pt
        4259840  17%    7.98MB/s   00:00:02        8192000  33%    7.11MB/s   00:00:02       11993088  49%    7.05MB/s   00:00:01       15269888  62%    6.24MB/s   00:00:01       18677760  76%    6.12MB/s   00:00:00       22216704  90%    6.59MB/s   00:00:00       24657317 100%    6.73MB/s   00:00:03 (xfer#905, to-check=1056/1752)
synthetic_004151/posterior_std.pt
         232019 100%  120.72MB/s   00:00:00 (xfer#906, to-check=1057/1752)
synthetic_004151/posterior_variance.pt
         232054 100%   18.61MB/s   00:00:00 (xfer#907, to-check=1058/1752)
synthetic_004152/
synthetic_004152/composite_mean.pt
         232026 100%    2.40MB/s   00:00:00 (xfer#908, to-check=1060/1752)
synthetic_004152/metadata.json
           1799 100%   16.32MB/s   00:00:00 (xfer#909, to-check=1061/1752)
synthetic_004152/posterior_mean.pt
         232026 100%   18.29MB/s   00:00:00 (xfer#910, to-check=1062/1752)
synthetic_004152/posterior_samples.pt
        3342336  14%    6.27MB/s   00:00:03        7274496  30%    7.37MB/s   00:00:02       11337728  46%    7.18MB/s   00:00:01       15663104  64%    7.78MB/s   00:00:01       19857408  81%    7.91MB/s   00:00:00       24444928  99%    8.44MB/s   00:00:00       24657317 100%    7.41MB/s   00:00:03 (xfer#911, to-check=1063/1752)
synthetic_004152/posterior_std.pt
         232019 100%   86.33MB/s   00:00:00 (xfer#912, to-check=1064/1752)
synthetic_004152/posterior_variance.pt
         232054 100%  227.89MB/s   00:00:00 (xfer#913, to-check=1065/1752)
synthetic_004153/
synthetic_004153/composite_mean.pt
         232026 100%   15.78MB/s   00:00:00 (xfer#914, to-check=1067/1752)
synthetic_004153/metadata.json
           1798 100%   28.54MB/s   00:00:00 (xfer#915, to-check=1068/1752)
synthetic_004153/posterior_mean.pt
         232026 100%   10.37MB/s   00:00:00 (xfer#916, to-check=1069/1752)
synthetic_004153/posterior_samples.pt
        4784128  19%    9.02MB/s   00:00:02        9764864  40%    9.44MB/s   00:00:01       14876672  60%    9.44MB/s   00:00:00       20512768  83%   10.53MB/s   00:00:00       24657317 100%    9.41MB/s   00:00:02 (xfer#917, to-check=1070/1752)
synthetic_004153/posterior_std.pt
         232019 100%   80.19MB/s   00:00:00 (xfer#918, to-check=1071/1752)
synthetic_004153/posterior_variance.pt
         232054 100%   27.40MB/s   00:00:00 (xfer#919, to-check=1072/1752)
synthetic_004154/
synthetic_004154/composite_mean.pt
         232026 100%    6.44MB/s   00:00:00 (xfer#920, to-check=1074/1752)
synthetic_004154/metadata.json
           1798 100%   18.44MB/s   00:00:00 (xfer#921, to-check=1075/1752)
synthetic_004154/posterior_mean.pt
         232026 100%    6.05MB/s   00:00:00 (xfer#922, to-check=1076/1752)
synthetic_004154/posterior_samples.pt
        4456448  18%    8.50MB/s   00:00:02        9306112  38%    8.69MB/s   00:00:01       14417920  58%    8.96MB/s   00:00:01       17891328  73%    6.58MB/s   00:00:00       21823488  89%    7.32MB/s   00:00:00       24657317 100%    7.90MB/s   00:00:02 (xfer#923, to-check=1077/1752)
synthetic_004154/posterior_std.pt
         232019 100%   53.80MB/s   00:00:00 (xfer#924, to-check=1078/1752)
synthetic_004154/posterior_variance.pt
         232054 100%    5.58MB/s   00:00:00 (xfer#925, to-check=1079/1752)
synthetic_004155/
synthetic_004155/composite_mean.pt
         232026 100%    5.38MB/s   00:00:00 (xfer#926, to-check=1081/1752)
synthetic_004155/metadata.json
           1798 100%   19.23MB/s   00:00:00 (xfer#927, to-check=1082/1752)
synthetic_004155/posterior_mean.pt
         232026 100%   29.46MB/s   00:00:00 (xfer#928, to-check=1083/1752)
synthetic_004155/posterior_samples.pt
        4096000  17%    7.81MB/s   00:00:02        8060928  33%    7.54MB/s   00:00:02       12517376  51%    8.40MB/s   00:00:01       16646144  68%    7.87MB/s   00:00:00       21233664  86%    8.75MB/s   00:00:00       24657317 100%    8.02MB/s   00:00:02 (xfer#929, to-check=1084/1752)
synthetic_004155/posterior_std.pt
         232019 100%  121.19MB/s   00:00:00 (xfer#930, to-check=1085/1752)
synthetic_004155/posterior_variance.pt
         232054 100%    3.83MB/s   00:00:00 (xfer#931, to-check=1086/1752)
synthetic_004156/
synthetic_004156/composite_mean.pt
         232026 100%   81.11MB/s   00:00:00 (xfer#932, to-check=1088/1752)
synthetic_004156/metadata.json
           1797 100%   21.72MB/s   00:00:00 (xfer#933, to-check=1089/1752)
synthetic_004156/posterior_mean.pt
         232026 100%    2.96MB/s   00:00:00 (xfer#934, to-check=1090/1752)
synthetic_004156/posterior_samples.pt
        2129920   9%    4.02MB/s   00:00:05        4620288  19%    4.61MB/s   00:00:04        7241728  29%    4.85MB/s   00:00:03        9863168  40%    4.63MB/s   00:00:03       12222464  50%    4.30MB/s   00:00:02       15106048  61%    5.42MB/s   00:00:01       17727488  72%    4.95MB/s   00:00:01       21004288  85%    5.91MB/s   00:00:00       24018944  97%    5.49MB/s   00:00:00       24657317 100%    4.92MB/s   00:00:04 (xfer#935, to-check=1091/1752)
synthetic_004156/posterior_std.pt
         232019 100%  118.38MB/s   00:00:00 (xfer#936, to-check=1092/1752)
synthetic_004156/posterior_variance.pt
         232054 100%   36.21MB/s   00:00:00 (xfer#937, to-check=1093/1752)
synthetic_004157/
synthetic_004157/composite_mean.pt
         232026 100%    5.68MB/s   00:00:00 (xfer#938, to-check=1095/1752)
synthetic_004157/metadata.json
           1799 100%   25.61MB/s   00:00:00 (xfer#939, to-check=1096/1752)
synthetic_004157/posterior_mean.pt
         232026 100%    4.38MB/s   00:00:00 (xfer#940, to-check=1097/1752)
synthetic_004157/posterior_samples.pt
        3276800  13%    6.09MB/s   00:00:03        6422528  26%    5.73MB/s   00:00:03       10485760  43%    7.56MB/s   00:00:01       14286848  58%    6.89MB/s   00:00:01       17989632  73%    7.06MB/s   00:00:00       21889024  89%    7.23MB/s   00:00:00       24657317 100%    6.77MB/s   00:00:03 (xfer#941, to-check=1098/1752)
synthetic_004157/posterior_std.pt
         232019 100%   82.90MB/s   00:00:00 (xfer#942, to-check=1099/1752)
synthetic_004157/posterior_variance.pt
         232054 100%    7.53MB/s   00:00:00 (xfer#943, to-check=1100/1752)
synthetic_004158/
synthetic_004158/composite_mean.pt
         232026 100%   48.43MB/s   00:00:00 (xfer#944, to-check=1102/1752)
synthetic_004158/metadata.json
           1797 100%   30.08MB/s   00:00:00 (xfer#945, to-check=1103/1752)
synthetic_004158/posterior_mean.pt
         232026 100%    5.84MB/s   00:00:00 (xfer#946, to-check=1104/1752)
synthetic_004158/posterior_samples.pt
        3833856  16%    7.30MB/s   00:00:02        6258688  25%    4.53MB/s   00:00:03        9928704  40%    6.97MB/s   00:00:02       14254080  58%    8.18MB/s   00:00:01       18579456  75%    8.19MB/s   00:00:00       23035904  93%    8.49MB/s   00:00:00       24657317 100%    7.28MB/s   00:00:03 (xfer#947, to-check=1105/1752)
synthetic_004158/posterior_std.pt
         232019 100%  119.41MB/s   00:00:00 (xfer#948, to-check=1106/1752)
synthetic_004158/posterior_variance.pt
         232054 100%   25.12MB/s   00:00:00 (xfer#949, to-check=1107/1752)
synthetic_004159/
synthetic_004159/composite_mean.pt
         232026 100%    6.97MB/s   00:00:00 (xfer#950, to-check=1109/1752)
synthetic_004159/metadata.json
           1797 100%   21.65MB/s   00:00:00 (xfer#951, to-check=1110/1752)
synthetic_004159/posterior_mean.pt
         232026 100%   17.84MB/s   00:00:00 (xfer#952, to-check=1111/1752)
synthetic_004159/posterior_samples.pt
        4620288  19%    8.54MB/s   00:00:02        9207808  37%    8.64MB/s   00:00:01       14024704  57%    9.18MB/s   00:00:01       18644992  76%    8.47MB/s   00:00:00       23363584  95%    8.63MB/s   00:00:00       24657317 100%    8.59MB/s   00:00:02 (xfer#953, to-check=1112/1752)
synthetic_004159/posterior_std.pt
         232019 100%  110.18MB/s   00:00:00 (xfer#954, to-check=1113/1752)
synthetic_004159/posterior_variance.pt
         232054 100%   48.24MB/s   00:00:00 (xfer#955, to-check=1114/1752)
synthetic_004160/
synthetic_004160/composite_mean.pt
         232026 100%    7.25MB/s   00:00:00 (xfer#956, to-check=1116/1752)
synthetic_004160/metadata.json
           1799 100%   17.30MB/s   00:00:00 (xfer#957, to-check=1117/1752)
synthetic_004160/posterior_mean.pt
         232026 100%    6.13MB/s   00:00:00 (xfer#958, to-check=1118/1752)
synthetic_004160/posterior_samples.pt
        3932160  16%    7.36MB/s   00:00:02        7471104  30%    6.45MB/s   00:00:02       11272192  46%    6.91MB/s   00:00:01       14680064  60%    6.42MB/s   00:00:01       18350080  74%    6.82MB/s   00:00:00       22282240  90%    7.49MB/s   00:00:00       24657317 100%    6.86MB/s   00:00:03 (xfer#959, to-check=1119/1752)
synthetic_004160/posterior_std.pt
         232019 100%  112.84MB/s   00:00:00 (xfer#960, to-check=1120/1752)
synthetic_004160/posterior_variance.pt
         232054 100%  179.33MB/s   00:00:00 (xfer#961, to-check=1121/1752)
synthetic_004161/
synthetic_004161/composite_mean.pt
         232026 100%    6.83MB/s   00:00:00 (xfer#962, to-check=1123/1752)
synthetic_004161/metadata.json
           1797 100%   18.62MB/s   00:00:00 (xfer#963, to-check=1124/1752)
synthetic_004161/posterior_mean.pt
         232026 100%    7.23MB/s   00:00:00 (xfer#964, to-check=1125/1752)
synthetic_004161/posterior_samples.pt
        4325376  18%    7.98MB/s   00:00:02        8912896  36%    8.53MB/s   00:00:01       13762560  56%    8.78MB/s   00:00:01       18481152  75%    8.96MB/s   00:00:00       22937600  93%    8.23MB/s   00:00:00       24657317 100%    8.22MB/s   00:00:02 (xfer#965, to-check=1126/1752)
synthetic_004161/posterior_std.pt
         232019 100%  107.99MB/s   00:00:00 (xfer#966, to-check=1127/1752)
synthetic_004161/posterior_variance.pt
         232054 100%   14.76MB/s   00:00:00 (xfer#967, to-check=1128/1752)
synthetic_004162/
synthetic_004162/composite_mean.pt
         232026 100%   30.04MB/s   00:00:00 (xfer#968, to-check=1130/1752)
synthetic_004162/metadata.json
           1797 100%   27.65MB/s   00:00:00 (xfer#969, to-check=1131/1752)
synthetic_004162/posterior_mean.pt
         232026 100%    5.99MB/s   00:00:00 (xfer#970, to-check=1132/1752)
synthetic_004162/posterior_samples.pt
        4587520  19%    8.70MB/s   00:00:02        8388608  34%    7.10MB/s   00:00:02       12648448  51%    8.12MB/s   00:00:01       16515072  67%    7.34MB/s   00:00:01       20840448  85%    8.18MB/s   00:00:00       24657317 100%    7.91MB/s   00:00:02 (xfer#971, to-check=1133/1752)
synthetic_004162/posterior_std.pt
         232019 100%    6.57MB/s   00:00:00 (xfer#972, to-check=1134/1752)
synthetic_004162/posterior_variance.pt
         232054 100%   54.86MB/s   00:00:00 (xfer#973, to-check=1135/1752)
synthetic_004163/
synthetic_004163/composite_mean.pt
         232026 100%    5.35MB/s   00:00:00 (xfer#974, to-check=1137/1752)
synthetic_004163/metadata.json
           1798 100%   18.83MB/s   00:00:00 (xfer#975, to-check=1138/1752)
synthetic_004163/posterior_mean.pt
         232026 100%   18.88MB/s   00:00:00 (xfer#976, to-check=1139/1752)
synthetic_004163/posterior_samples.pt
        4751360  19%    9.04MB/s   00:00:02        9863168  40%    9.69MB/s   00:00:01       14712832  60%    9.16MB/s   00:00:01       19300352  78%    8.17MB/s   00:00:00       24543232 100%    9.90MB/s   00:00:00       24657317 100%    9.06MB/s   00:00:02 (xfer#977, to-check=1140/1752)
synthetic_004163/posterior_std.pt
         232019 100%   77.64MB/s   00:00:00 (xfer#978, to-check=1141/1752)
synthetic_004163/posterior_variance.pt
         232054 100%   97.58MB/s   00:00:00 (xfer#979, to-check=1142/1752)
synthetic_004164/
synthetic_004164/composite_mean.pt
         232026 100%    8.75MB/s   00:00:00 (xfer#980, to-check=1144/1752)
synthetic_004164/metadata.json
           1799 100%   27.68MB/s   00:00:00 (xfer#981, to-check=1145/1752)
synthetic_004164/posterior_mean.pt
         232026 100%   12.46MB/s   00:00:00 (xfer#982, to-check=1146/1752)
synthetic_004164/posterior_samples.pt
        5373952  22%    9.82MB/s   00:00:01       10616832  43%    9.84MB/s   00:00:01       16089088  65%   10.43MB/s   00:00:00       20840448  85%    8.99MB/s   00:00:00       24657317 100%    9.81MB/s   00:00:02 (xfer#983, to-check=1147/1752)
synthetic_004164/posterior_std.pt
         232019 100%  116.34MB/s   00:00:00 (xfer#984, to-check=1148/1752)
synthetic_004164/posterior_variance.pt
         232054 100%   58.61MB/s   00:00:00 (xfer#985, to-check=1149/1752)
synthetic_004165/
synthetic_004165/composite_mean.pt
         232026 100%   27.94MB/s   00:00:00 (xfer#986, to-check=1151/1752)
synthetic_004165/metadata.json
           1798 100%   21.73MB/s   00:00:00 (xfer#987, to-check=1152/1752)
synthetic_004165/posterior_mean.pt
         232026 100%    6.43MB/s   00:00:00 (xfer#988, to-check=1153/1752)
synthetic_004165/posterior_samples.pt
        4915200  20%    9.36MB/s   00:00:02       10944512  44%   11.48MB/s   00:00:01       15499264  63%    7.75MB/s   00:00:01       20742144  84%    9.98MB/s   00:00:00       24657317 100%    9.29MB/s   00:00:02 (xfer#989, to-check=1154/1752)
synthetic_004165/posterior_std.pt
         232019 100%  124.81MB/s   00:00:00 (xfer#990, to-check=1155/1752)
synthetic_004165/posterior_variance.pt
         232054 100%  211.39MB/s   00:00:00 (xfer#991, to-check=1156/1752)
synthetic_004166/
synthetic_004166/composite_mean.pt
         232026 100%    8.12MB/s   00:00:00 (xfer#992, to-check=1158/1752)
synthetic_004166/metadata.json
           1797 100%   24.20MB/s   00:00:00 (xfer#993, to-check=1159/1752)
synthetic_004166/posterior_mean.pt
         232026 100%    8.43MB/s   00:00:00 (xfer#994, to-check=1160/1752)
synthetic_004166/posterior_samples.pt
        4489216  18%    8.47MB/s   00:00:02       10518528  43%   11.28MB/s   00:00:01       13991936  57%    6.02MB/s   00:00:01       18841600  76%    8.96MB/s   00:00:00       23560192  96%    8.98MB/s   00:00:00       24657317 100%    8.68MB/s   00:00:02 (xfer#995, to-check=1161/1752)
synthetic_004166/posterior_std.pt
         232019 100%   22.76MB/s   00:00:00 (xfer#996, to-check=1162/1752)
synthetic_004166/posterior_variance.pt
         232054 100%   24.99MB/s   00:00:00 (xfer#997, to-check=1163/1752)
synthetic_004167/
synthetic_004167/composite_mean.pt
         232026 100%    6.65MB/s   00:00:00 (xfer#998, to-check=1165/1752)
synthetic_004167/metadata.json
           1797 100%   19.69MB/s   00:00:00 (xfer#999, to-check=1166/1752)
synthetic_004167/posterior_mean.pt
         232026 100%   18.95MB/s   00:00:00 (xfer#1000, to-check=1167/1752)
synthetic_004167/posterior_samples.pt
        4849664  20%    9.18MB/s   00:00:02        9437184  38%    8.73MB/s   00:00:01       14385152  58%    9.17MB/s   00:00:01       19759104  80%   10.09MB/s   00:00:00       24657317 100%    9.18MB/s   00:00:02 (xfer#1001, to-check=1168/1752)
synthetic_004167/posterior_std.pt
         232019 100%  114.65MB/s   00:00:00 (xfer#1002, to-check=1169/1752)
synthetic_004167/posterior_variance.pt
         232054 100%   23.02MB/s   00:00:00 (xfer#1003, to-check=1170/1752)
synthetic_004168/
synthetic_004168/composite_mean.pt
         232026 100%    9.48MB/s   00:00:00 (xfer#1004, to-check=1172/1752)
synthetic_004168/metadata.json
           1797 100%   26.82MB/s   00:00:00 (xfer#1005, to-check=1173/1752)
synthetic_004168/posterior_mean.pt
         232026 100%   18.76MB/s   00:00:00 (xfer#1006, to-check=1174/1752)
synthetic_004168/posterior_samples.pt
        4325376  18%    8.12MB/s   00:00:02       10223616  41%   11.25MB/s   00:00:01       15466496  63%    9.44MB/s   00:00:00       21102592  86%   10.57MB/s   00:00:00       24657317 100%    9.94MB/s   00:00:02 (xfer#1007, to-check=1175/1752)
synthetic_004168/posterior_std.pt
         232019 100%   71.63MB/s   00:00:00 (xfer#1008, to-check=1176/1752)
synthetic_004168/posterior_variance.pt
         232054 100%  209.01MB/s   00:00:00 (xfer#1009, to-check=1177/1752)
synthetic_004169/
synthetic_004169/composite_mean.pt
         232026 100%   15.71MB/s   00:00:00 (xfer#1010, to-check=1179/1752)
synthetic_004169/metadata.json
           1797 100%   31.25MB/s   00:00:00 (xfer#1011, to-check=1180/1752)
synthetic_004169/posterior_mean.pt
         232026 100%   25.48MB/s   00:00:00 (xfer#1012, to-check=1181/1752)
synthetic_004169/posterior_samples.pt
        5996544  24%   11.41MB/s   00:00:01       12288000  50%   11.53MB/s   00:00:01       17399808  71%    9.64MB/s   00:00:00       24477696  99%   13.19MB/s   00:00:00       24657317 100%   11.31MB/s   00:00:02 (xfer#1013, to-check=1182/1752)
synthetic_004169/posterior_std.pt
         232019 100%  165.64MB/s   00:00:00 (xfer#1014, to-check=1183/1752)
synthetic_004169/posterior_variance.pt
         232054 100%  202.09MB/s   00:00:00 (xfer#1015, to-check=1184/1752)
synthetic_004170/
synthetic_004170/composite_mean.pt
         232026 100%   17.41MB/s   00:00:00 (xfer#1016, to-check=1186/1752)
synthetic_004170/metadata.json
           1798 100%   28.65MB/s   00:00:00 (xfer#1017, to-check=1187/1752)
synthetic_004170/posterior_mean.pt
         232026 100%   14.12MB/s   00:00:00 (xfer#1018, to-check=1188/1752)
synthetic_004170/posterior_samples.pt
        6684672  27%   12.22MB/s   00:00:01       13500416  55%   12.66MB/s   00:00:00       19791872  80%   11.93MB/s   00:00:00       24657317 100%   12.08MB/s   00:00:01 (xfer#1019, to-check=1189/1752)
synthetic_004170/posterior_std.pt
         232019 100%  207.58MB/s   00:00:00 (xfer#1020, to-check=1190/1752)
synthetic_004170/posterior_variance.pt
         232054 100%    9.98MB/s   00:00:00 (xfer#1021, to-check=1191/1752)
synthetic_004171/
synthetic_004171/composite_mean.pt
         232026 100%   77.92MB/s   00:00:00 (xfer#1022, to-check=1193/1752)
synthetic_004171/metadata.json
           1797 100%   27.23MB/s   00:00:00 (xfer#1023, to-check=1194/1752)
synthetic_004171/posterior_mean.pt
         232026 100%    9.36MB/s   00:00:00 (xfer#1024, to-check=1195/1752)
synthetic_004171/posterior_samples.pt
        6750208  27%   12.79MB/s   00:00:01       13303808  54%   12.39MB/s   00:00:00       20250624  82%   13.03MB/s   00:00:00       24657317 100%   12.45MB/s   00:00:01 (xfer#1025, to-check=1196/1752)
synthetic_004171/posterior_std.pt
         232019 100%  131.87MB/s   00:00:00 (xfer#1026, to-check=1197/1752)
synthetic_004171/posterior_variance.pt
         232054 100%  173.05MB/s   00:00:00 (xfer#1027, to-check=1198/1752)
synthetic_004172/
synthetic_004172/composite_mean.pt
         232026 100%    9.25MB/s   00:00:00 (xfer#1028, to-check=1200/1752)
synthetic_004172/metadata.json
           1798 100%   24.46MB/s   00:00:00 (xfer#1029, to-check=1201/1752)
synthetic_004172/posterior_mean.pt
         232026 100%   38.64MB/s   00:00:00 (xfer#1030, to-check=1202/1752)
synthetic_004172/posterior_samples.pt
        5373952  22%    9.99MB/s   00:00:01       12451840  50%   13.29MB/s   00:00:00       19136512  78%   12.49MB/s   00:00:00       24018944  97%    8.76MB/s   00:00:00       24657317 100%   10.97MB/s   00:00:02 (xfer#1031, to-check=1203/1752)
synthetic_004172/posterior_std.pt
         232019 100%    9.74MB/s   00:00:00 (xfer#1032, to-check=1204/1752)
synthetic_004172/posterior_variance.pt
         232054 100%   36.73MB/s   00:00:00 (xfer#1033, to-check=1205/1752)
synthetic_004173/
synthetic_004173/composite_mean.pt
         232026 100%   18.33MB/s   00:00:00 (xfer#1034, to-check=1207/1752)
synthetic_004173/metadata.json
           1798 100%   21.22MB/s   00:00:00 (xfer#1035, to-check=1208/1752)
synthetic_004173/posterior_mean.pt
         232026 100%    6.20MB/s   00:00:00 (xfer#1036, to-check=1209/1752)
synthetic_004173/posterior_samples.pt
        6619136  27%   11.98MB/s   00:00:01       12255232  50%   10.71MB/s   00:00:01       18153472  74%   11.14MB/s   00:00:00       24444928  99%   11.65MB/s   00:00:00       24657317 100%   11.06MB/s   00:00:02 (xfer#1037, to-check=1210/1752)
synthetic_004173/posterior_std.pt
         232019 100%  117.31MB/s   00:00:00 (xfer#1038, to-check=1211/1752)
synthetic_004173/posterior_variance.pt
         232054 100%  275.60MB/s   00:00:00 (xfer#1039, to-check=1212/1752)
synthetic_004174/
synthetic_004174/composite_mean.pt
         232026 100%   34.21MB/s   00:00:00 (xfer#1040, to-check=1214/1752)
synthetic_004174/metadata.json
           1798 100%   31.27MB/s   00:00:00 (xfer#1041, to-check=1215/1752)
synthetic_004174/posterior_mean.pt
         232026 100%    9.84MB/s   00:00:00 (xfer#1042, to-check=1216/1752)
synthetic_004174/posterior_samples.pt
        5963776  24%   11.34MB/s   00:00:01       11337728  46%    9.59MB/s   00:00:01       17268736  70%   10.48MB/s   00:00:00       21725184  88%    8.37MB/s   00:00:00       24657317 100%    9.52MB/s   00:00:02 (xfer#1043, to-check=1217/1752)
synthetic_004174/posterior_std.pt
         232019 100%  117.70MB/s   00:00:00 (xfer#1044, to-check=1218/1752)
synthetic_004174/posterior_variance.pt
         232054 100%   16.89MB/s   00:00:00 (xfer#1045, to-check=1219/1752)
synthetic_004175/
synthetic_004175/composite_mean.pt
         232026 100%    4.89MB/s   00:00:00 (xfer#1046, to-check=1221/1752)
synthetic_004175/metadata.json
           1797 100%   14.76MB/s   00:00:00 (xfer#1047, to-check=1222/1752)
synthetic_004175/posterior_mean.pt
         232026 100%   40.35MB/s   00:00:00 (xfer#1048, to-check=1223/1752)
synthetic_004175/posterior_samples.pt
        4751360  19%    8.97MB/s   00:00:02       10387456  42%   10.35MB/s   00:00:01       14680064  60%    7.96MB/s   00:00:01       18481152  75%    7.24MB/s   00:00:00       22806528  92%    7.88MB/s   00:00:00       24657317 100%    8.29MB/s   00:00:02 (xfer#1049, to-check=1224/1752)
synthetic_004175/posterior_std.pt
         232019 100%  113.64MB/s   00:00:00 (xfer#1050, to-check=1225/1752)
synthetic_004175/posterior_variance.pt
         232054 100%   12.47MB/s   00:00:00 (xfer#1051, to-check=1226/1752)
synthetic_004176/
synthetic_004176/composite_mean.pt
         232026 100%    6.41MB/s   00:00:00 (xfer#1052, to-check=1228/1752)
synthetic_004176/metadata.json
           1796 100%   18.23MB/s   00:00:00 (xfer#1053, to-check=1229/1752)
synthetic_004176/posterior_mean.pt
         232026 100%   26.85MB/s   00:00:00 (xfer#1054, to-check=1230/1752)
synthetic_004176/posterior_samples.pt
        4194304  17%    7.80MB/s   00:00:02        8650752  35%    8.36MB/s   00:00:01       12845056  52%    7.93MB/s   00:00:01       17432576  71%    8.45MB/s   00:00:00       21626880  88%    7.68MB/s   00:00:00       24657317 100%    7.95MB/s   00:00:02 (xfer#1055, to-check=1231/1752)
synthetic_004176/posterior_std.pt
         232019 100%  113.24MB/s   00:00:00 (xfer#1056, to-check=1232/1752)
synthetic_004176/posterior_variance.pt
         232054 100%   16.65MB/s   00:00:00 (xfer#1057, to-check=1233/1752)
synthetic_004177/
synthetic_004177/composite_mean.pt
         232026 100%   64.36MB/s   00:00:00 (xfer#1058, to-check=1235/1752)
synthetic_004177/metadata.json
           1796 100%   26.71MB/s   00:00:00 (xfer#1059, to-check=1236/1752)
synthetic_004177/posterior_mean.pt
         232026 100%    4.35MB/s   00:00:00 (xfer#1060, to-check=1237/1752)
synthetic_004177/posterior_samples.pt
        3964928  16%    7.49MB/s   00:00:02        8421376  34%    8.48MB/s   00:00:01       12222464  50%    7.07MB/s   00:00:01       16941056  69%    8.97MB/s   00:00:00       21528576  87%    8.38MB/s   00:00:00       24657317 100%    8.18MB/s   00:00:02 (xfer#1061, to-check=1238/1752)
synthetic_004177/posterior_std.pt
         232019 100%   85.17MB/s   00:00:00 (xfer#1062, to-check=1239/1752)
synthetic_004177/posterior_variance.pt
         232054 100%  181.54MB/s   00:00:00 (xfer#1063, to-check=1240/1752)
synthetic_004178/
synthetic_004178/composite_mean.pt
         232026 100%    8.07MB/s   00:00:00 (xfer#1064, to-check=1242/1752)
synthetic_004178/metadata.json
           1797 100%   19.91MB/s   00:00:00 (xfer#1065, to-check=1243/1752)
synthetic_004178/posterior_mean.pt
         232026 100%   20.69MB/s   00:00:00 (xfer#1066, to-check=1244/1752)
synthetic_004178/posterior_samples.pt
        5013504  20%    9.25MB/s   00:00:02       10256384  42%    9.52MB/s   00:00:01       15499264  63%    9.47MB/s   00:00:00       21004288  85%   10.43MB/s   00:00:00       24657317 100%    9.80MB/s   00:00:02 (xfer#1067, to-check=1245/1752)
synthetic_004178/posterior_std.pt
         232019 100%   96.96MB/s   00:00:00 (xfer#1068, to-check=1246/1752)
synthetic_004178/posterior_variance.pt
         232054 100%  208.59MB/s   00:00:00 (xfer#1069, to-check=1247/1752)
synthetic_004179/
synthetic_004179/composite_mean.pt
         232026 100%   11.81MB/s   00:00:00 (xfer#1070, to-check=1249/1752)
synthetic_004179/metadata.json
           1798 100%   25.96MB/s   00:00:00 (xfer#1071, to-check=1250/1752)
synthetic_004179/posterior_mean.pt
         232026 100%   11.16MB/s   00:00:00 (xfer#1072, to-check=1251/1752)
synthetic_004179/posterior_samples.pt
        6062080  25%   11.07MB/s   00:00:01       12091392  49%   11.48MB/s   00:00:01       17596416  71%   10.36MB/s   00:00:00       22839296  93%    9.67MB/s   00:00:00       24657317 100%   10.46MB/s   00:00:02 (xfer#1073, to-check=1252/1752)
synthetic_004179/posterior_std.pt
         232019 100%   82.50MB/s   00:00:00 (xfer#1074, to-check=1253/1752)
synthetic_004179/posterior_variance.pt
         232054 100%  168.67MB/s   00:00:00 (xfer#1075, to-check=1254/1752)
synthetic_004180/
synthetic_004180/composite_mean.pt
         232026 100%  120.71MB/s   00:00:00 (xfer#1076, to-check=1256/1752)
synthetic_004180/metadata.json
           1796 100%   29.56MB/s   00:00:00 (xfer#1077, to-check=1257/1752)
synthetic_004180/posterior_mean.pt
         232026 100%   11.64MB/s   00:00:00 (xfer#1078, to-check=1258/1752)
synthetic_004180/posterior_samples.pt
        4947968  20%    9.43MB/s   00:00:01        9699328  39%    8.68MB/s   00:00:01       14811136  60%    9.53MB/s   00:00:00       20643840  84%   11.12MB/s   00:00:00       24657317 100%    9.53MB/s   00:00:02 (xfer#1079, to-check=1259/1752)
synthetic_004180/posterior_std.pt
         232019 100%   10.20MB/s   00:00:00 (xfer#1080, to-check=1260/1752)
synthetic_004180/posterior_variance.pt
         232054 100%   22.49MB/s   00:00:00 (xfer#1081, to-check=1261/1752)
synthetic_004181/
synthetic_004181/composite_mean.pt
         232026 100%   17.44MB/s   00:00:00 (xfer#1082, to-check=1263/1752)
synthetic_004181/metadata.json
           1797 100%   23.19MB/s   00:00:00 (xfer#1083, to-check=1264/1752)
synthetic_004181/posterior_mean.pt
         232026 100%    7.82MB/s   00:00:00 (xfer#1084, to-check=1265/1752)
synthetic_004181/posterior_samples.pt
        5505024  22%   10.12MB/s   00:00:01       11665408  47%   11.66MB/s   00:00:01       17432576  71%   10.91MB/s   00:00:00       23330816  95%   11.20MB/s   00:00:00       24657317 100%   10.93MB/s   00:00:02 (xfer#1085, to-check=1266/1752)
synthetic_004181/posterior_std.pt
         232019 100%  147.59MB/s   00:00:00 (xfer#1086, to-check=1267/1752)
synthetic_004181/posterior_variance.pt
         232054 100%  179.05MB/s   00:00:00 (xfer#1087, to-check=1268/1752)
synthetic_004182/
synthetic_004182/composite_mean.pt
         232026 100%   21.32MB/s   00:00:00 (xfer#1088, to-check=1270/1752)
synthetic_004182/metadata.json
           1796 100%   31.10MB/s   00:00:00 (xfer#1089, to-check=1271/1752)
synthetic_004182/posterior_mean.pt
         232026 100%   10.32MB/s   00:00:00 (xfer#1090, to-check=1272/1752)
synthetic_004182/posterior_samples.pt
        6651904  27%   11.89MB/s   00:00:01       12156928  49%   10.37MB/s   00:00:01       18841600  76%   12.67MB/s   00:00:00       24657317 100%   11.70MB/s   00:00:02 (xfer#1091, to-check=1273/1752)
synthetic_004182/posterior_std.pt
         232019 100%   85.40MB/s   00:00:00 (xfer#1092, to-check=1274/1752)
synthetic_004182/posterior_variance.pt
         232054 100%  151.69MB/s   00:00:00 (xfer#1093, to-check=1275/1752)
synthetic_004183/
synthetic_004183/composite_mean.pt
         232026 100%  132.66MB/s   00:00:00 (xfer#1094, to-check=1277/1752)
synthetic_004183/metadata.json
           1798 100%   29.00MB/s   00:00:00 (xfer#1095, to-check=1278/1752)
synthetic_004183/posterior_mean.pt
         232026 100%   20.45MB/s   00:00:00 (xfer#1096, to-check=1279/1752)
synthetic_004183/posterior_samples.pt
        3375104  14%    6.44MB/s   00:00:03        8880128  36%   10.45MB/s   00:00:01       16089088  65%   13.74MB/s   00:00:00       20676608  84%    8.45MB/s   00:00:00       24657317 100%   10.01MB/s   00:00:02 (xfer#1097, to-check=1280/1752)
synthetic_004183/posterior_std.pt
         232019 100%   83.15MB/s   00:00:00 (xfer#1098, to-check=1281/1752)
synthetic_004183/posterior_variance.pt
         232054 100%  197.58MB/s   00:00:00 (xfer#1099, to-check=1282/1752)
synthetic_004184/
synthetic_004184/composite_mean.pt
         232026 100%  125.79MB/s   00:00:00 (xfer#1100, to-check=1284/1752)
synthetic_004184/metadata.json
           1798 100%   33.61MB/s   00:00:00 (xfer#1101, to-check=1285/1752)
synthetic_004184/posterior_mean.pt
         232026 100%   38.40MB/s   00:00:00 (xfer#1102, to-check=1286/1752)
synthetic_004184/posterior_samples.pt
        5898240  24%   11.20MB/s   00:00:01       13238272  54%   13.92MB/s   00:00:00       19922944  81%   12.40MB/s   00:00:00       24657317 100%   12.36MB/s   00:00:01 (xfer#1103, to-check=1287/1752)
synthetic_004184/posterior_std.pt
         232019 100%  148.90MB/s   00:00:00 (xfer#1104, to-check=1288/1752)
synthetic_004184/posterior_variance.pt
         232054 100%   22.03MB/s   00:00:00 (xfer#1105, to-check=1289/1752)
synthetic_004185/
synthetic_004185/composite_mean.pt
         232026 100%   55.78MB/s   00:00:00 (xfer#1106, to-check=1291/1752)
synthetic_004185/metadata.json
           1796 100%   27.11MB/s   00:00:00 (xfer#1107, to-check=1292/1752)
synthetic_004185/posterior_mean.pt
         232026 100%   10.71MB/s   00:00:00 (xfer#1108, to-check=1293/1752)
synthetic_004185/posterior_samples.pt
        6651904  27%   12.45MB/s   00:00:01       13336576  54%   12.65MB/s   00:00:00       19890176  81%   12.47MB/s   00:00:00       24657317 100%   12.30MB/s   00:00:01 (xfer#1109, to-check=1294/1752)
synthetic_004185/posterior_std.pt
         232019 100%   86.40MB/s   00:00:00 (xfer#1110, to-check=1295/1752)
synthetic_004185/posterior_variance.pt
         232054 100%  231.01MB/s   00:00:00 (xfer#1111, to-check=1296/1752)
synthetic_004186/
synthetic_004186/composite_mean.pt
         232026 100%    9.75MB/s   00:00:00 (xfer#1112, to-check=1298/1752)
synthetic_004186/metadata.json
           1798 100%   26.84MB/s   00:00:00 (xfer#1113, to-check=1299/1752)
synthetic_004186/posterior_mean.pt
         232026 100%   41.96MB/s   00:00:00 (xfer#1114, to-check=1300/1752)
synthetic_004186/posterior_samples.pt
        6488064  26%   12.30MB/s   00:00:01       13172736  53%   12.62MB/s   00:00:00       19333120  78%   11.74MB/s   00:00:00       24657317 100%   12.09MB/s   00:00:01 (xfer#1115, to-check=1301/1752)
synthetic_004186/posterior_std.pt
         232019 100%  133.06MB/s   00:00:00 (xfer#1116, to-check=1302/1752)
synthetic_004186/posterior_variance.pt
         232054 100%   19.72MB/s   00:00:00 (xfer#1117, to-check=1303/1752)
synthetic_004187/
synthetic_004187/composite_mean.pt
         232026 100%   14.14MB/s   00:00:00 (xfer#1118, to-check=1305/1752)
synthetic_004187/metadata.json
           1798 100%   27.24MB/s   00:00:00 (xfer#1119, to-check=1306/1752)
synthetic_004187/posterior_mean.pt
         232026 100%   10.16MB/s   00:00:00 (xfer#1120, to-check=1307/1752)
synthetic_004187/posterior_samples.pt
        6029312  24%   11.47MB/s   00:00:01       12976128  53%   13.11MB/s   00:00:00       18284544  74%   10.12MB/s   00:00:00       24084480  98%   11.05MB/s   00:00:00       24657317 100%   11.24MB/s   00:00:02 (xfer#1121, to-check=1308/1752)
synthetic_004187/posterior_std.pt
         232019 100%  154.19MB/s   00:00:00 (xfer#1122, to-check=1309/1752)
synthetic_004187/posterior_variance.pt
         232054 100%  187.22MB/s   00:00:00 (xfer#1123, to-check=1310/1752)
synthetic_004188/
synthetic_004188/composite_mean.pt
         232026 100%  194.08MB/s   00:00:00 (xfer#1124, to-check=1312/1752)
synthetic_004188/metadata.json
           1798 100%   30.09MB/s   00:00:00 (xfer#1125, to-check=1313/1752)
synthetic_004188/posterior_mean.pt
         232026 100%   12.18MB/s   00:00:00 (xfer#1126, to-check=1314/1752)
synthetic_004188/posterior_samples.pt
        6651904  27%   11.55MB/s   00:00:01       12156928  49%   10.50MB/s   00:00:01       18579456  75%   11.62MB/s   00:00:00       24608768 100%   11.31MB/s   00:00:00       24657317 100%   11.14MB/s   00:00:02 (xfer#1127, to-check=1315/1752)
synthetic_004188/posterior_std.pt
         232019 100%  109.65MB/s   00:00:00 (xfer#1128, to-check=1316/1752)
synthetic_004188/posterior_variance.pt
         232054 100%   23.56MB/s   00:00:00 (xfer#1129, to-check=1317/1752)
synthetic_004189/
synthetic_004189/composite_mean.pt
         232026 100%   29.38MB/s   00:00:00 (xfer#1130, to-check=1319/1752)
synthetic_004189/metadata.json
           1797 100%   17.32MB/s   00:00:00 (xfer#1131, to-check=1320/1752)
synthetic_004189/posterior_mean.pt
         232026 100%   46.10MB/s   00:00:00 (xfer#1132, to-check=1321/1752)
synthetic_004189/posterior_samples.pt
        6062080  25%   11.55MB/s   00:00:01       13008896  53%   12.96MB/s   00:00:00       19693568  80%   12.62MB/s   00:00:00       24657317 100%   12.15MB/s   00:00:01 (xfer#1133, to-check=1322/1752)
synthetic_004189/posterior_std.pt
         232019 100%   79.77MB/s   00:00:00 (xfer#1134, to-check=1323/1752)
synthetic_004189/posterior_variance.pt
         232054 100%   45.76MB/s   00:00:00 (xfer#1135, to-check=1324/1752)
synthetic_004190/
synthetic_004190/composite_mean.pt
         232026 100%   39.11MB/s   00:00:00 (xfer#1136, to-check=1326/1752)
synthetic_004190/metadata.json
           1798 100%   31.13MB/s   00:00:00 (xfer#1137, to-check=1327/1752)
synthetic_004190/posterior_mean.pt
         232026 100%    5.91MB/s   00:00:00 (xfer#1138, to-check=1328/1752)
synthetic_004190/posterior_samples.pt
        5472256  22%   10.31MB/s   00:00:01       12681216  51%   13.70MB/s   00:00:00       19103744  77%   11.77MB/s   00:00:00       24657317 100%   12.00MB/s   00:00:01 (xfer#1139, to-check=1329/1752)
synthetic_004190/posterior_std.pt
         232019 100%  102.39MB/s   00:00:00 (xfer#1140, to-check=1330/1752)
synthetic_004190/posterior_variance.pt
         232054 100%  204.18MB/s   00:00:00 (xfer#1141, to-check=1331/1752)
synthetic_004191/
synthetic_004191/composite_mean.pt
         232026 100%    9.81MB/s   00:00:00 (xfer#1142, to-check=1333/1752)
synthetic_004191/metadata.json
           1797 100%   26.33MB/s   00:00:00 (xfer#1143, to-check=1334/1752)
synthetic_004191/posterior_mean.pt
         232026 100%   58.96MB/s   00:00:00 (xfer#1144, to-check=1335/1752)
synthetic_004191/posterior_samples.pt
        6488064  26%   12.32MB/s   00:00:01       13172736  53%   12.66MB/s   00:00:00       19857408  81%   12.61MB/s   00:00:00       24657317 100%   11.88MB/s   00:00:01 (xfer#1145, to-check=1336/1752)
synthetic_004191/posterior_std.pt
         232019 100%   75.83MB/s   00:00:00 (xfer#1146, to-check=1337/1752)
synthetic_004191/posterior_variance.pt
         232054 100%  217.38MB/s   00:00:00 (xfer#1147, to-check=1338/1752)
synthetic_004192/
synthetic_004192/composite_mean.pt
         232026 100%   12.13MB/s   00:00:00 (xfer#1148, to-check=1340/1752)
synthetic_004192/metadata.json
           1798 100%   27.24MB/s   00:00:00 (xfer#1149, to-check=1341/1752)
synthetic_004192/posterior_mean.pt
         232026 100%   54.96MB/s   00:00:00 (xfer#1150, to-check=1342/1752)
synthetic_004192/posterior_samples.pt
        5996544  24%   11.42MB/s   00:00:01       12812288  52%   12.95MB/s   00:00:00       19365888  79%   12.50MB/s   00:00:00       24657317 100%   12.11MB/s   00:00:01 (xfer#1151, to-check=1343/1752)
synthetic_004192/posterior_std.pt
         232019 100%  112.73MB/s   00:00:00 (xfer#1152, to-check=1344/1752)
synthetic_004192/posterior_variance.pt
         232054 100%  179.92MB/s   00:00:00 (xfer#1153, to-check=1345/1752)
synthetic_004193/
synthetic_004193/composite_mean.pt
         232026 100%   11.52MB/s   00:00:00 (xfer#1154, to-check=1347/1752)
synthetic_004193/metadata.json
           1797 100%   25.22MB/s   00:00:00 (xfer#1155, to-check=1348/1752)
synthetic_004193/posterior_mean.pt
         232026 100%   15.09MB/s   00:00:00 (xfer#1156, to-check=1349/1752)
synthetic_004193/posterior_samples.pt
        6750208  27%   12.66MB/s   00:00:01       13172736  53%   11.95MB/s   00:00:00       19857408  81%   12.70MB/s   00:00:00       24657317 100%   12.33MB/s   00:00:01 (xfer#1157, to-check=1350/1752)
synthetic_004193/posterior_std.pt
         232019 100%  114.95MB/s   00:00:00 (xfer#1158, to-check=1351/1752)
synthetic_004193/posterior_variance.pt
         232054 100%  176.07MB/s   00:00:00 (xfer#1159, to-check=1352/1752)
synthetic_004194/
synthetic_004194/composite_mean.pt
         232026 100%   11.47MB/s   00:00:00 (xfer#1160, to-check=1354/1752)
synthetic_004194/metadata.json
           1798 100%   26.44MB/s   00:00:00 (xfer#1161, to-check=1355/1752)
synthetic_004194/posterior_mean.pt
         232026 100%   12.16MB/s   00:00:00 (xfer#1162, to-check=1356/1752)
synthetic_004194/posterior_samples.pt
        6586368  27%   12.29MB/s   00:00:01       13139968  53%   12.18MB/s   00:00:00       19955712  81%   12.85MB/s   00:00:00       24657317 100%   12.23MB/s   00:00:01 (xfer#1163, to-check=1357/1752)
synthetic_004194/posterior_std.pt
         232019 100%  125.52MB/s   00:00:00 (xfer#1164, to-check=1358/1752)
synthetic_004194/posterior_variance.pt
         232054 100%  171.67MB/s   00:00:00 (xfer#1165, to-check=1359/1752)
synthetic_004195/
synthetic_004195/composite_mean.pt
         232026 100%   32.98MB/s   00:00:00 (xfer#1166, to-check=1361/1752)
synthetic_004195/metadata.json
           1797 100%   22.25MB/s   00:00:00 (xfer#1167, to-check=1362/1752)
synthetic_004195/posterior_mean.pt
         232026 100%   11.09MB/s   00:00:00 (xfer#1168, to-check=1363/1752)
synthetic_004195/posterior_samples.pt
        6520832  26%   12.31MB/s   00:00:01       13205504  54%   12.69MB/s   00:00:00       19890176  81%   12.61MB/s   00:00:00       24657317 100%   12.30MB/s   00:00:01 (xfer#1169, to-check=1364/1752)
synthetic_004195/posterior_std.pt
         232019 100%   84.82MB/s   00:00:00 (xfer#1170, to-check=1365/1752)
synthetic_004195/posterior_variance.pt
         232054 100%  173.30MB/s   00:00:00 (xfer#1171, to-check=1366/1752)
synthetic_004196/
synthetic_004196/composite_mean.pt
         232026 100%   22.21MB/s   00:00:00 (xfer#1172, to-check=1368/1752)
synthetic_004196/metadata.json
           1798 100%   30.09MB/s   00:00:00 (xfer#1173, to-check=1369/1752)
synthetic_004196/posterior_mean.pt
         232026 100%   11.61MB/s   00:00:00 (xfer#1174, to-check=1370/1752)
synthetic_004196/posterior_samples.pt
        4849664  20%    9.24MB/s   00:00:02       11796480  48%   13.25MB/s   00:00:00       17825792  72%   11.50MB/s   00:00:00       24182784  98%   11.59MB/s   00:00:00       24657317 100%   11.34MB/s   00:00:02 (xfer#1175, to-check=1371/1752)
synthetic_004196/posterior_std.pt
         232019 100%  108.57MB/s   00:00:00 (xfer#1176, to-check=1372/1752)
synthetic_004196/posterior_variance.pt
         232054 100%  202.09MB/s   00:00:00 (xfer#1177, to-check=1373/1752)
synthetic_004197/
synthetic_004197/composite_mean.pt
         232026 100%   11.15MB/s   00:00:00 (xfer#1178, to-check=1375/1752)
synthetic_004197/metadata.json
           1797 100%   19.27MB/s   00:00:00 (xfer#1179, to-check=1376/1752)
synthetic_004197/posterior_mean.pt
         232026 100%   10.74MB/s   00:00:00 (xfer#1180, to-check=1377/1752)
synthetic_004197/posterior_samples.pt
        5144576  21%    9.53MB/s   00:00:01       11829248  48%   12.70MB/s   00:00:00       18907136  77%   13.36MB/s   00:00:00       24657317 100%   11.64MB/s   00:00:02 (xfer#1181, to-check=1378/1752)
synthetic_004197/posterior_std.pt
         232019 100%   72.52MB/s   00:00:00 (xfer#1182, to-check=1379/1752)
synthetic_004197/posterior_variance.pt
         232054 100%  205.68MB/s   00:00:00 (xfer#1183, to-check=1380/1752)
synthetic_004198/
synthetic_004198/composite_mean.pt
         232026 100%  176.04MB/s   00:00:00 (xfer#1184, to-check=1382/1752)
synthetic_004198/metadata.json
           1796 100%   23.17MB/s   00:00:00 (xfer#1185, to-check=1383/1752)
synthetic_004198/posterior_mean.pt
         232026 100%   12.06MB/s   00:00:00 (xfer#1186, to-check=1384/1752)
synthetic_004198/posterior_samples.pt
        6455296  26%   12.26MB/s   00:00:01       11730944  48%    9.80MB/s   00:00:01       17072128  69%    9.80MB/s   00:00:00       21921792  89%    9.16MB/s   00:00:00       24657317 100%    9.86MB/s   00:00:02 (xfer#1187, to-check=1385/1752)
synthetic_004198/posterior_std.pt
         232019 100%  105.46MB/s   00:00:00 (xfer#1188, to-check=1386/1752)
synthetic_004198/posterior_variance.pt
         232054 100%    5.78MB/s   00:00:00 (xfer#1189, to-check=1387/1752)
synthetic_004199/
synthetic_004199/composite_mean.pt
         232026 100%  146.74MB/s   00:00:00 (xfer#1190, to-check=1389/1752)
synthetic_004199/metadata.json
           1798 100%   25.59MB/s   00:00:00 (xfer#1191, to-check=1390/1752)
synthetic_004199/posterior_mean.pt
         232026 100%  154.61MB/s   00:00:00 (xfer#1192, to-check=1391/1752)
synthetic_004199/posterior_samples.pt
        4423680  18%    8.37MB/s   00:00:02        9535488  39%    9.70MB/s   00:00:01       14647296  59%    9.56MB/s   00:00:00       20152320  82%   10.18MB/s   00:00:00       24657317 100%    9.43MB/s   00:00:02 (xfer#1193, to-check=1392/1752)
synthetic_004199/posterior_std.pt
         232019 100%  116.04MB/s   00:00:00 (xfer#1194, to-check=1393/1752)
synthetic_004199/posterior_variance.pt
         232054 100%   49.36MB/s   00:00:00 (xfer#1195, to-check=1394/1752)
synthetic_004200/
synthetic_004200/composite_mean.pt
         232026 100%    7.62MB/s   00:00:00 (xfer#1196, to-check=1396/1752)
synthetic_004200/metadata.json
           1798 100%   23.50MB/s   00:00:00 (xfer#1197, to-check=1397/1752)
synthetic_004200/posterior_mean.pt
         232026 100%   86.43MB/s   00:00:00 (xfer#1198, to-check=1398/1752)
synthetic_004200/posterior_samples.pt
        4947968  20%    9.01MB/s   00:00:02       10452992  42%    9.83MB/s   00:00:01       16351232  66%   11.06MB/s   00:00:00       21987328  89%   10.46MB/s   00:00:00       24657317 100%    9.89MB/s   00:00:02 (xfer#1199, to-check=1399/1752)
synthetic_004200/posterior_std.pt
         232019 100%   75.57MB/s   00:00:00 (xfer#1200, to-check=1400/1752)
synthetic_004200/posterior_variance.pt
         232054 100%   31.27MB/s   00:00:00 (xfer#1201, to-check=1401/1752)
synthetic_004201/
synthetic_004201/composite_mean.pt
         232026 100%    5.96MB/s   00:00:00 (xfer#1202, to-check=1403/1752)
synthetic_004201/metadata.json
           1797 100%   24.79MB/s   00:00:00 (xfer#1203, to-check=1404/1752)
synthetic_004201/posterior_mean.pt
         232026 100%   10.59MB/s   00:00:00 (xfer#1204, to-check=1405/1752)
synthetic_004201/posterior_samples.pt
        5636096  23%   10.73MB/s   00:00:01       11272192  46%   10.69MB/s   00:00:01       16973824  69%   10.87MB/s   00:00:00       21364736  87%    8.06MB/s   00:00:00       24657317 100%    9.77MB/s   00:00:02 (xfer#1205, to-check=1406/1752)
synthetic_004201/posterior_std.pt
         232019 100%   86.44MB/s   00:00:00 (xfer#1206, to-check=1407/1752)
synthetic_004201/posterior_variance.pt
         232054 100%  165.40MB/s   00:00:00 (xfer#1207, to-check=1408/1752)
synthetic_004202/
synthetic_004202/composite_mean.pt
         232026 100%   15.63MB/s   00:00:00 (xfer#1208, to-check=1410/1752)
synthetic_004202/metadata.json
           1798 100%   31.27MB/s   00:00:00 (xfer#1209, to-check=1411/1752)
synthetic_004202/posterior_mean.pt
         232026 100%   13.08MB/s   00:00:00 (xfer#1210, to-check=1412/1752)
synthetic_004202/posterior_samples.pt
        5734400  23%   10.63MB/s   00:00:01       12419072  50%   12.12MB/s   00:00:00       19103744  77%   12.29MB/s   00:00:00       24657317 100%   11.72MB/s   00:00:02 (xfer#1211, to-check=1413/1752)
synthetic_004202/posterior_std.pt
         232019 100%  120.53MB/s   00:00:00 (xfer#1212, to-check=1414/1752)
synthetic_004202/posterior_variance.pt
         232054 100%  213.58MB/s   00:00:00 (xfer#1213, to-check=1415/1752)
synthetic_004203/
synthetic_004203/composite_mean.pt
         232026 100%   50.28MB/s   00:00:00 (xfer#1214, to-check=1417/1752)
synthetic_004203/metadata.json
           1799 100%   25.98MB/s   00:00:00 (xfer#1215, to-check=1418/1752)
synthetic_004203/posterior_mean.pt
         232026 100%   51.60MB/s   00:00:00 (xfer#1216, to-check=1419/1752)
synthetic_004203/posterior_samples.pt
        5636096  23%   10.68MB/s   00:00:01       12320768  50%   12.73MB/s   00:00:00       19267584  78%   13.15MB/s   00:00:00       24657317 100%   11.73MB/s   00:00:02 (xfer#1217, to-check=1420/1752)
synthetic_004203/posterior_std.pt
         232019 100%  127.54MB/s   00:00:00 (xfer#1218, to-check=1421/1752)
synthetic_004203/posterior_variance.pt
         232054 100%  198.29MB/s   00:00:00 (xfer#1219, to-check=1422/1752)
synthetic_004204/
synthetic_004204/composite_mean.pt
         232026 100%  157.60MB/s   00:00:00 (xfer#1220, to-check=1424/1752)
synthetic_004204/metadata.json
           1798 100%   29.12MB/s   00:00:00 (xfer#1221, to-check=1425/1752)
synthetic_004204/posterior_mean.pt
         232026 100%   86.23MB/s   00:00:00 (xfer#1222, to-check=1426/1752)
synthetic_004204/posterior_samples.pt
        5505024  22%   10.05MB/s   00:00:01       10878976  44%    9.89MB/s   00:00:01       15466496  63%    8.35MB/s   00:00:01       16613376  67%    2.17MB/s   00:00:03       19890176  81%    5.98MB/s   00:00:00       23691264  96%    7.01MB/s   00:00:00       24657317 100%    7.12MB/s   00:00:03 (xfer#1223, to-check=1427/1752)
synthetic_004204/posterior_std.pt
         232019 100%   15.80MB/s   00:00:00 (xfer#1224, to-check=1428/1752)
synthetic_004204/posterior_variance.pt
         232054 100%   28.74MB/s   00:00:00 (xfer#1225, to-check=1429/1752)
synthetic_004205/
synthetic_004205/composite_mean.pt
         232026 100%    5.25MB/s   00:00:00 (xfer#1226, to-check=1431/1752)
synthetic_004205/metadata.json
           1797 100%   19.48MB/s   00:00:00 (xfer#1227, to-check=1432/1752)
synthetic_004205/posterior_mean.pt
         232026 100%   21.43MB/s   00:00:00 (xfer#1228, to-check=1433/1752)
synthetic_004205/posterior_samples.pt
        2162688   9%    3.62MB/s   00:00:05        5308416  22%    5.90MB/s   00:00:03        9240576  37%    7.39MB/s   00:00:01       13434880  54%    7.59MB/s   00:00:01       16777216  68%    6.37MB/s   00:00:01       19496960  79%    4.88MB/s   00:00:01       22773760  92%    6.13MB/s   00:00:00       24657317 100%    5.96MB/s   00:00:03 (xfer#1229, to-check=1434/1752)
synthetic_004205/posterior_std.pt
         232019 100%   15.93MB/s   00:00:00 (xfer#1230, to-check=1435/1752)
synthetic_004205/posterior_variance.pt
         232054 100%    3.71MB/s   00:00:00 (xfer#1231, to-check=1436/1752)
synthetic_004206/
synthetic_004206/composite_mean.pt
         232026 100%    5.32MB/s   00:00:00 (xfer#1232, to-check=1438/1752)
synthetic_004206/metadata.json
           1798 100%    6.67MB/s   00:00:00 (xfer#1233, to-check=1439/1752)
synthetic_004206/posterior_mean.pt
         232026 100%   90.80MB/s   00:00:00 (xfer#1234, to-check=1440/1752)
synthetic_004206/posterior_samples.pt
        3014656  12%    5.62MB/s   00:00:03        6029312  24%    5.70MB/s   00:00:03        8781824  36%    5.21MB/s   00:00:02       11927552  48%    5.88MB/s   00:00:02       15728640  64%    7.01MB/s   00:00:01       19529728  79%    6.74MB/s   00:00:00       23330816  95%    6.95MB/s   00:00:00       24657317 100%    6.19MB/s   00:00:03 (xfer#1235, to-check=1441/1752)
synthetic_004206/posterior_std.pt
         232019 100%  137.53MB/s   00:00:00 (xfer#1236, to-check=1442/1752)
synthetic_004206/posterior_variance.pt
         232054 100%    3.55MB/s   00:00:00 (xfer#1237, to-check=1443/1752)
synthetic_004207/
synthetic_004207/composite_mean.pt
         232026 100%   67.48MB/s   00:00:00 (xfer#1238, to-check=1445/1752)
synthetic_004207/metadata.json
           1798 100%   23.13MB/s   00:00:00 (xfer#1239, to-check=1446/1752)
synthetic_004207/posterior_mean.pt
         232026 100%    4.98MB/s   00:00:00 (xfer#1240, to-check=1447/1752)
synthetic_004207/posterior_samples.pt
        4194304  17%    7.70MB/s   00:00:02        8519680  35%    8.17MB/s   00:00:01       13107200  53%    8.49MB/s   00:00:01       16744448  68%    6.88MB/s   00:00:01       19595264  79%    5.15MB/s   00:00:00       22478848  91%    5.28MB/s   00:00:00       24657317 100%    6.65MB/s   00:00:03 (xfer#1241, to-check=1448/1752)
synthetic_004207/posterior_std.pt
         232019 100%  152.07MB/s   00:00:00 (xfer#1242, to-check=1449/1752)
synthetic_004207/posterior_variance.pt
         232054 100%   18.67MB/s   00:00:00 (xfer#1243, to-check=1450/1752)
synthetic_004208/
synthetic_004208/composite_mean.pt
         232026 100%    5.02MB/s   00:00:00 (xfer#1244, to-check=1452/1752)
synthetic_004208/metadata.json
           1797 100%   22.25MB/s   00:00:00 (xfer#1245, to-check=1453/1752)
synthetic_004208/posterior_mean.pt
         232026 100%    2.89MB/s   00:00:00 (xfer#1246, to-check=1454/1752)
synthetic_004208/posterior_samples.pt
        2818048  11%    5.37MB/s   00:00:03        5767168  23%    5.43MB/s   00:00:03        9043968  37%    5.91MB/s   00:00:02       12189696  49%    5.78MB/s   00:00:02       14942208  61%    4.72MB/s   00:00:01       18087936  73%    5.78MB/s   00:00:01       21102592  86%    5.51MB/s   00:00:00       24510464  99%    6.36MB/s   00:00:00       24657317 100%    5.58MB/s   00:00:04 (xfer#1247, to-check=1455/1752)
synthetic_004208/posterior_std.pt
         232019 100%   81.86MB/s   00:00:00 (xfer#1248, to-check=1456/1752)
synthetic_004208/posterior_variance.pt
         232054 100%    6.56MB/s   00:00:00 (xfer#1249, to-check=1457/1752)
synthetic_004209/
synthetic_004209/composite_mean.pt
         232026 100%   41.50MB/s   00:00:00 (xfer#1250, to-check=1459/1752)
synthetic_004209/metadata.json
           1798 100%   28.54MB/s   00:00:00 (xfer#1251, to-check=1460/1752)
synthetic_004209/posterior_mean.pt
         232026 100%    5.43MB/s   00:00:00 (xfer#1252, to-check=1461/1752)
synthetic_004209/posterior_samples.pt
        4325376  18%    7.85MB/s   00:00:02        8519680  35%    7.92MB/s   00:00:01       12582912  51%    7.74MB/s   00:00:01       16777216  68%    7.85MB/s   00:00:00       20971520  85%    7.74MB/s   00:00:00       24657317 100%    7.88MB/s   00:00:02 (xfer#1253, to-check=1462/1752)
synthetic_004209/posterior_std.pt
         232019 100%   71.79MB/s   00:00:00 (xfer#1254, to-check=1463/1752)
synthetic_004209/posterior_variance.pt
         232054 100%   20.83MB/s   00:00:00 (xfer#1255, to-check=1464/1752)
synthetic_004210/
synthetic_004210/composite_mean.pt
         232026 100%    7.41MB/s   00:00:00 (xfer#1256, to-check=1466/1752)
synthetic_004210/metadata.json
           1798 100%   26.34MB/s   00:00:00 (xfer#1257, to-check=1467/1752)
synthetic_004210/posterior_mean.pt
         232026 100%   20.83MB/s   00:00:00 (xfer#1258, to-check=1468/1752)
synthetic_004210/posterior_samples.pt
        4816896  20%    8.71MB/s   00:00:02        9797632  40%    9.38MB/s   00:00:01       13860864  56%    6.63MB/s   00:00:01       18710528  76%    9.21MB/s   00:00:00       22511616  91%    6.89MB/s   00:00:00       24657317 100%    7.95MB/s   00:00:02 (xfer#1259, to-check=1469/1752)
synthetic_004210/posterior_std.pt
         232019 100%   87.39MB/s   00:00:00 (xfer#1260, to-check=1470/1752)
synthetic_004210/posterior_variance.pt
         232054 100%  205.49MB/s   00:00:00 (xfer#1261, to-check=1471/1752)
synthetic_004211/
synthetic_004211/composite_mean.pt
         232026 100%    8.36MB/s   00:00:00 (xfer#1262, to-check=1473/1752)
synthetic_004211/metadata.json
           1797 100%   23.80MB/s   00:00:00 (xfer#1263, to-check=1474/1752)
synthetic_004211/posterior_mean.pt
         232026 100%   78.58MB/s   00:00:00 (xfer#1264, to-check=1475/1752)
synthetic_004211/posterior_samples.pt
        5177344  21%    9.81MB/s   00:00:01       10551296  43%   10.00MB/s   00:00:01       14876672  60%    7.75MB/s   00:00:01       18022400  73%    5.94MB/s   00:00:01       23396352  95%   10.12MB/s   00:00:00       24657317 100%    8.73MB/s   00:00:02 (xfer#1265, to-check=1476/1752)
synthetic_004211/posterior_std.pt
         232019 100%  115.43MB/s   00:00:00 (xfer#1266, to-check=1477/1752)
synthetic_004211/posterior_variance.pt
         232054 100%   14.13MB/s   00:00:00 (xfer#1267, to-check=1478/1752)
synthetic_004212/
synthetic_004212/composite_mean.pt
         232026 100%   86.26MB/s   00:00:00 (xfer#1268, to-check=1480/1752)
synthetic_004212/metadata.json
           1796 100%   29.09MB/s   00:00:00 (xfer#1269, to-check=1481/1752)
synthetic_004212/posterior_mean.pt
         232026 100%    4.12MB/s   00:00:00 (xfer#1270, to-check=1482/1752)
synthetic_004212/posterior_samples.pt
        3145728  13%    4.56MB/s   00:00:04        7274496  30%    7.84MB/s   00:00:02       10813440  44%    6.67MB/s   00:00:01       15007744  61%    7.98MB/s   00:00:01       21430272  87%   12.19MB/s   00:00:00       24657317 100%    7.92MB/s   00:00:02 (xfer#1271, to-check=1483/1752)
synthetic_004212/posterior_std.pt
         232019 100%  100.13MB/s   00:00:00 (xfer#1272, to-check=1484/1752)
synthetic_004212/posterior_variance.pt
         232054 100%  257.27MB/s   00:00:00 (xfer#1273, to-check=1485/1752)
synthetic_004213/
synthetic_004213/composite_mean.pt
         232026 100%  189.91MB/s   00:00:00 (xfer#1274, to-check=1487/1752)
synthetic_004213/metadata.json
           1797 100%   29.58MB/s   00:00:00 (xfer#1275, to-check=1488/1752)
synthetic_004213/posterior_mean.pt
         232026 100%   37.08MB/s   00:00:00 (xfer#1276, to-check=1489/1752)
synthetic_004213/posterior_samples.pt
        5734400  23%   10.88MB/s   00:00:01       11763712  48%   11.39MB/s   00:00:01       17268736  70%   10.45MB/s   00:00:00       23166976  94%   10.98MB/s   00:00:00       24657317 100%   10.83MB/s   00:00:02 (xfer#1277, to-check=1490/1752)
synthetic_004213/posterior_std.pt
         232019 100%  129.19MB/s   00:00:00 (xfer#1278, to-check=1491/1752)
synthetic_004213/posterior_variance.pt
         232054 100%   28.96MB/s   00:00:00 (xfer#1279, to-check=1492/1752)
synthetic_004214/
synthetic_004214/composite_mean.pt
         232026 100%    8.93MB/s   00:00:00 (xfer#1280, to-check=1494/1752)
synthetic_004214/metadata.json
           1798 100%   26.44MB/s   00:00:00 (xfer#1281, to-check=1495/1752)
synthetic_004214/posterior_mean.pt
         232026 100%   15.87MB/s   00:00:00 (xfer#1282, to-check=1496/1752)
synthetic_004214/posterior_samples.pt
        4915200  20%    9.35MB/s   00:00:02       11206656  45%   11.65MB/s   00:00:01       17104896  69%   11.17MB/s   00:00:00       24051712  98%   12.91MB/s   00:00:00       24657317 100%   11.10MB/s   00:00:02 (xfer#1283, to-check=1497/1752)
synthetic_004214/posterior_std.pt
         232019 100%  122.32MB/s   00:00:00 (xfer#1284, to-check=1498/1752)
synthetic_004214/posterior_variance.pt
         232054 100%  152.82MB/s   00:00:00 (xfer#1285, to-check=1499/1752)
synthetic_004215/
synthetic_004215/composite_mean.pt
         232026 100%  101.00MB/s   00:00:00 (xfer#1286, to-check=1501/1752)
synthetic_004215/metadata.json
           1796 100%   25.57MB/s   00:00:00 (xfer#1287, to-check=1502/1752)
synthetic_004215/posterior_mean.pt
         232026 100%   16.25MB/s   00:00:00 (xfer#1288, to-check=1503/1752)
synthetic_004215/posterior_samples.pt
        6160384  25%   11.65MB/s   00:00:01       12582912  51%   12.16MB/s   00:00:00       19529728  79%   13.03MB/s   00:00:00       24657317 100%   12.10MB/s   00:00:01 (xfer#1289, to-check=1504/1752)
synthetic_004215/posterior_std.pt
         232019 100%  107.37MB/s   00:00:00 (xfer#1290, to-check=1505/1752)
synthetic_004215/posterior_variance.pt
         232054 100%    9.37MB/s   00:00:00 (xfer#1291, to-check=1506/1752)
synthetic_004216/
synthetic_004216/composite_mean.pt
         232026 100%   30.81MB/s   00:00:00 (xfer#1292, to-check=1508/1752)
synthetic_004216/metadata.json
           1798 100%   20.43MB/s   00:00:00 (xfer#1293, to-check=1509/1752)
synthetic_004216/posterior_mean.pt
         232026 100%   92.90MB/s   00:00:00 (xfer#1294, to-check=1510/1752)
synthetic_004216/posterior_samples.pt
        6225920  25%   11.87MB/s   00:00:01       11960320  49%   10.61MB/s   00:00:01       17989632  73%   11.48MB/s   00:00:00       24412160  99%   12.20MB/s   00:00:00       24657317 100%   11.43MB/s   00:00:02 (xfer#1295, to-check=1511/1752)
synthetic_004216/posterior_std.pt
         232019 100%  116.71MB/s   00:00:00 (xfer#1296, to-check=1512/1752)
synthetic_004216/posterior_variance.pt
         232054 100%   35.87MB/s   00:00:00 (xfer#1297, to-check=1513/1752)
synthetic_004217/
synthetic_004217/composite_mean.pt
         232026 100%   50.47MB/s   00:00:00 (xfer#1298, to-check=1515/1752)
synthetic_004217/metadata.json
           1798 100%   26.74MB/s   00:00:00 (xfer#1299, to-check=1516/1752)
synthetic_004217/posterior_mean.pt
         232026 100%   31.89MB/s   00:00:00 (xfer#1300, to-check=1517/1752)
synthetic_004217/posterior_samples.pt
        6750208  27%   12.32MB/s   00:00:01       13303808  54%   12.21MB/s   00:00:00       20381696  83%   13.42MB/s   00:00:00       24657317 100%   12.36MB/s   00:00:01 (xfer#1301, to-check=1518/1752)
synthetic_004217/posterior_std.pt
         232019 100%  101.26MB/s   00:00:00 (xfer#1302, to-check=1519/1752)
synthetic_004217/posterior_variance.pt
         232054 100%   21.20MB/s   00:00:00 (xfer#1303, to-check=1520/1752)
synthetic_004218/
synthetic_004218/composite_mean.pt
         232026 100%   14.59MB/s   00:00:00 (xfer#1304, to-check=1522/1752)
synthetic_004218/metadata.json
           1799 100%   28.11MB/s   00:00:00 (xfer#1305, to-check=1523/1752)
synthetic_004218/posterior_mean.pt
         232026 100%    3.85MB/s   00:00:00 (xfer#1306, to-check=1524/1752)
synthetic_004218/posterior_samples.pt
        4685824  19%    8.92MB/s   00:00:02       10846208  44%   11.59MB/s   00:00:01       17268736  70%   12.01MB/s   00:00:00       23560192  96%   11.89MB/s   00:00:00       24657317 100%   10.80MB/s   00:00:02 (xfer#1307, to-check=1525/1752)
synthetic_004218/posterior_std.pt
         232019 100%  124.86MB/s   00:00:00 (xfer#1308, to-check=1526/1752)
synthetic_004218/posterior_variance.pt
         232054 100%   52.44MB/s   00:00:00 (xfer#1309, to-check=1527/1752)
synthetic_004219/
synthetic_004219/composite_mean.pt
         232026 100%   47.47MB/s   00:00:00 (xfer#1310, to-check=1529/1752)
synthetic_004219/metadata.json
           1797 100%   28.19MB/s   00:00:00 (xfer#1311, to-check=1530/1752)
synthetic_004219/posterior_mean.pt
         232026 100%    8.80MB/s   00:00:00 (xfer#1312, to-check=1531/1752)
synthetic_004219/posterior_samples.pt
        5701632  23%   10.86MB/s   00:00:01       11468800  47%   10.97MB/s   00:00:01       17170432  70%   10.39MB/s   00:00:00       21889024  89%    8.62MB/s   00:00:00       24657317 100%   10.08MB/s   00:00:02 (xfer#1313, to-check=1532/1752)
synthetic_004219/posterior_std.pt
         232019 100%   85.30MB/s   00:00:00 (xfer#1314, to-check=1533/1752)
synthetic_004219/posterior_variance.pt
         232054 100%   55.15MB/s   00:00:00 (xfer#1315, to-check=1534/1752)
synthetic_004220/
synthetic_004220/composite_mean.pt
         232026 100%   35.36MB/s   00:00:00 (xfer#1316, to-check=1536/1752)
synthetic_004220/metadata.json
           1797 100%   23.49MB/s   00:00:00 (xfer#1317, to-check=1537/1752)
synthetic_004220/posterior_mean.pt
         232026 100%    7.16MB/s   00:00:00 (xfer#1318, to-check=1538/1752)
synthetic_004220/posterior_samples.pt
        6324224  26%   11.86MB/s   00:00:01       12353536  50%   11.47MB/s   00:00:01       18808832  76%   12.31MB/s   00:00:00       23429120  95%    8.44MB/s   00:00:00       24657317 100%   10.67MB/s   00:00:02 (xfer#1319, to-check=1539/1752)
synthetic_004220/posterior_std.pt
         232019 100%   72.07MB/s   00:00:00 (xfer#1320, to-check=1540/1752)
synthetic_004220/posterior_variance.pt
         232054 100%   80.07MB/s   00:00:00 (xfer#1321, to-check=1541/1752)
synthetic_004221/
synthetic_004221/composite_mean.pt
         232026 100%    6.96MB/s   00:00:00 (xfer#1322, to-check=1543/1752)
synthetic_004221/metadata.json
           1799 100%   24.90MB/s   00:00:00 (xfer#1323, to-check=1544/1752)
synthetic_004221/posterior_mean.pt
         232026 100%    7.06MB/s   00:00:00 (xfer#1324, to-check=1545/1752)
synthetic_004221/posterior_samples.pt
        3375104  14%    6.30MB/s   00:00:03        6389760  26%    5.71MB/s   00:00:03       10190848  41%    6.99MB/s   00:00:01       13729792  56%    5.58MB/s   00:00:01       17793024  72%    7.65MB/s   00:00:00       20905984  85%    5.89MB/s   00:00:00       23887872  97%    5.53MB/s   00:00:00       24657317 100%    6.15MB/s   00:00:03 (xfer#1325, to-check=1546/1752)
synthetic_004221/posterior_std.pt
         232019 100%  122.12MB/s   00:00:00 (xfer#1326, to-check=1547/1752)
synthetic_004221/posterior_variance.pt
         232054 100%   48.23MB/s   00:00:00 (xfer#1327, to-check=1548/1752)
synthetic_004222/
synthetic_004222/composite_mean.pt
         232026 100%    3.68MB/s   00:00:00 (xfer#1328, to-check=1550/1752)
synthetic_004222/metadata.json
           1798 100%   18.44MB/s   00:00:00 (xfer#1329, to-check=1551/1752)
synthetic_004222/posterior_mean.pt
         232026 100%    5.83MB/s   00:00:00 (xfer#1330, to-check=1552/1752)
synthetic_004222/posterior_samples.pt
        1769472   7%    3.19MB/s   00:00:06        4587520  19%    5.22MB/s   00:00:03        7208960  29%    4.63MB/s   00:00:03       10354688  42%    5.60MB/s   00:00:02       13631488  55%    5.97MB/s   00:00:01       16646144  68%    5.70MB/s   00:00:01       18677760  76%    3.71MB/s   00:00:01       21299200  86%    4.94MB/s   00:00:00       24444928  99%    5.84MB/s   00:00:00       24657317 100%    4.95MB/s   00:00:04 (xfer#1331, to-check=1553/1752)
synthetic_004222/posterior_std.pt
         232019 100%   84.65MB/s   00:00:00 (xfer#1332, to-check=1554/1752)
synthetic_004222/posterior_variance.pt
         232054 100%    7.68MB/s   00:00:00 (xfer#1333, to-check=1555/1752)
synthetic_004223/
synthetic_004223/composite_mean.pt
         232026 100%    5.63MB/s   00:00:00 (xfer#1334, to-check=1557/1752)
synthetic_004223/metadata.json
           1798 100%   20.91MB/s   00:00:00 (xfer#1335, to-check=1558/1752)
synthetic_004223/posterior_mean.pt
         232026 100%    5.57MB/s   00:00:00 (xfer#1336, to-check=1559/1752)
synthetic_004223/posterior_samples.pt
        3014656  12%    5.75MB/s   00:00:03        6619136  27%    6.60MB/s   00:00:02       10289152  42%    6.64MB/s   00:00:02       13697024  56%    6.34MB/s   00:00:01       16973824  69%    5.69MB/s   00:00:01       20250624  82%    6.00MB/s   00:00:00       23265280  94%    5.60MB/s   00:00:00       24657317 100%    6.00MB/s   00:00:03 (xfer#1337, to-check=1560/1752)
synthetic_004223/posterior_std.pt
         232019 100%   89.58MB/s   00:00:00 (xfer#1338, to-check=1561/1752)
synthetic_004223/posterior_variance.pt
         232054 100%    5.61MB/s   00:00:00 (xfer#1339, to-check=1562/1752)
synthetic_004224/
synthetic_004224/composite_mean.pt
         232026 100%    9.91MB/s   00:00:00 (xfer#1340, to-check=1564/1752)
synthetic_004224/metadata.json
           1798 100%   23.50MB/s   00:00:00 (xfer#1341, to-check=1565/1752)
synthetic_004224/posterior_mean.pt
         232026 100%    5.60MB/s   00:00:00 (xfer#1342, to-check=1566/1752)
synthetic_004224/posterior_samples.pt
        3833856  16%    7.25MB/s   00:00:02        7897088  32%    7.34MB/s   00:00:02       12091392  49%    7.91MB/s   00:00:01       16285696  66%    8.00MB/s   00:00:00       21004288  85%    8.73MB/s   00:00:00       24657317 100%    7.79MB/s   00:00:03 (xfer#1343, to-check=1567/1752)
synthetic_004224/posterior_std.pt
         232019 100%   85.07MB/s   00:00:00 (xfer#1344, to-check=1568/1752)
synthetic_004224/posterior_variance.pt
         232054 100%  100.73MB/s   00:00:00 (xfer#1345, to-check=1569/1752)
synthetic_004225/
synthetic_004225/composite_mean.pt
         232026 100%   14.99MB/s   00:00:00 (xfer#1346, to-check=1571/1752)
synthetic_004225/metadata.json
           1799 100%   25.98MB/s   00:00:00 (xfer#1347, to-check=1572/1752)
synthetic_004225/posterior_mean.pt
         232026 100%    7.12MB/s   00:00:00 (xfer#1348, to-check=1573/1752)
synthetic_004225/posterior_samples.pt
        4128768  17%    7.85MB/s   00:00:02        9109504  37%    9.38MB/s   00:00:01       13172736  53%    7.52MB/s   00:00:01       16973824  69%    7.22MB/s   00:00:01       21954560  89%    8.84MB/s   00:00:00       24657317 100%    8.10MB/s   00:00:02 (xfer#1349, to-check=1574/1752)
synthetic_004225/posterior_std.pt
         232019 100%   84.10MB/s   00:00:00 (xfer#1350, to-check=1575/1752)
synthetic_004225/posterior_variance.pt
         232054 100%    5.75MB/s   00:00:00 (xfer#1351, to-check=1576/1752)
synthetic_004226/
synthetic_004226/composite_mean.pt
         232026 100%   23.61MB/s   00:00:00 (xfer#1352, to-check=1578/1752)
synthetic_004226/metadata.json
           1799 100%   24.81MB/s   00:00:00 (xfer#1353, to-check=1579/1752)
synthetic_004226/posterior_mean.pt
         232026 100%    4.54MB/s   00:00:00 (xfer#1354, to-check=1580/1752)
synthetic_004226/posterior_samples.pt
        4063232  16%    7.32MB/s   00:00:02        8650752  35%    8.20MB/s   00:00:01       12845056  52%    7.99MB/s   00:00:01       16384000  66%    6.34MB/s   00:00:01       19202048  78%    5.37MB/s   00:00:00       24248320  98%    9.52MB/s   00:00:00       24657317 100%    7.38MB/s   00:00:03 (xfer#1355, to-check=1581/1752)
synthetic_004226/posterior_std.pt
         232019 100%   74.70MB/s   00:00:00 (xfer#1356, to-check=1582/1752)
synthetic_004226/posterior_variance.pt
         232054 100%  211.58MB/s   00:00:00 (xfer#1357, to-check=1583/1752)
synthetic_004227/
synthetic_004227/composite_mean.pt
         232026 100%  191.76MB/s   00:00:00 (xfer#1358, to-check=1585/1752)
synthetic_004227/metadata.json
           1798 100%   30.09MB/s   00:00:00 (xfer#1359, to-check=1586/1752)
synthetic_004227/posterior_mean.pt
         232026 100%    5.46MB/s   00:00:00 (xfer#1360, to-check=1587/1752)
synthetic_004227/posterior_samples.pt
        3801088  15%    7.22MB/s   00:00:02        8781824  36%    9.22MB/s   00:00:01       13893632  56%    9.62MB/s   00:00:01       19791872  80%   10.81MB/s   00:00:00       24657317 100%    9.39MB/s   00:00:02 (xfer#1361, to-check=1588/1752)
synthetic_004227/posterior_std.pt
         232019 100%  145.95MB/s   00:00:00 (xfer#1362, to-check=1589/1752)
synthetic_004227/posterior_variance.pt
         232054 100%  234.16MB/s   00:00:00 (xfer#1363, to-check=1590/1752)
synthetic_004228/
synthetic_004228/composite_mean.pt
         232026 100%    8.75MB/s   00:00:00 (xfer#1364, to-check=1592/1752)
synthetic_004228/metadata.json
           1800 100%   26.37MB/s   00:00:00 (xfer#1365, to-check=1593/1752)
synthetic_004228/posterior_mean.pt
         232026 100%    9.97MB/s   00:00:00 (xfer#1366, to-check=1594/1752)
synthetic_004228/posterior_samples.pt
        5111808  21%    9.44MB/s   00:00:01       10092544  41%    9.46MB/s   00:00:01       14942208  61%    9.04MB/s   00:00:01       18087936  73%    5.99MB/s   00:00:01       21757952  88%    6.98MB/s   00:00:00       24657317 100%    8.07MB/s   00:00:02 (xfer#1367, to-check=1595/1752)
synthetic_004228/posterior_std.pt
         232019 100%   91.32MB/s   00:00:00 (xfer#1368, to-check=1596/1752)
synthetic_004228/posterior_variance.pt
         232054 100%   46.80MB/s   00:00:00 (xfer#1369, to-check=1597/1752)
synthetic_004229/
synthetic_004229/composite_mean.pt
         232026 100%    4.53MB/s   00:00:00 (xfer#1370, to-check=1599/1752)
synthetic_004229/metadata.json
           1797 100%   22.82MB/s   00:00:00 (xfer#1371, to-check=1600/1752)
synthetic_004229/posterior_mean.pt
         232026 100%   15.28MB/s   00:00:00 (xfer#1372, to-check=1601/1752)
synthetic_004229/posterior_samples.pt
        4390912  18%    8.17MB/s   00:00:02        9371648  38%    9.38MB/s   00:00:01       13959168  57%    8.53MB/s   00:00:01       19202048  78%    9.89MB/s   00:00:00       24444928  99%    9.75MB/s   00:00:00       24657317 100%    9.06MB/s   00:00:02 (xfer#1373, to-check=1602/1752)
synthetic_004229/posterior_std.pt
         232019 100%  123.89MB/s   00:00:00 (xfer#1374, to-check=1603/1752)
synthetic_004229/posterior_variance.pt
         232054 100%    7.43MB/s   00:00:00 (xfer#1375, to-check=1604/1752)
synthetic_004230/
synthetic_004230/composite_mean.pt
         232026 100%    7.54MB/s   00:00:00 (xfer#1376, to-check=1606/1752)
synthetic_004230/metadata.json
           1797 100%   15.87MB/s   00:00:00 (xfer#1377, to-check=1607/1752)
synthetic_004230/posterior_mean.pt
         232026 100%   70.67MB/s   00:00:00 (xfer#1378, to-check=1608/1752)
synthetic_004230/posterior_samples.pt
        5079040  21%    9.68MB/s   00:00:01       10223616  41%    9.81MB/s   00:00:01       15171584  62%    9.15MB/s   00:00:00       19038208  77%    7.37MB/s   00:00:00       23560192  96%    8.55MB/s   00:00:00       24657317 100%    8.89MB/s   00:00:02 (xfer#1379, to-check=1609/1752)
synthetic_004230/posterior_std.pt
         232019 100%    7.43MB/s   00:00:00 (xfer#1380, to-check=1610/1752)
synthetic_004230/posterior_variance.pt
         232054 100%   22.89MB/s   00:00:00 (xfer#1381, to-check=1611/1752)
synthetic_004231/
synthetic_004231/composite_mean.pt
         232026 100%   23.37MB/s   00:00:00 (xfer#1382, to-check=1613/1752)
synthetic_004231/metadata.json
           1797 100%   32.97MB/s   00:00:00 (xfer#1383, to-check=1614/1752)
synthetic_004231/posterior_mean.pt
         232026 100%    7.55MB/s   00:00:00 (xfer#1384, to-check=1615/1752)
synthetic_004231/posterior_samples.pt
        5144576  21%    9.56MB/s   00:00:01        9601024  39%    8.46MB/s   00:00:01       14942208  61%    9.89MB/s   00:00:00       20185088  82%    9.84MB/s   00:00:00       24657317 100%    9.23MB/s   00:00:02 (xfer#1385, to-check=1616/1752)
synthetic_004231/posterior_std.pt
         232019 100%    5.78MB/s   00:00:00 (xfer#1386, to-check=1617/1752)
synthetic_004231/posterior_variance.pt
         232054 100%   79.13MB/s   00:00:00 (xfer#1387, to-check=1618/1752)
synthetic_004232/
synthetic_004232/composite_mean.pt
         232026 100%   13.59MB/s   00:00:00 (xfer#1388, to-check=1620/1752)
synthetic_004232/metadata.json
           1797 100%   16.79MB/s   00:00:00 (xfer#1389, to-check=1621/1752)
synthetic_004232/posterior_mean.pt
         232026 100%   10.49MB/s   00:00:00 (xfer#1390, to-check=1622/1752)
synthetic_004232/posterior_samples.pt
        5210112  21%    9.92MB/s   00:00:01        8814592  36%    6.03MB/s   00:00:02       11239424  46%    3.42MB/s   00:00:03       13336576  54%    3.95MB/s   00:00:02       15466496  63%    3.97MB/s   00:00:02       16908288  69%    2.55MB/s   00:00:02       18350080  74%    2.32MB/s   00:00:02       19922944  81%    2.96MB/s   00:00:01       21495808  87%    2.98MB/s   00:00:01       23298048  94%    3.21MB/s   00:00:00       24477696  99%    2.16MB/s   00:00:00       24657317 100%    3.91MB/s   00:00:06 (xfer#1391, to-check=1623/1752)
synthetic_004232/posterior_std.pt
         232019 100%   19.39MB/s   00:00:00 (xfer#1392, to-check=1624/1752)
synthetic_004232/posterior_variance.pt
         232054 100%    1.49MB/s   00:00:00 (xfer#1393, to-check=1625/1752)
synthetic_004233/
synthetic_004233/composite_mean.pt
         232026 100%   94.20MB/s   00:00:00 (xfer#1394, to-check=1627/1752)
synthetic_004233/metadata.json
           1796 100%    5.04MB/s   00:00:00 (xfer#1395, to-check=1628/1752)
synthetic_004233/posterior_mean.pt
         232026 100%    4.26MB/s   00:00:00 (xfer#1396, to-check=1629/1752)
synthetic_004233/posterior_samples.pt
        2523136  10%    4.80MB/s   00:00:04        4456448  18%    3.25MB/s   00:00:05        6815744  28%    4.27MB/s   00:00:03        9568256  39%    4.30MB/s   00:00:03       12189696  49%    4.40MB/s   00:00:02       14286848  58%    3.87MB/s   00:00:02       16384000  66%    4.00MB/s   00:00:01       19398656  79%    5.61MB/s   00:00:00       22413312  91%    5.68MB/s   00:00:00       24657317 100%    4.50MB/s   00:00:05 (xfer#1397, to-check=1630/1752)
synthetic_004233/posterior_std.pt
         232019 100%   43.74MB/s   00:00:00 (xfer#1398, to-check=1631/1752)
synthetic_004233/posterior_variance.pt
         232054 100%   22.10MB/s   00:00:00 (xfer#1399, to-check=1632/1752)
synthetic_004234/
synthetic_004234/composite_mean.pt
         232026 100%    4.99MB/s   00:00:00 (xfer#1400, to-check=1634/1752)
synthetic_004234/metadata.json
           1795 100%   19.46MB/s   00:00:00 (xfer#1401, to-check=1635/1752)
synthetic_004234/posterior_mean.pt
         232026 100%    6.23MB/s   00:00:00 (xfer#1402, to-check=1636/1752)
synthetic_004234/posterior_samples.pt
        2523136  10%    4.58MB/s   00:00:04        5668864  23%    5.98MB/s   00:00:03        7241728  29%    2.95MB/s   00:00:05       10387456  42%    5.75MB/s   00:00:02       14811136  60%    8.44MB/s   00:00:01       19038208  77%    8.01MB/s   00:00:00       23101440  94%    7.44MB/s   00:00:00       24657317 100%    6.26MB/s   00:00:03 (xfer#1403, to-check=1637/1752)
synthetic_004234/posterior_std.pt
         232019 100%   79.51MB/s   00:00:00 (xfer#1404, to-check=1638/1752)
synthetic_004234/posterior_variance.pt
         232054 100%  183.04MB/s   00:00:00 (xfer#1405, to-check=1639/1752)
synthetic_004235/
synthetic_004235/composite_mean.pt
         232026 100%  184.84MB/s   00:00:00 (xfer#1406, to-check=1641/1752)
synthetic_004235/metadata.json
           1797 100%   25.22MB/s   00:00:00 (xfer#1407, to-check=1642/1752)
synthetic_004235/posterior_mean.pt
         232026 100%    7.85MB/s   00:00:00 (xfer#1408, to-check=1643/1752)
synthetic_004235/posterior_samples.pt
        6225920  25%   11.15MB/s   00:00:01       11599872  47%   10.13MB/s   00:00:01       17399808  71%   11.06MB/s   00:00:00       24444928  99%   13.22MB/s   00:00:00       24657317 100%   11.23MB/s   00:00:02 (xfer#1409, to-check=1644/1752)
synthetic_004235/posterior_std.pt
         232019 100%   89.44MB/s   00:00:00 (xfer#1410, to-check=1645/1752)
synthetic_004235/posterior_variance.pt
         232054 100%  220.01MB/s   00:00:00 (xfer#1411, to-check=1646/1752)
synthetic_004236/
synthetic_004236/composite_mean.pt
         232026 100%   25.13MB/s   00:00:00 (xfer#1412, to-check=1648/1752)
synthetic_004236/metadata.json
           1797 100%   32.97MB/s   00:00:00 (xfer#1413, to-check=1649/1752)
synthetic_004236/posterior_mean.pt
         232026 100%   11.05MB/s   00:00:00 (xfer#1414, to-check=1650/1752)
synthetic_004236/posterior_samples.pt
        6684672  27%   12.65MB/s   00:00:01       13238272  54%   12.46MB/s   00:00:00       19234816  78%   10.89MB/s   00:00:00       24657317 100%   11.89MB/s   00:00:01 (xfer#1415, to-check=1651/1752)
synthetic_004236/posterior_std.pt
         232019 100%  109.38MB/s   00:00:00 (xfer#1416, to-check=1652/1752)
synthetic_004236/posterior_variance.pt
         232054 100%  176.77MB/s   00:00:00 (xfer#1417, to-check=1653/1752)
synthetic_004237/
synthetic_004237/composite_mean.pt
         232026 100%   98.48MB/s   00:00:00 (xfer#1418, to-check=1655/1752)
synthetic_004237/metadata.json
           1797 100%   30.08MB/s   00:00:00 (xfer#1419, to-check=1656/1752)
synthetic_004237/posterior_mean.pt
         232026 100%   46.71MB/s   00:00:00 (xfer#1420, to-check=1657/1752)
synthetic_004237/posterior_samples.pt
        4489216  18%    8.43MB/s   00:00:02       10125312  41%    9.79MB/s   00:00:01       14843904  60%    6.99MB/s   00:00:01       18120704  73%    6.10MB/s   00:00:01       18546688  75%  764.07KB/s   00:00:07       20119552  82%    2.94MB/s   00:00:01       22347776  91%    2.81MB/s   00:00:00       22872064  93% 1017.98KB/s   00:00:01       23986176  97%    1.97MB/s   00:00:00       24657317 100%    4.43MB/s   00:00:05 (xfer#1421, to-check=1658/1752)
synthetic_004237/posterior_std.pt
         232019 100%    2.58MB/s   00:00:00 (xfer#1422, to-check=1659/1752)
synthetic_004237/posterior_variance.pt
         232054 100%   30.90MB/s   00:00:00 (xfer#1423, to-check=1660/1752)
synthetic_004238/
synthetic_004238/composite_mean.pt
         232026 100%    1.34MB/s   00:00:00 (xfer#1424, to-check=1662/1752)
synthetic_004238/metadata.json
           1799 100%    4.53MB/s   00:00:00 (xfer#1425, to-check=1663/1752)
synthetic_004238/posterior_mean.pt
         232026 100%   40.68MB/s   00:00:00 (xfer#1426, to-check=1664/1752)
synthetic_004238/posterior_samples.pt
        1540096   6%    2.89MB/s   00:00:07        2555904  10%    1.94MB/s   00:00:10        4587520  19%    3.64MB/s   00:00:05        6815744  28%    4.10MB/s   00:00:04        9830400  40%    4.94MB/s   00:00:02       12976128  53%    5.15MB/s   00:00:02       16384000  66%    5.23MB/s   00:00:01       20054016  81%    6.43MB/s   00:00:00       23068672  94%    5.71MB/s   00:00:00       24657317 100%    4.57MB/s   00:00:05 (xfer#1427, to-check=1665/1752)
synthetic_004238/posterior_std.pt
         232019 100%   85.69MB/s   00:00:00 (xfer#1428, to-check=1666/1752)
synthetic_004238/posterior_variance.pt
         232054 100%   49.34MB/s   00:00:00 (xfer#1429, to-check=1667/1752)
synthetic_004239/
synthetic_004239/composite_mean.pt
         232026 100%    6.53MB/s   00:00:00 (xfer#1430, to-check=1669/1752)
synthetic_004239/metadata.json
           1797 100%   22.25MB/s   00:00:00 (xfer#1431, to-check=1670/1752)
synthetic_004239/posterior_mean.pt
         232026 100%   11.31MB/s   00:00:00 (xfer#1432, to-check=1671/1752)
synthetic_004239/posterior_samples.pt
        2359296  10%    4.19MB/s   00:00:05        4980736  20%    4.70MB/s   00:00:03        8388608  34%    6.18MB/s   00:00:02       11337728  46%    5.50MB/s   00:00:02       13959168  57%    4.97MB/s   00:00:02       16449536  67%    4.40MB/s   00:00:01       19070976  77%    4.87MB/s   00:00:01       22216704  90%    4.98MB/s   00:00:00       24051712  98%    2.79MB/s   00:00:00       24657317 100%    4.61MB/s   00:00:05 (xfer#1433, to-check=1672/1752)
synthetic_004239/posterior_std.pt
         232019 100%  148.92MB/s   00:00:00 (xfer#1434, to-check=1673/1752)
synthetic_004239/posterior_variance.pt
         232054 100%  204.36MB/s   00:00:00 (xfer#1435, to-check=1674/1752)
synthetic_004240/
synthetic_004240/composite_mean.pt
         232026 100%    4.23MB/s   00:00:00 (xfer#1436, to-check=1676/1752)
synthetic_004240/metadata.json
           1798 100%   26.44MB/s   00:00:00 (xfer#1437, to-check=1677/1752)
synthetic_004240/posterior_mean.pt
         232026 100%    8.10MB/s   00:00:00 (xfer#1438, to-check=1678/1752)
synthetic_004240/posterior_samples.pt
        3145728  13%    5.90MB/s   00:00:03        6291456  26%    5.99MB/s   00:00:02        9437184  38%    5.50MB/s   00:00:02       13107200  53%    6.97MB/s   00:00:01       17170432  70%    7.16MB/s   00:00:00       20873216  85%    6.33MB/s   00:00:00       24657317 100%    6.37MB/s   00:00:03 (xfer#1439, to-check=1679/1752)
synthetic_004240/posterior_std.pt
         232019 100%   76.78MB/s   00:00:00 (xfer#1440, to-check=1680/1752)
synthetic_004240/posterior_variance.pt
         232054 100%   86.01MB/s   00:00:00 (xfer#1441, to-check=1681/1752)
synthetic_004241/
synthetic_004241/composite_mean.pt
         232026 100%    5.59MB/s   00:00:00 (xfer#1442, to-check=1683/1752)
synthetic_004241/metadata.json
           1797 100%   25.22MB/s   00:00:00 (xfer#1443, to-check=1684/1752)
synthetic_004241/posterior_mean.pt
         232026 100%    6.78MB/s   00:00:00 (xfer#1444, to-check=1685/1752)
synthetic_004241/posterior_samples.pt
        4227072  17%    7.65MB/s   00:00:02        8028160  33%    7.10MB/s   00:00:02       12746752  52%    8.64MB/s   00:00:01       16285696  66%    6.70MB/s   00:00:01       20873216  85%    8.44MB/s   00:00:00       24657317 100%    7.77MB/s   00:00:03 (xfer#1445, to-check=1686/1752)
synthetic_004241/posterior_std.pt
         232019 100%   71.08MB/s   00:00:00 (xfer#1446, to-check=1687/1752)
synthetic_004241/posterior_variance.pt
         232054 100%   52.86MB/s   00:00:00 (xfer#1447, to-check=1688/1752)
synthetic_004242/
synthetic_004242/composite_mean.pt
         232026 100%   32.00MB/s   00:00:00 (xfer#1448, to-check=1690/1752)
synthetic_004242/metadata.json
           1795 100%   21.69MB/s   00:00:00 (xfer#1449, to-check=1691/1752)
synthetic_004242/posterior_mean.pt
         232026 100%    4.38MB/s   00:00:00 (xfer#1450, to-check=1692/1752)
synthetic_004242/posterior_samples.pt
        3375104  14%    6.31MB/s   00:00:03        7438336  30%    7.52MB/s   00:00:02       11370496  46%    7.36MB/s   00:00:01       15958016  65%    8.71MB/s   00:00:00       20414464  83%    8.22MB/s   00:00:00       24657317 100%    7.82MB/s   00:00:03 (xfer#1451, to-check=1693/1752)
synthetic_004242/posterior_std.pt
         232019 100%  114.17MB/s   00:00:00 (xfer#1452, to-check=1694/1752)
synthetic_004242/posterior_variance.pt
         232054 100%   21.99MB/s   00:00:00 (xfer#1453, to-check=1695/1752)
synthetic_004243/
synthetic_004243/composite_mean.pt
         232026 100%    6.57MB/s   00:00:00 (xfer#1454, to-check=1697/1752)
synthetic_004243/metadata.json
           1798 100%   20.91MB/s   00:00:00 (xfer#1455, to-check=1698/1752)
synthetic_004243/posterior_mean.pt
         232026 100%   71.17MB/s   00:00:00 (xfer#1456, to-check=1699/1752)
synthetic_004243/posterior_samples.pt
        4587520  19%    8.60MB/s   00:00:02        9830400  40%    9.79MB/s   00:00:01       13893632  56%    7.70MB/s   00:00:01       18612224  75%    8.93MB/s   00:00:00       24379392  99%   10.97MB/s   00:00:00       24657317 100%    8.99MB/s   00:00:02 (xfer#1457, to-check=1700/1752)
synthetic_004243/posterior_std.pt
         232019 100%  106.02MB/s   00:00:00 (xfer#1458, to-check=1701/1752)
synthetic_004243/posterior_variance.pt
         232054 100%   15.56MB/s   00:00:00 (xfer#1459, to-check=1702/1752)
synthetic_004244/
synthetic_004244/composite_mean.pt
         232026 100%   40.56MB/s   00:00:00 (xfer#1460, to-check=1704/1752)
synthetic_004244/metadata.json
           1798 100%   25.15MB/s   00:00:00 (xfer#1461, to-check=1705/1752)
synthetic_004244/posterior_mean.pt
         232026 100%    5.01MB/s   00:00:00 (xfer#1462, to-check=1706/1752)
synthetic_004244/posterior_samples.pt
        5144576  21%    9.78MB/s   00:00:01       10125312  41%    9.19MB/s   00:00:01       14417920  58%    7.79MB/s   00:00:01       18087936  73%    6.72MB/s   00:00:00       20545536  83%    4.06MB/s   00:00:00       22216704  90%    3.06MB/s   00:00:00       24313856  99%    3.63MB/s   00:00:00       24657317 100%    6.13MB/s   00:00:03 (xfer#1463, to-check=1707/1752)
synthetic_004244/posterior_std.pt
         232019 100%   21.16MB/s   00:00:00 (xfer#1464, to-check=1708/1752)
synthetic_004244/posterior_variance.pt
         232054 100%    2.86MB/s   00:00:00 (xfer#1465, to-check=1709/1752)
synthetic_004245/
synthetic_004245/composite_mean.pt
         232026 100%    3.61MB/s   00:00:00 (xfer#1466, to-check=1711/1752)
synthetic_004245/metadata.json
           1796 100%    5.44MB/s   00:00:00 (xfer#1467, to-check=1712/1752)
synthetic_004245/posterior_mean.pt
         232026 100%    3.98MB/s   00:00:00 (xfer#1468, to-check=1713/1752)
synthetic_004245/posterior_samples.pt
        2195456   9%    3.94MB/s   00:00:05        4292608  17%    3.90MB/s   00:00:04        6651904  27%    4.25MB/s   00:00:04        9142272  37%    4.67MB/s   00:00:03       11763712  48%    4.94MB/s   00:00:02       14516224  59%    4.92MB/s   00:00:01       17530880  71%    5.74MB/s   00:00:01       20807680  84%    5.81MB/s   00:00:00       24346624  99%    6.67MB/s   00:00:00       24657317 100%    4.96MB/s   00:00:04 (xfer#1469, to-check=1714/1752)
synthetic_004245/posterior_std.pt
         232019 100%   80.40MB/s   00:00:00 (xfer#1470, to-check=1715/1752)
synthetic_004245/posterior_variance.pt
         232054 100%    9.30MB/s   00:00:00 (xfer#1471, to-check=1716/1752)
synthetic_004246/
synthetic_004246/composite_mean.pt
         232026 100%    7.14MB/s   00:00:00 (xfer#1472, to-check=1718/1752)
synthetic_004246/metadata.json
           1797 100%   19.07MB/s   00:00:00 (xfer#1473, to-check=1719/1752)
synthetic_004246/posterior_mean.pt
         232026 100%    6.08MB/s   00:00:00 (xfer#1474, to-check=1720/1752)
synthetic_004246/posterior_samples.pt
        3375104  14%    6.41MB/s   00:00:03        7307264  30%    6.92MB/s   00:00:02       10878976  44%    6.44MB/s   00:00:02       13762560  56%    5.38MB/s   00:00:01       16908288  69%    5.97MB/s   00:00:01       20185088  82%    6.10MB/s   00:00:00       23199744  94%    5.47MB/s   00:00:00       24657317 100%    5.98MB/s   00:00:03 (xfer#1475, to-check=1721/1752)
synthetic_004246/posterior_std.pt
         232019 100%   11.51MB/s   00:00:00 (xfer#1476, to-check=1722/1752)
synthetic_004246/posterior_variance.pt
         232054 100%    4.24MB/s   00:00:00 (xfer#1477, to-check=1723/1752)
synthetic_004247/
synthetic_004247/composite_mean.pt
         232026 100%   24.61MB/s   00:00:00 (xfer#1478, to-check=1725/1752)
synthetic_004247/metadata.json
           1798 100%   19.28MB/s   00:00:00 (xfer#1479, to-check=1726/1752)
synthetic_004247/posterior_mean.pt
         232026 100%    5.13MB/s   00:00:00 (xfer#1480, to-check=1727/1752)
synthetic_004247/posterior_samples.pt
        2392064  10%    4.55MB/s   00:00:04        5144576  21%    5.13MB/s   00:00:03        8159232  33%    5.47MB/s   00:00:02       11304960  46%    5.93MB/s   00:00:02       14057472  57%    5.00MB/s   00:00:02       17203200  70%    5.76MB/s   00:00:01       20086784  81%    5.22MB/s   00:00:00       23756800  96%    5.98MB/s   00:00:00       24657317 100%    5.29MB/s   00:00:04 (xfer#1481, to-check=1728/1752)
synthetic_004247/posterior_std.pt
         232019 100%   85.30MB/s   00:00:00 (xfer#1482, to-check=1729/1752)
synthetic_004247/posterior_variance.pt
         232054 100%   13.49MB/s   00:00:00 (xfer#1483, to-check=1730/1752)
synthetic_004248/
synthetic_004248/composite_mean.pt
         232026 100%    6.00MB/s   00:00:00 (xfer#1484, to-check=1732/1752)
synthetic_004248/metadata.json
           1797 100%   17.49MB/s   00:00:00 (xfer#1485, to-check=1733/1752)
synthetic_004248/posterior_mean.pt
         232026 100%    5.82MB/s   00:00:00 (xfer#1486, to-check=1734/1752)
synthetic_004248/posterior_samples.pt
        3833856  16%    6.99MB/s   00:00:02        7503872  30%    6.94MB/s   00:00:02       11436032  46%    7.28MB/s   00:00:01       15368192  62%    7.30MB/s   00:00:01       19562496  79%    7.87MB/s   00:00:00       23756800  96%    7.91MB/s   00:00:00       24657317 100%    7.30MB/s   00:00:03 (xfer#1487, to-check=1735/1752)
synthetic_004248/posterior_std.pt
         232019 100%  109.97MB/s   00:00:00 (xfer#1488, to-check=1736/1752)
synthetic_004248/posterior_variance.pt
         232054 100%  152.84MB/s   00:00:00 (xfer#1489, to-check=1737/1752)
synthetic_004249/
synthetic_004249/composite_mean.pt
         232026 100%   32.25MB/s   00:00:00 (xfer#1490, to-check=1739/1752)
synthetic_004249/metadata.json
           1798 100%   28.09MB/s   00:00:00 (xfer#1491, to-check=1740/1752)
synthetic_004249/posterior_mean.pt
         232026 100%    4.40MB/s   00:00:00 (xfer#1492, to-check=1741/1752)
synthetic_004249/posterior_samples.pt
        4587520  19%    8.42MB/s   00:00:02        9699328  39%    9.62MB/s   00:00:01       13500416  55%    7.14MB/s   00:00:01       17956864  73%    8.37MB/s   00:00:00       22282240  90%    8.23MB/s   00:00:00       24657317 100%    8.37MB/s   00:00:02 (xfer#1493, to-check=1742/1752)
synthetic_004249/posterior_std.pt
         232019 100%   74.53MB/s   00:00:00 (xfer#1494, to-check=1743/1752)
synthetic_004249/posterior_variance.pt
         232054 100%  173.99MB/s   00:00:00 (xfer#1495, to-check=1744/1752)
synthetic_004250/
synthetic_004250/composite_mean.pt
         232026 100%    7.19MB/s   00:00:00 (xfer#1496, to-check=1746/1752)
synthetic_004250/metadata.json
           1798 100%   25.59MB/s   00:00:00 (xfer#1497, to-check=1747/1752)
synthetic_004250/posterior_mean.pt
         232026 100%   16.78MB/s   00:00:00 (xfer#1498, to-check=1748/1752)
synthetic_004250/posterior_samples.pt
        5242880  21%    9.84MB/s   00:00:01       11141120  45%   11.22MB/s   00:00:01       16646144  68%   10.45MB/s   00:00:00       23461888  95%   12.71MB/s   00:00:00       24657317 100%   11.07MB/s   00:00:02 (xfer#1499, to-check=1749/1752)
synthetic_004250/posterior_std.pt
         232019 100%  122.92MB/s   00:00:00 (xfer#1500, to-check=1750/1752)
synthetic_004250/posterior_variance.pt
         232054 100%   46.55MB/s   00:00:00 (xfer#1501, to-check=1751/1752)

sent 6398M bytes  received 34548 bytes  9158k bytes/sec
total size is 6397M  speedup is 1.00
Transfer starting: 2 files
batch_0017_external_evaluation_manifest.csv
batch_0017_manifest.csv

sent 92003 bytes  received 64 bytes  508k bytes/sec
total size is 91734  speedup is 1.00
Transfer starting: 2 files
br_lora_batch_0017_mac_sha256.txt
br_lora_batch_0017_production_audit.json

sent 156k bytes  received 64 bytes  701k bytes/sec
total size is 156k  speedup is 1.00

===== FALCON TRANSFER VERIFICATION =====
Case directories : 250
Files checksummed: 1501
Mac/Falcon SHA256: IDENTICAL

==============================================================================
BR-LoRA FALCON BATCH ACCEPTANCE
==============================================================================

Batch                    : batch_0017
Batch directory          : /scratch/bhanug/br_lora_library/batches/batch_0017
Current master           : /scratch/bhanug/br_lora_library/manifests/br_lora_library_manifest.csv

===== TRANSFER CHECK =====
Files                    : 1501
Mac/Falcon SHA-256       : IDENTICAL

===== MAC PRODUCTION AUDIT =====
Status                   : PASS
Cases                    : 250
Posterior samples        : 100
Evaluation seed          : 42
Execution manifest hash  : MATCH

===== MASTER PRE-STATE =====
Rows                     : 4000
Library IDs              : synthetic_000001 to synthetic_004000
Current master SHA-256   : 325acd93bb54c58f72816729653269ce58035ac04402fe0cf4371c414790628e

==============================================================================
BATCH ACCEPTANCE: PASS
==============================================================================

Accepted batch           : batch_0017
Accepted cases           : 250
Master rows before       : 4000
Master rows after        : 4250
Library IDs              : synthetic_000001 to synthetic_004250
Unique pair keys         : 4250
Unique donor slices      : 4250
Unique external bases    : 3528
Master SHA-256           : 40e499adf73df809e77c42e8d97189245340bc5d6a92f592159bb96040440d5e
Acceptance audit         : /scratch/bhanug/br_lora_library/audits/br_lora_batch_0017_acceptance.json
Pre-promotion snapshot   : /scratch/bhanug/br_lora_library/manifests/br_lora_library_manifest_04000_pre_batch_0017.csv

SAFE TO DELETE LOCAL MAC BATCH AFTER THIS PASS.

==============================================================================
BR-LoRA FROZEN LIBRARY PIPELINE
==============================================================================

Batch                    : batch_0017
Frozen design            : /Users/bhanugarg/Desktop/localized-medical-image-synthesis/downstream_evaluation/manifests/br_lora_library_design_10000/batches/batch_0017_manifest.csv
Local staging            : /Users/bhanugarg/archive/br_lora_library_staging/batch_0017
Falcon library           : /scratch/bhanug/br_lora_library
Falcon acceptance        : True
Cleanup                  : True

==============================================================================
STAGE 1 — LOCAL GENERATION + PRODUCTION AUDIT
==============================================================================

/opt/anaconda3/envs/brats-nnunet/bin/python /Users/bhanugarg/Desktop/localized-medical-image-synthesis/scripts/run_br_lora_library_batch.py --batch batch_0017


==============================================================================
STAGE 2 — TRANSFER BATCH TO FALCON
==============================================================================

rsync -avh --partial --progress /Users/bhanugarg/archive/br_lora_library_staging/batch_0017/ falcon:/scratch/bhanug/br_lora_library/batches/batch_0017/


==============================================================================
STAGE 3 — TRANSFER MANIFESTS
==============================================================================

rsync -avh --partial /Users/bhanugarg/Desktop/localized-medical-image-synthesis/downstream_evaluation/manifests/br_lora_library_design_10000/batches/batch_0017_manifest.csv /Users/bhanugarg/Desktop/localized-medical-image-synthesis/downstream_evaluation/manifests/br_lora_library_design_10000/batches/batch_0017_external_evaluation_manifest.csv falcon:/scratch/bhanug/br_lora_library/manifests/


==============================================================================
STAGE 3 — TRANSFER AUDIT RECORDS
==============================================================================

rsync -avh --partial /Users/bhanugarg/archive/br_lora_library_staging/br_lora_batch_0017_production_audit.json /Users/bhanugarg/archive/br_lora_library_staging/br_lora_batch_0017_mac_sha256.txt falcon:/scratch/bhanug/br_lora_library/audits/


==============================================================================
STAGE 4 — FALCON SHA-256 VERIFICATION
==============================================================================

ssh falcon bash -s


==============================================================================
STAGE 5 — FALCON ACCEPTANCE
==============================================================================

ssh falcon bash -s


==============================================================================
LOCAL CLEANUP COMPLETE
==============================================================================

Deleted: /Users/bhanugarg/archive/br_lora_library_staging/batch_0017

==============================================================================
PIPELINE STAGE COMPLETE
==============================================================================

Batch                    : batch_0017
Local production         : PASS
Transfer                 : PASS
Mac/Falcon SHA-256       : IDENTICAL
Falcon acceptance        : PASS
Local cleanup            : COMPLETE
Next batch               : batch_0018

============================================================
COMPLETED: batch_0017
Finished: Sat Aug 15 18:32:47 EDT 2026
============================================================
