============================================================
BR-LoRA PIPELINE: batch_0022
Started: Sat Aug 15 19:51:51 EDT 2026
============================================================


==============================================================================
BR-LoRA EXTERNAL EVALUATION CONSTRUCTION
==============================================================================

Evaluation
------------------------------------------------------------------------------
Evaluation name          : br_lora_external_evaluation
Checkpoint               : /Users/bhanugarg/Desktop/localized-medical-image-synthesis/checkpoints/br_lora_full_train/final.pt
Device                   : mps
Seed                     : 42
Posterior realizations   : 100
Fixed diffusion noise    : True
Timestep fraction        : 0.75
Resume mode              : False

External dataset
------------------------------------------------------------------------------
Specification            : /Users/bhanugarg/archive/BraTS2020_ValidationData/MICCAI_BraTS2020_ValidationData/validation_dataset.yaml
Dataset root             : /Users/bhanugarg/archive/BraTS2020_ValidationData/MICCAI_BraTS2020_ValidationData
Registered subjects      : 125

Evaluation manifest
------------------------------------------------------------------------------
Manifest                 : /Users/bhanugarg/Desktop/localized-medical-image-synthesis/downstream_evaluation/manifests/br_lora_library_design_10000/batches/batch_0022_external_evaluation_manifest.csv
Cases                    : 250

BR-LoRA
------------------------------------------------------------------------------
Variational modules      : 7
Variational parameters   : 36,104
Donor image channel      : 0

Provenance
------------------------------------------------------------------------------
Git commit               : 35f169f8d879ca3e8fff921419a96451e704ba28
Future output directory  : /Users/bhanugarg/archive/br_lora_library_staging/batch_0022

==============================================================================
CONSTRUCTION VERDICT: PASS
The fitted BR-LoRA checkpoint, registered external dataset, fixed evaluation manifest, and diffusion schedule were constructed successfully.
==============================================================================

==============================================================================
RUNNING EXTERNAL POSTERIOR INFERENCE
==============================================================================

[1/250] synthetic_005251
  Case seed              : 222453432
  External subject       : BraTS20_Validation_065
  External slice         : 10
  Donor mask pixels      : 445
  Posterior stack        : (100, 1, 1, 240, 240)
  Case output            : /Users/bhanugarg/archive/br_lora_library_staging/batch_0022/synthetic_005251
  Verdict                : PASS

[2/250] synthetic_005252
  Case seed              : 721626541
  External subject       : BraTS20_Validation_065
  External slice         : 11
  Donor mask pixels      : 1789
  Posterior stack        : (100, 1, 1, 240, 240)
  Case output            : /Users/bhanugarg/archive/br_lora_library_staging/batch_0022/synthetic_005252
  Verdict                : PASS

[3/250] synthetic_005253
  Case seed              : 441576016
  External subject       : BraTS20_Validation_065
  External slice         : 12
  Donor mask pixels      : 733
  Posterior stack        : (100, 1, 1, 240, 240)
  Case output            : /Users/bhanugarg/archive/br_lora_library_staging/batch_0022/synthetic_005253
  Verdict                : PASS

[4/250] synthetic_005254
  Case seed              : 893170272
  External subject       : BraTS20_Validation_065
  External slice         : 13
  Donor mask pixels      : 1744
  Posterior stack        : (100, 1, 1, 240, 240)
  Case output            : /Users/bhanugarg/archive/br_lora_library_staging/batch_0022/synthetic_005254
  Verdict                : PASS

[5/250] synthetic_005255
  Case seed              : 2090725781
  External subject       : BraTS20_Validation_065
  External slice         : 14
  Donor mask pixels      : 2405
  Posterior stack        : (100, 1, 1, 240, 240)
  Case output            : /Users/bhanugarg/archive/br_lora_library_staging/batch_0022/synthetic_005255
  Verdict                : PASS

[6/250] synthetic_005256
  Case seed              : 1774731956
  External subject       : BraTS20_Validation_065
  External slice         : 15
  Donor mask pixels      : 1461
  Posterior stack        : (100, 1, 1, 240, 240)
  Case output            : /Users/bhanugarg/archive/br_lora_library_staging/batch_0022/synthetic_005256
  Verdict                : PASS

[7/250] synthetic_005257
  Case seed              : 1160924797
  External subject       : BraTS20_Validation_065
  External slice         : 16
  Donor mask pixels      : 1910
  Posterior stack        : (100, 1, 1, 240, 240)
  Case output            : /Users/bhanugarg/archive/br_lora_library_staging/batch_0022/synthetic_005257
  Verdict                : PASS

[8/250] synthetic_005258
  Case seed              : 105093731
  External subject       : BraTS20_Validation_065
  External slice         : 17
  Donor mask pixels      : 788
  Posterior stack        : (100, 1, 1, 240, 240)
  Case output            : /Users/bhanugarg/archive/br_lora_library_staging/batch_0022/synthetic_005258
  Verdict                : PASS

[9/250] synthetic_005259
  Case seed              : 275172237
  External subject       : BraTS20_Validation_065
  External slice         : 18
  Donor mask pixels      : 2270
  Posterior stack        : (100, 1, 1, 240, 240)
  Case output            : /Users/bhanugarg/archive/br_lora_library_staging/batch_0022/synthetic_005259
  Verdict                : PASS

[10/250] synthetic_005260
  Case seed              : 83332905
  External subject       : BraTS20_Validation_065
  External slice         : 19
  Donor mask pixels      : 1337
  Posterior stack        : (100, 1, 1, 240, 240)
  Case output            : /Users/bhanugarg/archive/br_lora_library_staging/batch_0022/synthetic_005260
  Verdict                : PASS

[11/250] synthetic_005261
  Case seed              : 1217582119
  External subject       : BraTS20_Validation_065
  External slice         : 20
  Donor mask pixels      : 813
  Posterior stack        : (100, 1, 1, 240, 240)
  Case output            : /Users/bhanugarg/archive/br_lora_library_staging/batch_0022/synthetic_005261
  Verdict                : PASS

[12/250] synthetic_005262
  Case seed              : 1698586696
  External subject       : BraTS20_Validation_065
  External slice         : 21
  Donor mask pixels      : 477
  Posterior stack        : (100, 1, 1, 240, 240)
  Case output            : /Users/bhanugarg/archive/br_lora_library_staging/batch_0022/synthetic_005262
  Verdict                : PASS

[13/250] synthetic_005263
  Case seed              : 1706116892
  External subject       : BraTS20_Validation_065
  External slice         : 22
  Donor mask pixels      : 1644
  Posterior stack        : (100, 1, 1, 240, 240)
  Case output            : /Users/bhanugarg/archive/br_lora_library_staging/batch_0022/synthetic_005263
  Verdict                : PASS

[14/250] synthetic_005264
  Case seed              : 88375722
  External subject       : BraTS20_Validation_065
  External slice         : 23
  Donor mask pixels      : 1496
  Posterior stack        : (100, 1, 1, 240, 240)
  Case output            : /Users/bhanugarg/archive/br_lora_library_staging/batch_0022/synthetic_005264
  Verdict                : PASS

[15/250] synthetic_005265
  Case seed              : 613947323
  External subject       : BraTS20_Validation_065
  External slice         : 24
  Donor mask pixels      : 498
  Posterior stack        : (100, 1, 1, 240, 240)
  Case output            : /Users/bhanugarg/archive/br_lora_library_staging/batch_0022/synthetic_005265
  Verdict                : PASS

[16/250] synthetic_005266
  Case seed              : 421205507
  External subject       : BraTS20_Validation_065
  External slice         : 25
  Donor mask pixels      : 2085
  Posterior stack        : (100, 1, 1, 240, 240)
  Case output            : /Users/bhanugarg/archive/br_lora_library_staging/batch_0022/synthetic_005266
  Verdict                : PASS

[17/250] synthetic_005267
  Case seed              : 1527950997
  External subject       : BraTS20_Validation_065
  External slice         : 26
  Donor mask pixels      : 1079
  Posterior stack        : (100, 1, 1, 240, 240)
  Case output            : /Users/bhanugarg/archive/br_lora_library_staging/batch_0022/synthetic_005267
  Verdict                : PASS

[18/250] synthetic_005268
  Case seed              : 491080116
  External subject       : BraTS20_Validation_065
  External slice         : 27
  Donor mask pixels      : 369
  Posterior stack        : (100, 1, 1, 240, 240)
  Case output            : /Users/bhanugarg/archive/br_lora_library_staging/batch_0022/synthetic_005268
  Verdict                : PASS

[19/250] synthetic_005269
  Case seed              : 1596404147
  External subject       : BraTS20_Validation_065
  External slice         : 98
  Donor mask pixels      : 380
  Posterior stack        : (100, 1, 1, 240, 240)
  Case output            : /Users/bhanugarg/archive/br_lora_library_staging/batch_0022/synthetic_005269
  Verdict                : PASS

[20/250] synthetic_005270
  Case seed              : 28760181
  External subject       : BraTS20_Validation_065
  External slice         : 98
  Donor mask pixels      : 1804
  Posterior stack        : (100, 1, 1, 240, 240)
  Case output            : /Users/bhanugarg/archive/br_lora_library_staging/batch_0022/synthetic_005270
  Verdict                : PASS

[21/250] synthetic_005271
  Case seed              : 148952310
  External subject       : BraTS20_Validation_065
  External slice         : 99
  Donor mask pixels      : 1287
  Posterior stack        : (100, 1, 1, 240, 240)
  Case output            : /Users/bhanugarg/archive/br_lora_library_staging/batch_0022/synthetic_005271
  Verdict                : PASS

[22/250] synthetic_005272
  Case seed              : 390311118
  External subject       : BraTS20_Validation_065
  External slice         : 99
  Donor mask pixels      : 2377
  Posterior stack        : (100, 1, 1, 240, 240)
  Case output            : /Users/bhanugarg/archive/br_lora_library_staging/batch_0022/synthetic_005272
  Verdict                : PASS

[23/250] synthetic_005273
  Case seed              : 1049311631
  External subject       : BraTS20_Validation_065
  External slice         : 100
  Donor mask pixels      : 583
  Posterior stack        : (100, 1, 1, 240, 240)
  Case output            : /Users/bhanugarg/archive/br_lora_library_staging/batch_0022/synthetic_005273
  Verdict                : PASS

[24/250] synthetic_005274
  Case seed              : 1949348172
  External subject       : BraTS20_Validation_065
  External slice         : 101
  Donor mask pixels      : 1886
  Posterior stack        : (100, 1, 1, 240, 240)
  Case output            : /Users/bhanugarg/archive/br_lora_library_staging/batch_0022/synthetic_005274
  Verdict                : PASS

[25/250] synthetic_005275
  Case seed              : 680823952
  External subject       : BraTS20_Validation_065
  External slice         : 101
  Donor mask pixels      : 2380
  Posterior stack        : (100, 1, 1, 240, 240)
  Case output            : /Users/bhanugarg/archive/br_lora_library_staging/batch_0022/synthetic_005275
  Verdict                : PASS

[26/250] synthetic_005276
  Case seed              : 486431330
  External subject       : BraTS20_Validation_065
  External slice         : 102
  Donor mask pixels      : 2274
  Posterior stack        : (100, 1, 1, 240, 240)
  Case output            : /Users/bhanugarg/archive/br_lora_library_staging/batch_0022/synthetic_005276
  Verdict                : PASS

[27/250] synthetic_005277
  Case seed              : 1180703937
  External subject       : BraTS20_Validation_065
  External slice         : 102
  Donor mask pixels      : 2660
  Posterior stack        : (100, 1, 1, 240, 240)
  Case output            : /Users/bhanugarg/archive/br_lora_library_staging/batch_0022/synthetic_005277
  Verdict                : PASS

[28/250] synthetic_005278
  Case seed              : 895238357
  External subject       : BraTS20_Validation_065
  External slice         : 103
  Donor mask pixels      : 1803
  Posterior stack        : (100, 1, 1, 240, 240)
  Case output            : /Users/bhanugarg/archive/br_lora_library_staging/batch_0022/synthetic_005278
  Verdict                : PASS

[29/250] synthetic_005279
  Case seed              : 2042693175
  External subject       : BraTS20_Validation_065
  External slice         : 103
  Donor mask pixels      : 3512
  Posterior stack        : (100, 1, 1, 240, 240)
  Case output            : /Users/bhanugarg/archive/br_lora_library_staging/batch_0022/synthetic_005279
  Verdict                : PASS

[30/250] synthetic_005280
  Case seed              : 1912596093
  External subject       : BraTS20_Validation_065
  External slice         : 104
  Donor mask pixels      : 3493
  Posterior stack        : (100, 1, 1, 240, 240)
  Case output            : /Users/bhanugarg/archive/br_lora_library_staging/batch_0022/synthetic_005280
  Verdict                : PASS

[31/250] synthetic_005281
  Case seed              : 1273215078
  External subject       : BraTS20_Validation_065
  External slice         : 104
  Donor mask pixels      : 1701
  Posterior stack        : (100, 1, 1, 240, 240)
  Case output            : /Users/bhanugarg/archive/br_lora_library_staging/batch_0022/synthetic_005281
  Verdict                : PASS

[32/250] synthetic_005282
  Case seed              : 1893765512
  External subject       : BraTS20_Validation_065
  External slice         : 105
  Donor mask pixels      : 3492
  Posterior stack        : (100, 1, 1, 240, 240)
  Case output            : /Users/bhanugarg/archive/br_lora_library_staging/batch_0022/synthetic_005282
  Verdict                : PASS

[33/250] synthetic_005283
  Case seed              : 1755595900
  External subject       : BraTS20_Validation_065
  External slice         : 105
  Donor mask pixels      : 6293
  Posterior stack        : (100, 1, 1, 240, 240)
  Case output            : /Users/bhanugarg/archive/br_lora_library_staging/batch_0022/synthetic_005283
  Verdict                : PASS

[34/250] synthetic_005284
  Case seed              : 619249440
  External subject       : BraTS20_Validation_065
  External slice         : 106
  Donor mask pixels      : 1528
  Posterior stack        : (100, 1, 1, 240, 240)
  Case output            : /Users/bhanugarg/archive/br_lora_library_staging/batch_0022/synthetic_005284
  Verdict                : PASS

[35/250] synthetic_005285
  Case seed              : 1911706472
  External subject       : BraTS20_Validation_065
  External slice         : 106
  Donor mask pixels      : 920
  Posterior stack        : (100, 1, 1, 240, 240)
  Case output            : /Users/bhanugarg/archive/br_lora_library_staging/batch_0022/synthetic_005285
  Verdict                : PASS

[36/250] synthetic_005286
  Case seed              : 1295067035
  External subject       : BraTS20_Validation_065
  External slice         : 107
  Donor mask pixels      : 632
  Posterior stack        : (100, 1, 1, 240, 240)
  Case output            : /Users/bhanugarg/archive/br_lora_library_staging/batch_0022/synthetic_005286
  Verdict                : PASS

[37/250] synthetic_005287
  Case seed              : 1317247414
  External subject       : BraTS20_Validation_065
  External slice         : 107
  Donor mask pixels      : 1618
  Posterior stack        : (100, 1, 1, 240, 240)
  Case output            : /Users/bhanugarg/archive/br_lora_library_staging/batch_0022/synthetic_005287
  Verdict                : PASS

[38/250] synthetic_005288
  Case seed              : 816500290
  External subject       : BraTS20_Validation_065
  External slice         : 108
  Donor mask pixels      : 1212
  Posterior stack        : (100, 1, 1, 240, 240)
  Case output            : /Users/bhanugarg/archive/br_lora_library_staging/batch_0022/synthetic_005288
  Verdict                : PASS

[39/250] synthetic_005289
  Case seed              : 689589797
  External subject       : BraTS20_Validation_065
  External slice         : 108
  Donor mask pixels      : 2793
  Posterior stack        : (100, 1, 1, 240, 240)
  Case output            : /Users/bhanugarg/archive/br_lora_library_staging/batch_0022/synthetic_005289
  Verdict                : PASS

[40/250] synthetic_005290
  Case seed              : 98056465
  External subject       : BraTS20_Validation_065
  External slice         : 109
  Donor mask pixels      : 1058
  Posterior stack        : (100, 1, 1, 240, 240)
  Case output            : /Users/bhanugarg/archive/br_lora_library_staging/batch_0022/synthetic_005290
  Verdict                : PASS

[41/250] synthetic_005291
  Case seed              : 530773818
  External subject       : BraTS20_Validation_065
  External slice         : 109
  Donor mask pixels      : 2525
  Posterior stack        : (100, 1, 1, 240, 240)
  Case output            : /Users/bhanugarg/archive/br_lora_library_staging/batch_0022/synthetic_005291
  Verdict                : PASS

[42/250] synthetic_005292
  Case seed              : 1161750346
  External subject       : BraTS20_Validation_065
  External slice         : 110
  Donor mask pixels      : 1786
  Posterior stack        : (100, 1, 1, 240, 240)
  Case output            : /Users/bhanugarg/archive/br_lora_library_staging/batch_0022/synthetic_005292
  Verdict                : PASS

[43/250] synthetic_005293
  Case seed              : 1520076667
  External subject       : BraTS20_Validation_065
  External slice         : 110
  Donor mask pixels      : 3524
  Posterior stack        : (100, 1, 1, 240, 240)
  Case output            : /Users/bhanugarg/archive/br_lora_library_staging/batch_0022/synthetic_005293
  Verdict                : PASS

[44/250] synthetic_005294
  Case seed              : 1838964495
  External subject       : BraTS20_Validation_065
  External slice         : 111
  Donor mask pixels      : 3019
  Posterior stack        : (100, 1, 1, 240, 240)
  Case output            : /Users/bhanugarg/archive/br_lora_library_staging/batch_0022/synthetic_005294
  Verdict                : PASS

[45/250] synthetic_005295
  Case seed              : 1060340662
  External subject       : BraTS20_Validation_065
  External slice         : 111
  Donor mask pixels      : 2510
  Posterior stack        : (100, 1, 1, 240, 240)
  Case output            : /Users/bhanugarg/archive/br_lora_library_staging/batch_0022/synthetic_005295
  Verdict                : PASS

[46/250] synthetic_005296
  Case seed              : 521154449
  External subject       : BraTS20_Validation_065
  External slice         : 112
  Donor mask pixels      : 1742
  Posterior stack        : (100, 1, 1, 240, 240)
  Case output            : /Users/bhanugarg/archive/br_lora_library_staging/batch_0022/synthetic_005296
  Verdict                : PASS

[47/250] synthetic_005297
  Case seed              : 1488368404
  External subject       : BraTS20_Validation_065
  External slice         : 112
  Donor mask pixels      : 2420
  Posterior stack        : (100, 1, 1, 240, 240)
  Case output            : /Users/bhanugarg/archive/br_lora_library_staging/batch_0022/synthetic_005297
  Verdict                : PASS

[48/250] synthetic_005298
  Case seed              : 1620809671
  External subject       : BraTS20_Validation_065
  External slice         : 113
  Donor mask pixels      : 1850
  Posterior stack        : (100, 1, 1, 240, 240)
  Case output            : /Users/bhanugarg/archive/br_lora_library_staging/batch_0022/synthetic_005298
  Verdict                : PASS

[49/250] synthetic_005299
  Case seed              : 554409201
  External subject       : BraTS20_Validation_065
  External slice         : 113
  Donor mask pixels      : 1379
  Posterior stack        : (100, 1, 1, 240, 240)
  Case output            : /Users/bhanugarg/archive/br_lora_library_staging/batch_0022/synthetic_005299
  Verdict                : PASS

[50/250] synthetic_005300
  Case seed              : 779177221
  External subject       : BraTS20_Validation_065
  External slice         : 114
  Donor mask pixels      : 641
  Posterior stack        : (100, 1, 1, 240, 240)
  Case output            : /Users/bhanugarg/archive/br_lora_library_staging/batch_0022/synthetic_005300
  Verdict                : PASS

[51/250] synthetic_005301
  Case seed              : 233123616
  External subject       : BraTS20_Validation_065
  External slice         : 114
  Donor mask pixels      : 2927
  Posterior stack        : (100, 1, 1, 240, 240)
  Case output            : /Users/bhanugarg/archive/br_lora_library_staging/batch_0022/synthetic_005301
  Verdict                : PASS

[52/250] synthetic_005302
  Case seed              : 1190139868
  External subject       : BraTS20_Validation_065
  External slice         : 115
  Donor mask pixels      : 2393
  Posterior stack        : (100, 1, 1, 240, 240)
  Case output            : /Users/bhanugarg/archive/br_lora_library_staging/batch_0022/synthetic_005302
  Verdict                : PASS

[53/250] synthetic_005303
  Case seed              : 329839134
  External subject       : BraTS20_Validation_065
  External slice         : 115
  Donor mask pixels      : 2339
  Posterior stack        : (100, 1, 1, 240, 240)
  Case output            : /Users/bhanugarg/archive/br_lora_library_staging/batch_0022/synthetic_005303
  Verdict                : PASS

[54/250] synthetic_005304
  Case seed              : 1583907090
  External subject       : BraTS20_Validation_065
  External slice         : 116
  Donor mask pixels      : 2422
  Posterior stack        : (100, 1, 1, 240, 240)
  Case output            : /Users/bhanugarg/archive/br_lora_library_staging/batch_0022/synthetic_005304
  Verdict                : PASS

[55/250] synthetic_005305
  Case seed              : 1812089180
  External subject       : BraTS20_Validation_065
  External slice         : 116
  Donor mask pixels      : 2491
  Posterior stack        : (100, 1, 1, 240, 240)
  Case output            : /Users/bhanugarg/archive/br_lora_library_staging/batch_0022/synthetic_005305
  Verdict                : PASS

[56/250] synthetic_005306
  Case seed              : 1821476426
  External subject       : BraTS20_Validation_065
  External slice         : 117
  Donor mask pixels      : 594
  Posterior stack        : (100, 1, 1, 240, 240)
  Case output            : /Users/bhanugarg/archive/br_lora_library_staging/batch_0022/synthetic_005306
  Verdict                : PASS

[57/250] synthetic_005307
  Case seed              : 1338637641
  External subject       : BraTS20_Validation_065
  External slice         : 117
  Donor mask pixels      : 2359
  Posterior stack        : (100, 1, 1, 240, 240)
  Case output            : /Users/bhanugarg/archive/br_lora_library_staging/batch_0022/synthetic_005307
  Verdict                : PASS

[58/250] synthetic_005308
  Case seed              : 862897890
  External subject       : BraTS20_Validation_065
  External slice         : 118
  Donor mask pixels      : 2158
  Posterior stack        : (100, 1, 1, 240, 240)
  Case output            : /Users/bhanugarg/archive/br_lora_library_staging/batch_0022/synthetic_005308
  Verdict                : PASS

[59/250] synthetic_005309
  Case seed              : 672517944
  External subject       : BraTS20_Validation_065
  External slice         : 118
  Donor mask pixels      : 1405
  Posterior stack        : (100, 1, 1, 240, 240)
  Case output            : /Users/bhanugarg/archive/br_lora_library_staging/batch_0022/synthetic_005309
  Verdict                : PASS

[60/250] synthetic_005310
  Case seed              : 466021577
  External subject       : BraTS20_Validation_065
  External slice         : 119
  Donor mask pixels      : 1848
  Posterior stack        : (100, 1, 1, 240, 240)
  Case output            : /Users/bhanugarg/archive/br_lora_library_staging/batch_0022/synthetic_005310
  Verdict                : PASS

[61/250] synthetic_005311
  Case seed              : 1101552261
  External subject       : BraTS20_Validation_065
  External slice         : 119
  Donor mask pixels      : 1194
  Posterior stack        : (100, 1, 1, 240, 240)
  Case output            : /Users/bhanugarg/archive/br_lora_library_staging/batch_0022/synthetic_005311
  Verdict                : PASS

[62/250] synthetic_005312
  Case seed              : 1139978435
  External subject       : BraTS20_Validation_065
  External slice         : 120
  Donor mask pixels      : 1820
  Posterior stack        : (100, 1, 1, 240, 240)
  Case output            : /Users/bhanugarg/archive/br_lora_library_staging/batch_0022/synthetic_005312
  Verdict                : PASS

[63/250] synthetic_005313
  Case seed              : 1686271724
  External subject       : BraTS20_Validation_065
  External slice         : 121
  Donor mask pixels      : 1886
  Posterior stack        : (100, 1, 1, 240, 240)
  Case output            : /Users/bhanugarg/archive/br_lora_library_staging/batch_0022/synthetic_005313
  Verdict                : PASS

[64/250] synthetic_005314
  Case seed              : 335390868
  External subject       : BraTS20_Validation_065
  External slice         : 122
  Donor mask pixels      : 2504
  Posterior stack        : (100, 1, 1, 240, 240)
  Case output            : /Users/bhanugarg/archive/br_lora_library_staging/batch_0022/synthetic_005314
  Verdict                : PASS

[65/250] synthetic_005315
  Case seed              : 1087079062
  External subject       : BraTS20_Validation_065
  External slice         : 123
  Donor mask pixels      : 376
  Posterior stack        : (100, 1, 1, 240, 240)
  Case output            : /Users/bhanugarg/archive/br_lora_library_staging/batch_0022/synthetic_005315
  Verdict                : PASS

[66/250] synthetic_005316
  Case seed              : 1939200550
  External subject       : BraTS20_Validation_065
  External slice         : 124
  Donor mask pixels      : 623
  Posterior stack        : (100, 1, 1, 240, 240)
  Case output            : /Users/bhanugarg/archive/br_lora_library_staging/batch_0022/synthetic_005316
  Verdict                : PASS

[67/250] synthetic_005317
  Case seed              : 957723372
  External subject       : BraTS20_Validation_065
  External slice         : 125
  Donor mask pixels      : 492
  Posterior stack        : (100, 1, 1, 240, 240)
  Case output            : /Users/bhanugarg/archive/br_lora_library_staging/batch_0022/synthetic_005317
  Verdict                : PASS

[68/250] synthetic_005318
  Case seed              : 1371234378
  External subject       : BraTS20_Validation_065
  External slice         : 126
  Donor mask pixels      : 1029
  Posterior stack        : (100, 1, 1, 240, 240)
  Case output            : /Users/bhanugarg/archive/br_lora_library_staging/batch_0022/synthetic_005318
  Verdict                : PASS

[69/250] synthetic_005319
  Case seed              : 1635864425
  External subject       : BraTS20_Validation_065
  External slice         : 127
  Donor mask pixels      : 801
  Posterior stack        : (100, 1, 1, 240, 240)
  Case output            : /Users/bhanugarg/archive/br_lora_library_staging/batch_0022/synthetic_005319
  Verdict                : PASS

[70/250] synthetic_005320
  Case seed              : 1212429236
  External subject       : BraTS20_Validation_065
  External slice         : 129
  Donor mask pixels      : 356
  Posterior stack        : (100, 1, 1, 240, 240)
  Case output            : /Users/bhanugarg/archive/br_lora_library_staging/batch_0022/synthetic_005320
  Verdict                : PASS

[71/250] synthetic_005321
  Case seed              : 2066436509
  External subject       : BraTS20_Validation_066
  External slice         : 0
  Donor mask pixels      : 813
  Posterior stack        : (100, 1, 1, 240, 240)
  Case output            : /Users/bhanugarg/archive/br_lora_library_staging/batch_0022/synthetic_005321
  Verdict                : PASS

[72/250] synthetic_005322
  Case seed              : 973971676
  External subject       : BraTS20_Validation_066
  External slice         : 1
  Donor mask pixels      : 844
  Posterior stack        : (100, 1, 1, 240, 240)
  Case output            : /Users/bhanugarg/archive/br_lora_library_staging/batch_0022/synthetic_005322
  Verdict                : PASS

[73/250] synthetic_005323
  Case seed              : 123348461
  External subject       : BraTS20_Validation_066
  External slice         : 2
  Donor mask pixels      : 876
  Posterior stack        : (100, 1, 1, 240, 240)
  Case output            : /Users/bhanugarg/archive/br_lora_library_staging/batch_0022/synthetic_005323
  Verdict                : PASS

[74/250] synthetic_005324
  Case seed              : 1896068043
  External subject       : BraTS20_Validation_066
  External slice         : 3
  Donor mask pixels      : 542
  Posterior stack        : (100, 1, 1, 240, 240)
  Case output            : /Users/bhanugarg/archive/br_lora_library_staging/batch_0022/synthetic_005324
  Verdict                : PASS

[75/250] synthetic_005325
  Case seed              : 361869551
  External subject       : BraTS20_Validation_066
  External slice         : 4
  Donor mask pixels      : 960
  Posterior stack        : (100, 1, 1, 240, 240)
  Case output            : /Users/bhanugarg/archive/br_lora_library_staging/batch_0022/synthetic_005325
  Verdict                : PASS

[76/250] synthetic_005326
  Case seed              : 739065795
  External subject       : BraTS20_Validation_066
  External slice         : 5
  Donor mask pixels      : 1021
  Posterior stack        : (100, 1, 1, 240, 240)
  Case output            : /Users/bhanugarg/archive/br_lora_library_staging/batch_0022/synthetic_005326
  Verdict                : PASS

[77/250] synthetic_005327
  Case seed              : 1152309275
  External subject       : BraTS20_Validation_066
  External slice         : 6
  Donor mask pixels      : 1076
  Posterior stack        : (100, 1, 1, 240, 240)
  Case output            : /Users/bhanugarg/archive/br_lora_library_staging/batch_0022/synthetic_005327
  Verdict                : PASS

[78/250] synthetic_005328
  Case seed              : 2047621548
  External subject       : BraTS20_Validation_066
  External slice         : 8
  Donor mask pixels      : 1254
  Posterior stack        : (100, 1, 1, 240, 240)
  Case output            : /Users/bhanugarg/archive/br_lora_library_staging/batch_0022/synthetic_005328
  Verdict                : PASS

[79/250] synthetic_005329
  Case seed              : 984564590
  External subject       : BraTS20_Validation_066
  External slice         : 9
  Donor mask pixels      : 820
  Posterior stack        : (100, 1, 1, 240, 240)
  Case output            : /Users/bhanugarg/archive/br_lora_library_staging/batch_0022/synthetic_005329
  Verdict                : PASS

[80/250] synthetic_005330
  Case seed              : 1008334674
  External subject       : BraTS20_Validation_066
  External slice         : 10
  Donor mask pixels      : 562
  Posterior stack        : (100, 1, 1, 240, 240)
  Case output            : /Users/bhanugarg/archive/br_lora_library_staging/batch_0022/synthetic_005330
  Verdict                : PASS

[81/250] synthetic_005331
  Case seed              : 166704224
  External subject       : BraTS20_Validation_066
  External slice         : 11
  Donor mask pixels      : 918
  Posterior stack        : (100, 1, 1, 240, 240)
  Case output            : /Users/bhanugarg/archive/br_lora_library_staging/batch_0022/synthetic_005331
  Verdict                : PASS

[82/250] synthetic_005332
  Case seed              : 1078474984
  External subject       : BraTS20_Validation_066
  External slice         : 12
  Donor mask pixels      : 1314
  Posterior stack        : (100, 1, 1, 240, 240)
  Case output            : /Users/bhanugarg/archive/br_lora_library_staging/batch_0022/synthetic_005332
  Verdict                : PASS

[83/250] synthetic_005333
  Case seed              : 1810135662
  External subject       : BraTS20_Validation_066
  External slice         : 13
  Donor mask pixels      : 1509
  Posterior stack        : (100, 1, 1, 240, 240)
  Case output            : /Users/bhanugarg/archive/br_lora_library_staging/batch_0022/synthetic_005333
  Verdict                : PASS

[84/250] synthetic_005334
  Case seed              : 1450344507
  External subject       : BraTS20_Validation_066
  External slice         : 14
  Donor mask pixels      : 632
  Posterior stack        : (100, 1, 1, 240, 240)
  Case output            : /Users/bhanugarg/archive/br_lora_library_staging/batch_0022/synthetic_005334
  Verdict                : PASS

[85/250] synthetic_005335
  Case seed              : 745818447
  External subject       : BraTS20_Validation_066
  External slice         : 15
  Donor mask pixels      : 403
  Posterior stack        : (100, 1, 1, 240, 240)
  Case output            : /Users/bhanugarg/archive/br_lora_library_staging/batch_0022/synthetic_005335
  Verdict                : PASS

[86/250] synthetic_005336
  Case seed              : 2017268238
  External subject       : BraTS20_Validation_066
  External slice         : 16
  Donor mask pixels      : 1347
  Posterior stack        : (100, 1, 1, 240, 240)
  Case output            : /Users/bhanugarg/archive/br_lora_library_staging/batch_0022/synthetic_005336
  Verdict                : PASS

[87/250] synthetic_005337
  Case seed              : 2123603695
  External subject       : BraTS20_Validation_066
  External slice         : 17
  Donor mask pixels      : 2584
  Posterior stack        : (100, 1, 1, 240, 240)
  Case output            : /Users/bhanugarg/archive/br_lora_library_staging/batch_0022/synthetic_005337
  Verdict                : PASS

[88/250] synthetic_005338
  Case seed              : 674124196
  External subject       : BraTS20_Validation_066
  External slice         : 18
  Donor mask pixels      : 796
  Posterior stack        : (100, 1, 1, 240, 240)
  Case output            : /Users/bhanugarg/archive/br_lora_library_staging/batch_0022/synthetic_005338
  Verdict                : PASS

[89/250] synthetic_005339
  Case seed              : 427132800
  External subject       : BraTS20_Validation_066
  External slice         : 19
  Donor mask pixels      : 312
  Posterior stack        : (100, 1, 1, 240, 240)
  Case output            : /Users/bhanugarg/archive/br_lora_library_staging/batch_0022/synthetic_005339
  Verdict                : PASS

[90/250] synthetic_005340
  Case seed              : 463372844
  External subject       : BraTS20_Validation_066
  External slice         : 20
  Donor mask pixels      : 2084
  Posterior stack        : (100, 1, 1, 240, 240)
  Case output            : /Users/bhanugarg/archive/br_lora_library_staging/batch_0022/synthetic_005340
  Verdict                : PASS

[91/250] synthetic_005341
  Case seed              : 1138039777
  External subject       : BraTS20_Validation_066
  External slice         : 21
  Donor mask pixels      : 928
  Posterior stack        : (100, 1, 1, 240, 240)
  Case output            : /Users/bhanugarg/archive/br_lora_library_staging/batch_0022/synthetic_005341
  Verdict                : PASS

[92/250] synthetic_005342
  Case seed              : 1207678838
  External subject       : BraTS20_Validation_066
  External slice         : 22
  Donor mask pixels      : 1260
  Posterior stack        : (100, 1, 1, 240, 240)
  Case output            : /Users/bhanugarg/archive/br_lora_library_staging/batch_0022/synthetic_005342
  Verdict                : PASS

[93/250] synthetic_005343
  Case seed              : 1695853041
  External subject       : BraTS20_Validation_066
  External slice         : 23
  Donor mask pixels      : 1445
  Posterior stack        : (100, 1, 1, 240, 240)
  Case output            : /Users/bhanugarg/archive/br_lora_library_staging/batch_0022/synthetic_005343
  Verdict                : PASS

[94/250] synthetic_005344
  Case seed              : 661774146
  External subject       : BraTS20_Validation_066
  External slice         : 24
  Donor mask pixels      : 889
  Posterior stack        : (100, 1, 1, 240, 240)
  Case output            : /Users/bhanugarg/archive/br_lora_library_staging/batch_0022/synthetic_005344
  Verdict                : PASS

[95/250] synthetic_005345
  Case seed              : 108049292
  External subject       : BraTS20_Validation_066
  External slice         : 25
  Donor mask pixels      : 824
  Posterior stack        : (100, 1, 1, 240, 240)
  Case output            : /Users/bhanugarg/archive/br_lora_library_staging/batch_0022/synthetic_005345
  Verdict                : PASS

[96/250] synthetic_005346
  Case seed              : 906463765
  External subject       : BraTS20_Validation_066
  External slice         : 26
  Donor mask pixels      : 1408
  Posterior stack        : (100, 1, 1, 240, 240)
  Case output            : /Users/bhanugarg/archive/br_lora_library_staging/batch_0022/synthetic_005346
  Verdict                : PASS

[97/250] synthetic_005347
  Case seed              : 748894664
  External subject       : BraTS20_Validation_066
  External slice         : 27
  Donor mask pixels      : 1727
  Posterior stack        : (100, 1, 1, 240, 240)
  Case output            : /Users/bhanugarg/archive/br_lora_library_staging/batch_0022/synthetic_005347
  Verdict                : PASS

[98/250] synthetic_005348
  Case seed              : 1079665165
  External subject       : BraTS20_Validation_066
  External slice         : 28
  Donor mask pixels      : 1820
  Posterior stack        : (100, 1, 1, 240, 240)
  Case output            : /Users/bhanugarg/archive/br_lora_library_staging/batch_0022/synthetic_005348
  Verdict                : PASS

[99/250] synthetic_005349
  Case seed              : 532168908
  External subject       : BraTS20_Validation_066
  External slice         : 29
  Donor mask pixels      : 1147
  Posterior stack        : (100, 1, 1, 240, 240)
  Case output            : /Users/bhanugarg/archive/br_lora_library_staging/batch_0022/synthetic_005349
  Verdict                : PASS

[100/250] synthetic_005350
  Case seed              : 1759269180
  External subject       : BraTS20_Validation_066
  External slice         : 30
  Donor mask pixels      : 1720
  Posterior stack        : (100, 1, 1, 240, 240)
  Case output            : /Users/bhanugarg/archive/br_lora_library_staging/batch_0022/synthetic_005350
  Verdict                : PASS

[101/250] synthetic_005351
  Case seed              : 1797146606
  External subject       : BraTS20_Validation_066
  External slice         : 31
  Donor mask pixels      : 3209
  Posterior stack        : (100, 1, 1, 240, 240)
  Case output            : /Users/bhanugarg/archive/br_lora_library_staging/batch_0022/synthetic_005351
  Verdict                : PASS

[102/250] synthetic_005352
  Case seed              : 283463051
  External subject       : BraTS20_Validation_066
  External slice         : 32
  Donor mask pixels      : 3356
  Posterior stack        : (100, 1, 1, 240, 240)
  Case output            : /Users/bhanugarg/archive/br_lora_library_staging/batch_0022/synthetic_005352
  Verdict                : PASS

[103/250] synthetic_005353
  Case seed              : 735807690
  External subject       : BraTS20_Validation_066
  External slice         : 33
  Donor mask pixels      : 682
  Posterior stack        : (100, 1, 1, 240, 240)
  Case output            : /Users/bhanugarg/archive/br_lora_library_staging/batch_0022/synthetic_005353
  Verdict                : PASS

[104/250] synthetic_005354
  Case seed              : 1867561689
  External subject       : BraTS20_Validation_066
  External slice         : 34
  Donor mask pixels      : 2632
  Posterior stack        : (100, 1, 1, 240, 240)
  Case output            : /Users/bhanugarg/archive/br_lora_library_staging/batch_0022/synthetic_005354
  Verdict                : PASS

[105/250] synthetic_005355
  Case seed              : 577532794
  External subject       : BraTS20_Validation_066
  External slice         : 35
  Donor mask pixels      : 1215
  Posterior stack        : (100, 1, 1, 240, 240)
  Case output            : /Users/bhanugarg/archive/br_lora_library_staging/batch_0022/synthetic_005355
  Verdict                : PASS

[106/250] synthetic_005356
  Case seed              : 1398536253
  External subject       : BraTS20_Validation_066
  External slice         : 36
  Donor mask pixels      : 1927
  Posterior stack        : (100, 1, 1, 240, 240)
  Case output            : /Users/bhanugarg/archive/br_lora_library_staging/batch_0022/synthetic_005356
  Verdict                : PASS

[107/250] synthetic_005357
  Case seed              : 208115384
  External subject       : BraTS20_Validation_066
  External slice         : 37
  Donor mask pixels      : 1469
  Posterior stack        : (100, 1, 1, 240, 240)
  Case output            : /Users/bhanugarg/archive/br_lora_library_staging/batch_0022/synthetic_005357
  Verdict                : PASS

[108/250] synthetic_005358
  Case seed              : 821268241
  External subject       : BraTS20_Validation_066
  External slice         : 38
  Donor mask pixels      : 1160
  Posterior stack        : (100, 1, 1, 240, 240)
  Case output            : /Users/bhanugarg/archive/br_lora_library_staging/batch_0022/synthetic_005358
  Verdict                : PASS

[109/250] synthetic_005359
  Case seed              : 1640180002
  External subject       : BraTS20_Validation_066
  External slice         : 39
  Donor mask pixels      : 1513
  Posterior stack        : (100, 1, 1, 240, 240)
  Case output            : /Users/bhanugarg/archive/br_lora_library_staging/batch_0022/synthetic_005359
  Verdict                : PASS

[110/250] synthetic_005360
  Case seed              : 851440450
  External subject       : BraTS20_Validation_066
  External slice         : 40
  Donor mask pixels      : 2040
  Posterior stack        : (100, 1, 1, 240, 240)
  Case output            : /Users/bhanugarg/archive/br_lora_library_staging/batch_0022/synthetic_005360
  Verdict                : PASS

[111/250] synthetic_005361
  Case seed              : 933084906
  External subject       : BraTS20_Validation_066
  External slice         : 41
  Donor mask pixels      : 4468
  Posterior stack        : (100, 1, 1, 240, 240)
  Case output            : /Users/bhanugarg/archive/br_lora_library_staging/batch_0022/synthetic_005361
  Verdict                : PASS

[112/250] synthetic_005362
  Case seed              : 1379792362
  External subject       : BraTS20_Validation_066
  External slice         : 42
  Donor mask pixels      : 2816
  Posterior stack        : (100, 1, 1, 240, 240)
  Case output            : /Users/bhanugarg/archive/br_lora_library_staging/batch_0022/synthetic_005362
  Verdict                : PASS

[113/250] synthetic_005363
  Case seed              : 384593302
  External subject       : BraTS20_Validation_066
  External slice         : 43
  Donor mask pixels      : 2388
  Posterior stack        : (100, 1, 1, 240, 240)
  Case output            : /Users/bhanugarg/archive/br_lora_library_staging/batch_0022/synthetic_005363
  Verdict                : PASS

[114/250] synthetic_005364
  Case seed              : 1805810304
  External subject       : BraTS20_Validation_066
  External slice         : 44
  Donor mask pixels      : 1416
  Posterior stack        : (100, 1, 1, 240, 240)
  Case output            : /Users/bhanugarg/archive/br_lora_library_staging/batch_0022/synthetic_005364
  Verdict                : PASS

[115/250] synthetic_005365
  Case seed              : 1578855933
  External subject       : BraTS20_Validation_066
  External slice         : 45
  Donor mask pixels      : 1333
  Posterior stack        : (100, 1, 1, 240, 240)
  Case output            : /Users/bhanugarg/archive/br_lora_library_staging/batch_0022/synthetic_005365
  Verdict                : PASS

[116/250] synthetic_005366
  Case seed              : 1270650745
  External subject       : BraTS20_Validation_066
  External slice         : 46
  Donor mask pixels      : 2727
  Posterior stack        : (100, 1, 1, 240, 240)
  Case output            : /Users/bhanugarg/archive/br_lora_library_staging/batch_0022/synthetic_005366
  Verdict                : PASS

[117/250] synthetic_005367
  Case seed              : 1364191078
  External subject       : BraTS20_Validation_066
  External slice         : 47
  Donor mask pixels      : 3012
  Posterior stack        : (100, 1, 1, 240, 240)
  Case output            : /Users/bhanugarg/archive/br_lora_library_staging/batch_0022/synthetic_005367
  Verdict                : PASS

[118/250] synthetic_005368
  Case seed              : 752413482
  External subject       : BraTS20_Validation_066
  External slice         : 48
  Donor mask pixels      : 839
  Posterior stack        : (100, 1, 1, 240, 240)
  Case output            : /Users/bhanugarg/archive/br_lora_library_staging/batch_0022/synthetic_005368
  Verdict                : PASS

[119/250] synthetic_005369
  Case seed              : 1827154045
  External subject       : BraTS20_Validation_066
  External slice         : 49
  Donor mask pixels      : 4474
  Posterior stack        : (100, 1, 1, 240, 240)
  Case output            : /Users/bhanugarg/archive/br_lora_library_staging/batch_0022/synthetic_005369
  Verdict                : PASS

[120/250] synthetic_005370
  Case seed              : 2118135800
  External subject       : BraTS20_Validation_066
  External slice         : 50
  Donor mask pixels      : 697
  Posterior stack        : (100, 1, 1, 240, 240)
  Case output            : /Users/bhanugarg/archive/br_lora_library_staging/batch_0022/synthetic_005370
  Verdict                : PASS

[121/250] synthetic_005371
  Case seed              : 585138200
  External subject       : BraTS20_Validation_066
  External slice         : 52
  Donor mask pixels      : 1191
  Posterior stack        : (100, 1, 1, 240, 240)
  Case output            : /Users/bhanugarg/archive/br_lora_library_staging/batch_0022/synthetic_005371
  Verdict                : PASS

[122/250] synthetic_005372
  Case seed              : 1616109062
  External subject       : BraTS20_Validation_066
  External slice         : 53
  Donor mask pixels      : 2037
  Posterior stack        : (100, 1, 1, 240, 240)
  Case output            : /Users/bhanugarg/archive/br_lora_library_staging/batch_0022/synthetic_005372
  Verdict                : PASS

[123/250] synthetic_005373
  Case seed              : 462066089
  External subject       : BraTS20_Validation_066
  External slice         : 54
  Donor mask pixels      : 2071
  Posterior stack        : (100, 1, 1, 240, 240)
  Case output            : /Users/bhanugarg/archive/br_lora_library_staging/batch_0022/synthetic_005373
  Verdict                : PASS

[124/250] synthetic_005374
  Case seed              : 786358056
  External subject       : BraTS20_Validation_066
  External slice         : 55
  Donor mask pixels      : 2107
  Posterior stack        : (100, 1, 1, 240, 240)
  Case output            : /Users/bhanugarg/archive/br_lora_library_staging/batch_0022/synthetic_005374
  Verdict                : PASS

[125/250] synthetic_005375
  Case seed              : 922463477
  External subject       : BraTS20_Validation_066
  External slice         : 55
  Donor mask pixels      : 3753
  Posterior stack        : (100, 1, 1, 240, 240)
  Case output            : /Users/bhanugarg/archive/br_lora_library_staging/batch_0022/synthetic_005375
  Verdict                : PASS

[126/250] synthetic_005376
  Case seed              : 117257686
  External subject       : BraTS20_Validation_066
  External slice         : 56
  Donor mask pixels      : 653
  Posterior stack        : (100, 1, 1, 240, 240)
  Case output            : /Users/bhanugarg/archive/br_lora_library_staging/batch_0022/synthetic_005376
  Verdict                : PASS

[127/250] synthetic_005377
  Case seed              : 807259817
  External subject       : BraTS20_Validation_066
  External slice         : 56
  Donor mask pixels      : 1673
  Posterior stack        : (100, 1, 1, 240, 240)
  Case output            : /Users/bhanugarg/archive/br_lora_library_staging/batch_0022/synthetic_005377
  Verdict                : PASS

[128/250] synthetic_005378
  Case seed              : 823633917
  External subject       : BraTS20_Validation_066
  External slice         : 57
  Donor mask pixels      : 872
  Posterior stack        : (100, 1, 1, 240, 240)
  Case output            : /Users/bhanugarg/archive/br_lora_library_staging/batch_0022/synthetic_005378
  Verdict                : PASS

[129/250] synthetic_005379
  Case seed              : 1568854594
  External subject       : BraTS20_Validation_066
  External slice         : 57
  Donor mask pixels      : 3099
  Posterior stack        : (100, 1, 1, 240, 240)
  Case output            : /Users/bhanugarg/archive/br_lora_library_staging/batch_0022/synthetic_005379
  Verdict                : PASS

[130/250] synthetic_005380
  Case seed              : 66631198
  External subject       : BraTS20_Validation_066
  External slice         : 121
  Donor mask pixels      : 1499
  Posterior stack        : (100, 1, 1, 240, 240)
  Case output            : /Users/bhanugarg/archive/br_lora_library_staging/batch_0022/synthetic_005380
  Verdict                : PASS

[131/250] synthetic_005381
  Case seed              : 1921559385
  External subject       : BraTS20_Validation_066
  External slice         : 122
  Donor mask pixels      : 1226
  Posterior stack        : (100, 1, 1, 240, 240)
  Case output            : /Users/bhanugarg/archive/br_lora_library_staging/batch_0022/synthetic_005381
  Verdict                : PASS

[132/250] synthetic_005382
  Case seed              : 89993071
  External subject       : BraTS20_Validation_066
  External slice         : 123
  Donor mask pixels      : 1777
  Posterior stack        : (100, 1, 1, 240, 240)
  Case output            : /Users/bhanugarg/archive/br_lora_library_staging/batch_0022/synthetic_005382
  Verdict                : PASS

[133/250] synthetic_005383
  Case seed              : 1688555015
  External subject       : BraTS20_Validation_066
  External slice         : 124
  Donor mask pixels      : 523
  Posterior stack        : (100, 1, 1, 240, 240)
  Case output            : /Users/bhanugarg/archive/br_lora_library_staging/batch_0022/synthetic_005383
  Verdict                : PASS

[134/250] synthetic_005384
  Case seed              : 27172453
  External subject       : BraTS20_Validation_066
  External slice         : 125
  Donor mask pixels      : 2261
  Posterior stack        : (100, 1, 1, 240, 240)
  Case output            : /Users/bhanugarg/archive/br_lora_library_staging/batch_0022/synthetic_005384
  Verdict                : PASS

[135/250] synthetic_005385
  Case seed              : 505809284
  External subject       : BraTS20_Validation_066
  External slice         : 126
  Donor mask pixels      : 1200
  Posterior stack        : (100, 1, 1, 240, 240)
  Case output            : /Users/bhanugarg/archive/br_lora_library_staging/batch_0022/synthetic_005385
  Verdict                : PASS

[136/250] synthetic_005386
  Case seed              : 1920483495
  External subject       : BraTS20_Validation_066
  External slice         : 127
  Donor mask pixels      : 305
  Posterior stack        : (100, 1, 1, 240, 240)
  Case output            : /Users/bhanugarg/archive/br_lora_library_staging/batch_0022/synthetic_005386
  Verdict                : PASS

[137/250] synthetic_005387
  Case seed              : 815287421
  External subject       : BraTS20_Validation_066
  External slice         : 128
  Donor mask pixels      : 2677
  Posterior stack        : (100, 1, 1, 240, 240)
  Case output            : /Users/bhanugarg/archive/br_lora_library_staging/batch_0022/synthetic_005387
  Verdict                : PASS

[138/250] synthetic_005388
  Case seed              : 788025641
  External subject       : BraTS20_Validation_066
  External slice         : 129
  Donor mask pixels      : 2358
  Posterior stack        : (100, 1, 1, 240, 240)
  Case output            : /Users/bhanugarg/archive/br_lora_library_staging/batch_0022/synthetic_005388
  Verdict                : PASS

[139/250] synthetic_005389
  Case seed              : 1982907054
  External subject       : BraTS20_Validation_066
  External slice         : 130
  Donor mask pixels      : 1272
  Posterior stack        : (100, 1, 1, 240, 240)
  Case output            : /Users/bhanugarg/archive/br_lora_library_staging/batch_0022/synthetic_005389
  Verdict                : PASS

[140/250] synthetic_005390
  Case seed              : 241351945
  External subject       : BraTS20_Validation_066
  External slice         : 131
  Donor mask pixels      : 732
  Posterior stack        : (100, 1, 1, 240, 240)
  Case output            : /Users/bhanugarg/archive/br_lora_library_staging/batch_0022/synthetic_005390
  Verdict                : PASS

[141/250] synthetic_005391
  Case seed              : 264497738
  External subject       : BraTS20_Validation_066
  External slice         : 132
  Donor mask pixels      : 933
  Posterior stack        : (100, 1, 1, 240, 240)
  Case output            : /Users/bhanugarg/archive/br_lora_library_staging/batch_0022/synthetic_005391
  Verdict                : PASS

[142/250] synthetic_005392
  Case seed              : 179150416
  External subject       : BraTS20_Validation_066
  External slice         : 133
  Donor mask pixels      : 1669
  Posterior stack        : (100, 1, 1, 240, 240)
  Case output            : /Users/bhanugarg/archive/br_lora_library_staging/batch_0022/synthetic_005392
  Verdict                : PASS

[143/250] synthetic_005393
  Case seed              : 904626074
  External subject       : BraTS20_Validation_066
  External slice         : 134
  Donor mask pixels      : 561
  Posterior stack        : (100, 1, 1, 240, 240)
  Case output            : /Users/bhanugarg/archive/br_lora_library_staging/batch_0022/synthetic_005393
  Verdict                : PASS

[144/250] synthetic_005394
  Case seed              : 1164385160
  External subject       : BraTS20_Validation_066
  External slice         : 135
  Donor mask pixels      : 1447
  Posterior stack        : (100, 1, 1, 240, 240)
  Case output            : /Users/bhanugarg/archive/br_lora_library_staging/batch_0022/synthetic_005394
  Verdict                : PASS

[145/250] synthetic_005395
  Case seed              : 850028480
  External subject       : BraTS20_Validation_066
  External slice         : 136
  Donor mask pixels      : 1013
  Posterior stack        : (100, 1, 1, 240, 240)
  Case output            : /Users/bhanugarg/archive/br_lora_library_staging/batch_0022/synthetic_005395
  Verdict                : PASS

[146/250] synthetic_005396
  Case seed              : 630760936
  External subject       : BraTS20_Validation_066
  External slice         : 137
  Donor mask pixels      : 821
  Posterior stack        : (100, 1, 1, 240, 240)
  Case output            : /Users/bhanugarg/archive/br_lora_library_staging/batch_0022/synthetic_005396
  Verdict                : PASS

[147/250] synthetic_005397
  Case seed              : 1981114066
  External subject       : BraTS20_Validation_066
  External slice         : 138
  Donor mask pixels      : 502
  Posterior stack        : (100, 1, 1, 240, 240)
  Case output            : /Users/bhanugarg/archive/br_lora_library_staging/batch_0022/synthetic_005397
  Verdict                : PASS

[148/250] synthetic_005398
  Case seed              : 702738950
  External subject       : BraTS20_Validation_066
  External slice         : 139
  Donor mask pixels      : 417
  Posterior stack        : (100, 1, 1, 240, 240)
  Case output            : /Users/bhanugarg/archive/br_lora_library_staging/batch_0022/synthetic_005398
  Verdict                : PASS

[149/250] synthetic_005399
  Case seed              : 1224766059
  External subject       : BraTS20_Validation_067
  External slice         : 9
  Donor mask pixels      : 446
  Posterior stack        : (100, 1, 1, 240, 240)
  Case output            : /Users/bhanugarg/archive/br_lora_library_staging/batch_0022/synthetic_005399
  Verdict                : PASS

[150/250] synthetic_005400
  Case seed              : 645666435
  External subject       : BraTS20_Validation_067
  External slice         : 9
  Donor mask pixels      : 827
  Posterior stack        : (100, 1, 1, 240, 240)
  Case output            : /Users/bhanugarg/archive/br_lora_library_staging/batch_0022/synthetic_005400
  Verdict                : PASS

[151/250] synthetic_005401
  Case seed              : 875352624
  External subject       : BraTS20_Validation_067
  External slice         : 10
  Donor mask pixels      : 1029
  Posterior stack        : (100, 1, 1, 240, 240)
  Case output            : /Users/bhanugarg/archive/br_lora_library_staging/batch_0022/synthetic_005401
  Verdict                : PASS

[152/250] synthetic_005402
  Case seed              : 801594330
  External subject       : BraTS20_Validation_067
  External slice         : 10
  Donor mask pixels      : 632
  Posterior stack        : (100, 1, 1, 240, 240)
  Case output            : /Users/bhanugarg/archive/br_lora_library_staging/batch_0022/synthetic_005402
  Verdict                : PASS

[153/250] synthetic_005403
  Case seed              : 125134772
  External subject       : BraTS20_Validation_067
  External slice         : 11
  Donor mask pixels      : 962
  Posterior stack        : (100, 1, 1, 240, 240)
  Case output            : /Users/bhanugarg/archive/br_lora_library_staging/batch_0022/synthetic_005403
  Verdict                : PASS

[154/250] synthetic_005404
  Case seed              : 437076335
  External subject       : BraTS20_Validation_067
  External slice         : 11
  Donor mask pixels      : 1098
  Posterior stack        : (100, 1, 1, 240, 240)
  Case output            : /Users/bhanugarg/archive/br_lora_library_staging/batch_0022/synthetic_005404
  Verdict                : PASS

[155/250] synthetic_005405
  Case seed              : 1153004612
  External subject       : BraTS20_Validation_067
  External slice         : 12
  Donor mask pixels      : 760
  Posterior stack        : (100, 1, 1, 240, 240)
  Case output            : /Users/bhanugarg/archive/br_lora_library_staging/batch_0022/synthetic_005405
  Verdict                : PASS

[156/250] synthetic_005406
  Case seed              : 1159964317
  External subject       : BraTS20_Validation_067
  External slice         : 12
  Donor mask pixels      : 824
  Posterior stack        : (100, 1, 1, 240, 240)
  Case output            : /Users/bhanugarg/archive/br_lora_library_staging/batch_0022/synthetic_005406
  Verdict                : PASS

[157/250] synthetic_005407
  Case seed              : 1671081024
  External subject       : BraTS20_Validation_067
  External slice         : 13
  Donor mask pixels      : 775
  Posterior stack        : (100, 1, 1, 240, 240)
  Case output            : /Users/bhanugarg/archive/br_lora_library_staging/batch_0022/synthetic_005407
  Verdict                : PASS

[158/250] synthetic_005408
  Case seed              : 450769613
  External subject       : BraTS20_Validation_067
  External slice         : 13
  Donor mask pixels      : 1025
  Posterior stack        : (100, 1, 1, 240, 240)
  Case output            : /Users/bhanugarg/archive/br_lora_library_staging/batch_0022/synthetic_005408
  Verdict                : PASS

[159/250] synthetic_005409
  Case seed              : 1246006551
  External subject       : BraTS20_Validation_067
  External slice         : 14
  Donor mask pixels      : 726
  Posterior stack        : (100, 1, 1, 240, 240)
  Case output            : /Users/bhanugarg/archive/br_lora_library_staging/batch_0022/synthetic_005409
  Verdict                : PASS

[160/250] synthetic_005410
  Case seed              : 1630572538
  External subject       : BraTS20_Validation_067
  External slice         : 14
  Donor mask pixels      : 738
  Posterior stack        : (100, 1, 1, 240, 240)
  Case output            : /Users/bhanugarg/archive/br_lora_library_staging/batch_0022/synthetic_005410
  Verdict                : PASS

[161/250] synthetic_005411
  Case seed              : 1898233726
  External subject       : BraTS20_Validation_067
  External slice         : 15
  Donor mask pixels      : 1178
  Posterior stack        : (100, 1, 1, 240, 240)
  Case output            : /Users/bhanugarg/archive/br_lora_library_staging/batch_0022/synthetic_005411
  Verdict                : PASS

[162/250] synthetic_005412
  Case seed              : 1573728330
  External subject       : BraTS20_Validation_067
  External slice         : 15
  Donor mask pixels      : 392
  Posterior stack        : (100, 1, 1, 240, 240)
  Case output            : /Users/bhanugarg/archive/br_lora_library_staging/batch_0022/synthetic_005412
  Verdict                : PASS

[163/250] synthetic_005413
  Case seed              : 366714094
  External subject       : BraTS20_Validation_067
  External slice         : 16
  Donor mask pixels      : 719
  Posterior stack        : (100, 1, 1, 240, 240)
  Case output            : /Users/bhanugarg/archive/br_lora_library_staging/batch_0022/synthetic_005413
  Verdict                : PASS

[164/250] synthetic_005414
  Case seed              : 1025567262
  External subject       : BraTS20_Validation_067
  External slice         : 16
  Donor mask pixels      : 436
  Posterior stack        : (100, 1, 1, 240, 240)
  Case output            : /Users/bhanugarg/archive/br_lora_library_staging/batch_0022/synthetic_005414
  Verdict                : PASS

[165/250] synthetic_005415
  Case seed              : 968526975
  External subject       : BraTS20_Validation_067
  External slice         : 17
  Donor mask pixels      : 1697
  Posterior stack        : (100, 1, 1, 240, 240)
  Case output            : /Users/bhanugarg/archive/br_lora_library_staging/batch_0022/synthetic_005415
  Verdict                : PASS

[166/250] synthetic_005416
  Case seed              : 750582933
  External subject       : BraTS20_Validation_067
  External slice         : 17
  Donor mask pixels      : 1157
  Posterior stack        : (100, 1, 1, 240, 240)
  Case output            : /Users/bhanugarg/archive/br_lora_library_staging/batch_0022/synthetic_005416
  Verdict                : PASS

[167/250] synthetic_005417
  Case seed              : 1516387780
  External subject       : BraTS20_Validation_067
  External slice         : 18
  Donor mask pixels      : 1558
  Posterior stack        : (100, 1, 1, 240, 240)
  Case output            : /Users/bhanugarg/archive/br_lora_library_staging/batch_0022/synthetic_005417
  Verdict                : PASS

[168/250] synthetic_005418
  Case seed              : 1330008525
  External subject       : BraTS20_Validation_067
  External slice         : 18
  Donor mask pixels      : 1241
  Posterior stack        : (100, 1, 1, 240, 240)
  Case output            : /Users/bhanugarg/archive/br_lora_library_staging/batch_0022/synthetic_005418
  Verdict                : PASS

[169/250] synthetic_005419
  Case seed              : 1387299452
  External subject       : BraTS20_Validation_067
  External slice         : 116
  Donor mask pixels      : 628
  Posterior stack        : (100, 1, 1, 240, 240)
  Case output            : /Users/bhanugarg/archive/br_lora_library_staging/batch_0022/synthetic_005419
  Verdict                : PASS

[170/250] synthetic_005420
  Case seed              : 1819058464
  External subject       : BraTS20_Validation_067
  External slice         : 116
  Donor mask pixels      : 3639
  Posterior stack        : (100, 1, 1, 240, 240)
  Case output            : /Users/bhanugarg/archive/br_lora_library_staging/batch_0022/synthetic_005420
  Verdict                : PASS

[171/250] synthetic_005421
  Case seed              : 1897610996
  External subject       : BraTS20_Validation_067
  External slice         : 117
  Donor mask pixels      : 427
  Posterior stack        : (100, 1, 1, 240, 240)
  Case output            : /Users/bhanugarg/archive/br_lora_library_staging/batch_0022/synthetic_005421
  Verdict                : PASS

[172/250] synthetic_005422
  Case seed              : 1462380872
  External subject       : BraTS20_Validation_067
  External slice         : 117
  Donor mask pixels      : 402
  Posterior stack        : (100, 1, 1, 240, 240)
  Case output            : /Users/bhanugarg/archive/br_lora_library_staging/batch_0022/synthetic_005422
  Verdict                : PASS

[173/250] synthetic_005423
  Case seed              : 2002982895
  External subject       : BraTS20_Validation_067
  External slice         : 117
  Donor mask pixels      : 2306
  Posterior stack        : (100, 1, 1, 240, 240)
  Case output            : /Users/bhanugarg/archive/br_lora_library_staging/batch_0022/synthetic_005423
  Verdict                : PASS

[174/250] synthetic_005424
  Case seed              : 662966977
  External subject       : BraTS20_Validation_067
  External slice         : 118
  Donor mask pixels      : 592
  Posterior stack        : (100, 1, 1, 240, 240)
  Case output            : /Users/bhanugarg/archive/br_lora_library_staging/batch_0022/synthetic_005424
  Verdict                : PASS

[175/250] synthetic_005425
  Case seed              : 421987187
  External subject       : BraTS20_Validation_067
  External slice         : 118
  Donor mask pixels      : 2318
  Posterior stack        : (100, 1, 1, 240, 240)
  Case output            : /Users/bhanugarg/archive/br_lora_library_staging/batch_0022/synthetic_005425
  Verdict                : PASS

[176/250] synthetic_005426
  Case seed              : 900096312
  External subject       : BraTS20_Validation_067
  External slice         : 118
  Donor mask pixels      : 1795
  Posterior stack        : (100, 1, 1, 240, 240)
  Case output            : /Users/bhanugarg/archive/br_lora_library_staging/batch_0022/synthetic_005426
  Verdict                : PASS

[177/250] synthetic_005427
  Case seed              : 1972972987
  External subject       : BraTS20_Validation_067
  External slice         : 119
  Donor mask pixels      : 3925
  Posterior stack        : (100, 1, 1, 240, 240)
  Case output            : /Users/bhanugarg/archive/br_lora_library_staging/batch_0022/synthetic_005427
  Verdict                : PASS

[178/250] synthetic_005428
  Case seed              : 762672120
  External subject       : BraTS20_Validation_067
  External slice         : 119
  Donor mask pixels      : 533
  Posterior stack        : (100, 1, 1, 240, 240)
  Case output            : /Users/bhanugarg/archive/br_lora_library_staging/batch_0022/synthetic_005428
  Verdict                : PASS

[179/250] synthetic_005429
  Case seed              : 1363388212
  External subject       : BraTS20_Validation_067
  External slice         : 119
  Donor mask pixels      : 2655
  Posterior stack        : (100, 1, 1, 240, 240)
  Case output            : /Users/bhanugarg/archive/br_lora_library_staging/batch_0022/synthetic_005429
  Verdict                : PASS

[180/250] synthetic_005430
  Case seed              : 62547432
  External subject       : BraTS20_Validation_067
  External slice         : 120
  Donor mask pixels      : 969
  Posterior stack        : (100, 1, 1, 240, 240)
  Case output            : /Users/bhanugarg/archive/br_lora_library_staging/batch_0022/synthetic_005430
  Verdict                : PASS

[181/250] synthetic_005431
  Case seed              : 1560898652
  External subject       : BraTS20_Validation_067
  External slice         : 120
  Donor mask pixels      : 699
  Posterior stack        : (100, 1, 1, 240, 240)
  Case output            : /Users/bhanugarg/archive/br_lora_library_staging/batch_0022/synthetic_005431
  Verdict                : PASS

[182/250] synthetic_005432
  Case seed              : 2124230021
  External subject       : BraTS20_Validation_067
  External slice         : 120
  Donor mask pixels      : 2595
  Posterior stack        : (100, 1, 1, 240, 240)
  Case output            : /Users/bhanugarg/archive/br_lora_library_staging/batch_0022/synthetic_005432
  Verdict                : PASS

[183/250] synthetic_005433
  Case seed              : 2050594240
  External subject       : BraTS20_Validation_067
  External slice         : 121
  Donor mask pixels      : 1248
  Posterior stack        : (100, 1, 1, 240, 240)
  Case output            : /Users/bhanugarg/archive/br_lora_library_staging/batch_0022/synthetic_005433
  Verdict                : PASS

[184/250] synthetic_005434
  Case seed              : 250325419
  External subject       : BraTS20_Validation_067
  External slice         : 121
  Donor mask pixels      : 3076
  Posterior stack        : (100, 1, 1, 240, 240)
  Case output            : /Users/bhanugarg/archive/br_lora_library_staging/batch_0022/synthetic_005434
  Verdict                : PASS

[185/250] synthetic_005435
  Case seed              : 120494731
  External subject       : BraTS20_Validation_067
  External slice         : 121
  Donor mask pixels      : 872
  Posterior stack        : (100, 1, 1, 240, 240)
  Case output            : /Users/bhanugarg/archive/br_lora_library_staging/batch_0022/synthetic_005435
  Verdict                : PASS

[186/250] synthetic_005436
  Case seed              : 1438242490
  External subject       : BraTS20_Validation_067
  External slice         : 122
  Donor mask pixels      : 794
  Posterior stack        : (100, 1, 1, 240, 240)
  Case output            : /Users/bhanugarg/archive/br_lora_library_staging/batch_0022/synthetic_005436
  Verdict                : PASS

[187/250] synthetic_005437
  Case seed              : 1331780496
  External subject       : BraTS20_Validation_067
  External slice         : 122
  Donor mask pixels      : 1553
  Posterior stack        : (100, 1, 1, 240, 240)
  Case output            : /Users/bhanugarg/archive/br_lora_library_staging/batch_0022/synthetic_005437
  Verdict                : PASS

[188/250] synthetic_005438
  Case seed              : 969365702
  External subject       : BraTS20_Validation_067
  External slice         : 122
  Donor mask pixels      : 1229
  Posterior stack        : (100, 1, 1, 240, 240)
  Case output            : /Users/bhanugarg/archive/br_lora_library_staging/batch_0022/synthetic_005438
  Verdict                : PASS

[189/250] synthetic_005439
  Case seed              : 141953403
  External subject       : BraTS20_Validation_067
  External slice         : 123
  Donor mask pixels      : 1540
  Posterior stack        : (100, 1, 1, 240, 240)
  Case output            : /Users/bhanugarg/archive/br_lora_library_staging/batch_0022/synthetic_005439
  Verdict                : PASS

[190/250] synthetic_005440
  Case seed              : 1328334228
  External subject       : BraTS20_Validation_067
  External slice         : 123
  Donor mask pixels      : 2256
  Posterior stack        : (100, 1, 1, 240, 240)
  Case output            : /Users/bhanugarg/archive/br_lora_library_staging/batch_0022/synthetic_005440
  Verdict                : PASS

[191/250] synthetic_005441
  Case seed              : 1625462694
  External subject       : BraTS20_Validation_067
  External slice         : 123
  Donor mask pixels      : 1303
  Posterior stack        : (100, 1, 1, 240, 240)
  Case output            : /Users/bhanugarg/archive/br_lora_library_staging/batch_0022/synthetic_005441
  Verdict                : PASS

[192/250] synthetic_005442
  Case seed              : 471866014
  External subject       : BraTS20_Validation_067
  External slice         : 124
  Donor mask pixels      : 944
  Posterior stack        : (100, 1, 1, 240, 240)
  Case output            : /Users/bhanugarg/archive/br_lora_library_staging/batch_0022/synthetic_005442
  Verdict                : PASS

[193/250] synthetic_005443
  Case seed              : 344191304
  External subject       : BraTS20_Validation_067
  External slice         : 124
  Donor mask pixels      : 1676
  Posterior stack        : (100, 1, 1, 240, 240)
  Case output            : /Users/bhanugarg/archive/br_lora_library_staging/batch_0022/synthetic_005443
  Verdict                : PASS

[194/250] synthetic_005444
  Case seed              : 1085473306
  External subject       : BraTS20_Validation_067
  External slice         : 124
  Donor mask pixels      : 1973
  Posterior stack        : (100, 1, 1, 240, 240)
  Case output            : /Users/bhanugarg/archive/br_lora_library_staging/batch_0022/synthetic_005444
  Verdict                : PASS

[195/250] synthetic_005445
  Case seed              : 29488257
  External subject       : BraTS20_Validation_067
  External slice         : 125
  Donor mask pixels      : 2094
  Posterior stack        : (100, 1, 1, 240, 240)
  Case output            : /Users/bhanugarg/archive/br_lora_library_staging/batch_0022/synthetic_005445
  Verdict                : PASS

[196/250] synthetic_005446
  Case seed              : 491185945
  External subject       : BraTS20_Validation_067
  External slice         : 125
  Donor mask pixels      : 944
  Posterior stack        : (100, 1, 1, 240, 240)
  Case output            : /Users/bhanugarg/archive/br_lora_library_staging/batch_0022/synthetic_005446
  Verdict                : PASS

[197/250] synthetic_005447
  Case seed              : 1505226441
  External subject       : BraTS20_Validation_067
  External slice         : 125
  Donor mask pixels      : 1170
  Posterior stack        : (100, 1, 1, 240, 240)
  Case output            : /Users/bhanugarg/archive/br_lora_library_staging/batch_0022/synthetic_005447
  Verdict                : PASS

[198/250] synthetic_005448
  Case seed              : 942041973
  External subject       : BraTS20_Validation_067
  External slice         : 126
  Donor mask pixels      : 1188
  Posterior stack        : (100, 1, 1, 240, 240)
  Case output            : /Users/bhanugarg/archive/br_lora_library_staging/batch_0022/synthetic_005448
  Verdict                : PASS

[199/250] synthetic_005449
  Case seed              : 76976779
  External subject       : BraTS20_Validation_067
  External slice         : 126
  Donor mask pixels      : 854
  Posterior stack        : (100, 1, 1, 240, 240)
  Case output            : /Users/bhanugarg/archive/br_lora_library_staging/batch_0022/synthetic_005449
  Verdict                : PASS

[200/250] synthetic_005450
  Case seed              : 1247697008
  External subject       : BraTS20_Validation_067
  External slice         : 127
  Donor mask pixels      : 421
  Posterior stack        : (100, 1, 1, 240, 240)
  Case output            : /Users/bhanugarg/archive/br_lora_library_staging/batch_0022/synthetic_005450
  Verdict                : PASS

[201/250] synthetic_005451
  Case seed              : 1784983339
  External subject       : BraTS20_Validation_067
  External slice         : 127
  Donor mask pixels      : 887
  Posterior stack        : (100, 1, 1, 240, 240)
  Case output            : /Users/bhanugarg/archive/br_lora_library_staging/batch_0022/synthetic_005451
  Verdict                : PASS

[202/250] synthetic_005452
  Case seed              : 793608003
  External subject       : BraTS20_Validation_067
  External slice         : 128
  Donor mask pixels      : 314
  Posterior stack        : (100, 1, 1, 240, 240)
  Case output            : /Users/bhanugarg/archive/br_lora_library_staging/batch_0022/synthetic_005452
  Verdict                : PASS

[203/250] synthetic_005453
  Case seed              : 744673850
  External subject       : BraTS20_Validation_067
  External slice         : 128
  Donor mask pixels      : 818
  Posterior stack        : (100, 1, 1, 240, 240)
  Case output            : /Users/bhanugarg/archive/br_lora_library_staging/batch_0022/synthetic_005453
  Verdict                : PASS

[204/250] synthetic_005454
  Case seed              : 593762930
  External subject       : BraTS20_Validation_067
  External slice         : 129
  Donor mask pixels      : 1337
  Posterior stack        : (100, 1, 1, 240, 240)
  Case output            : /Users/bhanugarg/archive/br_lora_library_staging/batch_0022/synthetic_005454
  Verdict                : PASS

[205/250] synthetic_005455
  Case seed              : 1218873099
  External subject       : BraTS20_Validation_067
  External slice         : 129
  Donor mask pixels      : 749
  Posterior stack        : (100, 1, 1, 240, 240)
  Case output            : /Users/bhanugarg/archive/br_lora_library_staging/batch_0022/synthetic_005455
  Verdict                : PASS

[206/250] synthetic_005456
  Case seed              : 1594563395
  External subject       : BraTS20_Validation_067
  External slice         : 130
  Donor mask pixels      : 1540
  Posterior stack        : (100, 1, 1, 240, 240)
  Case output            : /Users/bhanugarg/archive/br_lora_library_staging/batch_0022/synthetic_005456
  Verdict                : PASS

[207/250] synthetic_005457
  Case seed              : 202896292
  External subject       : BraTS20_Validation_067
  External slice         : 130
  Donor mask pixels      : 1675
  Posterior stack        : (100, 1, 1, 240, 240)
  Case output            : /Users/bhanugarg/archive/br_lora_library_staging/batch_0022/synthetic_005457
  Verdict                : PASS

[208/250] synthetic_005458
  Case seed              : 708121984
  External subject       : BraTS20_Validation_067
  External slice         : 131
  Donor mask pixels      : 1502
  Posterior stack        : (100, 1, 1, 240, 240)
  Case output            : /Users/bhanugarg/archive/br_lora_library_staging/batch_0022/synthetic_005458
  Verdict                : PASS

[209/250] synthetic_005459
  Case seed              : 1695584347
  External subject       : BraTS20_Validation_067
  External slice         : 131
  Donor mask pixels      : 1648
  Posterior stack        : (100, 1, 1, 240, 240)
  Case output            : /Users/bhanugarg/archive/br_lora_library_staging/batch_0022/synthetic_005459
  Verdict                : PASS

[210/250] synthetic_005460
  Case seed              : 655440453
  External subject       : BraTS20_Validation_067
  External slice         : 132
  Donor mask pixels      : 1201
  Posterior stack        : (100, 1, 1, 240, 240)
  Case output            : /Users/bhanugarg/archive/br_lora_library_staging/batch_0022/synthetic_005460
  Verdict                : PASS

[211/250] synthetic_005461
  Case seed              : 1472691558
  External subject       : BraTS20_Validation_067
  External slice         : 133
  Donor mask pixels      : 1040
  Posterior stack        : (100, 1, 1, 240, 240)
  Case output            : /Users/bhanugarg/archive/br_lora_library_staging/batch_0022/synthetic_005461
  Verdict                : PASS

[212/250] synthetic_005462
  Case seed              : 1728350251
  External subject       : BraTS20_Validation_067
  External slice         : 133
  Donor mask pixels      : 819
  Posterior stack        : (100, 1, 1, 240, 240)
  Case output            : /Users/bhanugarg/archive/br_lora_library_staging/batch_0022/synthetic_005462
  Verdict                : PASS

[213/250] synthetic_005463
  Case seed              : 730886856
  External subject       : BraTS20_Validation_067
  External slice         : 134
  Donor mask pixels      : 576
  Posterior stack        : (100, 1, 1, 240, 240)
  Case output            : /Users/bhanugarg/archive/br_lora_library_staging/batch_0022/synthetic_005463
  Verdict                : PASS

[214/250] synthetic_005464
  Case seed              : 910268817
  External subject       : BraTS20_Validation_067
  External slice         : 134
  Donor mask pixels      : 981
  Posterior stack        : (100, 1, 1, 240, 240)
  Case output            : /Users/bhanugarg/archive/br_lora_library_staging/batch_0022/synthetic_005464
  Verdict                : PASS

[215/250] synthetic_005465
  Case seed              : 1398729794
  External subject       : BraTS20_Validation_067
  External slice         : 135
  Donor mask pixels      : 510
  Posterior stack        : (100, 1, 1, 240, 240)
  Case output            : /Users/bhanugarg/archive/br_lora_library_staging/batch_0022/synthetic_005465
  Verdict                : PASS

[216/250] synthetic_005466
  Case seed              : 253390885
  External subject       : BraTS20_Validation_067
  External slice         : 135
  Donor mask pixels      : 786
  Posterior stack        : (100, 1, 1, 240, 240)
  Case output            : /Users/bhanugarg/archive/br_lora_library_staging/batch_0022/synthetic_005466
  Verdict                : PASS

[217/250] synthetic_005467
  Case seed              : 643742397
  External subject       : BraTS20_Validation_067
  External slice         : 136
  Donor mask pixels      : 899
  Posterior stack        : (100, 1, 1, 240, 240)
  Case output            : /Users/bhanugarg/archive/br_lora_library_staging/batch_0022/synthetic_005467
  Verdict                : PASS

[218/250] synthetic_005468
  Case seed              : 815254213
  External subject       : BraTS20_Validation_067
  External slice         : 136
  Donor mask pixels      : 360
  Posterior stack        : (100, 1, 1, 240, 240)
  Case output            : /Users/bhanugarg/archive/br_lora_library_staging/batch_0022/synthetic_005468
  Verdict                : PASS

[219/250] synthetic_005469
  Case seed              : 259540171
  External subject       : BraTS20_Validation_067
  External slice         : 137
  Donor mask pixels      : 545
  Posterior stack        : (100, 1, 1, 240, 240)
  Case output            : /Users/bhanugarg/archive/br_lora_library_staging/batch_0022/synthetic_005469
  Verdict                : PASS

[220/250] synthetic_005470
  Case seed              : 1512571183
  External subject       : BraTS20_Validation_067
  External slice         : 137
  Donor mask pixels      : 1038
  Posterior stack        : (100, 1, 1, 240, 240)
  Case output            : /Users/bhanugarg/archive/br_lora_library_staging/batch_0022/synthetic_005470
  Verdict                : PASS

[221/250] synthetic_005471
  Case seed              : 1202999491
  External subject       : BraTS20_Validation_067
  External slice         : 138
  Donor mask pixels      : 596
  Posterior stack        : (100, 1, 1, 240, 240)
  Case output            : /Users/bhanugarg/archive/br_lora_library_staging/batch_0022/synthetic_005471
  Verdict                : PASS

[222/250] synthetic_005472
  Case seed              : 839531801
  External subject       : BraTS20_Validation_067
  External slice         : 138
  Donor mask pixels      : 490
  Posterior stack        : (100, 1, 1, 240, 240)
  Case output            : /Users/bhanugarg/archive/br_lora_library_staging/batch_0022/synthetic_005472
  Verdict                : PASS

[223/250] synthetic_005473
  Case seed              : 831027421
  External subject       : BraTS20_Validation_067
  External slice         : 139
  Donor mask pixels      : 611
  Posterior stack        : (100, 1, 1, 240, 240)
  Case output            : /Users/bhanugarg/archive/br_lora_library_staging/batch_0022/synthetic_005473
  Verdict                : PASS

[224/250] synthetic_005474
  Case seed              : 1641818317
  External subject       : BraTS20_Validation_067
  External slice         : 139
  Donor mask pixels      : 381
  Posterior stack        : (100, 1, 1, 240, 240)
  Case output            : /Users/bhanugarg/archive/br_lora_library_staging/batch_0022/synthetic_005474
  Verdict                : PASS

[225/250] synthetic_005475
  Case seed              : 1145994488
  External subject       : BraTS20_Validation_067
  External slice         : 140
  Donor mask pixels      : 397
  Posterior stack        : (100, 1, 1, 240, 240)
  Case output            : /Users/bhanugarg/archive/br_lora_library_staging/batch_0022/synthetic_005475
  Verdict                : PASS

[226/250] synthetic_005476
  Case seed              : 491774798
  External subject       : BraTS20_Validation_067
  External slice         : 140
  Donor mask pixels      : 327
  Posterior stack        : (100, 1, 1, 240, 240)
  Case output            : /Users/bhanugarg/archive/br_lora_library_staging/batch_0022/synthetic_005476
  Verdict                : PASS

[227/250] synthetic_005477
  Case seed              : 1273297463
  External subject       : BraTS20_Validation_068
  External slice         : 9
  Donor mask pixels      : 438
  Posterior stack        : (100, 1, 1, 240, 240)
  Case output            : /Users/bhanugarg/archive/br_lora_library_staging/batch_0022/synthetic_005477
  Verdict                : PASS

[228/250] synthetic_005478
  Case seed              : 461060087
  External subject       : BraTS20_Validation_068
  External slice         : 10
  Donor mask pixels      : 355
  Posterior stack        : (100, 1, 1, 240, 240)
  Case output            : /Users/bhanugarg/archive/br_lora_library_staging/batch_0022/synthetic_005478
  Verdict                : PASS

[229/250] synthetic_005479
  Case seed              : 776575084
  External subject       : BraTS20_Validation_068
  External slice         : 11
  Donor mask pixels      : 854
  Posterior stack        : (100, 1, 1, 240, 240)
  Case output            : /Users/bhanugarg/archive/br_lora_library_staging/batch_0022/synthetic_005479
  Verdict                : PASS

[230/250] synthetic_005480
  Case seed              : 1784092311
  External subject       : BraTS20_Validation_068
  External slice         : 12
  Donor mask pixels      : 938
  Posterior stack        : (100, 1, 1, 240, 240)
  Case output            : /Users/bhanugarg/archive/br_lora_library_staging/batch_0022/synthetic_005480
  Verdict                : PASS

[231/250] synthetic_005481
  Case seed              : 513580017
  External subject       : BraTS20_Validation_068
  External slice         : 13
  Donor mask pixels      : 1440
  Posterior stack        : (100, 1, 1, 240, 240)
  Case output            : /Users/bhanugarg/archive/br_lora_library_staging/batch_0022/synthetic_005481
  Verdict                : PASS

[232/250] synthetic_005482
  Case seed              : 541827173
  External subject       : BraTS20_Validation_068
  External slice         : 14
  Donor mask pixels      : 690
  Posterior stack        : (100, 1, 1, 240, 240)
  Case output            : /Users/bhanugarg/archive/br_lora_library_staging/batch_0022/synthetic_005482
  Verdict                : PASS

[233/250] synthetic_005483
  Case seed              : 2004862548
  External subject       : BraTS20_Validation_068
  External slice         : 16
  Donor mask pixels      : 1380
  Posterior stack        : (100, 1, 1, 240, 240)
  Case output            : /Users/bhanugarg/archive/br_lora_library_staging/batch_0022/synthetic_005483
  Verdict                : PASS

[234/250] synthetic_005484
  Case seed              : 1240099401
  External subject       : BraTS20_Validation_068
  External slice         : 17
  Donor mask pixels      : 925
  Posterior stack        : (100, 1, 1, 240, 240)
  Case output            : /Users/bhanugarg/archive/br_lora_library_staging/batch_0022/synthetic_005484
  Verdict                : PASS

[235/250] synthetic_005485
  Case seed              : 489393053
  External subject       : BraTS20_Validation_068
  External slice         : 18
  Donor mask pixels      : 1927
  Posterior stack        : (100, 1, 1, 240, 240)
  Case output            : /Users/bhanugarg/archive/br_lora_library_staging/batch_0022/synthetic_005485
  Verdict                : PASS

[236/250] synthetic_005486
  Case seed              : 487803397
  External subject       : BraTS20_Validation_068
  External slice         : 19
  Donor mask pixels      : 997
  Posterior stack        : (100, 1, 1, 240, 240)
  Case output            : /Users/bhanugarg/archive/br_lora_library_staging/batch_0022/synthetic_005486
  Verdict                : PASS

[237/250] synthetic_005487
  Case seed              : 1684939015
  External subject       : BraTS20_Validation_068
  External slice         : 20
  Donor mask pixels      : 2423
  Posterior stack        : (100, 1, 1, 240, 240)
  Case output            : /Users/bhanugarg/archive/br_lora_library_staging/batch_0022/synthetic_005487
  Verdict                : PASS

[238/250] synthetic_005488
  Case seed              : 1290805619
  External subject       : BraTS20_Validation_068
  External slice         : 21
  Donor mask pixels      : 1529
  Posterior stack        : (100, 1, 1, 240, 240)
  Case output            : /Users/bhanugarg/archive/br_lora_library_staging/batch_0022/synthetic_005488
  Verdict                : PASS

[239/250] synthetic_005489
  Case seed              : 1595490541
  External subject       : BraTS20_Validation_068
  External slice         : 22
  Donor mask pixels      : 665
  Posterior stack        : (100, 1, 1, 240, 240)
  Case output            : /Users/bhanugarg/archive/br_lora_library_staging/batch_0022/synthetic_005489
  Verdict                : PASS

[240/250] synthetic_005490
  Case seed              : 222547127
  External subject       : BraTS20_Validation_068
  External slice         : 23
  Donor mask pixels      : 2357
  Posterior stack        : (100, 1, 1, 240, 240)
  Case output            : /Users/bhanugarg/archive/br_lora_library_staging/batch_0022/synthetic_005490
  Verdict                : PASS

[241/250] synthetic_005491
  Case seed              : 545473178
  External subject       : BraTS20_Validation_068
  External slice         : 24
  Donor mask pixels      : 444
  Posterior stack        : (100, 1, 1, 240, 240)
  Case output            : /Users/bhanugarg/archive/br_lora_library_staging/batch_0022/synthetic_005491
  Verdict                : PASS

[242/250] synthetic_005492
  Case seed              : 87819740
  External subject       : BraTS20_Validation_068
  External slice         : 25
  Donor mask pixels      : 1775
  Posterior stack        : (100, 1, 1, 240, 240)
  Case output            : /Users/bhanugarg/archive/br_lora_library_staging/batch_0022/synthetic_005492
  Verdict                : PASS

[243/250] synthetic_005493
  Case seed              : 504366020
  External subject       : BraTS20_Validation_068
  External slice         : 26
  Donor mask pixels      : 758
  Posterior stack        : (100, 1, 1, 240, 240)
  Case output            : /Users/bhanugarg/archive/br_lora_library_staging/batch_0022/synthetic_005493
  Verdict                : PASS

[244/250] synthetic_005494
  Case seed              : 264002235
  External subject       : BraTS20_Validation_068
  External slice         : 27
  Donor mask pixels      : 778
  Posterior stack        : (100, 1, 1, 240, 240)
  Case output            : /Users/bhanugarg/archive/br_lora_library_staging/batch_0022/synthetic_005494
  Verdict                : PASS

[245/250] synthetic_005495
  Case seed              : 751464214
  External subject       : BraTS20_Validation_068
  External slice         : 28
  Donor mask pixels      : 1672
  Posterior stack        : (100, 1, 1, 240, 240)
  Case output            : /Users/bhanugarg/archive/br_lora_library_staging/batch_0022/synthetic_005495
  Verdict                : PASS

[246/250] synthetic_005496
  Case seed              : 673130687
  External subject       : BraTS20_Validation_068
  External slice         : 29
  Donor mask pixels      : 723
  Posterior stack        : (100, 1, 1, 240, 240)
  Case output            : /Users/bhanugarg/archive/br_lora_library_staging/batch_0022/synthetic_005496
  Verdict                : PASS

[247/250] synthetic_005497
  Case seed              : 1375556177
  External subject       : BraTS20_Validation_068
  External slice         : 30
  Donor mask pixels      : 3178
  Posterior stack        : (100, 1, 1, 240, 240)
  Case output            : /Users/bhanugarg/archive/br_lora_library_staging/batch_0022/synthetic_005497
  Verdict                : PASS

[248/250] synthetic_005498
  Case seed              : 2002499041
  External subject       : BraTS20_Validation_068
  External slice         : 31
  Donor mask pixels      : 1308
  Posterior stack        : (100, 1, 1, 240, 240)
  Case output            : /Users/bhanugarg/archive/br_lora_library_staging/batch_0022/synthetic_005498
  Verdict                : PASS

[249/250] synthetic_005499
  Case seed              : 1463836894
  External subject       : BraTS20_Validation_068
  External slice         : 32
  Donor mask pixels      : 2628
  Posterior stack        : (100, 1, 1, 240, 240)
  Case output            : /Users/bhanugarg/archive/br_lora_library_staging/batch_0022/synthetic_005499
  Verdict                : PASS

[250/250] synthetic_005500
  Case seed              : 13932698
  External subject       : BraTS20_Validation_068
  External slice         : 33
  Donor mask pixels      : 1315
  Posterior stack        : (100, 1, 1, 240, 240)
  Case output            : /Users/bhanugarg/archive/br_lora_library_staging/batch_0022/synthetic_005500
  Verdict                : PASS

==============================================================================
BR-LoRA EXTERNAL EVALUATION: PASS
Completed cases          : 250
Posterior realizations   : 100 per case
Evaluation summary       : /Users/bhanugarg/archive/br_lora_library_staging/batch_0022/evaluation_summary.json
==============================================================================

==============================================================================
BR-LoRA LIBRARY BATCH PRODUCTION
==============================================================================

Batch                    : batch_0022
Frozen design manifest   : /Users/bhanugarg/Desktop/localized-medical-image-synthesis/downstream_evaluation/manifests/br_lora_library_design_10000/batches/batch_0022_manifest.csv
Execution manifest       : /Users/bhanugarg/Desktop/localized-medical-image-synthesis/downstream_evaluation/manifests/br_lora_library_design_10000/batches/batch_0022_external_evaluation_manifest.csv
Checkpoint               : /Users/bhanugarg/Desktop/localized-medical-image-synthesis/checkpoints/br_lora_full_train/final.pt
Posterior samples        : 100
Evaluation seed          : 42
Device                   : mps
Output                   : /Users/bhanugarg/archive/br_lora_library_staging/batch_0022
Prepare only             : False
Resume                   : False

===== EXECUTION MANIFEST: PASS =====
Cases                    : 250
Case IDs                 : synthetic_005251 to synthetic_005500
External subjects        : 4
Unique base slices       : 183
Unique donor slices      : 250
Manifest SHA-256         : 1810661018794c6e8f85e3af98c37b81d44b50c7a0d4f30f5f759e7e027e585d

==============================================================================
LAUNCHING VALIDATED BR-LoRA INFERENCE ENGINE
==============================================================================

/opt/anaconda3/envs/brats-nnunet/bin/python /Users/bhanugarg/Desktop/localized-medical-image-synthesis/scripts/evaluate_br_lora_external.py --checkpoint /Users/bhanugarg/Desktop/localized-medical-image-synthesis/checkpoints/br_lora_full_train/final.pt --validation-dataset /Users/bhanugarg/archive/BraTS2020_ValidationData/MICCAI_BraTS2020_ValidationData/validation_dataset.yaml --evaluation-manifest /Users/bhanugarg/Desktop/localized-medical-image-synthesis/downstream_evaluation/manifests/br_lora_library_design_10000/batches/batch_0022_external_evaluation_manifest.csv --posterior-samples 100 --seed 42 --output-dir /Users/bhanugarg/archive/br_lora_library_staging/batch_0022 --device mps


==============================================================================
LOCAL PRODUCTION AUDIT: PASS
==============================================================================
Cases audited            : 250
Problems                 : 0
Files checksummed        : 1501
Production audit         : /Users/bhanugarg/archive/br_lora_library_staging/br_lora_batch_0022_production_audit.json
Mac checksum inventory   : /Users/bhanugarg/archive/br_lora_library_staging/br_lora_batch_0022_mac_sha256.txt

==============================================================================
READY FOR FALCON TRANSFER
==============================================================================

No Falcon state was modified.
No local production data was deleted.
Transfer starting: 1752 files
created directory /scratch/bhanug/br_lora_library/batches/batch_0022
./
evaluation_summary.json
            856 100%    2.46MB/s   00:00:00 (xfer#1, to-check=1/1752)
synthetic_005251/
synthetic_005251/composite_mean.pt
         232026 100%   59.99MB/s   00:00:00 (xfer#2, to-check=3/1752)
synthetic_005251/metadata.json
           1797 100%    4.31MB/s   00:00:00 (xfer#3, to-check=4/1752)
synthetic_005251/posterior_mean.pt
         232026 100%   94.97MB/s   00:00:00 (xfer#4, to-check=5/1752)
synthetic_005251/posterior_samples.pt
        6848512  28%   12.95MB/s   00:00:01
       11108352  45%    8.07MB/s   00:00:01
       17334272  70%   10.96MB/s   00:00:00
       22675456  92%   10.07MB/s   00:00:00
       24657317 100%   10.21MB/s   00:00:02 (xfer#5, to-check=6/1752)
synthetic_005251/posterior_std.pt
         232019 100%  418.24MB/s   00:00:00 (xfer#6, to-check=7/1752)
synthetic_005251/posterior_variance.pt
         232054 100%  455.45MB/s   00:00:00 (xfer#7, to-check=8/1752)
synthetic_005252/
synthetic_005252/composite_mean.pt
         232026 100%  442.59MB/s   00:00:00 (xfer#8, to-check=10/1752)
synthetic_005252/metadata.json
           1797 100%   37.24MB/s   00:00:00 (xfer#9, to-check=11/1752)
synthetic_005252/posterior_mean.pt
         232026 100%  457.19MB/s   00:00:00 (xfer#10, to-check=12/1752)
synthetic_005252/posterior_samples.pt
        4456448  18%    8.44MB/s   00:00:02
       11173888  45%   11.43MB/s   00:00:01
       14811136  60%    6.70MB/s   00:00:01
       22282240  90%   14.23MB/s   00:00:00
       24657317 100%    9.39MB/s   00:00:02 (xfer#11, to-check=13/1752)
synthetic_005252/posterior_std.pt
         232019 100%   82.81MB/s   00:00:00 (xfer#12, to-check=14/1752)
synthetic_005252/posterior_variance.pt
         232054 100%   45.59MB/s   00:00:00 (xfer#13, to-check=15/1752)
synthetic_005253/
synthetic_005253/composite_mean.pt
         232026 100%    7.24MB/s   00:00:00 (xfer#14, to-check=17/1752)
synthetic_005253/metadata.json
           1797 100%   19.22MB/s   00:00:00 (xfer#15, to-check=18/1752)
synthetic_005253/posterior_mean.pt
         232026 100%    8.26MB/s   00:00:00 (xfer#16, to-check=19/1752)
synthetic_005253/posterior_samples.pt
        5898240  24%   11.21MB/s   00:00:01
       10878976  44%    9.31MB/s   00:00:01
       17301504  70%   12.15MB/s   00:00:00
       23592960  96%   11.81MB/s   00:00:00
       24657317 100%   11.05MB/s   00:00:02 (xfer#17, to-check=20/1752)
synthetic_005253/posterior_std.pt
         232019 100%  301.52MB/s   00:00:00 (xfer#18, to-check=21/1752)
synthetic_005253/posterior_variance.pt
         232054 100%   11.51MB/s   00:00:00 (xfer#19, to-check=22/1752)
synthetic_005254/
synthetic_005254/composite_mean.pt
         232026 100%   51.73MB/s   00:00:00 (xfer#20, to-check=24/1752)
synthetic_005254/metadata.json
           1797 100%   26.04MB/s   00:00:00 (xfer#21, to-check=25/1752)
synthetic_005254/posterior_mean.pt
         232026 100%   14.29MB/s   00:00:00 (xfer#22, to-check=26/1752)
synthetic_005254/posterior_samples.pt
        3997696  16%    7.48MB/s   00:00:02
        8847360  36%    9.25MB/s   00:00:01
       13828096  56%    9.21MB/s   00:00:01
       18939904  77%    9.43MB/s   00:00:00
       24051712  98%    9.11MB/s   00:00:00
       24657317 100%    8.78MB/s   00:00:02 (xfer#23, to-check=27/1752)
synthetic_005254/posterior_std.pt
         232019 100%  237.18MB/s   00:00:00 (xfer#24, to-check=28/1752)
synthetic_005254/posterior_variance.pt
         232054 100%  297.51MB/s   00:00:00 (xfer#25, to-check=29/1752)
synthetic_005255/
synthetic_005255/composite_mean.pt
         232026 100%   12.55MB/s   00:00:00 (xfer#26, to-check=31/1752)
synthetic_005255/metadata.json
           1798 100%   22.55MB/s   00:00:00 (xfer#27, to-check=32/1752)
synthetic_005255/posterior_mean.pt
         232026 100%   29.27MB/s   00:00:00 (xfer#28, to-check=33/1752)
synthetic_005255/posterior_samples.pt
        4390912  18%    8.35MB/s   00:00:02
        9240576  37%    8.92MB/s   00:00:01
       14483456  59%    9.95MB/s   00:00:00
       19726336  80%    9.77MB/s   00:00:00
       24657317 100%    9.24MB/s   00:00:02 (xfer#29, to-check=34/1752)
synthetic_005255/posterior_std.pt
         232019 100%  256.09MB/s   00:00:00 (xfer#30, to-check=35/1752)
synthetic_005255/posterior_variance.pt
         232054 100%   16.33MB/s   00:00:00 (xfer#31, to-check=36/1752)
synthetic_005256/
synthetic_005256/composite_mean.pt
         232026 100%    9.38MB/s   00:00:00 (xfer#32, to-check=38/1752)
synthetic_005256/metadata.json
           1798 100%   26.74MB/s   00:00:00 (xfer#33, to-check=39/1752)
synthetic_005256/posterior_mean.pt
         232026 100%    9.62MB/s   00:00:00 (xfer#34, to-check=40/1752)
synthetic_005256/posterior_samples.pt
        4259840  17%    8.06MB/s   00:00:02
        9764864  40%   10.37MB/s   00:00:01
       15400960  62%   10.52MB/s   00:00:00
       20709376  84%    9.44MB/s   00:00:00
       24379392  99%    6.58MB/s   00:00:00
       24657317 100%    8.95MB/s   00:00:02 (xfer#35, to-check=41/1752)
synthetic_005256/posterior_std.pt
         232019 100%   11.78MB/s   00:00:00 (xfer#36, to-check=42/1752)
synthetic_005256/posterior_variance.pt
         232054 100%   32.08MB/s   00:00:00 (xfer#37, to-check=43/1752)
synthetic_005257/
synthetic_005257/composite_mean.pt
         232026 100%   10.71MB/s   00:00:00 (xfer#38, to-check=45/1752)
synthetic_005257/metadata.json
           1798 100%   30.60MB/s   00:00:00 (xfer#39, to-check=46/1752)
synthetic_005257/posterior_mean.pt
         232026 100%    5.55MB/s   00:00:00 (xfer#40, to-check=47/1752)
synthetic_005257/posterior_samples.pt
        4390912  18%    7.97MB/s   00:00:02
        8716288  35%    8.25MB/s   00:00:01
       13664256  55%    9.11MB/s   00:00:01
       18513920  75%    8.98MB/s   00:00:00
       23625728  96%    9.58MB/s   00:00:00
       24657317 100%    8.65MB/s   00:00:02 (xfer#41, to-check=48/1752)
synthetic_005257/posterior_std.pt
         232019 100%  156.14MB/s   00:00:00 (xfer#42, to-check=49/1752)
synthetic_005257/posterior_variance.pt
         232054 100%   91.49MB/s   00:00:00 (xfer#43, to-check=50/1752)
synthetic_005258/
synthetic_005258/composite_mean.pt
         232026 100%    7.29MB/s   00:00:00 (xfer#44, to-check=52/1752)
synthetic_005258/metadata.json
           1797 100%   29.58MB/s   00:00:00 (xfer#45, to-check=53/1752)
synthetic_005258/posterior_mean.pt
         232026 100%   60.99MB/s   00:00:00 (xfer#46, to-check=54/1752)
synthetic_005258/posterior_samples.pt
        5111808  21%    9.49MB/s   00:00:01
       10485760  43%   10.17MB/s   00:00:01
       15826944  64%   10.13MB/s   00:00:00
       21594112  88%   10.99MB/s   00:00:00
       24657317 100%   10.05MB/s   00:00:02 (xfer#47, to-check=55/1752)
synthetic_005258/posterior_std.pt
         232019 100%  116.52MB/s   00:00:00 (xfer#48, to-check=56/1752)
synthetic_005258/posterior_variance.pt
         232054 100%   11.35MB/s   00:00:00 (xfer#49, to-check=57/1752)
synthetic_005259/
synthetic_005259/composite_mean.pt
         232026 100%   64.38MB/s   00:00:00 (xfer#50, to-check=59/1752)
synthetic_005259/metadata.json
           1797 100%   32.38MB/s   00:00:00 (xfer#51, to-check=60/1752)
synthetic_005259/posterior_mean.pt
         232026 100%   21.37MB/s   00:00:00 (xfer#52, to-check=61/1752)
synthetic_005259/posterior_samples.pt
        5373952  22%   10.24MB/s   00:00:01
       10354688  42%    9.12MB/s   00:00:01
       15728640  64%    9.57MB/s   00:00:00
       21233664  86%   10.32MB/s   00:00:00
       24657317 100%    9.50MB/s   00:00:02 (xfer#53, to-check=62/1752)
synthetic_005259/posterior_std.pt
         232019 100%  129.33MB/s   00:00:00 (xfer#54, to-check=63/1752)
synthetic_005259/posterior_variance.pt
         232054 100%  186.13MB/s   00:00:00 (xfer#55, to-check=64/1752)
synthetic_005260/
synthetic_005260/composite_mean.pt
         232026 100%   11.61MB/s   00:00:00 (xfer#56, to-check=66/1752)
synthetic_005260/metadata.json
           1796 100%   27.63MB/s   00:00:00 (xfer#57, to-check=67/1752)
synthetic_005260/posterior_mean.pt
         232026 100%   39.58MB/s   00:00:00 (xfer#58, to-check=68/1752)
synthetic_005260/posterior_samples.pt
        5439488  22%   10.37MB/s   00:00:01
        8716288  35%    6.08MB/s   00:00:02
       13303808  54%    8.08MB/s   00:00:01
       17760256  72%    8.41MB/s   00:00:00
       22478848  91%    8.42MB/s   00:00:00
       24657317 100%    8.27MB/s   00:00:02 (xfer#59, to-check=69/1752)
synthetic_005260/posterior_std.pt
         232019 100%  133.46MB/s   00:00:00 (xfer#60, to-check=70/1752)
synthetic_005260/posterior_variance.pt
         232054 100%  156.74MB/s   00:00:00 (xfer#61, to-check=71/1752)
synthetic_005261/
synthetic_005261/composite_mean.pt
         232026 100%   12.97MB/s   00:00:00 (xfer#62, to-check=73/1752)
synthetic_005261/metadata.json
           1798 100%   28.65MB/s   00:00:00 (xfer#63, to-check=74/1752)
synthetic_005261/posterior_mean.pt
         232026 100%    6.14MB/s   00:00:00 (xfer#64, to-check=75/1752)
synthetic_005261/posterior_samples.pt
        4390912  18%    8.10MB/s   00:00:02
        9502720  39%    9.71MB/s   00:00:01
       14352384  58%    9.21MB/s   00:00:01
       19857408  81%    9.98MB/s   00:00:00
       24657317 100%    9.15MB/s   00:00:02 (xfer#65, to-check=76/1752)
synthetic_005261/posterior_std.pt
         232019 100%   77.29MB/s   00:00:00 (xfer#66, to-check=77/1752)
synthetic_005261/posterior_variance.pt
         232054 100%  180.24MB/s   00:00:00 (xfer#67, to-check=78/1752)
synthetic_005262/
synthetic_005262/composite_mean.pt
         232026 100%    7.50MB/s   00:00:00 (xfer#68, to-check=80/1752)
synthetic_005262/metadata.json
           1798 100%   30.60MB/s   00:00:00 (xfer#69, to-check=81/1752)
synthetic_005262/posterior_mean.pt
         232026 100%   16.26MB/s   00:00:00 (xfer#70, to-check=82/1752)
synthetic_005262/posterior_samples.pt
        3342336  14%    6.10MB/s   00:00:03
        7667712  31%    7.75MB/s   00:00:02
       11993088  49%    8.11MB/s   00:00:01
       15925248  65%    7.50MB/s   00:00:01
       20774912  84%    8.60MB/s   00:00:00
       24657317 100%    7.71MB/s   00:00:03 (xfer#71, to-check=83/1752)
synthetic_005262/posterior_std.pt
         232019 100%   33.81MB/s   00:00:00 (xfer#72, to-check=84/1752)
synthetic_005262/posterior_variance.pt
         232054 100%   31.92MB/s   00:00:00 (xfer#73, to-check=85/1752)
synthetic_005263/
synthetic_005263/composite_mean.pt
         232026 100%    5.28MB/s   00:00:00 (xfer#74, to-check=87/1752)
synthetic_005263/metadata.json
           1798 100%   24.46MB/s   00:00:00 (xfer#75, to-check=88/1752)
synthetic_005263/posterior_mean.pt
         232026 100%   16.38MB/s   00:00:00 (xfer#76, to-check=89/1752)
synthetic_005263/posterior_samples.pt
        4784128  19%    8.69MB/s   00:00:02
        9633792  39%    8.93MB/s   00:00:01
       14745600  60%    9.05MB/s   00:00:01
       19464192  79%    8.82MB/s   00:00:00
       23920640  97%    8.48MB/s   00:00:00
       24657317 100%    8.62MB/s   00:00:02 (xfer#77, to-check=90/1752)
synthetic_005263/posterior_std.pt
         232019 100%   83.24MB/s   00:00:00 (xfer#78, to-check=91/1752)
synthetic_005263/posterior_variance.pt
         232054 100%  193.30MB/s   00:00:00 (xfer#79, to-check=92/1752)
synthetic_005264/
synthetic_005264/composite_mean.pt
         232026 100%    9.04MB/s   00:00:00 (xfer#80, to-check=94/1752)
synthetic_005264/metadata.json
           1796 100%   24.86MB/s   00:00:00 (xfer#81, to-check=95/1752)
synthetic_005264/posterior_mean.pt
         232026 100%   22.60MB/s   00:00:00 (xfer#82, to-check=96/1752)
synthetic_005264/posterior_samples.pt
        4325376  18%    8.23MB/s   00:00:02
        9175040  37%    9.19MB/s   00:00:01
       13893632  56%    8.76MB/s   00:00:01
       18743296  76%    8.79MB/s   00:00:00
       23986176  97%    9.39MB/s   00:00:00
       24657317 100%    8.79MB/s   00:00:02 (xfer#83, to-check=97/1752)
synthetic_005264/posterior_std.pt
         232019 100%  164.03MB/s   00:00:00 (xfer#84, to-check=98/1752)
synthetic_005264/posterior_variance.pt
         232054 100%   17.01MB/s   00:00:00 (xfer#85, to-check=99/1752)
synthetic_005265/
synthetic_005265/composite_mean.pt
         232026 100%   24.40MB/s   00:00:00 (xfer#86, to-check=101/1752)
synthetic_005265/metadata.json
           1797 100%   21.46MB/s   00:00:00 (xfer#87, to-check=102/1752)
synthetic_005265/posterior_mean.pt
         232026 100%   15.02MB/s   00:00:00 (xfer#88, to-check=103/1752)
synthetic_005265/posterior_samples.pt
        4849664  20%    8.91MB/s   00:00:02
        9830400  40%    9.39MB/s   00:00:01
       15335424  62%   10.38MB/s   00:00:00
       20447232  83%    9.72MB/s   00:00:00
       24657317 100%    9.36MB/s   00:00:02 (xfer#89, to-check=104/1752)
synthetic_005265/posterior_std.pt
         232019 100%  111.80MB/s   00:00:00 (xfer#90, to-check=105/1752)
synthetic_005265/posterior_variance.pt
         232054 100%   13.40MB/s   00:00:00 (xfer#91, to-check=106/1752)
synthetic_005266/
synthetic_005266/composite_mean.pt
         232026 100%   29.52MB/s   00:00:00 (xfer#92, to-check=108/1752)
synthetic_005266/metadata.json
           1797 100%   20.19MB/s   00:00:00 (xfer#93, to-check=109/1752)
synthetic_005266/posterior_mean.pt
         232026 100%   25.75MB/s   00:00:00 (xfer#94, to-check=110/1752)
synthetic_005266/posterior_samples.pt
        5505024  22%   10.20MB/s   00:00:01
       11403264  46%   10.69MB/s   00:00:01
       17694720  72%   11.44MB/s   00:00:00
       21823488  89%    7.86MB/s   00:00:00
       24657317 100%    9.56MB/s   00:00:02 (xfer#95, to-check=111/1752)
synthetic_005266/posterior_std.pt
         232019 100%   41.78MB/s   00:00:00 (xfer#96, to-check=112/1752)
synthetic_005266/posterior_variance.pt
         232054 100%   13.52MB/s   00:00:00 (xfer#97, to-check=113/1752)
synthetic_005267/
synthetic_005267/composite_mean.pt
         232026 100%   33.58MB/s   00:00:00 (xfer#98, to-check=115/1752)
synthetic_005267/metadata.json
           1798 100%   28.54MB/s   00:00:00 (xfer#99, to-check=116/1752)
synthetic_005267/posterior_mean.pt
         232026 100%    4.32MB/s   00:00:00 (xfer#100, to-check=117/1752)
synthetic_005267/posterior_samples.pt
        4227072  17%    7.94MB/s   00:00:02
        9732096  39%    9.89MB/s   00:00:01
       15499264  63%   10.27MB/s   00:00:00
       21004288  85%   10.26MB/s   00:00:00
       24657317 100%    9.65MB/s   00:00:02 (xfer#101, to-check=118/1752)
synthetic_005267/posterior_std.pt
         232019 100%  108.10MB/s   00:00:00 (xfer#102, to-check=119/1752)
synthetic_005267/posterior_variance.pt
         232054 100%   30.49MB/s   00:00:00 (xfer#103, to-check=120/1752)
synthetic_005268/
synthetic_005268/composite_mean.pt
         232026 100%   21.64MB/s   00:00:00 (xfer#104, to-check=122/1752)
synthetic_005268/metadata.json
           1797 100%   25.58MB/s   00:00:00 (xfer#105, to-check=123/1752)
synthetic_005268/posterior_mean.pt
         232026 100%   20.77MB/s   00:00:00 (xfer#106, to-check=124/1752)
synthetic_005268/posterior_samples.pt
        5898240  24%   10.36MB/s   00:00:01
       11796480  48%   10.21MB/s   00:00:01
       17694720  72%   10.77MB/s   00:00:00
       23855104  97%   11.74MB/s   00:00:00
       24657317 100%   10.61MB/s   00:00:02 (xfer#107, to-check=125/1752)
synthetic_005268/posterior_std.pt
         232019 100%  112.55MB/s   00:00:00 (xfer#108, to-check=126/1752)
synthetic_005268/posterior_variance.pt
         232054 100%   15.71MB/s   00:00:00 (xfer#109, to-check=127/1752)
synthetic_005269/
synthetic_005269/composite_mean.pt
         232026 100%   90.80MB/s   00:00:00 (xfer#110, to-check=129/1752)
synthetic_005269/metadata.json
           1798 100%   31.27MB/s   00:00:00 (xfer#111, to-check=130/1752)
synthetic_005269/posterior_mean.pt
         232026 100%   37.21MB/s   00:00:00 (xfer#112, to-check=131/1752)
synthetic_005269/posterior_samples.pt
        6029312  24%   11.42MB/s   00:00:01
       10977280  45%    8.17MB/s   00:00:01
       14778368  60%    7.05MB/s   00:00:01
       19496960  79%    8.47MB/s   00:00:00
       24477696  99%    9.39MB/s   00:00:00
       24657317 100%    8.68MB/s   00:00:02 (xfer#113, to-check=132/1752)
synthetic_005269/posterior_std.pt
         232019 100%  127.03MB/s   00:00:00 (xfer#114, to-check=133/1752)
synthetic_005269/posterior_variance.pt
         232054 100%   18.18MB/s   00:00:00 (xfer#115, to-check=134/1752)
synthetic_005270/
synthetic_005270/composite_mean.pt
         232026 100%   20.56MB/s   00:00:00 (xfer#116, to-check=136/1752)
synthetic_005270/metadata.json
           1797 100%   21.14MB/s   00:00:00 (xfer#117, to-check=137/1752)
synthetic_005270/posterior_mean.pt
         232026 100%   66.95MB/s   00:00:00 (xfer#118, to-check=138/1752)
synthetic_005270/posterior_samples.pt
        4456448  18%    7.96MB/s   00:00:02
        9306112  38%    8.90MB/s   00:00:01
       14417920  58%    8.96MB/s   00:00:01
       19431424  79%    9.56MB/s   00:00:00
       24379392  99%    9.04MB/s   00:00:00
       24657317 100%    8.83MB/s   00:00:02 (xfer#119, to-check=139/1752)
synthetic_005270/posterior_std.pt
         232019 100%   38.73MB/s   00:00:00 (xfer#120, to-check=140/1752)
synthetic_005270/posterior_variance.pt
         232054 100%   27.89MB/s   00:00:00 (xfer#121, to-check=141/1752)
synthetic_005271/
synthetic_005271/composite_mean.pt
         232026 100%   32.67MB/s   00:00:00 (xfer#122, to-check=143/1752)
synthetic_005271/metadata.json
           1797 100%   28.98MB/s   00:00:00 (xfer#123, to-check=144/1752)
synthetic_005271/posterior_mean.pt
         232026 100%    4.76MB/s   00:00:00 (xfer#124, to-check=145/1752)
synthetic_005271/posterior_samples.pt
        5472256  22%   10.27MB/s   00:00:01
       10584064  43%    9.30MB/s   00:00:01
       15826944  64%    9.60MB/s   00:00:00
       20807680  84%    9.10MB/s   00:00:00
       24657317 100%    9.50MB/s   00:00:02 (xfer#125, to-check=146/1752)
synthetic_005271/posterior_std.pt
         232019 100%  119.67MB/s   00:00:00 (xfer#126, to-check=147/1752)
synthetic_005271/posterior_variance.pt
         232054 100%   26.03MB/s   00:00:00 (xfer#127, to-check=148/1752)
synthetic_005272/
synthetic_005272/composite_mean.pt
         232026 100%   18.66MB/s   00:00:00 (xfer#128, to-check=150/1752)
synthetic_005272/metadata.json
           1797 100%   26.82MB/s   00:00:00 (xfer#129, to-check=151/1752)
synthetic_005272/posterior_mean.pt
         232026 100%   18.13MB/s   00:00:00 (xfer#130, to-check=152/1752)
synthetic_005272/posterior_samples.pt
        5111808  21%    9.59MB/s   00:00:01
       10092544  41%    9.48MB/s   00:00:01
       15335424  62%    9.96MB/s   00:00:00
       20709376  84%   10.07MB/s   00:00:00
       24657317 100%    9.79MB/s   00:00:02 (xfer#131, to-check=153/1752)
synthetic_005272/posterior_std.pt
         232019 100%   91.28MB/s   00:00:00 (xfer#132, to-check=154/1752)
synthetic_005272/posterior_variance.pt
         232054 100%  232.00MB/s   00:00:00 (xfer#133, to-check=155/1752)
synthetic_005273/
synthetic_005273/composite_mean.pt
         232026 100%   13.63MB/s   00:00:00 (xfer#134, to-check=157/1752)
synthetic_005273/metadata.json
           1798 100%   26.84MB/s   00:00:00 (xfer#135, to-check=158/1752)
synthetic_005273/posterior_mean.pt
         232026 100%    7.86MB/s   00:00:00 (xfer#136, to-check=159/1752)
synthetic_005273/posterior_samples.pt
        5308416  22%   10.02MB/s   00:00:01
        9895936  40%    8.48MB/s   00:00:01
       15663104  64%   10.81MB/s   00:00:00
       21430272  87%   10.99MB/s   00:00:00
       24657317 100%    9.81MB/s   00:00:02 (xfer#137, to-check=160/1752)
synthetic_005273/posterior_std.pt
         232019 100%   12.92MB/s   00:00:00 (xfer#138, to-check=161/1752)
synthetic_005273/posterior_variance.pt
         232054 100%   45.75MB/s   00:00:00 (xfer#139, to-check=162/1752)
synthetic_005274/
synthetic_005274/composite_mean.pt
         232026 100%   22.64MB/s   00:00:00 (xfer#140, to-check=164/1752)
synthetic_005274/metadata.json
           1799 100%   22.01MB/s   00:00:00 (xfer#141, to-check=165/1752)
synthetic_005274/posterior_mean.pt
         232026 100%    5.06MB/s   00:00:00 (xfer#142, to-check=166/1752)
synthetic_005274/posterior_samples.pt
        6225920  25%   11.79MB/s   00:00:01
       12386304  50%   11.68MB/s   00:00:01
       19202048  78%   12.97MB/s   00:00:00
       24657317 100%   11.96MB/s   00:00:01 (xfer#143, to-check=167/1752)
synthetic_005274/posterior_std.pt
         232019 100%  124.16MB/s   00:00:00 (xfer#144, to-check=168/1752)
synthetic_005274/posterior_variance.pt
         232054 100%  189.32MB/s   00:00:00 (xfer#145, to-check=169/1752)
synthetic_005275/
synthetic_005275/composite_mean.pt
         232026 100%   14.81MB/s   00:00:00 (xfer#146, to-check=171/1752)
synthetic_005275/metadata.json
           1798 100%   23.20MB/s   00:00:00 (xfer#147, to-check=172/1752)
synthetic_005275/posterior_mean.pt
         232026 100%    6.82MB/s   00:00:00 (xfer#148, to-check=173/1752)
synthetic_005275/posterior_samples.pt
        6815744  28%   12.98MB/s   00:00:01
       13238272  54%   12.24MB/s   00:00:00
       19955712  81%   12.81MB/s   00:00:00
       24657317 100%    8.90MB/s   00:00:00
       24657317 100%   11.51MB/s   00:00:02 (xfer#149, to-check=174/1752)
synthetic_005275/posterior_std.pt
         232019 100%  116.46MB/s   00:00:00 (xfer#150, to-check=175/1752)
synthetic_005275/posterior_variance.pt
         232054 100%   42.95MB/s   00:00:00 (xfer#151, to-check=176/1752)
synthetic_005276/
synthetic_005276/composite_mean.pt
         232026 100%   26.38MB/s   00:00:00 (xfer#152, to-check=178/1752)
synthetic_005276/metadata.json
           1798 100%   27.24MB/s   00:00:00 (xfer#153, to-check=179/1752)
synthetic_005276/posterior_mean.pt
         232026 100%   33.86MB/s   00:00:00 (xfer#154, to-check=180/1752)
synthetic_005276/posterior_samples.pt
        6586368  27%   12.51MB/s   00:00:01
       11960320  49%   10.19MB/s   00:00:01
       17104896  69%    9.70MB/s   00:00:00
       22085632  90%    9.01MB/s   00:00:00
       24657317 100%   10.23MB/s   00:00:02 (xfer#155, to-check=181/1752)
synthetic_005276/posterior_std.pt
         232019 100%  119.61MB/s   00:00:00 (xfer#156, to-check=182/1752)
synthetic_005276/posterior_variance.pt
         232054 100%   27.11MB/s   00:00:00 (xfer#157, to-check=183/1752)
synthetic_005277/
synthetic_005277/composite_mean.pt
         232026 100%    9.36MB/s   00:00:00 (xfer#158, to-check=185/1752)
synthetic_005277/metadata.json
           1799 100%   25.25MB/s   00:00:00 (xfer#159, to-check=186/1752)
synthetic_005277/posterior_mean.pt
         232026 100%   17.52MB/s   00:00:00 (xfer#160, to-check=187/1752)
synthetic_005277/posterior_samples.pt
        5144576  21%    9.70MB/s   00:00:01
       11042816  45%   10.70MB/s   00:00:01
       16547840  67%   10.46MB/s   00:00:00
       22446080  91%   10.95MB/s   00:00:00
       24657317 100%   10.24MB/s   00:00:02 (xfer#161, to-check=188/1752)
synthetic_005277/posterior_std.pt
         232019 100%    2.95MB/s   00:00:00 (xfer#162, to-check=189/1752)
synthetic_005277/posterior_variance.pt
         232054 100%   18.33MB/s   00:00:00 (xfer#163, to-check=190/1752)
synthetic_005278/
synthetic_005278/composite_mean.pt
         232026 100%    3.86MB/s   00:00:00 (xfer#164, to-check=192/1752)
synthetic_005278/metadata.json
           1799 100%    3.55MB/s   00:00:00 (xfer#165, to-check=193/1752)
synthetic_005278/posterior_mean.pt
         232026 100%   60.06MB/s   00:00:00 (xfer#166, to-check=194/1752)
synthetic_005278/posterior_samples.pt
        3309568  13%    5.44MB/s   00:00:03
        6324224  26%    5.47MB/s   00:00:03
        9732096  39%    6.39MB/s   00:00:02
       13008896  53%    6.13MB/s   00:00:01
       16515072  67%    6.50MB/s   00:00:01
       20054016  81%    6.60MB/s   00:00:00
       23592960  96%    6.53MB/s   00:00:00
       24657317 100%    6.13MB/s   00:00:03 (xfer#167, to-check=195/1752)
synthetic_005278/posterior_std.pt
         232019 100%   94.08MB/s   00:00:00 (xfer#168, to-check=196/1752)
synthetic_005278/posterior_variance.pt
         232054 100%    9.20MB/s   00:00:00 (xfer#169, to-check=197/1752)
synthetic_005279/
synthetic_005279/composite_mean.pt
         232026 100%   27.34MB/s   00:00:00 (xfer#170, to-check=199/1752)
synthetic_005279/metadata.json
           1799 100%   25.61MB/s   00:00:00 (xfer#171, to-check=200/1752)
synthetic_005279/posterior_mean.pt
         232026 100%    4.03MB/s   00:00:00 (xfer#172, to-check=201/1752)
synthetic_005279/posterior_samples.pt
        3702784  15%    7.03MB/s   00:00:02
        7503872  30%    7.18MB/s   00:00:02
       11042816  45%    6.58MB/s   00:00:01
       14974976  61%    7.16MB/s   00:00:01
       18907136  77%    7.49MB/s   00:00:00
       22708224  92%    7.22MB/s   00:00:00
       24657317 100%    7.03MB/s   00:00:03 (xfer#173, to-check=202/1752)
synthetic_005279/posterior_std.pt
         232019 100%  120.86MB/s   00:00:00 (xfer#174, to-check=203/1752)
synthetic_005279/posterior_variance.pt
         232054 100%   54.39MB/s   00:00:00 (xfer#175, to-check=204/1752)
synthetic_005280/
synthetic_005280/composite_mean.pt
         232026 100%    4.67MB/s   00:00:00 (xfer#176, to-check=206/1752)
synthetic_005280/metadata.json
           1799 100%   22.28MB/s   00:00:00 (xfer#177, to-check=207/1752)
synthetic_005280/posterior_mean.pt
         232026 100%   23.46MB/s   00:00:00 (xfer#178, to-check=208/1752)
synthetic_005280/posterior_samples.pt
        3964928  16%    7.55MB/s   00:00:02
        7897088  32%    7.45MB/s   00:00:02
       10649600  43%    4.81MB/s   00:00:02
       13139968  53%    4.48MB/s   00:00:02
       16809984  68%    6.53MB/s   00:00:01
       20611072  84%    7.19MB/s   00:00:00
       24018944  97%    6.46MB/s   00:00:00
       24657317 100%    6.26MB/s   00:00:03 (xfer#179, to-check=209/1752)
synthetic_005280/posterior_std.pt
         232019 100%   84.36MB/s   00:00:00 (xfer#180, to-check=210/1752)
synthetic_005280/posterior_variance.pt
         232054 100%   12.57MB/s   00:00:00 (xfer#181, to-check=211/1752)
synthetic_005281/
synthetic_005281/composite_mean.pt
         232026 100%   15.70MB/s   00:00:00 (xfer#182, to-check=213/1752)
synthetic_005281/metadata.json
           1799 100%   25.98MB/s   00:00:00 (xfer#183, to-check=214/1752)
synthetic_005281/posterior_mean.pt
         232026 100%    4.43MB/s   00:00:00 (xfer#184, to-check=215/1752)
synthetic_005281/posterior_samples.pt
        3964928  16%    7.55MB/s   00:00:02
        7766016  31%    7.03MB/s   00:00:02
       11960320  49%    7.88MB/s   00:00:01
       16154624  66%    7.85MB/s   00:00:01
       20250624  82%    7.81MB/s   00:00:00
       22708224  92%    4.37MB/s   00:00:00
       24657317 100%    7.04MB/s   00:00:03 (xfer#185, to-check=216/1752)
synthetic_005281/posterior_std.pt
         232019 100%  110.63MB/s   00:00:00 (xfer#186, to-check=217/1752)
synthetic_005281/posterior_variance.pt
         232054 100%  181.40MB/s   00:00:00 (xfer#187, to-check=218/1752)
synthetic_005282/
synthetic_005282/composite_mean.pt
         232026 100%    7.40MB/s   00:00:00 (xfer#188, to-check=220/1752)
synthetic_005282/metadata.json
           1799 100%   25.61MB/s   00:00:00 (xfer#189, to-check=221/1752)
synthetic_005282/posterior_mean.pt
         232026 100%   15.74MB/s   00:00:00 (xfer#190, to-check=222/1752)
synthetic_005282/posterior_samples.pt
        4161536  17%    7.68MB/s   00:00:02
        8486912  34%    8.20MB/s   00:00:01
       11730944  48%    5.88MB/s   00:00:02
       15138816  61%    6.10MB/s   00:00:01
       18677760  76%    6.57MB/s   00:00:00
       22478848  91%    6.91MB/s   00:00:00
       24657317 100%    6.81MB/s   00:00:03 (xfer#191, to-check=223/1752)
synthetic_005282/posterior_std.pt
         232019 100%   87.53MB/s   00:00:00 (xfer#192, to-check=224/1752)
synthetic_005282/posterior_variance.pt
         232054 100%  222.86MB/s   00:00:00 (xfer#193, to-check=225/1752)
synthetic_005283/
synthetic_005283/composite_mean.pt
         232026 100%   10.24MB/s   00:00:00 (xfer#194, to-check=227/1752)
synthetic_005283/metadata.json
           1799 100%   21.42MB/s   00:00:00 (xfer#195, to-check=228/1752)
synthetic_005283/posterior_mean.pt
         232026 100%    4.41MB/s   00:00:00 (xfer#196, to-check=229/1752)
synthetic_005283/posterior_samples.pt
        3145728  13%    5.76MB/s   00:00:03
        6684672  27%    6.25MB/s   00:00:02
       10616832  43%    7.00MB/s   00:00:01
       14811136  60%    7.71MB/s   00:00:01
       18874368  77%    7.68MB/s   00:00:00
       22937600  93%    7.59MB/s   00:00:00
       24657317 100%    6.96MB/s   00:00:03 (xfer#197, to-check=230/1752)
synthetic_005283/posterior_std.pt
         232019 100%  150.32MB/s   00:00:00 (xfer#198, to-check=231/1752)
synthetic_005283/posterior_variance.pt
         232054 100%   12.24MB/s   00:00:00 (xfer#199, to-check=232/1752)
synthetic_005284/
synthetic_005284/composite_mean.pt
         232026 100%   58.17MB/s   00:00:00 (xfer#200, to-check=234/1752)
synthetic_005284/metadata.json
           1798 100%   20.20MB/s   00:00:00 (xfer#201, to-check=235/1752)
synthetic_005284/posterior_mean.pt
         232026 100%    4.17MB/s   00:00:00 (xfer#202, to-check=236/1752)
synthetic_005284/posterior_samples.pt
        4227072  17%    8.06MB/s   00:00:02
        7766016  31%    6.74MB/s   00:00:02
       12025856  49%    8.12MB/s   00:00:01
       16416768  67%    7.97MB/s   00:00:00
       20742144  84%    8.04MB/s   00:00:00
       24281088  98%    6.75MB/s   00:00:00
       24657317 100%    7.50MB/s   00:00:03 (xfer#203, to-check=237/1752)
synthetic_005284/posterior_std.pt
         232019 100%   84.49MB/s   00:00:00 (xfer#204, to-check=238/1752)
synthetic_005284/posterior_variance.pt
         232054 100%   11.57MB/s   00:00:00 (xfer#205, to-check=239/1752)
synthetic_005285/
synthetic_005285/composite_mean.pt
         232026 100%   38.04MB/s   00:00:00 (xfer#206, to-check=241/1752)
synthetic_005285/metadata.json
           1799 100%   27.68MB/s   00:00:00 (xfer#207, to-check=242/1752)
synthetic_005285/posterior_mean.pt
         232026 100%    4.41MB/s   00:00:00 (xfer#208, to-check=243/1752)
synthetic_005285/posterior_samples.pt
        4161536  17%    7.83MB/s   00:00:02
        8355840  34%    7.95MB/s   00:00:01
       12419072  50%    7.64MB/s   00:00:01
       16089088  65%    6.85MB/s   00:00:01
       20676608  84%    8.66MB/s   00:00:00
       24657317 100%    7.93MB/s   00:00:02 (xfer#209, to-check=244/1752)
synthetic_005285/posterior_std.pt
         232019 100%   76.07MB/s   00:00:00 (xfer#210, to-check=245/1752)
synthetic_005285/posterior_variance.pt
         232054 100%   12.20MB/s   00:00:00 (xfer#211, to-check=246/1752)
synthetic_005286/
synthetic_005286/composite_mean.pt
         232026 100%    6.49MB/s   00:00:00 (xfer#212, to-check=248/1752)
synthetic_005286/metadata.json
           1798 100%   23.13MB/s   00:00:00 (xfer#213, to-check=249/1752)
synthetic_005286/posterior_mean.pt
         232026 100%   31.88MB/s   00:00:00 (xfer#214, to-check=250/1752)
synthetic_005286/posterior_samples.pt
        4718592  19%    8.99MB/s   00:00:02
        8290304  34%    6.41MB/s   00:00:02
       12353536  50%    7.68MB/s   00:00:01
       16285696  66%    7.47MB/s   00:00:01
       20217856  82%    6.96MB/s   00:00:00
       23756800  96%    6.62MB/s   00:00:00
       24657317 100%    7.36MB/s   00:00:03 (xfer#215, to-check=251/1752)
synthetic_005286/posterior_std.pt
         232019 100%   17.97MB/s   00:00:00 (xfer#216, to-check=252/1752)
synthetic_005286/posterior_variance.pt
         232054 100%   35.65MB/s   00:00:00 (xfer#217, to-check=253/1752)
synthetic_005287/
synthetic_005287/composite_mean.pt
         232026 100%   29.78MB/s   00:00:00 (xfer#218, to-check=255/1752)
synthetic_005287/metadata.json
           1799 100%   28.11MB/s   00:00:00 (xfer#219, to-check=256/1752)
synthetic_005287/posterior_mean.pt
         232026 100%    4.15MB/s   00:00:00 (xfer#220, to-check=257/1752)
synthetic_005287/posterior_samples.pt
        4685824  19%    8.91MB/s   00:00:02
        8880128  36%    7.55MB/s   00:00:01
       12550144  51%    6.99MB/s   00:00:01
       15826944  64%    6.24MB/s   00:00:01
       19628032  80%    7.15MB/s   00:00:00
       23429120  95%    7.25MB/s   00:00:00
       24657317 100%    7.23MB/s   00:00:03 (xfer#221, to-check=258/1752)
synthetic_005287/posterior_std.pt
         232019 100%   86.95MB/s   00:00:00 (xfer#222, to-check=259/1752)
synthetic_005287/posterior_variance.pt
         232054 100%   11.33MB/s   00:00:00 (xfer#223, to-check=260/1752)
synthetic_005288/
synthetic_005288/composite_mean.pt
         232026 100%    6.50MB/s   00:00:00 (xfer#224, to-check=262/1752)
synthetic_005288/metadata.json
           1798 100%   21.47MB/s   00:00:00 (xfer#225, to-check=263/1752)
synthetic_005288/posterior_mean.pt
         232026 100%   17.19MB/s   00:00:00 (xfer#226, to-check=264/1752)
synthetic_005288/posterior_samples.pt
        3473408  14%    6.33MB/s   00:00:03
        6422528  26%    5.30MB/s   00:00:03
        9306112  38%    5.17MB/s   00:00:02
       12451840  50%    5.87MB/s   00:00:01
       15728640  64%    6.07MB/s   00:00:01
       19398656  79%    6.57MB/s   00:00:00
       22806528  92%    6.28MB/s   00:00:00
       24657317 100%    5.94MB/s   00:00:03 (xfer#227, to-check=265/1752)
synthetic_005288/posterior_std.pt
         232019 100%    9.90MB/s   00:00:00 (xfer#228, to-check=266/1752)
synthetic_005288/posterior_variance.pt
         232054 100%    8.89MB/s   00:00:00 (xfer#229, to-check=267/1752)
synthetic_005289/
synthetic_005289/composite_mean.pt
         232026 100%    5.27MB/s   00:00:00 (xfer#230, to-check=269/1752)
synthetic_005289/metadata.json
           1798 100%   19.23MB/s   00:00:00 (xfer#231, to-check=270/1752)
synthetic_005289/posterior_mean.pt
         232026 100%   12.27MB/s   00:00:00 (xfer#232, to-check=271/1752)
synthetic_005289/posterior_samples.pt
        1835008   7%    3.25MB/s   00:00:06
        5373952  22%    6.73MB/s   00:00:02
        8912896  36%    6.43MB/s   00:00:02
       12320768  50%    5.24MB/s   00:00:02
       15990784  65%    6.88MB/s   00:00:01
       19529728  79%    6.71MB/s   00:00:00
       23199744  94%    6.95MB/s   00:00:00
       24657317 100%    5.99MB/s   00:00:03 (xfer#233, to-check=272/1752)
synthetic_005289/posterior_std.pt
         232019 100%   84.58MB/s   00:00:00 (xfer#234, to-check=273/1752)
synthetic_005289/posterior_variance.pt
         232054 100%    6.30MB/s   00:00:00 (xfer#235, to-check=274/1752)
synthetic_005290/
synthetic_005290/composite_mean.pt
         232026 100%   33.65MB/s   00:00:00 (xfer#236, to-check=276/1752)
synthetic_005290/metadata.json
           1798 100%   18.44MB/s   00:00:00 (xfer#237, to-check=277/1752)
synthetic_005290/posterior_mean.pt
         232026 100%    5.08MB/s   00:00:00 (xfer#238, to-check=278/1752)
synthetic_005290/posterior_samples.pt
        3768320  15%    6.97MB/s   00:00:02
        7700480  31%    7.39MB/s   00:00:02
       10584064  43%    5.18MB/s   00:00:02
       14647296  59%    7.52MB/s   00:00:01
       18841600  76%    7.99MB/s   00:00:00
       22380544  91%    6.51MB/s   00:00:00
       24051712  98%    3.11MB/s   00:00:00
       24657317 100%    6.31MB/s   00:00:03 (xfer#239, to-check=279/1752)
synthetic_005290/posterior_std.pt
         232019 100%   35.28MB/s   00:00:00 (xfer#240, to-check=280/1752)
synthetic_005290/posterior_variance.pt
         232054 100%   18.15MB/s   00:00:00 (xfer#241, to-check=281/1752)
synthetic_005291/
synthetic_005291/composite_mean.pt
         232026 100%    4.20MB/s   00:00:00 (xfer#242, to-check=283/1752)
synthetic_005291/metadata.json
           1799 100%   20.68MB/s   00:00:00 (xfer#243, to-check=284/1752)
synthetic_005291/posterior_mean.pt
         232026 100%    4.37MB/s   00:00:00 (xfer#244, to-check=285/1752)
synthetic_005291/posterior_samples.pt
        3440640  14%    6.54MB/s   00:00:03
        5963776  24%    4.49MB/s   00:00:03
        8454144  34%    4.58MB/s   00:00:03
       11468800  47%    5.30MB/s   00:00:02
       14614528  59%    5.53MB/s   00:00:01
       17760256  72%    5.83MB/s   00:00:01
       20774912  84%    5.61MB/s   00:00:00
       23920640  97%    5.72MB/s   00:00:00
       24657317 100%    5.40MB/s   00:00:04 (xfer#245, to-check=286/1752)
synthetic_005291/posterior_std.pt
         232019 100%  112.32MB/s   00:00:00 (xfer#246, to-check=287/1752)
synthetic_005291/posterior_variance.pt
         232054 100%    6.27MB/s   00:00:00 (xfer#247, to-check=288/1752)
synthetic_005292/
synthetic_005292/composite_mean.pt
         232026 100%    3.81MB/s   00:00:00 (xfer#248, to-check=290/1752)
synthetic_005292/metadata.json
           1799 100%   19.29MB/s   00:00:00 (xfer#249, to-check=291/1752)
synthetic_005292/posterior_mean.pt
         232026 100%   17.85MB/s   00:00:00 (xfer#250, to-check=292/1752)
synthetic_005292/posterior_samples.pt
        3047424  12%    5.65MB/s   00:00:03
        6062080  25%    5.69MB/s   00:00:03
        8552448  35%    4.50MB/s   00:00:03
       11960320  49%    5.94MB/s   00:00:02
       15237120  62%    6.14MB/s   00:00:01
       18644992  76%    6.13MB/s   00:00:00
       22183936  90%    6.28MB/s   00:00:00
       24657317 100%    5.76MB/s   00:00:04 (xfer#251, to-check=293/1752)
synthetic_005292/posterior_std.pt
         232019 100%  113.69MB/s   00:00:00 (xfer#252, to-check=294/1752)
synthetic_005292/posterior_variance.pt
         232054 100%  139.35MB/s   00:00:00 (xfer#253, to-check=295/1752)
synthetic_005293/
synthetic_005293/composite_mean.pt
         232026 100%    5.58MB/s   00:00:00 (xfer#254, to-check=297/1752)
synthetic_005293/metadata.json
           1799 100%   25.98MB/s   00:00:00 (xfer#255, to-check=298/1752)
synthetic_005293/posterior_mean.pt
         232026 100%    4.41MB/s   00:00:00 (xfer#256, to-check=299/1752)
synthetic_005293/posterior_samples.pt
        3932160  16%    7.01MB/s   00:00:02
        7733248  31%    6.97MB/s   00:00:02
       10223616  41%    4.75MB/s   00:00:02
       14024704  57%    7.18MB/s   00:00:01
       17825792  72%    7.24MB/s   00:00:00
       21757952  88%    7.11MB/s   00:00:00
       24657317 100%    6.77MB/s   00:00:03 (xfer#257, to-check=300/1752)
synthetic_005293/posterior_std.pt
         232019 100%   11.50MB/s   00:00:00 (xfer#258, to-check=301/1752)
synthetic_005293/posterior_variance.pt
         232054 100%   14.21MB/s   00:00:00 (xfer#259, to-check=302/1752)
synthetic_005294/
synthetic_005294/composite_mean.pt
         232026 100%    4.50MB/s   00:00:00 (xfer#260, to-check=304/1752)
synthetic_005294/metadata.json
           1799 100%   18.89MB/s   00:00:00 (xfer#261, to-check=305/1752)
synthetic_005294/posterior_mean.pt
         232026 100%    7.73MB/s   00:00:00 (xfer#262, to-check=306/1752)
synthetic_005294/posterior_samples.pt
        4096000  17%    7.43MB/s   00:00:02
        8945664  36%    9.19MB/s   00:00:01
       13795328  56%    8.98MB/s   00:00:01
       18251776  74%    7.27MB/s   00:00:00
       24412160  99%   11.69MB/s   00:00:00
       24657317 100%    8.65MB/s   00:00:02 (xfer#263, to-check=307/1752)
synthetic_005294/posterior_std.pt
         232019 100%  112.14MB/s   00:00:00 (xfer#264, to-check=308/1752)
synthetic_005294/posterior_variance.pt
         232054 100%  183.81MB/s   00:00:00 (xfer#265, to-check=309/1752)
synthetic_005295/
synthetic_005295/composite_mean.pt
         232026 100%   26.25MB/s   00:00:00 (xfer#266, to-check=311/1752)
synthetic_005295/metadata.json
           1799 100%   28.11MB/s   00:00:00 (xfer#267, to-check=312/1752)
synthetic_005295/posterior_mean.pt
         232026 100%   19.00MB/s   00:00:00 (xfer#268, to-check=313/1752)
synthetic_005295/posterior_samples.pt
        6586368  27%   12.34MB/s   00:00:01
       13533184  55%   12.96MB/s   00:00:00
       20873216  85%   13.84MB/s   00:00:00
       24657317 100%   12.74MB/s   00:00:01 (xfer#269, to-check=314/1752)
synthetic_005295/posterior_std.pt
         232019 100%  106.43MB/s   00:00:00 (xfer#270, to-check=315/1752)
synthetic_005295/posterior_variance.pt
         232054 100%  182.90MB/s   00:00:00 (xfer#271, to-check=316/1752)
synthetic_005296/
synthetic_005296/composite_mean.pt
         232026 100%   13.38MB/s   00:00:00 (xfer#272, to-check=318/1752)
synthetic_005296/metadata.json
           1798 100%   16.46MB/s   00:00:00 (xfer#273, to-check=319/1752)
synthetic_005296/posterior_mean.pt
         232026 100%   10.04MB/s   00:00:00 (xfer#274, to-check=320/1752)
synthetic_005296/posterior_samples.pt
        4915200  20%    9.15MB/s   00:00:02
       11730944  48%   12.98MB/s   00:00:00
       16285696  66%    8.28MB/s   00:00:00
       23625728  96%   13.95MB/s   00:00:00
       24657317 100%   10.91MB/s   00:00:02 (xfer#275, to-check=321/1752)
synthetic_005296/posterior_std.pt
         232019 100%   85.63MB/s   00:00:00 (xfer#276, to-check=322/1752)
synthetic_005296/posterior_variance.pt
         232054 100%  213.83MB/s   00:00:00 (xfer#277, to-check=323/1752)
synthetic_005297/
synthetic_005297/composite_mean.pt
         232026 100%   21.10MB/s   00:00:00 (xfer#278, to-check=325/1752)
synthetic_005297/metadata.json
           1800 100%   19.94MB/s   00:00:00 (xfer#279, to-check=326/1752)
synthetic_005297/posterior_mean.pt
         232026 100%   11.44MB/s   00:00:00 (xfer#280, to-check=327/1752)
synthetic_005297/posterior_samples.pt
        6881280  28%   12.90MB/s   00:00:01
       13565952  55%   12.50MB/s   00:00:00
       20054016  81%   10.48MB/s   00:00:00
       22904832  93%    5.07MB/s   00:00:00
       24657317 100%   10.19MB/s   00:00:02 (xfer#281, to-check=328/1752)
synthetic_005297/posterior_std.pt
         232019 100%  124.09MB/s   00:00:00 (xfer#282, to-check=329/1752)
synthetic_005297/posterior_variance.pt
         232054 100%   33.37MB/s   00:00:00 (xfer#283, to-check=330/1752)
synthetic_005298/
synthetic_005298/composite_mean.pt
         232026 100%   17.09MB/s   00:00:00 (xfer#284, to-check=332/1752)
synthetic_005298/metadata.json
           1799 100%   28.56MB/s   00:00:00 (xfer#285, to-check=333/1752)
synthetic_005298/posterior_mean.pt
         232026 100%    8.66MB/s   00:00:00 (xfer#286, to-check=334/1752)
synthetic_005298/posterior_samples.pt
        6324224  26%   12.04MB/s   00:00:01
       13139968  53%   12.64MB/s   00:00:00
       19333120  78%   11.81MB/s   00:00:00
       24657317 100%   12.13MB/s   00:00:01 (xfer#287, to-check=335/1752)
synthetic_005298/posterior_std.pt
         232019 100%  246.37MB/s   00:00:00 (xfer#288, to-check=336/1752)
synthetic_005298/posterior_variance.pt
         232054 100%   57.87MB/s   00:00:00 (xfer#289, to-check=337/1752)
synthetic_005299/
synthetic_005299/composite_mean.pt
         232026 100%   10.17MB/s   00:00:00 (xfer#290, to-check=339/1752)
synthetic_005299/metadata.json
           1799 100%   24.56MB/s   00:00:00 (xfer#291, to-check=340/1752)
synthetic_005299/posterior_mean.pt
         232026 100%   15.76MB/s   00:00:00 (xfer#292, to-check=341/1752)
synthetic_005299/posterior_samples.pt
        6848512  28%   12.84MB/s   00:00:01
       13533184  55%   12.48MB/s   00:00:00
       20348928  83%   13.00MB/s   00:00:00
       24117248  98%    6.88MB/s   00:00:00
       24657317 100%   10.68MB/s   00:00:02 (xfer#293, to-check=342/1752)
synthetic_005299/posterior_std.pt
         232019 100%  125.72MB/s   00:00:00 (xfer#294, to-check=343/1752)
synthetic_005299/posterior_variance.pt
         232054 100%  220.85MB/s   00:00:00 (xfer#295, to-check=344/1752)
synthetic_005300/
synthetic_005300/composite_mean.pt
         232026 100%   16.12MB/s   00:00:00 (xfer#296, to-check=346/1752)
synthetic_005300/metadata.json
           1798 100%   19.49MB/s   00:00:00 (xfer#297, to-check=347/1752)
synthetic_005300/posterior_mean.pt
         232026 100%   18.27MB/s   00:00:00 (xfer#298, to-check=348/1752)
synthetic_005300/posterior_samples.pt
        4882432  20%    8.97MB/s   00:00:02
        8257536  33%    6.25MB/s   00:00:02
       11927552  48%    6.82MB/s   00:00:01
       15859712  64%    6.92MB/s   00:00:01
       19496960  79%    6.12MB/s   00:00:00
       22904832  93%    6.43MB/s   00:00:00
       24657317 100%    6.80MB/s   00:00:03 (xfer#299, to-check=349/1752)
synthetic_005300/posterior_std.pt
         232019 100%  116.52MB/s   00:00:00 (xfer#300, to-check=350/1752)
synthetic_005300/posterior_variance.pt
         232054 100%    7.58MB/s   00:00:00 (xfer#301, to-check=351/1752)
synthetic_005301/
synthetic_005301/composite_mean.pt
         232026 100%   47.70MB/s   00:00:00 (xfer#302, to-check=353/1752)
synthetic_005301/metadata.json
           1799 100%  265.95KB/s   00:00:00 (xfer#303, to-check=354/1752)
synthetic_005301/posterior_mean.pt
         232026 100%    4.43MB/s   00:00:00 (xfer#304, to-check=355/1752)
synthetic_005301/posterior_samples.pt
        2916352  12%    5.53MB/s   00:00:03
        6586368  27%    6.94MB/s   00:00:02
       10256384  42%    6.96MB/s   00:00:01
       14057472  57%    7.21MB/s   00:00:01
       17989632  73%    7.32MB/s   00:00:00
       21790720  88%    7.02MB/s   00:00:00
       24657317 100%    6.71MB/s   00:00:03 (xfer#305, to-check=356/1752)
synthetic_005301/posterior_std.pt
         232019 100%  125.43MB/s   00:00:00 (xfer#306, to-check=357/1752)
synthetic_005301/posterior_variance.pt
         232054 100%   12.02MB/s   00:00:00 (xfer#307, to-check=358/1752)
synthetic_005302/
synthetic_005302/composite_mean.pt
         232026 100%   14.97MB/s   00:00:00 (xfer#308, to-check=360/1752)
synthetic_005302/metadata.json
           1800 100%   25.62MB/s   00:00:00 (xfer#309, to-check=361/1752)
synthetic_005302/posterior_mean.pt
         232026 100%    2.76MB/s   00:00:00 (xfer#310, to-check=362/1752)
synthetic_005302/posterior_samples.pt
        3670016  15%    6.88MB/s   00:00:02
        7602176  31%    7.43MB/s   00:00:02
       11534336  47%    7.13MB/s   00:00:01
       15597568  63%    7.68MB/s   00:00:01
       19398656  79%    7.19MB/s   00:00:00
       23461888  95%    7.05MB/s   00:00:00
       24657317 100%    7.22MB/s   00:00:03 (xfer#311, to-check=363/1752)
synthetic_005302/posterior_std.pt
         232019 100%  153.88MB/s   00:00:00 (xfer#312, to-check=364/1752)
synthetic_005302/posterior_variance.pt
         232054 100%   16.13MB/s   00:00:00 (xfer#313, to-check=365/1752)
synthetic_005303/
synthetic_005303/composite_mean.pt
         232026 100%   22.38MB/s   00:00:00 (xfer#314, to-check=367/1752)
synthetic_005303/metadata.json
           1798 100%   24.13MB/s   00:00:00 (xfer#315, to-check=368/1752)
synthetic_005303/posterior_mean.pt
         232026 100%    4.43MB/s   00:00:00 (xfer#316, to-check=369/1752)
synthetic_005303/posterior_samples.pt
        4096000  17%    7.31MB/s   00:00:02
        8683520  35%    8.35MB/s   00:00:01
       12877824  52%    7.61MB/s   00:00:01
       17203200  70%    8.15MB/s   00:00:00
       21528576  87%    7.95MB/s   00:00:00
       24657317 100%    7.67MB/s   00:00:03 (xfer#317, to-check=370/1752)
synthetic_005303/posterior_std.pt
         232019 100%   75.96MB/s   00:00:00 (xfer#318, to-check=371/1752)
synthetic_005303/posterior_variance.pt
         232054 100%  175.93MB/s   00:00:00 (xfer#319, to-check=372/1752)
synthetic_005304/
synthetic_005304/composite_mean.pt
         232026 100%    7.45MB/s   00:00:00 (xfer#320, to-check=374/1752)
synthetic_005304/metadata.json
           1799 100%   28.22MB/s   00:00:00 (xfer#321, to-check=375/1752)
synthetic_005304/posterior_mean.pt
         232026 100%   24.92MB/s   00:00:00 (xfer#322, to-check=376/1752)
synthetic_005304/posterior_samples.pt
        2752512  11%    5.20MB/s   00:00:04
        4423680  18%    2.95MB/s   00:00:06
        6127616  25%    3.12MB/s   00:00:05
        7962624  32%    3.23MB/s   00:00:04
        9666560  39%    3.18MB/s   00:00:04
       11501568  47%    3.34MB/s   00:00:03
       13336576  54%    3.33MB/s   00:00:03
       15171584  62%    3.33MB/s   00:00:02
       17137664  70%    3.52MB/s   00:00:02
       18972672  77%    3.46MB/s   00:00:01
       21331968  87%    3.99MB/s   00:00:00
       23691264  96%    4.08MB/s   00:00:00
       24657317 100%    3.58MB/s   00:00:06 (xfer#323, to-check=377/1752)
synthetic_005304/posterior_std.pt
         232019 100%   13.38MB/s   00:00:00 (xfer#324, to-check=378/1752)
synthetic_005304/posterior_variance.pt
         232054 100%    3.79MB/s   00:00:00 (xfer#325, to-check=379/1752)
synthetic_005305/
synthetic_005305/composite_mean.pt
         232026 100%   18.28MB/s   00:00:00 (xfer#326, to-check=381/1752)
synthetic_005305/metadata.json
           1800 100%   19.25MB/s   00:00:00 (xfer#327, to-check=382/1752)
synthetic_005305/posterior_mean.pt
         232026 100%    3.15MB/s   00:00:00 (xfer#328, to-check=383/1752)
synthetic_005305/posterior_samples.pt
        2392064  10%    4.29MB/s   00:00:04
        5111808  21%    4.69MB/s   00:00:03
        7471104  30%    4.49MB/s   00:00:03
       10092544  41%    4.99MB/s   00:00:02
       12976128  53%    5.04MB/s   00:00:02
       15728640  64%    5.22MB/s   00:00:01
       18612224  75%    4.96MB/s   00:00:01
       21495808  87%    5.09MB/s   00:00:00
       24641536 100%    5.91MB/s   00:00:00
       24657317 100%    4.92MB/s   00:00:04 (xfer#329, to-check=384/1752)
synthetic_005305/posterior_std.pt
         232019 100%  159.44MB/s   00:00:00 (xfer#330, to-check=385/1752)
synthetic_005305/posterior_variance.pt
         232054 100%   13.41MB/s   00:00:00 (xfer#331, to-check=386/1752)
synthetic_005306/
synthetic_005306/composite_mean.pt
         232026 100%   12.66MB/s   00:00:00 (xfer#332, to-check=388/1752)
synthetic_005306/metadata.json
           1800 100%   20.69MB/s   00:00:00 (xfer#333, to-check=389/1752)
synthetic_005306/posterior_mean.pt
         232026 100%    4.54MB/s   00:00:00 (xfer#334, to-check=390/1752)
synthetic_005306/posterior_samples.pt
        3440640  14%    6.44MB/s   00:00:03
        7372800  30%    7.30MB/s   00:00:02
       11927552  48%    8.69MB/s   00:00:01
       15728640  64%    6.96MB/s   00:00:01
       21102592  86%   10.24MB/s   00:00:00
       24657317 100%    7.99MB/s   00:00:02 (xfer#335, to-check=391/1752)
synthetic_005306/posterior_std.pt
         232019 100%  118.51MB/s   00:00:00 (xfer#336, to-check=392/1752)
synthetic_005306/posterior_variance.pt
         232054 100%  150.66MB/s   00:00:00 (xfer#337, to-check=393/1752)
synthetic_005307/
synthetic_005307/composite_mean.pt
         232026 100%   10.34MB/s   00:00:00 (xfer#338, to-check=395/1752)
synthetic_005307/metadata.json
           1799 100%   28.67MB/s   00:00:00 (xfer#339, to-check=396/1752)
synthetic_005307/posterior_mean.pt
         232026 100%    7.02MB/s   00:00:00 (xfer#340, to-check=397/1752)
synthetic_005307/posterior_samples.pt
        6258688  25%   11.88MB/s   00:00:01
       13729792  56%   13.61MB/s   00:00:00
       20807680  84%   13.36MB/s   00:00:00
       24657317 100%   12.68MB/s   00:00:01 (xfer#341, to-check=398/1752)
synthetic_005307/posterior_std.pt
         232019 100%   84.52MB/s   00:00:00 (xfer#342, to-check=399/1752)
synthetic_005307/posterior_variance.pt
         232054 100%  232.46MB/s   00:00:00 (xfer#343, to-check=400/1752)
synthetic_005308/
synthetic_005308/composite_mean.pt
         232026 100%   12.64MB/s   00:00:00 (xfer#344, to-check=402/1752)
synthetic_005308/metadata.json
           1799 100%   29.13MB/s   00:00:00 (xfer#345, to-check=403/1752)
synthetic_005308/posterior_mean.pt
         232026 100%   31.70MB/s   00:00:00 (xfer#346, to-check=404/1752)
synthetic_005308/posterior_samples.pt
        6750208  27%   12.67MB/s   00:00:01
       13500416  55%   11.57MB/s   00:00:00
       20185088  82%   12.62MB/s   00:00:00
       24657317 100%   11.84MB/s   00:00:01 (xfer#347, to-check=405/1752)
synthetic_005308/posterior_std.pt
         232019 100%   87.39MB/s   00:00:00 (xfer#348, to-check=406/1752)
synthetic_005308/posterior_variance.pt
         232054 100%  190.76MB/s   00:00:00 (xfer#349, to-check=407/1752)
synthetic_005309/
synthetic_005309/composite_mean.pt
         232026 100%   11.81MB/s   00:00:00 (xfer#350, to-check=409/1752)
synthetic_005309/metadata.json
           1798 100%   24.46MB/s   00:00:00 (xfer#351, to-check=410/1752)
synthetic_005309/posterior_mean.pt
         232026 100%   13.63MB/s   00:00:00 (xfer#352, to-check=411/1752)
synthetic_005309/posterior_samples.pt
        7471104  30%   14.01MB/s   00:00:01
       12812288  52%   10.16MB/s   00:00:01
       18841600  76%   11.35MB/s   00:00:00
       24657317 100%   11.85MB/s   00:00:01 (xfer#353, to-check=412/1752)
synthetic_005309/posterior_std.pt
         232019 100%  108.64MB/s   00:00:00 (xfer#354, to-check=413/1752)
synthetic_005309/posterior_variance.pt
         232054 100%   13.10MB/s   00:00:00 (xfer#355, to-check=414/1752)
synthetic_005310/
synthetic_005310/composite_mean.pt
         232026 100%   22.43MB/s   00:00:00 (xfer#356, to-check=416/1752)
synthetic_005310/metadata.json
           1798 100%   29.60MB/s   00:00:00 (xfer#357, to-check=417/1752)
synthetic_005310/posterior_mean.pt
         232026 100%   60.23MB/s   00:00:00 (xfer#358, to-check=418/1752)
synthetic_005310/posterior_samples.pt
        6651904  27%   12.63MB/s   00:00:01
       12812288  52%   11.58MB/s   00:00:00
       20021248  81%   13.59MB/s   00:00:00
       24657317 100%   12.53MB/s   00:00:01 (xfer#359, to-check=419/1752)
synthetic_005310/posterior_std.pt
         232019 100%  120.72MB/s   00:00:00 (xfer#360, to-check=420/1752)
synthetic_005310/posterior_variance.pt
         232054 100%   17.41MB/s   00:00:00 (xfer#361, to-check=421/1752)
synthetic_005311/
synthetic_005311/composite_mean.pt
         232026 100%   25.95MB/s   00:00:00 (xfer#362, to-check=423/1752)
synthetic_005311/metadata.json
           1800 100%   26.47MB/s   00:00:00 (xfer#363, to-check=424/1752)
synthetic_005311/posterior_mean.pt
         232026 100%   14.84MB/s   00:00:00 (xfer#364, to-check=425/1752)
synthetic_005311/posterior_samples.pt
        6455296  26%   12.15MB/s   00:00:01
       13533184  55%   13.28MB/s   00:00:00
       20217856  82%   12.65MB/s   00:00:00
       24657317 100%   12.46MB/s   00:00:01 (xfer#365, to-check=426/1752)
synthetic_005311/posterior_std.pt
         232019 100%  134.02MB/s   00:00:00 (xfer#366, to-check=427/1752)
synthetic_005311/posterior_variance.pt
         232054 100%  144.92MB/s   00:00:00 (xfer#367, to-check=428/1752)
synthetic_005312/
synthetic_005312/composite_mean.pt
         232026 100%   14.40MB/s   00:00:00 (xfer#368, to-check=430/1752)
synthetic_005312/metadata.json
           1800 100%   29.63MB/s   00:00:00 (xfer#369, to-check=431/1752)
synthetic_005312/posterior_mean.pt
         232026 100%   14.76MB/s   00:00:00 (xfer#370, to-check=432/1752)
synthetic_005312/posterior_samples.pt
        6684672  27%   12.57MB/s   00:00:01
       13369344  54%   12.65MB/s   00:00:00
       19791872  80%   12.22MB/s   00:00:00
       24657317 100%   12.50MB/s   00:00:01 (xfer#371, to-check=433/1752)
synthetic_005312/posterior_std.pt
         232019 100%  108.42MB/s   00:00:00 (xfer#372, to-check=434/1752)
synthetic_005312/posterior_variance.pt
         232054 100%   21.90MB/s   00:00:00 (xfer#373, to-check=435/1752)
synthetic_005313/
synthetic_005313/composite_mean.pt
         232026 100%   30.30MB/s   00:00:00 (xfer#374, to-check=437/1752)
synthetic_005313/metadata.json
           1800 100%   41.86MB/s   00:00:00 (xfer#375, to-check=438/1752)
synthetic_005313/posterior_mean.pt
         232026 100%   10.16MB/s   00:00:00 (xfer#376, to-check=439/1752)
synthetic_005313/posterior_samples.pt
        5570560  23%   10.46MB/s   00:00:01
       11730944  48%   11.35MB/s   00:00:01
       16973824  69%    9.64MB/s   00:00:00
       22740992  92%   10.66MB/s   00:00:00
       24657317 100%    9.37MB/s   00:00:02 (xfer#377, to-check=440/1752)
synthetic_005313/posterior_std.pt
         232019 100%   84.49MB/s   00:00:00 (xfer#378, to-check=441/1752)
synthetic_005313/posterior_variance.pt
         232054 100%   74.87MB/s   00:00:00 (xfer#379, to-check=442/1752)
synthetic_005314/
synthetic_005314/composite_mean.pt
         232026 100%   50.85MB/s   00:00:00 (xfer#380, to-check=444/1752)
synthetic_005314/metadata.json
           1799 100%   33.01MB/s   00:00:00 (xfer#381, to-check=445/1752)
synthetic_005314/posterior_mean.pt
         232026 100%  648.03KB/s   00:00:00 (xfer#382, to-check=446/1752)
synthetic_005314/posterior_samples.pt
        2260992   9%    3.93MB/s   00:00:05
        6979584  28%    8.79MB/s   00:00:01
        9338880  38%    3.78MB/s   00:00:03
        9732096  39%  692.48KB/s   00:00:21
       11763712  48%    2.72MB/s   00:00:04
       13500416  55%    2.79MB/s   00:00:03
       16252928  66%    4.46MB/s   00:00:01
       20185088  82%    7.35MB/s   00:00:00
       22675456  92%    4.58MB/s   00:00:00
       24657317 100%    4.26MB/s   00:00:05 (xfer#383, to-check=447/1752)
synthetic_005314/posterior_std.pt
         232019 100%   78.58MB/s   00:00:00 (xfer#384, to-check=448/1752)
synthetic_005314/posterior_variance.pt
         232054 100%    6.42MB/s   00:00:00 (xfer#385, to-check=449/1752)
synthetic_005315/
synthetic_005315/composite_mean.pt
         232026 100%   16.17MB/s   00:00:00 (xfer#386, to-check=451/1752)
synthetic_005315/metadata.json
           1800 100%   23.84MB/s   00:00:00 (xfer#387, to-check=452/1752)
synthetic_005315/posterior_mean.pt
         232026 100%    1.02MB/s   00:00:00 (xfer#388, to-check=453/1752)
synthetic_005315/posterior_samples.pt
        1802240   7%    3.43MB/s   00:00:06
        3375104  14%    2.70MB/s   00:00:07
        5472256  22%    3.84MB/s   00:00:04
        7700480  31%    3.21MB/s   00:00:05
        9404416  38%    3.03MB/s   00:00:04
       10190848  41%    1.39MB/s   00:00:09
       12025856  49%    3.18MB/s   00:00:03
       13598720  55%    2.69MB/s   00:00:03
       15826944  64%    3.81MB/s   00:00:02
       17006592  69%    1.73MB/s   00:00:04
       17793024  72%    1.33MB/s   00:00:04
       18579456  75%    1.30MB/s   00:00:04
       19365888  79%    1.41MB/s   00:00:03
       20414464  83%    1.92MB/s   00:00:02
       21069824  85%  662.80KB/s   00:00:05
       21856256  89%    1.36MB/s   00:00:01
       22249472  90%  698.84KB/s   00:00:03
       22642688  92%  660.72KB/s   00:00:02
       23166976  94%  851.74KB/s   00:00:01
       24084480  98%    1.60MB/s   00:00:00
       24657317 100%    1.98MB/s   00:00:11 (xfer#389, to-check=454/1752)
synthetic_005315/posterior_std.pt
         232019 100%    3.55MB/s   00:00:00 (xfer#390, to-check=455/1752)
synthetic_005315/posterior_variance.pt
         232054 100%    2.58MB/s   00:00:00 (xfer#391, to-check=456/1752)
synthetic_005316/
synthetic_005316/composite_mean.pt
         232026 100%    2.27MB/s   00:00:00 (xfer#392, to-check=458/1752)
synthetic_005316/metadata.json
           1800 100%    5.03MB/s   00:00:00 (xfer#393, to-check=459/1752)
synthetic_005316/posterior_mean.pt
         232026 100%    3.66MB/s   00:00:00 (xfer#394, to-check=460/1752)
synthetic_005316/posterior_samples.pt
        1245184   5%    2.36MB/s   00:00:09
        2850816  12%    2.83MB/s   00:00:07
        4423680  18%    2.76MB/s   00:00:07
        6127616  25%    3.20MB/s   00:00:05
        7962624  32%    3.46MB/s   00:00:04
       10059776  41%    3.73MB/s   00:00:03
       12681216  51%    4.52MB/s   00:00:02
       15433728  63%    5.07MB/s   00:00:01
       17924096  73%    4.65MB/s   00:00:01
       21495808  87%    6.81MB/s   00:00:00
       24657317 100%    4.14MB/s   00:00:05 (xfer#395, to-check=461/1752)
synthetic_005316/posterior_std.pt
         232019 100%   74.70MB/s   00:00:00 (xfer#396, to-check=462/1752)
synthetic_005316/posterior_variance.pt
         232054 100%   12.81MB/s   00:00:00 (xfer#397, to-check=463/1752)
synthetic_005317/
synthetic_005317/composite_mean.pt
         232026 100%    6.71MB/s   00:00:00 (xfer#398, to-check=465/1752)
synthetic_005317/metadata.json
           1798 100%   21.66MB/s   00:00:00 (xfer#399, to-check=466/1752)
synthetic_005317/posterior_mean.pt
         232026 100%   10.02MB/s   00:00:00 (xfer#400, to-check=467/1752)
synthetic_005317/posterior_samples.pt
        1310720   5%    2.39MB/s   00:00:09
        5603328  23%    8.18MB/s   00:00:02
        8814592  36%    6.12MB/s   00:00:02
       12550144  51%    6.94MB/s   00:00:01
       16351232  66%    6.51MB/s   00:00:01
       19333120  78%    5.60MB/s   00:00:00
       22478848  91%    5.83MB/s   00:00:00
       24657317 100%    5.70MB/s   00:00:04 (xfer#401, to-check=468/1752)
synthetic_005317/posterior_std.pt
         232019 100%  169.57MB/s   00:00:00 (xfer#402, to-check=469/1752)
synthetic_005317/posterior_variance.pt
         232054 100%    9.63MB/s   00:00:00 (xfer#403, to-check=470/1752)
synthetic_005318/
synthetic_005318/composite_mean.pt
         232026 100%    4.11MB/s   00:00:00 (xfer#404, to-check=472/1752)
synthetic_005318/metadata.json
           1800 100%   19.73MB/s   00:00:00 (xfer#405, to-check=473/1752)
synthetic_005318/posterior_mean.pt
         232026 100%   12.29MB/s   00:00:00 (xfer#406, to-check=474/1752)
synthetic_005318/posterior_samples.pt
        2916352  12%    5.29MB/s   00:00:03
        5668864  23%    5.04MB/s   00:00:03
        8814592  36%    5.87MB/s   00:00:02
       11829248  48%    5.70MB/s   00:00:02
       14712832  60%    5.40MB/s   00:00:01
       18251776  74%    6.31MB/s   00:00:00
       21397504  87%    5.90MB/s   00:00:00
       24657317 100%    6.21MB/s   00:00:00
       24657317 100%    5.66MB/s   00:00:04 (xfer#407, to-check=475/1752)
synthetic_005318/posterior_std.pt
         232019 100%  108.89MB/s   00:00:00 (xfer#408, to-check=476/1752)
synthetic_005318/posterior_variance.pt
         232054 100%    8.20MB/s   00:00:00 (xfer#409, to-check=477/1752)
synthetic_005319/
synthetic_005319/composite_mean.pt
         232026 100%   44.88MB/s   00:00:00 (xfer#410, to-check=479/1752)
synthetic_005319/metadata.json
           1800 100%   31.30MB/s   00:00:00 (xfer#411, to-check=480/1752)
synthetic_005319/posterior_mean.pt
         232026 100%    3.27MB/s   00:00:00 (xfer#412, to-check=481/1752)
synthetic_005319/posterior_samples.pt
        3080192  12%    5.39MB/s   00:00:03
        4620288  19%    2.69MB/s   00:00:07
        7503872  30%    4.97MB/s   00:00:03
        9797632  40%    4.10MB/s   00:00:03
       11894784  48%    3.91MB/s   00:00:03
       14057472  57%    4.12MB/s   00:00:02
       16351232  66%    4.31MB/s   00:00:01
       18841600  76%    4.54MB/s   00:00:01
       21331968  87%    4.35MB/s   00:00:00
       23560192  96%    4.11MB/s   00:00:00
       24657317 100%    4.24MB/s   00:00:05 (xfer#413, to-check=482/1752)
synthetic_005319/posterior_std.pt
         232019 100%   12.90MB/s   00:00:00 (xfer#414, to-check=483/1752)
synthetic_005319/posterior_variance.pt
         232054 100%    2.92MB/s   00:00:00 (xfer#415, to-check=484/1752)
synthetic_005320/
synthetic_005320/composite_mean.pt
         232026 100%    4.58MB/s   00:00:00 (xfer#416, to-check=486/1752)
synthetic_005320/metadata.json
           1800 100%    5.42MB/s   00:00:00 (xfer#417, to-check=487/1752)
synthetic_005320/posterior_mean.pt
         232026 100%    6.94MB/s   00:00:00 (xfer#418, to-check=488/1752)
synthetic_005320/posterior_samples.pt
        2555904  10%    4.61MB/s   00:00:04
        5046272  20%    4.65MB/s   00:00:04
        7536640  31%    4.64MB/s   00:00:03
       10158080  41%    4.97MB/s   00:00:02
       13041664  53%    5.33MB/s   00:00:02
       15925248  65%    5.33MB/s   00:00:01
       18284544  74%    4.47MB/s   00:00:01
       21168128  86%    5.48MB/s   00:00:00
       24313856  99%    5.91MB/s   00:00:00
       24657317 100%    5.00MB/s   00:00:04 (xfer#419, to-check=489/1752)
synthetic_005320/posterior_std.pt
         232019 100%   75.47MB/s   00:00:00 (xfer#420, to-check=490/1752)
synthetic_005320/posterior_variance.pt
         232054 100%   10.38MB/s   00:00:00 (xfer#421, to-check=491/1752)
synthetic_005321/
synthetic_005321/composite_mean.pt
         232026 100%    4.44MB/s   00:00:00 (xfer#422, to-check=493/1752)
synthetic_005321/metadata.json
           1797 100%   15.42MB/s   00:00:00 (xfer#423, to-check=494/1752)
synthetic_005321/posterior_mean.pt
         232026 100%   13.44MB/s   00:00:00 (xfer#424, to-check=495/1752)
synthetic_005321/posterior_samples.pt
        2981888  12%    5.65MB/s   00:00:03
        6389760  26%    6.38MB/s   00:00:02
        9535488  39%    5.01MB/s   00:00:02
       13205504  54%    6.93MB/s   00:00:01
       16351232  66%    5.69MB/s   00:00:01
       20283392  82%    7.33MB/s   00:00:00
       24346624  99%    7.69MB/s   00:00:00
       24657317 100%    6.33MB/s   00:00:03 (xfer#425, to-check=496/1752)
synthetic_005321/posterior_std.pt
         232019 100%   33.87MB/s   00:00:00 (xfer#426, to-check=497/1752)
synthetic_005321/posterior_variance.pt
         232054 100%   16.24MB/s   00:00:00 (xfer#427, to-check=498/1752)
synthetic_005322/
synthetic_005322/composite_mean.pt
         232026 100%    4.07MB/s   00:00:00 (xfer#428, to-check=500/1752)
synthetic_005322/metadata.json
           1796 100%   22.24MB/s   00:00:00 (xfer#429, to-check=501/1752)
synthetic_005322/posterior_mean.pt
         232026 100%   49.92MB/s   00:00:00 (xfer#430, to-check=502/1752)
synthetic_005322/posterior_samples.pt
        4554752  18%    8.68MB/s   00:00:02
        9535488  39%    9.49MB/s   00:00:01
       15302656  62%   10.79MB/s   00:00:00
       20283392  82%    9.48MB/s   00:00:00
       24657317 100%    9.82MB/s   00:00:02 (xfer#431, to-check=503/1752)
synthetic_005322/posterior_std.pt
         232019 100%   84.87MB/s   00:00:00 (xfer#432, to-check=504/1752)
synthetic_005322/posterior_variance.pt
         232054 100%   15.36MB/s   00:00:00 (xfer#433, to-check=505/1752)
synthetic_005323/
synthetic_005323/composite_mean.pt
         232026 100%   25.32MB/s   00:00:00 (xfer#434, to-check=507/1752)
synthetic_005323/metadata.json
           1796 100%   27.21MB/s   00:00:00 (xfer#435, to-check=508/1752)
synthetic_005323/posterior_mean.pt
         232026 100%   46.40MB/s   00:00:00 (xfer#436, to-check=509/1752)
synthetic_005323/posterior_samples.pt
        4292608  17%    8.10MB/s   00:00:02
       11894784  48%   14.27MB/s   00:00:00
       18579456  75%   12.09MB/s   00:00:00
       24657317 100%   11.80MB/s   00:00:01 (xfer#437, to-check=510/1752)
synthetic_005323/posterior_std.pt
         232019 100%  118.45MB/s   00:00:00 (xfer#438, to-check=511/1752)
synthetic_005323/posterior_variance.pt
         232054 100%   21.23MB/s   00:00:00 (xfer#439, to-check=512/1752)
synthetic_005324/
synthetic_005324/composite_mean.pt
         232026 100%   14.92MB/s   00:00:00 (xfer#440, to-check=514/1752)
synthetic_005324/metadata.json
           1797 100%   34.89MB/s   00:00:00 (xfer#441, to-check=515/1752)
synthetic_005324/posterior_mean.pt
         232026 100%   24.94MB/s   00:00:00 (xfer#442, to-check=516/1752)
synthetic_005324/posterior_samples.pt
        4390912  18%    8.34MB/s   00:00:02
        9469952  38%    9.44MB/s   00:00:01
       14974976  61%   10.49MB/s   00:00:00
       20348928  83%   10.15MB/s   00:00:00
       24576000 100%    7.47MB/s   00:00:00
       24657317 100%    9.05MB/s   00:00:02 (xfer#443, to-check=517/1752)
synthetic_005324/posterior_std.pt
         232019 100%  160.23MB/s   00:00:00 (xfer#444, to-check=518/1752)
synthetic_005324/posterior_variance.pt
         232054 100%    4.32MB/s   00:00:00 (xfer#445, to-check=519/1752)
synthetic_005325/
synthetic_005325/composite_mean.pt
         232026 100%    6.66MB/s   00:00:00 (xfer#446, to-check=521/1752)
synthetic_005325/metadata.json
           1796 100%   20.35MB/s   00:00:00 (xfer#447, to-check=522/1752)
synthetic_005325/posterior_mean.pt
         232026 100%    9.89MB/s   00:00:00 (xfer#448, to-check=523/1752)
synthetic_005325/posterior_samples.pt
        3801088  15%    7.18MB/s   00:00:02
        7864320  32%    7.47MB/s   00:00:02
       12845056  52%    9.15MB/s   00:00:01
       17563648  71%    8.91MB/s   00:00:00
       22413312  91%    9.21MB/s   00:00:00
       24657317 100%    8.38MB/s   00:00:02 (xfer#449, to-check=524/1752)
synthetic_005325/posterior_std.pt
         232019 100%   15.46MB/s   00:00:00 (xfer#450, to-check=525/1752)
synthetic_005325/posterior_variance.pt
         232054 100%   18.86MB/s   00:00:00 (xfer#451, to-check=526/1752)
synthetic_005326/
synthetic_005326/composite_mean.pt
         232026 100%   71.33MB/s   00:00:00 (xfer#452, to-check=528/1752)
synthetic_005326/metadata.json
           1797 100%   22.53MB/s   00:00:00 (xfer#453, to-check=529/1752)
synthetic_005326/posterior_mean.pt
         232026 100%    4.57MB/s   00:00:00 (xfer#454, to-check=530/1752)
synthetic_005326/posterior_samples.pt
        5079040  21%    9.23MB/s   00:00:02
       10321920  42%    9.64MB/s   00:00:01
       14385152  58%    7.33MB/s   00:00:01
       19365888  79%    9.08MB/s   00:00:00
       24477696  99%    9.07MB/s   00:00:00
       24657317 100%    8.80MB/s   00:00:02 (xfer#455, to-check=531/1752)
synthetic_005326/posterior_std.pt
         232019 100%  286.62MB/s   00:00:00 (xfer#456, to-check=532/1752)
synthetic_005326/posterior_variance.pt
         232054 100%   10.08MB/s   00:00:00 (xfer#457, to-check=533/1752)
synthetic_005327/
synthetic_005327/composite_mean.pt
         232026 100%   25.68MB/s   00:00:00 (xfer#458, to-check=535/1752)
synthetic_005327/metadata.json
           1798 100%   25.59MB/s   00:00:00 (xfer#459, to-check=536/1752)
synthetic_005327/posterior_mean.pt
         232026 100%  257.59MB/s   00:00:00 (xfer#460, to-check=537/1752)
synthetic_005327/posterior_samples.pt
        4718592  19%    8.92MB/s   00:00:02
        9961472  40%    9.36MB/s   00:00:01
       15335424  62%   10.23MB/s   00:00:00
       20447232  83%    9.43MB/s   00:00:00
       24657317 100%    9.34MB/s   00:00:02 (xfer#461, to-check=538/1752)
synthetic_005327/posterior_std.pt
         232019 100%  233.18MB/s   00:00:00 (xfer#462, to-check=539/1752)
synthetic_005327/posterior_variance.pt
         232054 100%    8.79MB/s   00:00:00 (xfer#463, to-check=540/1752)
synthetic_005328/
synthetic_005328/composite_mean.pt
         232026 100%    9.71MB/s   00:00:00 (xfer#464, to-check=542/1752)
synthetic_005328/metadata.json
           1798 100%   25.24MB/s   00:00:00 (xfer#465, to-check=543/1752)
synthetic_005328/posterior_mean.pt
         232026 100%   10.26MB/s   00:00:00 (xfer#466, to-check=544/1752)
synthetic_005328/posterior_samples.pt
        4849664  20%    9.14MB/s   00:00:02
        7864320  32%    2.44MB/s   00:00:06
       15138816  61%   13.65MB/s   00:00:00
       20512768  83%   10.16MB/s   00:00:00
       23265280  94%    5.22MB/s   00:00:00
       24657317 100%    7.01MB/s   00:00:03 (xfer#467, to-check=545/1752)
synthetic_005328/posterior_std.pt
         232019 100%  214.83MB/s   00:00:00 (xfer#468, to-check=546/1752)
synthetic_005328/posterior_variance.pt
         232054 100%   11.94MB/s   00:00:00 (xfer#469, to-check=547/1752)
synthetic_005329/
synthetic_005329/composite_mean.pt
         232026 100%   30.02MB/s   00:00:00 (xfer#470, to-check=549/1752)
synthetic_005329/metadata.json
           1797 100%   23.80MB/s   00:00:00 (xfer#471, to-check=550/1752)
synthetic_005329/posterior_mean.pt
         232026 100%   11.80MB/s   00:00:00 (xfer#472, to-check=551/1752)
synthetic_005329/posterior_samples.pt
        6389760  26%   12.15MB/s   00:00:01
       12419072  50%   11.41MB/s   00:00:01
       18579456  75%   11.26MB/s   00:00:00
       24657317 100%   11.75MB/s   00:00:02 (xfer#473, to-check=552/1752)
synthetic_005329/posterior_std.pt
         232019 100%  346.81MB/s   00:00:00 (xfer#474, to-check=553/1752)
synthetic_005329/posterior_variance.pt
         232054 100%  364.01MB/s   00:00:00 (xfer#475, to-check=554/1752)
synthetic_005330/
synthetic_005330/composite_mean.pt
         232026 100%   11.33MB/s   00:00:00 (xfer#476, to-check=556/1752)
synthetic_005330/metadata.json
           1798 100%   30.09MB/s   00:00:00 (xfer#477, to-check=557/1752)
synthetic_005330/posterior_mean.pt
         232026 100%   16.47MB/s   00:00:00 (xfer#478, to-check=558/1752)
synthetic_005330/posterior_samples.pt
        6946816  28%   13.11MB/s   00:00:01
       13893632  56%   13.14MB/s   00:00:00
       20578304  83%   12.73MB/s   00:00:00
       24657317 100%   12.24MB/s   00:00:01 (xfer#479, to-check=559/1752)
synthetic_005330/posterior_std.pt
         232019 100%  213.20MB/s   00:00:00 (xfer#480, to-check=560/1752)
synthetic_005330/posterior_variance.pt
         232054 100%   44.22MB/s   00:00:00 (xfer#481, to-check=561/1752)
synthetic_005331/
synthetic_005331/composite_mean.pt
         232026 100%   13.95MB/s   00:00:00 (xfer#482, to-check=563/1752)
synthetic_005331/metadata.json
           1798 100%   22.55MB/s   00:00:00 (xfer#483, to-check=564/1752)
synthetic_005331/posterior_mean.pt
         232026 100%   17.16MB/s   00:00:00 (xfer#484, to-check=565/1752)
synthetic_005331/posterior_samples.pt
        6782976  28%   12.70MB/s   00:00:01
       12353536  50%   10.28MB/s   00:00:01
       14221312  58%    3.53MB/s   00:00:02
       17367040  70%    5.50MB/s   00:00:01
       20512768  83%    5.63MB/s   00:00:00
       23658496  96%    5.60MB/s   00:00:00
       24657317 100%    7.10MB/s   00:00:03 (xfer#485, to-check=566/1752)
synthetic_005331/posterior_std.pt
         232019 100%   14.22MB/s   00:00:00 (xfer#486, to-check=567/1752)
synthetic_005331/posterior_variance.pt
         232054 100%    4.09MB/s   00:00:00 (xfer#487, to-check=568/1752)
synthetic_005332/
synthetic_005332/composite_mean.pt
         232026 100%    6.22MB/s   00:00:00 (xfer#488, to-check=570/1752)
synthetic_005332/metadata.json
           1799 100%   17.68MB/s   00:00:00 (xfer#489, to-check=571/1752)
synthetic_005332/posterior_mean.pt
         232026 100%    7.02MB/s   00:00:00 (xfer#490, to-check=572/1752)
synthetic_005332/posterior_samples.pt
        2785280  11%    4.98MB/s   00:00:04
        6160384  25%    6.14MB/s   00:00:02
        9175040  37%    5.49MB/s   00:00:02
       12451840  50%    6.19MB/s   00:00:01
       15728640  64%    5.84MB/s   00:00:01
       19005440  77%    6.10MB/s   00:00:00
       22282240  90%    6.06MB/s   00:00:00
       24657317 100%    5.88MB/s   00:00:04 (xfer#491, to-check=573/1752)
synthetic_005332/posterior_std.pt
         232019 100%   11.64MB/s   00:00:00 (xfer#492, to-check=574/1752)
synthetic_005332/posterior_variance.pt
         232054 100%   45.39MB/s   00:00:00 (xfer#493, to-check=575/1752)
synthetic_005333/
synthetic_005333/composite_mean.pt
         232026 100%    4.19MB/s   00:00:00 (xfer#494, to-check=577/1752)
synthetic_005333/metadata.json
           1799 100%   20.92MB/s   00:00:00 (xfer#495, to-check=578/1752)
synthetic_005333/posterior_mean.pt
         232026 100%    4.19MB/s   00:00:00 (xfer#496, to-check=579/1752)
synthetic_005333/posterior_samples.pt
        3145728  13%    5.89MB/s   00:00:03
        6422528  26%    6.00MB/s   00:00:02
       10092544  41%    6.95MB/s   00:00:01
       13729792  56%    6.94MB/s   00:00:01
       16842752  68%    5.86MB/s   00:00:01
       19857408  81%    5.44MB/s   00:00:00
       22216704  90%    2.70MB/s   00:00:00
       23724032  96%    2.81MB/s   00:00:00
       24657317 100%    5.07MB/s   00:00:04 (xfer#497, to-check=580/1752)
synthetic_005333/posterior_std.pt
         232019 100%   13.15MB/s   00:00:00 (xfer#498, to-check=581/1752)
synthetic_005333/posterior_variance.pt
         232054 100%    4.28MB/s   00:00:00 (xfer#499, to-check=582/1752)
synthetic_005334/
synthetic_005334/composite_mean.pt
         232026 100%   10.80MB/s   00:00:00 (xfer#500, to-check=584/1752)
synthetic_005334/metadata.json
           1798 100%   14.80MB/s   00:00:00 (xfer#501, to-check=585/1752)
synthetic_005334/posterior_mean.pt
         232026 100%    3.71MB/s   00:00:00 (xfer#502, to-check=586/1752)
synthetic_005334/posterior_samples.pt
        2523136  10%    4.33MB/s   00:00:04
        5144576  21%    4.84MB/s   00:00:03
        7766016  31%    4.70MB/s   00:00:03
       10649600  43%    5.19MB/s   00:00:02
       13533184  55%    5.11MB/s   00:00:02
       16154624  66%    4.94MB/s   00:00:01
       18907136  77%    5.15MB/s   00:00:01
       21528576  87%    4.95MB/s   00:00:00
       24313856  99%    5.31MB/s   00:00:00
       24657317 100%    4.90MB/s   00:00:04 (xfer#503, to-check=587/1752)
synthetic_005334/posterior_std.pt
         232019 100%   11.42MB/s   00:00:00 (xfer#504, to-check=588/1752)
synthetic_005334/posterior_variance.pt
         232054 100%   33.77MB/s   00:00:00 (xfer#505, to-check=589/1752)
synthetic_005335/
synthetic_005335/composite_mean.pt
         232026 100%    4.03MB/s   00:00:00 (xfer#506, to-check=591/1752)
synthetic_005335/metadata.json
           1797 100%   15.73MB/s   00:00:00 (xfer#507, to-check=592/1752)
synthetic_005335/posterior_mean.pt
         232026 100%    3.87MB/s   00:00:00 (xfer#508, to-check=593/1752)
synthetic_005335/posterior_samples.pt
        3145728  13%    5.52MB/s   00:00:03
        6160384  25%    5.74MB/s   00:00:03
        8814592  36%    4.82MB/s   00:00:03
       11304960  46%    4.46MB/s   00:00:02
       13762560  56%    4.69MB/s   00:00:02
       16023552  65%    4.12MB/s   00:00:01
       19169280  78%    5.52MB/s   00:00:00
       22315008  91%    5.64MB/s   00:00:00
       24657317 100%    5.08MB/s   00:00:04 (xfer#509, to-check=594/1752)
synthetic_005335/posterior_std.pt
         232019 100%   10.92MB/s   00:00:00 (xfer#510, to-check=595/1752)
synthetic_005335/posterior_variance.pt
         232054 100%   97.67MB/s   00:00:00 (xfer#511, to-check=596/1752)
synthetic_005336/
synthetic_005336/composite_mean.pt
         232026 100%    3.97MB/s   00:00:00 (xfer#512, to-check=598/1752)
synthetic_005336/metadata.json
           1799 100%   18.64MB/s   00:00:00 (xfer#513, to-check=599/1752)
synthetic_005336/posterior_mean.pt
         232026 100%    4.00MB/s   00:00:00 (xfer#514, to-check=600/1752)
synthetic_005336/posterior_samples.pt
        3276800  13%    6.10MB/s   00:00:03
        6291456  26%    5.65MB/s   00:00:03
        9699328  39%    5.92MB/s   00:00:02
       12320768  50%    4.83MB/s   00:00:02
       15728640  64%    5.92MB/s   00:00:01
       18874368  77%    5.91MB/s   00:00:00
       21889024  89%    5.72MB/s   00:00:00
       24657317 100%    5.68MB/s   00:00:04 (xfer#515, to-check=601/1752)
synthetic_005336/posterior_std.pt
         232019 100%  299.38MB/s   00:00:00 (xfer#516, to-check=602/1752)
synthetic_005336/posterior_variance.pt
         232054 100%    7.34MB/s   00:00:00 (xfer#517, to-check=603/1752)
synthetic_005337/
synthetic_005337/composite_mean.pt
         232026 100%  263.74MB/s   00:00:00 (xfer#518, to-check=605/1752)
synthetic_005337/metadata.json
           1798 100%   24.55MB/s   00:00:00 (xfer#519, to-check=606/1752)
synthetic_005337/posterior_mean.pt
         232026 100%    3.58MB/s   00:00:00 (xfer#520, to-check=607/1752)
synthetic_005337/posterior_samples.pt
        3014656  12%    5.51MB/s   00:00:03
        6291456  26%    6.23MB/s   00:00:02
        9699328  39%    6.44MB/s   00:00:02
       12451840  50%    5.16MB/s   00:00:02
       16384000  66%    6.98MB/s   00:00:01
       19005440  77%    4.87MB/s   00:00:01
       22544384  91%    6.40MB/s   00:00:00
       24657317 100%    5.98MB/s   00:00:03 (xfer#521, to-check=608/1752)
synthetic_005337/posterior_std.pt
         232019 100%   19.86MB/s   00:00:00 (xfer#522, to-check=609/1752)
synthetic_005337/posterior_variance.pt
         232054 100%   29.29MB/s   00:00:00 (xfer#523, to-check=610/1752)
synthetic_005338/
synthetic_005338/composite_mean.pt
         232026 100%    4.58MB/s   00:00:00 (xfer#524, to-check=612/1752)
synthetic_005338/metadata.json
           1797 100%   19.48MB/s   00:00:00 (xfer#525, to-check=613/1752)
synthetic_005338/posterior_mean.pt
         232026 100%   21.46MB/s   00:00:00 (xfer#526, to-check=614/1752)
synthetic_005338/posterior_samples.pt
        3932160  16%    7.44MB/s   00:00:02
        8126464  33%    7.93MB/s   00:00:01
       12451840  50%    7.82MB/s   00:00:01
       17170432  70%    8.85MB/s   00:00:00
       22413312  91%    9.91MB/s   00:00:00
       24657317 100%    8.46MB/s   00:00:02 (xfer#527, to-check=615/1752)
synthetic_005338/posterior_std.pt
         232019 100%  257.01MB/s   00:00:00 (xfer#528, to-check=616/1752)
synthetic_005338/posterior_variance.pt
         232054 100%   17.58MB/s   00:00:00 (xfer#529, to-check=617/1752)
synthetic_005339/
synthetic_005339/composite_mean.pt
         232026 100%   66.59MB/s   00:00:00 (xfer#530, to-check=619/1752)
synthetic_005339/metadata.json
           1797 100%   24.87MB/s   00:00:00 (xfer#531, to-check=620/1752)
synthetic_005339/posterior_mean.pt
         232026 100%   16.79MB/s   00:00:00 (xfer#532, to-check=621/1752)
synthetic_005339/posterior_samples.pt
        5898240  24%   11.23MB/s   00:00:01
       12189696  49%   11.45MB/s   00:00:01
       18219008  74%   11.43MB/s   00:00:00
       24657317 100%   11.69MB/s   00:00:02 (xfer#533, to-check=622/1752)
synthetic_005339/posterior_std.pt
         232019 100%  219.77MB/s   00:00:00 (xfer#534, to-check=623/1752)
synthetic_005339/posterior_variance.pt
         232054 100%   24.74MB/s   00:00:00 (xfer#535, to-check=624/1752)
synthetic_005340/
synthetic_005340/composite_mean.pt
         232026 100%   52.77MB/s   00:00:00 (xfer#536, to-check=626/1752)
synthetic_005340/metadata.json
           1797 100%   22.60MB/s   00:00:00 (xfer#537, to-check=627/1752)
synthetic_005340/posterior_mean.pt
         232026 100%   11.93MB/s   00:00:00 (xfer#538, to-check=628/1752)
synthetic_005340/posterior_samples.pt
        6684672  27%   12.55MB/s   00:00:01
       11960320  49%    9.74MB/s   00:00:01
       17858560  72%   11.11MB/s   00:00:00
       24657317 100%   11.38MB/s   00:00:02 (xfer#539, to-check=629/1752)
synthetic_005340/posterior_std.pt
         232019 100%  248.02MB/s   00:00:00 (xfer#540, to-check=630/1752)
synthetic_005340/posterior_variance.pt
         232054 100%  323.53MB/s   00:00:00 (xfer#541, to-check=631/1752)
synthetic_005341/
synthetic_005341/composite_mean.pt
         232026 100%    7.58MB/s   00:00:00 (xfer#542, to-check=633/1752)
synthetic_005341/metadata.json
           1798 100%   27.14MB/s   00:00:00 (xfer#543, to-check=634/1752)
synthetic_005341/posterior_mean.pt
         232026 100%   79.37MB/s   00:00:00 (xfer#544, to-check=635/1752)
synthetic_005341/posterior_samples.pt
        7110656  29%   13.45MB/s   00:00:01
       13926400  56%   12.89MB/s   00:00:00
       20611072  84%   12.62MB/s   00:00:00
       24657317 100%   12.69MB/s   00:00:01 (xfer#545, to-check=636/1752)
synthetic_005341/posterior_std.pt
         232019 100%  258.23MB/s   00:00:00 (xfer#546, to-check=637/1752)
synthetic_005341/posterior_variance.pt
         232054 100%  253.47MB/s   00:00:00 (xfer#547, to-check=638/1752)
synthetic_005342/
synthetic_005342/composite_mean.pt
         232026 100%   13.14MB/s   00:00:00 (xfer#548, to-check=640/1752)
synthetic_005342/metadata.json
           1798 100%   15.88MB/s   00:00:00 (xfer#549, to-check=641/1752)
synthetic_005342/posterior_mean.pt
         232026 100%   15.36MB/s   00:00:00 (xfer#550, to-check=642/1752)
synthetic_005342/posterior_samples.pt
        6619136  27%   11.12MB/s   00:00:01
        9732096  39%    5.65MB/s   00:00:02
       15892480  64%   11.61MB/s   00:00:00
       22052864  89%   11.68MB/s   00:00:00
       24657317 100%    9.98MB/s   00:00:02 (xfer#551, to-check=643/1752)
synthetic_005342/posterior_std.pt
         232019 100%  275.56MB/s   00:00:00 (xfer#552, to-check=644/1752)
synthetic_005342/posterior_variance.pt
         232054 100%  331.27MB/s   00:00:00 (xfer#553, to-check=645/1752)
synthetic_005343/
synthetic_005343/composite_mean.pt
         232026 100%   13.20MB/s   00:00:00 (xfer#554, to-check=647/1752)
synthetic_005343/metadata.json
           1798 100%   19.23MB/s   00:00:00 (xfer#555, to-check=648/1752)
synthetic_005343/posterior_mean.pt
         232026 100%   14.52MB/s   00:00:00 (xfer#556, to-check=649/1752)
synthetic_005343/posterior_samples.pt
        6520832  26%   12.30MB/s   00:00:01
       13729792  56%   13.06MB/s   00:00:00
       20676608  84%   13.09MB/s   00:00:00
       24657317 100%   12.84MB/s   00:00:01 (xfer#557, to-check=650/1752)
synthetic_005343/posterior_std.pt
         232019 100%  396.61MB/s   00:00:00 (xfer#558, to-check=651/1752)
synthetic_005343/posterior_variance.pt
         232054 100%   15.09MB/s   00:00:00 (xfer#559, to-check=652/1752)
synthetic_005344/
synthetic_005344/composite_mean.pt
         232026 100%   14.39MB/s   00:00:00 (xfer#560, to-check=654/1752)
synthetic_005344/metadata.json
           1797 100%   26.43MB/s   00:00:00 (xfer#561, to-check=655/1752)
synthetic_005344/posterior_mean.pt
         232026 100%   20.44MB/s   00:00:00 (xfer#562, to-check=656/1752)
synthetic_005344/posterior_samples.pt
        6488064  26%   11.97MB/s   00:00:01
       12386304  50%   11.22MB/s   00:00:01
       19726336  80%   13.86MB/s   00:00:00
       24657317 100%   12.23MB/s   00:00:01 (xfer#563, to-check=657/1752)
synthetic_005344/posterior_std.pt
         232019 100%  345.14MB/s   00:00:00 (xfer#564, to-check=658/1752)
synthetic_005344/posterior_variance.pt
         232054 100%   90.11MB/s   00:00:00 (xfer#565, to-check=659/1752)
synthetic_005345/
synthetic_005345/composite_mean.pt
         232026 100%    6.47MB/s   00:00:00 (xfer#566, to-check=661/1752)
synthetic_005345/metadata.json
           1797 100%   32.97MB/s   00:00:00 (xfer#567, to-check=662/1752)
synthetic_005345/posterior_mean.pt
         232026 100%   20.99MB/s   00:00:00 (xfer#568, to-check=663/1752)
synthetic_005345/posterior_samples.pt
        6881280  28%   12.87MB/s   00:00:01
       13697024  56%   12.90MB/s   00:00:00
       20381696  83%   12.66MB/s   00:00:00
       24657317 100%   12.56MB/s   00:00:01 (xfer#569, to-check=664/1752)
synthetic_005345/posterior_std.pt
         232019 100%  296.60MB/s   00:00:00 (xfer#570, to-check=665/1752)
synthetic_005345/posterior_variance.pt
         232054 100%  326.03MB/s   00:00:00 (xfer#571, to-check=666/1752)
synthetic_005346/
synthetic_005346/composite_mean.pt
         232026 100%   11.13MB/s   00:00:00 (xfer#572, to-check=668/1752)
synthetic_005346/metadata.json
           1797 100%   29.95MB/s   00:00:00 (xfer#573, to-check=669/1752)
synthetic_005346/posterior_mean.pt
         232026 100%   14.91MB/s   00:00:00 (xfer#574, to-check=670/1752)
synthetic_005346/posterior_samples.pt
        6684672  27%   12.67MB/s   00:00:01
       12845056  52%   10.18MB/s   00:00:01
       19791872  80%   13.20MB/s   00:00:00
       24657317 100%   12.08MB/s   00:00:01 (xfer#575, to-check=671/1752)
synthetic_005346/posterior_std.pt
         232019 100%  328.29MB/s   00:00:00 (xfer#576, to-check=672/1752)
synthetic_005346/posterior_variance.pt
         232054 100%  347.39MB/s   00:00:00 (xfer#577, to-check=673/1752)
synthetic_005347/
synthetic_005347/composite_mean.pt
         232026 100%   23.50MB/s   00:00:00 (xfer#578, to-check=675/1752)
synthetic_005347/metadata.json
           1798 100%   38.05MB/s   00:00:00 (xfer#579, to-check=676/1752)
synthetic_005347/posterior_mean.pt
         232026 100%    9.74MB/s   00:00:00 (xfer#580, to-check=677/1752)
synthetic_005347/posterior_samples.pt
        6815744  28%   12.79MB/s   00:00:01
       13369344  54%   12.46MB/s   00:00:00
       20316160  82%   13.05MB/s   00:00:00
       24657317 100%   12.51MB/s   00:00:01 (xfer#581, to-check=678/1752)
synthetic_005347/posterior_std.pt
         232019 100%  236.39MB/s   00:00:00 (xfer#582, to-check=679/1752)
synthetic_005347/posterior_variance.pt
         232054 100%  289.61MB/s   00:00:00 (xfer#583, to-check=680/1752)
synthetic_005348/
synthetic_005348/composite_mean.pt
         232026 100%   31.40MB/s   00:00:00 (xfer#584, to-check=682/1752)
synthetic_005348/metadata.json
           1798 100%   23.81MB/s   00:00:00 (xfer#585, to-check=683/1752)
synthetic_005348/posterior_mean.pt
         232026 100%   10.81MB/s   00:00:00 (xfer#586, to-check=684/1752)
synthetic_005348/posterior_samples.pt
        6782976  28%   12.68MB/s   00:00:01
       13598720  55%   12.83MB/s   00:00:00
       19365888  79%   10.87MB/s   00:00:00
       24657317 100%   12.31MB/s   00:00:01 (xfer#587, to-check=685/1752)
synthetic_005348/posterior_std.pt
         232019 100%  266.31MB/s   00:00:00 (xfer#588, to-check=686/1752)
synthetic_005348/posterior_variance.pt
         232054 100%   35.96MB/s   00:00:00 (xfer#589, to-check=687/1752)
synthetic_005349/
synthetic_005349/composite_mean.pt
         232026 100%   15.34MB/s   00:00:00 (xfer#590, to-check=689/1752)
synthetic_005349/metadata.json
           1797 100%   25.95MB/s   00:00:00 (xfer#591, to-check=690/1752)
synthetic_005349/posterior_mean.pt
         232026 100%   15.93MB/s   00:00:00 (xfer#592, to-check=691/1752)
synthetic_005349/posterior_samples.pt
        6815744  28%   12.80MB/s   00:00:01
       13500416  55%   12.70MB/s   00:00:00
       20316160  82%   12.86MB/s   00:00:00
       24657317 100%   12.53MB/s   00:00:01 (xfer#593, to-check=692/1752)
synthetic_005349/posterior_std.pt
         232019 100%  240.50MB/s   00:00:00 (xfer#594, to-check=693/1752)
synthetic_005349/posterior_variance.pt
         232054 100%  284.47MB/s   00:00:00 (xfer#595, to-check=694/1752)
synthetic_005350/
synthetic_005350/composite_mean.pt
         232026 100%   35.94MB/s   00:00:00 (xfer#596, to-check=696/1752)
synthetic_005350/metadata.json
           1798 100%   23.81MB/s   00:00:00 (xfer#597, to-check=697/1752)
synthetic_005350/posterior_mean.pt
         232026 100%   10.89MB/s   00:00:00 (xfer#598, to-check=698/1752)
synthetic_005350/posterior_samples.pt
        5046272  20%    9.33MB/s   00:00:02
       11501568  47%   12.31MB/s   00:00:01
       18677760  76%   13.53MB/s   00:00:00
       24657317 100%   11.59MB/s   00:00:02 (xfer#599, to-check=699/1752)
synthetic_005350/posterior_std.pt
         232019 100%    2.36MB/s   00:00:00 (xfer#600, to-check=700/1752)
synthetic_005350/posterior_variance.pt
         232054 100%    2.86MB/s   00:00:00 (xfer#601, to-check=701/1752)
synthetic_005351/
synthetic_005351/composite_mean.pt
         232026 100%    6.04MB/s   00:00:00 (xfer#602, to-check=703/1752)
synthetic_005351/metadata.json
           1798 100%    5.98MB/s   00:00:00 (xfer#603, to-check=704/1752)
synthetic_005351/posterior_mean.pt
         232026 100%   64.97MB/s   00:00:00 (xfer#604, to-check=705/1752)
synthetic_005351/posterior_samples.pt
        5865472  24%   11.17MB/s   00:00:01
       11894784  48%   11.49MB/s   00:00:01
       17661952  72%   10.96MB/s   00:00:00
       23691264  96%   11.29MB/s   00:00:00
       24657317 100%   11.13MB/s   00:00:02 (xfer#605, to-check=706/1752)
synthetic_005351/posterior_std.pt
         232019 100%   15.72MB/s   00:00:00 (xfer#606, to-check=707/1752)
synthetic_005351/posterior_variance.pt
         232054 100%   24.15MB/s   00:00:00 (xfer#607, to-check=708/1752)
synthetic_005352/
synthetic_005352/composite_mean.pt
         232026 100%   33.79MB/s   00:00:00 (xfer#608, to-check=710/1752)
synthetic_005352/metadata.json
           1797 100%   27.65MB/s   00:00:00 (xfer#609, to-check=711/1752)
synthetic_005352/posterior_mean.pt
         232026 100%    6.41MB/s   00:00:00 (xfer#610, to-check=712/1752)
synthetic_005352/posterior_samples.pt
        4947968  20%    9.42MB/s   00:00:01
       11173888  45%   11.78MB/s   00:00:01
       14778368  60%    6.77MB/s   00:00:01
       20152320  82%    9.73MB/s   00:00:00
       24657317 100%    9.36MB/s   00:00:02 (xfer#611, to-check=713/1752)
synthetic_005352/posterior_std.pt
         232019 100%  253.50MB/s   00:00:00 (xfer#612, to-check=714/1752)
synthetic_005352/posterior_variance.pt
         232054 100%  312.11MB/s   00:00:00 (xfer#613, to-check=715/1752)
synthetic_005353/
synthetic_005353/composite_mean.pt
         232026 100%    7.63MB/s   00:00:00 (xfer#614, to-check=717/1752)
synthetic_005353/metadata.json
           1797 100%   25.95MB/s   00:00:00 (xfer#615, to-check=718/1752)
synthetic_005353/posterior_mean.pt
         232026 100%   25.46MB/s   00:00:00 (xfer#616, to-check=719/1752)
synthetic_005353/posterior_samples.pt
        4653056  19%    8.82MB/s   00:00:02
        9830400  40%    9.55MB/s   00:00:01
       15728640  64%   11.07MB/s   00:00:00
       21626880  88%   10.81MB/s   00:00:00
       24657317 100%    9.79MB/s   00:00:02 (xfer#617, to-check=720/1752)
synthetic_005353/posterior_std.pt
         232019 100%   10.49MB/s   00:00:00 (xfer#618, to-check=721/1752)
synthetic_005353/posterior_variance.pt
         232054 100%   23.20MB/s   00:00:00 (xfer#619, to-check=722/1752)
synthetic_005354/
synthetic_005354/composite_mean.pt
         232026 100%   29.96MB/s   00:00:00 (xfer#620, to-check=724/1752)
synthetic_005354/metadata.json
           1798 100%   21.73MB/s   00:00:00 (xfer#621, to-check=725/1752)
synthetic_005354/posterior_mean.pt
         232026 100%    5.34MB/s   00:00:00 (xfer#622, to-check=726/1752)
synthetic_005354/posterior_samples.pt
        4259840  17%    8.05MB/s   00:00:02
        9863168  40%   10.44MB/s   00:00:01
       15630336  63%   10.96MB/s   00:00:00
       20742144  84%    9.65MB/s   00:00:00
       24657317 100%    9.51MB/s   00:00:02 (xfer#623, to-check=727/1752)
synthetic_005354/posterior_std.pt
         232019 100%  252.26MB/s   00:00:00 (xfer#624, to-check=728/1752)
synthetic_005354/posterior_variance.pt
         232054 100%  322.19MB/s   00:00:00 (xfer#625, to-check=729/1752)
synthetic_005355/
synthetic_005355/composite_mean.pt
         232026 100%    9.77MB/s   00:00:00 (xfer#626, to-check=731/1752)
synthetic_005355/metadata.json
           1797 100%   27.23MB/s   00:00:00 (xfer#627, to-check=732/1752)
synthetic_005355/posterior_mean.pt
         232026 100%   21.57MB/s   00:00:00 (xfer#628, to-check=733/1752)
synthetic_005355/posterior_samples.pt
        5570560  23%   10.03MB/s   00:00:01
       11075584  45%    9.72MB/s   00:00:01
       16187392  66%    9.13MB/s   00:00:00
       22347776  91%   11.55MB/s   00:00:00
       24657317 100%   10.13MB/s   00:00:02 (xfer#629, to-check=734/1752)
synthetic_005355/posterior_std.pt
         232019 100%   31.27MB/s   00:00:00 (xfer#630, to-check=735/1752)
synthetic_005355/posterior_variance.pt
         232054 100%   19.61MB/s   00:00:00 (xfer#631, to-check=736/1752)
synthetic_005356/
synthetic_005356/composite_mean.pt
         232026 100%   27.84MB/s   00:00:00 (xfer#632, to-check=738/1752)
synthetic_005356/metadata.json
           1798 100%   26.74MB/s   00:00:00 (xfer#633, to-check=739/1752)
synthetic_005356/posterior_mean.pt
         232026 100%    5.09MB/s   00:00:00 (xfer#634, to-check=740/1752)
synthetic_005356/posterior_samples.pt
        4325376  18%    8.18MB/s   00:00:02
        8749056  35%    6.99MB/s   00:00:02
       11894784  48%    5.49MB/s   00:00:02
       15433728  63%    6.32MB/s   00:00:01
       17924096  73%    4.69MB/s   00:00:01
       21331968  87%    6.27MB/s   00:00:00
       24657317 100%    6.33MB/s   00:00:03 (xfer#635, to-check=741/1752)
synthetic_005356/posterior_std.pt
         232019 100%   11.87MB/s   00:00:00 (xfer#636, to-check=742/1752)
synthetic_005356/posterior_variance.pt
         232054 100%   27.02MB/s   00:00:00 (xfer#637, to-check=743/1752)
synthetic_005357/
synthetic_005357/composite_mean.pt
         232026 100%    3.65MB/s   00:00:00 (xfer#638, to-check=745/1752)
synthetic_005357/metadata.json
           1797 100%   22.89MB/s   00:00:00 (xfer#639, to-check=746/1752)
synthetic_005357/posterior_mean.pt
         232026 100%   52.16MB/s   00:00:00 (xfer#640, to-check=747/1752)
synthetic_005357/posterior_samples.pt
        2228224   9%    4.09MB/s   00:00:05
        6979584  28%    8.62MB/s   00:00:01
       10911744  44%    6.90MB/s   00:00:01
       13991936  57%    5.80MB/s   00:00:01
       16482304  67%    4.72MB/s   00:00:01
       19496960  79%    5.27MB/s   00:00:00
       22642688  92%    5.96MB/s   00:00:00
       24657317 100%    5.86MB/s   00:00:04 (xfer#641, to-check=748/1752)
synthetic_005357/posterior_std.pt
         232019 100%   17.34MB/s   00:00:00 (xfer#642, to-check=749/1752)
synthetic_005357/posterior_variance.pt
         232054 100%   10.81MB/s   00:00:00 (xfer#643, to-check=750/1752)
synthetic_005358/
synthetic_005358/composite_mean.pt
         232026 100%    3.08MB/s   00:00:00 (xfer#644, to-check=752/1752)
synthetic_005358/metadata.json
           1797 100%    6.44MB/s   00:00:00 (xfer#645, to-check=753/1752)
synthetic_005358/posterior_mean.pt
         232026 100%   29.13MB/s   00:00:00 (xfer#646, to-check=754/1752)
synthetic_005358/posterior_samples.pt
        2260992   9%    4.00MB/s   00:00:05
        7110656  29%    8.47MB/s   00:00:01
       10518528  43%    6.43MB/s   00:00:02
       13664256  55%    5.97MB/s   00:00:01
       16809984  68%    5.72MB/s   00:00:01
       20348928  83%    6.45MB/s   00:00:00
       23756800  96%    6.18MB/s   00:00:00
       24657317 100%    6.15MB/s   00:00:03 (xfer#647, to-check=755/1752)
synthetic_005358/posterior_std.pt
         232019 100%  249.48MB/s   00:00:00 (xfer#648, to-check=756/1752)
synthetic_005358/posterior_variance.pt
         232054 100%   11.13MB/s   00:00:00 (xfer#649, to-check=757/1752)
synthetic_005359/
synthetic_005359/composite_mean.pt
         232026 100%   11.35MB/s   00:00:00 (xfer#650, to-check=759/1752)
synthetic_005359/metadata.json
           1798 100%   22.55MB/s   00:00:00 (xfer#651, to-check=760/1752)
synthetic_005359/posterior_mean.pt
         232026 100%    4.09MB/s   00:00:00 (xfer#652, to-check=761/1752)
synthetic_005359/posterior_samples.pt
        3801088  15%    6.94MB/s   00:00:02
        7471104  30%    6.78MB/s   00:00:02
       10289152  42%    5.30MB/s   00:00:02
       13041664  53%    5.18MB/s   00:00:02
       15794176  64%    5.11MB/s   00:00:01
       18808832  76%    5.51MB/s   00:00:01
       22216704  90%    6.49MB/s   00:00:00
       24657317 100%    5.89MB/s   00:00:03 (xfer#653, to-check=762/1752)
synthetic_005359/posterior_std.pt
         232019 100%  248.88MB/s   00:00:00 (xfer#654, to-check=763/1752)
synthetic_005359/posterior_variance.pt
         232054 100%   14.11MB/s   00:00:00 (xfer#655, to-check=764/1752)
synthetic_005360/
synthetic_005360/composite_mean.pt
         232026 100%    9.43MB/s   00:00:00 (xfer#656, to-check=766/1752)
synthetic_005360/metadata.json
           1797 100%   20.66MB/s   00:00:00 (xfer#657, to-check=767/1752)
synthetic_005360/posterior_mean.pt
         232026 100%    3.51MB/s   00:00:00 (xfer#658, to-check=768/1752)
synthetic_005360/posterior_samples.pt
        3702784  15%    6.87MB/s   00:00:02
        7241728  29%    6.73MB/s   00:00:02
       10780672  44%    6.20MB/s   00:00:02
       14712832  60%    7.13MB/s   00:00:01
       18513920  75%    7.08MB/s   00:00:00
       22052864  89%    6.73MB/s   00:00:00
       24657317 100%    6.67MB/s   00:00:03 (xfer#659, to-check=769/1752)
synthetic_005360/posterior_std.pt
         232019 100%   38.57MB/s   00:00:00 (xfer#660, to-check=770/1752)
synthetic_005360/posterior_variance.pt
         232054 100%   18.82MB/s   00:00:00 (xfer#661, to-check=771/1752)
synthetic_005361/
synthetic_005361/composite_mean.pt
         232026 100%    7.44MB/s   00:00:00 (xfer#662, to-check=773/1752)
synthetic_005361/metadata.json
           1797 100%   23.49MB/s   00:00:00 (xfer#663, to-check=774/1752)
synthetic_005361/posterior_mean.pt
         232026 100%    4.29MB/s   00:00:00 (xfer#664, to-check=775/1752)
synthetic_005361/posterior_samples.pt
        2719744  11%    4.89MB/s   00:00:04
        5603328  23%    5.34MB/s   00:00:03
        8617984  35%    5.52MB/s   00:00:02
       11763712  48%    5.93MB/s   00:00:02
       15171584  62%    6.42MB/s   00:00:01
       18186240  74%    5.69MB/s   00:00:01
       21987328  89%    6.51MB/s   00:00:00
       24657317 100%    5.83MB/s   00:00:04 (xfer#665, to-check=776/1752)
synthetic_005361/posterior_std.pt
         232019 100%  254.90MB/s   00:00:00 (xfer#666, to-check=777/1752)
synthetic_005361/posterior_variance.pt
         232054 100%    9.19MB/s   00:00:00 (xfer#667, to-check=778/1752)
synthetic_005362/
synthetic_005362/composite_mean.pt
         232026 100%    4.76MB/s   00:00:00 (xfer#668, to-check=780/1752)
synthetic_005362/metadata.json
           1798 100%   20.43MB/s   00:00:00 (xfer#669, to-check=781/1752)
synthetic_005362/posterior_mean.pt
         232026 100%   17.01MB/s   00:00:00 (xfer#670, to-check=782/1752)
synthetic_005362/posterior_samples.pt
        3538944  14%    6.70MB/s   00:00:03
        7208960  29%    6.78MB/s   00:00:02
       10747904  44%    6.57MB/s   00:00:02
       14548992  59%    7.24MB/s   00:00:01
       18087936  73%    6.69MB/s   00:00:00
       21233664  86%    5.77MB/s   00:00:00
       24510464  99%    6.16MB/s   00:00:00
       24657317 100%    6.51MB/s   00:00:03 (xfer#671, to-check=783/1752)
synthetic_005362/posterior_std.pt
         232019 100%    9.92MB/s   00:00:00 (xfer#672, to-check=784/1752)
synthetic_005362/posterior_variance.pt
         232054 100%  109.45MB/s   00:00:00 (xfer#673, to-check=785/1752)
synthetic_005363/
synthetic_005363/composite_mean.pt
         232026 100%    4.62MB/s   00:00:00 (xfer#674, to-check=787/1752)
synthetic_005363/metadata.json
           1797 100%   19.91MB/s   00:00:00 (xfer#675, to-check=788/1752)
synthetic_005363/posterior_mean.pt
         232026 100%    6.99MB/s   00:00:00 (xfer#676, to-check=789/1752)
synthetic_005363/posterior_samples.pt
        3571712  14%    6.56MB/s   00:00:03
        7372800  30%    7.17MB/s   00:00:02
       11304960  46%    6.73MB/s   00:00:01
       14745600  60%    6.56MB/s   00:00:01
       18513920  75%    7.05MB/s   00:00:00
       22315008  91%    7.23MB/s   00:00:00
       24657317 100%    6.83MB/s   00:00:03 (xfer#677, to-check=790/1752)
synthetic_005363/posterior_std.pt
         232019 100%  248.88MB/s   00:00:00 (xfer#678, to-check=791/1752)
synthetic_005363/posterior_variance.pt
         232054 100%   13.81MB/s   00:00:00 (xfer#679, to-check=792/1752)
synthetic_005364/
synthetic_005364/composite_mean.pt
         232026 100%    8.79MB/s   00:00:00 (xfer#680, to-check=794/1752)
synthetic_005364/metadata.json
           1798 100%   22.83MB/s   00:00:00 (xfer#681, to-check=795/1752)
synthetic_005364/posterior_mean.pt
         232026 100%    4.65MB/s   00:00:00 (xfer#682, to-check=796/1752)
synthetic_005364/posterior_samples.pt
        4423680  18%    8.01MB/s   00:00:02
        8880128  36%    8.49MB/s   00:00:01
       13467648  55%    8.72MB/s   00:00:01
       18284544  74%    9.19MB/s   00:00:00
       23691264  96%   10.06MB/s   00:00:00
       24657317 100%    8.74MB/s   00:00:02 (xfer#683, to-check=797/1752)
synthetic_005364/posterior_std.pt
         232019 100%  256.73MB/s   00:00:00 (xfer#684, to-check=798/1752)
synthetic_005364/posterior_variance.pt
         232054 100%    8.23MB/s   00:00:00 (xfer#685, to-check=799/1752)
synthetic_005365/
synthetic_005365/composite_mean.pt
         232026 100%   37.04MB/s   00:00:00 (xfer#686, to-check=801/1752)
synthetic_005365/metadata.json
           1798 100%   28.09MB/s   00:00:00 (xfer#687, to-check=802/1752)
synthetic_005365/posterior_mean.pt
         232026 100%  148.81MB/s   00:00:00 (xfer#688, to-check=803/1752)
synthetic_005365/posterior_samples.pt
        5242880  21%    9.75MB/s   00:00:01
        8912896  36%    6.29MB/s   00:00:02
       13500416  55%    8.29MB/s   00:00:01
       18350080  74%    9.15MB/s   00:00:00
       23068672  94%    8.68MB/s   00:00:00
       24657317 100%    8.37MB/s   00:00:02 (xfer#689, to-check=804/1752)
synthetic_005365/posterior_std.pt
         232019 100%  258.81MB/s   00:00:00 (xfer#690, to-check=805/1752)
synthetic_005365/posterior_variance.pt
         232054 100%  322.63MB/s   00:00:00 (xfer#691, to-check=806/1752)
synthetic_005366/
synthetic_005366/composite_mean.pt
         232026 100%   14.54MB/s   00:00:00 (xfer#692, to-check=808/1752)
synthetic_005366/metadata.json
           1798 100%   26.84MB/s   00:00:00 (xfer#693, to-check=809/1752)
synthetic_005366/posterior_mean.pt
         232026 100%    9.21MB/s   00:00:00 (xfer#694, to-check=810/1752)
synthetic_005366/posterior_samples.pt
        5439488  22%   10.14MB/s   00:00:01
        9961472  40%    8.07MB/s   00:00:01
       14155776  57%    7.65MB/s   00:00:01
       18350080  74%    7.96MB/s   00:00:00
       22282240  90%    7.47MB/s   00:00:00
       24657317 100%    8.11MB/s   00:00:02 (xfer#695, to-check=811/1752)
synthetic_005366/posterior_std.pt
         232019 100%  209.92MB/s   00:00:00 (xfer#696, to-check=812/1752)
synthetic_005366/posterior_variance.pt
         232054 100%  304.43MB/s   00:00:00 (xfer#697, to-check=813/1752)
synthetic_005367/
synthetic_005367/composite_mean.pt
         232026 100%    7.89MB/s   00:00:00 (xfer#698, to-check=815/1752)
synthetic_005367/metadata.json
           1798 100%   17.89MB/s   00:00:00 (xfer#699, to-check=816/1752)
synthetic_005367/posterior_mean.pt
         232026 100%    5.03MB/s   00:00:00 (xfer#700, to-check=817/1752)
synthetic_005367/posterior_samples.pt
        4390912  18%    8.12MB/s   00:00:02
        8585216  35%    7.89MB/s   00:00:01
       13172736  53%    8.63MB/s   00:00:01
       17891328  73%    8.84MB/s   00:00:00
       22740992  92%    9.20MB/s   00:00:00
       24657317 100%    8.43MB/s   00:00:02 (xfer#701, to-check=818/1752)
synthetic_005367/posterior_std.pt
         232019 100%  237.66MB/s   00:00:00 (xfer#702, to-check=819/1752)
synthetic_005367/posterior_variance.pt
         232054 100%  231.71MB/s   00:00:00 (xfer#703, to-check=820/1752)
synthetic_005368/
synthetic_005368/composite_mean.pt
         232026 100%    7.59MB/s   00:00:00 (xfer#704, to-check=822/1752)
synthetic_005368/metadata.json
           1797 100%   26.82MB/s   00:00:00 (xfer#705, to-check=823/1752)
synthetic_005368/posterior_mean.pt
         232026 100%    8.35MB/s   00:00:00 (xfer#706, to-check=824/1752)
synthetic_005368/posterior_samples.pt
        4882432  20%    9.12MB/s   00:00:02
        9338880  38%    8.36MB/s   00:00:01
       13795328  56%    8.22MB/s   00:00:01
       18513920  75%    8.98MB/s   00:00:00
       23101440  94%    8.28MB/s   00:00:00
       24657317 100%    8.37MB/s   00:00:02 (xfer#707, to-check=825/1752)
synthetic_005368/posterior_std.pt
         232019 100%  257.30MB/s   00:00:00 (xfer#708, to-check=826/1752)
synthetic_005368/posterior_variance.pt
         232054 100%    9.05MB/s   00:00:00 (xfer#709, to-check=827/1752)
synthetic_005369/
synthetic_005369/composite_mean.pt
         232026 100%    3.78MB/s   00:00:00 (xfer#710, to-check=829/1752)
synthetic_005369/metadata.json
           1798 100%   20.15MB/s   00:00:00 (xfer#711, to-check=830/1752)
synthetic_005369/posterior_mean.pt
         232026 100%   10.78MB/s   00:00:00 (xfer#712, to-check=831/1752)
synthetic_005369/posterior_samples.pt
        3276800  13%    5.74MB/s   00:00:03
        7208960  29%    7.14MB/s   00:00:02
       11010048  45%    7.16MB/s   00:00:01
       14811136  60%    7.13MB/s   00:00:01
       19267584  78%    8.44MB/s   00:00:00
       23724032  96%    8.31MB/s   00:00:00
       24657317 100%    7.32MB/s   00:00:03 (xfer#713, to-check=832/1752)
synthetic_005369/posterior_std.pt
         232019 100%   26.04MB/s   00:00:00 (xfer#714, to-check=833/1752)
synthetic_005369/posterior_variance.pt
         232054 100%   23.02MB/s   00:00:00 (xfer#715, to-check=834/1752)
synthetic_005370/
synthetic_005370/composite_mean.pt
         232026 100%    4.76MB/s   00:00:00 (xfer#716, to-check=836/1752)
synthetic_005370/metadata.json
           1798 100%   22.90MB/s   00:00:00 (xfer#717, to-check=837/1752)
synthetic_005370/posterior_mean.pt
         232026 100%   26.56MB/s   00:00:00 (xfer#718, to-check=838/1752)
synthetic_005370/posterior_samples.pt
        4128768  17%    7.77MB/s   00:00:02
        8978432  36%    8.95MB/s   00:00:01
       13041664  53%    7.68MB/s   00:00:01
       17891328  73%    9.23MB/s   00:00:00
       22347776  91%    7.90MB/s   00:00:00
       24657317 100%    7.88MB/s   00:00:02 (xfer#719, to-check=839/1752)
synthetic_005370/posterior_std.pt
         232019 100%  259.09MB/s   00:00:00 (xfer#720, to-check=840/1752)
synthetic_005370/posterior_variance.pt
         232054 100%    9.56MB/s   00:00:00 (xfer#721, to-check=841/1752)
synthetic_005371/
synthetic_005371/composite_mean.pt
         232026 100%    4.22MB/s   00:00:00 (xfer#722, to-check=843/1752)
synthetic_005371/metadata.json
           1797 100%   20.90MB/s   00:00:00 (xfer#723, to-check=844/1752)
synthetic_005371/posterior_mean.pt
         232026 100%   38.75MB/s   00:00:00 (xfer#724, to-check=845/1752)
synthetic_005371/posterior_samples.pt
        3702784  15%    6.65MB/s   00:00:03
        7372800  30%    6.98MB/s   00:00:02
       11436032  46%    7.33MB/s   00:00:01
       15761408  64%    7.57MB/s   00:00:01
       19824640  80%    7.55MB/s   00:00:00
       23756800  96%    7.18MB/s   00:00:00
       24657317 100%    7.21MB/s   00:00:03 (xfer#725, to-check=846/1752)
synthetic_005371/posterior_std.pt
         232019 100%   14.09MB/s   00:00:00 (xfer#726, to-check=847/1752)
synthetic_005371/posterior_variance.pt
         232054 100%   11.35MB/s   00:00:00 (xfer#727, to-check=848/1752)
synthetic_005372/
synthetic_005372/composite_mean.pt
         232026 100%    6.04MB/s   00:00:00 (xfer#728, to-check=850/1752)
synthetic_005372/metadata.json
           1798 100%   16.20MB/s   00:00:00 (xfer#729, to-check=851/1752)
synthetic_005372/posterior_mean.pt
         232026 100%    7.49MB/s   00:00:00 (xfer#730, to-check=852/1752)
synthetic_005372/posterior_samples.pt
        3768320  15%    6.85MB/s   00:00:02
        8224768  33%    8.07MB/s   00:00:01
       12681216  51%    8.13MB/s   00:00:01
       16875520  68%    7.67MB/s   00:00:00
       21200896  86%    8.06MB/s   00:00:00
       24051712  98%    5.21MB/s   00:00:00
       24657317 100%    7.22MB/s   00:00:03 (xfer#731, to-check=853/1752)
synthetic_005372/posterior_std.pt
         232019 100%  240.25MB/s   00:00:00 (xfer#732, to-check=854/1752)
synthetic_005372/posterior_variance.pt
         232054 100%    9.42MB/s   00:00:00 (xfer#733, to-check=855/1752)
synthetic_005373/
synthetic_005373/composite_mean.pt
         232026 100%    3.50MB/s   00:00:00 (xfer#734, to-check=857/1752)
synthetic_005373/metadata.json
           1797 100%   17.49MB/s   00:00:00 (xfer#735, to-check=858/1752)
synthetic_005373/posterior_mean.pt
         232026 100%   10.63MB/s   00:00:00 (xfer#736, to-check=859/1752)
synthetic_005373/posterior_samples.pt
        3244032  13%    6.05MB/s   00:00:03
        6651904  27%    6.07MB/s   00:00:02
       10452992  42%    7.23MB/s   00:00:01
       13991936  57%    6.68MB/s   00:00:01
       17924096  73%    7.43MB/s   00:00:00
       22249472  90%    8.09MB/s   00:00:00
       24657317 100%    6.97MB/s   00:00:03 (xfer#737, to-check=860/1752)
synthetic_005373/posterior_std.pt
         232019 100%   40.64MB/s   00:00:00 (xfer#738, to-check=861/1752)
synthetic_005373/posterior_variance.pt
         232054 100%   13.61MB/s   00:00:00 (xfer#739, to-check=862/1752)
synthetic_005374/
synthetic_005374/composite_mean.pt
         232026 100%    5.20MB/s   00:00:00 (xfer#740, to-check=864/1752)
synthetic_005374/metadata.json
           1797 100%   21.72MB/s   00:00:00 (xfer#741, to-check=865/1752)
synthetic_005374/posterior_mean.pt
         232026 100%   26.43MB/s   00:00:00 (xfer#742, to-check=866/1752)
synthetic_005374/posterior_samples.pt
        4030464  16%    7.69MB/s   00:00:02
        8060928  33%    7.44MB/s   00:00:02
       12025856  49%    7.56MB/s   00:00:01
       15269888  62%    5.99MB/s   00:00:01
       19333120  78%    6.98MB/s   00:00:00
       22478848  91%    5.67MB/s   00:00:00
       24657317 100%    6.73MB/s   00:00:03 (xfer#743, to-check=867/1752)
synthetic_005374/posterior_std.pt
         232019 100%    6.71MB/s   00:00:00 (xfer#744, to-check=868/1752)
synthetic_005374/posterior_variance.pt
         232054 100%   83.32MB/s   00:00:00 (xfer#745, to-check=869/1752)
synthetic_005375/
synthetic_005375/composite_mean.pt
         232026 100%    2.81MB/s   00:00:00 (xfer#746, to-check=871/1752)
synthetic_005375/metadata.json
           1797 100%    6.12MB/s   00:00:00 (xfer#747, to-check=872/1752)
synthetic_005375/posterior_mean.pt
         232026 100%    9.19MB/s   00:00:00 (xfer#748, to-check=873/1752)
synthetic_005375/posterior_samples.pt
        2883584  12%    4.96MB/s   00:00:04
        6684672  27%    7.14MB/s   00:00:02
       10747904  44%    7.69MB/s   00:00:01
       13565952  55%    5.36MB/s   00:00:01
       16580608  67%    5.25MB/s   00:00:01
       19726336  80%    5.94MB/s   00:00:00
       23134208  94%    6.32MB/s   00:00:00
       24657317 100%    6.09MB/s   00:00:03 (xfer#749, to-check=874/1752)
synthetic_005375/posterior_std.pt
         232019 100%  250.02MB/s   00:00:00 (xfer#750, to-check=875/1752)
synthetic_005375/posterior_variance.pt
         232054 100%   10.72MB/s   00:00:00 (xfer#751, to-check=876/1752)
synthetic_005376/
synthetic_005376/composite_mean.pt
         232026 100%    6.29MB/s   00:00:00 (xfer#752, to-check=878/1752)
synthetic_005376/metadata.json
           1797 100%   15.46MB/s   00:00:00 (xfer#753, to-check=879/1752)
synthetic_005376/posterior_mean.pt
         232026 100%    8.60MB/s   00:00:00 (xfer#754, to-check=880/1752)
synthetic_005376/posterior_samples.pt
        3833856  16%    7.25MB/s   00:00:02
        7372800  30%    6.72MB/s   00:00:02
       11698176  47%    7.81MB/s   00:00:01
       15892480  64%    7.85MB/s   00:00:01
       19824640  80%    6.76MB/s   00:00:00
       24018944  97%    7.94MB/s   00:00:00
       24657317 100%    7.33MB/s   00:00:03 (xfer#755, to-check=881/1752)
synthetic_005376/posterior_std.pt
         232019 100%  261.87MB/s   00:00:00 (xfer#756, to-check=882/1752)
synthetic_005376/posterior_variance.pt
         232054 100%   16.51MB/s   00:00:00 (xfer#757, to-check=883/1752)
synthetic_005377/
synthetic_005377/composite_mean.pt
         232026 100%   25.82MB/s   00:00:00 (xfer#758, to-check=885/1752)
synthetic_005377/metadata.json
           1797 100%   26.82MB/s   00:00:00 (xfer#759, to-check=886/1752)
synthetic_005377/posterior_mean.pt
         232026 100%    4.75MB/s   00:00:00 (xfer#760, to-check=887/1752)
synthetic_005377/posterior_samples.pt
        4456448  18%    8.40MB/s   00:00:02
        8781824  36%    7.92MB/s   00:00:01
       13107200  53%    8.10MB/s   00:00:01
       17170432  70%    7.67MB/s   00:00:00
       21233664  86%    7.67MB/s   00:00:00
       24657317 100%    7.87MB/s   00:00:02 (xfer#761, to-check=888/1752)
synthetic_005377/posterior_std.pt
         232019 100%  252.88MB/s   00:00:00 (xfer#762, to-check=889/1752)
synthetic_005377/posterior_variance.pt
         232054 100%   13.51MB/s   00:00:00 (xfer#763, to-check=890/1752)
synthetic_005378/
synthetic_005378/composite_mean.pt
         232026 100%   15.35MB/s   00:00:00 (xfer#764, to-check=892/1752)
synthetic_005378/metadata.json
           1798 100%   18.44MB/s   00:00:00 (xfer#765, to-check=893/1752)
synthetic_005378/posterior_mean.pt
         232026 100%    6.71MB/s   00:00:00 (xfer#766, to-check=894/1752)
synthetic_005378/posterior_samples.pt
        4456448  18%    8.22MB/s   00:00:02
        8912896  36%    8.27MB/s   00:00:01
       13500416  55%    8.21MB/s   00:00:01
       17956864  73%    7.98MB/s   00:00:00
       22675456  92%    8.66MB/s   00:00:00
       24657317 100%    8.02MB/s   00:00:02 (xfer#767, to-check=895/1752)
synthetic_005378/posterior_std.pt
         232019 100%  255.81MB/s   00:00:00 (xfer#768, to-check=896/1752)
synthetic_005378/posterior_variance.pt
         232054 100%   13.38MB/s   00:00:00 (xfer#769, to-check=897/1752)
synthetic_005379/
synthetic_005379/composite_mean.pt
         232026 100%   12.28MB/s   00:00:00 (xfer#770, to-check=899/1752)
synthetic_005379/metadata.json
           1798 100%   23.81MB/s   00:00:00 (xfer#771, to-check=900/1752)
synthetic_005379/posterior_mean.pt
         232026 100%   25.21MB/s   00:00:00 (xfer#772, to-check=901/1752)
synthetic_005379/posterior_samples.pt
        3538944  14%    6.74MB/s   00:00:02
        6782976  28%    6.06MB/s   00:00:02
       10584064  43%    6.86MB/s   00:00:01
       14385152  58%    7.17MB/s   00:00:01
       18579456  75%    7.99MB/s   00:00:00
       23166976  94%    8.39MB/s   00:00:00
       24657317 100%    7.18MB/s   00:00:03 (xfer#773, to-check=902/1752)
synthetic_005379/posterior_std.pt
         232019 100%  241.00MB/s   00:00:00 (xfer#774, to-check=903/1752)
synthetic_005379/posterior_variance.pt
         232054 100%   35.69MB/s   00:00:00 (xfer#775, to-check=904/1752)
synthetic_005380/
synthetic_005380/composite_mean.pt
         232026 100%   10.40MB/s   00:00:00 (xfer#776, to-check=906/1752)
synthetic_005380/metadata.json
           1797 100%   24.79MB/s   00:00:00 (xfer#777, to-check=907/1752)
synthetic_005380/posterior_mean.pt
         232026 100%    9.44MB/s   00:00:00 (xfer#778, to-check=908/1752)
synthetic_005380/posterior_samples.pt
        4620288  19%    8.13MB/s   00:00:02
        8814592  36%    7.94MB/s   00:00:01
       13533184  55%    8.94MB/s   00:00:01
       18513920  75%    9.45MB/s   00:00:00
       22839296  93%    8.22MB/s   00:00:00
       24657317 100%    8.28MB/s   00:00:02 (xfer#779, to-check=909/1752)
synthetic_005380/posterior_std.pt
         232019 100%    4.48MB/s   00:00:00 (xfer#780, to-check=910/1752)
synthetic_005380/posterior_variance.pt
         232054 100%   25.38MB/s   00:00:00 (xfer#781, to-check=911/1752)
synthetic_005381/
synthetic_005381/composite_mean.pt
         232026 100%   10.17MB/s   00:00:00 (xfer#782, to-check=913/1752)
synthetic_005381/metadata.json
           1799 100%   20.44MB/s   00:00:00 (xfer#783, to-check=914/1752)
synthetic_005381/posterior_mean.pt
         232026 100%    6.00MB/s   00:00:00 (xfer#784, to-check=915/1752)
synthetic_005381/posterior_samples.pt
        4751360  19%    8.77MB/s   00:00:02
        9732096  39%    9.04MB/s   00:00:01
       14581760  59%    8.99MB/s   00:00:01
       19300352  78%    8.61MB/s   00:00:00
       23887872  97%    8.72MB/s   00:00:00
       24657317 100%    8.63MB/s   00:00:02 (xfer#785, to-check=916/1752)
synthetic_005381/posterior_std.pt
         232019 100%  260.62MB/s   00:00:00 (xfer#786, to-check=917/1752)
synthetic_005381/posterior_variance.pt
         232054 100%  319.74MB/s   00:00:00 (xfer#787, to-check=918/1752)
synthetic_005382/
synthetic_005382/composite_mean.pt
         232026 100%   10.20MB/s   00:00:00 (xfer#788, to-check=920/1752)
synthetic_005382/metadata.json
           1797 100%   19.91MB/s   00:00:00 (xfer#789, to-check=921/1752)
synthetic_005382/posterior_mean.pt
         232026 100%   16.33MB/s   00:00:00 (xfer#790, to-check=922/1752)
synthetic_005382/posterior_samples.pt
        5013504  20%    8.89MB/s   00:00:02
        9994240  41%    9.47MB/s   00:00:01
       14450688  59%    8.19MB/s   00:00:01
       19300352  78%    8.89MB/s   00:00:00
       23756800  96%    8.35MB/s   00:00:00
       24657317 100%    8.62MB/s   00:00:02 (xfer#791, to-check=923/1752)
synthetic_005382/posterior_std.pt
         232019 100%  216.13MB/s   00:00:00 (xfer#792, to-check=924/1752)
synthetic_005382/posterior_variance.pt
         232054 100%    4.79MB/s   00:00:00 (xfer#793, to-check=925/1752)
synthetic_005383/
synthetic_005383/composite_mean.pt
         232026 100%   43.53MB/s   00:00:00 (xfer#794, to-check=927/1752)
synthetic_005383/metadata.json
           1799 100%   18.26MB/s   00:00:00 (xfer#795, to-check=928/1752)
synthetic_005383/posterior_mean.pt
         232026 100%    6.09MB/s   00:00:00 (xfer#796, to-check=929/1752)
synthetic_005383/posterior_samples.pt
        3571712  14%    6.18MB/s   00:00:03
        7372800  30%    7.17MB/s   00:00:02
       11304960  46%    7.43MB/s   00:00:01
       15499264  63%    7.97MB/s   00:00:01
       20086784  81%    8.61MB/s   00:00:00
       24657317 100%    7.61MB/s   00:00:03 (xfer#797, to-check=930/1752)
synthetic_005383/posterior_std.pt
         232019 100%  259.09MB/s   00:00:00 (xfer#798, to-check=931/1752)
synthetic_005383/posterior_variance.pt
         232054 100%   43.28MB/s   00:00:00 (xfer#799, to-check=932/1752)
synthetic_005384/
synthetic_005384/composite_mean.pt
         232026 100%   13.84MB/s   00:00:00 (xfer#800, to-check=934/1752)
synthetic_005384/metadata.json
           1797 100%   29.58MB/s   00:00:00 (xfer#801, to-check=935/1752)
synthetic_005384/posterior_mean.pt
         232026 100%    5.18MB/s   00:00:00 (xfer#802, to-check=936/1752)
synthetic_005384/posterior_samples.pt
        4784128  19%    9.06MB/s   00:00:02
        9502720  39%    8.98MB/s   00:00:01
       13959168  57%    8.44MB/s   00:00:01
       19464192  79%    9.94MB/s   00:00:00
       24657317 100%    9.17MB/s   00:00:02 (xfer#803, to-check=937/1752)
synthetic_005384/posterior_std.pt
         232019 100%  250.29MB/s   00:00:00 (xfer#804, to-check=938/1752)
synthetic_005384/posterior_variance.pt
         232054 100%   16.25MB/s   00:00:00 (xfer#805, to-check=939/1752)
synthetic_005385/
synthetic_005385/composite_mean.pt
         232026 100%   10.29MB/s   00:00:00 (xfer#806, to-check=941/1752)
synthetic_005385/metadata.json
           1799 100%   26.85MB/s   00:00:00 (xfer#807, to-check=942/1752)
synthetic_005385/posterior_mean.pt
         232026 100%   20.51MB/s   00:00:00 (xfer#808, to-check=943/1752)
synthetic_005385/posterior_samples.pt
        5177344  21%    9.69MB/s   00:00:01
        9502720  39%    8.24MB/s   00:00:01
       13533184  55%    7.27MB/s   00:00:01
       17596416  71%    7.59MB/s   00:00:00
       21266432  86%    6.83MB/s   00:00:00
       24657317 100%    7.85MB/s   00:00:02 (xfer#809, to-check=944/1752)
synthetic_005385/posterior_std.pt
         232019 100%  236.15MB/s   00:00:00 (xfer#810, to-check=945/1752)
synthetic_005385/posterior_variance.pt
         232054 100%   22.35MB/s   00:00:00 (xfer#811, to-check=946/1752)
synthetic_005386/
synthetic_005386/composite_mean.pt
         232026 100%    5.07MB/s   00:00:00 (xfer#812, to-check=948/1752)
synthetic_005386/metadata.json
           1798 100%   19.28MB/s   00:00:00 (xfer#813, to-check=949/1752)
synthetic_005386/posterior_mean.pt
         232026 100%    7.93MB/s   00:00:00 (xfer#814, to-check=950/1752)
synthetic_005386/posterior_samples.pt
        4423680  18%    7.86MB/s   00:00:02
        9666560  39%    9.61MB/s   00:00:01
       14647296  59%    9.41MB/s   00:00:01
       19759104  80%    9.60MB/s   00:00:00
       24657317 100%    9.08MB/s   00:00:02 (xfer#815, to-check=951/1752)
synthetic_005386/posterior_std.pt
         232019 100%  244.23MB/s   00:00:00 (xfer#816, to-check=952/1752)
synthetic_005386/posterior_variance.pt
         232054 100%   16.07MB/s   00:00:00 (xfer#817, to-check=953/1752)
synthetic_005387/
synthetic_005387/composite_mean.pt
         232026 100%   40.24MB/s   00:00:00 (xfer#818, to-check=955/1752)
synthetic_005387/metadata.json
           1798 100%  343.40KB/s   00:00:00 (xfer#819, to-check=956/1752)
synthetic_005387/posterior_mean.pt
         232026 100%    6.41MB/s   00:00:00 (xfer#820, to-check=957/1752)
synthetic_005387/posterior_samples.pt
        5144576  21%    9.72MB/s   00:00:01
       10256384  42%    9.53MB/s   00:00:01
       15368192  62%    9.61MB/s   00:00:00
       20217856  82%    8.70MB/s   00:00:00
       24657317 100%    9.08MB/s   00:00:02 (xfer#821, to-check=958/1752)
synthetic_005387/posterior_std.pt
         232019 100%  255.18MB/s   00:00:00 (xfer#822, to-check=959/1752)
synthetic_005387/posterior_variance.pt
         232054 100%   15.66MB/s   00:00:00 (xfer#823, to-check=960/1752)
synthetic_005388/
synthetic_005388/composite_mean.pt
         232026 100%   29.22MB/s   00:00:00 (xfer#824, to-check=962/1752)
synthetic_005388/metadata.json
           1798 100%   22.83MB/s   00:00:00 (xfer#825, to-check=963/1752)
synthetic_005388/posterior_mean.pt
         232026 100%    4.95MB/s   00:00:00 (xfer#826, to-check=964/1752)
synthetic_005388/posterior_samples.pt
        5341184  22%    9.84MB/s   00:00:01
       10715136  43%   10.18MB/s   00:00:01
       16089088  65%   10.07MB/s   00:00:00
       21463040  87%   10.00MB/s   00:00:00
       24657317 100%    9.86MB/s   00:00:02 (xfer#827, to-check=965/1752)
synthetic_005388/posterior_std.pt
         232019 100%  228.82MB/s   00:00:00 (xfer#828, to-check=966/1752)
synthetic_005388/posterior_variance.pt
         232054 100%   40.21MB/s   00:00:00 (xfer#829, to-check=967/1752)
synthetic_005389/
synthetic_005389/composite_mean.pt
         232026 100%   15.48MB/s   00:00:00 (xfer#830, to-check=969/1752)
synthetic_005389/metadata.json
           1799 100%   27.68MB/s   00:00:00 (xfer#831, to-check=970/1752)
synthetic_005389/posterior_mean.pt
         232026 100%    7.24MB/s   00:00:00 (xfer#832, to-check=971/1752)
synthetic_005389/posterior_samples.pt
        4980736  20%    9.29MB/s   00:00:02
        9568256  39%    8.15MB/s   00:00:01
       12451840  50%    5.50MB/s   00:00:02
       16515072  67%    7.44MB/s   00:00:01
       20185088  82%    6.79MB/s   00:00:00
       24641536 100%    8.43MB/s   00:00:00
       24657317 100%    7.52MB/s   00:00:03 (xfer#833, to-check=972/1752)
synthetic_005389/posterior_std.pt
         232019 100%  251.72MB/s   00:00:00 (xfer#834, to-check=973/1752)
synthetic_005389/posterior_variance.pt
         232054 100%  310.75MB/s   00:00:00 (xfer#835, to-check=974/1752)
synthetic_005390/
synthetic_005390/composite_mean.pt
         232026 100%   11.89MB/s   00:00:00 (xfer#836, to-check=976/1752)
synthetic_005390/metadata.json
           1798 100%   23.50MB/s   00:00:00 (xfer#837, to-check=977/1752)
synthetic_005390/posterior_mean.pt
         232026 100%    9.68MB/s   00:00:00 (xfer#838, to-check=978/1752)
synthetic_005390/posterior_samples.pt
        4915200  20%    9.27MB/s   00:00:02
       10027008  41%    9.54MB/s   00:00:01
       15138816  61%    9.68MB/s   00:00:00
       20643840  84%   10.28MB/s   00:00:00
       24657317 100%    9.62MB/s   00:00:02 (xfer#839, to-check=979/1752)
synthetic_005390/posterior_std.pt
         232019 100%  221.71MB/s   00:00:00 (xfer#840, to-check=980/1752)
synthetic_005390/posterior_variance.pt
         232054 100%  294.30MB/s   00:00:00 (xfer#841, to-check=981/1752)
synthetic_005391/
synthetic_005391/composite_mean.pt
         232026 100%    5.48MB/s   00:00:00 (xfer#842, to-check=983/1752)
synthetic_005391/metadata.json
           1798 100%   25.59MB/s   00:00:00 (xfer#843, to-check=984/1752)
synthetic_005391/posterior_mean.pt
         232026 100%   28.08MB/s   00:00:00 (xfer#844, to-check=985/1752)
synthetic_005391/posterior_samples.pt
        4947968  20%    9.33MB/s   00:00:02
       10452992  42%   10.09MB/s   00:00:01
       15794176  64%   10.15MB/s   00:00:00
       20643840  84%    9.14MB/s   00:00:00
       24657317 100%    9.56MB/s   00:00:02 (xfer#845, to-check=986/1752)
synthetic_005391/posterior_std.pt
         232019 100%  242.06MB/s   00:00:00 (xfer#846, to-check=987/1752)
synthetic_005391/posterior_variance.pt
         232054 100%   30.02MB/s   00:00:00 (xfer#847, to-check=988/1752)
synthetic_005392/
synthetic_005392/composite_mean.pt
         232026 100%   14.83MB/s   00:00:00 (xfer#848, to-check=990/1752)
synthetic_005392/metadata.json
           1799 100%   24.90MB/s   00:00:00 (xfer#849, to-check=991/1752)
synthetic_005392/posterior_mean.pt
         232026 100%   10.56MB/s   00:00:00 (xfer#850, to-check=992/1752)
synthetic_005392/posterior_samples.pt
        5439488  22%   10.25MB/s   00:00:01
       10813440  44%   10.08MB/s   00:00:01
       16318464  66%   10.35MB/s   00:00:00
       21692416  88%   10.09MB/s   00:00:00
       24657317 100%    9.94MB/s   00:00:02 (xfer#851, to-check=993/1752)
synthetic_005392/posterior_std.pt
         232019 100%  250.02MB/s   00:00:00 (xfer#852, to-check=994/1752)
synthetic_005392/posterior_variance.pt
         232054 100%  306.14MB/s   00:00:00 (xfer#853, to-check=995/1752)
synthetic_005393/
synthetic_005393/composite_mean.pt
         232026 100%   14.57MB/s   00:00:00 (xfer#854, to-check=997/1752)
synthetic_005393/metadata.json
           1799 100%   24.15MB/s   00:00:00 (xfer#855, to-check=998/1752)
synthetic_005393/posterior_mean.pt
         232026 100%   16.00MB/s   00:00:00 (xfer#856, to-check=999/1752)
synthetic_005393/posterior_samples.pt
        5570560  23%   10.34MB/s   00:00:01
       10944512  44%   10.16MB/s   00:00:01
       16318464  66%    9.98MB/s   00:00:00
       21430272  87%    9.65MB/s   00:00:00
       24657317 100%    9.80MB/s   00:00:02 (xfer#857, to-check=1000/1752)
synthetic_005393/posterior_std.pt
         232019 100%  258.23MB/s   00:00:00 (xfer#858, to-check=1001/1752)
synthetic_005393/posterior_variance.pt
         232054 100%  313.48MB/s   00:00:00 (xfer#859, to-check=1002/1752)
synthetic_005394/
synthetic_005394/composite_mean.pt
         232026 100%   16.50MB/s   00:00:00 (xfer#860, to-check=1004/1752)
synthetic_005394/metadata.json
           1799 100%   26.75MB/s   00:00:00 (xfer#861, to-check=1005/1752)
synthetic_005394/posterior_mean.pt
         232026 100%   17.33MB/s   00:00:00 (xfer#862, to-check=1006/1752)
synthetic_005394/posterior_samples.pt
        5701632  23%   10.34MB/s   00:00:01
       11272192  46%   10.62MB/s   00:00:01
       17104896  69%   11.06MB/s   00:00:00
       23658496  96%   12.17MB/s   00:00:00
       24657317 100%   10.97MB/s   00:00:02 (xfer#863, to-check=1007/1752)
synthetic_005394/posterior_std.pt
         232019 100%  266.23MB/s   00:00:00 (xfer#864, to-check=1008/1752)
synthetic_005394/posterior_variance.pt
         232054 100%  312.95MB/s   00:00:00 (xfer#865, to-check=1009/1752)
synthetic_005395/
synthetic_005395/composite_mean.pt
         232026 100%   10.25MB/s   00:00:00 (xfer#866, to-check=1011/1752)
synthetic_005395/metadata.json
           1799 100%   25.61MB/s   00:00:00 (xfer#867, to-check=1012/1752)
synthetic_005395/posterior_mean.pt
         232026 100%   17.33MB/s   00:00:00 (xfer#868, to-check=1013/1752)
synthetic_005395/posterior_samples.pt
        6815744  28%   12.61MB/s   00:00:01
       14155776  57%   13.77MB/s   00:00:00
       19267584  78%    9.70MB/s   00:00:00
       23724032  96%    8.04MB/s   00:00:00
       24657317 100%   10.59MB/s   00:00:02 (xfer#869, to-check=1014/1752)
synthetic_005395/posterior_std.pt
         232019 100%  246.44MB/s   00:00:00 (xfer#870, to-check=1015/1752)
synthetic_005395/posterior_variance.pt
         232054 100%  284.12MB/s   00:00:00 (xfer#871, to-check=1016/1752)
synthetic_005396/
synthetic_005396/composite_mean.pt
         232026 100%  323.95MB/s   00:00:00 (xfer#872, to-check=1018/1752)
synthetic_005396/metadata.json
           1799 100%   26.75MB/s   00:00:00 (xfer#873, to-check=1019/1752)
synthetic_005396/posterior_mean.pt
         232026 100%    6.69MB/s   00:00:00 (xfer#874, to-check=1020/1752)
synthetic_005396/posterior_samples.pt
        5079040  21%    9.58MB/s   00:00:01
       11501568  47%   12.25MB/s   00:00:01
       16613376  67%    9.57MB/s   00:00:00
       23560192  96%   13.19MB/s   00:00:00
       24657317 100%   11.09MB/s   00:00:02 (xfer#875, to-check=1021/1752)
synthetic_005396/posterior_std.pt
         232019 100%  270.50MB/s   00:00:00 (xfer#876, to-check=1022/1752)
synthetic_005396/posterior_variance.pt
         232054 100%  293.46MB/s   00:00:00 (xfer#877, to-check=1023/1752)
synthetic_005397/
synthetic_005397/composite_mean.pt
         232026 100%   10.63MB/s   00:00:00 (xfer#878, to-check=1025/1752)
synthetic_005397/metadata.json
           1799 100%   26.07MB/s   00:00:00 (xfer#879, to-check=1026/1752)
synthetic_005397/posterior_mean.pt
         232026 100%   35.07MB/s   00:00:00 (xfer#880, to-check=1027/1752)
synthetic_005397/posterior_samples.pt
        6881280  28%   13.05MB/s   00:00:01
       12910592  52%   10.70MB/s   00:00:01
       18022400  73%    9.74MB/s   00:00:00
       23789568  96%   10.99MB/s   00:00:00
       24657317 100%   10.98MB/s   00:00:02 (xfer#881, to-check=1028/1752)
synthetic_005397/posterior_std.pt
         232019 100%  203.93MB/s   00:00:00 (xfer#882, to-check=1029/1752)
synthetic_005397/posterior_variance.pt
         232054 100%   11.10MB/s   00:00:00 (xfer#883, to-check=1030/1752)
synthetic_005398/
synthetic_005398/composite_mean.pt
         232026 100%   35.00MB/s   00:00:00 (xfer#884, to-check=1032/1752)
synthetic_005398/metadata.json
           1798 100%   20.43MB/s   00:00:00 (xfer#885, to-check=1033/1752)
synthetic_005398/posterior_mean.pt
         232026 100%    7.31MB/s   00:00:00 (xfer#886, to-check=1034/1752)
synthetic_005398/posterior_samples.pt
        4554752  18%    8.55MB/s   00:00:02
        9371648  38%    9.19MB/s   00:00:01
       14385152  58%    9.02MB/s   00:00:01
       19890176  81%   10.35MB/s   00:00:00
       24657317 100%    9.48MB/s   00:00:02 (xfer#887, to-check=1035/1752)
synthetic_005398/posterior_std.pt
         232019 100%  218.63MB/s   00:00:00 (xfer#888, to-check=1036/1752)
synthetic_005398/posterior_variance.pt
         232054 100%   61.89MB/s   00:00:00 (xfer#889, to-check=1037/1752)
synthetic_005399/
synthetic_005399/composite_mean.pt
         232026 100%   13.89MB/s   00:00:00 (xfer#890, to-check=1039/1752)
synthetic_005399/metadata.json
           1798 100%   18.63MB/s   00:00:00 (xfer#891, to-check=1040/1752)
synthetic_005399/posterior_mean.pt
         232026 100%   35.30MB/s   00:00:00 (xfer#892, to-check=1041/1752)
synthetic_005399/posterior_samples.pt
        6062080  25%   11.44MB/s   00:00:01
       12484608  51%   12.21MB/s   00:00:00
       16121856  65%    6.68MB/s   00:00:01
       19759104  80%    6.54MB/s   00:00:00
       23035904  93%    6.19MB/s   00:00:00
       24657317 100%    8.39MB/s   00:00:02 (xfer#893, to-check=1042/1752)
synthetic_005399/posterior_std.pt
         232019 100%   22.62MB/s   00:00:00 (xfer#894, to-check=1043/1752)
synthetic_005399/posterior_variance.pt
         232054 100%   13.90MB/s   00:00:00 (xfer#895, to-check=1044/1752)
synthetic_005400/
synthetic_005400/composite_mean.pt
         232026 100%    4.56MB/s   00:00:00 (xfer#896, to-check=1046/1752)
synthetic_005400/metadata.json
           1796 100%   19.47MB/s   00:00:00 (xfer#897, to-check=1047/1752)
synthetic_005400/posterior_mean.pt
         232026 100%   41.41MB/s   00:00:00 (xfer#898, to-check=1048/1752)
synthetic_005400/posterior_samples.pt
        3244032  13%    6.17MB/s   00:00:03
        7045120  29%    6.98MB/s   00:00:02
       10977280  45%    7.36MB/s   00:00:01
       14909440  60%    7.46MB/s   00:00:01
       18841600  76%    7.21MB/s   00:00:00
       22904832  93%    7.65MB/s   00:00:00
       24657317 100%    7.13MB/s   00:00:03 (xfer#899, to-check=1049/1752)
synthetic_005400/posterior_std.pt
         232019 100%   19.34MB/s   00:00:00 (xfer#900, to-check=1050/1752)
synthetic_005400/posterior_variance.pt
         232054 100%   39.95MB/s   00:00:00 (xfer#901, to-check=1051/1752)
synthetic_005401/
synthetic_005401/composite_mean.pt
         232026 100%    4.23MB/s   00:00:00 (xfer#902, to-check=1053/1752)
synthetic_005401/metadata.json
           1797 100%   18.06MB/s   00:00:00 (xfer#903, to-check=1054/1752)
synthetic_005401/posterior_mean.pt
         232026 100%   52.44MB/s   00:00:00 (xfer#904, to-check=1055/1752)
synthetic_005401/posterior_samples.pt
        2719744  11%    5.03MB/s   00:00:04
        4685824  19%    3.64MB/s   00:00:05
        7831552  32%    5.95MB/s   00:00:02
       10715136  43%    5.38MB/s   00:00:02
       13860864  56%    5.93MB/s   00:00:01
       16875520  68%    5.69MB/s   00:00:01
       20414464  83%    6.72MB/s   00:00:00
       23691264  96%    6.03MB/s   00:00:00
       24657317 100%    5.57MB/s   00:00:04 (xfer#905, to-check=1056/1752)
synthetic_005401/posterior_std.pt
         232019 100%    6.58MB/s   00:00:00 (xfer#906, to-check=1057/1752)
synthetic_005401/posterior_variance.pt
         232054 100%   37.94MB/s   00:00:00 (xfer#907, to-check=1058/1752)
synthetic_005402/
synthetic_005402/composite_mean.pt
         232026 100%    3.92MB/s   00:00:00 (xfer#908, to-check=1060/1752)
synthetic_005402/metadata.json
           1798 100%    7.09MB/s   00:00:00 (xfer#909, to-check=1061/1752)
synthetic_005402/posterior_mean.pt
         232026 100%   10.55MB/s   00:00:00 (xfer#910, to-check=1062/1752)
synthetic_005402/posterior_samples.pt
        3375104  14%    6.42MB/s   00:00:03
        6389760  26%    5.31MB/s   00:00:03
        9797632  40%    6.40MB/s   00:00:02
       12812288  52%    5.68MB/s   00:00:01
       16220160  66%    6.49MB/s   00:00:01
       19628032  80%    6.06MB/s   00:00:00
       22904832  93%    6.03MB/s   00:00:00
       24657317 100%    6.05MB/s   00:00:03 (xfer#911, to-check=1063/1752)
synthetic_005402/posterior_std.pt
         232019 100%   67.25MB/s   00:00:00 (xfer#912, to-check=1064/1752)
synthetic_005402/posterior_variance.pt
         232054 100%    5.20MB/s   00:00:00 (xfer#913, to-check=1065/1752)
synthetic_005403/
synthetic_005403/composite_mean.pt
         232026 100%    4.32MB/s   00:00:00 (xfer#914, to-check=1067/1752)
synthetic_005403/metadata.json
           1798 100%   20.43MB/s   00:00:00 (xfer#915, to-check=1068/1752)
synthetic_005403/posterior_mean.pt
         232026 100%   40.77MB/s   00:00:00 (xfer#916, to-check=1069/1752)
synthetic_005403/posterior_samples.pt
        3211264  13%    5.72MB/s   00:00:03
        7012352  28%    7.12MB/s   00:00:02
       10944512  44%    7.44MB/s   00:00:01
       14745600  60%    7.20MB/s   00:00:01
       19202048  78%    8.02MB/s   00:00:00
       23527424  95%    8.21MB/s   00:00:00
       24657317 100%    7.20MB/s   00:00:03 (xfer#917, to-check=1070/1752)
synthetic_005403/posterior_std.pt
         232019 100%   84.91MB/s   00:00:00 (xfer#918, to-check=1071/1752)
synthetic_005403/posterior_variance.pt
         232054 100%  154.75MB/s   00:00:00 (xfer#919, to-check=1072/1752)
synthetic_005404/
synthetic_005404/composite_mean.pt
         232026 100%   10.21MB/s   00:00:00 (xfer#920, to-check=1074/1752)
synthetic_005404/metadata.json
           1797 100%   24.87MB/s   00:00:00 (xfer#921, to-check=1075/1752)
synthetic_005404/posterior_mean.pt
         232026 100%    5.21MB/s   00:00:00 (xfer#922, to-check=1076/1752)
synthetic_005404/posterior_samples.pt
        4292608  17%    7.97MB/s   00:00:02
        8617984  35%    8.24MB/s   00:00:01
       12550144  51%    7.49MB/s   00:00:01
       18055168  73%   10.41MB/s   00:00:00
       23560192  96%   10.10MB/s   00:00:00
       24657317 100%    8.86MB/s   00:00:02 (xfer#923, to-check=1077/1752)
synthetic_005404/posterior_std.pt
         232019 100%   78.02MB/s   00:00:00 (xfer#924, to-check=1078/1752)
synthetic_005404/posterior_variance.pt
         232054 100%   27.85MB/s   00:00:00 (xfer#925, to-check=1079/1752)
synthetic_005405/
synthetic_005405/composite_mean.pt
         232026 100%    9.55MB/s   00:00:00 (xfer#926, to-check=1081/1752)
synthetic_005405/metadata.json
           1799 100%   19.72MB/s   00:00:00 (xfer#927, to-check=1082/1752)
synthetic_005405/posterior_mean.pt
         232026 100%    9.71MB/s   00:00:00 (xfer#928, to-check=1083/1752)
synthetic_005405/posterior_samples.pt
        6488064  26%   11.91MB/s   00:00:01
       12779520  52%   11.94MB/s   00:00:00
       20250624  82%   14.08MB/s   00:00:00
       24657317 100%   12.51MB/s   00:00:01 (xfer#929, to-check=1084/1752)
synthetic_005405/posterior_std.pt
         232019 100%  100.26MB/s   00:00:00 (xfer#930, to-check=1085/1752)
synthetic_005405/posterior_variance.pt
         232054 100%  187.56MB/s   00:00:00 (xfer#931, to-check=1086/1752)
synthetic_005406/
synthetic_005406/composite_mean.pt
         232026 100%   11.65MB/s   00:00:00 (xfer#932, to-check=1088/1752)
synthetic_005406/metadata.json
           1798 100%   35.78MB/s   00:00:00 (xfer#933, to-check=1089/1752)
synthetic_005406/posterior_mean.pt
         232026 100%   11.73MB/s   00:00:00 (xfer#934, to-check=1090/1752)
synthetic_005406/posterior_samples.pt
        6848512  28%   12.86MB/s   00:00:01
       12615680  51%   10.71MB/s   00:00:01
       19824640  80%   13.60MB/s   00:00:00
       24510464  99%    8.71MB/s   00:00:00
       24657317 100%   11.28MB/s   00:00:02 (xfer#935, to-check=1091/1752)
synthetic_005406/posterior_std.pt
         232019 100%   84.39MB/s   00:00:00 (xfer#936, to-check=1092/1752)
synthetic_005406/posterior_variance.pt
         232054 100%  164.52MB/s   00:00:00 (xfer#937, to-check=1093/1752)
synthetic_005407/
synthetic_005407/composite_mean.pt
         232026 100%  186.40MB/s   00:00:00 (xfer#938, to-check=1095/1752)
synthetic_005407/metadata.json
           1798 100%   27.66MB/s   00:00:00 (xfer#939, to-check=1096/1752)
synthetic_005407/posterior_mean.pt
         232026 100%    9.02MB/s   00:00:00 (xfer#940, to-check=1097/1752)
synthetic_005407/posterior_samples.pt
        7405568  30%   13.92MB/s   00:00:01
       14188544  58%   12.93MB/s   00:00:00
       20774912  84%   12.55MB/s   00:00:00
       24657317 100%   12.82MB/s   00:00:01 (xfer#941, to-check=1098/1752)
synthetic_005407/posterior_std.pt
         232019 100%  111.52MB/s   00:00:00 (xfer#942, to-check=1099/1752)
synthetic_005407/posterior_variance.pt
         232054 100%  196.91MB/s   00:00:00 (xfer#943, to-check=1100/1752)
synthetic_005408/
synthetic_005408/composite_mean.pt
         232026 100%   15.15MB/s   00:00:00 (xfer#944, to-check=1102/1752)
synthetic_005408/metadata.json
           1798 100%   26.44MB/s   00:00:00 (xfer#945, to-check=1103/1752)
synthetic_005408/posterior_mean.pt
         232026 100%   13.21MB/s   00:00:00 (xfer#946, to-check=1104/1752)
synthetic_005408/posterior_samples.pt
        4751360  19%    8.40MB/s   00:00:02
        9863168  40%    9.41MB/s   00:00:01
       14057472  57%    7.88MB/s   00:00:01
       18907136  77%    9.25MB/s   00:00:00
       24281088  98%    9.49MB/s   00:00:00
       24657317 100%    8.86MB/s   00:00:02 (xfer#947, to-check=1105/1752)
synthetic_005408/posterior_std.pt
         232019 100%  152.09MB/s   00:00:00 (xfer#948, to-check=1106/1752)
synthetic_005408/posterior_variance.pt
         232054 100%   11.40MB/s   00:00:00 (xfer#949, to-check=1107/1752)
synthetic_005409/
synthetic_005409/composite_mean.pt
         232026 100%   17.74MB/s   00:00:00 (xfer#950, to-check=1109/1752)
synthetic_005409/metadata.json
           1798 100%   25.59MB/s   00:00:00 (xfer#951, to-check=1110/1752)
synthetic_005409/posterior_mean.pt
         232026 100%    3.75MB/s   00:00:00 (xfer#952, to-check=1111/1752)
synthetic_005409/posterior_samples.pt
        4915200  20%    9.27MB/s   00:00:02
       10420224  42%   10.31MB/s   00:00:01
       16187392  66%   10.55MB/s   00:00:00
       21823488  89%   10.58MB/s   00:00:00
       24657317 100%   10.05MB/s   00:00:02 (xfer#953, to-check=1112/1752)
synthetic_005409/posterior_std.pt
         232019 100%  118.14MB/s   00:00:00 (xfer#954, to-check=1113/1752)
synthetic_005409/posterior_variance.pt
         232054 100%   18.41MB/s   00:00:00 (xfer#955, to-check=1114/1752)
synthetic_005410/
synthetic_005410/composite_mean.pt
         232026 100%    3.38MB/s   00:00:00 (xfer#956, to-check=1116/1752)
synthetic_005410/metadata.json
           1798 100%   20.20MB/s   00:00:00 (xfer#957, to-check=1117/1752)
synthetic_005410/posterior_mean.pt
         232026 100%   12.43MB/s   00:00:00 (xfer#958, to-check=1118/1752)
synthetic_005410/posterior_samples.pt
        5701632  23%   10.09MB/s   00:00:01
       11206656  45%   10.46MB/s   00:00:01
       16842752  68%   10.06MB/s   00:00:00
       22347776  91%   10.15MB/s   00:00:00
       24657317 100%   10.13MB/s   00:00:02 (xfer#959, to-check=1119/1752)
synthetic_005410/posterior_std.pt
         232019 100%  151.67MB/s   00:00:00 (xfer#960, to-check=1120/1752)
synthetic_005410/posterior_variance.pt
         232054 100%  188.82MB/s   00:00:00 (xfer#961, to-check=1121/1752)
synthetic_005411/
synthetic_005411/composite_mean.pt
         232026 100%   11.10MB/s   00:00:00 (xfer#962, to-check=1123/1752)
synthetic_005411/metadata.json
           1799 100%   24.56MB/s   00:00:00 (xfer#963, to-check=1124/1752)
synthetic_005411/posterior_mean.pt
         232026 100%   24.46MB/s   00:00:00 (xfer#964, to-check=1125/1752)
synthetic_005411/posterior_samples.pt
        5636096  23%   10.73MB/s   00:00:01
       11403264  46%   10.99MB/s   00:00:01
       17039360  69%   10.16MB/s   00:00:00
       22446080  91%   10.31MB/s   00:00:00
       24657317 100%   10.37MB/s   00:00:02 (xfer#965, to-check=1126/1752)
synthetic_005411/posterior_std.pt
         232019 100%   74.65MB/s   00:00:00 (xfer#966, to-check=1127/1752)
synthetic_005411/posterior_variance.pt
         232054 100%  188.05MB/s   00:00:00 (xfer#967, to-check=1128/1752)
synthetic_005412/
synthetic_005412/composite_mean.pt
         232026 100%   27.46MB/s   00:00:00 (xfer#968, to-check=1130/1752)
synthetic_005412/metadata.json
           1798 100%   28.09MB/s   00:00:00 (xfer#969, to-check=1131/1752)
synthetic_005412/posterior_mean.pt
         232026 100%   12.64MB/s   00:00:00 (xfer#970, to-check=1132/1752)
synthetic_005412/posterior_samples.pt
        5799936  24%   11.01MB/s   00:00:01
       11960320  49%   11.42MB/s   00:00:01
       17858560  72%   11.18MB/s   00:00:00
       23494656  95%   10.37MB/s   00:00:00
       24657317 100%   10.90MB/s   00:00:02 (xfer#971, to-check=1133/1752)
synthetic_005412/posterior_std.pt
         232019 100%  164.41MB/s   00:00:00 (xfer#972, to-check=1134/1752)
synthetic_005412/posterior_variance.pt
         232054 100%   41.75MB/s   00:00:00 (xfer#973, to-check=1135/1752)
synthetic_005413/
synthetic_005413/composite_mean.pt
         232026 100%   16.82MB/s   00:00:00 (xfer#974, to-check=1137/1752)
synthetic_005413/metadata.json
           1797 100%   30.59MB/s   00:00:00 (xfer#975, to-check=1138/1752)
synthetic_005413/posterior_mean.pt
         232026 100%   18.07MB/s   00:00:00 (xfer#976, to-check=1139/1752)
synthetic_005413/posterior_samples.pt
        6160384  25%   11.74MB/s   00:00:01
       12451840  50%   10.42MB/s   00:00:01
       16384000  66%    7.43MB/s   00:00:01
       21757952  88%    9.85MB/s   00:00:00
       24657317 100%    9.81MB/s   00:00:02 (xfer#977, to-check=1140/1752)
synthetic_005413/posterior_std.pt
         232019 100%  142.67MB/s   00:00:00 (xfer#978, to-check=1141/1752)
synthetic_005413/posterior_variance.pt
         232054 100%   15.74MB/s   00:00:00 (xfer#979, to-check=1142/1752)
synthetic_005414/
synthetic_005414/composite_mean.pt
         232026 100%   25.45MB/s   00:00:00 (xfer#980, to-check=1144/1752)
synthetic_005414/metadata.json
           1798 100%   23.81MB/s   00:00:00 (xfer#981, to-check=1145/1752)
synthetic_005414/posterior_mean.pt
         232026 100%    8.89MB/s   00:00:00 (xfer#982, to-check=1146/1752)
synthetic_005414/posterior_samples.pt
        3735552  15%    6.81MB/s   00:00:02
        8192000  33%    8.11MB/s   00:00:01
       12517376  51%    7.70MB/s   00:00:01
       16318464  66%    7.12MB/s   00:00:01
       20119552  82%    6.95MB/s   00:00:00
       24657317 100%    7.47MB/s   00:00:03 (xfer#983, to-check=1147/1752)
synthetic_005414/posterior_std.pt
         232019 100%   79.45MB/s   00:00:00 (xfer#984, to-check=1148/1752)
synthetic_005414/posterior_variance.pt
         232054 100%   10.30MB/s   00:00:00 (xfer#985, to-check=1149/1752)
synthetic_005415/
synthetic_005415/composite_mean.pt
         232026 100%   17.38MB/s   00:00:00 (xfer#986, to-check=1151/1752)
synthetic_005415/metadata.json
           1797 100%   20.42MB/s   00:00:00 (xfer#987, to-check=1152/1752)
synthetic_005415/posterior_mean.pt
         232026 100%    5.35MB/s   00:00:00 (xfer#988, to-check=1153/1752)
synthetic_005415/posterior_samples.pt
        5046272  20%    9.33MB/s   00:00:02
        7667712  31%    4.99MB/s   00:00:03
       11206656  45%    6.66MB/s   00:00:01
       15007744  61%    7.01MB/s   00:00:01
       18677760  76%    6.94MB/s   00:00:00
       22478848  91%    6.57MB/s   00:00:00
       24657317 100%    6.88MB/s   00:00:03 (xfer#989, to-check=1154/1752)
synthetic_005415/posterior_std.pt
         232019 100%   77.45MB/s   00:00:00 (xfer#990, to-check=1155/1752)
synthetic_005415/posterior_variance.pt
         232054 100%    8.88MB/s   00:00:00 (xfer#991, to-check=1156/1752)
synthetic_005416/
synthetic_005416/composite_mean.pt
         232026 100%    4.08MB/s   00:00:00 (xfer#992, to-check=1158/1752)
synthetic_005416/metadata.json
           1798 100%   19.08MB/s   00:00:00 (xfer#993, to-check=1159/1752)
synthetic_005416/posterior_mean.pt
         232026 100%   22.80MB/s   00:00:00 (xfer#994, to-check=1160/1752)
synthetic_005416/posterior_samples.pt
        3637248  15%    6.93MB/s   00:00:02
        7438336  30%    6.78MB/s   00:00:02
       11501568  47%    7.69MB/s   00:00:01
       15564800  63%    7.65MB/s   00:00:01
       19759104  80%    7.55MB/s   00:00:00
       24084480  98%    7.79MB/s   00:00:00
       24657317 100%    7.34MB/s   00:00:03 (xfer#995, to-check=1161/1752)
synthetic_005416/posterior_std.pt
         232019 100%   84.52MB/s   00:00:00 (xfer#996, to-check=1162/1752)
synthetic_005416/posterior_variance.pt
         232054 100%   11.12MB/s   00:00:00 (xfer#997, to-check=1163/1752)
synthetic_005417/
synthetic_005417/composite_mean.pt
         232026 100%   26.76MB/s   00:00:00 (xfer#998, to-check=1165/1752)
synthetic_005417/metadata.json
           1799 100%   23.14MB/s   00:00:00 (xfer#999, to-check=1166/1752)
synthetic_005417/posterior_mean.pt
         232026 100%    7.84MB/s   00:00:00 (xfer#1000, to-check=1167/1752)
synthetic_005417/posterior_samples.pt
        3964928  16%    7.41MB/s   00:00:02
        8126464  33%    7.79MB/s   00:00:02
       12320768  50%    7.89MB/s   00:00:01
       16515072  67%    7.19MB/s   00:00:01
       21102592  86%    8.45MB/s   00:00:00
       24657317 100%    7.71MB/s   00:00:03 (xfer#1001, to-check=1168/1752)
synthetic_005417/posterior_std.pt
         232019 100%   70.94MB/s   00:00:00 (xfer#1002, to-check=1169/1752)
synthetic_005417/posterior_variance.pt
         232054 100%  162.47MB/s   00:00:00 (xfer#1003, to-check=1170/1752)
synthetic_005418/
synthetic_005418/composite_mean.pt
         232026 100%   15.61MB/s   00:00:00 (xfer#1004, to-check=1172/1752)
synthetic_005418/metadata.json
           1799 100%   29.49MB/s   00:00:00 (xfer#1005, to-check=1173/1752)
synthetic_005418/posterior_mean.pt
         232026 100%   26.08MB/s   00:00:00 (xfer#1006, to-check=1174/1752)
synthetic_005418/posterior_samples.pt
        4620288  19%    8.58MB/s   00:00:02
        7962624  32%    6.35MB/s   00:00:02
       11239424  46%    6.21MB/s   00:00:02
       15007744  61%    7.04MB/s   00:00:01
       18939904  77%    7.34MB/s   00:00:00
       23134208  94%    7.75MB/s   00:00:00
       24657317 100%    7.23MB/s   00:00:03 (xfer#1007, to-check=1175/1752)
synthetic_005418/posterior_std.pt
         232019 100%   23.46MB/s   00:00:00 (xfer#1008, to-check=1176/1752)
synthetic_005418/posterior_variance.pt
         232054 100%   19.54MB/s   00:00:00 (xfer#1009, to-check=1177/1752)
synthetic_005419/
synthetic_005419/composite_mean.pt
         232026 100%    4.62MB/s   00:00:00 (xfer#1010, to-check=1179/1752)
synthetic_005419/metadata.json
           1799 100%   19.29MB/s   00:00:00 (xfer#1011, to-check=1180/1752)
synthetic_005419/posterior_mean.pt
         232026 100%   23.34MB/s   00:00:00 (xfer#1012, to-check=1181/1752)
synthetic_005419/posterior_samples.pt
        3342336  14%    5.80MB/s   00:00:03
        7798784  32%    8.32MB/s   00:00:01
       12255232  50%    8.47MB/s   00:00:01
       16973824  69%    8.72MB/s   00:00:00
       21823488  89%    8.96MB/s   00:00:00
       24657317 100%    7.99MB/s   00:00:02 (xfer#1013, to-check=1182/1752)
synthetic_005419/posterior_std.pt
         232019 100%  135.58MB/s   00:00:00 (xfer#1014, to-check=1183/1752)
synthetic_005419/posterior_variance.pt
         232054 100%  190.13MB/s   00:00:00 (xfer#1015, to-check=1184/1752)
synthetic_005420/
synthetic_005420/composite_mean.pt
         232026 100%   11.68MB/s   00:00:00 (xfer#1016, to-check=1186/1752)
synthetic_005420/metadata.json
           1799 100%   26.85MB/s   00:00:00 (xfer#1017, to-check=1187/1752)
synthetic_005420/posterior_mean.pt
         232026 100%   16.15MB/s   00:00:00 (xfer#1018, to-check=1188/1752)
synthetic_005420/posterior_samples.pt
        4194304  17%    7.93MB/s   00:00:02
        8650752  35%    8.48MB/s   00:00:01
       13631488  55%    9.11MB/s   00:00:01
       18612224  75%    9.30MB/s   00:00:00
       23199744  94%    8.69MB/s   00:00:00
       24657317 100%    8.32MB/s   00:00:02 (xfer#1019, to-check=1189/1752)
synthetic_005420/posterior_std.pt
         232019 100%  165.99MB/s   00:00:00 (xfer#1020, to-check=1190/1752)
synthetic_005420/posterior_variance.pt
         232054 100%   11.48MB/s   00:00:00 (xfer#1021, to-check=1191/1752)
synthetic_005421/
synthetic_005421/composite_mean.pt
         232026 100%   66.49MB/s   00:00:00 (xfer#1022, to-check=1193/1752)
synthetic_005421/metadata.json
           1798 100%   28.54MB/s   00:00:00 (xfer#1023, to-check=1194/1752)
synthetic_005421/posterior_mean.pt
         232026 100%    3.96MB/s   00:00:00 (xfer#1024, to-check=1195/1752)
synthetic_005421/posterior_samples.pt
        4554752  18%    7.94MB/s   00:00:02
        8749056  35%    7.55MB/s   00:00:02
       13598720  55%    9.02MB/s   00:00:01
       18448384  75%    8.74MB/s   00:00:00
       21954560  89%    6.46MB/s   00:00:00
       24657317 100%    7.72MB/s   00:00:03 (xfer#1025, to-check=1196/1752)
synthetic_005421/posterior_std.pt
         232019 100%  130.07MB/s   00:00:00 (xfer#1026, to-check=1197/1752)
synthetic_005421/posterior_variance.pt
         232054 100%   10.24MB/s   00:00:00 (xfer#1027, to-check=1198/1752)
synthetic_005422/
synthetic_005422/composite_mean.pt
         232026 100%   34.86MB/s   00:00:00 (xfer#1028, to-check=1200/1752)
synthetic_005422/metadata.json
           1799 100%   31.84MB/s   00:00:00 (xfer#1029, to-check=1201/1752)
synthetic_005422/posterior_mean.pt
         232026 100%    3.66MB/s   00:00:00 (xfer#1030, to-check=1202/1752)
synthetic_005422/posterior_samples.pt
        4194304  17%    7.48MB/s   00:00:02
        7995392  32%    6.83MB/s   00:00:02
       12320768  50%    8.23MB/s   00:00:01
       15728640  64%    6.18MB/s   00:00:01
       20447232  83%    8.84MB/s   00:00:00
       24657317 100%    7.62MB/s   00:00:03 (xfer#1031, to-check=1203/1752)
synthetic_005422/posterior_std.pt
         232019 100%  118.26MB/s   00:00:00 (xfer#1032, to-check=1204/1752)
synthetic_005422/posterior_variance.pt
         232054 100%   10.01MB/s   00:00:00 (xfer#1033, to-check=1205/1752)
synthetic_005423/
synthetic_005423/composite_mean.pt
         232026 100%   29.90MB/s   00:00:00 (xfer#1034, to-check=1207/1752)
synthetic_005423/metadata.json
           1799 100%   29.13MB/s   00:00:00 (xfer#1035, to-check=1208/1752)
synthetic_005423/posterior_mean.pt
         232026 100%    5.46MB/s   00:00:00 (xfer#1036, to-check=1209/1752)
synthetic_005423/posterior_samples.pt
        4685824  19%    8.72MB/s   00:00:02
        9404416  38%    8.52MB/s   00:00:01
       13991936  57%    8.71MB/s   00:00:01
       18579456  75%    8.07MB/s   00:00:00
       23429120  95%    8.96MB/s   00:00:00
       24657317 100%    8.50MB/s   00:00:02 (xfer#1037, to-check=1210/1752)
synthetic_005423/posterior_std.pt
         232019 100%  185.32MB/s   00:00:00 (xfer#1038, to-check=1211/1752)
synthetic_005423/posterior_variance.pt
         232054 100%   18.05MB/s   00:00:00 (xfer#1039, to-check=1212/1752)
synthetic_005424/
synthetic_005424/composite_mean.pt
         232026 100%    9.40MB/s   00:00:00 (xfer#1040, to-check=1214/1752)
synthetic_005424/metadata.json
           1798 100%   22.90MB/s   00:00:00 (xfer#1041, to-check=1215/1752)
synthetic_005424/posterior_mean.pt
         232026 100%   46.78MB/s   00:00:00 (xfer#1042, to-check=1216/1752)
synthetic_005424/posterior_samples.pt
        4358144  18%    8.08MB/s   00:00:02
        8683520  35%    7.71MB/s   00:00:01
       10878976  44%    3.58MB/s   00:00:03
       11796480  48%    1.64MB/s   00:00:07
       12713984  52%    1.50MB/s   00:00:07
       13631488  55%    1.74MB/s   00:00:06
       14352384  58%    1.31MB/s   00:00:07
       15269888  62%    1.51MB/s   00:00:05
       16187392  66%    1.65MB/s   00:00:04
       17235968  70%    1.82MB/s   00:00:03
       18153472  74%    1.66MB/s   00:00:03
       19070976  77%    1.74MB/s   00:00:03
       19988480  81%    1.68MB/s   00:00:02
       21037056  85%    1.98MB/s   00:00:01
       22216704  90%    2.16MB/s   00:00:01
       23527424  95%    2.38MB/s   00:00:00
       24657317 100%    2.61MB/s   00:00:08 (xfer#1043, to-check=1217/1752)
synthetic_005424/posterior_std.pt
         232019 100%   10.06MB/s   00:00:00 (xfer#1044, to-check=1218/1752)
synthetic_005424/posterior_variance.pt
         232054 100%    1.79MB/s   00:00:00 (xfer#1045, to-check=1219/1752)
synthetic_005425/
synthetic_005425/composite_mean.pt
         232026 100%    3.25MB/s   00:00:00 (xfer#1046, to-check=1221/1752)
synthetic_005425/metadata.json
           1798 100%    4.66MB/s   00:00:00 (xfer#1047, to-check=1222/1752)
synthetic_005425/posterior_mean.pt
         232026 100%    1.77MB/s   00:00:00 (xfer#1048, to-check=1223/1752)
synthetic_005425/posterior_samples.pt
        1671168   7%    2.89MB/s   00:00:07
        3244032  13%    2.89MB/s   00:00:07
        4947968  20%    3.25MB/s   00:00:05
        6389760  26%    2.71MB/s   00:00:06
        8355840  34%    3.47MB/s   00:00:04
       10321920  42%    3.45MB/s   00:00:03
       12288000  50%    3.69MB/s   00:00:03
       14090240  57%    3.33MB/s   00:00:03
       15794176  64%    3.21MB/s   00:00:02
       17760256  72%    3.53MB/s   00:00:01
       19398656  79%    3.06MB/s   00:00:01
       20578304  83%    2.01MB/s   00:00:01
       22020096  89%    2.62MB/s   00:00:00
       23592960  96%    2.97MB/s   00:00:00
       24657317 100%    3.06MB/s   00:00:07 (xfer#1049, to-check=1224/1752)
synthetic_005425/posterior_std.pt
         232019 100%    2.61MB/s   00:00:00 (xfer#1050, to-check=1225/1752)
synthetic_005425/posterior_variance.pt
         232054 100%    2.56MB/s   00:00:00 (xfer#1051, to-check=1226/1752)
synthetic_005426/
synthetic_005426/composite_mean.pt
         232026 100%    6.33MB/s   00:00:00 (xfer#1052, to-check=1228/1752)
synthetic_005426/metadata.json
           1798 100%   10.27MB/s   00:00:00 (xfer#1053, to-check=1229/1752)
synthetic_005426/posterior_mean.pt
         232026 100%    2.53MB/s   00:00:00 (xfer#1054, to-check=1230/1752)
synthetic_005426/posterior_samples.pt
        1671168   7%    3.02MB/s   00:00:07
        3244032  13%    2.90MB/s   00:00:07
        5079040  21%    3.19MB/s   00:00:05
        6782976  28%    2.93MB/s   00:00:05
        8880128  36%    3.66MB/s   00:00:04
       10977280  45%    3.73MB/s   00:00:03
       12812288  52%    3.48MB/s   00:00:03
       15040512  61%    4.14MB/s   00:00:02
       17399808  71%    4.45MB/s   00:00:01
       19759104  80%    4.39MB/s   00:00:01
       22380544  91%    4.68MB/s   00:00:00
       24657317 100%    3.73MB/s   00:00:06 (xfer#1055, to-check=1231/1752)
synthetic_005426/posterior_std.pt
         232019 100%    6.84MB/s   00:00:00 (xfer#1056, to-check=1232/1752)
synthetic_005426/posterior_variance.pt
         232054 100%    3.63MB/s   00:00:00 (xfer#1057, to-check=1233/1752)
synthetic_005427/
synthetic_005427/composite_mean.pt
         232026 100%    4.10MB/s   00:00:00 (xfer#1058, to-check=1235/1752)
synthetic_005427/metadata.json
           1799 100%    6.40MB/s   00:00:00 (xfer#1059, to-check=1236/1752)
synthetic_005427/posterior_mean.pt
         232026 100%   40.98MB/s   00:00:00 (xfer#1060, to-check=1237/1752)
synthetic_005427/posterior_samples.pt
        2654208  11%    4.78MB/s   00:00:04
        5668864  23%    5.40MB/s   00:00:03
        8683520  35%    5.44MB/s   00:00:02
       11567104  47%    5.47MB/s   00:00:02
       14974976  61%    6.29MB/s   00:00:01
       18776064  76%    6.10MB/s   00:00:00
       22315008  91%    6.65MB/s   00:00:00
       24657317 100%    5.85MB/s   00:00:04 (xfer#1061, to-check=1238/1752)
synthetic_005427/posterior_std.pt
         232019 100%  116.52MB/s   00:00:00 (xfer#1062, to-check=1239/1752)
synthetic_005427/posterior_variance.pt
         232054 100%  145.22MB/s   00:00:00 (xfer#1063, to-check=1240/1752)
synthetic_005428/
synthetic_005428/composite_mean.pt
         232026 100%    8.58MB/s   00:00:00 (xfer#1064, to-check=1242/1752)
synthetic_005428/metadata.json
           1799 100%   24.90MB/s   00:00:00 (xfer#1065, to-check=1243/1752)
synthetic_005428/posterior_mean.pt
         232026 100%   21.96MB/s   00:00:00 (xfer#1066, to-check=1244/1752)
synthetic_005428/posterior_samples.pt
        4521984  18%    8.03MB/s   00:00:02
       10289152  42%   10.75MB/s   00:00:01
       14090240  57%    7.19MB/s   00:00:01
       18808832  76%    8.97MB/s   00:00:00
       23789568  96%    9.00MB/s   00:00:00
       24657317 100%    8.76MB/s   00:00:02 (xfer#1067, to-check=1245/1752)
synthetic_005428/posterior_std.pt
         232019 100%   95.13MB/s   00:00:00 (xfer#1068, to-check=1246/1752)
synthetic_005428/posterior_variance.pt
         232054 100%   13.15MB/s   00:00:00 (xfer#1069, to-check=1247/1752)
synthetic_005429/
synthetic_005429/composite_mean.pt
         232026 100%    6.17MB/s   00:00:00 (xfer#1070, to-check=1249/1752)
synthetic_005429/metadata.json
           1799 100%   22.63MB/s   00:00:00 (xfer#1071, to-check=1250/1752)
synthetic_005429/posterior_mean.pt
         232026 100%    8.91MB/s   00:00:00 (xfer#1072, to-check=1251/1752)
synthetic_005429/posterior_samples.pt
        5242880  21%    9.81MB/s   00:00:01
        9961472  40%    8.92MB/s   00:00:01
       15073280  61%    9.42MB/s   00:00:00
       20709376  84%   10.42MB/s   00:00:00
       24657317 100%    9.52MB/s   00:00:02 (xfer#1073, to-check=1252/1752)
synthetic_005429/posterior_std.pt
         232019 100%   83.15MB/s   00:00:00 (xfer#1074, to-check=1253/1752)
synthetic_005429/posterior_variance.pt
         232054 100%    3.00MB/s   00:00:00 (xfer#1075, to-check=1254/1752)
synthetic_005430/
synthetic_005430/composite_mean.pt
         232026 100%   46.39MB/s   00:00:00 (xfer#1076, to-check=1256/1752)
synthetic_005430/metadata.json
           1798 100%   23.20MB/s   00:00:00 (xfer#1077, to-check=1257/1752)
synthetic_005430/posterior_mean.pt
         232026 100%    3.65MB/s   00:00:00 (xfer#1078, to-check=1258/1752)
synthetic_005430/posterior_samples.pt
        3899392  16%    7.36MB/s   00:00:02
        8192000  33%    7.71MB/s   00:00:02
       12910592  52%    8.69MB/s   00:00:01
       17498112  71%    8.51MB/s   00:00:00
       19464192  79%    3.55MB/s   00:00:01
       23134208  94%    6.22MB/s   00:00:00
       24657317 100%    6.92MB/s   00:00:03 (xfer#1079, to-check=1259/1752)
synthetic_005430/posterior_std.pt
         232019 100%  159.99MB/s   00:00:00 (xfer#1080, to-check=1260/1752)
synthetic_005430/posterior_variance.pt
         232054 100%   11.77MB/s   00:00:00 (xfer#1081, to-check=1261/1752)
synthetic_005431/
synthetic_005431/composite_mean.pt
         232026 100%    4.56MB/s   00:00:00 (xfer#1082, to-check=1263/1752)
synthetic_005431/metadata.json
           1799 100%   12.90MB/s   00:00:00 (xfer#1083, to-check=1264/1752)
synthetic_005431/posterior_mean.pt
         232026 100%   48.75MB/s   00:00:00 (xfer#1084, to-check=1265/1752)
synthetic_005431/posterior_samples.pt
        3702784  15%    6.99MB/s   00:00:02
        7372800  30%    6.99MB/s   00:00:02
       11304960  46%    7.33MB/s   00:00:01
       15204352  62%    7.34MB/s   00:00:01
       19136512  78%    6.01MB/s   00:00:00
       22806528  92%    6.99MB/s   00:00:00
       24657317 100%    6.89MB/s   00:00:03 (xfer#1085, to-check=1266/1752)
synthetic_005431/posterior_std.pt
         232019 100%   78.77MB/s   00:00:00 (xfer#1086, to-check=1267/1752)
synthetic_005431/posterior_variance.pt
         232054 100%   41.23MB/s   00:00:00 (xfer#1087, to-check=1268/1752)
synthetic_005432/
synthetic_005432/composite_mean.pt
         232026 100%    9.52MB/s   00:00:00 (xfer#1088, to-check=1270/1752)
synthetic_005432/metadata.json
           1799 100%   25.98MB/s   00:00:00 (xfer#1089, to-check=1271/1752)
synthetic_005432/posterior_mean.pt
         232026 100%    5.38MB/s   00:00:00 (xfer#1090, to-check=1272/1752)
synthetic_005432/posterior_samples.pt
        3047424  12%    5.79MB/s   00:00:03
        7110656  29%    7.19MB/s   00:00:02
       11042816  45%    7.40MB/s   00:00:01
       15368192  62%    7.86MB/s   00:00:01
       18907136  77%    6.59MB/s   00:00:00
       23101440  94%    7.94MB/s   00:00:00
       24657317 100%    7.04MB/s   00:00:03 (xfer#1091, to-check=1273/1752)
synthetic_005432/posterior_std.pt
         232019 100%   80.58MB/s   00:00:00 (xfer#1092, to-check=1274/1752)
synthetic_005432/posterior_variance.pt
         232054 100%  209.58MB/s   00:00:00 (xfer#1093, to-check=1275/1752)
synthetic_005433/
synthetic_005433/composite_mean.pt
         232026 100%    9.38MB/s   00:00:00 (xfer#1094, to-check=1277/1752)
synthetic_005433/metadata.json
           1799 100%   24.81MB/s   00:00:00 (xfer#1095, to-check=1278/1752)
synthetic_005433/posterior_mean.pt
         232026 100%   22.32MB/s   00:00:00 (xfer#1096, to-check=1279/1752)
synthetic_005433/posterior_samples.pt
        4227072  17%    8.06MB/s   00:00:02
        8814592  36%    8.06MB/s   00:00:01
       13402112  54%    8.74MB/s   00:00:01
       18120704  73%    8.70MB/s   00:00:00
       22708224  92%    8.11MB/s   00:00:00
       24657317 100%    8.33MB/s   00:00:02 (xfer#1097, to-check=1280/1752)
synthetic_005433/posterior_std.pt
         232019 100%   14.48MB/s   00:00:00 (xfer#1098, to-check=1281/1752)
synthetic_005433/posterior_variance.pt
         232054 100%   68.71MB/s   00:00:00 (xfer#1099, to-check=1282/1752)
synthetic_005434/
synthetic_005434/composite_mean.pt
         232026 100%   40.33MB/s   00:00:00 (xfer#1100, to-check=1284/1752)
synthetic_005434/metadata.json
           1799 100%   27.15MB/s   00:00:00 (xfer#1101, to-check=1285/1752)
synthetic_005434/posterior_mean.pt
         232026 100%    4.34MB/s   00:00:00 (xfer#1102, to-check=1286/1752)
synthetic_005434/posterior_samples.pt
        5275648  21%    9.37MB/s   00:00:01
       10649600  43%    9.62MB/s   00:00:01
       15761408  64%    9.59MB/s   00:00:00
       21397504  87%   10.46MB/s   00:00:00
       24657317 100%    9.82MB/s   00:00:02 (xfer#1103, to-check=1287/1752)
synthetic_005434/posterior_std.pt
         232019 100%   76.14MB/s   00:00:00 (xfer#1104, to-check=1288/1752)
synthetic_005434/posterior_variance.pt
         232054 100%   44.00MB/s   00:00:00 (xfer#1105, to-check=1289/1752)
synthetic_005435/
synthetic_005435/composite_mean.pt
         232026 100%   24.47MB/s   00:00:00 (xfer#1106, to-check=1291/1752)
synthetic_005435/metadata.json
           1798 100%   31.13MB/s   00:00:00 (xfer#1107, to-check=1292/1752)
synthetic_005435/posterior_mean.pt
         232026 100%   10.36MB/s   00:00:00 (xfer#1108, to-check=1293/1752)
synthetic_005435/posterior_samples.pt
        5799936  24%   11.02MB/s   00:00:01
       12353536  50%   12.26MB/s   00:00:00
       19431424  79%   13.50MB/s   00:00:00
       24657317 100%   12.24MB/s   00:00:01 (xfer#1109, to-check=1294/1752)
synthetic_005435/posterior_std.pt
         232019 100%   86.74MB/s   00:00:00 (xfer#1110, to-check=1295/1752)
synthetic_005435/posterior_variance.pt
         232054 100%  171.29MB/s   00:00:00 (xfer#1111, to-check=1296/1752)
synthetic_005436/
synthetic_005436/composite_mean.pt
         232026 100%   22.38MB/s   00:00:00 (xfer#1112, to-check=1298/1752)
synthetic_005436/metadata.json
           1799 100%   24.81MB/s   00:00:00 (xfer#1113, to-check=1299/1752)
synthetic_005436/posterior_mean.pt
         232026 100%    6.88MB/s   00:00:00 (xfer#1114, to-check=1300/1752)
synthetic_005436/posterior_samples.pt
        6914048  28%   13.10MB/s   00:00:01
       13205504  54%   11.88MB/s   00:00:00
       20414464  83%   13.55MB/s   00:00:00
       24657317 100%   12.61MB/s   00:00:01 (xfer#1115, to-check=1301/1752)
synthetic_005436/posterior_std.pt
         232019 100%  103.88MB/s   00:00:00 (xfer#1116, to-check=1302/1752)
synthetic_005436/posterior_variance.pt
         232054 100%  199.92MB/s   00:00:00 (xfer#1117, to-check=1303/1752)
synthetic_005437/
synthetic_005437/composite_mean.pt
         232026 100%   12.57MB/s   00:00:00 (xfer#1118, to-check=1305/1752)
synthetic_005437/metadata.json
           1799 100%   19.50MB/s   00:00:00 (xfer#1119, to-check=1306/1752)
synthetic_005437/posterior_mean.pt
         232026 100%   19.38MB/s   00:00:00 (xfer#1120, to-check=1307/1752)
synthetic_005437/posterior_samples.pt
        3342336  14%    5.54MB/s   00:00:03
        7471104  30%    7.56MB/s   00:00:02
       14680064  60%   13.61MB/s   00:00:00
       21233664  86%   12.44MB/s   00:00:00
       24379392  99%    5.93MB/s   00:00:00
       24657317 100%    8.85MB/s   00:00:02 (xfer#1121, to-check=1308/1752)
synthetic_005437/posterior_std.pt
         232019 100%   77.26MB/s   00:00:00 (xfer#1122, to-check=1309/1752)
synthetic_005437/posterior_variance.pt
         232054 100%    5.66MB/s   00:00:00 (xfer#1123, to-check=1310/1752)
synthetic_005438/
synthetic_005438/composite_mean.pt
         232026 100%   78.22MB/s   00:00:00 (xfer#1124, to-check=1312/1752)
synthetic_005438/metadata.json
           1799 100%   18.45MB/s   00:00:00 (xfer#1125, to-check=1313/1752)
synthetic_005438/posterior_mean.pt
         232026 100%   61.13MB/s   00:00:00 (xfer#1126, to-check=1314/1752)
synthetic_005438/posterior_samples.pt
        5832704  24%   10.92MB/s   00:00:01
       10715136  43%    9.25MB/s   00:00:01
       15171584  62%    8.19MB/s   00:00:01
       20676608  84%    9.89MB/s   00:00:00
       24657317 100%    9.58MB/s   00:00:02 (xfer#1127, to-check=1315/1752)
synthetic_005438/posterior_std.pt
         232019 100%   85.86MB/s   00:00:00 (xfer#1128, to-check=1316/1752)
synthetic_005438/posterior_variance.pt
         232054 100%   16.59MB/s   00:00:00 (xfer#1129, to-check=1317/1752)
synthetic_005439/
synthetic_005439/composite_mean.pt
         232026 100%   28.67MB/s   00:00:00 (xfer#1130, to-check=1319/1752)
synthetic_005439/metadata.json
           1798 100%   28.09MB/s   00:00:00 (xfer#1131, to-check=1320/1752)
synthetic_005439/posterior_mean.pt
         232026 100%   62.85MB/s   00:00:00 (xfer#1132, to-check=1321/1752)
synthetic_005439/posterior_samples.pt
        5373952  22%    9.96MB/s   00:00:01
       10747904  44%   10.12MB/s   00:00:01
       16384000  66%   10.62MB/s   00:00:00
       21626880  88%    9.95MB/s   00:00:00
       24657317 100%    9.29MB/s   00:00:02 (xfer#1133, to-check=1322/1752)
synthetic_005439/posterior_std.pt
         232019 100%   81.78MB/s   00:00:00 (xfer#1134, to-check=1323/1752)
synthetic_005439/posterior_variance.pt
         232054 100%    6.55MB/s   00:00:00 (xfer#1135, to-check=1324/1752)
synthetic_005440/
synthetic_005440/composite_mean.pt
         232026 100%    5.89MB/s   00:00:00 (xfer#1136, to-check=1326/1752)
synthetic_005440/metadata.json
           1800 100%   20.00MB/s   00:00:00 (xfer#1137, to-check=1327/1752)
synthetic_005440/posterior_mean.pt
         232026 100%   28.16MB/s   00:00:00 (xfer#1138, to-check=1328/1752)
synthetic_005440/posterior_samples.pt
        4227072  17%    8.06MB/s   00:00:02
        8060928  33%    7.27MB/s   00:00:02
       12779520  52%    8.75MB/s   00:00:01
       15794176  64%    5.52MB/s   00:00:01
       19070976  77%    6.13MB/s   00:00:00
       22872064  93%    6.82MB/s   00:00:00
       24657317 100%    6.98MB/s   00:00:03 (xfer#1139, to-check=1329/1752)
synthetic_005440/posterior_std.pt
         232019 100%   76.22MB/s   00:00:00 (xfer#1140, to-check=1330/1752)
synthetic_005440/posterior_variance.pt
         232054 100%    8.92MB/s   00:00:00 (xfer#1141, to-check=1331/1752)
synthetic_005441/
synthetic_005441/composite_mean.pt
         232026 100%   30.90MB/s   00:00:00 (xfer#1142, to-check=1333/1752)
synthetic_005441/metadata.json
           1799 100%   24.90MB/s   00:00:00 (xfer#1143, to-check=1334/1752)
synthetic_005441/posterior_mean.pt
         232026 100%    4.20MB/s   00:00:00 (xfer#1144, to-check=1335/1752)
synthetic_005441/posterior_samples.pt
        3964928  16%    7.13MB/s   00:00:02
        7634944  31%    6.96MB/s   00:00:02
       11698176  47%    7.71MB/s   00:00:01
       15630336  63%    7.40MB/s   00:00:01
       19562496  79%    7.13MB/s   00:00:00
       23232512  94%    6.95MB/s   00:00:00
       24657317 100%    7.16MB/s   00:00:03 (xfer#1145, to-check=1336/1752)
synthetic_005441/posterior_std.pt
         232019 100%   12.54MB/s   00:00:00 (xfer#1146, to-check=1337/1752)
synthetic_005441/posterior_variance.pt
         232054 100%   24.99MB/s   00:00:00 (xfer#1147, to-check=1338/1752)
synthetic_005442/
synthetic_005442/composite_mean.pt
         232026 100%   14.17MB/s   00:00:00 (xfer#1148, to-check=1340/1752)
synthetic_005442/metadata.json
           1798 100%   23.50MB/s   00:00:00 (xfer#1149, to-check=1341/1752)
synthetic_005442/posterior_mean.pt
         232026 100%    4.13MB/s   00:00:00 (xfer#1150, to-check=1342/1752)
synthetic_005442/posterior_samples.pt
        2949120  12%    5.62MB/s   00:00:03
        5996544  24%    5.55MB/s   00:00:03
        9404416  38%    6.17MB/s   00:00:02
       12943360  52%    6.68MB/s   00:00:01
       16482304  67%    6.57MB/s   00:00:01
       20021248  81%    6.74MB/s   00:00:00
       23429120  95%    6.18MB/s   00:00:00
       24657317 100%    6.24MB/s   00:00:03 (xfer#1151, to-check=1343/1752)
synthetic_005442/posterior_std.pt
         232019 100%    9.76MB/s   00:00:00 (xfer#1152, to-check=1344/1752)
synthetic_005442/posterior_variance.pt
         232054 100%    9.33MB/s   00:00:00 (xfer#1153, to-check=1345/1752)
synthetic_005443/
synthetic_005443/composite_mean.pt
         232026 100%    6.22MB/s   00:00:00 (xfer#1154, to-check=1347/1752)
synthetic_005443/metadata.json
           1799 100%   20.21MB/s   00:00:00 (xfer#1155, to-check=1348/1752)
synthetic_005443/posterior_mean.pt
         232026 100%  100.57MB/s   00:00:00 (xfer#1156, to-check=1349/1752)
synthetic_005443/posterior_samples.pt
        3801088  15%    7.17MB/s   00:00:02
        7733248  31%    7.28MB/s   00:00:02
       11796480  48%    7.40MB/s   00:00:01
       15859712  64%    7.51MB/s   00:00:01
       19922944  81%    7.55MB/s   00:00:00
       23986176  97%    7.67MB/s   00:00:00
       24657317 100%    7.32MB/s   00:00:03 (xfer#1157, to-check=1350/1752)
synthetic_005443/posterior_std.pt
         232019 100%   79.00MB/s   00:00:00 (xfer#1158, to-check=1351/1752)
synthetic_005443/posterior_variance.pt
         232054 100%    8.79MB/s   00:00:00 (xfer#1159, to-check=1352/1752)
synthetic_005444/
synthetic_005444/composite_mean.pt
         232026 100%   90.17MB/s   00:00:00 (xfer#1160, to-check=1354/1752)
synthetic_005444/metadata.json
           1800 100%   31.17MB/s   00:00:00 (xfer#1161, to-check=1355/1752)
synthetic_005444/posterior_mean.pt
         232026 100%    3.69MB/s   00:00:00 (xfer#1162, to-check=1356/1752)
synthetic_005444/posterior_samples.pt
        3309568  13%    6.10MB/s   00:00:03
        6356992  26%    4.87MB/s   00:00:03
        8847360  36%    4.67MB/s   00:00:03
       12124160  49%    6.17MB/s   00:00:01
       15663104  64%    6.69MB/s   00:00:01
       19202048  78%    6.33MB/s   00:00:00
       23003136  93%    7.22MB/s   00:00:00
       24657317 100%    5.97MB/s   00:00:03 (xfer#1163, to-check=1357/1752)
synthetic_005444/posterior_std.pt
         232019 100%   77.29MB/s   00:00:00 (xfer#1164, to-check=1358/1752)
synthetic_005444/posterior_variance.pt
         232054 100%   13.37MB/s   00:00:00 (xfer#1165, to-check=1359/1752)
synthetic_005445/
synthetic_005445/composite_mean.pt
         232026 100%   18.24MB/s   00:00:00 (xfer#1166, to-check=1361/1752)
synthetic_005445/metadata.json
           1798 100%   25.24MB/s   00:00:00 (xfer#1167, to-check=1362/1752)
synthetic_005445/posterior_mean.pt
         232026 100%    4.36MB/s   00:00:00 (xfer#1168, to-check=1363/1752)
synthetic_005445/posterior_samples.pt
        4063232  16%    7.35MB/s   00:00:02
        7864320  32%    6.77MB/s   00:00:02
       11796480  48%    7.45MB/s   00:00:01
       15859712  64%    7.75MB/s   00:00:01
       19660800  80%    6.99MB/s   00:00:00
       23855104  97%    7.71MB/s   00:00:00
       24657317 100%    7.23MB/s   00:00:03 (xfer#1169, to-check=1364/1752)
synthetic_005445/posterior_std.pt
         232019 100%   68.76MB/s   00:00:00 (xfer#1170, to-check=1365/1752)
synthetic_005445/posterior_variance.pt
         232054 100%    7.46MB/s   00:00:00 (xfer#1171, to-check=1366/1752)
synthetic_005446/
synthetic_005446/composite_mean.pt
         232026 100%   41.85MB/s   00:00:00 (xfer#1172, to-check=1368/1752)
synthetic_005446/metadata.json
           1798 100%   20.67MB/s   00:00:00 (xfer#1173, to-check=1369/1752)
synthetic_005446/posterior_mean.pt
         232026 100%    7.58MB/s   00:00:00 (xfer#1174, to-check=1370/1752)
synthetic_005446/posterior_samples.pt
        3932160  16%    7.17MB/s   00:00:02
        6356992  26%    4.62MB/s   00:00:03
        9240576  37%    4.89MB/s   00:00:03
       10944512  44%    3.21MB/s   00:00:04
       13172736  53%    3.99MB/s   00:00:02
       15663104  64%    4.72MB/s   00:00:01
       18022400  73%    4.34MB/s   00:00:01
       20611072  84%    4.94MB/s   00:00:00
       23003136  93%    4.37MB/s   00:00:00
       24657317 100%    4.65MB/s   00:00:05 (xfer#1175, to-check=1371/1752)
synthetic_005446/posterior_std.pt
         232019 100%   78.58MB/s   00:00:00 (xfer#1176, to-check=1372/1752)
synthetic_005446/posterior_variance.pt
         232054 100%    8.95MB/s   00:00:00 (xfer#1177, to-check=1373/1752)
synthetic_005447/
synthetic_005447/composite_mean.pt
         232026 100%    4.15MB/s   00:00:00 (xfer#1178, to-check=1375/1752)
synthetic_005447/metadata.json
           1799 100%   22.92MB/s   00:00:00 (xfer#1179, to-check=1376/1752)
synthetic_005447/posterior_mean.pt
         232026 100%    3.52MB/s   00:00:00 (xfer#1180, to-check=1377/1752)
synthetic_005447/posterior_samples.pt
        2392064  10%    4.52MB/s   00:00:04
        4521984  18%    3.78MB/s   00:00:05
        6488064  26%    3.67MB/s   00:00:04
        8454144  34%    3.66MB/s   00:00:04
       10551296  43%    3.86MB/s   00:00:03
       12779520  52%    3.93MB/s   00:00:02
       15007744  61%    4.23MB/s   00:00:02
       17235968  70%    4.00MB/s   00:00:01
       19464192  79%    3.90MB/s   00:00:01
       21692416  88%    3.88MB/s   00:00:00
       24051712  98%    4.42MB/s   00:00:00
       24657317 100%    3.97MB/s   00:00:05 (xfer#1181, to-check=1378/1752)
synthetic_005447/posterior_std.pt
         232019 100%   68.02MB/s   00:00:00 (xfer#1182, to-check=1379/1752)
synthetic_005447/posterior_variance.pt
         232054 100%    5.55MB/s   00:00:00 (xfer#1183, to-check=1380/1752)
synthetic_005448/
synthetic_005448/composite_mean.pt
         232026 100%    4.89MB/s   00:00:00 (xfer#1184, to-check=1382/1752)
synthetic_005448/metadata.json
           1798 100%   18.63MB/s   00:00:00 (xfer#1185, to-check=1383/1752)
synthetic_005448/posterior_mean.pt
         232026 100%    4.11MB/s   00:00:00 (xfer#1186, to-check=1384/1752)
synthetic_005448/posterior_samples.pt
        2621440  11%    4.70MB/s   00:00:04
        5111808  21%    4.70MB/s   00:00:03
        7733248  31%    4.94MB/s   00:00:03
       10354688  42%    4.88MB/s   00:00:02
       12976128  53%    4.83MB/s   00:00:02
       15466496  63%    4.69MB/s   00:00:01
       18350080  74%    5.24MB/s   00:00:01
       21364736  87%    5.54MB/s   00:00:00
       24117248  98%    5.19MB/s   00:00:00
       24657317 100%    4.91MB/s   00:00:04 (xfer#1187, to-check=1385/1752)
synthetic_005448/posterior_std.pt
         232019 100%   68.98MB/s   00:00:00 (xfer#1188, to-check=1386/1752)
synthetic_005448/posterior_variance.pt
         232054 100%    8.11MB/s   00:00:00 (xfer#1189, to-check=1387/1752)
synthetic_005449/
synthetic_005449/composite_mean.pt
         232026 100%   16.43MB/s   00:00:00 (xfer#1190, to-check=1389/1752)
synthetic_005449/metadata.json
           1798 100%   22.55MB/s   00:00:00 (xfer#1191, to-check=1390/1752)
synthetic_005449/posterior_mean.pt
         232026 100%    4.16MB/s   00:00:00 (xfer#1192, to-check=1391/1752)
synthetic_005449/posterior_samples.pt
        3145728  13%    5.74MB/s   00:00:03
        6553600  27%    6.25MB/s   00:00:02
        9830400  40%    6.24MB/s   00:00:02
       13107200  53%    6.15MB/s   00:00:01
       17301504  70%    7.87MB/s   00:00:00
       21889024  89%    8.71MB/s   00:00:00
       24657317 100%    6.82MB/s   00:00:03 (xfer#1193, to-check=1392/1752)
synthetic_005449/posterior_std.pt
         232019 100%   81.18MB/s   00:00:00 (xfer#1194, to-check=1393/1752)
synthetic_005449/posterior_variance.pt
         232054 100%  212.99MB/s   00:00:00 (xfer#1195, to-check=1394/1752)
synthetic_005450/
synthetic_005450/composite_mean.pt
         232026 100%    7.28MB/s   00:00:00 (xfer#1196, to-check=1396/1752)
synthetic_005450/metadata.json
           1799 100%   25.61MB/s   00:00:00 (xfer#1197, to-check=1397/1752)
synthetic_005450/posterior_mean.pt
         232026 100%    2.44MB/s   00:00:00 (xfer#1198, to-check=1398/1752)
synthetic_005450/posterior_samples.pt
        3407872  14%    6.45MB/s   00:00:03
        7077888  29%    6.91MB/s   00:00:02
       11534336  47%    8.18MB/s   00:00:01
       15859712  64%    8.19MB/s   00:00:01
       20447232  83%    7.72MB/s   00:00:00
       23035904  93%    4.57MB/s   00:00:00
       24657317 100%    6.68MB/s   00:00:03 (xfer#1199, to-check=1399/1752)
synthetic_005450/posterior_std.pt
         232019 100%    6.21MB/s   00:00:00 (xfer#1200, to-check=1400/1752)
synthetic_005450/posterior_variance.pt
         232054 100%    3.75MB/s   00:00:00 (xfer#1201, to-check=1401/1752)
synthetic_005451/
synthetic_005451/composite_mean.pt
         232026 100%    3.77MB/s   00:00:00 (xfer#1202, to-check=1403/1752)
synthetic_005451/metadata.json
           1800 100%    4.68MB/s   00:00:00 (xfer#1203, to-check=1404/1752)
synthetic_005451/posterior_mean.pt
         232026 100%    8.08MB/s   00:00:00 (xfer#1204, to-check=1405/1752)
synthetic_005451/posterior_samples.pt
        2785280  11%    4.79MB/s   00:00:04
        5799936  24%    5.45MB/s   00:00:03
        8912896  36%    5.87MB/s   00:00:02
       11927552  48%    5.73MB/s   00:00:02
       14680064  60%    5.08MB/s   00:00:01
       17563648  71%    5.46MB/s   00:00:01
       20709376  84%    5.86MB/s   00:00:00
       23855104  97%    5.58MB/s   00:00:00
       24657317 100%    5.44MB/s   00:00:04 (xfer#1205, to-check=1406/1752)
synthetic_005451/posterior_std.pt
         232019 100%   25.71MB/s   00:00:00 (xfer#1206, to-check=1407/1752)
synthetic_005451/posterior_variance.pt
         232054 100%    9.76MB/s   00:00:00 (xfer#1207, to-check=1408/1752)
synthetic_005452/
synthetic_005452/composite_mean.pt
         232026 100%    5.62MB/s   00:00:00 (xfer#1208, to-check=1410/1752)
synthetic_005452/metadata.json
           1799 100%   19.50MB/s   00:00:00 (xfer#1209, to-check=1411/1752)
synthetic_005452/posterior_mean.pt
         232026 100%    8.51MB/s   00:00:00 (xfer#1210, to-check=1412/1752)
synthetic_005452/posterior_samples.pt
        2883584  12%    5.44MB/s   00:00:03
        6160384  25%    5.94MB/s   00:00:02
        9306112  38%    5.85MB/s   00:00:02
       12517376  51%    5.05MB/s   00:00:02
       15138816  61%    4.66MB/s   00:00:01
       17825792  72%    5.12MB/s   00:00:01
       20905984  85%    5.48MB/s   00:00:00
       23789568  96%    5.43MB/s   00:00:00
       24657317 100%    5.36MB/s   00:00:04 (xfer#1211, to-check=1413/1752)
synthetic_005452/posterior_std.pt
         232019 100%   72.03MB/s   00:00:00 (xfer#1212, to-check=1414/1752)
synthetic_005452/posterior_variance.pt
         232054 100%   10.40MB/s   00:00:00 (xfer#1213, to-check=1415/1752)
synthetic_005453/
synthetic_005453/composite_mean.pt
         232026 100%    4.24MB/s   00:00:00 (xfer#1214, to-check=1417/1752)
synthetic_005453/metadata.json
           1799 100%   21.74MB/s   00:00:00 (xfer#1215, to-check=1418/1752)
synthetic_005453/posterior_mean.pt
         232026 100%   23.40MB/s   00:00:00 (xfer#1216, to-check=1419/1752)
synthetic_005453/posterior_samples.pt
        3145728  13%    5.57MB/s   00:00:03
        4980736  20%    3.44MB/s   00:00:05
        7077888  29%    3.81MB/s   00:00:04
        9797632  40%    5.19MB/s   00:00:02
       12320768  50%    4.53MB/s   00:00:02
       14942208  61%    4.99MB/s   00:00:01
       17825792  72%    5.33MB/s   00:00:01
       20578304  83%    5.11MB/s   00:00:00
       23330816  95%    5.12MB/s   00:00:00
       24657317 100%    4.74MB/s   00:00:04 (xfer#1217, to-check=1420/1752)
synthetic_005453/posterior_std.pt
         232019 100%   12.47MB/s   00:00:00 (xfer#1218, to-check=1421/1752)
synthetic_005453/posterior_variance.pt
         232054 100%   17.25MB/s   00:00:00 (xfer#1219, to-check=1422/1752)
synthetic_005454/
synthetic_005454/composite_mean.pt
         232026 100%    4.07MB/s   00:00:00 (xfer#1220, to-check=1424/1752)
synthetic_005454/metadata.json
           1798 100%   21.15MB/s   00:00:00 (xfer#1221, to-check=1425/1752)
synthetic_005454/posterior_mean.pt
         232026 100%    5.06MB/s   00:00:00 (xfer#1222, to-check=1426/1752)
synthetic_005454/posterior_samples.pt
        1998848   8%    3.62MB/s   00:00:05
        4096000  17%    3.96MB/s   00:00:04
        6586368  27%    4.67MB/s   00:00:03
        9207808  37%    4.91MB/s   00:00:03
       11829248  48%    4.79MB/s   00:00:02
       14319616  58%    4.72MB/s   00:00:02
       16875520  68%    4.87MB/s   00:00:01
       19562496  79%    4.99MB/s   00:00:00
       22315008  91%    5.16MB/s   00:00:00
       24657317 100%    4.65MB/s   00:00:05 (xfer#1223, to-check=1427/1752)
synthetic_005454/posterior_std.pt
         232019 100%   79.54MB/s   00:00:00 (xfer#1224, to-check=1428/1752)
synthetic_005454/posterior_variance.pt
         232054 100%    8.63MB/s   00:00:00 (xfer#1225, to-check=1429/1752)
synthetic_005455/
synthetic_005455/composite_mean.pt
         232026 100%    4.40MB/s   00:00:00 (xfer#1226, to-check=1431/1752)
synthetic_005455/metadata.json
           1799 100%   19.77MB/s   00:00:00 (xfer#1227, to-check=1432/1752)
synthetic_005455/posterior_mean.pt
         232026 100%    3.92MB/s   00:00:00 (xfer#1228, to-check=1433/1752)
synthetic_005455/posterior_samples.pt
        2785280  11%    5.19MB/s   00:00:04
        5668864  23%    5.45MB/s   00:00:03
        8552448  35%    5.28MB/s   00:00:02
       11567104  47%    5.51MB/s   00:00:02
       14319616  58%    5.03MB/s   00:00:01
       17072128  69%    4.81MB/s   00:00:01
       20348928  83%    6.19MB/s   00:00:00
       23494656  95%    5.48MB/s   00:00:00
       24657317 100%    5.35MB/s   00:00:04 (xfer#1229, to-check=1434/1752)
synthetic_005455/posterior_std.pt
         232019 100%   77.45MB/s   00:00:00 (xfer#1230, to-check=1435/1752)
synthetic_005455/posterior_variance.pt
         232054 100%   10.52MB/s   00:00:00 (xfer#1231, to-check=1436/1752)
synthetic_005456/
synthetic_005456/composite_mean.pt
         232026 100%    7.62MB/s   00:00:00 (xfer#1232, to-check=1438/1752)
synthetic_005456/metadata.json
           1799 100%    6.97MB/s   00:00:00 (xfer#1233, to-check=1439/1752)
synthetic_005456/posterior_mean.pt
         232026 100%    4.20MB/s   00:00:00 (xfer#1234, to-check=1440/1752)
synthetic_005456/posterior_samples.pt
        3178496  13%    6.05MB/s   00:00:03
        6455296  26%    5.90MB/s   00:00:02
        9994240  41%    6.56MB/s   00:00:02
       13402112  54%    6.09MB/s   00:00:01
       17072128  69%    6.78MB/s   00:00:01
       20873216  85%    7.18MB/s   00:00:00
       24657317 100%    6.56MB/s   00:00:03 (xfer#1235, to-check=1441/1752)
synthetic_005456/posterior_std.pt
         232019 100%  113.76MB/s   00:00:00 (xfer#1236, to-check=1442/1752)
synthetic_005456/posterior_variance.pt
         232054 100%   14.95MB/s   00:00:00 (xfer#1237, to-check=1443/1752)
synthetic_005457/
synthetic_005457/composite_mean.pt
         232026 100%    3.31MB/s   00:00:00 (xfer#1238, to-check=1445/1752)
synthetic_005457/metadata.json
           1798 100%   23.81MB/s   00:00:00 (xfer#1239, to-check=1446/1752)
synthetic_005457/posterior_mean.pt
         232026 100%   59.37MB/s   00:00:00 (xfer#1240, to-check=1447/1752)
synthetic_005457/posterior_samples.pt
        4292608  17%    8.15MB/s   00:00:02
        9273344  38%    9.28MB/s   00:00:01
       14647296  59%    9.84MB/s   00:00:00
       20545536  83%   11.20MB/s   00:00:00
       24657317 100%    9.84MB/s   00:00:02 (xfer#1241, to-check=1448/1752)
synthetic_005457/posterior_std.pt
         232019 100%   76.67MB/s   00:00:00 (xfer#1242, to-check=1449/1752)
synthetic_005457/posterior_variance.pt
         232054 100%  206.64MB/s   00:00:00 (xfer#1243, to-check=1450/1752)
synthetic_005458/
synthetic_005458/composite_mean.pt
         232026 100%   14.16MB/s   00:00:00 (xfer#1244, to-check=1452/1752)
synthetic_005458/metadata.json
           1798 100%   21.40MB/s   00:00:00 (xfer#1245, to-check=1453/1752)
synthetic_005458/posterior_mean.pt
         232026 100%   25.93MB/s   00:00:00 (xfer#1246, to-check=1454/1752)
synthetic_005458/posterior_samples.pt
        5472256  22%   10.43MB/s   00:00:01
       12288000  50%   12.99MB/s   00:00:00
       19496960  79%   13.62MB/s   00:00:00
       24657317 100%   12.25MB/s   00:00:01 (xfer#1247, to-check=1455/1752)
synthetic_005458/posterior_std.pt
         232019 100%  121.78MB/s   00:00:00 (xfer#1248, to-check=1456/1752)
synthetic_005458/posterior_variance.pt
         232054 100%   47.35MB/s   00:00:00 (xfer#1249, to-check=1457/1752)
synthetic_005459/
synthetic_005459/composite_mean.pt
         232026 100%   27.54MB/s   00:00:00 (xfer#1250, to-check=1459/1752)
synthetic_005459/metadata.json
           1800 100%   39.13MB/s   00:00:00 (xfer#1251, to-check=1460/1752)
synthetic_005459/posterior_mean.pt
         232026 100%    9.51MB/s   00:00:00 (xfer#1252, to-check=1461/1752)
synthetic_005459/posterior_samples.pt
        6717440  27%   12.81MB/s   00:00:01
       13434880  54%   12.63MB/s   00:00:00
       18153472  74%    8.90MB/s   00:00:00
       24657317 100%   11.88MB/s   00:00:01 (xfer#1253, to-check=1462/1752)
synthetic_005459/posterior_std.pt
         232019 100%   78.63MB/s   00:00:00 (xfer#1254, to-check=1463/1752)
synthetic_005459/posterior_variance.pt
         232054 100%  179.47MB/s   00:00:00 (xfer#1255, to-check=1464/1752)
synthetic_005460/
synthetic_005460/composite_mean.pt
         232026 100%   10.22MB/s   00:00:00 (xfer#1256, to-check=1466/1752)
synthetic_005460/metadata.json
           1798 100%   27.24MB/s   00:00:00 (xfer#1257, to-check=1467/1752)
synthetic_005460/posterior_mean.pt
         232026 100%   40.01MB/s   00:00:00 (xfer#1258, to-check=1468/1752)
synthetic_005460/posterior_samples.pt
        4587520  19%    8.46MB/s   00:00:02
       10485760  43%   11.19MB/s   00:00:01
       16777216  68%   11.30MB/s   00:00:00
       23461888  95%   12.60MB/s   00:00:00
       24657317 100%   10.73MB/s   00:00:02 (xfer#1259, to-check=1469/1752)
synthetic_005460/posterior_std.pt
         232019 100%   78.99MB/s   00:00:00 (xfer#1260, to-check=1470/1752)
synthetic_005460/posterior_variance.pt
         232054 100%  204.72MB/s   00:00:00 (xfer#1261, to-check=1471/1752)
synthetic_005461/
synthetic_005461/composite_mean.pt
         232026 100%   13.69MB/s   00:00:00 (xfer#1262, to-check=1473/1752)
synthetic_005461/metadata.json
           1799 100%   27.26MB/s   00:00:00 (xfer#1263, to-check=1474/1752)
synthetic_005461/posterior_mean.pt
         232026 100%   19.13MB/s   00:00:00 (xfer#1264, to-check=1475/1752)
synthetic_005461/posterior_samples.pt
        5242880  21%    9.62MB/s   00:00:01
       12058624  49%   13.00MB/s   00:00:00
       19005440  77%   12.93MB/s   00:00:00
       24379392  99%    9.86MB/s   00:00:00
       24657317 100%   11.21MB/s   00:00:02 (xfer#1265, to-check=1476/1752)
synthetic_005461/posterior_std.pt
         232019 100%   77.56MB/s   00:00:00 (xfer#1266, to-check=1477/1752)
synthetic_005461/posterior_variance.pt
         232054 100%   44.96MB/s   00:00:00 (xfer#1267, to-check=1478/1752)
synthetic_005462/
synthetic_005462/composite_mean.pt
         232026 100%   20.49MB/s   00:00:00 (xfer#1268, to-check=1480/1752)
synthetic_005462/metadata.json
           1799 100%   28.22MB/s   00:00:00 (xfer#1269, to-check=1481/1752)
synthetic_005462/posterior_mean.pt
         232026 100%   20.91MB/s   00:00:00 (xfer#1270, to-check=1482/1752)
synthetic_005462/posterior_samples.pt
        6193152  25%   11.77MB/s   00:00:01
       12746752  52%   12.45MB/s   00:00:00
       19562496  79%   12.99MB/s   00:00:00
       24657317 100%   12.30MB/s   00:00:01 (xfer#1271, to-check=1483/1752)
synthetic_005462/posterior_std.pt
         232019 100%   81.83MB/s   00:00:00 (xfer#1272, to-check=1484/1752)
synthetic_005462/posterior_variance.pt
         232054 100%   38.50MB/s   00:00:00 (xfer#1273, to-check=1485/1752)
synthetic_005463/
synthetic_005463/composite_mean.pt
         232026 100%   28.72MB/s   00:00:00 (xfer#1274, to-check=1487/1752)
synthetic_005463/metadata.json
           1798 100%   30.09MB/s   00:00:00 (xfer#1275, to-check=1488/1752)
synthetic_005463/posterior_mean.pt
         232026 100%   19.94MB/s   00:00:00 (xfer#1276, to-check=1489/1752)
synthetic_005463/posterior_samples.pt
        6619136  27%   12.62MB/s   00:00:01
       13467648  55%   12.92MB/s   00:00:00
       20283392  82%   12.84MB/s   00:00:00
       24657317 100%   12.56MB/s   00:00:01 (xfer#1277, to-check=1490/1752)
synthetic_005463/posterior_std.pt
         232019 100%  115.66MB/s   00:00:00 (xfer#1278, to-check=1491/1752)
synthetic_005463/posterior_variance.pt
         232054 100%   52.12MB/s   00:00:00 (xfer#1279, to-check=1492/1752)
synthetic_005464/
synthetic_005464/composite_mean.pt
         232026 100%    5.85MB/s   00:00:00 (xfer#1280, to-check=1494/1752)
synthetic_005464/metadata.json
           1798 100%   20.37MB/s   00:00:00 (xfer#1281, to-check=1495/1752)
synthetic_005464/posterior_mean.pt
         232026 100%    7.53MB/s   00:00:00 (xfer#1282, to-check=1496/1752)
synthetic_005464/posterior_samples.pt
        6062080  25%   11.53MB/s   00:00:01
       13139968  53%   13.45MB/s   00:00:00
       19955712  81%   12.86MB/s   00:00:00
       24657317 100%   12.36MB/s   00:00:01 (xfer#1283, to-check=1497/1752)
synthetic_005464/posterior_std.pt
         232019 100%  100.67MB/s   00:00:00 (xfer#1284, to-check=1498/1752)
synthetic_005464/posterior_variance.pt
         232054 100%  184.28MB/s   00:00:00 (xfer#1285, to-check=1499/1752)
synthetic_005465/
synthetic_005465/composite_mean.pt
         232026 100%   50.54MB/s   00:00:00 (xfer#1286, to-check=1501/1752)
synthetic_005465/metadata.json
           1800 100%   31.72MB/s   00:00:00 (xfer#1287, to-check=1502/1752)
synthetic_005465/posterior_mean.pt
         232026 100%   11.15MB/s   00:00:00 (xfer#1288, to-check=1503/1752)
synthetic_005465/posterior_samples.pt
        6684672  27%   12.71MB/s   00:00:01
       13369344  54%   12.68MB/s   00:00:00
       20054016  81%   12.73MB/s   00:00:00
       24657317 100%   12.00MB/s   00:00:01 (xfer#1289, to-check=1504/1752)
synthetic_005465/posterior_std.pt
         232019 100%   16.66MB/s   00:00:00 (xfer#1290, to-check=1505/1752)
synthetic_005465/posterior_variance.pt
         232054 100%   13.26MB/s   00:00:00 (xfer#1291, to-check=1506/1752)
synthetic_005466/
synthetic_005466/composite_mean.pt
         232026 100%   56.05MB/s   00:00:00 (xfer#1292, to-check=1508/1752)
synthetic_005466/metadata.json
           1798 100%    7.42MB/s   00:00:00 (xfer#1293, to-check=1509/1752)
synthetic_005466/posterior_mean.pt
         232026 100%    5.98MB/s   00:00:00 (xfer#1294, to-check=1510/1752)
synthetic_005466/posterior_samples.pt
        4161536  17%    7.89MB/s   00:00:02
       10059776  41%   11.19MB/s   00:00:01
       16220160  66%   11.74MB/s   00:00:00
       23035904  93%   12.83MB/s   00:00:00
       24657317 100%   10.92MB/s   00:00:02 (xfer#1295, to-check=1511/1752)
synthetic_005466/posterior_std.pt
         232019 100%   82.81MB/s   00:00:00 (xfer#1296, to-check=1512/1752)
synthetic_005466/posterior_variance.pt
         232054 100%   12.39MB/s   00:00:00 (xfer#1297, to-check=1513/1752)
synthetic_005467/
synthetic_005467/composite_mean.pt
         232026 100%   10.07MB/s   00:00:00 (xfer#1298, to-check=1515/1752)
synthetic_005467/metadata.json
           1799 100%   21.16MB/s   00:00:00 (xfer#1299, to-check=1516/1752)
synthetic_005467/posterior_mean.pt
         232026 100%   93.05MB/s   00:00:00 (xfer#1300, to-check=1517/1752)
synthetic_005467/posterior_samples.pt
        6815744  28%   12.77MB/s   00:00:01
       13893632  56%   13.48MB/s   00:00:00
       20643840  84%   12.87MB/s   00:00:00
       24477696  99%    6.91MB/s   00:00:00
       24657317 100%   11.33MB/s   00:00:02 (xfer#1301, to-check=1518/1752)
synthetic_005467/posterior_std.pt
         232019 100%    4.43MB/s   00:00:00 (xfer#1302, to-check=1519/1752)
synthetic_005467/posterior_variance.pt
         232054 100%   11.75MB/s   00:00:00 (xfer#1303, to-check=1520/1752)
synthetic_005468/
synthetic_005468/composite_mean.pt
         232026 100%   85.23MB/s   00:00:00 (xfer#1304, to-check=1522/1752)
synthetic_005468/metadata.json
           1799 100%   22.28MB/s   00:00:00 (xfer#1305, to-check=1523/1752)
synthetic_005468/posterior_mean.pt
         232026 100%   22.36MB/s   00:00:00 (xfer#1306, to-check=1524/1752)
synthetic_005468/posterior_samples.pt
        5341184  22%   10.16MB/s   00:00:01
        9404416  38%    7.25MB/s   00:00:02
       13205504  54%    7.15MB/s   00:00:01
       17399808  71%    7.93MB/s   00:00:00
       21725184  88%    8.09MB/s   00:00:00
       24657317 100%    7.68MB/s   00:00:03 (xfer#1307, to-check=1525/1752)
synthetic_005468/posterior_std.pt
         232019 100%   17.19MB/s   00:00:00 (xfer#1308, to-check=1526/1752)
synthetic_005468/posterior_variance.pt
         232054 100%   28.32MB/s   00:00:00 (xfer#1309, to-check=1527/1752)
synthetic_005469/
synthetic_005469/composite_mean.pt
         232026 100%    4.13MB/s   00:00:00 (xfer#1310, to-check=1529/1752)
synthetic_005469/metadata.json
           1798 100%   19.28MB/s   00:00:00 (xfer#1311, to-check=1530/1752)
synthetic_005469/posterior_mean.pt
         232026 100%   57.45MB/s   00:00:00 (xfer#1312, to-check=1531/1752)
synthetic_005469/posterior_samples.pt
        3178496  13%    6.06MB/s   00:00:03
        6717440  27%    6.72MB/s   00:00:02
       10649600  43%    7.31MB/s   00:00:01
       14057472  57%    6.36MB/s   00:00:01
       17989632  73%    7.39MB/s   00:00:00
       22052864  89%    7.71MB/s   00:00:00
       24657317 100%    6.92MB/s   00:00:03 (xfer#1313, to-check=1532/1752)
synthetic_005469/posterior_std.pt
         232019 100%   21.51MB/s   00:00:00 (xfer#1314, to-check=1533/1752)
synthetic_005469/posterior_variance.pt
         232054 100%   57.60MB/s   00:00:00 (xfer#1315, to-check=1534/1752)
synthetic_005470/
synthetic_005470/composite_mean.pt
         232026 100%    4.74MB/s   00:00:00 (xfer#1316, to-check=1536/1752)
synthetic_005470/metadata.json
           1799 100%   21.16MB/s   00:00:00 (xfer#1317, to-check=1537/1752)
synthetic_005470/posterior_mean.pt
         232026 100%   16.38MB/s   00:00:00 (xfer#1318, to-check=1538/1752)
synthetic_005470/posterior_samples.pt
        4063232  16%    7.49MB/s   00:00:02
        7733248  31%    6.71MB/s   00:00:02
       11796480  48%    7.17MB/s   00:00:01
       14614528  59%    5.13MB/s   00:00:01
       17891328  73%    6.13MB/s   00:00:01
       21200896  86%    6.31MB/s   00:00:00
       24182784  98%    5.60MB/s   00:00:00
       24657317 100%    6.32MB/s   00:00:03 (xfer#1319, to-check=1539/1752)
synthetic_005470/posterior_std.pt
         232019 100%   74.45MB/s   00:00:00 (xfer#1320, to-check=1540/1752)
synthetic_005470/posterior_variance.pt
         232054 100%   10.42MB/s   00:00:00 (xfer#1321, to-check=1541/1752)
synthetic_005471/
synthetic_005471/composite_mean.pt
         232026 100%   23.18MB/s   00:00:00 (xfer#1322, to-check=1543/1752)
synthetic_005471/metadata.json
           1798 100%   27.14MB/s   00:00:00 (xfer#1323, to-check=1544/1752)
synthetic_005471/posterior_mean.pt
         232026 100%    3.99MB/s   00:00:00 (xfer#1324, to-check=1545/1752)
rsync: [receiver] mkstemp "/scratch/bhanug/br_lora_library/batches/batch_0022/synthetic_005471/.composite_mean.pt.9BUxes" failed: No such file or directory (2)
rsync: [receiver] mkstemp "/scratch/bhanug/br_lora_library/batches/batch_0022/synthetic_005471/.metadata.json.rqoRzT" failed: No such file or directory (2)
rsync: [receiver] mkstemp "/scratch/bhanug/br_lora_library/batches/batch_0022/synthetic_005471/.posterior_mean.pt.WWVDvl" failed: No such file or directory (2)
rsync: [receiver] mkstemp "/scratch/bhanug/br_lora_library/batches/batch_0022/synthetic_005471/.posterior_samples.pt.EuEUAf" failed: No such file or directory (2)
synthetic_005471/posterior_samples.pt
        3506176  14%    6.56MB/s   00:00:03
        7700480  31%    7.43MB/s   00:00:02
       11501568  47%    7.23MB/s   00:00:01
       15171584  62%    6.80MB/s   00:00:01
       19103744  77%    7.20MB/s   00:00:00
       23166976  94%    7.57MB/s   00:00:00
       24657317 100%    7.09MB/s   00:00:03 (xfer#1325, to-check=1546/1752)
synthetic_005471/posterior_std.pt
         232019 100%  110.97MB/s   00:00:00 (xfer#1326, to-check=1547/1752)
synthetic_005471/posterior_variance.pt
         232054 100%    6.19MB/s   00:00:00 (xfer#1327, to-check=1548/1752)
synthetic_005472/
synthetic_005472/composite_mean.pt
         232026 100%   14.18MB/s   00:00:00 (xfer#1328, to-check=1550/1752)
synthetic_005472/metadata.json
           1798 100%   24.55MB/s   00:00:00 (xfer#1329, to-check=1551/1752)
synthetic_005472/posterior_mean.pt
         232026 100%    8.55MB/s   00:00:00 (xfer#1330, to-check=1552/1752)
rsync: [receiver] mkstemp "/scratch/bhanug/br_lora_library/batches/batch_0022/synthetic_005471/.posterior_std.pt.5a8EjT" failed: No such file or directory (2)
rsync: [receiver] mkstemp "/scratch/bhanug/br_lora_library/batches/batch_0022/synthetic_005471/.posterior_variance.pt.cCPHqM" failed: No such file or directory (2)
rsync: [receiver] mkstemp "/scratch/bhanug/br_lora_library/batches/batch_0022/synthetic_005472/.composite_mean.pt.9ebbFz" failed: No such file or directory (2)
rsync: [receiver] mkstemp "/scratch/bhanug/br_lora_library/batches/batch_0022/synthetic_005472/.metadata.json.ogT3PA" failed: No such file or directory (2)
rsync: [receiver] mkstemp "/scratch/bhanug/br_lora_library/batches/batch_0022/synthetic_005472/.posterior_mean.pt.YNMohd" failed: No such file or directory (2)
rsync: [receiver] mkstemp "/scratch/bhanug/br_lora_library/batches/batch_0022/synthetic_005472/.posterior_samples.pt.Iv9gul" failed: No such file or directory (2)
synthetic_005472/posterior_samples.pt
        3866624  16%    7.31MB/s   00:00:02
        8060928  33%    7.73MB/s   00:00:02
       11730944  48%    6.69MB/s   00:00:01
       16056320  65%    8.18MB/s   00:00:01
       19726336  80%    6.97MB/s   00:00:00
       24051712  98%    7.82MB/s   00:00:00
       24657317 100%    7.34MB/s   00:00:03 (xfer#1331, to-check=1553/1752)
synthetic_005472/posterior_std.pt
         232019 100%   78.80MB/s   00:00:00 (xfer#1332, to-check=1554/1752)
synthetic_005472/posterior_variance.pt
         232054 100%   14.79MB/s   00:00:00 (xfer#1333, to-check=1555/1752)
synthetic_005473/
synthetic_005473/composite_mean.pt
         232026 100%   15.64MB/s   00:00:00 (xfer#1334, to-check=1557/1752)
synthetic_005473/metadata.json
           1798 100%   20.91MB/s   00:00:00 (xfer#1335, to-check=1558/1752)
synthetic_005473/posterior_mean.pt
         232026 100%    2.24MB/s   00:00:00 (xfer#1336, to-check=1559/1752)
synthetic_005473/posterior_samples.pt
         819200   3%    1.54MB/s   00:00:14
rsync: [receiver] mkstemp "/scratch/bhanug/br_lora_library/batches/batch_0022/synthetic_005472/.posterior_std.pt.CXT5NX" failed: No such file or directory (2)
rsync: [receiver] mkstemp "/scratch/bhanug/br_lora_library/batches/batch_0022/synthetic_005472/.posterior_variance.pt.e6EA7r" failed: No such file or directory (2)
rsync: [receiver] mkstemp "/scratch/bhanug/br_lora_library/batches/batch_0022/synthetic_005473/.composite_mean.pt.iu57q4" failed: No such file or directory (2)
rsync: [receiver] mkstemp "/scratch/bhanug/br_lora_library/batches/batch_0022/synthetic_005473/.metadata.json.F9nOaB" failed: No such file or directory (2)
rsync: [receiver] mkstemp "/scratch/bhanug/br_lora_library/batches/batch_0022/synthetic_005473/.posterior_mean.pt.pemxf9" failed: No such file or directory (2)
rsync: [receiver] mkstemp "/scratch/bhanug/br_lora_library/batches/batch_0022/synthetic_005473/.posterior_samples.pt.lZ4P6F" failed: No such file or directory (2)
        3702784  15%    5.41MB/s   00:00:03
        6848512  28%    5.94MB/s   00:00:02
       10125312  41%    6.23MB/s   00:00:02
       13664256  55%    6.55MB/s   00:00:01
       17334272  70%    6.33MB/s   00:00:01
       21135360  86%    7.21MB/s   00:00:00
       24657317 100%    5.74MB/s   00:00:04 (xfer#1337, to-check=1560/1752)
synthetic_005473/posterior_std.pt
         232019 100%   50.33MB/s   00:00:00 (xfer#1338, to-check=1561/1752)
synthetic_005473/posterior_variance.pt
         232054 100%   22.72MB/s   00:00:00 (xfer#1339, to-check=1562/1752)
synthetic_005474/
synthetic_005474/composite_mean.pt
         232026 100%    4.52MB/s   00:00:00 (xfer#1340, to-check=1564/1752)
synthetic_005474/metadata.json
           1799 100%   15.31MB/s   00:00:00 (xfer#1341, to-check=1565/1752)
synthetic_005474/posterior_mean.pt
         232026 100%   12.23MB/s   00:00:00 (xfer#1342, to-check=1566/1752)
rsync: [receiver] mkstemp "/scratch/bhanug/br_lora_library/batches/batch_0022/synthetic_005473/.posterior_std.pt.ErePHB" failed: No such file or directory (2)
rsync: [receiver] mkstemp "/scratch/bhanug/br_lora_library/batches/batch_0022/synthetic_005473/.posterior_variance.pt.XlPpvq" failed: No such file or directory (2)
rsync: [receiver] mkstemp "/scratch/bhanug/br_lora_library/batches/batch_0022/synthetic_005474/.composite_mean.pt.fQLmEA" failed: No such file or directory (2)
rsync: [receiver] mkstemp "/scratch/bhanug/br_lora_library/batches/batch_0022/synthetic_005474/.metadata.json.iayPi6" failed: No such file or directory (2)
rsync: [receiver] mkstemp "/scratch/bhanug/br_lora_library/batches/batch_0022/synthetic_005474/.posterior_mean.pt.Cs5gHz" failed: No such file or directory (2)
rsync: [receiver] mkstemp "/scratch/bhanug/br_lora_library/batches/batch_0022/synthetic_005474/.posterior_samples.pt.qsz0XL" failed: No such file or directory (2)
synthetic_005474/posterior_samples.pt
        4063232  16%    7.14MB/s   00:00:02
        7995392  32%    7.43MB/s   00:00:02
       12058624  49%    7.67MB/s   00:00:01
       15728640  64%    6.84MB/s   00:00:01
       19660800  80%    7.43MB/s   00:00:00
       23855104  97%    7.80MB/s   00:00:00
       24657317 100%    7.31MB/s   00:00:03 (xfer#1343, to-check=1567/1752)
synthetic_005474/posterior_std.pt
         232019 100%  124.79MB/s   00:00:00 (xfer#1344, to-check=1568/1752)
synthetic_005474/posterior_variance.pt
         232054 100%   12.64MB/s   00:00:00 (xfer#1345, to-check=1569/1752)
synthetic_005475/
synthetic_005475/composite_mean.pt
         232026 100%    8.27MB/s   00:00:00 (xfer#1346, to-check=1571/1752)
synthetic_005475/metadata.json
           1799 100%   22.28MB/s   00:00:00 (xfer#1347, to-check=1572/1752)
synthetic_005475/posterior_mean.pt
         232026 100%   14.61MB/s   00:00:00 (xfer#1348, to-check=1573/1752)
rsync: [receiver] mkstemp "/scratch/bhanug/br_lora_library/batches/batch_0022/synthetic_005474/.posterior_std.pt.fnFG4P" failed: No such file or directory (2)
rsync: [receiver] mkstemp "/scratch/bhanug/br_lora_library/batches/batch_0022/synthetic_005474/.posterior_variance.pt.R6cNS8" failed: No such file or directory (2)
rsync: [receiver] mkstemp "/scratch/bhanug/br_lora_library/batches/batch_0022/synthetic_005475/.composite_mean.pt.y5CwX2" failed: No such file or directory (2)
rsync: [receiver] mkstemp "/scratch/bhanug/br_lora_library/batches/batch_0022/synthetic_005475/.metadata.json.aiWwSX" failed: No such file or directory (2)
rsync: [receiver] mkstemp "/scratch/bhanug/br_lora_library/batches/batch_0022/synthetic_005475/.posterior_mean.pt.RozFb6" failed: No such file or directory (2)
rsync: [receiver] mkstemp "/scratch/bhanug/br_lora_library/batches/batch_0022/synthetic_005475/.posterior_samples.pt.dr5m32" failed: No such file or directory (2)
synthetic_005475/posterior_samples.pt
        4030464  16%    7.28MB/s   00:00:02
        8355840  34%    7.93MB/s   00:00:01
       12025856  49%    6.73MB/s   00:00:01
       15958016  65%    7.48MB/s   00:00:01
       18743296  76%    3.97MB/s   00:00:01
       19398656  79%    1.11MB/s   00:00:04
       20054016  81%    1.20MB/s   00:00:03
       20709376  84%    1.25MB/s   00:00:03
       21495808  87%    1.45MB/s   00:00:02
       22413312  91%    1.69MB/s   00:00:01
       23330816  95%    1.67MB/s   00:00:00
       24379392  99%    1.98MB/s   00:00:00
       24657317 100%    3.59MB/s   00:00:06 (xfer#1349, to-check=1574/1752)
synthetic_005475/posterior_std.pt
         232019 100%    2.20MB/s   00:00:00 (xfer#1350, to-check=1575/1752)
synthetic_005475/posterior_variance.pt
         232054 100%    1.70MB/s   00:00:00 (xfer#1351, to-check=1576/1752)
synthetic_005476/
synthetic_005476/composite_mean.pt
         232026 100%    2.68MB/s   00:00:00 (xfer#1352, to-check=1578/1752)
synthetic_005476/metadata.json
           1799 100%    7.37MB/s   00:00:00 (xfer#1353, to-check=1579/1752)
synthetic_005476/posterior_mean.pt
         232026 100%    1.81MB/s   00:00:00 (xfer#1354, to-check=1580/1752)
rsync: [receiver] mkstemp "/scratch/bhanug/br_lora_library/batches/batch_0022/synthetic_005475/.posterior_std.pt.X4O6eP" failed: No such file or directory (2)
synthetic_005476/posterior_samples.pt
        1146880   5%    1.98MB/s   00:00:11
rsync: [receiver] mkstemp "/scratch/bhanug/br_lora_library/batches/batch_0022/synthetic_005475/.posterior_variance.pt.YKZ1J4" failed: No such file or directory (2)
rsync: [receiver] mkstemp "/scratch/bhanug/br_lora_library/batches/batch_0022/synthetic_005476/.composite_mean.pt.3CoIvy" failed: No such file or directory (2)
rsync: [receiver] mkstemp "/scratch/bhanug/br_lora_library/batches/batch_0022/synthetic_005476/.metadata.json.GirWVn" failed: No such file or directory (2)
rsync: [receiver] mkstemp "/scratch/bhanug/br_lora_library/batches/batch_0022/synthetic_005476/.posterior_mean.pt.QZ0uDU" failed: No such file or directory (2)
        1966080   8%    1.52MB/s   00:00:14
rsync: [receiver] mkstemp "/scratch/bhanug/br_lora_library/batches/batch_0022/synthetic_005476/.posterior_samples.pt.GDZliJ" failed: No such file or directory (2)
        3014656  12%    1.94MB/s   00:00:10
        4063232  16%    1.95MB/s   00:00:10
        5242880  21%    2.15MB/s   00:00:08
        6422528  26%    2.24MB/s   00:00:07
        7733248  31%    2.29MB/s   00:00:07
        9043968  37%    2.27MB/s   00:00:06
       10354688  42%    2.42MB/s   00:00:05
       11796480  48%    2.57MB/s   00:00:04
       13369344  54%    2.97MB/s   00:00:03
       14942208  61%    2.79MB/s   00:00:03
       16777216  68%    3.30MB/s   00:00:02
       18612224  75%    3.31MB/s   00:00:01
       20447232  83%    3.44MB/s   00:00:01
       21987328  89%    2.66MB/s   00:00:00
       23101440  94%    2.09MB/s   00:00:00
       24281088  98%    2.24MB/s   00:00:00
       24657317 100%    2.43MB/s   00:00:09 (xfer#1355, to-check=1581/1752)
synthetic_005476/posterior_std.pt
         232019 100%    1.39MB/s   00:00:00 (xfer#1356, to-check=1582/1752)
synthetic_005476/posterior_variance.pt
         232054 100%    2.31MB/s   00:00:00 (xfer#1357, to-check=1583/1752)
synthetic_005477/
synthetic_005477/composite_mean.pt
         232026 100%    1.82MB/s   00:00:00 (xfer#1358, to-check=1585/1752)
synthetic_005477/metadata.json
           1796 100%    1.44MB/s   00:00:00 (xfer#1359, to-check=1586/1752)
synthetic_005477/posterior_mean.pt
         232026 100%    1.29MB/s   00:00:00 (xfer#1360, to-check=1587/1752)
synthetic_005477/posterior_samples.pt
        1048576   4%    1.88MB/s   00:00:11
rsync: [receiver] mkstemp "/scratch/bhanug/br_lora_library/batches/batch_0022/synthetic_005476/.posterior_std.pt.qLcCEg" failed: No such file or directory (2)
rsync: [receiver] mkstemp "/scratch/bhanug/br_lora_library/batches/batch_0022/synthetic_005476/.posterior_variance.pt.3wPHhN" failed: No such file or directory (2)
rsync: [receiver] mkstemp "/scratch/bhanug/br_lora_library/batches/batch_0022/synthetic_005477/.composite_mean.pt.NLPzRC" failed: No such file or directory (2)
rsync: [receiver] mkstemp "/scratch/bhanug/br_lora_library/batches/batch_0022/synthetic_005477/.metadata.json.Y5AsS5" failed: No such file or directory (2)
rsync: [receiver] mkstemp "/scratch/bhanug/br_lora_library/batches/batch_0022/synthetic_005477/.posterior_mean.pt.SxHkS5" failed: No such file or directory (2)
rsync: [receiver] mkstemp "/scratch/bhanug/br_lora_library/batches/batch_0022/synthetic_005477/.posterior_samples.pt.3zc0oR" failed: No such file or directory (2)
        2097152   9%    1.86MB/s   00:00:11
        3276800  13%    2.03MB/s   00:00:10
        4456448  18%    2.14MB/s   00:00:09
        5767168  23%    2.39MB/s   00:00:07
        7077888  29%    2.36MB/s   00:00:07
        8519680  35%    2.71MB/s   00:00:05
        9961472  40%    2.68MB/s   00:00:05
       11665408  47%    2.99MB/s   00:00:04
       13369344  54%    3.22MB/s   00:00:03
       15073280  61%    3.20MB/s   00:00:02
       16777216  68%    2.91MB/s   00:00:02
       18874368  77%    3.71MB/s   00:00:01
       20971520  85%    3.84MB/s   00:00:00
       23199744  94%    4.00MB/s   00:00:00
       24657317 100%    2.83MB/s   00:00:08 (xfer#1361, to-check=1588/1752)
synthetic_005477/posterior_std.pt
         232019 100%    9.89MB/s   00:00:00 (xfer#1362, to-check=1589/1752)
synthetic_005477/posterior_variance.pt
         232054 100%    2.95MB/s   00:00:00 (xfer#1363, to-check=1590/1752)
synthetic_005478/
synthetic_005478/composite_mean.pt
         232026 100%   19.35MB/s   00:00:00 (xfer#1364, to-check=1592/1752)
synthetic_005478/metadata.json
           1798 100%   21.40MB/s   00:00:00 (xfer#1365, to-check=1593/1752)
synthetic_005478/posterior_mean.pt
         232026 100%    3.37MB/s   00:00:00 (xfer#1366, to-check=1594/1752)
rsync: [receiver] mkstemp "/scratch/bhanug/br_lora_library/batches/batch_0022/synthetic_005477/.posterior_std.pt.vAHUEE" failed: No such file or directory (2)
rsync: [receiver] mkstemp "/scratch/bhanug/br_lora_library/batches/batch_0022/synthetic_005477/.posterior_variance.pt.gyOH2Y" failed: No such file or directory (2)
rsync: [receiver] mkstemp "/scratch/bhanug/br_lora_library/batches/batch_0022/synthetic_005478/.composite_mean.pt.xCm2wV" failed: No such file or directory (2)
rsync: [receiver] mkstemp "/scratch/bhanug/br_lora_library/batches/batch_0022/synthetic_005478/.metadata.json.0pDCli" failed: No such file or directory (2)
rsync: [receiver] mkstemp "/scratch/bhanug/br_lora_library/batches/batch_0022/synthetic_005478/.posterior_mean.pt.FN2x0j" failed: No such file or directory (2)
rsync: [receiver] mkstemp "/scratch/bhanug/br_lora_library/batches/batch_0022/synthetic_005478/.posterior_samples.pt.Ds45ap" failed: No such file or directory (2)
synthetic_005478/posterior_samples.pt
        2326528   9%    4.41MB/s   00:00:04
        4685824  19%    4.47MB/s   00:00:04
        6914048  28%    4.25MB/s   00:00:03
        9797632  40%    5.43MB/s   00:00:02
       12812288  52%    5.61MB/s   00:00:02
       16089088  65%    6.18MB/s   00:00:01
       20152320  82%    7.71MB/s   00:00:00
       24182784  98%    6.72MB/s   00:00:00
       24657317 100%    5.52MB/s   00:00:04 (xfer#1367, to-check=1595/1752)
synthetic_005478/posterior_std.pt
         232019 100%   11.08MB/s   00:00:00 (xfer#1368, to-check=1596/1752)
synthetic_005478/posterior_variance.pt
         232054 100%   15.21MB/s   00:00:00 (xfer#1369, to-check=1597/1752)
synthetic_005479/
synthetic_005479/composite_mean.pt
         232026 100%    4.14MB/s   00:00:00 (xfer#1370, to-check=1599/1752)
synthetic_005479/metadata.json
           1798 100%   14.89MB/s   00:00:00 (xfer#1371, to-check=1600/1752)
synthetic_005479/posterior_mean.pt
         232026 100%    4.36MB/s   00:00:00 (xfer#1372, to-check=1601/1752)
rsync: [receiver] mkstemp "/scratch/bhanug/br_lora_library/batches/batch_0022/synthetic_005478/.posterior_std.pt.m9T2Hu" failed: No such file or directory (2)
rsync: [receiver] mkstemp "/scratch/bhanug/br_lora_library/batches/batch_0022/synthetic_005478/.posterior_variance.pt.8xLrkz" failed: No such file or directory (2)
rsync: [receiver] mkstemp "/scratch/bhanug/br_lora_library/batches/batch_0022/synthetic_005479/.composite_mean.pt.3OLLEo" failed: No such file or directory (2)
rsync: [receiver] mkstemp "/scratch/bhanug/br_lora_library/batches/batch_0022/synthetic_005479/.metadata.json.FDtvmU" failed: No such file or directory (2)
rsync: [receiver] mkstemp "/scratch/bhanug/br_lora_library/batches/batch_0022/synthetic_005479/.posterior_mean.pt.lNPm5t" failed: No such file or directory (2)
rsync: [receiver] mkstemp "/scratch/bhanug/br_lora_library/batches/batch_0022/synthetic_005479/.posterior_samples.pt.xuzae2" failed: No such file or directory (2)
synthetic_005479/posterior_samples.pt
        3440640  14%    6.32MB/s   00:00:03
        7372800  30%    7.03MB/s   00:00:02
       11436032  46%    7.71MB/s   00:00:01
       15368192  62%    7.40MB/s   00:00:01
       18612224  75%    5.78MB/s   00:00:00
       21889024  89%    6.21MB/s   00:00:00
       24657317 100%    6.59MB/s   00:00:03 (xfer#1373, to-check=1602/1752)
synthetic_005479/posterior_std.pt
         232019 100%   75.93MB/s   00:00:00 (xfer#1374, to-check=1603/1752)
synthetic_005479/posterior_variance.pt
         232054 100%   11.20MB/s   00:00:00 (xfer#1375, to-check=1604/1752)
synthetic_005480/
synthetic_005480/composite_mean.pt
         232026 100%    7.65MB/s   00:00:00 (xfer#1376, to-check=1606/1752)
synthetic_005480/metadata.json
           1798 100%    6.70MB/s   00:00:00 (xfer#1377, to-check=1607/1752)
synthetic_005480/posterior_mean.pt
         232026 100%    8.80MB/s   00:00:00 (xfer#1378, to-check=1608/1752)
rsync: [receiver] mkstemp "/scratch/bhanug/br_lora_library/batches/batch_0022/synthetic_005479/.posterior_std.pt.h1w1ow" failed: No such file or directory (2)
rsync: [receiver] mkstemp "/scratch/bhanug/br_lora_library/batches/batch_0022/synthetic_005479/.posterior_variance.pt.ZgnJEs" failed: No such file or directory (2)
rsync: [receiver] mkstemp "/scratch/bhanug/br_lora_library/batches/batch_0022/synthetic_005480/.composite_mean.pt.FSziHW" failed: No such file or directory (2)
rsync: [receiver] mkstemp "/scratch/bhanug/br_lora_library/batches/batch_0022/synthetic_005480/.metadata.json.MEWThv" failed: No such file or directory (2)
rsync: [receiver] mkstemp "/scratch/bhanug/br_lora_library/batches/batch_0022/synthetic_005480/.posterior_mean.pt.0uX36u" failed: No such file or directory (2)
rsync: [receiver] mkstemp "/scratch/bhanug/br_lora_library/batches/batch_0022/synthetic_005480/.posterior_samples.pt.jwqN8Z" failed: No such file or directory (2)
synthetic_005480/posterior_samples.pt
        3473408  14%    6.40MB/s   00:00:03
        7143424  29%    6.91MB/s   00:00:02
       10944512  44%    6.45MB/s   00:00:02
       14483456  59%    6.36MB/s   00:00:01
       18415616  75%    7.05MB/s   00:00:00
       22478848  91%    7.36MB/s   00:00:00
       24657317 100%    6.73MB/s   00:00:03 (xfer#1379, to-check=1609/1752)
synthetic_005480/posterior_std.pt
         232019 100%   88.76MB/s   00:00:00 (xfer#1380, to-check=1610/1752)
synthetic_005480/posterior_variance.pt
         232054 100%   11.00MB/s   00:00:00 (xfer#1381, to-check=1611/1752)
synthetic_005481/
synthetic_005481/composite_mean.pt
         232026 100%    3.86MB/s   00:00:00 (xfer#1382, to-check=1613/1752)
synthetic_005481/metadata.json
           1798 100%   22.83MB/s   00:00:00 (xfer#1383, to-check=1614/1752)
synthetic_005481/posterior_mean.pt
         232026 100%   19.09MB/s   00:00:00 (xfer#1384, to-check=1615/1752)
rsync: [receiver] mkstemp "/scratch/bhanug/br_lora_library/batches/batch_0022/synthetic_005480/.posterior_std.pt.MtMCFe" failed: No such file or directory (2)
rsync: [receiver] mkstemp "/scratch/bhanug/br_lora_library/batches/batch_0022/synthetic_005480/.posterior_variance.pt.A9m4wJ" failed: No such file or directory (2)
rsync: [receiver] mkstemp "/scratch/bhanug/br_lora_library/batches/batch_0022/synthetic_005481/.composite_mean.pt.CgmKr5" failed: No such file or directory (2)
rsync: [receiver] mkstemp "/scratch/bhanug/br_lora_library/batches/batch_0022/synthetic_005481/.metadata.json.2qtkss" failed: No such file or directory (2)
rsync: [receiver] mkstemp "/scratch/bhanug/br_lora_library/batches/batch_0022/synthetic_005481/.posterior_mean.pt.gBQlWE" failed: No such file or directory (2)
rsync: [receiver] mkstemp "/scratch/bhanug/br_lora_library/batches/batch_0022/synthetic_005481/.posterior_samples.pt.B6zJwL" failed: No such file or directory (2)
synthetic_005481/posterior_samples.pt
        3833856  16%    6.70MB/s   00:00:02
        7503872  30%    6.70MB/s   00:00:02
       11567104  47%    7.38MB/s   00:00:01
       15368192  62%    7.21MB/s   00:00:01
       19300352  78%    7.39MB/s   00:00:00
       23232512  94%    7.47MB/s   00:00:00
       24657317 100%    7.06MB/s   00:00:03 (xfer#1385, to-check=1616/1752)
synthetic_005481/posterior_std.pt
         232019 100%   80.41MB/s   00:00:00 (xfer#1386, to-check=1617/1752)
synthetic_005481/posterior_variance.pt
         232054 100%    9.42MB/s   00:00:00 (xfer#1387, to-check=1618/1752)
synthetic_005482/
synthetic_005482/composite_mean.pt
         232026 100%    6.35MB/s   00:00:00 (xfer#1388, to-check=1620/1752)
synthetic_005482/metadata.json
           1797 100%   21.72MB/s   00:00:00 (xfer#1389, to-check=1621/1752)
synthetic_005482/posterior_mean.pt
         232026 100%    6.96MB/s   00:00:00 (xfer#1390, to-check=1622/1752)
rsync: [receiver] mkstemp "/scratch/bhanug/br_lora_library/batches/batch_0022/synthetic_005481/.posterior_std.pt.Dj5bmf" failed: No such file or directory (2)
rsync: [receiver] mkstemp "/scratch/bhanug/br_lora_library/batches/batch_0022/synthetic_005481/.posterior_variance.pt.iSod8T" failed: No such file or directory (2)
rsync: [receiver] mkstemp "/scratch/bhanug/br_lora_library/batches/batch_0022/synthetic_005482/.composite_mean.pt.u4TwKh" failed: No such file or directory (2)
rsync: [receiver] mkstemp "/scratch/bhanug/br_lora_library/batches/batch_0022/synthetic_005482/.metadata.json.t6DuCH" failed: No such file or directory (2)
rsync: [receiver] mkstemp "/scratch/bhanug/br_lora_library/batches/batch_0022/synthetic_005482/.posterior_mean.pt.rTcUVd" failed: No such file or directory (2)
rsync: [receiver] mkstemp "/scratch/bhanug/br_lora_library/batches/batch_0022/synthetic_005482/.posterior_samples.pt.z9Pd8w" failed: No such file or directory (2)
synthetic_005482/posterior_samples.pt
        3571712  14%    6.81MB/s   00:00:02
        7864320  32%    8.11MB/s   00:00:01
       12189696  49%    7.99MB/s   00:00:01
       16646144  68%    8.40MB/s   00:00:00
       21102592  86%    8.33MB/s   00:00:00
       23953408  97%    5.36MB/s   00:00:00
       24657317 100%    7.41MB/s   00:00:03 (xfer#1391, to-check=1623/1752)
synthetic_005482/posterior_std.pt
         232019 100%   68.36MB/s   00:00:00 (xfer#1392, to-check=1624/1752)
synthetic_005482/posterior_variance.pt
         232054 100%    8.71MB/s   00:00:00 (xfer#1393, to-check=1625/1752)
synthetic_005483/
synthetic_005483/composite_mean.pt
         232026 100%    4.30MB/s   00:00:00 (xfer#1394, to-check=1627/1752)
synthetic_005483/metadata.json
           1799 100%   20.98MB/s   00:00:00 (xfer#1395, to-check=1628/1752)
synthetic_005483/posterior_mean.pt
         232026 100%   45.02MB/s   00:00:00 (xfer#1396, to-check=1629/1752)
rsync: [receiver] mkstemp "/scratch/bhanug/br_lora_library/batches/batch_0022/synthetic_005482/.posterior_std.pt.I4v3Yi" failed: No such file or directory (2)
rsync: [receiver] mkstemp "/scratch/bhanug/br_lora_library/batches/batch_0022/synthetic_005482/.posterior_variance.pt.i0ovTD" failed: No such file or directory (2)
rsync: [receiver] mkstemp "/scratch/bhanug/br_lora_library/batches/batch_0022/synthetic_005483/.composite_mean.pt.Rohxwg" failed: No such file or directory (2)
rsync: [receiver] mkstemp "/scratch/bhanug/br_lora_library/batches/batch_0022/synthetic_005483/.metadata.json.rN05O4" failed: No such file or directory (2)
rsync: [receiver] mkstemp "/scratch/bhanug/br_lora_library/batches/batch_0022/synthetic_005483/.posterior_mean.pt.JFMsEm" failed: No such file or directory (2)
rsync: [receiver] mkstemp "/scratch/bhanug/br_lora_library/batches/batch_0022/synthetic_005483/.posterior_samples.pt.LaDYaA" failed: No such file or directory (2)
synthetic_005483/posterior_samples.pt
        3145728  13%    6.00MB/s   00:00:03
        6094848  25%    5.39MB/s   00:00:03
       10027008  41%    7.45MB/s   00:00:01
       13959168  57%    7.50MB/s   00:00:01
       16973824  69%    5.74MB/s   00:00:01
       21037056  85%    7.63MB/s   00:00:00
       24657317 100%    6.69MB/s   00:00:03 (xfer#1397, to-check=1630/1752)
synthetic_005483/posterior_std.pt
         232019 100%   91.21MB/s   00:00:00 (xfer#1398, to-check=1631/1752)
synthetic_005483/posterior_variance.pt
         232054 100%   11.91MB/s   00:00:00 (xfer#1399, to-check=1632/1752)
synthetic_005484/
synthetic_005484/composite_mean.pt
         232026 100%   18.11MB/s   00:00:00 (xfer#1400, to-check=1634/1752)
synthetic_005484/metadata.json
           1799 100%    7.94MB/s   00:00:00 (xfer#1401, to-check=1635/1752)
synthetic_005484/posterior_mean.pt
         232026 100%    5.13MB/s   00:00:00 (xfer#1402, to-check=1636/1752)
rsync: [receiver] mkstemp "/scratch/bhanug/br_lora_library/batches/batch_0022/synthetic_005483/.posterior_std.pt.t2SLaV" failed: No such file or directory (2)
rsync: [receiver] mkstemp "/scratch/bhanug/br_lora_library/batches/batch_0022/synthetic_005483/.posterior_variance.pt.i6DsKf" failed: No such file or directory (2)
rsync: [receiver] mkstemp "/scratch/bhanug/br_lora_library/batches/batch_0022/synthetic_005484/.composite_mean.pt.oCpn11" failed: No such file or directory (2)
rsync: [receiver] mkstemp "/scratch/bhanug/br_lora_library/batches/batch_0022/synthetic_005484/.metadata.json.QC8dNf" failed: No such file or directory (2)
rsync: [receiver] mkstemp "/scratch/bhanug/br_lora_library/batches/batch_0022/synthetic_005484/.posterior_mean.pt.nha6jH" failed: No such file or directory (2)
rsync: [receiver] mkstemp "/scratch/bhanug/br_lora_library/batches/batch_0022/synthetic_005484/.posterior_samples.pt.QH70KH" failed: No such file or directory (2)
synthetic_005484/posterior_samples.pt
        4358144  18%    8.02MB/s   00:00:02
        8683520  35%    7.87MB/s   00:00:01
       12615680  51%    7.48MB/s   00:00:01
       16809984  68%    7.57MB/s   00:00:00
       20873216  85%    7.66MB/s   00:00:00
       24657317 100%    7.71MB/s   00:00:03 (xfer#1403, to-check=1637/1752)
synthetic_005484/posterior_std.pt
         232019 100%  109.11MB/s   00:00:00 (xfer#1404, to-check=1638/1752)
synthetic_005484/posterior_variance.pt
         232054 100%   33.84MB/s   00:00:00 (xfer#1405, to-check=1639/1752)
synthetic_005485/
synthetic_005485/composite_mean.pt
         232026 100%    5.55MB/s   00:00:00 (xfer#1406, to-check=1641/1752)
synthetic_005485/metadata.json
           1797 100%   23.80MB/s   00:00:00 (xfer#1407, to-check=1642/1752)
synthetic_005485/posterior_mean.pt
         232026 100%   16.28MB/s   00:00:00 (xfer#1408, to-check=1643/1752)
rsync: [receiver] mkstemp "/scratch/bhanug/br_lora_library/batches/batch_0022/synthetic_005484/.posterior_std.pt.G3dajs" failed: No such file or directory (2)
rsync: [receiver] mkstemp "/scratch/bhanug/br_lora_library/batches/batch_0022/synthetic_005484/.posterior_variance.pt.afpXgh" failed: No such file or directory (2)
rsync: [receiver] mkstemp "/scratch/bhanug/br_lora_library/batches/batch_0022/synthetic_005485/.composite_mean.pt.1r8Acv" failed: No such file or directory (2)
rsync: [receiver] mkstemp "/scratch/bhanug/br_lora_library/batches/batch_0022/synthetic_005485/.metadata.json.XDqE5G" failed: No such file or directory (2)
rsync: [receiver] mkstemp "/scratch/bhanug/br_lora_library/batches/batch_0022/synthetic_005485/.posterior_mean.pt.xmLiV8" failed: No such file or directory (2)
rsync: [receiver] mkstemp "/scratch/bhanug/br_lora_library/batches/batch_0022/synthetic_005485/.posterior_samples.pt.VX96ld" failed: No such file or directory (2)
synthetic_005485/posterior_samples.pt
        4063232  16%    7.74MB/s   00:00:02
        8388608  34%    8.21MB/s   00:00:01
       11436032  46%    5.78MB/s   00:00:02
       14286848  58%    5.40MB/s   00:00:01
       16023552  65%    3.24MB/s   00:00:02
       18382848  75%    4.49MB/s   00:00:01
       21397504  87%    5.32MB/s   00:00:00
       24150016  98%    5.24MB/s   00:00:00
       24657317 100%    5.61MB/s   00:00:04 (xfer#1409, to-check=1644/1752)
synthetic_005485/posterior_std.pt
         232019 100%    5.00MB/s   00:00:00 (xfer#1410, to-check=1645/1752)
synthetic_005485/posterior_variance.pt
         232054 100%    3.32MB/s   00:00:00 (xfer#1411, to-check=1646/1752)
synthetic_005486/
synthetic_005486/composite_mean.pt
         232026 100%   10.55MB/s   00:00:00 (xfer#1412, to-check=1648/1752)
synthetic_005486/metadata.json
           1798 100%    4.20MB/s   00:00:00 (xfer#1413, to-check=1649/1752)
synthetic_005486/posterior_mean.pt
         232026 100%    4.59MB/s   00:00:00 (xfer#1414, to-check=1650/1752)
rsync: [receiver] mkstemp "/scratch/bhanug/br_lora_library/batches/batch_0022/synthetic_005485/.posterior_std.pt.hnraCF" failed: No such file or directory (2)
rsync: [receiver] mkstemp "/scratch/bhanug/br_lora_library/batches/batch_0022/synthetic_005485/.posterior_variance.pt.TCcuWm" failed: No such file or directory (2)
rsync: [receiver] mkstemp "/scratch/bhanug/br_lora_library/batches/batch_0022/synthetic_005486/.composite_mean.pt.mcT7Ip" failed: No such file or directory (2)
rsync: [receiver] mkstemp "/scratch/bhanug/br_lora_library/batches/batch_0022/synthetic_005486/.metadata.json.WELsvT" failed: No such file or directory (2)
rsync: [receiver] mkstemp "/scratch/bhanug/br_lora_library/batches/batch_0022/synthetic_005486/.posterior_mean.pt.wj839r" failed: No such file or directory (2)
rsync: [receiver] mkstemp "/scratch/bhanug/br_lora_library/batches/batch_0022/synthetic_005486/.posterior_samples.pt.Km0VN0" failed: No such file or directory (2)
synthetic_005486/posterior_samples.pt
        2883584  12%    5.46MB/s   00:00:03
        5767168  23%    5.41MB/s   00:00:03
        8257536  33%    4.37MB/s   00:00:03
       11403264  46%    5.77MB/s   00:00:02
       14548992  59%    5.77MB/s   00:00:01
       17563648  71%    5.59MB/s   00:00:01
       19202048  78%    2.93MB/s   00:00:01
       21430272  87%    4.20MB/s   00:00:00
       23789568  96%    4.39MB/s   00:00:00
       24657317 100%    4.83MB/s   00:00:04 (xfer#1415, to-check=1651/1752)
synthetic_005486/posterior_std.pt
         232019 100%   10.89MB/s   00:00:00 (xfer#1416, to-check=1652/1752)
synthetic_005486/posterior_variance.pt
         232054 100%    4.06MB/s   00:00:00 (xfer#1417, to-check=1653/1752)
synthetic_005487/
synthetic_005487/composite_mean.pt
         232026 100%    5.23MB/s   00:00:00 (xfer#1418, to-check=1655/1752)
synthetic_005487/metadata.json
           1799 100%   15.31MB/s   00:00:00 (xfer#1419, to-check=1656/1752)
synthetic_005487/posterior_mean.pt
         232026 100%    3.52MB/s   00:00:00 (xfer#1420, to-check=1657/1752)
rsync: [receiver] mkstemp "/scratch/bhanug/br_lora_library/batches/batch_0022/synthetic_005486/.posterior_std.pt.o8jIfb" failed: No such file or directory (2)
rsync: [receiver] mkstemp "/scratch/bhanug/br_lora_library/batches/batch_0022/synthetic_005486/.posterior_variance.pt.GnO0ww" failed: No such file or directory (2)
rsync: [receiver] mkstemp "/scratch/bhanug/br_lora_library/batches/batch_0022/synthetic_005487/.composite_mean.pt.0eFJzL" failed: No such file or directory (2)
rsync: [receiver] mkstemp "/scratch/bhanug/br_lora_library/batches/batch_0022/synthetic_005487/.metadata.json.gdcbwT" failed: No such file or directory (2)
rsync: [receiver] mkstemp "/scratch/bhanug/br_lora_library/batches/batch_0022/synthetic_005487/.posterior_mean.pt.6MSWz5" failed: No such file or directory (2)
rsync: [receiver] mkstemp "/scratch/bhanug/br_lora_library/batches/batch_0022/synthetic_005487/.posterior_samples.pt.V4yzwK" failed: No such file or directory (2)
synthetic_005487/posterior_samples.pt
        2654208  11%    4.82MB/s   00:00:04
        5406720  22%    5.14MB/s   00:00:03
        8421376  34%    5.43MB/s   00:00:02
       11436032  46%    5.74MB/s   00:00:02
       14319616  58%    5.16MB/s   00:00:01
       16285696  66%    3.74MB/s   00:00:02
       19300352  78%    5.53MB/s   00:00:00
       22315008  91%    5.40MB/s   00:00:00
       24657317 100%    5.16MB/s   00:00:04 (xfer#1421, to-check=1658/1752)
synthetic_005487/posterior_std.pt
         232019 100%   34.49MB/s   00:00:00 (xfer#1422, to-check=1659/1752)
synthetic_005487/posterior_variance.pt
         232054 100%   14.12MB/s   00:00:00 (xfer#1423, to-check=1660/1752)
synthetic_005488/
synthetic_005488/composite_mean.pt
         232026 100%    3.92MB/s   00:00:00 (xfer#1424, to-check=1662/1752)
synthetic_005488/metadata.json
           1798 100%   19.70MB/s   00:00:00 (xfer#1425, to-check=1663/1752)
synthetic_005488/posterior_mean.pt
         232026 100%    3.02MB/s   00:00:00 (xfer#1426, to-check=1664/1752)
rsync: [receiver] mkstemp "/scratch/bhanug/br_lora_library/batches/batch_0022/synthetic_005487/.posterior_std.pt.63CEzj" failed: No such file or directory (2)
rsync: [receiver] mkstemp "/scratch/bhanug/br_lora_library/batches/batch_0022/synthetic_005487/.posterior_variance.pt.LTBgZw" failed: No such file or directory (2)
rsync: [receiver] mkstemp "/scratch/bhanug/br_lora_library/batches/batch_0022/synthetic_005488/.composite_mean.pt.2tDQ5h" failed: No such file or directory (2)
rsync: [receiver] mkstemp "/scratch/bhanug/br_lora_library/batches/batch_0022/synthetic_005488/.metadata.json.1OVa8T" failed: No such file or directory (2)
rsync: [receiver] mkstemp "/scratch/bhanug/br_lora_library/batches/batch_0022/synthetic_005488/.posterior_mean.pt.Jbd0Lc" failed: No such file or directory (2)
rsync: [receiver] mkstemp "/scratch/bhanug/br_lora_library/batches/batch_0022/synthetic_005488/.posterior_samples.pt.TkbTEO" failed: No such file or directory (2)
synthetic_005488/posterior_samples.pt
        2621440  11%    4.85MB/s   00:00:04
        4423680  18%    3.40MB/s   00:00:05
        7045120  29%    4.58MB/s   00:00:03
        9043968  37%    3.71MB/s   00:00:04
       11010048  45%    3.47MB/s   00:00:03
       13238272  54%    3.97MB/s   00:00:02
       15335424  62%    3.92MB/s   00:00:02
       17694720  72%    4.11MB/s   00:00:01
       19922944  81%    4.21MB/s   00:00:01
       22151168  90%    4.16MB/s   00:00:00
       24379392  99%    4.03MB/s   00:00:00
       24657317 100%    4.01MB/s   00:00:05 (xfer#1427, to-check=1665/1752)
synthetic_005488/posterior_std.pt
         232019 100%  930.79KB/s   00:00:00 (xfer#1428, to-check=1666/1752)
synthetic_005488/posterior_variance.pt
         232054 100%   99.92MB/s   00:00:00 (xfer#1429, to-check=1667/1752)
synthetic_005489/
synthetic_005489/composite_mean.pt
         232026 100%    3.77MB/s   00:00:00 (xfer#1430, to-check=1669/1752)
synthetic_005489/metadata.json
           1798 100%    2.24MB/s   00:00:00 (xfer#1431, to-check=1670/1752)
synthetic_005489/posterior_mean.pt
         232026 100%    3.56MB/s   00:00:00 (xfer#1432, to-check=1671/1752)
rsync: [receiver] mkstemp "/scratch/bhanug/br_lora_library/batches/batch_0022/synthetic_005488/.posterior_std.pt.rabfUT" failed: No such file or directory (2)
rsync: [receiver] mkstemp "/scratch/bhanug/br_lora_library/batches/batch_0022/synthetic_005488/.posterior_variance.pt.tLjYsY" failed: No such file or directory (2)
rsync: [receiver] mkstemp "/scratch/bhanug/br_lora_library/batches/batch_0022/synthetic_005489/.composite_mean.pt.o68ftd" failed: No such file or directory (2)
rsync: [receiver] mkstemp "/scratch/bhanug/br_lora_library/batches/batch_0022/synthetic_005489/.metadata.json.cqJeHZ" failed: No such file or directory (2)
rsync: [receiver] mkstemp "/scratch/bhanug/br_lora_library/batches/batch_0022/synthetic_005489/.posterior_mean.pt.I3QRXH" failed: No such file or directory (2)
synthetic_005489/posterior_samples.pt
        1835008   7%    3.41MB/s   00:00:06
rsync: [receiver] mkstemp "/scratch/bhanug/br_lora_library/batches/batch_0022/synthetic_005489/.posterior_samples.pt.pjNPy1" failed: No such file or directory (2)
        3670016  15%    3.26MB/s   00:00:06
        5636096  23%    3.45MB/s   00:00:05
        7733248  31%    3.76MB/s   00:00:04
        9699328  39%    3.52MB/s   00:00:04
       11796480  48%    3.79MB/s   00:00:03
       13860864  56%    3.75MB/s   00:00:02
       15958016  65%    3.98MB/s   00:00:02
       18055168  73%    3.91MB/s   00:00:01
       19693568  80%    3.04MB/s   00:00:01
       21397504  87%    3.13MB/s   00:00:00
       23494656  95%    3.74MB/s   00:00:00
       24657317 100%    3.55MB/s   00:00:06 (xfer#1433, to-check=1672/1752)
synthetic_005489/posterior_std.pt
         232019 100%   88.65MB/s   00:00:00 (xfer#1434, to-check=1673/1752)
synthetic_005489/posterior_variance.pt
         232054 100%    3.60MB/s   00:00:00 (xfer#1435, to-check=1674/1752)
synthetic_005490/
synthetic_005490/composite_mean.pt
         232026 100%    3.42MB/s   00:00:00 (xfer#1436, to-check=1676/1752)
synthetic_005490/metadata.json
           1797 100%    6.26MB/s   00:00:00 (xfer#1437, to-check=1677/1752)
synthetic_005490/posterior_mean.pt
         232026 100%    3.18MB/s   00:00:00 (xfer#1438, to-check=1678/1752)
rsync: [receiver] mkstemp "/scratch/bhanug/br_lora_library/batches/batch_0022/synthetic_005489/.posterior_std.pt.CwmdMH" failed: No such file or directory (2)
rsync: [receiver] mkstemp "/scratch/bhanug/br_lora_library/batches/batch_0022/synthetic_005489/.posterior_variance.pt.ha9wRp" failed: No such file or directory (2)
rsync: [receiver] mkstemp "/scratch/bhanug/br_lora_library/batches/batch_0022/synthetic_005490/.composite_mean.pt.bG9saJ" failed: No such file or directory (2)
rsync: [receiver] mkstemp "/scratch/bhanug/br_lora_library/batches/batch_0022/synthetic_005490/.metadata.json.pOq6bO" failed: No such file or directory (2)
rsync: [receiver] mkstemp "/scratch/bhanug/br_lora_library/batches/batch_0022/synthetic_005490/.posterior_mean.pt.JkHl11" failed: No such file or directory (2)
rsync: [receiver] mkstemp "/scratch/bhanug/br_lora_library/batches/batch_0022/synthetic_005490/.posterior_samples.pt.u4y00P" failed: No such file or directory (2)
synthetic_005490/posterior_samples.pt
        2129920   9%    3.79MB/s   00:00:05
        4358144  18%    4.19MB/s   00:00:04
        5767168  23%    2.57MB/s   00:00:07
        7340032  30%    2.85MB/s   00:00:05
        9306112  38%    3.41MB/s   00:00:04
       11272192  46%    3.41MB/s   00:00:03
       12976128  53%    3.16MB/s   00:00:03
       14942208  61%    3.74MB/s   00:00:02
       16908288  69%    3.44MB/s   00:00:02
       18874368  77%    3.66MB/s   00:00:01
       20840448  85%    3.69MB/s   00:00:00
       22937600  93%    3.70MB/s   00:00:00
       24657317 100%    3.50MB/s   00:00:06 (xfer#1439, to-check=1679/1752)
synthetic_005490/posterior_std.pt
         232019 100%   12.79MB/s   00:00:00 (xfer#1440, to-check=1680/1752)
synthetic_005490/posterior_variance.pt
         232054 100%    3.61MB/s   00:00:00 (xfer#1441, to-check=1681/1752)
synthetic_005491/
synthetic_005491/composite_mean.pt
         232026 100%    4.19MB/s   00:00:00 (xfer#1442, to-check=1683/1752)
synthetic_005491/metadata.json
           1797 100%    5.40MB/s   00:00:00 (xfer#1443, to-check=1684/1752)
synthetic_005491/posterior_mean.pt
         232026 100%    3.76MB/s   00:00:00 (xfer#1444, to-check=1685/1752)
rsync: [receiver] mkstemp "/scratch/bhanug/br_lora_library/batches/batch_0022/synthetic_005490/.posterior_std.pt.XHbo0O" failed: No such file or directory (2)
rsync: [receiver] mkstemp "/scratch/bhanug/br_lora_library/batches/batch_0022/synthetic_005490/.posterior_variance.pt.zIFex8" failed: No such file or directory (2)
rsync: [receiver] mkstemp "/scratch/bhanug/br_lora_library/batches/batch_0022/synthetic_005491/.composite_mean.pt.zD3flM" failed: No such file or directory (2)
rsync: [receiver] mkstemp "/scratch/bhanug/br_lora_library/batches/batch_0022/synthetic_005491/.metadata.json.2NwUoW" failed: No such file or directory (2)
rsync: [receiver] mkstemp "/scratch/bhanug/br_lora_library/batches/batch_0022/synthetic_005491/.posterior_mean.pt.AwRqir" failed: No such file or directory (2)
rsync: [receiver] mkstemp "/scratch/bhanug/br_lora_library/batches/batch_0022/synthetic_005491/.posterior_samples.pt.mMk0OL" failed: No such file or directory (2)
synthetic_005491/posterior_samples.pt
        2195456   9%    4.06MB/s   00:00:05
        4554752  18%    4.43MB/s   00:00:04
        7045120  29%    4.73MB/s   00:00:03
        9666560  39%    4.63MB/s   00:00:03
       12288000  50%    4.73MB/s   00:00:02
       14909440  60%    4.92MB/s   00:00:01
       17661952  72%    4.97MB/s   00:00:01
       20545536  83%    5.36MB/s   00:00:00
       23429120  95%    5.46MB/s   00:00:00
       24657317 100%    4.82MB/s   00:00:04 (xfer#1445, to-check=1686/1752)
synthetic_005491/posterior_std.pt
         232019 100%   12.20MB/s   00:00:00 (xfer#1446, to-check=1687/1752)
synthetic_005491/posterior_variance.pt
         232054 100%   13.39MB/s   00:00:00 (xfer#1447, to-check=1688/1752)
synthetic_005492/
synthetic_005492/composite_mean.pt
         232026 100%    4.56MB/s   00:00:00 (xfer#1448, to-check=1690/1752)
synthetic_005492/metadata.json
           1796 100%   22.24MB/s   00:00:00 (xfer#1449, to-check=1691/1752)
synthetic_005492/posterior_mean.pt
         232026 100%    4.89MB/s   00:00:00 (xfer#1450, to-check=1692/1752)
rsync: [receiver] mkstemp "/scratch/bhanug/br_lora_library/batches/batch_0022/synthetic_005491/.posterior_std.pt.2pdQsK" failed: No such file or directory (2)
rsync: [receiver] mkstemp "/scratch/bhanug/br_lora_library/batches/batch_0022/synthetic_005491/.posterior_variance.pt.lOUXlv" failed: No such file or directory (2)
rsync: [receiver] mkstemp "/scratch/bhanug/br_lora_library/batches/batch_0022/synthetic_005492/.composite_mean.pt.OeqYrP" failed: No such file or directory (2)
rsync: [receiver] mkstemp "/scratch/bhanug/br_lora_library/batches/batch_0022/synthetic_005492/.metadata.json.Sihlle" failed: No such file or directory (2)
rsync: [receiver] mkstemp "/scratch/bhanug/br_lora_library/batches/batch_0022/synthetic_005492/.posterior_mean.pt.gOTkg0" failed: No such file or directory (2)
rsync: [receiver] mkstemp "/scratch/bhanug/br_lora_library/batches/batch_0022/synthetic_005492/.posterior_samples.pt.InIdRr" failed: No such file or directory (2)
synthetic_005492/posterior_samples.pt
        3211264  13%    6.07MB/s   00:00:03
        5832704  24%    4.97MB/s   00:00:03
        9207808  37%    6.44MB/s   00:00:02
       13303808  54%    7.78MB/s   00:00:01
       17367040  70%    7.37MB/s   00:00:00
       22609920  92%    9.90MB/s   00:00:00
       24657317 100%    7.14MB/s   00:00:03 (xfer#1451, to-check=1693/1752)
synthetic_005492/posterior_std.pt
         232019 100%   81.96MB/s   00:00:00 (xfer#1452, to-check=1694/1752)
synthetic_005492/posterior_variance.pt
         232054 100%  231.24MB/s   00:00:00 (xfer#1453, to-check=1695/1752)
synthetic_005493/
synthetic_005493/composite_mean.pt
         232026 100%   31.63MB/s   00:00:00 (xfer#1454, to-check=1697/1752)
synthetic_005493/metadata.json
           1797 100%   27.65MB/s   00:00:00 (xfer#1455, to-check=1698/1752)
synthetic_005493/posterior_mean.pt
         232026 100%    9.96MB/s   00:00:00 (xfer#1456, to-check=1699/1752)
rsync: [receiver] mkstemp "/scratch/bhanug/br_lora_library/batches/batch_0022/synthetic_005492/.posterior_std.pt.sFn2cn" failed: No such file or directory (2)
rsync: [receiver] mkstemp "/scratch/bhanug/br_lora_library/batches/batch_0022/synthetic_005492/.posterior_variance.pt.iHW1Pr" failed: No such file or directory (2)
rsync: [receiver] mkstemp "/scratch/bhanug/br_lora_library/batches/batch_0022/synthetic_005493/.composite_mean.pt.lNtww4" failed: No such file or directory (2)
rsync: [receiver] mkstemp "/scratch/bhanug/br_lora_library/batches/batch_0022/synthetic_005493/.metadata.json.EMwhDu" failed: No such file or directory (2)
rsync: [receiver] mkstemp "/scratch/bhanug/br_lora_library/batches/batch_0022/synthetic_005493/.posterior_mean.pt.y9FEx0" failed: No such file or directory (2)
rsync: [receiver] mkstemp "/scratch/bhanug/br_lora_library/batches/batch_0022/synthetic_005493/.posterior_samples.pt.OcHlNK" failed: No such file or directory (2)
synthetic_005493/posterior_samples.pt
        5668864  23%   10.80MB/s   00:00:01
       12222464  50%   12.37MB/s   00:00:00
       19300352  78%   12.86MB/s   00:00:00
       24657317 100%   12.08MB/s   00:00:01 (xfer#1457, to-check=1700/1752)
synthetic_005493/posterior_std.pt
         232019 100%   81.47MB/s   00:00:00 (xfer#1458, to-check=1701/1752)
synthetic_005493/posterior_variance.pt
         232054 100%  233.69MB/s   00:00:00 (xfer#1459, to-check=1702/1752)
synthetic_005494/
synthetic_005494/composite_mean.pt
         232026 100%   22.74MB/s   00:00:00 (xfer#1460, to-check=1704/1752)
synthetic_005494/metadata.json
           1797 100%   29.10MB/s   00:00:00 (xfer#1461, to-check=1705/1752)
synthetic_005494/posterior_mean.pt
         232026 100%   83.98MB/s   00:00:00 (xfer#1462, to-check=1706/1752)
rsync: [receiver] mkstemp "/scratch/bhanug/br_lora_library/batches/batch_0022/synthetic_005493/.posterior_std.pt.M0K6g5" failed: No such file or directory (2)
rsync: [receiver] mkstemp "/scratch/bhanug/br_lora_library/batches/batch_0022/synthetic_005493/.posterior_variance.pt.53L6du" failed: No such file or directory (2)
rsync: [receiver] mkstemp "/scratch/bhanug/br_lora_library/batches/batch_0022/synthetic_005494/.composite_mean.pt.WzZXXZ" failed: No such file or directory (2)
rsync: [receiver] mkstemp "/scratch/bhanug/br_lora_library/batches/batch_0022/synthetic_005494/.metadata.json.FinKFd" failed: No such file or directory (2)
rsync: [receiver] mkstemp "/scratch/bhanug/br_lora_library/batches/batch_0022/synthetic_005494/.posterior_mean.pt.tXcnD0" failed: No such file or directory (2)
rsync: [receiver] mkstemp "/scratch/bhanug/br_lora_library/batches/batch_0022/synthetic_005494/.posterior_samples.pt.Z0yVG9" failed: No such file or directory (2)
synthetic_005494/posterior_samples.pt
        5242880  21%    9.93MB/s   00:00:01
        9240576  37%    7.47MB/s   00:00:01
       15138816  61%   10.22MB/s   00:00:00
       16711680  68%    2.53MB/s   00:00:02
       17498112  71%    1.43MB/s   00:00:04
       18284544  74%    1.37MB/s   00:00:04
       19070976  77%    1.46MB/s   00:00:03
       19988480  81%    1.58MB/s   00:00:02
       21037056  85%    1.89MB/s   00:00:01
       22216704  90%    2.04MB/s   00:00:01
       23134208  94%    1.57MB/s   00:00:00
       24444928  99%    2.30MB/s   00:00:00
       24657317 100%    3.56MB/s   00:00:06 (xfer#1463, to-check=1707/1752)
synthetic_005494/posterior_std.pt
         232019 100%   11.33MB/s   00:00:00 (xfer#1464, to-check=1708/1752)
synthetic_005494/posterior_variance.pt
         232054 100%    2.44MB/s   00:00:00 (xfer#1465, to-check=1709/1752)
synthetic_005495/
synthetic_005495/composite_mean.pt
         232026 100%    2.21MB/s   00:00:00 (xfer#1466, to-check=1711/1752)
synthetic_005495/metadata.json
           1798 100%    6.02MB/s   00:00:00 (xfer#1467, to-check=1712/1752)
synthetic_005495/posterior_mean.pt
         232026 100%    1.85MB/s   00:00:00 (xfer#1468, to-check=1713/1752)
rsync: [receiver] mkstemp "/scratch/bhanug/br_lora_library/batches/batch_0022/synthetic_005494/.posterior_std.pt.MF5zrD" failed: No such file or directory (2)
rsync: [receiver] mkstemp "/scratch/bhanug/br_lora_library/batches/batch_0022/synthetic_005494/.posterior_variance.pt.GPLOBC" failed: No such file or directory (2)
synthetic_005495/posterior_samples.pt
        1474560   6%    2.60MB/s   00:00:08
rsync: [receiver] mkstemp "/scratch/bhanug/br_lora_library/batches/batch_0022/synthetic_005495/.composite_mean.pt.6L8ANo" failed: No such file or directory (2)
rsync: [receiver] mkstemp "/scratch/bhanug/br_lora_library/batches/batch_0022/synthetic_005495/.metadata.json.rm69At" failed: No such file or directory (2)
rsync: [receiver] mkstemp "/scratch/bhanug/br_lora_library/batches/batch_0022/synthetic_005495/.posterior_mean.pt.4ae7jS" failed: No such file or directory (2)
rsync: [receiver] mkstemp "/scratch/bhanug/br_lora_library/batches/batch_0022/synthetic_005495/.posterior_samples.pt.C88xdq" failed: No such file or directory (2)
        2916352  12%    2.57MB/s   00:00:08
        4489216  18%    2.76MB/s   00:00:06
        6193152  25%    3.13MB/s   00:00:05
        7897088  32%    2.97MB/s   00:00:05
        9732096  39%    3.26MB/s   00:00:04
       11829248  48%    3.60MB/s   00:00:03
       13926400  56%    3.85MB/s   00:00:02
       16154624  66%    3.99MB/s   00:00:02
       18513920  75%    4.27MB/s   00:00:01
       21266432  86%    5.22MB/s   00:00:00
       24543232 100%    5.85MB/s   00:00:00
       24657317 100%    3.65MB/s   00:00:06 (xfer#1469, to-check=1714/1752)
synthetic_005495/posterior_std.pt
         232019 100%   73.88MB/s   00:00:00 (xfer#1470, to-check=1715/1752)
synthetic_005495/posterior_variance.pt
         232054 100%   11.77MB/s   00:00:00 (xfer#1471, to-check=1716/1752)
synthetic_005496/
synthetic_005496/composite_mean.pt
         232026 100%   16.76MB/s   00:00:00 (xfer#1472, to-check=1718/1752)
synthetic_005496/metadata.json
           1797 100%   27.65MB/s   00:00:00 (xfer#1473, to-check=1719/1752)
synthetic_005496/posterior_mean.pt
         232026 100%    4.28MB/s   00:00:00 (xfer#1474, to-check=1720/1752)
rsync: [receiver] mkstemp "/scratch/bhanug/br_lora_library/batches/batch_0022/synthetic_005495/.posterior_std.pt.IEEUZ1" failed: No such file or directory (2)
rsync: [receiver] mkstemp "/scratch/bhanug/br_lora_library/batches/batch_0022/synthetic_005495/.posterior_variance.pt.eSljrZ" failed: No such file or directory (2)
rsync: [receiver] mkstemp "/scratch/bhanug/br_lora_library/batches/batch_0022/synthetic_005496/.composite_mean.pt.Uh1jue" failed: No such file or directory (2)
rsync: [receiver] mkstemp "/scratch/bhanug/br_lora_library/batches/batch_0022/synthetic_005496/.metadata.json.EJEu1k" failed: No such file or directory (2)
rsync: [receiver] mkstemp "/scratch/bhanug/br_lora_library/batches/batch_0022/synthetic_005496/.posterior_mean.pt.WX6Mq9" failed: No such file or directory (2)
rsync: [receiver] mkstemp "/scratch/bhanug/br_lora_library/batches/batch_0022/synthetic_005496/.posterior_samples.pt.qeSkwo" failed: No such file or directory (2)
synthetic_005496/posterior_samples.pt
        3538944  14%    6.69MB/s   00:00:03
        7602176  31%    7.73MB/s   00:00:02
       11796480  48%    7.98MB/s   00:00:01
       17170432  70%   10.13MB/s   00:00:00
       23199744  94%   11.21MB/s   00:00:00
       24657317 100%    8.70MB/s   00:00:02 (xfer#1475, to-check=1721/1752)
synthetic_005496/posterior_std.pt
         232019 100%   82.84MB/s   00:00:00 (xfer#1476, to-check=1722/1752)
synthetic_005496/posterior_variance.pt
         232054 100%   55.69MB/s   00:00:00 (xfer#1477, to-check=1723/1752)
synthetic_005497/
synthetic_005497/composite_mean.pt
         232026 100%   63.92MB/s   00:00:00 (xfer#1478, to-check=1725/1752)
synthetic_005497/metadata.json
           1798 100%   21.47MB/s   00:00:00 (xfer#1479, to-check=1726/1752)
synthetic_005497/posterior_mean.pt
         232026 100%   15.25MB/s   00:00:00 (xfer#1480, to-check=1727/1752)
rsync: [receiver] mkstemp "/scratch/bhanug/br_lora_library/batches/batch_0022/synthetic_005496/.posterior_std.pt.tXlUFE" failed: No such file or directory (2)
rsync: [receiver] mkstemp "/scratch/bhanug/br_lora_library/batches/batch_0022/synthetic_005496/.posterior_variance.pt.hjmDAQ" failed: No such file or directory (2)
rsync: [receiver] mkstemp "/scratch/bhanug/br_lora_library/batches/batch_0022/synthetic_005497/.composite_mean.pt.6Pwwbb" failed: No such file or directory (2)
rsync: [receiver] mkstemp "/scratch/bhanug/br_lora_library/batches/batch_0022/synthetic_005497/.metadata.json.S0JXgu" failed: No such file or directory (2)
rsync: [receiver] mkstemp "/scratch/bhanug/br_lora_library/batches/batch_0022/synthetic_005497/.posterior_mean.pt.TMahzh" failed: No such file or directory (2)
rsync: [receiver] mkstemp "/scratch/bhanug/br_lora_library/batches/batch_0022/synthetic_005497/.posterior_samples.pt.ddF8K6" failed: No such file or directory (2)
synthetic_005497/posterior_samples.pt
        6651904  27%   12.68MB/s   00:00:01
       13860864  56%   13.58MB/s   00:00:00
       20414464  83%   10.68MB/s   00:00:00
       24657317 100%   11.11MB/s   00:00:02 (xfer#1481, to-check=1728/1752)
synthetic_005497/posterior_std.pt
         232019 100%  154.32MB/s   00:00:00 (xfer#1482, to-check=1729/1752)
synthetic_005497/posterior_variance.pt
         232054 100%  187.06MB/s   00:00:00 (xfer#1483, to-check=1730/1752)
synthetic_005498/
synthetic_005498/composite_mean.pt
         232026 100%  168.78MB/s   00:00:00 (xfer#1484, to-check=1732/1752)
synthetic_005498/metadata.json
           1799 100%   30.75MB/s   00:00:00 (xfer#1485, to-check=1733/1752)
synthetic_005498/posterior_mean.pt
         232026 100%    9.45MB/s   00:00:00 (xfer#1486, to-check=1734/1752)
rsync: [receiver] mkstemp "/scratch/bhanug/br_lora_library/batches/batch_0022/synthetic_005497/.posterior_std.pt.JTO8M2" failed: No such file or directory (2)
rsync: [receiver] mkstemp "/scratch/bhanug/br_lora_library/batches/batch_0022/synthetic_005497/.posterior_variance.pt.OZOiOL" failed: No such file or directory (2)
rsync: [receiver] mkstemp "/scratch/bhanug/br_lora_library/batches/batch_0022/synthetic_005498/.composite_mean.pt.nWaQ0A" failed: No such file or directory (2)
rsync: [receiver] mkstemp "/scratch/bhanug/br_lora_library/batches/batch_0022/synthetic_005498/.metadata.json.uULO24" failed: No such file or directory (2)
rsync: [receiver] mkstemp "/scratch/bhanug/br_lora_library/batches/batch_0022/synthetic_005498/.posterior_mean.pt.h14pBr" failed: No such file or directory (2)
rsync: [receiver] mkstemp "/scratch/bhanug/br_lora_library/batches/batch_0022/synthetic_005498/.posterior_samples.pt.BFbLRw" failed: No such file or directory (2)
synthetic_005498/posterior_samples.pt
        6914048  28%   13.02MB/s   00:00:01
       14123008  57%   13.62MB/s   00:00:00
       20676608  84%   11.94MB/s   00:00:00
       24657317 100%   12.79MB/s   00:00:01 (xfer#1487, to-check=1735/1752)
synthetic_005498/posterior_std.pt
         232019 100%   80.81MB/s   00:00:00 (xfer#1488, to-check=1736/1752)
synthetic_005498/posterior_variance.pt
         232054 100%  186.91MB/s   00:00:00 (xfer#1489, to-check=1737/1752)
synthetic_005499/
synthetic_005499/composite_mean.pt
         232026 100%   20.46MB/s   00:00:00 (xfer#1490, to-check=1739/1752)
synthetic_005499/metadata.json
           1798 100%   21.66MB/s   00:00:00 (xfer#1491, to-check=1740/1752)
synthetic_005499/posterior_mean.pt
         232026 100%   23.55MB/s   00:00:00 (xfer#1492, to-check=1741/1752)
rsync: [receiver] mkstemp "/scratch/bhanug/br_lora_library/batches/batch_0022/synthetic_005498/.posterior_std.pt.vdln6I" failed: No such file or directory (2)
rsync: [receiver] mkstemp "/scratch/bhanug/br_lora_library/batches/batch_0022/synthetic_005498/.posterior_variance.pt.UhkH8R" failed: No such file or directory (2)
rsync: [receiver] mkstemp "/scratch/bhanug/br_lora_library/batches/batch_0022/synthetic_005499/.composite_mean.pt.6jMt5q" failed: No such file or directory (2)
rsync: [receiver] mkstemp "/scratch/bhanug/br_lora_library/batches/batch_0022/synthetic_005499/.metadata.json.RAaLug" failed: No such file or directory (2)
rsync: [receiver] mkstemp "/scratch/bhanug/br_lora_library/batches/batch_0022/synthetic_005499/.posterior_mean.pt.coLfNC" failed: No such file or directory (2)
rsync: [receiver] mkstemp "/scratch/bhanug/br_lora_library/batches/batch_0022/synthetic_005499/.posterior_samples.pt.aFV0Y5" failed: No such file or directory (2)
synthetic_005499/posterior_samples.pt
        6488064  26%   12.17MB/s   00:00:01
       13172736  53%   12.34MB/s   00:00:00
       19726336  80%   12.40MB/s   00:00:00
       24657317 100%   12.15MB/s   00:00:01 (xfer#1493, to-check=1742/1752)
synthetic_005499/posterior_std.pt
         232019 100%  117.51MB/s   00:00:00 (xfer#1494, to-check=1743/1752)
synthetic_005499/posterior_variance.pt
         232054 100%  178.30MB/s   00:00:00 (xfer#1495, to-check=1744/1752)
synthetic_005500/
synthetic_005500/composite_mean.pt
         232026 100%   30.45MB/s   00:00:00 (xfer#1496, to-check=1746/1752)
synthetic_005500/metadata.json
           1796 100%   29.56MB/s   00:00:00 (xfer#1497, to-check=1747/1752)
synthetic_005500/posterior_mean.pt
         232026 100%   11.44MB/s   00:00:00 (xfer#1498, to-check=1748/1752)
rsync: [receiver] mkstemp "/scratch/bhanug/br_lora_library/batches/batch_0022/synthetic_005499/.posterior_std.pt.TofcZ3" failed: No such file or directory (2)
rsync: [receiver] mkstemp "/scratch/bhanug/br_lora_library/batches/batch_0022/synthetic_005499/.posterior_variance.pt.M7V9G0" failed: No such file or directory (2)
rsync: [receiver] mkstemp "/scratch/bhanug/br_lora_library/batches/batch_0022/synthetic_005500/.composite_mean.pt.eThpxK" failed: No such file or directory (2)
rsync: [receiver] mkstemp "/scratch/bhanug/br_lora_library/batches/batch_0022/synthetic_005500/.metadata.json.FBsFHZ" failed: No such file or directory (2)
rsync: [receiver] mkstemp "/scratch/bhanug/br_lora_library/batches/batch_0022/synthetic_005500/.posterior_mean.pt.k8iLo9" failed: No such file or directory (2)
rsync: [receiver] mkstemp "/scratch/bhanug/br_lora_library/batches/batch_0022/synthetic_005500/.posterior_samples.pt.evlGaW" failed: No such file or directory (2)
synthetic_005500/posterior_samples.pt
        6717440  27%   12.73MB/s   00:00:01
       13533184  55%   12.93MB/s   00:00:00
       20217856  82%   12.54MB/s   00:00:00
       24657317 100%   12.52MB/s   00:00:01 (xfer#1499, to-check=1749/1752)
synthetic_005500/posterior_std.pt
         232019 100%   79.11MB/s   00:00:00 (xfer#1500, to-check=1750/1752)
synthetic_005500/posterior_variance.pt
         232054 100%  234.93MB/s   00:00:00 (xfer#1501, to-check=1751/1752)
rsync: [receiver] mkstemp "/scratch/bhanug/br_lora_library/batches/batch_0022/synthetic_005500/.posterior_std.pt.ORWxGl" failed: No such file or directory (2)
rsync: [receiver] mkstemp "/scratch/bhanug/br_lora_library/batches/batch_0022/synthetic_005500/.posterior_variance.pt.wKY5b0" failed: No such file or directory (2)

sent 6398M bytes  received 34548 bytes  7751k bytes/sec
total size is 6397M  speedup is 1.00
rsync(35507): warning: child 35508 exited with status 23
==============================================================================
BR-LoRA FROZEN LIBRARY PIPELINE: FAILED
==============================================================================
Command '['rsync', '-avh', '--partial', '--progress', '/Users/bhanugarg/archive/br_lora_library_staging/batch_0022/', 'falcon:/scratch/bhanug/br_lora_library/batches/batch_0022/']' returned non-zero exit status 23.
No cleanup was performed after failure.

==============================================================================
BR-LoRA FROZEN LIBRARY PIPELINE
==============================================================================

Batch                    : batch_0022
Frozen design            : /Users/bhanugarg/Desktop/localized-medical-image-synthesis/downstream_evaluation/manifests/br_lora_library_design_10000/batches/batch_0022_manifest.csv
Local staging            : /Users/bhanugarg/archive/br_lora_library_staging/batch_0022
Falcon library           : /scratch/bhanug/br_lora_library
Falcon acceptance        : True
Cleanup                  : True

==============================================================================
STAGE 1 — LOCAL GENERATION + PRODUCTION AUDIT
==============================================================================

/opt/anaconda3/envs/brats-nnunet/bin/python /Users/bhanugarg/Desktop/localized-medical-image-synthesis/scripts/run_br_lora_library_batch.py --batch batch_0022


==============================================================================
STAGE 2 — TRANSFER BATCH TO FALCON
==============================================================================

rsync -avh --partial --progress /Users/bhanugarg/archive/br_lora_library_staging/batch_0022/ falcon:/scratch/bhanug/br_lora_library/batches/batch_0022/


026-08-15

Pipeline completed local generation and production audit successfully.

A temporary local Wi-Fi outage interrupted the initial rsync transfer to
Falcon (SSH/rsync exit status 255). No production data were lost or modified.
The local staging directory, production audit, and SHA-256 inventory were
retained exactly as designed.

Batch 0022 was subsequently resumed from the transfer stage and promoted only
after successful Falcon checksum verification and acceptance.

