============================================================
BR-LoRA PIPELINE: batch_0023
Started: Sat Aug 15 20:54:47 EDT 2026
============================================================


==============================================================================
BR-LoRA EXTERNAL EVALUATION CONSTRUCTION
==============================================================================

Evaluation
------------------------------------------------------------------------------
Evaluation name          : br_lora_external_evaluation
Checkpoint               : /Users/bhanugarg/Desktop/localized-medical-image-synthesis/checkpoints/br_lora_full_train/final.pt
Device                   : mps
Seed                     : 42
Posterior realizations   : 100
Fixed diffusion noise    : True
Timestep fraction        : 0.75
Resume mode              : False

External dataset
------------------------------------------------------------------------------
Specification            : /Users/bhanugarg/archive/BraTS2020_ValidationData/MICCAI_BraTS2020_ValidationData/validation_dataset.yaml
Dataset root             : /Users/bhanugarg/archive/BraTS2020_ValidationData/MICCAI_BraTS2020_ValidationData
Registered subjects      : 125

Evaluation manifest
------------------------------------------------------------------------------
Manifest                 : /Users/bhanugarg/Desktop/localized-medical-image-synthesis/downstream_evaluation/manifests/br_lora_library_design_10000/batches/batch_0023_external_evaluation_manifest.csv
Cases                    : 250

BR-LoRA
------------------------------------------------------------------------------
Variational modules      : 7
Variational parameters   : 36,104
Donor image channel      : 0

Provenance
------------------------------------------------------------------------------
Git commit               : 35f169f8d879ca3e8fff921419a96451e704ba28
Future output directory  : /Users/bhanugarg/archive/br_lora_library_staging/batch_0023

==============================================================================
CONSTRUCTION VERDICT: PASS
The fitted BR-LoRA checkpoint, registered external dataset, fixed evaluation manifest, and diffusion schedule were constructed successfully.
==============================================================================

==============================================================================
RUNNING EXTERNAL POSTERIOR INFERENCE
==============================================================================

[1/250] synthetic_005501
  Case seed              : 337471054
  External subject       : BraTS20_Validation_068
  External slice         : 34
  Donor mask pixels      : 383
  Posterior stack        : (100, 1, 1, 240, 240)
  Case output            : /Users/bhanugarg/archive/br_lora_library_staging/batch_0023/synthetic_005501
  Verdict                : PASS

[2/250] synthetic_005502
  Case seed              : 1464724566
  External subject       : BraTS20_Validation_068
  External slice         : 35
  Donor mask pixels      : 568
  Posterior stack        : (100, 1, 1, 240, 240)
  Case output            : /Users/bhanugarg/archive/br_lora_library_staging/batch_0023/synthetic_005502
  Verdict                : PASS

[3/250] synthetic_005503
  Case seed              : 112833205
  External subject       : BraTS20_Validation_068
  External slice         : 36
  Donor mask pixels      : 856
  Posterior stack        : (100, 1, 1, 240, 240)
  Case output            : /Users/bhanugarg/archive/br_lora_library_staging/batch_0023/synthetic_005503
  Verdict                : PASS

[4/250] synthetic_005504
  Case seed              : 986352955
  External subject       : BraTS20_Validation_068
  External slice         : 37
  Donor mask pixels      : 521
  Posterior stack        : (100, 1, 1, 240, 240)
  Case output            : /Users/bhanugarg/archive/br_lora_library_staging/batch_0023/synthetic_005504
  Verdict                : PASS

[5/250] synthetic_005505
  Case seed              : 187479535
  External subject       : BraTS20_Validation_068
  External slice         : 38
  Donor mask pixels      : 1328
  Posterior stack        : (100, 1, 1, 240, 240)
  Case output            : /Users/bhanugarg/archive/br_lora_library_staging/batch_0023/synthetic_005505
  Verdict                : PASS

[6/250] synthetic_005506
  Case seed              : 298074171
  External subject       : BraTS20_Validation_068
  External slice         : 39
  Donor mask pixels      : 3551
  Posterior stack        : (100, 1, 1, 240, 240)
  Case output            : /Users/bhanugarg/archive/br_lora_library_staging/batch_0023/synthetic_005506
  Verdict                : PASS

[7/250] synthetic_005507
  Case seed              : 586530015
  External subject       : BraTS20_Validation_068
  External slice         : 40
  Donor mask pixels      : 2661
  Posterior stack        : (100, 1, 1, 240, 240)
  Case output            : /Users/bhanugarg/archive/br_lora_library_staging/batch_0023/synthetic_005507
  Verdict                : PASS

[8/250] synthetic_005508
  Case seed              : 1557158571
  External subject       : BraTS20_Validation_068
  External slice         : 41
  Donor mask pixels      : 940
  Posterior stack        : (100, 1, 1, 240, 240)
  Case output            : /Users/bhanugarg/archive/br_lora_library_staging/batch_0023/synthetic_005508
  Verdict                : PASS

[9/250] synthetic_005509
  Case seed              : 1528100375
  External subject       : BraTS20_Validation_068
  External slice         : 42
  Donor mask pixels      : 1907
  Posterior stack        : (100, 1, 1, 240, 240)
  Case output            : /Users/bhanugarg/archive/br_lora_library_staging/batch_0023/synthetic_005509
  Verdict                : PASS

[10/250] synthetic_005510
  Case seed              : 1136243047
  External subject       : BraTS20_Validation_068
  External slice         : 43
  Donor mask pixels      : 853
  Posterior stack        : (100, 1, 1, 240, 240)
  Case output            : /Users/bhanugarg/archive/br_lora_library_staging/batch_0023/synthetic_005510
  Verdict                : PASS

[11/250] synthetic_005511
  Case seed              : 1330343215
  External subject       : BraTS20_Validation_068
  External slice         : 44
  Donor mask pixels      : 1072
  Posterior stack        : (100, 1, 1, 240, 240)
  Case output            : /Users/bhanugarg/archive/br_lora_library_staging/batch_0023/synthetic_005511
  Verdict                : PASS

[12/250] synthetic_005512
  Case seed              : 1085896129
  External subject       : BraTS20_Validation_068
  External slice         : 45
  Donor mask pixels      : 441
  Posterior stack        : (100, 1, 1, 240, 240)
  Case output            : /Users/bhanugarg/archive/br_lora_library_staging/batch_0023/synthetic_005512
  Verdict                : PASS

[13/250] synthetic_005513
  Case seed              : 2071118391
  External subject       : BraTS20_Validation_068
  External slice         : 46
  Donor mask pixels      : 1398
  Posterior stack        : (100, 1, 1, 240, 240)
  Case output            : /Users/bhanugarg/archive/br_lora_library_staging/batch_0023/synthetic_005513
  Verdict                : PASS

[14/250] synthetic_005514
  Case seed              : 1076979392
  External subject       : BraTS20_Validation_068
  External slice         : 47
  Donor mask pixels      : 320
  Posterior stack        : (100, 1, 1, 240, 240)
  Case output            : /Users/bhanugarg/archive/br_lora_library_staging/batch_0023/synthetic_005514
  Verdict                : PASS

[15/250] synthetic_005515
  Case seed              : 360526893
  External subject       : BraTS20_Validation_068
  External slice         : 48
  Donor mask pixels      : 1615
  Posterior stack        : (100, 1, 1, 240, 240)
  Case output            : /Users/bhanugarg/archive/br_lora_library_staging/batch_0023/synthetic_005515
  Verdict                : PASS

[16/250] synthetic_005516
  Case seed              : 149738429
  External subject       : BraTS20_Validation_068
  External slice         : 49
  Donor mask pixels      : 2330
  Posterior stack        : (100, 1, 1, 240, 240)
  Case output            : /Users/bhanugarg/archive/br_lora_library_staging/batch_0023/synthetic_005516
  Verdict                : PASS

[17/250] synthetic_005517
  Case seed              : 143290316
  External subject       : BraTS20_Validation_068
  External slice         : 50
  Donor mask pixels      : 1680
  Posterior stack        : (100, 1, 1, 240, 240)
  Case output            : /Users/bhanugarg/archive/br_lora_library_staging/batch_0023/synthetic_005517
  Verdict                : PASS

[18/250] synthetic_005518
  Case seed              : 1160128507
  External subject       : BraTS20_Validation_068
  External slice         : 51
  Donor mask pixels      : 3567
  Posterior stack        : (100, 1, 1, 240, 240)
  Case output            : /Users/bhanugarg/archive/br_lora_library_staging/batch_0023/synthetic_005518
  Verdict                : PASS

[19/250] synthetic_005519
  Case seed              : 1108206699
  External subject       : BraTS20_Validation_068
  External slice         : 52
  Donor mask pixels      : 736
  Posterior stack        : (100, 1, 1, 240, 240)
  Case output            : /Users/bhanugarg/archive/br_lora_library_staging/batch_0023/synthetic_005519
  Verdict                : PASS

[20/250] synthetic_005520
  Case seed              : 1131619475
  External subject       : BraTS20_Validation_068
  External slice         : 53
  Donor mask pixels      : 348
  Posterior stack        : (100, 1, 1, 240, 240)
  Case output            : /Users/bhanugarg/archive/br_lora_library_staging/batch_0023/synthetic_005520
  Verdict                : PASS

[21/250] synthetic_005521
  Case seed              : 596182376
  External subject       : BraTS20_Validation_068
  External slice         : 54
  Donor mask pixels      : 959
  Posterior stack        : (100, 1, 1, 240, 240)
  Case output            : /Users/bhanugarg/archive/br_lora_library_staging/batch_0023/synthetic_005521
  Verdict                : PASS

[22/250] synthetic_005522
  Case seed              : 444816953
  External subject       : BraTS20_Validation_068
  External slice         : 55
  Donor mask pixels      : 1589
  Posterior stack        : (100, 1, 1, 240, 240)
  Case output            : /Users/bhanugarg/archive/br_lora_library_staging/batch_0023/synthetic_005522
  Verdict                : PASS

[23/250] synthetic_005523
  Case seed              : 1821222041
  External subject       : BraTS20_Validation_068
  External slice         : 56
  Donor mask pixels      : 1937
  Posterior stack        : (100, 1, 1, 240, 240)
  Case output            : /Users/bhanugarg/archive/br_lora_library_staging/batch_0023/synthetic_005523
  Verdict                : PASS

[24/250] synthetic_005524
  Case seed              : 1454332232
  External subject       : BraTS20_Validation_068
  External slice         : 57
  Donor mask pixels      : 389
  Posterior stack        : (100, 1, 1, 240, 240)
  Case output            : /Users/bhanugarg/archive/br_lora_library_staging/batch_0023/synthetic_005524
  Verdict                : PASS

[25/250] synthetic_005525
  Case seed              : 1168379636
  External subject       : BraTS20_Validation_068
  External slice         : 58
  Donor mask pixels      : 1008
  Posterior stack        : (100, 1, 1, 240, 240)
  Case output            : /Users/bhanugarg/archive/br_lora_library_staging/batch_0023/synthetic_005525
  Verdict                : PASS

[26/250] synthetic_005526
  Case seed              : 826336388
  External subject       : BraTS20_Validation_068
  External slice         : 59
  Donor mask pixels      : 1169
  Posterior stack        : (100, 1, 1, 240, 240)
  Case output            : /Users/bhanugarg/archive/br_lora_library_staging/batch_0023/synthetic_005526
  Verdict                : PASS

[27/250] synthetic_005527
  Case seed              : 918689450
  External subject       : BraTS20_Validation_068
  External slice         : 60
  Donor mask pixels      : 2195
  Posterior stack        : (100, 1, 1, 240, 240)
  Case output            : /Users/bhanugarg/archive/br_lora_library_staging/batch_0023/synthetic_005527
  Verdict                : PASS

[28/250] synthetic_005528
  Case seed              : 1709144469
  External subject       : BraTS20_Validation_068
  External slice         : 61
  Donor mask pixels      : 2381
  Posterior stack        : (100, 1, 1, 240, 240)
  Case output            : /Users/bhanugarg/archive/br_lora_library_staging/batch_0023/synthetic_005528
  Verdict                : PASS

[29/250] synthetic_005529
  Case seed              : 496839990
  External subject       : BraTS20_Validation_068
  External slice         : 62
  Donor mask pixels      : 2416
  Posterior stack        : (100, 1, 1, 240, 240)
  Case output            : /Users/bhanugarg/archive/br_lora_library_staging/batch_0023/synthetic_005529
  Verdict                : PASS

[30/250] synthetic_005530
  Case seed              : 528465175
  External subject       : BraTS20_Validation_068
  External slice         : 63
  Donor mask pixels      : 1892
  Posterior stack        : (100, 1, 1, 240, 240)
  Case output            : /Users/bhanugarg/archive/br_lora_library_staging/batch_0023/synthetic_005530
  Verdict                : PASS

[31/250] synthetic_005531
  Case seed              : 1880142709
  External subject       : BraTS20_Validation_068
  External slice         : 63
  Donor mask pixels      : 1328
  Posterior stack        : (100, 1, 1, 240, 240)
  Case output            : /Users/bhanugarg/archive/br_lora_library_staging/batch_0023/synthetic_005531
  Verdict                : PASS

[32/250] synthetic_005532
  Case seed              : 1224509986
  External subject       : BraTS20_Validation_068
  External slice         : 64
  Donor mask pixels      : 2385
  Posterior stack        : (100, 1, 1, 240, 240)
  Case output            : /Users/bhanugarg/archive/br_lora_library_staging/batch_0023/synthetic_005532
  Verdict                : PASS

[33/250] synthetic_005533
  Case seed              : 727820067
  External subject       : BraTS20_Validation_068
  External slice         : 65
  Donor mask pixels      : 3337
  Posterior stack        : (100, 1, 1, 240, 240)
  Case output            : /Users/bhanugarg/archive/br_lora_library_staging/batch_0023/synthetic_005533
  Verdict                : PASS

[34/250] synthetic_005534
  Case seed              : 50780924
  External subject       : BraTS20_Validation_068
  External slice         : 66
  Donor mask pixels      : 4844
  Posterior stack        : (100, 1, 1, 240, 240)
  Case output            : /Users/bhanugarg/archive/br_lora_library_staging/batch_0023/synthetic_005534
  Verdict                : PASS

[35/250] synthetic_005535
  Case seed              : 1403169389
  External subject       : BraTS20_Validation_068
  External slice         : 67
  Donor mask pixels      : 4455
  Posterior stack        : (100, 1, 1, 240, 240)
  Case output            : /Users/bhanugarg/archive/br_lora_library_staging/batch_0023/synthetic_005535
  Verdict                : PASS

[36/250] synthetic_005536
  Case seed              : 2053531842
  External subject       : BraTS20_Validation_068
  External slice         : 67
  Donor mask pixels      : 1001
  Posterior stack        : (100, 1, 1, 240, 240)
  Case output            : /Users/bhanugarg/archive/br_lora_library_staging/batch_0023/synthetic_005536
  Verdict                : PASS

[37/250] synthetic_005537
  Case seed              : 439860742
  External subject       : BraTS20_Validation_068
  External slice         : 68
  Donor mask pixels      : 790
  Posterior stack        : (100, 1, 1, 240, 240)
  Case output            : /Users/bhanugarg/archive/br_lora_library_staging/batch_0023/synthetic_005537
  Verdict                : PASS

[38/250] synthetic_005538
  Case seed              : 109338763
  External subject       : BraTS20_Validation_068
  External slice         : 68
  Donor mask pixels      : 2140
  Posterior stack        : (100, 1, 1, 240, 240)
  Case output            : /Users/bhanugarg/archive/br_lora_library_staging/batch_0023/synthetic_005538
  Verdict                : PASS

[39/250] synthetic_005539
  Case seed              : 1797414643
  External subject       : BraTS20_Validation_068
  External slice         : 69
  Donor mask pixels      : 2572
  Posterior stack        : (100, 1, 1, 240, 240)
  Case output            : /Users/bhanugarg/archive/br_lora_library_staging/batch_0023/synthetic_005539
  Verdict                : PASS

[40/250] synthetic_005540
  Case seed              : 1984505291
  External subject       : BraTS20_Validation_068
  External slice         : 69
  Donor mask pixels      : 1208
  Posterior stack        : (100, 1, 1, 240, 240)
  Case output            : /Users/bhanugarg/archive/br_lora_library_staging/batch_0023/synthetic_005540
  Verdict                : PASS

[41/250] synthetic_005541
  Case seed              : 548870412
  External subject       : BraTS20_Validation_068
  External slice         : 70
  Donor mask pixels      : 2069
  Posterior stack        : (100, 1, 1, 240, 240)
  Case output            : /Users/bhanugarg/archive/br_lora_library_staging/batch_0023/synthetic_005541
  Verdict                : PASS

[42/250] synthetic_005542
  Case seed              : 631604839
  External subject       : BraTS20_Validation_068
  External slice         : 70
  Donor mask pixels      : 735
  Posterior stack        : (100, 1, 1, 240, 240)
  Case output            : /Users/bhanugarg/archive/br_lora_library_staging/batch_0023/synthetic_005542
  Verdict                : PASS

[43/250] synthetic_005543
  Case seed              : 1074113261
  External subject       : BraTS20_Validation_068
  External slice         : 71
  Donor mask pixels      : 704
  Posterior stack        : (100, 1, 1, 240, 240)
  Case output            : /Users/bhanugarg/archive/br_lora_library_staging/batch_0023/synthetic_005543
  Verdict                : PASS

[44/250] synthetic_005544
  Case seed              : 525120226
  External subject       : BraTS20_Validation_068
  External slice         : 71
  Donor mask pixels      : 3080
  Posterior stack        : (100, 1, 1, 240, 240)
  Case output            : /Users/bhanugarg/archive/br_lora_library_staging/batch_0023/synthetic_005544
  Verdict                : PASS

[45/250] synthetic_005545
  Case seed              : 703145250
  External subject       : BraTS20_Validation_068
  External slice         : 72
  Donor mask pixels      : 1921
  Posterior stack        : (100, 1, 1, 240, 240)
  Case output            : /Users/bhanugarg/archive/br_lora_library_staging/batch_0023/synthetic_005545
  Verdict                : PASS

[46/250] synthetic_005546
  Case seed              : 22790998
  External subject       : BraTS20_Validation_068
  External slice         : 72
  Donor mask pixels      : 1948
  Posterior stack        : (100, 1, 1, 240, 240)
  Case output            : /Users/bhanugarg/archive/br_lora_library_staging/batch_0023/synthetic_005546
  Verdict                : PASS

[47/250] synthetic_005547
  Case seed              : 1268090374
  External subject       : BraTS20_Validation_068
  External slice         : 73
  Donor mask pixels      : 3149
  Posterior stack        : (100, 1, 1, 240, 240)
  Case output            : /Users/bhanugarg/archive/br_lora_library_staging/batch_0023/synthetic_005547
  Verdict                : PASS

[48/250] synthetic_005548
  Case seed              : 434520554
  External subject       : BraTS20_Validation_068
  External slice         : 73
  Donor mask pixels      : 1165
  Posterior stack        : (100, 1, 1, 240, 240)
  Case output            : /Users/bhanugarg/archive/br_lora_library_staging/batch_0023/synthetic_005548
  Verdict                : PASS

[49/250] synthetic_005549
  Case seed              : 1313926060
  External subject       : BraTS20_Validation_068
  External slice         : 74
  Donor mask pixels      : 1423
  Posterior stack        : (100, 1, 1, 240, 240)
  Case output            : /Users/bhanugarg/archive/br_lora_library_staging/batch_0023/synthetic_005549
  Verdict                : PASS

[50/250] synthetic_005550
  Case seed              : 399995543
  External subject       : BraTS20_Validation_068
  External slice         : 74
  Donor mask pixels      : 1118
  Posterior stack        : (100, 1, 1, 240, 240)
  Case output            : /Users/bhanugarg/archive/br_lora_library_staging/batch_0023/synthetic_005550
  Verdict                : PASS

[51/250] synthetic_005551
  Case seed              : 1682545943
  External subject       : BraTS20_Validation_068
  External slice         : 75
  Donor mask pixels      : 4249
  Posterior stack        : (100, 1, 1, 240, 240)
  Case output            : /Users/bhanugarg/archive/br_lora_library_staging/batch_0023/synthetic_005551
  Verdict                : PASS

[52/250] synthetic_005552
  Case seed              : 1134629500
  External subject       : BraTS20_Validation_068
  External slice         : 75
  Donor mask pixels      : 1234
  Posterior stack        : (100, 1, 1, 240, 240)
  Case output            : /Users/bhanugarg/archive/br_lora_library_staging/batch_0023/synthetic_005552
  Verdict                : PASS

[53/250] synthetic_005553
  Case seed              : 1908588317
  External subject       : BraTS20_Validation_068
  External slice         : 76
  Donor mask pixels      : 947
  Posterior stack        : (100, 1, 1, 240, 240)
  Case output            : /Users/bhanugarg/archive/br_lora_library_staging/batch_0023/synthetic_005553
  Verdict                : PASS

[54/250] synthetic_005554
  Case seed              : 1084303268
  External subject       : BraTS20_Validation_068
  External slice         : 76
  Donor mask pixels      : 1266
  Posterior stack        : (100, 1, 1, 240, 240)
  Case output            : /Users/bhanugarg/archive/br_lora_library_staging/batch_0023/synthetic_005554
  Verdict                : PASS

[55/250] synthetic_005555
  Case seed              : 475896637
  External subject       : BraTS20_Validation_069
  External slice         : 11
  Donor mask pixels      : 1293
  Posterior stack        : (100, 1, 1, 240, 240)
  Case output            : /Users/bhanugarg/archive/br_lora_library_staging/batch_0023/synthetic_005555
  Verdict                : PASS

[56/250] synthetic_005556
  Case seed              : 1883077890
  External subject       : BraTS20_Validation_069
  External slice         : 12
  Donor mask pixels      : 1236
  Posterior stack        : (100, 1, 1, 240, 240)
  Case output            : /Users/bhanugarg/archive/br_lora_library_staging/batch_0023/synthetic_005556
  Verdict                : PASS

[57/250] synthetic_005557
  Case seed              : 1192455037
  External subject       : BraTS20_Validation_069
  External slice         : 13
  Donor mask pixels      : 1497
  Posterior stack        : (100, 1, 1, 240, 240)
  Case output            : /Users/bhanugarg/archive/br_lora_library_staging/batch_0023/synthetic_005557
  Verdict                : PASS

[58/250] synthetic_005558
  Case seed              : 1766275804
  External subject       : BraTS20_Validation_069
  External slice         : 14
  Donor mask pixels      : 393
  Posterior stack        : (100, 1, 1, 240, 240)
  Case output            : /Users/bhanugarg/archive/br_lora_library_staging/batch_0023/synthetic_005558
  Verdict                : PASS

[59/250] synthetic_005559
  Case seed              : 1708456011
  External subject       : BraTS20_Validation_069
  External slice         : 15
  Donor mask pixels      : 1182
  Posterior stack        : (100, 1, 1, 240, 240)
  Case output            : /Users/bhanugarg/archive/br_lora_library_staging/batch_0023/synthetic_005559
  Verdict                : PASS

[60/250] synthetic_005560
  Case seed              : 1028621593
  External subject       : BraTS20_Validation_069
  External slice         : 16
  Donor mask pixels      : 1572
  Posterior stack        : (100, 1, 1, 240, 240)
  Case output            : /Users/bhanugarg/archive/br_lora_library_staging/batch_0023/synthetic_005560
  Verdict                : PASS

[61/250] synthetic_005561
  Case seed              : 1940860867
  External subject       : BraTS20_Validation_069
  External slice         : 17
  Donor mask pixels      : 582
  Posterior stack        : (100, 1, 1, 240, 240)
  Case output            : /Users/bhanugarg/archive/br_lora_library_staging/batch_0023/synthetic_005561
  Verdict                : PASS

[62/250] synthetic_005562
  Case seed              : 676929078
  External subject       : BraTS20_Validation_069
  External slice         : 18
  Donor mask pixels      : 394
  Posterior stack        : (100, 1, 1, 240, 240)
  Case output            : /Users/bhanugarg/archive/br_lora_library_staging/batch_0023/synthetic_005562
  Verdict                : PASS

[63/250] synthetic_005563
  Case seed              : 311154110
  External subject       : BraTS20_Validation_069
  External slice         : 19
  Donor mask pixels      : 560
  Posterior stack        : (100, 1, 1, 240, 240)
  Case output            : /Users/bhanugarg/archive/br_lora_library_staging/batch_0023/synthetic_005563
  Verdict                : PASS

[64/250] synthetic_005564
  Case seed              : 218707180
  External subject       : BraTS20_Validation_069
  External slice         : 20
  Donor mask pixels      : 1544
  Posterior stack        : (100, 1, 1, 240, 240)
  Case output            : /Users/bhanugarg/archive/br_lora_library_staging/batch_0023/synthetic_005564
  Verdict                : PASS

[65/250] synthetic_005565
  Case seed              : 610854826
  External subject       : BraTS20_Validation_069
  External slice         : 21
  Donor mask pixels      : 470
  Posterior stack        : (100, 1, 1, 240, 240)
  Case output            : /Users/bhanugarg/archive/br_lora_library_staging/batch_0023/synthetic_005565
  Verdict                : PASS

[66/250] synthetic_005566
  Case seed              : 13676816
  External subject       : BraTS20_Validation_069
  External slice         : 22
  Donor mask pixels      : 897
  Posterior stack        : (100, 1, 1, 240, 240)
  Case output            : /Users/bhanugarg/archive/br_lora_library_staging/batch_0023/synthetic_005566
  Verdict                : PASS

[67/250] synthetic_005567
  Case seed              : 249343370
  External subject       : BraTS20_Validation_069
  External slice         : 23
  Donor mask pixels      : 432
  Posterior stack        : (100, 1, 1, 240, 240)
  Case output            : /Users/bhanugarg/archive/br_lora_library_staging/batch_0023/synthetic_005567
  Verdict                : PASS

[68/250] synthetic_005568
  Case seed              : 1398975846
  External subject       : BraTS20_Validation_069
  External slice         : 24
  Donor mask pixels      : 353
  Posterior stack        : (100, 1, 1, 240, 240)
  Case output            : /Users/bhanugarg/archive/br_lora_library_staging/batch_0023/synthetic_005568
  Verdict                : PASS

[69/250] synthetic_005569
  Case seed              : 1487343079
  External subject       : BraTS20_Validation_069
  External slice         : 26
  Donor mask pixels      : 386
  Posterior stack        : (100, 1, 1, 240, 240)
  Case output            : /Users/bhanugarg/archive/br_lora_library_staging/batch_0023/synthetic_005569
  Verdict                : PASS

[70/250] synthetic_005570
  Case seed              : 698793316
  External subject       : BraTS20_Validation_069
  External slice         : 27
  Donor mask pixels      : 406
  Posterior stack        : (100, 1, 1, 240, 240)
  Case output            : /Users/bhanugarg/archive/br_lora_library_staging/batch_0023/synthetic_005570
  Verdict                : PASS

[71/250] synthetic_005571
  Case seed              : 1147792511
  External subject       : BraTS20_Validation_069
  External slice         : 28
  Donor mask pixels      : 753
  Posterior stack        : (100, 1, 1, 240, 240)
  Case output            : /Users/bhanugarg/archive/br_lora_library_staging/batch_0023/synthetic_005571
  Verdict                : PASS

[72/250] synthetic_005572
  Case seed              : 1484251868
  External subject       : BraTS20_Validation_069
  External slice         : 29
  Donor mask pixels      : 1533
  Posterior stack        : (100, 1, 1, 240, 240)
  Case output            : /Users/bhanugarg/archive/br_lora_library_staging/batch_0023/synthetic_005572
  Verdict                : PASS

[73/250] synthetic_005573
  Case seed              : 804126070
  External subject       : BraTS20_Validation_069
  External slice         : 30
  Donor mask pixels      : 3808
  Posterior stack        : (100, 1, 1, 240, 240)
  Case output            : /Users/bhanugarg/archive/br_lora_library_staging/batch_0023/synthetic_005573
  Verdict                : PASS

[74/250] synthetic_005574
  Case seed              : 142498380
  External subject       : BraTS20_Validation_069
  External slice         : 31
  Donor mask pixels      : 923
  Posterior stack        : (100, 1, 1, 240, 240)
  Case output            : /Users/bhanugarg/archive/br_lora_library_staging/batch_0023/synthetic_005574
  Verdict                : PASS

[75/250] synthetic_005575
  Case seed              : 463565794
  External subject       : BraTS20_Validation_069
  External slice         : 32
  Donor mask pixels      : 513
  Posterior stack        : (100, 1, 1, 240, 240)
  Case output            : /Users/bhanugarg/archive/br_lora_library_staging/batch_0023/synthetic_005575
  Verdict                : PASS

[76/250] synthetic_005576
  Case seed              : 1255246889
  External subject       : BraTS20_Validation_069
  External slice         : 33
  Donor mask pixels      : 2262
  Posterior stack        : (100, 1, 1, 240, 240)
  Case output            : /Users/bhanugarg/archive/br_lora_library_staging/batch_0023/synthetic_005576
  Verdict                : PASS

[77/250] synthetic_005577
  Case seed              : 2074695312
  External subject       : BraTS20_Validation_069
  External slice         : 34
  Donor mask pixels      : 2041
  Posterior stack        : (100, 1, 1, 240, 240)
  Case output            : /Users/bhanugarg/archive/br_lora_library_staging/batch_0023/synthetic_005577
  Verdict                : PASS

[78/250] synthetic_005578
  Case seed              : 54412360
  External subject       : BraTS20_Validation_069
  External slice         : 35
  Donor mask pixels      : 1580
  Posterior stack        : (100, 1, 1, 240, 240)
  Case output            : /Users/bhanugarg/archive/br_lora_library_staging/batch_0023/synthetic_005578
  Verdict                : PASS

[79/250] synthetic_005579
  Case seed              : 1272972404
  External subject       : BraTS20_Validation_069
  External slice         : 36
  Donor mask pixels      : 2080
  Posterior stack        : (100, 1, 1, 240, 240)
  Case output            : /Users/bhanugarg/archive/br_lora_library_staging/batch_0023/synthetic_005579
  Verdict                : PASS

[80/250] synthetic_005580
  Case seed              : 663358047
  External subject       : BraTS20_Validation_069
  External slice         : 81
  Donor mask pixels      : 2412
  Posterior stack        : (100, 1, 1, 240, 240)
  Case output            : /Users/bhanugarg/archive/br_lora_library_staging/batch_0023/synthetic_005580
  Verdict                : PASS

[81/250] synthetic_005581
  Case seed              : 1927751273
  External subject       : BraTS20_Validation_069
  External slice         : 82
  Donor mask pixels      : 3132
  Posterior stack        : (100, 1, 1, 240, 240)
  Case output            : /Users/bhanugarg/archive/br_lora_library_staging/batch_0023/synthetic_005581
  Verdict                : PASS

[82/250] synthetic_005582
  Case seed              : 2140268792
  External subject       : BraTS20_Validation_069
  External slice         : 83
  Donor mask pixels      : 537
  Posterior stack        : (100, 1, 1, 240, 240)
  Case output            : /Users/bhanugarg/archive/br_lora_library_staging/batch_0023/synthetic_005582
  Verdict                : PASS

[83/250] synthetic_005583
  Case seed              : 3850031
  External subject       : BraTS20_Validation_069
  External slice         : 84
  Donor mask pixels      : 3542
  Posterior stack        : (100, 1, 1, 240, 240)
  Case output            : /Users/bhanugarg/archive/br_lora_library_staging/batch_0023/synthetic_005583
  Verdict                : PASS

[84/250] synthetic_005584
  Case seed              : 265533654
  External subject       : BraTS20_Validation_069
  External slice         : 85
  Donor mask pixels      : 4568
  Posterior stack        : (100, 1, 1, 240, 240)
  Case output            : /Users/bhanugarg/archive/br_lora_library_staging/batch_0023/synthetic_005584
  Verdict                : PASS

[85/250] synthetic_005585
  Case seed              : 355476295
  External subject       : BraTS20_Validation_069
  External slice         : 86
  Donor mask pixels      : 2578
  Posterior stack        : (100, 1, 1, 240, 240)
  Case output            : /Users/bhanugarg/archive/br_lora_library_staging/batch_0023/synthetic_005585
  Verdict                : PASS

[86/250] synthetic_005586
  Case seed              : 1781545132
  External subject       : BraTS20_Validation_069
  External slice         : 87
  Donor mask pixels      : 2389
  Posterior stack        : (100, 1, 1, 240, 240)
  Case output            : /Users/bhanugarg/archive/br_lora_library_staging/batch_0023/synthetic_005586
  Verdict                : PASS

[87/250] synthetic_005587
  Case seed              : 1159111631
  External subject       : BraTS20_Validation_069
  External slice         : 88
  Donor mask pixels      : 1665
  Posterior stack        : (100, 1, 1, 240, 240)
  Case output            : /Users/bhanugarg/archive/br_lora_library_staging/batch_0023/synthetic_005587
  Verdict                : PASS

[88/250] synthetic_005588
  Case seed              : 1728901298
  External subject       : BraTS20_Validation_069
  External slice         : 89
  Donor mask pixels      : 580
  Posterior stack        : (100, 1, 1, 240, 240)
  Case output            : /Users/bhanugarg/archive/br_lora_library_staging/batch_0023/synthetic_005588
  Verdict                : PASS

[89/250] synthetic_005589
  Case seed              : 656832053
  External subject       : BraTS20_Validation_069
  External slice         : 90
  Donor mask pixels      : 4397
  Posterior stack        : (100, 1, 1, 240, 240)
  Case output            : /Users/bhanugarg/archive/br_lora_library_staging/batch_0023/synthetic_005589
  Verdict                : PASS

[90/250] synthetic_005590
  Case seed              : 1334147355
  External subject       : BraTS20_Validation_069
  External slice         : 91
  Donor mask pixels      : 2010
  Posterior stack        : (100, 1, 1, 240, 240)
  Case output            : /Users/bhanugarg/archive/br_lora_library_staging/batch_0023/synthetic_005590
  Verdict                : PASS

[91/250] synthetic_005591
  Case seed              : 516970746
  External subject       : BraTS20_Validation_069
  External slice         : 92
  Donor mask pixels      : 3427
  Posterior stack        : (100, 1, 1, 240, 240)
  Case output            : /Users/bhanugarg/archive/br_lora_library_staging/batch_0023/synthetic_005591
  Verdict                : PASS

[92/250] synthetic_005592
  Case seed              : 1725370418
  External subject       : BraTS20_Validation_069
  External slice         : 93
  Donor mask pixels      : 1050
  Posterior stack        : (100, 1, 1, 240, 240)
  Case output            : /Users/bhanugarg/archive/br_lora_library_staging/batch_0023/synthetic_005592
  Verdict                : PASS

[93/250] synthetic_005593
  Case seed              : 1589422664
  External subject       : BraTS20_Validation_069
  External slice         : 94
  Donor mask pixels      : 1024
  Posterior stack        : (100, 1, 1, 240, 240)
  Case output            : /Users/bhanugarg/archive/br_lora_library_staging/batch_0023/synthetic_005593
  Verdict                : PASS

[94/250] synthetic_005594
  Case seed              : 107634534
  External subject       : BraTS20_Validation_069
  External slice         : 95
  Donor mask pixels      : 1250
  Posterior stack        : (100, 1, 1, 240, 240)
  Case output            : /Users/bhanugarg/archive/br_lora_library_staging/batch_0023/synthetic_005594
  Verdict                : PASS

[95/250] synthetic_005595
  Case seed              : 1147323686
  External subject       : BraTS20_Validation_069
  External slice         : 96
  Donor mask pixels      : 1228
  Posterior stack        : (100, 1, 1, 240, 240)
  Case output            : /Users/bhanugarg/archive/br_lora_library_staging/batch_0023/synthetic_005595
  Verdict                : PASS

[96/250] synthetic_005596
  Case seed              : 858761893
  External subject       : BraTS20_Validation_069
  External slice         : 97
  Donor mask pixels      : 2795
  Posterior stack        : (100, 1, 1, 240, 240)
  Case output            : /Users/bhanugarg/archive/br_lora_library_staging/batch_0023/synthetic_005596
  Verdict                : PASS

[97/250] synthetic_005597
  Case seed              : 1602865234
  External subject       : BraTS20_Validation_069
  External slice         : 98
  Donor mask pixels      : 3559
  Posterior stack        : (100, 1, 1, 240, 240)
  Case output            : /Users/bhanugarg/archive/br_lora_library_staging/batch_0023/synthetic_005597
  Verdict                : PASS

[98/250] synthetic_005598
  Case seed              : 273044196
  External subject       : BraTS20_Validation_069
  External slice         : 99
  Donor mask pixels      : 2433
  Posterior stack        : (100, 1, 1, 240, 240)
  Case output            : /Users/bhanugarg/archive/br_lora_library_staging/batch_0023/synthetic_005598
  Verdict                : PASS

[99/250] synthetic_005599
  Case seed              : 1008497525
  External subject       : BraTS20_Validation_069
  External slice         : 100
  Donor mask pixels      : 3335
  Posterior stack        : (100, 1, 1, 240, 240)
  Case output            : /Users/bhanugarg/archive/br_lora_library_staging/batch_0023/synthetic_005599
  Verdict                : PASS

[100/250] synthetic_005600
  Case seed              : 141828841
  External subject       : BraTS20_Validation_069
  External slice         : 101
  Donor mask pixels      : 2933
  Posterior stack        : (100, 1, 1, 240, 240)
  Case output            : /Users/bhanugarg/archive/br_lora_library_staging/batch_0023/synthetic_005600
  Verdict                : PASS

[101/250] synthetic_005601
  Case seed              : 732683242
  External subject       : BraTS20_Validation_069
  External slice         : 102
  Donor mask pixels      : 1776
  Posterior stack        : (100, 1, 1, 240, 240)
  Case output            : /Users/bhanugarg/archive/br_lora_library_staging/batch_0023/synthetic_005601
  Verdict                : PASS

[102/250] synthetic_005602
  Case seed              : 1079553135
  External subject       : BraTS20_Validation_069
  External slice         : 103
  Donor mask pixels      : 372
  Posterior stack        : (100, 1, 1, 240, 240)
  Case output            : /Users/bhanugarg/archive/br_lora_library_staging/batch_0023/synthetic_005602
  Verdict                : PASS

[103/250] synthetic_005603
  Case seed              : 635808265
  External subject       : BraTS20_Validation_069
  External slice         : 104
  Donor mask pixels      : 1878
  Posterior stack        : (100, 1, 1, 240, 240)
  Case output            : /Users/bhanugarg/archive/br_lora_library_staging/batch_0023/synthetic_005603
  Verdict                : PASS

[104/250] synthetic_005604
  Case seed              : 1756599961
  External subject       : BraTS20_Validation_069
  External slice         : 105
  Donor mask pixels      : 1205
  Posterior stack        : (100, 1, 1, 240, 240)
  Case output            : /Users/bhanugarg/archive/br_lora_library_staging/batch_0023/synthetic_005604
  Verdict                : PASS

[105/250] synthetic_005605
  Case seed              : 748816631
  External subject       : BraTS20_Validation_069
  External slice         : 106
  Donor mask pixels      : 1767
  Posterior stack        : (100, 1, 1, 240, 240)
  Case output            : /Users/bhanugarg/archive/br_lora_library_staging/batch_0023/synthetic_005605
  Verdict                : PASS

[106/250] synthetic_005606
  Case seed              : 1313411507
  External subject       : BraTS20_Validation_069
  External slice         : 107
  Donor mask pixels      : 712
  Posterior stack        : (100, 1, 1, 240, 240)
  Case output            : /Users/bhanugarg/archive/br_lora_library_staging/batch_0023/synthetic_005606
  Verdict                : PASS

[107/250] synthetic_005607
  Case seed              : 164828927
  External subject       : BraTS20_Validation_069
  External slice         : 108
  Donor mask pixels      : 2302
  Posterior stack        : (100, 1, 1, 240, 240)
  Case output            : /Users/bhanugarg/archive/br_lora_library_staging/batch_0023/synthetic_005607
  Verdict                : PASS

[108/250] synthetic_005608
  Case seed              : 236180039
  External subject       : BraTS20_Validation_069
  External slice         : 109
  Donor mask pixels      : 632
  Posterior stack        : (100, 1, 1, 240, 240)
  Case output            : /Users/bhanugarg/archive/br_lora_library_staging/batch_0023/synthetic_005608
  Verdict                : PASS

[109/250] synthetic_005609
  Case seed              : 597998148
  External subject       : BraTS20_Validation_069
  External slice         : 111
  Donor mask pixels      : 567
  Posterior stack        : (100, 1, 1, 240, 240)
  Case output            : /Users/bhanugarg/archive/br_lora_library_staging/batch_0023/synthetic_005609
  Verdict                : PASS

[110/250] synthetic_005610
  Case seed              : 1895744235
  External subject       : BraTS20_Validation_069
  External slice         : 112
  Donor mask pixels      : 3375
  Posterior stack        : (100, 1, 1, 240, 240)
  Case output            : /Users/bhanugarg/archive/br_lora_library_staging/batch_0023/synthetic_005610
  Verdict                : PASS

[111/250] synthetic_005611
  Case seed              : 520339902
  External subject       : BraTS20_Validation_069
  External slice         : 113
  Donor mask pixels      : 1676
  Posterior stack        : (100, 1, 1, 240, 240)
  Case output            : /Users/bhanugarg/archive/br_lora_library_staging/batch_0023/synthetic_005611
  Verdict                : PASS

[112/250] synthetic_005612
  Case seed              : 1875532724
  External subject       : BraTS20_Validation_069
  External slice         : 114
  Donor mask pixels      : 1083
  Posterior stack        : (100, 1, 1, 240, 240)
  Case output            : /Users/bhanugarg/archive/br_lora_library_staging/batch_0023/synthetic_005612
  Verdict                : PASS

[113/250] synthetic_005613
  Case seed              : 1431110863
  External subject       : BraTS20_Validation_069
  External slice         : 115
  Donor mask pixels      : 3447
  Posterior stack        : (100, 1, 1, 240, 240)
  Case output            : /Users/bhanugarg/archive/br_lora_library_staging/batch_0023/synthetic_005613
  Verdict                : PASS

[114/250] synthetic_005614
  Case seed              : 288308992
  External subject       : BraTS20_Validation_069
  External slice         : 116
  Donor mask pixels      : 2224
  Posterior stack        : (100, 1, 1, 240, 240)
  Case output            : /Users/bhanugarg/archive/br_lora_library_staging/batch_0023/synthetic_005614
  Verdict                : PASS

[115/250] synthetic_005615
  Case seed              : 546761139
  External subject       : BraTS20_Validation_069
  External slice         : 117
  Donor mask pixels      : 361
  Posterior stack        : (100, 1, 1, 240, 240)
  Case output            : /Users/bhanugarg/archive/br_lora_library_staging/batch_0023/synthetic_005615
  Verdict                : PASS

[116/250] synthetic_005616
  Case seed              : 953980477
  External subject       : BraTS20_Validation_069
  External slice         : 118
  Donor mask pixels      : 2558
  Posterior stack        : (100, 1, 1, 240, 240)
  Case output            : /Users/bhanugarg/archive/br_lora_library_staging/batch_0023/synthetic_005616
  Verdict                : PASS

[117/250] synthetic_005617
  Case seed              : 2145352090
  External subject       : BraTS20_Validation_069
  External slice         : 119
  Donor mask pixels      : 4103
  Posterior stack        : (100, 1, 1, 240, 240)
  Case output            : /Users/bhanugarg/archive/br_lora_library_staging/batch_0023/synthetic_005617
  Verdict                : PASS

[118/250] synthetic_005618
  Case seed              : 386240026
  External subject       : BraTS20_Validation_069
  External slice         : 120
  Donor mask pixels      : 1229
  Posterior stack        : (100, 1, 1, 240, 240)
  Case output            : /Users/bhanugarg/archive/br_lora_library_staging/batch_0023/synthetic_005618
  Verdict                : PASS

[119/250] synthetic_005619
  Case seed              : 828418933
  External subject       : BraTS20_Validation_069
  External slice         : 121
  Donor mask pixels      : 2503
  Posterior stack        : (100, 1, 1, 240, 240)
  Case output            : /Users/bhanugarg/archive/br_lora_library_staging/batch_0023/synthetic_005619
  Verdict                : PASS

[120/250] synthetic_005620
  Case seed              : 1456337505
  External subject       : BraTS20_Validation_069
  External slice         : 122
  Donor mask pixels      : 6144
  Posterior stack        : (100, 1, 1, 240, 240)
  Case output            : /Users/bhanugarg/archive/br_lora_library_staging/batch_0023/synthetic_005620
  Verdict                : PASS

[121/250] synthetic_005621
  Case seed              : 84903945
  External subject       : BraTS20_Validation_069
  External slice         : 123
  Donor mask pixels      : 2707
  Posterior stack        : (100, 1, 1, 240, 240)
  Case output            : /Users/bhanugarg/archive/br_lora_library_staging/batch_0023/synthetic_005621
  Verdict                : PASS

[122/250] synthetic_005622
  Case seed              : 1279662354
  External subject       : BraTS20_Validation_069
  External slice         : 124
  Donor mask pixels      : 1177
  Posterior stack        : (100, 1, 1, 240, 240)
  Case output            : /Users/bhanugarg/archive/br_lora_library_staging/batch_0023/synthetic_005622
  Verdict                : PASS

[123/250] synthetic_005623
  Case seed              : 2012014265
  External subject       : BraTS20_Validation_069
  External slice         : 125
  Donor mask pixels      : 900
  Posterior stack        : (100, 1, 1, 240, 240)
  Case output            : /Users/bhanugarg/archive/br_lora_library_staging/batch_0023/synthetic_005623
  Verdict                : PASS

[124/250] synthetic_005624
  Case seed              : 1538247240
  External subject       : BraTS20_Validation_069
  External slice         : 126
  Donor mask pixels      : 1993
  Posterior stack        : (100, 1, 1, 240, 240)
  Case output            : /Users/bhanugarg/archive/br_lora_library_staging/batch_0023/synthetic_005624
  Verdict                : PASS

[125/250] synthetic_005625
  Case seed              : 1219376336
  External subject       : BraTS20_Validation_069
  External slice         : 127
  Donor mask pixels      : 2137
  Posterior stack        : (100, 1, 1, 240, 240)
  Case output            : /Users/bhanugarg/archive/br_lora_library_staging/batch_0023/synthetic_005625
  Verdict                : PASS

[126/250] synthetic_005626
  Case seed              : 610515451
  External subject       : BraTS20_Validation_069
  External slice         : 128
  Donor mask pixels      : 1144
  Posterior stack        : (100, 1, 1, 240, 240)
  Case output            : /Users/bhanugarg/archive/br_lora_library_staging/batch_0023/synthetic_005626
  Verdict                : PASS

[127/250] synthetic_005627
  Case seed              : 1086114363
  External subject       : BraTS20_Validation_069
  External slice         : 129
  Donor mask pixels      : 749
  Posterior stack        : (100, 1, 1, 240, 240)
  Case output            : /Users/bhanugarg/archive/br_lora_library_staging/batch_0023/synthetic_005627
  Verdict                : PASS

[128/250] synthetic_005628
  Case seed              : 1575611105
  External subject       : BraTS20_Validation_069
  External slice         : 130
  Donor mask pixels      : 1249
  Posterior stack        : (100, 1, 1, 240, 240)
  Case output            : /Users/bhanugarg/archive/br_lora_library_staging/batch_0023/synthetic_005628
  Verdict                : PASS

[129/250] synthetic_005629
  Case seed              : 1064997952
  External subject       : BraTS20_Validation_069
  External slice         : 131
  Donor mask pixels      : 712
  Posterior stack        : (100, 1, 1, 240, 240)
  Case output            : /Users/bhanugarg/archive/br_lora_library_staging/batch_0023/synthetic_005629
  Verdict                : PASS

[130/250] synthetic_005630
  Case seed              : 1103078005
  External subject       : BraTS20_Validation_069
  External slice         : 132
  Donor mask pixels      : 1749
  Posterior stack        : (100, 1, 1, 240, 240)
  Case output            : /Users/bhanugarg/archive/br_lora_library_staging/batch_0023/synthetic_005630
  Verdict                : PASS

[131/250] synthetic_005631
  Case seed              : 1544643284
  External subject       : BraTS20_Validation_069
  External slice         : 133
  Donor mask pixels      : 658
  Posterior stack        : (100, 1, 1, 240, 240)
  Case output            : /Users/bhanugarg/archive/br_lora_library_staging/batch_0023/synthetic_005631
  Verdict                : PASS

[132/250] synthetic_005632
  Case seed              : 1454682739
  External subject       : BraTS20_Validation_069
  External slice         : 134
  Donor mask pixels      : 608
  Posterior stack        : (100, 1, 1, 240, 240)
  Case output            : /Users/bhanugarg/archive/br_lora_library_staging/batch_0023/synthetic_005632
  Verdict                : PASS

[133/250] synthetic_005633
  Case seed              : 1154509715
  External subject       : BraTS20_Validation_070
  External slice         : 1
  Donor mask pixels      : 1056
  Posterior stack        : (100, 1, 1, 240, 240)
  Case output            : /Users/bhanugarg/archive/br_lora_library_staging/batch_0023/synthetic_005633
  Verdict                : PASS

[134/250] synthetic_005634
  Case seed              : 259196073
  External subject       : BraTS20_Validation_070
  External slice         : 2
  Donor mask pixels      : 963
  Posterior stack        : (100, 1, 1, 240, 240)
  Case output            : /Users/bhanugarg/archive/br_lora_library_staging/batch_0023/synthetic_005634
  Verdict                : PASS

[135/250] synthetic_005635
  Case seed              : 1262173092
  External subject       : BraTS20_Validation_070
  External slice         : 3
  Donor mask pixels      : 598
  Posterior stack        : (100, 1, 1, 240, 240)
  Case output            : /Users/bhanugarg/archive/br_lora_library_staging/batch_0023/synthetic_005635
  Verdict                : PASS

[136/250] synthetic_005636
  Case seed              : 54938243
  External subject       : BraTS20_Validation_070
  External slice         : 4
  Donor mask pixels      : 604
  Posterior stack        : (100, 1, 1, 240, 240)
  Case output            : /Users/bhanugarg/archive/br_lora_library_staging/batch_0023/synthetic_005636
  Verdict                : PASS

[137/250] synthetic_005637
  Case seed              : 866747491
  External subject       : BraTS20_Validation_070
  External slice         : 5
  Donor mask pixels      : 386
  Posterior stack        : (100, 1, 1, 240, 240)
  Case output            : /Users/bhanugarg/archive/br_lora_library_staging/batch_0023/synthetic_005637
  Verdict                : PASS

[138/250] synthetic_005638
  Case seed              : 109754318
  External subject       : BraTS20_Validation_070
  External slice         : 6
  Donor mask pixels      : 758
  Posterior stack        : (100, 1, 1, 240, 240)
  Case output            : /Users/bhanugarg/archive/br_lora_library_staging/batch_0023/synthetic_005638
  Verdict                : PASS

[139/250] synthetic_005639
  Case seed              : 827835333
  External subject       : BraTS20_Validation_070
  External slice         : 7
  Donor mask pixels      : 562
  Posterior stack        : (100, 1, 1, 240, 240)
  Case output            : /Users/bhanugarg/archive/br_lora_library_staging/batch_0023/synthetic_005639
  Verdict                : PASS

[140/250] synthetic_005640
  Case seed              : 893089990
  External subject       : BraTS20_Validation_070
  External slice         : 8
  Donor mask pixels      : 1161
  Posterior stack        : (100, 1, 1, 240, 240)
  Case output            : /Users/bhanugarg/archive/br_lora_library_staging/batch_0023/synthetic_005640
  Verdict                : PASS

[141/250] synthetic_005641
  Case seed              : 1911611408
  External subject       : BraTS20_Validation_070
  External slice         : 9
  Donor mask pixels      : 1052
  Posterior stack        : (100, 1, 1, 240, 240)
  Case output            : /Users/bhanugarg/archive/br_lora_library_staging/batch_0023/synthetic_005641
  Verdict                : PASS

[142/250] synthetic_005642
  Case seed              : 126478227
  External subject       : BraTS20_Validation_070
  External slice         : 10
  Donor mask pixels      : 502
  Posterior stack        : (100, 1, 1, 240, 240)
  Case output            : /Users/bhanugarg/archive/br_lora_library_staging/batch_0023/synthetic_005642
  Verdict                : PASS

[143/250] synthetic_005643
  Case seed              : 599769948
  External subject       : BraTS20_Validation_070
  External slice         : 11
  Donor mask pixels      : 985
  Posterior stack        : (100, 1, 1, 240, 240)
  Case output            : /Users/bhanugarg/archive/br_lora_library_staging/batch_0023/synthetic_005643
  Verdict                : PASS

[144/250] synthetic_005644
  Case seed              : 1249569584
  External subject       : BraTS20_Validation_070
  External slice         : 12
  Donor mask pixels      : 1011
  Posterior stack        : (100, 1, 1, 240, 240)
  Case output            : /Users/bhanugarg/archive/br_lora_library_staging/batch_0023/synthetic_005644
  Verdict                : PASS

[145/250] synthetic_005645
  Case seed              : 981546390
  External subject       : BraTS20_Validation_070
  External slice         : 13
  Donor mask pixels      : 844
  Posterior stack        : (100, 1, 1, 240, 240)
  Case output            : /Users/bhanugarg/archive/br_lora_library_staging/batch_0023/synthetic_005645
  Verdict                : PASS

[146/250] synthetic_005646
  Case seed              : 568132107
  External subject       : BraTS20_Validation_070
  External slice         : 14
  Donor mask pixels      : 908
  Posterior stack        : (100, 1, 1, 240, 240)
  Case output            : /Users/bhanugarg/archive/br_lora_library_staging/batch_0023/synthetic_005646
  Verdict                : PASS

[147/250] synthetic_005647
  Case seed              : 1629007207
  External subject       : BraTS20_Validation_070
  External slice         : 15
  Donor mask pixels      : 1281
  Posterior stack        : (100, 1, 1, 240, 240)
  Case output            : /Users/bhanugarg/archive/br_lora_library_staging/batch_0023/synthetic_005647
  Verdict                : PASS

[148/250] synthetic_005648
  Case seed              : 701850497
  External subject       : BraTS20_Validation_070
  External slice         : 16
  Donor mask pixels      : 551
  Posterior stack        : (100, 1, 1, 240, 240)
  Case output            : /Users/bhanugarg/archive/br_lora_library_staging/batch_0023/synthetic_005648
  Verdict                : PASS

[149/250] synthetic_005649
  Case seed              : 2055871729
  External subject       : BraTS20_Validation_070
  External slice         : 17
  Donor mask pixels      : 1854
  Posterior stack        : (100, 1, 1, 240, 240)
  Case output            : /Users/bhanugarg/archive/br_lora_library_staging/batch_0023/synthetic_005649
  Verdict                : PASS

[150/250] synthetic_005650
  Case seed              : 244431186
  External subject       : BraTS20_Validation_070
  External slice         : 18
  Donor mask pixels      : 1481
  Posterior stack        : (100, 1, 1, 240, 240)
  Case output            : /Users/bhanugarg/archive/br_lora_library_staging/batch_0023/synthetic_005650
  Verdict                : PASS

[151/250] synthetic_005651
  Case seed              : 1386732570
  External subject       : BraTS20_Validation_070
  External slice         : 19
  Donor mask pixels      : 758
  Posterior stack        : (100, 1, 1, 240, 240)
  Case output            : /Users/bhanugarg/archive/br_lora_library_staging/batch_0023/synthetic_005651
  Verdict                : PASS

[152/250] synthetic_005652
  Case seed              : 1477725270
  External subject       : BraTS20_Validation_070
  External slice         : 20
  Donor mask pixels      : 2399
  Posterior stack        : (100, 1, 1, 240, 240)
  Case output            : /Users/bhanugarg/archive/br_lora_library_staging/batch_0023/synthetic_005652
  Verdict                : PASS

[153/250] synthetic_005653
  Case seed              : 1870297882
  External subject       : BraTS20_Validation_070
  External slice         : 21
  Donor mask pixels      : 1756
  Posterior stack        : (100, 1, 1, 240, 240)
  Case output            : /Users/bhanugarg/archive/br_lora_library_staging/batch_0023/synthetic_005653
  Verdict                : PASS

[154/250] synthetic_005654
  Case seed              : 175991221
  External subject       : BraTS20_Validation_070
  External slice         : 22
  Donor mask pixels      : 919
  Posterior stack        : (100, 1, 1, 240, 240)
  Case output            : /Users/bhanugarg/archive/br_lora_library_staging/batch_0023/synthetic_005654
  Verdict                : PASS

[155/250] synthetic_005655
  Case seed              : 788086711
  External subject       : BraTS20_Validation_070
  External slice         : 23
  Donor mask pixels      : 341
  Posterior stack        : (100, 1, 1, 240, 240)
  Case output            : /Users/bhanugarg/archive/br_lora_library_staging/batch_0023/synthetic_005655
  Verdict                : PASS

[156/250] synthetic_005656
  Case seed              : 99015598
  External subject       : BraTS20_Validation_070
  External slice         : 24
  Donor mask pixels      : 1328
  Posterior stack        : (100, 1, 1, 240, 240)
  Case output            : /Users/bhanugarg/archive/br_lora_library_staging/batch_0023/synthetic_005656
  Verdict                : PASS

[157/250] synthetic_005657
  Case seed              : 1459540108
  External subject       : BraTS20_Validation_070
  External slice         : 25
  Donor mask pixels      : 816
  Posterior stack        : (100, 1, 1, 240, 240)
  Case output            : /Users/bhanugarg/archive/br_lora_library_staging/batch_0023/synthetic_005657
  Verdict                : PASS

[158/250] synthetic_005658
  Case seed              : 676485676
  External subject       : BraTS20_Validation_070
  External slice         : 26
  Donor mask pixels      : 1536
  Posterior stack        : (100, 1, 1, 240, 240)
  Case output            : /Users/bhanugarg/archive/br_lora_library_staging/batch_0023/synthetic_005658
  Verdict                : PASS

[159/250] synthetic_005659
  Case seed              : 1011683334
  External subject       : BraTS20_Validation_070
  External slice         : 27
  Donor mask pixels      : 1555
  Posterior stack        : (100, 1, 1, 240, 240)
  Case output            : /Users/bhanugarg/archive/br_lora_library_staging/batch_0023/synthetic_005659
  Verdict                : PASS

[160/250] synthetic_005660
  Case seed              : 357544729
  External subject       : BraTS20_Validation_070
  External slice         : 28
  Donor mask pixels      : 448
  Posterior stack        : (100, 1, 1, 240, 240)
  Case output            : /Users/bhanugarg/archive/br_lora_library_staging/batch_0023/synthetic_005660
  Verdict                : PASS

[161/250] synthetic_005661
  Case seed              : 1741975050
  External subject       : BraTS20_Validation_070
  External slice         : 29
  Donor mask pixels      : 759
  Posterior stack        : (100, 1, 1, 240, 240)
  Case output            : /Users/bhanugarg/archive/br_lora_library_staging/batch_0023/synthetic_005661
  Verdict                : PASS

[162/250] synthetic_005662
  Case seed              : 1266029172
  External subject       : BraTS20_Validation_070
  External slice         : 30
  Donor mask pixels      : 578
  Posterior stack        : (100, 1, 1, 240, 240)
  Case output            : /Users/bhanugarg/archive/br_lora_library_staging/batch_0023/synthetic_005662
  Verdict                : PASS

[163/250] synthetic_005663
  Case seed              : 1280700360
  External subject       : BraTS20_Validation_070
  External slice         : 31
  Donor mask pixels      : 2214
  Posterior stack        : (100, 1, 1, 240, 240)
  Case output            : /Users/bhanugarg/archive/br_lora_library_staging/batch_0023/synthetic_005663
  Verdict                : PASS

[164/250] synthetic_005664
  Case seed              : 813879257
  External subject       : BraTS20_Validation_070
  External slice         : 33
  Donor mask pixels      : 621
  Posterior stack        : (100, 1, 1, 240, 240)
  Case output            : /Users/bhanugarg/archive/br_lora_library_staging/batch_0023/synthetic_005664
  Verdict                : PASS

[165/250] synthetic_005665
  Case seed              : 909316166
  External subject       : BraTS20_Validation_070
  External slice         : 34
  Donor mask pixels      : 942
  Posterior stack        : (100, 1, 1, 240, 240)
  Case output            : /Users/bhanugarg/archive/br_lora_library_staging/batch_0023/synthetic_005665
  Verdict                : PASS

[166/250] synthetic_005666
  Case seed              : 276248330
  External subject       : BraTS20_Validation_070
  External slice         : 35
  Donor mask pixels      : 1114
  Posterior stack        : (100, 1, 1, 240, 240)
  Case output            : /Users/bhanugarg/archive/br_lora_library_staging/batch_0023/synthetic_005666
  Verdict                : PASS

[167/250] synthetic_005667
  Case seed              : 87923163
  External subject       : BraTS20_Validation_070
  External slice         : 37
  Donor mask pixels      : 1944
  Posterior stack        : (100, 1, 1, 240, 240)
  Case output            : /Users/bhanugarg/archive/br_lora_library_staging/batch_0023/synthetic_005667
  Verdict                : PASS

[168/250] synthetic_005668
  Case seed              : 1277011894
  External subject       : BraTS20_Validation_070
  External slice         : 38
  Donor mask pixels      : 1930
  Posterior stack        : (100, 1, 1, 240, 240)
  Case output            : /Users/bhanugarg/archive/br_lora_library_staging/batch_0023/synthetic_005668
  Verdict                : PASS

[169/250] synthetic_005669
  Case seed              : 804102475
  External subject       : BraTS20_Validation_070
  External slice         : 39
  Donor mask pixels      : 840
  Posterior stack        : (100, 1, 1, 240, 240)
  Case output            : /Users/bhanugarg/archive/br_lora_library_staging/batch_0023/synthetic_005669
  Verdict                : PASS

[170/250] synthetic_005670
  Case seed              : 1984587440
  External subject       : BraTS20_Validation_070
  External slice         : 40
  Donor mask pixels      : 1419
  Posterior stack        : (100, 1, 1, 240, 240)
  Case output            : /Users/bhanugarg/archive/br_lora_library_staging/batch_0023/synthetic_005670
  Verdict                : PASS

[171/250] synthetic_005671
  Case seed              : 1726847181
  External subject       : BraTS20_Validation_070
  External slice         : 41
  Donor mask pixels      : 2313
  Posterior stack        : (100, 1, 1, 240, 240)
  Case output            : /Users/bhanugarg/archive/br_lora_library_staging/batch_0023/synthetic_005671
  Verdict                : PASS

[172/250] synthetic_005672
  Case seed              : 1514265675
  External subject       : BraTS20_Validation_070
  External slice         : 42
  Donor mask pixels      : 507
  Posterior stack        : (100, 1, 1, 240, 240)
  Case output            : /Users/bhanugarg/archive/br_lora_library_staging/batch_0023/synthetic_005672
  Verdict                : PASS

[173/250] synthetic_005673
  Case seed              : 625486817
  External subject       : BraTS20_Validation_070
  External slice         : 43
  Donor mask pixels      : 1521
  Posterior stack        : (100, 1, 1, 240, 240)
  Case output            : /Users/bhanugarg/archive/br_lora_library_staging/batch_0023/synthetic_005673
  Verdict                : PASS

[174/250] synthetic_005674
  Case seed              : 213399993
  External subject       : BraTS20_Validation_070
  External slice         : 44
  Donor mask pixels      : 2053
  Posterior stack        : (100, 1, 1, 240, 240)
  Case output            : /Users/bhanugarg/archive/br_lora_library_staging/batch_0023/synthetic_005674
  Verdict                : PASS

[175/250] synthetic_005675
  Case seed              : 493860231
  External subject       : BraTS20_Validation_070
  External slice         : 45
  Donor mask pixels      : 1987
  Posterior stack        : (100, 1, 1, 240, 240)
  Case output            : /Users/bhanugarg/archive/br_lora_library_staging/batch_0023/synthetic_005675
  Verdict                : PASS

[176/250] synthetic_005676
  Case seed              : 531245345
  External subject       : BraTS20_Validation_070
  External slice         : 46
  Donor mask pixels      : 1475
  Posterior stack        : (100, 1, 1, 240, 240)
  Case output            : /Users/bhanugarg/archive/br_lora_library_staging/batch_0023/synthetic_005676
  Verdict                : PASS

[177/250] synthetic_005677
  Case seed              : 2052592248
  External subject       : BraTS20_Validation_070
  External slice         : 47
  Donor mask pixels      : 1209
  Posterior stack        : (100, 1, 1, 240, 240)
  Case output            : /Users/bhanugarg/archive/br_lora_library_staging/batch_0023/synthetic_005677
  Verdict                : PASS

[178/250] synthetic_005678
  Case seed              : 419837258
  External subject       : BraTS20_Validation_070
  External slice         : 48
  Donor mask pixels      : 1180
  Posterior stack        : (100, 1, 1, 240, 240)
  Case output            : /Users/bhanugarg/archive/br_lora_library_staging/batch_0023/synthetic_005678
  Verdict                : PASS

[179/250] synthetic_005679
  Case seed              : 1834608924
  External subject       : BraTS20_Validation_070
  External slice         : 49
  Donor mask pixels      : 1145
  Posterior stack        : (100, 1, 1, 240, 240)
  Case output            : /Users/bhanugarg/archive/br_lora_library_staging/batch_0023/synthetic_005679
  Verdict                : PASS

[180/250] synthetic_005680
  Case seed              : 255148793
  External subject       : BraTS20_Validation_070
  External slice         : 50
  Donor mask pixels      : 1116
  Posterior stack        : (100, 1, 1, 240, 240)
  Case output            : /Users/bhanugarg/archive/br_lora_library_staging/batch_0023/synthetic_005680
  Verdict                : PASS

[181/250] synthetic_005681
  Case seed              : 130236872
  External subject       : BraTS20_Validation_070
  External slice         : 51
  Donor mask pixels      : 2829
  Posterior stack        : (100, 1, 1, 240, 240)
  Case output            : /Users/bhanugarg/archive/br_lora_library_staging/batch_0023/synthetic_005681
  Verdict                : PASS

[182/250] synthetic_005682
  Case seed              : 236425725
  External subject       : BraTS20_Validation_070
  External slice         : 52
  Donor mask pixels      : 2888
  Posterior stack        : (100, 1, 1, 240, 240)
  Case output            : /Users/bhanugarg/archive/br_lora_library_staging/batch_0023/synthetic_005682
  Verdict                : PASS

[183/250] synthetic_005683
  Case seed              : 1015323804
  External subject       : BraTS20_Validation_070
  External slice         : 53
  Donor mask pixels      : 452
  Posterior stack        : (100, 1, 1, 240, 240)
  Case output            : /Users/bhanugarg/archive/br_lora_library_staging/batch_0023/synthetic_005683
  Verdict                : PASS

[184/250] synthetic_005684
  Case seed              : 1524930204
  External subject       : BraTS20_Validation_070
  External slice         : 53
  Donor mask pixels      : 733
  Posterior stack        : (100, 1, 1, 240, 240)
  Case output            : /Users/bhanugarg/archive/br_lora_library_staging/batch_0023/synthetic_005684
  Verdict                : PASS

[185/250] synthetic_005685
  Case seed              : 144890722
  External subject       : BraTS20_Validation_070
  External slice         : 54
  Donor mask pixels      : 665
  Posterior stack        : (100, 1, 1, 240, 240)
  Case output            : /Users/bhanugarg/archive/br_lora_library_staging/batch_0023/synthetic_005685
  Verdict                : PASS

[186/250] synthetic_005686
  Case seed              : 1036284521
  External subject       : BraTS20_Validation_070
  External slice         : 54
  Donor mask pixels      : 1636
  Posterior stack        : (100, 1, 1, 240, 240)
  Case output            : /Users/bhanugarg/archive/br_lora_library_staging/batch_0023/synthetic_005686
  Verdict                : PASS

[187/250] synthetic_005687
  Case seed              : 395188644
  External subject       : BraTS20_Validation_070
  External slice         : 116
  Donor mask pixels      : 2377
  Posterior stack        : (100, 1, 1, 240, 240)
  Case output            : /Users/bhanugarg/archive/br_lora_library_staging/batch_0023/synthetic_005687
  Verdict                : PASS

[188/250] synthetic_005688
  Case seed              : 601939290
  External subject       : BraTS20_Validation_070
  External slice         : 117
  Donor mask pixels      : 1633
  Posterior stack        : (100, 1, 1, 240, 240)
  Case output            : /Users/bhanugarg/archive/br_lora_library_staging/batch_0023/synthetic_005688
  Verdict                : PASS

[189/250] synthetic_005689
  Case seed              : 1365730133
  External subject       : BraTS20_Validation_070
  External slice         : 118
  Donor mask pixels      : 924
  Posterior stack        : (100, 1, 1, 240, 240)
  Case output            : /Users/bhanugarg/archive/br_lora_library_staging/batch_0023/synthetic_005689
  Verdict                : PASS

[190/250] synthetic_005690
  Case seed              : 1146653523
  External subject       : BraTS20_Validation_070
  External slice         : 119
  Donor mask pixels      : 2428
  Posterior stack        : (100, 1, 1, 240, 240)
  Case output            : /Users/bhanugarg/archive/br_lora_library_staging/batch_0023/synthetic_005690
  Verdict                : PASS

[191/250] synthetic_005691
  Case seed              : 450913009
  External subject       : BraTS20_Validation_070
  External slice         : 120
  Donor mask pixels      : 2181
  Posterior stack        : (100, 1, 1, 240, 240)
  Case output            : /Users/bhanugarg/archive/br_lora_library_staging/batch_0023/synthetic_005691
  Verdict                : PASS

[192/250] synthetic_005692
  Case seed              : 16213518
  External subject       : BraTS20_Validation_070
  External slice         : 121
  Donor mask pixels      : 2162
  Posterior stack        : (100, 1, 1, 240, 240)
  Case output            : /Users/bhanugarg/archive/br_lora_library_staging/batch_0023/synthetic_005692
  Verdict                : PASS

[193/250] synthetic_005693
  Case seed              : 2088855090
  External subject       : BraTS20_Validation_070
  External slice         : 122
  Donor mask pixels      : 2532
  Posterior stack        : (100, 1, 1, 240, 240)
  Case output            : /Users/bhanugarg/archive/br_lora_library_staging/batch_0023/synthetic_005693
  Verdict                : PASS

[194/250] synthetic_005694
  Case seed              : 1187020616
  External subject       : BraTS20_Validation_070
  External slice         : 123
  Donor mask pixels      : 2502
  Posterior stack        : (100, 1, 1, 240, 240)
  Case output            : /Users/bhanugarg/archive/br_lora_library_staging/batch_0023/synthetic_005694
  Verdict                : PASS

[195/250] synthetic_005695
  Case seed              : 1585414553
  External subject       : BraTS20_Validation_070
  External slice         : 124
  Donor mask pixels      : 1373
  Posterior stack        : (100, 1, 1, 240, 240)
  Case output            : /Users/bhanugarg/archive/br_lora_library_staging/batch_0023/synthetic_005695
  Verdict                : PASS

[196/250] synthetic_005696
  Case seed              : 1902329417
  External subject       : BraTS20_Validation_070
  External slice         : 125
  Donor mask pixels      : 2633
  Posterior stack        : (100, 1, 1, 240, 240)
  Case output            : /Users/bhanugarg/archive/br_lora_library_staging/batch_0023/synthetic_005696
  Verdict                : PASS

[197/250] synthetic_005697
  Case seed              : 957199211
  External subject       : BraTS20_Validation_070
  External slice         : 126
  Donor mask pixels      : 1395
  Posterior stack        : (100, 1, 1, 240, 240)
  Case output            : /Users/bhanugarg/archive/br_lora_library_staging/batch_0023/synthetic_005697
  Verdict                : PASS

[198/250] synthetic_005698
  Case seed              : 284359109
  External subject       : BraTS20_Validation_070
  External slice         : 127
  Donor mask pixels      : 873
  Posterior stack        : (100, 1, 1, 240, 240)
  Case output            : /Users/bhanugarg/archive/br_lora_library_staging/batch_0023/synthetic_005698
  Verdict                : PASS

[199/250] synthetic_005699
  Case seed              : 2024729385
  External subject       : BraTS20_Validation_070
  External slice         : 128
  Donor mask pixels      : 952
  Posterior stack        : (100, 1, 1, 240, 240)
  Case output            : /Users/bhanugarg/archive/br_lora_library_staging/batch_0023/synthetic_005699
  Verdict                : PASS

[200/250] synthetic_005700
  Case seed              : 110993036
  External subject       : BraTS20_Validation_070
  External slice         : 129
  Donor mask pixels      : 1655
  Posterior stack        : (100, 1, 1, 240, 240)
  Case output            : /Users/bhanugarg/archive/br_lora_library_staging/batch_0023/synthetic_005700
  Verdict                : PASS

[201/250] synthetic_005701
  Case seed              : 1542417878
  External subject       : BraTS20_Validation_070
  External slice         : 130
  Donor mask pixels      : 1230
  Posterior stack        : (100, 1, 1, 240, 240)
  Case output            : /Users/bhanugarg/archive/br_lora_library_staging/batch_0023/synthetic_005701
  Verdict                : PASS

[202/250] synthetic_005702
  Case seed              : 1645316909
  External subject       : BraTS20_Validation_070
  External slice         : 131
  Donor mask pixels      : 1110
  Posterior stack        : (100, 1, 1, 240, 240)
  Case output            : /Users/bhanugarg/archive/br_lora_library_staging/batch_0023/synthetic_005702
  Verdict                : PASS

[203/250] synthetic_005703
  Case seed              : 1226682499
  External subject       : BraTS20_Validation_070
  External slice         : 132
  Donor mask pixels      : 574
  Posterior stack        : (100, 1, 1, 240, 240)
  Case output            : /Users/bhanugarg/archive/br_lora_library_staging/batch_0023/synthetic_005703
  Verdict                : PASS

[204/250] synthetic_005704
  Case seed              : 833001756
  External subject       : BraTS20_Validation_070
  External slice         : 133
  Donor mask pixels      : 1449
  Posterior stack        : (100, 1, 1, 240, 240)
  Case output            : /Users/bhanugarg/archive/br_lora_library_staging/batch_0023/synthetic_005704
  Verdict                : PASS

[205/250] synthetic_005705
  Case seed              : 943416499
  External subject       : BraTS20_Validation_070
  External slice         : 134
  Donor mask pixels      : 1224
  Posterior stack        : (100, 1, 1, 240, 240)
  Case output            : /Users/bhanugarg/archive/br_lora_library_staging/batch_0023/synthetic_005705
  Verdict                : PASS

[206/250] synthetic_005706
  Case seed              : 1409050195
  External subject       : BraTS20_Validation_070
  External slice         : 135
  Donor mask pixels      : 1706
  Posterior stack        : (100, 1, 1, 240, 240)
  Case output            : /Users/bhanugarg/archive/br_lora_library_staging/batch_0023/synthetic_005706
  Verdict                : PASS

[207/250] synthetic_005707
  Case seed              : 2116169942
  External subject       : BraTS20_Validation_070
  External slice         : 136
  Donor mask pixels      : 547
  Posterior stack        : (100, 1, 1, 240, 240)
  Case output            : /Users/bhanugarg/archive/br_lora_library_staging/batch_0023/synthetic_005707
  Verdict                : PASS

[208/250] synthetic_005708
  Case seed              : 295161631
  External subject       : BraTS20_Validation_070
  External slice         : 137
  Donor mask pixels      : 1201
  Posterior stack        : (100, 1, 1, 240, 240)
  Case output            : /Users/bhanugarg/archive/br_lora_library_staging/batch_0023/synthetic_005708
  Verdict                : PASS

[209/250] synthetic_005709
  Case seed              : 183796411
  External subject       : BraTS20_Validation_070
  External slice         : 138
  Donor mask pixels      : 864
  Posterior stack        : (100, 1, 1, 240, 240)
  Case output            : /Users/bhanugarg/archive/br_lora_library_staging/batch_0023/synthetic_005709
  Verdict                : PASS

[210/250] synthetic_005710
  Case seed              : 1019416686
  External subject       : BraTS20_Validation_070
  External slice         : 139
  Donor mask pixels      : 559
  Posterior stack        : (100, 1, 1, 240, 240)
  Case output            : /Users/bhanugarg/archive/br_lora_library_staging/batch_0023/synthetic_005710
  Verdict                : PASS

[211/250] synthetic_005711
  Case seed              : 1316173803
  External subject       : BraTS20_Validation_071
  External slice         : 1
  Donor mask pixels      : 1335
  Posterior stack        : (100, 1, 1, 240, 240)
  Case output            : /Users/bhanugarg/archive/br_lora_library_staging/batch_0023/synthetic_005711
  Verdict                : PASS

[212/250] synthetic_005712
  Case seed              : 1087012499
  External subject       : BraTS20_Validation_071
  External slice         : 2
  Donor mask pixels      : 2066
  Posterior stack        : (100, 1, 1, 240, 240)
  Case output            : /Users/bhanugarg/archive/br_lora_library_staging/batch_0023/synthetic_005712
  Verdict                : PASS

[213/250] synthetic_005713
  Case seed              : 227902437
  External subject       : BraTS20_Validation_071
  External slice         : 3
  Donor mask pixels      : 1912
  Posterior stack        : (100, 1, 1, 240, 240)
  Case output            : /Users/bhanugarg/archive/br_lora_library_staging/batch_0023/synthetic_005713
  Verdict                : PASS

[214/250] synthetic_005714
  Case seed              : 1631340319
  External subject       : BraTS20_Validation_071
  External slice         : 4
  Donor mask pixels      : 1589
  Posterior stack        : (100, 1, 1, 240, 240)
  Case output            : /Users/bhanugarg/archive/br_lora_library_staging/batch_0023/synthetic_005714
  Verdict                : PASS

[215/250] synthetic_005715
  Case seed              : 1599369154
  External subject       : BraTS20_Validation_071
  External slice         : 5
  Donor mask pixels      : 799
  Posterior stack        : (100, 1, 1, 240, 240)
  Case output            : /Users/bhanugarg/archive/br_lora_library_staging/batch_0023/synthetic_005715
  Verdict                : PASS

[216/250] synthetic_005716
  Case seed              : 137268587
  External subject       : BraTS20_Validation_071
  External slice         : 6
  Donor mask pixels      : 2168
  Posterior stack        : (100, 1, 1, 240, 240)
  Case output            : /Users/bhanugarg/archive/br_lora_library_staging/batch_0023/synthetic_005716
  Verdict                : PASS

[217/250] synthetic_005717
  Case seed              : 10668691
  External subject       : BraTS20_Validation_071
  External slice         : 7
  Donor mask pixels      : 1767
  Posterior stack        : (100, 1, 1, 240, 240)
  Case output            : /Users/bhanugarg/archive/br_lora_library_staging/batch_0023/synthetic_005717
  Verdict                : PASS

[218/250] synthetic_005718
  Case seed              : 284046701
  External subject       : BraTS20_Validation_071
  External slice         : 8
  Donor mask pixels      : 375
  Posterior stack        : (100, 1, 1, 240, 240)
  Case output            : /Users/bhanugarg/archive/br_lora_library_staging/batch_0023/synthetic_005718
  Verdict                : PASS

[219/250] synthetic_005719
  Case seed              : 344591770
  External subject       : BraTS20_Validation_071
  External slice         : 9
  Donor mask pixels      : 1070
  Posterior stack        : (100, 1, 1, 240, 240)
  Case output            : /Users/bhanugarg/archive/br_lora_library_staging/batch_0023/synthetic_005719
  Verdict                : PASS

[220/250] synthetic_005720
  Case seed              : 64543325
  External subject       : BraTS20_Validation_071
  External slice         : 10
  Donor mask pixels      : 509
  Posterior stack        : (100, 1, 1, 240, 240)
  Case output            : /Users/bhanugarg/archive/br_lora_library_staging/batch_0023/synthetic_005720
  Verdict                : PASS

[221/250] synthetic_005721
  Case seed              : 1068372786
  External subject       : BraTS20_Validation_071
  External slice         : 11
  Donor mask pixels      : 441
  Posterior stack        : (100, 1, 1, 240, 240)
  Case output            : /Users/bhanugarg/archive/br_lora_library_staging/batch_0023/synthetic_005721
  Verdict                : PASS

[222/250] synthetic_005722
  Case seed              : 1753346987
  External subject       : BraTS20_Validation_071
  External slice         : 12
  Donor mask pixels      : 2060
  Posterior stack        : (100, 1, 1, 240, 240)
  Case output            : /Users/bhanugarg/archive/br_lora_library_staging/batch_0023/synthetic_005722
  Verdict                : PASS

[223/250] synthetic_005723
  Case seed              : 807857767
  External subject       : BraTS20_Validation_071
  External slice         : 13
  Donor mask pixels      : 1728
  Posterior stack        : (100, 1, 1, 240, 240)
  Case output            : /Users/bhanugarg/archive/br_lora_library_staging/batch_0023/synthetic_005723
  Verdict                : PASS

[224/250] synthetic_005724
  Case seed              : 2040128335
  External subject       : BraTS20_Validation_071
  External slice         : 14
  Donor mask pixels      : 1771
  Posterior stack        : (100, 1, 1, 240, 240)
  Case output            : /Users/bhanugarg/archive/br_lora_library_staging/batch_0023/synthetic_005724
  Verdict                : PASS

[225/250] synthetic_005725
  Case seed              : 992628886
  External subject       : BraTS20_Validation_071
  External slice         : 15
  Donor mask pixels      : 2076
  Posterior stack        : (100, 1, 1, 240, 240)
  Case output            : /Users/bhanugarg/archive/br_lora_library_staging/batch_0023/synthetic_005725
  Verdict                : PASS

[226/250] synthetic_005726
  Case seed              : 354446008
  External subject       : BraTS20_Validation_071
  External slice         : 16
  Donor mask pixels      : 587
  Posterior stack        : (100, 1, 1, 240, 240)
  Case output            : /Users/bhanugarg/archive/br_lora_library_staging/batch_0023/synthetic_005726
  Verdict                : PASS

[227/250] synthetic_005727
  Case seed              : 495996508
  External subject       : BraTS20_Validation_071
  External slice         : 17
  Donor mask pixels      : 421
  Posterior stack        : (100, 1, 1, 240, 240)
  Case output            : /Users/bhanugarg/archive/br_lora_library_staging/batch_0023/synthetic_005727
  Verdict                : PASS

[228/250] synthetic_005728
  Case seed              : 654050037
  External subject       : BraTS20_Validation_071
  External slice         : 19
  Donor mask pixels      : 1179
  Posterior stack        : (100, 1, 1, 240, 240)
  Case output            : /Users/bhanugarg/archive/br_lora_library_staging/batch_0023/synthetic_005728
  Verdict                : PASS

[229/250] synthetic_005729
  Case seed              : 1470331929
  External subject       : BraTS20_Validation_071
  External slice         : 20
  Donor mask pixels      : 866
  Posterior stack        : (100, 1, 1, 240, 240)
  Case output            : /Users/bhanugarg/archive/br_lora_library_staging/batch_0023/synthetic_005729
  Verdict                : PASS

[230/250] synthetic_005730
  Case seed              : 388793803
  External subject       : BraTS20_Validation_071
  External slice         : 21
  Donor mask pixels      : 1916
  Posterior stack        : (100, 1, 1, 240, 240)
  Case output            : /Users/bhanugarg/archive/br_lora_library_staging/batch_0023/synthetic_005730
  Verdict                : PASS

[231/250] synthetic_005731
  Case seed              : 1142326515
  External subject       : BraTS20_Validation_071
  External slice         : 22
  Donor mask pixels      : 1280
  Posterior stack        : (100, 1, 1, 240, 240)
  Case output            : /Users/bhanugarg/archive/br_lora_library_staging/batch_0023/synthetic_005731
  Verdict                : PASS

[232/250] synthetic_005732
  Case seed              : 229449971
  External subject       : BraTS20_Validation_071
  External slice         : 22
  Donor mask pixels      : 820
  Posterior stack        : (100, 1, 1, 240, 240)
  Case output            : /Users/bhanugarg/archive/br_lora_library_staging/batch_0023/synthetic_005732
  Verdict                : PASS

[233/250] synthetic_005733
  Case seed              : 1034247628
  External subject       : BraTS20_Validation_071
  External slice         : 23
  Donor mask pixels      : 1080
  Posterior stack        : (100, 1, 1, 240, 240)
  Case output            : /Users/bhanugarg/archive/br_lora_library_staging/batch_0023/synthetic_005733
  Verdict                : PASS

[234/250] synthetic_005734
  Case seed              : 1195347237
  External subject       : BraTS20_Validation_071
  External slice         : 24
  Donor mask pixels      : 1388
  Posterior stack        : (100, 1, 1, 240, 240)
  Case output            : /Users/bhanugarg/archive/br_lora_library_staging/batch_0023/synthetic_005734
  Verdict                : PASS

[235/250] synthetic_005735
  Case seed              : 1517520416
  External subject       : BraTS20_Validation_071
  External slice         : 24
  Donor mask pixels      : 458
  Posterior stack        : (100, 1, 1, 240, 240)
  Case output            : /Users/bhanugarg/archive/br_lora_library_staging/batch_0023/synthetic_005735
  Verdict                : PASS

[236/250] synthetic_005736
  Case seed              : 1234949298
  External subject       : BraTS20_Validation_071
  External slice         : 25
  Donor mask pixels      : 800
  Posterior stack        : (100, 1, 1, 240, 240)
  Case output            : /Users/bhanugarg/archive/br_lora_library_staging/batch_0023/synthetic_005736
  Verdict                : PASS

[237/250] synthetic_005737
  Case seed              : 869762746
  External subject       : BraTS20_Validation_071
  External slice         : 25
  Donor mask pixels      : 2608
  Posterior stack        : (100, 1, 1, 240, 240)
  Case output            : /Users/bhanugarg/archive/br_lora_library_staging/batch_0023/synthetic_005737
  Verdict                : PASS

[238/250] synthetic_005738
  Case seed              : 240839974
  External subject       : BraTS20_Validation_071
  External slice         : 26
  Donor mask pixels      : 1451
  Posterior stack        : (100, 1, 1, 240, 240)
  Case output            : /Users/bhanugarg/archive/br_lora_library_staging/batch_0023/synthetic_005738
  Verdict                : PASS

[239/250] synthetic_005739
  Case seed              : 731641555
  External subject       : BraTS20_Validation_071
  External slice         : 26
  Donor mask pixels      : 1955
  Posterior stack        : (100, 1, 1, 240, 240)
  Case output            : /Users/bhanugarg/archive/br_lora_library_staging/batch_0023/synthetic_005739
  Verdict                : PASS

[240/250] synthetic_005740
  Case seed              : 1724083360
  External subject       : BraTS20_Validation_071
  External slice         : 27
  Donor mask pixels      : 3320
  Posterior stack        : (100, 1, 1, 240, 240)
  Case output            : /Users/bhanugarg/archive/br_lora_library_staging/batch_0023/synthetic_005740
  Verdict                : PASS

[241/250] synthetic_005741
  Case seed              : 1315823891
  External subject       : BraTS20_Validation_071
  External slice         : 27
  Donor mask pixels      : 2438
  Posterior stack        : (100, 1, 1, 240, 240)
  Case output            : /Users/bhanugarg/archive/br_lora_library_staging/batch_0023/synthetic_005741
  Verdict                : PASS

[242/250] synthetic_005742
  Case seed              : 1249785626
  External subject       : BraTS20_Validation_071
  External slice         : 28
  Donor mask pixels      : 2667
  Posterior stack        : (100, 1, 1, 240, 240)
  Case output            : /Users/bhanugarg/archive/br_lora_library_staging/batch_0023/synthetic_005742
  Verdict                : PASS

[243/250] synthetic_005743
  Case seed              : 1272111537
  External subject       : BraTS20_Validation_071
  External slice         : 28
  Donor mask pixels      : 2676
  Posterior stack        : (100, 1, 1, 240, 240)
  Case output            : /Users/bhanugarg/archive/br_lora_library_staging/batch_0023/synthetic_005743
  Verdict                : PASS

[244/250] synthetic_005744
  Case seed              : 2141204302
  External subject       : BraTS20_Validation_071
  External slice         : 29
  Donor mask pixels      : 1096
  Posterior stack        : (100, 1, 1, 240, 240)
  Case output            : /Users/bhanugarg/archive/br_lora_library_staging/batch_0023/synthetic_005744
  Verdict                : PASS

[245/250] synthetic_005745
  Case seed              : 1680520334
  External subject       : BraTS20_Validation_071
  External slice         : 29
  Donor mask pixels      : 4358
  Posterior stack        : (100, 1, 1, 240, 240)
  Case output            : /Users/bhanugarg/archive/br_lora_library_staging/batch_0023/synthetic_005745
  Verdict                : PASS

[246/250] synthetic_005746
  Case seed              : 1775145149
  External subject       : BraTS20_Validation_071
  External slice         : 30
  Donor mask pixels      : 590
  Posterior stack        : (100, 1, 1, 240, 240)
  Case output            : /Users/bhanugarg/archive/br_lora_library_staging/batch_0023/synthetic_005746
  Verdict                : PASS

[247/250] synthetic_005747
  Case seed              : 730533530
  External subject       : BraTS20_Validation_071
  External slice         : 30
  Donor mask pixels      : 1366
  Posterior stack        : (100, 1, 1, 240, 240)
  Case output            : /Users/bhanugarg/archive/br_lora_library_staging/batch_0023/synthetic_005747
  Verdict                : PASS

[248/250] synthetic_005748
  Case seed              : 603497583
  External subject       : BraTS20_Validation_071
  External slice         : 31
  Donor mask pixels      : 970
  Posterior stack        : (100, 1, 1, 240, 240)
  Case output            : /Users/bhanugarg/archive/br_lora_library_staging/batch_0023/synthetic_005748
  Verdict                : PASS

[249/250] synthetic_005749
  Case seed              : 1151762952
  External subject       : BraTS20_Validation_071
  External slice         : 31
  Donor mask pixels      : 2626
  Posterior stack        : (100, 1, 1, 240, 240)
  Case output            : /Users/bhanugarg/archive/br_lora_library_staging/batch_0023/synthetic_005749
  Verdict                : PASS

[250/250] synthetic_005750
  Case seed              : 891093442
  External subject       : BraTS20_Validation_071
  External slice         : 32
  Donor mask pixels      : 2058
  Posterior stack        : (100, 1, 1, 240, 240)
  Case output            : /Users/bhanugarg/archive/br_lora_library_staging/batch_0023/synthetic_005750
  Verdict                : PASS

==============================================================================
BR-LoRA EXTERNAL EVALUATION: PASS
Completed cases          : 250
Posterior realizations   : 100 per case
Evaluation summary       : /Users/bhanugarg/archive/br_lora_library_staging/batch_0023/evaluation_summary.json
==============================================================================

==============================================================================
BR-LoRA LIBRARY BATCH PRODUCTION
==============================================================================

Batch                    : batch_0023
Frozen design manifest   : /Users/bhanugarg/Desktop/localized-medical-image-synthesis/downstream_evaluation/manifests/br_lora_library_design_10000/batches/batch_0023_manifest.csv
Execution manifest       : /Users/bhanugarg/Desktop/localized-medical-image-synthesis/downstream_evaluation/manifests/br_lora_library_design_10000/batches/batch_0023_external_evaluation_manifest.csv
Checkpoint               : /Users/bhanugarg/Desktop/localized-medical-image-synthesis/checkpoints/br_lora_full_train/final.pt
Posterior samples        : 100
Evaluation seed          : 42
Device                   : mps
Output                   : /Users/bhanugarg/archive/br_lora_library_staging/batch_0023
Prepare only             : False
Resume                   : False

===== EXECUTION MANIFEST: PASS =====
Cases                    : 250
Case IDs                 : synthetic_005501 to synthetic_005750
External subjects        : 4
Unique base slices       : 228
Unique donor slices      : 250
Manifest SHA-256         : 95480538e8e08fbd2d4e0dfa8bcac9972d2dd30388a97c808598d448aaaca8a8

==============================================================================
LAUNCHING VALIDATED BR-LoRA INFERENCE ENGINE
==============================================================================

/opt/anaconda3/envs/brats-nnunet/bin/python /Users/bhanugarg/Desktop/localized-medical-image-synthesis/scripts/evaluate_br_lora_external.py --checkpoint /Users/bhanugarg/Desktop/localized-medical-image-synthesis/checkpoints/br_lora_full_train/final.pt --validation-dataset /Users/bhanugarg/archive/BraTS2020_ValidationData/MICCAI_BraTS2020_ValidationData/validation_dataset.yaml --evaluation-manifest /Users/bhanugarg/Desktop/localized-medical-image-synthesis/downstream_evaluation/manifests/br_lora_library_design_10000/batches/batch_0023_external_evaluation_manifest.csv --posterior-samples 100 --seed 42 --output-dir /Users/bhanugarg/archive/br_lora_library_staging/batch_0023 --device mps


==============================================================================
LOCAL PRODUCTION AUDIT: PASS
==============================================================================
Cases audited            : 250
Problems                 : 0
Files checksummed        : 1501
Production audit         : /Users/bhanugarg/archive/br_lora_library_staging/br_lora_batch_0023_production_audit.json
Mac checksum inventory   : /Users/bhanugarg/archive/br_lora_library_staging/br_lora_batch_0023_mac_sha256.txt

==============================================================================
READY FOR FALCON TRANSFER
==============================================================================

No Falcon state was modified.
No local production data was deleted.
Remote batch destination reset:
  /scratch/bhanug/br_lora_library/batches/batch_0023
Transfer starting: 1752 files
./
evaluation_summary.json
            856 100%    3.15MB/s   00:00:00 (xfer#1, to-check=1/1752)
synthetic_005501/
synthetic_005501/composite_mean.pt
         232026 100%   72.82MB/s   00:00:00 (xfer#2, to-check=3/1752)
synthetic_005501/metadata.json
           1796 100%    4.17MB/s   00:00:00 (xfer#3, to-check=4/1752)
synthetic_005501/posterior_mean.pt
         232026 100%   65.18MB/s   00:00:00 (xfer#4, to-check=5/1752)
synthetic_005501/posterior_samples.pt
        3866624  16%    7.29MB/s   00:00:02        7274496  30%    6.15MB/s   00:00:02       10256384  42%    5.69MB/s   00:00:02       12779520  52%    4.63MB/s   00:00:02       15138816  61%    4.21MB/s   00:00:02       17498112  71%    4.17MB/s   00:00:01       19857408  81%    4.44MB/s   00:00:01       22478848  91%    4.96MB/s   00:00:00       24657317 100%    4.10MB/s   00:00:00       24657317 100%    5.02MB/s   00:00:04 (xfer#5, to-check=6/1752)
synthetic_005501/posterior_std.pt
         232019 100%  253.43MB/s   00:00:00 (xfer#6, to-check=7/1752)
synthetic_005501/posterior_variance.pt
         232054 100%    4.26MB/s   00:00:00 (xfer#7, to-check=8/1752)
synthetic_005502/
synthetic_005502/composite_mean.pt
         232026 100%    4.69MB/s   00:00:00 (xfer#8, to-check=10/1752)
synthetic_005502/metadata.json
           1798 100%   12.51MB/s   00:00:00 (xfer#9, to-check=11/1752)
synthetic_005502/posterior_mean.pt
         232026 100%    3.89MB/s   00:00:00 (xfer#10, to-check=12/1752)
synthetic_005502/posterior_samples.pt
        2654208  11%    5.05MB/s   00:00:04        5537792  22%    5.04MB/s   00:00:03        8683520  35%    5.88MB/s   00:00:02       11567104  47%    5.44MB/s   00:00:02       14450688  59%    5.41MB/s   00:00:01       17072128  69%    4.78MB/s   00:00:01       19300352  78%    3.98MB/s   00:00:01       22052864  89%    4.08MB/s   00:00:00       24248320  98%    3.73MB/s   00:00:00       24657317 100%    4.74MB/s   00:00:04 (xfer#11, to-check=13/1752)
synthetic_005502/posterior_std.pt
         232019 100%    5.79MB/s   00:00:00 (xfer#12, to-check=14/1752)
synthetic_005502/posterior_variance.pt
         232054 100%    2.69MB/s   00:00:00 (xfer#13, to-check=15/1752)
synthetic_005503/
synthetic_005503/composite_mean.pt
         232026 100%   26.73MB/s   00:00:00 (xfer#14, to-check=17/1752)
synthetic_005503/metadata.json
           1797 100%    7.86MB/s   00:00:00 (xfer#15, to-check=18/1752)
synthetic_005503/posterior_mean.pt
         232026 100%    2.31MB/s   00:00:00 (xfer#16, to-check=19/1752)
synthetic_005503/posterior_samples.pt
        2195456   9%    3.83MB/s   00:00:05        3473408  14%    2.29MB/s   00:00:08        5439488  22%    3.34MB/s   00:00:05        6684672  27%    1.92MB/s   00:00:08        7733248  31%    1.92MB/s   00:00:08        8552448  35%    1.08MB/s   00:00:14        9338880  38%    1.37MB/s   00:00:10       10387456  42%    1.90MB/s   00:00:07       11436032  46%    1.89MB/s   00:00:06       12484608  51%    1.95MB/s   00:00:05       13402112  54%    1.64MB/s   00:00:06       14581760  59%    1.99MB/s   00:00:04       15630336  63%    1.95MB/s   00:00:04       16547840  67%    1.57MB/s   00:00:04       17465344  71%    1.43MB/s   00:00:04       18382848  75%    1.25MB/s   00:00:04       19300352  78%    1.73MB/s   00:00:02       20348928  83%    1.96MB/s   00:00:02       21397504  87%    1.79MB/s   00:00:01       22052864  89%    1.13MB/s   00:00:02       22970368  93%    1.60MB/s   00:00:01       23887872  97%    1.53MB/s   00:00:00       24657317 100%    1.85MB/s   00:00:12 (xfer#17, to-check=20/1752)
synthetic_005503/posterior_std.pt
         232019 100%    2.45MB/s   00:00:00 (xfer#18, to-check=21/1752)
synthetic_005503/posterior_variance.pt
         232054 100%    2.14MB/s   00:00:00 (xfer#19, to-check=22/1752)
synthetic_005504/
synthetic_005504/composite_mean.pt
         232026 100%    1.84MB/s   00:00:00 (xfer#20, to-check=24/1752)
synthetic_005504/metadata.json
           1797 100%   21.65MB/s   00:00:00 (xfer#21, to-check=25/1752)
synthetic_005504/posterior_mean.pt
         232026 100%    1.20MB/s   00:00:00 (xfer#22, to-check=26/1752)
synthetic_005504/posterior_samples.pt
        1179648   5%    1.54MB/s   00:00:14        1998848   8%    1.50MB/s   00:00:14        3014656  12%    1.92MB/s   00:00:10        4325376  18%    2.47MB/s   00:00:07        5636096  23%    2.21MB/s   00:00:08        7208960  29%    2.87MB/s   00:00:05        8650752  35%    2.62MB/s   00:00:05       10223616  41%    2.79MB/s   00:00:04       11796480  48%    2.72MB/s   00:00:04       13500416  55%    2.91MB/s   00:00:03       15466496  63%    3.61MB/s   00:00:02       17432576  71%    3.61MB/s   00:00:01       19136512  78%    3.16MB/s   00:00:01       20840448  85%    3.21MB/s   00:00:01       22544384  91%    3.24MB/s   00:00:00       24641536 100%    3.94MB/s   00:00:00       24657317 100%    2.72MB/s   00:00:08 (xfer#23, to-check=27/1752)
synthetic_005504/posterior_std.pt
         232019 100%    6.03MB/s   00:00:00 (xfer#24, to-check=28/1752)
synthetic_005504/posterior_variance.pt
         232054 100%    3.82MB/s   00:00:00 (xfer#25, to-check=29/1752)
synthetic_005505/
synthetic_005505/composite_mean.pt
         232026 100%   11.41MB/s   00:00:00 (xfer#26, to-check=31/1752)
synthetic_005505/metadata.json
           1798 100%   11.06MB/s   00:00:00 (xfer#27, to-check=32/1752)
synthetic_005505/posterior_mean.pt
         232026 100%    3.76MB/s   00:00:00 (xfer#28, to-check=33/1752)
synthetic_005505/posterior_samples.pt
        1802240   7%    3.32MB/s   00:00:06        2850816  12%    1.87MB/s   00:00:11        4161536  17%    2.42MB/s   00:00:08        5996544  24%    3.44MB/s   00:00:05        7569408  31%    2.63MB/s   00:00:06        9404416  38%    3.38MB/s   00:00:04       11108352  45%    3.01MB/s   00:00:04       13205504  54%    3.82MB/s   00:00:02       15040512  61%    3.09MB/s   00:00:02       16875520  68%    3.30MB/s   00:00:02       18841600  76%    3.57MB/s   00:00:01       20676608  84%    3.42MB/s   00:00:01       22773760  92%    3.57MB/s   00:00:00       24657317 100%    3.16MB/s   00:00:07 (xfer#29, to-check=34/1752)
synthetic_005505/posterior_std.pt
         232019 100%    3.61MB/s   00:00:00 (xfer#30, to-check=35/1752)
synthetic_005505/posterior_variance.pt
         232054 100%   21.61MB/s   00:00:00 (xfer#31, to-check=36/1752)
synthetic_005506/
synthetic_005506/composite_mean.pt
         232026 100%    2.16MB/s   00:00:00 (xfer#32, to-check=38/1752)
synthetic_005506/metadata.json
           1797 100%    5.46MB/s   00:00:00 (xfer#33, to-check=39/1752)
synthetic_005506/posterior_mean.pt
         232026 100%    2.87MB/s   00:00:00 (xfer#34, to-check=40/1752)
synthetic_005506/posterior_samples.pt
        2064384   8%    3.81MB/s   00:00:05        3997696  16%    3.52MB/s   00:00:05        5963776  24%    3.73MB/s   00:00:04        8192000  33%    4.23MB/s   00:00:03       10158080  41%    3.16MB/s   00:00:04       11796480  48%    2.97MB/s   00:00:04       14024704  57%    4.00MB/s   00:00:02       16646144  68%    4.50MB/s   00:00:01       18415616  75%    3.32MB/s   00:00:01       20381696  83%    3.67MB/s   00:00:01       22085632  90%    3.09MB/s   00:00:00       23920640  97%    3.19MB/s   00:00:00       24657317 100%    3.55MB/s   00:00:06 (xfer#35, to-check=41/1752)
synthetic_005506/posterior_std.pt
         232019 100%   69.67MB/s   00:00:00 (xfer#36, to-check=42/1752)
synthetic_005506/posterior_variance.pt
         232054 100%    2.56MB/s   00:00:00 (xfer#37, to-check=43/1752)
synthetic_005507/
synthetic_005507/composite_mean.pt
         232026 100%    2.30MB/s   00:00:00 (xfer#38, to-check=45/1752)
synthetic_005507/metadata.json
           1797 100%    4.53MB/s   00:00:00 (xfer#39, to-check=46/1752)
synthetic_005507/posterior_mean.pt
         232026 100%    2.52MB/s   00:00:00 (xfer#40, to-check=47/1752)
synthetic_005507/posterior_samples.pt
        1736704   7%    3.09MB/s   00:00:07        3702784  15%    3.66MB/s   00:00:05        5668864  23%    3.49MB/s   00:00:05        7634944  31%    3.51MB/s   00:00:04        9601024  39%    3.60MB/s   00:00:03       11436032  46%    3.15MB/s   00:00:04       13533184  55%    3.56MB/s   00:00:02       15368192  62%    3.38MB/s   00:00:02       17334272  70%    3.58MB/s   00:00:01       19431424  79%    3.88MB/s   00:00:01       21659648  88%    4.04MB/s   00:00:00       23625728  96%    3.73MB/s   00:00:00       24657317 100%    3.54MB/s   00:00:06 (xfer#41, to-check=48/1752)
synthetic_005507/posterior_std.pt
         232019 100%   18.32MB/s   00:00:00 (xfer#42, to-check=49/1752)
synthetic_005507/posterior_variance.pt
         232054 100%    4.65MB/s   00:00:00 (xfer#43, to-check=50/1752)
synthetic_005508/
synthetic_005508/composite_mean.pt
         232026 100%   19.12MB/s   00:00:00 (xfer#44, to-check=52/1752)
synthetic_005508/metadata.json
           1798 100%   14.92MB/s   00:00:00 (xfer#45, to-check=53/1752)
synthetic_005508/posterior_mean.pt
         232026 100%    3.90MB/s   00:00:00 (xfer#46, to-check=54/1752)
synthetic_005508/posterior_samples.pt
        2686976  11%    4.73MB/s   00:00:04        4915200  20%    4.15MB/s   00:00:04        6619136  27%    3.22MB/s   00:00:05        8585216  35%    3.46MB/s   00:00:04       11206656  45%    5.00MB/s   00:00:02       15269888  62%    7.50MB/s   00:00:01       18186240  74%    4.86MB/s   00:00:01       20676608  84%    4.60MB/s   00:00:00       23035904  93%    4.39MB/s   00:00:00       24657317 100%    4.66MB/s   00:00:05 (xfer#47, to-check=55/1752)
synthetic_005508/posterior_std.pt
         232019 100%    1.95MB/s   00:00:00 (xfer#48, to-check=56/1752)
synthetic_005508/posterior_variance.pt
         232054 100%  145.97MB/s   00:00:00 (xfer#49, to-check=57/1752)
synthetic_005509/
synthetic_005509/composite_mean.pt
         232026 100%    2.65MB/s   00:00:00 (xfer#50, to-check=59/1752)
synthetic_005509/metadata.json
           1798 100%    3.94MB/s   00:00:00 (xfer#51, to-check=60/1752)
synthetic_005509/posterior_mean.pt
         232026 100%    1.26MB/s   00:00:00 (xfer#52, to-check=61/1752)
synthetic_005509/posterior_samples.pt
        1835008   7%    3.37MB/s   00:00:06        3997696  16%    3.70MB/s   00:00:05        5799936  24%    2.95MB/s   00:00:06        7766016  31%    3.42MB/s   00:00:04        9601024  39%    3.46MB/s   00:00:04       11436032  46%    3.33MB/s   00:00:03       13139968  53%    3.16MB/s   00:00:03       14712832  60%    3.00MB/s   00:00:03       16285696  66%    2.81MB/s   00:00:02       18251776  74%    3.24MB/s   00:00:01       19955712  81%    2.90MB/s   00:00:01       21659648  88%    2.64MB/s   00:00:01       23625728  96%    3.25MB/s   00:00:00       24657317 100%    3.17MB/s   00:00:07 (xfer#53, to-check=62/1752)
synthetic_005509/posterior_std.pt
         232019 100%    4.10MB/s   00:00:00 (xfer#54, to-check=63/1752)
synthetic_005509/posterior_variance.pt
         232054 100%    4.26MB/s   00:00:00 (xfer#55, to-check=64/1752)
synthetic_005510/
synthetic_005510/composite_mean.pt
         232026 100%    3.92MB/s   00:00:00 (xfer#56, to-check=66/1752)
synthetic_005510/metadata.json
           1799 100%    4.78MB/s   00:00:00 (xfer#57, to-check=67/1752)
synthetic_005510/posterior_mean.pt
         232026 100%    2.16MB/s   00:00:00 (xfer#58, to-check=68/1752)
synthetic_005510/posterior_samples.pt
        1179648   5%    1.98MB/s   00:00:11        3276800  13%    3.60MB/s   00:00:05        4980736  20%    3.10MB/s   00:00:06        6815744  28%    3.13MB/s   00:00:05        8912896  36%    3.48MB/s   00:00:04       11141120  45%    4.18MB/s   00:00:03       13107200  53%    3.72MB/s   00:00:02       15073280  61%    3.44MB/s   00:00:02       17170432  70%    3.83MB/s   00:00:01       19529728  79%    4.23MB/s   00:00:01       22544384  91%    5.69MB/s   00:00:00       24657317 100%    3.78MB/s   00:00:06 (xfer#59, to-check=69/1752)
synthetic_005510/posterior_std.pt
         232019 100%   15.94MB/s   00:00:00 (xfer#60, to-check=70/1752)
synthetic_005510/posterior_variance.pt
         232054 100%   10.57MB/s   00:00:00 (xfer#61, to-check=71/1752)
synthetic_005511/
synthetic_005511/composite_mean.pt
         232026 100%    8.05MB/s   00:00:00 (xfer#62, to-check=73/1752)
synthetic_005511/metadata.json
           1798 100%   14.53MB/s   00:00:00 (xfer#63, to-check=74/1752)
synthetic_005511/posterior_mean.pt
         232026 100%    3.56MB/s   00:00:00 (xfer#64, to-check=75/1752)
synthetic_005511/posterior_samples.pt
        3178496  13%    5.79MB/s   00:00:03        6979584  28%    6.86MB/s   00:00:02       10780672  44%    6.69MB/s   00:00:01       14712832  60%    7.43MB/s   00:00:01       18907136  77%    6.34MB/s   00:00:00       23494656  95%    8.62MB/s   00:00:00       24657317 100%    6.85MB/s   00:00:03 (xfer#65, to-check=76/1752)
synthetic_005511/posterior_std.pt
         232019 100%  241.88MB/s   00:00:00 (xfer#66, to-check=77/1752)
synthetic_005511/posterior_variance.pt
         232054 100%  309.10MB/s   00:00:00 (xfer#67, to-check=78/1752)
synthetic_005512/
synthetic_005512/composite_mean.pt
         232026 100%   14.16MB/s   00:00:00 (xfer#68, to-check=80/1752)
synthetic_005512/metadata.json
           1797 100%   16.34MB/s   00:00:00 (xfer#69, to-check=81/1752)
synthetic_005512/posterior_mean.pt
         232026 100%   76.81MB/s   00:00:00 (xfer#70, to-check=82/1752)
synthetic_005512/posterior_samples.pt
        5013504  20%    9.56MB/s   00:00:01       10584064  43%   10.61MB/s   00:00:01       16613376  67%   11.36MB/s   00:00:00       21725184  88%    9.74MB/s   00:00:00       24657317 100%   10.35MB/s   00:00:02 (xfer#71, to-check=83/1752)
synthetic_005512/posterior_std.pt
         232019 100%   16.33MB/s   00:00:00 (xfer#72, to-check=84/1752)
synthetic_005512/posterior_variance.pt
         232054 100%   20.25MB/s   00:00:00 (xfer#73, to-check=85/1752)
synthetic_005513/
synthetic_005513/composite_mean.pt
         232026 100%    2.12MB/s   00:00:00 (xfer#74, to-check=87/1752)
synthetic_005513/metadata.json
           1798 100%    5.09MB/s   00:00:00 (xfer#75, to-check=88/1752)
synthetic_005513/posterior_mean.pt
         232026 100%  178.31MB/s   00:00:00 (xfer#76, to-check=89/1752)
synthetic_005513/posterior_samples.pt
        6193152  25%   11.24MB/s   00:00:01       11141120  45%    9.44MB/s   00:00:01       16351232  66%    9.71MB/s   00:00:00       20283392  82%    6.45MB/s   00:00:00       24657317 100%    7.89MB/s   00:00:00       24657317 100%    8.75MB/s   00:00:02 (xfer#77, to-check=90/1752)
synthetic_005513/posterior_std.pt
         232019 100%  243.40MB/s   00:00:00 (xfer#78, to-check=91/1752)
synthetic_005513/posterior_variance.pt
         232054 100%  299.42MB/s   00:00:00 (xfer#79, to-check=92/1752)
synthetic_005514/
synthetic_005514/composite_mean.pt
         232026 100%  294.26MB/s   00:00:00 (xfer#80, to-check=94/1752)
synthetic_005514/metadata.json
           1797 100%   25.22MB/s   00:00:00 (xfer#81, to-check=95/1752)
synthetic_005514/posterior_mean.pt
         232026 100%  323.49MB/s   00:00:00 (xfer#82, to-check=96/1752)
synthetic_005514/posterior_samples.pt
        4423680  18%    8.40MB/s   00:00:02        8716288  35%    7.32MB/s   00:00:02       13697024  56%    9.12MB/s   00:00:01       18939904  77%    9.83MB/s   00:00:00       24657317 100%    9.13MB/s   00:00:02 (xfer#83, to-check=97/1752)
synthetic_005514/posterior_std.pt
         232019 100%  240.81MB/s   00:00:00 (xfer#84, to-check=98/1752)
synthetic_005514/posterior_variance.pt
         232054 100%  295.05MB/s   00:00:00 (xfer#85, to-check=99/1752)
synthetic_005515/
synthetic_005515/composite_mean.pt
         232026 100%   28.96MB/s   00:00:00 (xfer#86, to-check=101/1752)
synthetic_005515/metadata.json
           1797 100%   28.08MB/s   00:00:00 (xfer#87, to-check=102/1752)
synthetic_005515/posterior_mean.pt
         232026 100%    7.80MB/s   00:00:00 (xfer#88, to-check=103/1752)
synthetic_005515/posterior_samples.pt
        6750208  27%   12.62MB/s   00:00:01       13303808  54%   12.12MB/s   00:00:00       19857408  81%   12.06MB/s   00:00:00       24657317 100%   12.14MB/s   00:00:01 (xfer#89, to-check=104/1752)
synthetic_005515/posterior_std.pt
         232019 100%  297.36MB/s   00:00:00 (xfer#90, to-check=105/1752)
synthetic_005515/posterior_variance.pt
         232054 100%  328.80MB/s   00:00:00 (xfer#91, to-check=106/1752)
synthetic_005516/
synthetic_005516/composite_mean.pt
         232026 100%   33.47MB/s   00:00:00 (xfer#92, to-check=108/1752)
synthetic_005516/metadata.json
           1798 100%   20.43MB/s   00:00:00 (xfer#93, to-check=109/1752)
synthetic_005516/posterior_mean.pt
         232026 100%   11.21MB/s   00:00:00 (xfer#94, to-check=110/1752)
synthetic_005516/posterior_samples.pt
        7405568  30%   13.77MB/s   00:00:01       14090240  57%   12.75MB/s   00:00:00       20905984  85%   12.74MB/s   00:00:00       24657317 100%   12.87MB/s   00:00:01 (xfer#95, to-check=111/1752)
synthetic_005516/posterior_std.pt
         232019 100%  274.17MB/s   00:00:00 (xfer#96, to-check=112/1752)
synthetic_005516/posterior_variance.pt
         232054 100%   36.00MB/s   00:00:00 (xfer#97, to-check=113/1752)
synthetic_005517/
synthetic_005517/composite_mean.pt
         232026 100%    9.01MB/s   00:00:00 (xfer#98, to-check=115/1752)
synthetic_005517/metadata.json
           1797 100%   22.32MB/s   00:00:00 (xfer#99, to-check=116/1752)
synthetic_005517/posterior_mean.pt
         232026 100%   48.98MB/s   00:00:00 (xfer#100, to-check=117/1752)
synthetic_005517/posterior_samples.pt
        4390912  18%    7.66MB/s   00:00:02        9764864  40%    9.92MB/s   00:00:01       14974976  61%    9.91MB/s   00:00:00       19955712  81%    9.15MB/s   00:00:00       24657317 100%    9.05MB/s   00:00:02 (xfer#101, to-check=118/1752)
synthetic_005517/posterior_std.pt
         232019 100%  274.58MB/s   00:00:00 (xfer#102, to-check=119/1752)
synthetic_005517/posterior_variance.pt
         232054 100%  314.33MB/s   00:00:00 (xfer#103, to-check=120/1752)
synthetic_005518/
synthetic_005518/composite_mean.pt
         232026 100%   16.62MB/s   00:00:00 (xfer#104, to-check=122/1752)
synthetic_005518/metadata.json
           1798 100%   19.92MB/s   00:00:00 (xfer#105, to-check=123/1752)
synthetic_005518/posterior_mean.pt
         232026 100%    9.60MB/s   00:00:00 (xfer#106, to-check=124/1752)
synthetic_005518/posterior_samples.pt
        4915200  20%    9.09MB/s   00:00:02        8454144  34%    6.50MB/s   00:00:02       11534336  47%    5.40MB/s   00:00:02       14811136  60%    6.05MB/s   00:00:01       17563648  71%    5.15MB/s   00:00:01       21266432  86%    6.81MB/s   00:00:00       24379392  99%    5.50MB/s   00:00:00       24657317 100%    6.35MB/s   00:00:03 (xfer#107, to-check=125/1752)
synthetic_005518/posterior_std.pt
         232019 100%  252.26MB/s   00:00:00 (xfer#108, to-check=126/1752)
synthetic_005518/posterior_variance.pt
         232054 100%    7.45MB/s   00:00:00 (xfer#109, to-check=127/1752)
synthetic_005519/
synthetic_005519/composite_mean.pt
         232026 100%    2.15MB/s   00:00:00 (xfer#110, to-check=129/1752)
synthetic_005519/metadata.json
           1798 100%    6.08MB/s   00:00:00 (xfer#111, to-check=130/1752)
synthetic_005519/posterior_mean.pt
         232026 100%   41.59MB/s   00:00:00 (xfer#112, to-check=131/1752)
synthetic_005519/posterior_samples.pt
        1867776   8%    3.46MB/s   00:00:06        4063232  16%    3.70MB/s   00:00:05        6553600  27%    4.59MB/s   00:00:03        9043968  37%    4.53MB/s   00:00:03       10878976  44%    3.47MB/s   00:00:03       13107200  53%    3.89MB/s   00:00:02       15335424  62%    4.05MB/s   00:00:02       17563648  71%    3.87MB/s   00:00:01       19922944  81%    4.35MB/s   00:00:01       22282240  90%    3.99MB/s   00:00:00       24379392  99%    3.41MB/s   00:00:00       24657317 100%    3.95MB/s   00:00:05 (xfer#113, to-check=132/1752)
synthetic_005519/posterior_std.pt
         232019 100%    5.52MB/s   00:00:00 (xfer#114, to-check=133/1752)
synthetic_005519/posterior_variance.pt
         232054 100%    2.60MB/s   00:00:00 (xfer#115, to-check=134/1752)
synthetic_005520/
synthetic_005520/composite_mean.pt
         232026 100%    7.70MB/s   00:00:00 (xfer#116, to-check=136/1752)
synthetic_005520/metadata.json
           1798 100%    4.65MB/s   00:00:00 (xfer#117, to-check=137/1752)
synthetic_005520/posterior_mean.pt
         232026 100%    3.54MB/s   00:00:00 (xfer#118, to-check=138/1752)
synthetic_005520/posterior_samples.pt
        1736704   7%    3.05MB/s   00:00:07        4194304  17%    4.49MB/s   00:00:04        6422528  26%    3.66MB/s   00:00:04        8388608  34%    3.59MB/s   00:00:04        9699328  39%    2.45MB/s   00:00:05       11665408  47%    3.44MB/s   00:00:03       13893632  56%    3.44MB/s   00:00:02       16121856  65%    3.96MB/s   00:00:02       17825792  72%    2.89MB/s   00:00:02       20054016  81%    3.91MB/s   00:00:01       22413312  91%    4.38MB/s   00:00:00       24657317 100%    3.64MB/s   00:00:06 (xfer#119, to-check=139/1752)
synthetic_005520/posterior_std.pt
         232019 100%   30.44MB/s   00:00:00 (xfer#120, to-check=140/1752)
synthetic_005520/posterior_variance.pt
         232054 100%    4.59MB/s   00:00:00 (xfer#121, to-check=141/1752)
synthetic_005521/
synthetic_005521/composite_mean.pt
         232026 100%    1.73MB/s   00:00:00 (xfer#122, to-check=143/1752)
synthetic_005521/metadata.json
           1798 100%    4.21MB/s   00:00:00 (xfer#123, to-check=144/1752)
synthetic_005521/posterior_mean.pt
         232026 100%   12.37MB/s   00:00:00 (xfer#124, to-check=145/1752)
synthetic_005521/posterior_samples.pt
        2457600  10%    4.69MB/s   00:00:04        4816896  20%    3.92MB/s   00:00:04        6914048  28%    3.47MB/s   00:00:04        8617984  35%    2.64MB/s   00:00:05       11501568  47%    5.10MB/s   00:00:02       15007744  61%    6.69MB/s   00:00:01       18186240  74%    5.62MB/s   00:00:01       21200896  86%    5.42MB/s   00:00:00       24657317 100%    4.82MB/s   00:00:04 (xfer#125, to-check=146/1752)
synthetic_005521/posterior_std.pt
         232019 100%  260.33MB/s   00:00:00 (xfer#126, to-check=147/1752)
synthetic_005521/posterior_variance.pt
         232054 100%    8.16MB/s   00:00:00 (xfer#127, to-check=148/1752)
synthetic_005522/
synthetic_005522/composite_mean.pt
         232026 100%    4.43MB/s   00:00:00 (xfer#128, to-check=150/1752)
synthetic_005522/metadata.json
           1798 100%   13.01MB/s   00:00:00 (xfer#129, to-check=151/1752)
synthetic_005522/posterior_mean.pt
         232026 100%   37.13MB/s   00:00:00 (xfer#130, to-check=152/1752)
synthetic_005522/posterior_samples.pt
        3014656  12%    5.60MB/s   00:00:03        6619136  27%    6.21MB/s   00:00:02       10158080  41%    6.62MB/s   00:00:02       13697024  56%    6.74MB/s   00:00:01       17203200  70%    6.69MB/s   00:00:01       20709376  84%    4.46MB/s   00:00:00       23330816  95%    4.51MB/s   00:00:00       24657317 100%    5.71MB/s   00:00:04 (xfer#131, to-check=153/1752)
synthetic_005522/posterior_std.pt
         232019 100%    6.56MB/s   00:00:00 (xfer#132, to-check=154/1752)
synthetic_005522/posterior_variance.pt
         232054 100%   29.99MB/s   00:00:00 (xfer#133, to-check=155/1752)
synthetic_005523/
synthetic_005523/composite_mean.pt
         232026 100%   26.90MB/s   00:00:00 (xfer#134, to-check=157/1752)
synthetic_005523/metadata.json
           1798 100%   15.60MB/s   00:00:00 (xfer#135, to-check=158/1752)
synthetic_005523/posterior_mean.pt
         232026 100%    2.63MB/s   00:00:00 (xfer#136, to-check=159/1752)
synthetic_005523/posterior_samples.pt
        2850816  12%    5.40MB/s   00:00:03        5996544  24%    5.84MB/s   00:00:03        9273344  38%    4.51MB/s   00:00:03       12713984  52%    6.28MB/s   00:00:01       14942208  61%    4.03MB/s   00:00:02       17694720  72%    5.00MB/s   00:00:01       20578304  83%    5.34MB/s   00:00:00       23756800  96%    6.06MB/s   00:00:00       24657317 100%    5.26MB/s   00:00:04 (xfer#137, to-check=160/1752)
synthetic_005523/posterior_std.pt
         232019 100%    8.07MB/s   00:00:00 (xfer#138, to-check=161/1752)
synthetic_005523/posterior_variance.pt
         232054 100%    8.62MB/s   00:00:00 (xfer#139, to-check=162/1752)
synthetic_005524/
synthetic_005524/composite_mean.pt
         232026 100%   41.48MB/s   00:00:00 (xfer#140, to-check=164/1752)
synthetic_005524/metadata.json
           1798 100%   20.91MB/s   00:00:00 (xfer#141, to-check=165/1752)
synthetic_005524/posterior_mean.pt
         232026 100%    3.12MB/s   00:00:00 (xfer#142, to-check=166/1752)
synthetic_005524/posterior_samples.pt
        3407872  14%    5.98MB/s   00:00:03        7274496  30%    7.18MB/s   00:00:02       10289152  42%    5.47MB/s   00:00:02       13434880  54%    5.34MB/s   00:00:02       16842752  68%    6.48MB/s   00:00:01       19824640  80%    5.69MB/s   00:00:00       21692416  88%    3.24MB/s   00:00:00       24657317 100%    5.71MB/s   00:00:04 (xfer#143, to-check=167/1752)
synthetic_005524/posterior_std.pt
         232019 100%  250.90MB/s   00:00:00 (xfer#144, to-check=168/1752)
synthetic_005524/posterior_variance.pt
         232054 100%   41.61MB/s   00:00:00 (xfer#145, to-check=169/1752)
synthetic_005525/
synthetic_005525/composite_mean.pt
         232026 100%    4.44MB/s   00:00:00 (xfer#146, to-check=171/1752)
synthetic_005525/metadata.json
           1799 100%   10.09MB/s   00:00:00 (xfer#147, to-check=172/1752)
synthetic_005525/posterior_mean.pt
         232026 100%   21.28MB/s   00:00:00 (xfer#148, to-check=173/1752)
synthetic_005525/posterior_samples.pt
        3276800  13%    6.05MB/s   00:00:03        7077888  29%    7.23MB/s   00:00:02        9338880  38%    4.22MB/s   00:00:03       11960320  49%    4.82MB/s   00:00:02       14974976  61%    5.36MB/s   00:00:01       17858560  72%    5.14MB/s   00:00:01       20480000  83%    4.67MB/s   00:00:00       23363584  95%    5.16MB/s   00:00:00       24657317 100%    5.31MB/s   00:00:04 (xfer#149, to-check=174/1752)
synthetic_005525/posterior_std.pt
         232019 100%    5.22MB/s   00:00:00 (xfer#150, to-check=175/1752)
synthetic_005525/posterior_variance.pt
         232054 100%   29.76MB/s   00:00:00 (xfer#151, to-check=176/1752)
synthetic_005526/
synthetic_005526/composite_mean.pt
         232026 100%   13.31MB/s   00:00:00 (xfer#152, to-check=178/1752)
synthetic_005526/metadata.json
           1797 100%    9.74MB/s   00:00:00 (xfer#153, to-check=179/1752)
synthetic_005526/posterior_mean.pt
         232026 100%    3.64MB/s   00:00:00 (xfer#154, to-check=180/1752)
synthetic_005526/posterior_samples.pt
        3145728  13%    5.62MB/s   00:00:03        5898240  24%    4.96MB/s   00:00:03        9699328  39%    6.67MB/s   00:00:02       13500416  55%    7.18MB/s   00:00:01       17170432  70%    6.69MB/s   00:00:01       21102592  86%    7.08MB/s   00:00:00       24657317 100%    6.44MB/s   00:00:03 (xfer#155, to-check=181/1752)
synthetic_005526/posterior_std.pt
         232019 100%   13.96MB/s   00:00:00 (xfer#156, to-check=182/1752)
synthetic_005526/posterior_variance.pt
         232054 100%   15.41MB/s   00:00:00 (xfer#157, to-check=183/1752)
synthetic_005527/
synthetic_005527/composite_mean.pt
         232026 100%    6.63MB/s   00:00:00 (xfer#158, to-check=185/1752)
synthetic_005527/metadata.json
           1797 100%   11.98MB/s   00:00:00 (xfer#159, to-check=186/1752)
synthetic_005527/posterior_mean.pt
         232026 100%    6.51MB/s   00:00:00 (xfer#160, to-check=187/1752)
synthetic_005527/posterior_samples.pt
        3276800  13%    6.23MB/s   00:00:03        6029312  24%    5.10MB/s   00:00:03        9043968  37%    5.61MB/s   00:00:02       11927552  48%    5.11MB/s   00:00:02       14680064  60%    5.07MB/s   00:00:01       17432576  71%    5.14MB/s   00:00:01       20054016  81%    4.83MB/s   00:00:00       23068672  94%    5.52MB/s   00:00:00       24657317 100%    5.33MB/s   00:00:04 (xfer#161, to-check=188/1752)
synthetic_005527/posterior_std.pt
         232019 100%   29.19MB/s   00:00:00 (xfer#162, to-check=189/1752)
synthetic_005527/posterior_variance.pt
         232054 100%    4.13MB/s   00:00:00 (xfer#163, to-check=190/1752)
synthetic_005528/
synthetic_005528/composite_mean.pt
         232026 100%   10.98MB/s   00:00:00 (xfer#164, to-check=192/1752)
synthetic_005528/metadata.json
           1798 100%   16.20MB/s   00:00:00 (xfer#165, to-check=193/1752)
synthetic_005528/posterior_mean.pt
         232026 100%    3.53MB/s   00:00:00 (xfer#166, to-check=194/1752)
synthetic_005528/posterior_samples.pt
        3178496  13%    5.83MB/s   00:00:03        6062080  25%    4.69MB/s   00:00:03        9076736  37%    5.32MB/s   00:00:02       13271040  54%    7.85MB/s   00:00:01       16809984  68%    6.20MB/s   00:00:01       20873216  85%    7.36MB/s   00:00:00       24657317 100%    6.43MB/s   00:00:03 (xfer#167, to-check=195/1752)
synthetic_005528/posterior_std.pt
         232019 100%  248.61MB/s   00:00:00 (xfer#168, to-check=196/1752)
synthetic_005528/posterior_variance.pt
         232054 100%   13.89MB/s   00:00:00 (xfer#169, to-check=197/1752)
synthetic_005529/
synthetic_005529/composite_mean.pt
         232026 100%   33.99MB/s   00:00:00 (xfer#170, to-check=199/1752)
synthetic_005529/metadata.json
           1797 100%   24.45MB/s   00:00:00 (xfer#171, to-check=200/1752)
synthetic_005529/posterior_mean.pt
         232026 100%    7.31MB/s   00:00:00 (xfer#172, to-check=201/1752)
synthetic_005529/posterior_samples.pt
        1703936   7%    3.22MB/s   00:00:06        4882432  20%    5.99MB/s   00:00:03        8159232  33%    6.21MB/s   00:00:02       11960320  49%    6.79MB/s   00:00:01       15630336  63%    6.80MB/s   00:00:01       18907136  77%    6.21MB/s   00:00:00       23363584  95%    8.29MB/s   00:00:00       24657317 100%    6.19MB/s   00:00:03 (xfer#173, to-check=202/1752)
synthetic_005529/posterior_std.pt
         232019 100%  234.60MB/s   00:00:00 (xfer#174, to-check=203/1752)
synthetic_005529/posterior_variance.pt
         232054 100%  282.30MB/s   00:00:00 (xfer#175, to-check=204/1752)
synthetic_005530/
synthetic_005530/composite_mean.pt
         232026 100%   13.23MB/s   00:00:00 (xfer#176, to-check=206/1752)
synthetic_005530/metadata.json
           1797 100%   15.42MB/s   00:00:00 (xfer#177, to-check=207/1752)
synthetic_005530/posterior_mean.pt
         232026 100%    5.08MB/s   00:00:00 (xfer#178, to-check=208/1752)
synthetic_005530/posterior_samples.pt
        1998848   8%    3.75MB/s   00:00:05        4816896  20%    5.37MB/s   00:00:03        7012352  28%    4.10MB/s   00:00:04        9240576  37%    4.19MB/s   00:00:03       11599872  47%    4.31MB/s   00:00:02       13959168  57%    4.30MB/s   00:00:02       16187392  66%    4.25MB/s   00:00:01       18022400  73%    3.43MB/s   00:00:01       19726336  80%    3.12MB/s   00:00:01       22216704  90%    4.19MB/s   00:00:00       24444928  99%    3.64MB/s   00:00:00       24657317 100%    4.06MB/s   00:00:05 (xfer#179, to-check=209/1752)
synthetic_005530/posterior_std.pt
         232019 100%  260.99MB/s   00:00:00 (xfer#180, to-check=210/1752)
synthetic_005530/posterior_variance.pt
         232054 100%  757.67KB/s   00:00:00 (xfer#181, to-check=211/1752)
synthetic_005531/
synthetic_005531/composite_mean.pt
         232026 100%    2.02MB/s   00:00:00 (xfer#182, to-check=213/1752)
synthetic_005531/metadata.json
           1798 100%    9.16MB/s   00:00:00 (xfer#183, to-check=214/1752)
synthetic_005531/posterior_mean.pt
         232026 100%    2.39MB/s   00:00:00 (xfer#184, to-check=215/1752)
synthetic_005531/posterior_samples.pt
        1802240   7%    3.02MB/s   00:00:07        3538944  14%    3.23MB/s   00:00:06        5505024  22%    3.69MB/s   00:00:04        8126464  33%    4.96MB/s   00:00:03       10092544  41%    3.75MB/s   00:00:03       12058624  49%    3.73MB/s   00:00:03       13107200  53%    1.99MB/s   00:00:05       15204352  62%    3.91MB/s   00:00:02       17563648  71%    4.46MB/s   00:00:01       19791872  80%    3.83MB/s   00:00:01       21889024  89%    3.99MB/s   00:00:00       23560192  96%    3.05MB/s   00:00:00       24657317 100%    3.58MB/s   00:00:06 (xfer#185, to-check=216/1752)
synthetic_005531/posterior_std.pt
         232019 100%    3.77MB/s   00:00:00 (xfer#186, to-check=217/1752)
synthetic_005531/posterior_variance.pt
         232054 100%    6.83MB/s   00:00:00 (xfer#187, to-check=218/1752)
synthetic_005532/
synthetic_005532/composite_mean.pt
         232026 100%    2.19MB/s   00:00:00 (xfer#188, to-check=220/1752)
synthetic_005532/metadata.json
           1798 100%    4.56MB/s   00:00:00 (xfer#189, to-check=221/1752)
synthetic_005532/posterior_mean.pt
         232026 100%    5.08MB/s   00:00:00 (xfer#190, to-check=222/1752)
synthetic_005532/posterior_samples.pt
        1769472   7%    3.29MB/s   00:00:06        3473408  14%    3.03MB/s   00:00:06        4849664  20%    2.09MB/s   00:00:09        6029312  24%    2.16MB/s   00:00:08        7077888  29%    1.80MB/s   00:00:09        8519680  35%    1.96MB/s   00:00:07       10485760  43%    3.45MB/s   00:00:03       11796480  48%    2.42MB/s   00:00:05       13631488  55%    3.25MB/s   00:00:03       15335424  62%    3.07MB/s   00:00:02       17039360  69%    2.79MB/s   00:00:02       18612224  75%    2.26MB/s   00:00:02       20447232  83%    3.29MB/s   00:00:01       22151168  90%    3.01MB/s   00:00:00       23920640  97%    3.37MB/s   00:00:00       24657317 100%    2.67MB/s   00:00:08 (xfer#191, to-check=223/1752)
synthetic_005532/posterior_std.pt
         232019 100%  261.58MB/s   00:00:00 (xfer#192, to-check=224/1752)
synthetic_005532/posterior_variance.pt
         232054 100%  306.95MB/s   00:00:00 (xfer#193, to-check=225/1752)
synthetic_005533/
synthetic_005533/composite_mean.pt
         232026 100%  309.06MB/s   00:00:00 (xfer#194, to-check=227/1752)
synthetic_005533/metadata.json
           1797 100%   24.79MB/s   00:00:00 (xfer#195, to-check=228/1752)
synthetic_005533/posterior_mean.pt
         232026 100%    5.39MB/s   00:00:00 (xfer#196, to-check=229/1752)
synthetic_005533/posterior_samples.pt
        1802240   7%    3.39MB/s   00:00:06        3997696  16%    4.14MB/s   00:00:04        6356992  26%    4.49MB/s   00:00:03        8454144  34%    3.72MB/s   00:00:04       10813440  44%    4.44MB/s   00:00:02       12648448  51%    2.96MB/s   00:00:03       13860864  56%    2.22MB/s   00:00:04       15302656  62%  829.67KB/s   00:00:11       15958016  65%    1.07MB/s   00:00:07       17793024  72%    3.41MB/s   00:00:01       19496960  79%    3.24MB/s   00:00:01       21331968  87%    3.40MB/s   00:00:00       23101440  94%    3.37MB/s   00:00:00       24657317 100%    2.77MB/s   00:00:08 (xfer#197, to-check=230/1752)
synthetic_005533/posterior_std.pt
         232019 100%    4.48MB/s   00:00:00 (xfer#198, to-check=231/1752)
synthetic_005533/posterior_variance.pt
         232054 100%    1.90MB/s   00:00:00 (xfer#199, to-check=232/1752)
synthetic_005534/
synthetic_005534/composite_mean.pt
         232026 100%   11.15MB/s   00:00:00 (xfer#200, to-check=234/1752)
synthetic_005534/metadata.json
           1795 100%   11.20MB/s   00:00:00 (xfer#201, to-check=235/1752)
synthetic_005534/posterior_mean.pt
         232026 100%    1.62MB/s   00:00:00 (xfer#202, to-check=236/1752)
synthetic_005534/posterior_samples.pt
        1638400   7%    2.88MB/s   00:00:07        3342336  14%    3.24MB/s   00:00:06        5439488  22%    3.83MB/s   00:00:04        6848512  28%    2.08MB/s   00:00:08        8159232  33%    2.35MB/s   00:00:06        9469952  38%    2.42MB/s   00:00:05       11042816  45%    2.85MB/s   00:00:04       12484608  51%    2.48MB/s   00:00:04       13926400  56%    2.72MB/s   00:00:03       14974976  61%    1.73MB/s   00:00:05       15499264  63%  776.94KB/s   00:00:11       16678912  68%    1.90MB/s   00:00:04       18120704  73%    2.35MB/s   00:00:02       19824640  80%    3.18MB/s   00:00:01       20873216  85%    1.98MB/s   00:00:01       22183936  90%    2.12MB/s   00:00:01       23756800  96%    2.77MB/s   00:00:00       24657317 100%    2.43MB/s   00:00:09 (xfer#203, to-check=237/1752)
synthetic_005534/posterior_std.pt
         232019 100%  247.55MB/s   00:00:00 (xfer#204, to-check=238/1752)
synthetic_005534/posterior_variance.pt
         232054 100%    3.16MB/s   00:00:00 (xfer#205, to-check=239/1752)
synthetic_005535/
synthetic_005535/composite_mean.pt
         232026 100%    2.51MB/s   00:00:00 (xfer#206, to-check=241/1752)
synthetic_005535/metadata.json
           1798 100%    4.51MB/s   00:00:00 (xfer#207, to-check=242/1752)
synthetic_005535/posterior_mean.pt
         232026 100%    3.14MB/s   00:00:00 (xfer#208, to-check=243/1752)
synthetic_005535/posterior_samples.pt
        1277952   5%    2.26MB/s   00:00:09        3211264  13%    3.66MB/s   00:00:05        4521984  18%    2.39MB/s   00:00:08        6881280  28%    3.93MB/s   00:00:04        8978432  36%    3.98MB/s   00:00:03       10551296  43%    2.99MB/s   00:00:04       12648448  51%    3.88MB/s   00:00:02       14352384  58%    3.11MB/s   00:00:03       16285696  66%    3.61MB/s   00:00:02       18251776  74%    3.34MB/s   00:00:01       20348928  83%    3.94MB/s   00:00:01       22577152  92%    3.99MB/s   00:00:00       24657317 100%    3.46MB/s   00:00:06 (xfer#209, to-check=244/1752)
synthetic_005535/posterior_std.pt
         232019 100%  257.01MB/s   00:00:00 (xfer#210, to-check=245/1752)
synthetic_005535/posterior_variance.pt
         232054 100%  328.34MB/s   00:00:00 (xfer#211, to-check=246/1752)
synthetic_005536/
synthetic_005536/composite_mean.pt
         232026 100%    3.18MB/s   00:00:00 (xfer#212, to-check=248/1752)
synthetic_005536/metadata.json
           1799 100%   18.84MB/s   00:00:00 (xfer#213, to-check=249/1752)
synthetic_005536/posterior_mean.pt
         232026 100%    2.78MB/s   00:00:00 (xfer#214, to-check=250/1752)
synthetic_005536/posterior_samples.pt
        2228224   9%    4.13MB/s   00:00:05        5111808  21%    5.06MB/s   00:00:03        8126464  33%    5.35MB/s   00:00:02        9961472  40%    3.34MB/s   00:00:04       12189696  49%    3.93MB/s   00:00:03       14614528  59%    4.62MB/s   00:00:02       16646144  68%    3.81MB/s   00:00:02       19005440  77%    4.44MB/s   00:00:01       21495808  87%    4.36MB/s   00:00:00       23986176  97%    4.29MB/s   00:00:00       24657317 100%    4.32MB/s   00:00:05 (xfer#215, to-check=251/1752)
synthetic_005536/posterior_std.pt
         232019 100%  257.30MB/s   00:00:00 (xfer#216, to-check=252/1752)
synthetic_005536/posterior_variance.pt
         232054 100%    4.83MB/s   00:00:00 (xfer#217, to-check=253/1752)
synthetic_005537/
synthetic_005537/composite_mean.pt
         232026 100%   10.56MB/s   00:00:00 (xfer#218, to-check=255/1752)
synthetic_005537/metadata.json
           1797 100%   14.64MB/s   00:00:00 (xfer#219, to-check=256/1752)
synthetic_005537/posterior_mean.pt
         232026 100%    2.73MB/s   00:00:00 (xfer#220, to-check=257/1752)
synthetic_005537/posterior_samples.pt
        2588672  10%    4.77MB/s   00:00:04        5079040  21%    4.40MB/s   00:00:04        7438336  30%    4.36MB/s   00:00:03        9797632  40%    4.38MB/s   00:00:03       12419072  50%    4.81MB/s   00:00:02       15171584  62%    5.21MB/s   00:00:01       17072128  69%    3.22MB/s   00:00:02       18644992  76%    2.78MB/s   00:00:02       20480000  83%    2.97MB/s   00:00:01       22970368  93%    4.74MB/s   00:00:00       24657317 100%    4.09MB/s   00:00:05 (xfer#221, to-check=258/1752)
synthetic_005537/posterior_std.pt
         232019 100%  245.85MB/s   00:00:00 (xfer#222, to-check=259/1752)
synthetic_005537/posterior_variance.pt
         232054 100%  289.61MB/s   00:00:00 (xfer#223, to-check=260/1752)
synthetic_005538/
synthetic_005538/composite_mean.pt
         232026 100%    2.98MB/s   00:00:00 (xfer#224, to-check=262/1752)
synthetic_005538/metadata.json
           1797 100%   11.65MB/s   00:00:00 (xfer#225, to-check=263/1752)
synthetic_005538/posterior_mean.pt
         232026 100%   21.05MB/s   00:00:00 (xfer#226, to-check=264/1752)
synthetic_005538/posterior_samples.pt
        2392064  10%    4.40MB/s   00:00:04        4489216  18%    4.00MB/s   00:00:04        6848512  28%    4.45MB/s   00:00:03        9601024  39%    5.20MB/s   00:00:02       12222464  50%    4.48MB/s   00:00:02       14974976  61%    5.03MB/s   00:00:01       17596416  71%    4.64MB/s   00:00:01       19824640  80%    4.21MB/s   00:00:01       22577152  92%    4.93MB/s   00:00:00       24657317 100%    4.59MB/s   00:00:05 (xfer#227, to-check=265/1752)
synthetic_005538/posterior_std.pt
         232019 100%    9.66MB/s   00:00:00 (xfer#228, to-check=266/1752)
synthetic_005538/posterior_variance.pt
         232054 100%   16.05MB/s   00:00:00 (xfer#229, to-check=267/1752)
synthetic_005539/
synthetic_005539/composite_mean.pt
         232026 100%    3.04MB/s   00:00:00 (xfer#230, to-check=269/1752)
synthetic_005539/metadata.json
           1798 100%   11.66MB/s   00:00:00 (xfer#231, to-check=270/1752)
synthetic_005539/posterior_mean.pt
         232026 100%    8.13MB/s   00:00:00 (xfer#232, to-check=271/1752)
synthetic_005539/posterior_samples.pt
        1277952   5%    2.39MB/s   00:00:09        4947968  20%    6.33MB/s   00:00:02        7831552  32%    5.20MB/s   00:00:03       10452992  42%    4.75MB/s   00:00:02       13074432  53%    5.00MB/s   00:00:02       14778368  60%    3.05MB/s   00:00:03       18448384  75%    6.73MB/s   00:00:00       20938752  85%    4.32MB/s   00:00:00       23822336  97%    5.44MB/s   00:00:00       24657317 100%    4.71MB/s   00:00:04 (xfer#233, to-check=272/1752)
synthetic_005539/posterior_std.pt
         232019 100%  241.81MB/s   00:00:00 (xfer#234, to-check=273/1752)
synthetic_005539/posterior_variance.pt
         232054 100%  319.85MB/s   00:00:00 (xfer#235, to-check=274/1752)
synthetic_005540/
synthetic_005540/composite_mean.pt
         232026 100%  305.20MB/s   00:00:00 (xfer#236, to-check=276/1752)
synthetic_005540/metadata.json
           1799 100%   28.11MB/s   00:00:00 (xfer#237, to-check=277/1752)
synthetic_005540/posterior_mean.pt
         232026 100%   14.24MB/s   00:00:00 (xfer#238, to-check=278/1752)
synthetic_005540/posterior_samples.pt
        3178496  13%    5.77MB/s   00:00:03        6422528  26%    5.61MB/s   00:00:03       10092544  41%    6.89MB/s   00:00:02       14286848  58%    8.00MB/s   00:00:01       17956864  73%    6.88MB/s   00:00:00       22151168  90%    7.76MB/s   00:00:00       24657317 100%    6.48MB/s   00:00:03 (xfer#239, to-check=279/1752)
synthetic_005540/posterior_std.pt
         232019 100%  292.68MB/s   00:00:00 (xfer#240, to-check=280/1752)
synthetic_005540/posterior_variance.pt
         232054 100%    2.81MB/s   00:00:00 (xfer#241, to-check=281/1752)
synthetic_005541/
synthetic_005541/composite_mean.pt
         232026 100%    2.03MB/s   00:00:00 (xfer#242, to-check=283/1752)
synthetic_005541/metadata.json
           1797 100%    7.03MB/s   00:00:00 (xfer#243, to-check=284/1752)
synthetic_005541/posterior_mean.pt
         232026 100%  156.69MB/s   00:00:00 (xfer#244, to-check=285/1752)
synthetic_005541/posterior_samples.pt
        2916352  12%    5.47MB/s   00:00:03        6553600  27%    6.94MB/s   00:00:02        9994240  41%    6.28MB/s   00:00:02       13631488  55%    6.73MB/s   00:00:01       17825792  72%    7.57MB/s   00:00:00       21495808  87%    6.94MB/s   00:00:00       24641536 100%    5.94MB/s   00:00:00       24657317 100%    6.49MB/s   00:00:03 (xfer#245, to-check=286/1752)
synthetic_005541/posterior_std.pt
         232019 100%    1.32MB/s   00:00:00 (xfer#246, to-check=287/1752)
synthetic_005541/posterior_variance.pt
         232054 100%    2.17MB/s   00:00:00 (xfer#247, to-check=288/1752)
synthetic_005542/
synthetic_005542/composite_mean.pt
         232026 100%   99.58MB/s   00:00:00 (xfer#248, to-check=290/1752)
synthetic_005542/metadata.json
           1797 100%    9.64MB/s   00:00:00 (xfer#249, to-check=291/1752)
synthetic_005542/posterior_mean.pt
         232026 100%    2.53MB/s   00:00:00 (xfer#250, to-check=292/1752)
synthetic_005542/posterior_samples.pt
        3211264  13%    5.88MB/s   00:00:03        6225920  25%    5.68MB/s   00:00:03        9895936  40%    6.64MB/s   00:00:02       13565952  55%    6.98MB/s   00:00:01       16711680  68%    5.46MB/s   00:00:01       19726336  80%    5.11MB/s   00:00:00       22609920  92%    5.41MB/s   00:00:00       24281088  98%    3.17MB/s   00:00:00       24657317 100%    5.56MB/s   00:00:04 (xfer#251, to-check=293/1752)
synthetic_005542/posterior_std.pt
         232019 100%    9.09MB/s   00:00:00 (xfer#252, to-check=294/1752)
synthetic_005542/posterior_variance.pt
         232054 100%  697.54KB/s   00:00:00 (xfer#253, to-check=295/1752)
synthetic_005543/
synthetic_005543/composite_mean.pt
         229376  99%  244.99KB/s   00:00:00         232026 100%  247.73KB/s   00:00:00 (xfer#254, to-check=297/1752)
synthetic_005543/metadata.json
           1798 100%   17.50MB/s   00:00:00 (xfer#255, to-check=298/1752)
synthetic_005543/posterior_mean.pt
         232026 100%    4.97MB/s   00:00:00 (xfer#256, to-check=299/1752)
synthetic_005543/posterior_samples.pt
        2621440  11%    4.78MB/s   00:00:04        4751360  19%    4.06MB/s   00:00:04        7864320  32%    5.80MB/s   00:00:02       11075584  45%    6.04MB/s   00:00:02       13303808  54%    4.21MB/s   00:00:02       16318464  66%    5.69MB/s   00:00:01       18219008  74%    3.25MB/s   00:00:01       21102592  86%    5.45MB/s   00:00:00       23461888  95%    4.18MB/s   00:00:00       24657317 100%    4.68MB/s   00:00:05 (xfer#257, to-check=300/1752)
synthetic_005543/posterior_std.pt
         232019 100%  389.62MB/s   00:00:00 (xfer#258, to-check=301/1752)
synthetic_005543/posterior_variance.pt
         232054 100%    2.35MB/s   00:00:00 (xfer#259, to-check=302/1752)
synthetic_005544/
synthetic_005544/composite_mean.pt
         232026 100%    8.18MB/s   00:00:00 (xfer#260, to-check=304/1752)
synthetic_005544/metadata.json
           1798 100%   18.25MB/s   00:00:00 (xfer#261, to-check=305/1752)
synthetic_005544/posterior_mean.pt
         232026 100%    1.42MB/s   00:00:00 (xfer#262, to-check=306/1752)
synthetic_005544/posterior_samples.pt
        2162688   9%    4.09MB/s   00:00:05        4390912  18%    3.82MB/s   00:00:05        6881280  28%    4.71MB/s   00:00:03        9371648  38%    4.68MB/s   00:00:03       11862016  48%    4.46MB/s   00:00:02       14221312  58%    4.22MB/s   00:00:02       16711680  68%    4.50MB/s   00:00:01       19595264  79%    5.49MB/s   00:00:00       22216704  90%    4.92MB/s   00:00:00       23920640  97%    3.13MB/s   00:00:00       24657317 100%    4.37MB/s   00:00:05 (xfer#263, to-check=307/1752)
synthetic_005544/posterior_std.pt
         232019 100%  262.46MB/s   00:00:00 (xfer#264, to-check=308/1752)
synthetic_005544/posterior_variance.pt
         232054 100%   13.43MB/s   00:00:00 (xfer#265, to-check=309/1752)
synthetic_005545/
synthetic_005545/composite_mean.pt
         232026 100%    4.56MB/s   00:00:00 (xfer#266, to-check=311/1752)
synthetic_005545/metadata.json
           1797 100%   15.29MB/s   00:00:00 (xfer#267, to-check=312/1752)
synthetic_005545/posterior_mean.pt
         232026 100%    3.46MB/s   00:00:00 (xfer#268, to-check=313/1752)
synthetic_005545/posterior_samples.pt
        2359296  10%    4.39MB/s   00:00:04        4325376  18%    2.70MB/s   00:00:07        7864320  32%    6.59MB/s   00:00:02        9961472  40%    3.44MB/s   00:00:04       12189696  49%    4.11MB/s   00:00:02       14417920  58%    4.22MB/s   00:00:02       16646144  68%    2.92MB/s   00:00:02       19529728  79%    4.90MB/s   00:00:00       20676608  84%    2.12MB/s   00:00:01       22773760  92%    3.97MB/s   00:00:00       24657317 100%    3.92MB/s   00:00:06 (xfer#269, to-check=314/1752)
synthetic_005545/posterior_std.pt
         232019 100%   11.28MB/s   00:00:00 (xfer#270, to-check=315/1752)
synthetic_005545/posterior_variance.pt
         232054 100%    9.41MB/s   00:00:00 (xfer#271, to-check=316/1752)
synthetic_005546/
synthetic_005546/composite_mean.pt
         232026 100%    2.95MB/s   00:00:00 (xfer#272, to-check=318/1752)
synthetic_005546/metadata.json
           1796 100%   14.28MB/s   00:00:00 (xfer#273, to-check=319/1752)
synthetic_005546/posterior_mean.pt
         232026 100%    4.80MB/s   00:00:00 (xfer#274, to-check=320/1752)
synthetic_005546/posterior_samples.pt
        2555904  10%    4.83MB/s   00:00:04        4915200  20%    4.43MB/s   00:00:04        7536640  31%    4.82MB/s   00:00:03        9699328  39%    3.55MB/s   00:00:04       11665408  47%    3.20MB/s   00:00:03       13631488  55%    3.19MB/s   00:00:03       15859712  64%    3.80MB/s   00:00:02       18087936  73%    3.69MB/s   00:00:01       19922944  81%    3.29MB/s   00:00:01       21889024  89%    3.36MB/s   00:00:00       24248320  98%    4.17MB/s   00:00:00       24657317 100%    3.73MB/s   00:00:06 (xfer#275, to-check=321/1752)
synthetic_005546/posterior_std.pt
         232019 100%  256.09MB/s   00:00:00 (xfer#276, to-check=322/1752)
synthetic_005546/posterior_variance.pt
         232054 100%    2.22MB/s   00:00:00 (xfer#277, to-check=323/1752)
synthetic_005547/
synthetic_005547/composite_mean.pt
         232026 100%   19.07MB/s   00:00:00 (xfer#278, to-check=325/1752)
synthetic_005547/metadata.json
           1798 100%   15.74MB/s   00:00:00 (xfer#279, to-check=326/1752)
synthetic_005547/posterior_mean.pt
         232026 100%    2.84MB/s   00:00:00 (xfer#280, to-check=327/1752)
synthetic_005547/posterior_samples.pt
        1900544   8%    3.50MB/s   00:00:06        3801088  15%    3.43MB/s   00:00:05        6029312  24%    3.88MB/s   00:00:04        8257536  33%    4.21MB/s   00:00:03        9830400  40%    2.99MB/s   00:00:04       12058624  49%    4.09MB/s   00:00:02       13762560  56%    2.89MB/s   00:00:03       16777216  68%    5.24MB/s   00:00:01       18743296  76%    3.74MB/s   00:00:01       21102592  86%    4.19MB/s   00:00:00       23330816  95%    4.05MB/s   00:00:00       24657317 100%    3.85MB/s   00:00:06 (xfer#281, to-check=328/1752)
synthetic_005547/posterior_std.pt
         232019 100%   11.06MB/s   00:00:00 (xfer#282, to-check=329/1752)
synthetic_005547/posterior_variance.pt
         232054 100%    2.19MB/s   00:00:00 (xfer#283, to-check=330/1752)
synthetic_005548/
synthetic_005548/composite_mean.pt
         232026 100%    2.76MB/s   00:00:00 (xfer#284, to-check=332/1752)
synthetic_005548/metadata.json
           1798 100%    4.27MB/s   00:00:00 (xfer#285, to-check=333/1752)
synthetic_005548/posterior_mean.pt
         232026 100%    2.06MB/s   00:00:00 (xfer#286, to-check=334/1752)
synthetic_005548/posterior_samples.pt
        2129920   9%    3.53MB/s   00:00:06        3473408  14%    2.33MB/s   00:00:08        4784128  19%    2.48MB/s   00:00:07        5832704  24%    1.70MB/s   00:00:10        8192000  33%    4.17MB/s   00:00:03       10289152  42%    3.47MB/s   00:00:03       11599872  47%    2.27MB/s   00:00:05       15138816  61%    6.10MB/s   00:00:01       18677760  76%    6.30MB/s   00:00:00       22478848  91%    7.25MB/s   00:00:00       24657317 100%    4.07MB/s   00:00:05 (xfer#287, to-check=335/1752)
synthetic_005548/posterior_std.pt
         232019 100%    7.56MB/s   00:00:00 (xfer#288, to-check=336/1752)
synthetic_005548/posterior_variance.pt
         232054 100%  207.61MB/s   00:00:00 (xfer#289, to-check=337/1752)
synthetic_005549/
synthetic_005549/composite_mean.pt
         232026 100%    8.07MB/s   00:00:00 (xfer#290, to-check=339/1752)
synthetic_005549/metadata.json
           1798 100%   15.17MB/s   00:00:00 (xfer#291, to-check=340/1752)
synthetic_005549/posterior_mean.pt
         232026 100%    5.38MB/s   00:00:00 (xfer#292, to-check=341/1752)
synthetic_005549/posterior_samples.pt
        2883584  12%    5.29MB/s   00:00:03        5505024  22%    4.67MB/s   00:00:03        9764864  40%    7.20MB/s   00:00:01       12910592  52%    5.90MB/s   00:00:01       14745600  60%    2.62MB/s   00:00:03       15138816  61%  382.78KB/s   00:00:24       15663104  64%  498.67KB/s   00:00:17       17661952  72%    3.78MB/s   00:00:01       20676608  84%    5.64MB/s   00:00:00       23166976  94%    4.68MB/s   00:00:00       24657317 100%    3.56MB/s   00:00:06 (xfer#293, to-check=342/1752)
synthetic_005549/posterior_std.pt
         232019 100%   54.65MB/s   00:00:00 (xfer#294, to-check=343/1752)
synthetic_005549/posterior_variance.pt
         232054 100%   13.73MB/s   00:00:00 (xfer#295, to-check=344/1752)
synthetic_005550/
synthetic_005550/composite_mean.pt
         232026 100%    3.18MB/s   00:00:00 (xfer#296, to-check=346/1752)
synthetic_005550/metadata.json
           1797 100%   13.72MB/s   00:00:00 (xfer#297, to-check=347/1752)
synthetic_005550/posterior_mean.pt
         232026 100%  193.76MB/s   00:00:00 (xfer#298, to-check=348/1752)
synthetic_005550/posterior_samples.pt
        3178496  13%    6.03MB/s   00:00:03        6619136  27%    6.52MB/s   00:00:02        9502720  39%    5.10MB/s   00:00:02       13795328  56%    7.66MB/s   00:00:01       17203200  70%    6.10MB/s   00:00:01       21266432  86%    7.51MB/s   00:00:00       24657317 100%    6.64MB/s   00:00:03 (xfer#299, to-check=349/1752)
synthetic_005550/posterior_std.pt
         232019 100%  246.11MB/s   00:00:00 (xfer#300, to-check=350/1752)
synthetic_005550/posterior_variance.pt
         232054 100%   14.98MB/s   00:00:00 (xfer#301, to-check=351/1752)
synthetic_005551/
synthetic_005551/composite_mean.pt
         232026 100%    4.93MB/s   00:00:00 (xfer#302, to-check=353/1752)
synthetic_005551/metadata.json
           1797 100%   15.29MB/s   00:00:00 (xfer#303, to-check=354/1752)
synthetic_005551/posterior_mean.pt
         232026 100%    1.21MB/s   00:00:00 (xfer#304, to-check=355/1752)
synthetic_005551/posterior_samples.pt
        3506176  14%    6.57MB/s   00:00:03        7176192  29%    6.25MB/s   00:00:02       10321920  42%    5.69MB/s   00:00:02       13467648  55%    5.95MB/s   00:00:01       16875520  68%    5.93MB/s   00:00:01       20447232  83%    6.76MB/s   00:00:00       23592960  96%    4.42MB/s   00:00:00       24657317 100%    6.10MB/s   00:00:03 (xfer#305, to-check=356/1752)
synthetic_005551/posterior_std.pt
         232019 100%   32.88MB/s   00:00:00 (xfer#306, to-check=357/1752)
synthetic_005551/posterior_variance.pt
         232054 100%  346.35MB/s   00:00:00 (xfer#307, to-check=358/1752)
synthetic_005552/
synthetic_005552/composite_mean.pt
         232026 100%    3.91MB/s   00:00:00 (xfer#308, to-check=360/1752)
synthetic_005552/metadata.json
           1798 100%   17.67MB/s   00:00:00 (xfer#309, to-check=361/1752)
synthetic_005552/posterior_mean.pt
         232026 100%   26.65MB/s   00:00:00 (xfer#310, to-check=362/1752)
synthetic_005552/posterior_samples.pt
        2424832  10%    4.37MB/s   00:00:04        5603328  23%    5.39MB/s   00:00:03       10420224  42%    8.19MB/s   00:00:01       14024704  57%    6.54MB/s   00:00:01       15990784  65%    3.73MB/s   00:00:02       20938752  85%    9.04MB/s   00:00:00       24608768 100%    6.85MB/s   00:00:00       24657317 100%    6.27MB/s   00:00:03 (xfer#311, to-check=363/1752)
synthetic_005552/posterior_std.pt
         232019 100%  251.44MB/s   00:00:00 (xfer#312, to-check=364/1752)
synthetic_005552/posterior_variance.pt
         232054 100%  304.83MB/s   00:00:00 (xfer#313, to-check=365/1752)
synthetic_005553/
synthetic_005553/composite_mean.pt
         232026 100%  312.60MB/s   00:00:00 (xfer#314, to-check=367/1752)
synthetic_005553/metadata.json
           1798 100%   28.65MB/s   00:00:00 (xfer#315, to-check=368/1752)
synthetic_005553/posterior_mean.pt
         232026 100%    3.72MB/s   00:00:00 (xfer#316, to-check=369/1752)
synthetic_005553/posterior_samples.pt
        3801088  15%    6.33MB/s   00:00:03        8126464  33%    7.69MB/s   00:00:02       10747904  44%    2.36MB/s   00:00:05       14745600  60%    7.42MB/s   00:00:01       18546688  75%    6.09MB/s   00:00:00       20578304  83%    3.87MB/s   00:00:01       22904832  93%    3.94MB/s   00:00:00       24657317 100%    4.83MB/s   00:00:04 (xfer#317, to-check=370/1752)
synthetic_005553/posterior_std.pt
         232019 100%  295.00MB/s   00:00:00 (xfer#318, to-check=371/1752)
synthetic_005553/posterior_variance.pt
         232054 100%  334.37MB/s   00:00:00 (xfer#319, to-check=372/1752)
synthetic_005554/
synthetic_005554/composite_mean.pt
         232026 100%    3.63MB/s   00:00:00 (xfer#320, to-check=374/1752)
synthetic_005554/metadata.json
           1798 100%   18.83MB/s   00:00:00 (xfer#321, to-check=375/1752)
synthetic_005554/posterior_mean.pt
         232026 100%  263.14MB/s   00:00:00 (xfer#322, to-check=376/1752)
synthetic_005554/posterior_samples.pt
        3407872  14%    6.28MB/s   00:00:03        6946816  28%    6.46MB/s   00:00:02       10223616  41%    5.92MB/s   00:00:02       12713984  52%    3.84MB/s   00:00:02       15204352  62%    4.52MB/s   00:00:01       18350080  74%    5.59MB/s   00:00:01       22413312  91%    7.65MB/s   00:00:00       24657317 100%    5.74MB/s   00:00:04 (xfer#323, to-check=377/1752)
synthetic_005554/posterior_std.pt
         232019 100%   13.40MB/s   00:00:00 (xfer#324, to-check=378/1752)
synthetic_005554/posterior_variance.pt
         232054 100%    1.65MB/s   00:00:00 (xfer#325, to-check=379/1752)
synthetic_005555/
synthetic_005555/composite_mean.pt
         232026 100%  107.21MB/s   00:00:00 (xfer#326, to-check=381/1752)
synthetic_005555/metadata.json
           1798 100%    7.46MB/s   00:00:00 (xfer#327, to-check=382/1752)
synthetic_005555/posterior_mean.pt
         232026 100%    2.30MB/s   00:00:00 (xfer#328, to-check=383/1752)
synthetic_005555/posterior_samples.pt
        2064384   8%    3.34MB/s   00:00:06        5439488  22%    5.79MB/s   00:00:03        8192000  33%    5.24MB/s   00:00:02       11468800  47%    6.14MB/s   00:00:02       14352384  58%    5.00MB/s   00:00:01       17235968  70%    5.26MB/s   00:00:01       18710528  76%    2.67MB/s   00:00:02       19464192  79%    1.37MB/s   00:00:03       20774912  84%    2.33MB/s   00:00:01       22085632  90%    2.29MB/s   00:00:01       23527424  95%    2.39MB/s   00:00:00       24657317 100%    3.73MB/s   00:00:06 (xfer#329, to-check=384/1752)
synthetic_005555/posterior_std.pt
         232019 100%    2.18MB/s   00:00:00 (xfer#330, to-check=385/1752)
synthetic_005555/posterior_variance.pt
         232054 100%    1.68MB/s   00:00:00 (xfer#331, to-check=386/1752)
synthetic_005556/
synthetic_005556/composite_mean.pt
         232026 100%    1.77MB/s   00:00:00 (xfer#332, to-check=388/1752)
synthetic_005556/metadata.json
           1798 100%    4.51MB/s   00:00:00 (xfer#333, to-check=389/1752)
synthetic_005556/posterior_mean.pt
         232026 100%    1.99MB/s   00:00:00 (xfer#334, to-check=390/1752)
synthetic_005556/posterior_samples.pt
        1638400   7%    2.83MB/s   00:00:07        3080192  12%    2.12MB/s   00:00:09        5177344  21%    3.81MB/s   00:00:04        6619136  27%    2.68MB/s   00:00:06        8192000  33%    2.79MB/s   00:00:05        9633792  39%    2.34MB/s   00:00:06       11206656  45%    2.52MB/s   00:00:05       12779520  52%    2.93MB/s   00:00:03       14352384  58%    2.98MB/s   00:00:03       15794176  64%    2.63MB/s   00:00:03       17498112  71%    3.00MB/s   00:00:02       19070976  77%    2.75MB/s   00:00:01       20643840  84%    2.97MB/s   00:00:01       22347776  91%    2.59MB/s   00:00:00       23396352  95%    1.93MB/s   00:00:00       24576000 100%    2.25MB/s   00:00:00       24657317 100%    2.68MB/s   00:00:08 (xfer#335, to-check=391/1752)
synthetic_005556/posterior_std.pt
         232019 100%    3.19MB/s   00:00:00 (xfer#336, to-check=392/1752)
synthetic_005556/posterior_variance.pt
         232054 100%    9.89MB/s   00:00:00 (xfer#337, to-check=393/1752)
synthetic_005557/
synthetic_005557/composite_mean.pt
         232026 100%    1.97MB/s   00:00:00 (xfer#338, to-check=395/1752)
synthetic_005557/metadata.json
           1798 100%    4.78MB/s   00:00:00 (xfer#339, to-check=396/1752)
synthetic_005557/posterior_mean.pt
         232026 100%    2.48MB/s   00:00:00 (xfer#340, to-check=397/1752)
synthetic_005557/posterior_samples.pt
        1605632   7%    3.04MB/s   00:00:07        3375104  14%    3.36MB/s   00:00:06        5341184  22%    3.60MB/s   00:00:05        7176192  29%    3.45MB/s   00:00:04        9142272  37%    3.44MB/s   00:00:04       10977280  45%    3.02MB/s   00:00:04       12681216  51%    3.24MB/s   00:00:03       14647296  59%    3.71MB/s   00:00:02       16351232  66%    3.23MB/s   00:00:02       18055168  73%    3.15MB/s   00:00:02       19890176  81%    3.07MB/s   00:00:01       21069824  85%    1.65MB/s   00:00:02       23560192  96%    4.46MB/s   00:00:00       24657317 100%    3.25MB/s   00:00:07 (xfer#341, to-check=398/1752)
synthetic_005557/posterior_std.pt
         232019 100%    2.81MB/s   00:00:00 (xfer#342, to-check=399/1752)
synthetic_005557/posterior_variance.pt
         232054 100%    2.28MB/s   00:00:00 (xfer#343, to-check=400/1752)
synthetic_005558/
synthetic_005558/composite_mean.pt
         232026 100%   77.43MB/s   00:00:00 (xfer#344, to-check=402/1752)
synthetic_005558/metadata.json
           1797 100%    8.84MB/s   00:00:00 (xfer#345, to-check=403/1752)
synthetic_005558/posterior_mean.pt
         232026 100%    2.21MB/s   00:00:00 (xfer#346, to-check=404/1752)
synthetic_005558/posterior_samples.pt
        1998848   8%    3.59MB/s   00:00:06        4096000  17%    4.00MB/s   00:00:04        6062080  25%    3.68MB/s   00:00:04        7208960  29%    2.18MB/s   00:00:07        8912896  36%    2.88MB/s   00:00:05       10223616  41%    2.28MB/s   00:00:06       11141120  45%    1.52MB/s   00:00:08       12320768  50%    2.21MB/s   00:00:05       13631488  55%    2.45MB/s   00:00:04       15073280  61%    2.72MB/s   00:00:03       16384000  66%    2.34MB/s   00:00:03       17563648  71%    2.07MB/s   00:00:03       18481152  75%    1.68MB/s   00:00:03       19136512  78%    1.17MB/s   00:00:04       20578304  83%    2.66MB/s   00:00:01       21757952  88%    2.15MB/s   00:00:01       22675456  92%    1.65MB/s   00:00:01       23986176  97%    2.04MB/s   00:00:00       24657317 100%    2.39MB/s   00:00:09 (xfer#347, to-check=405/1752)
synthetic_005558/posterior_std.pt
         232019 100%    1.25MB/s   00:00:00 (xfer#348, to-check=406/1752)
synthetic_005558/posterior_variance.pt
         232054 100%   90.85MB/s   00:00:00 (xfer#349, to-check=407/1752)
synthetic_005559/
synthetic_005559/composite_mean.pt
         232026 100%    2.01MB/s   00:00:00 (xfer#350, to-check=409/1752)
synthetic_005559/metadata.json
           1798 100%    4.55MB/s   00:00:00 (xfer#351, to-check=410/1752)
synthetic_005559/posterior_mean.pt
         232026 100%    1.03MB/s   00:00:00 (xfer#352, to-check=411/1752)
synthetic_005559/posterior_samples.pt
         884736   4%    1.58MB/s   00:00:14        1736704   7%    1.58MB/s   00:00:13        2359296  10%    1.13MB/s   00:00:18        3276800  13%    1.68MB/s   00:00:12        5373952  22%    3.65MB/s   00:00:05        6553600  27%    2.21MB/s   00:00:07        7012352  28%  863.44KB/s   00:00:19        8126464  33%    2.02MB/s   00:00:07        9175040  37%    1.86MB/s   00:00:07       10223616  41%    1.42MB/s   00:00:09       11534336  47%    2.38MB/s   00:00:05       12484608  51%    1.80MB/s   00:00:06       13795328  56%    2.29MB/s   00:00:04       15106048  61%    2.18MB/s   00:00:04       16285696  66%    2.22MB/s   00:00:03       17989632  73%    2.82MB/s   00:00:02       19431424  79%    2.29MB/s   00:00:02       21004288  85%    2.96MB/s   00:00:01       22446080  91%    2.72MB/s   00:00:00       24150016  98%    3.24MB/s   00:00:00       24657317 100%    2.13MB/s   00:00:11 (xfer#353, to-check=412/1752)
synthetic_005559/posterior_std.pt
         232019 100%  144.04MB/s   00:00:00 (xfer#354, to-check=413/1752)
synthetic_005559/posterior_variance.pt
         232054 100%    2.62MB/s   00:00:00 (xfer#355, to-check=414/1752)
synthetic_005560/
synthetic_005560/composite_mean.pt
         232026 100%    2.17MB/s   00:00:00 (xfer#356, to-check=416/1752)
synthetic_005560/metadata.json
           1798 100%    2.41MB/s   00:00:00 (xfer#357, to-check=417/1752)
synthetic_005560/posterior_mean.pt
         232026 100%    1.90MB/s   00:00:00 (xfer#358, to-check=418/1752)
synthetic_005560/posterior_samples.pt
        1572864   6%    2.95MB/s   00:00:07        3276800  13%    3.00MB/s   00:00:06        5111808  21%    3.47MB/s   00:00:05        6815744  28%    3.18MB/s   00:00:05        8388608  34%    2.93MB/s   00:00:05       10223616  41%    2.95MB/s   00:00:04       11665408  47%    2.04MB/s   00:00:06       13893632  56%    4.16MB/s   00:00:02       16384000  66%    4.28MB/s   00:00:01       18481152  75%    3.99MB/s   00:00:01       21102592  86%    4.72MB/s   00:00:00       23724032  96%    4.98MB/s   00:00:00       24657317 100%    3.54MB/s   00:00:06 (xfer#359, to-check=419/1752)
synthetic_005560/posterior_std.pt
         232019 100%   26.65MB/s   00:00:00 (xfer#360, to-check=420/1752)
synthetic_005560/posterior_variance.pt
         232054 100%    3.46MB/s   00:00:00 (xfer#361, to-check=421/1752)
synthetic_005561/
synthetic_005561/composite_mean.pt
         232026 100%    7.48MB/s   00:00:00 (xfer#362, to-check=423/1752)
synthetic_005561/metadata.json
           1798 100%    5.69MB/s   00:00:00 (xfer#363, to-check=424/1752)
synthetic_005561/posterior_mean.pt
         232026 100%    3.36MB/s   00:00:00 (xfer#364, to-check=425/1752)
synthetic_005561/posterior_samples.pt
        2981888  12%    5.38MB/s   00:00:03        6914048  28%    7.37MB/s   00:00:02       10420224  42%    6.63MB/s   00:00:02       14221312  58%    7.17MB/s   00:00:01       18022400  73%    7.13MB/s   00:00:00       21692416  88%    6.68MB/s   00:00:00       24657317 100%    6.89MB/s   00:00:03 (xfer#365, to-check=426/1752)
synthetic_005561/posterior_std.pt
         232019 100%  148.52MB/s   00:00:00 (xfer#366, to-check=427/1752)
synthetic_005561/posterior_variance.pt
         232054 100%   11.50MB/s   00:00:00 (xfer#367, to-check=428/1752)
synthetic_005562/
synthetic_005562/composite_mean.pt
         232026 100%   11.91MB/s   00:00:00 (xfer#368, to-check=430/1752)
synthetic_005562/metadata.json
           1798 100%    6.38MB/s   00:00:00 (xfer#369, to-check=431/1752)
synthetic_005562/posterior_mean.pt
         232026 100%   22.12MB/s   00:00:00 (xfer#370, to-check=432/1752)
synthetic_005562/posterior_samples.pt
        1998848   8%    3.76MB/s   00:00:05        6619136  27%    8.13MB/s   00:00:02       10813440  44%    7.98MB/s   00:00:01       15400960  62%    8.56MB/s   00:00:01       19202048  78%    7.20MB/s   00:00:00       22511616  91%    6.02MB/s   00:00:00       23691264  96%    2.22MB/s   00:00:00       24657317 100%    6.26MB/s   00:00:03 (xfer#371, to-check=433/1752)
synthetic_005562/posterior_std.pt
         232019 100%    7.24MB/s   00:00:00 (xfer#372, to-check=434/1752)
synthetic_005562/posterior_variance.pt
         232054 100%   11.42MB/s   00:00:00 (xfer#373, to-check=435/1752)
synthetic_005563/
synthetic_005563/composite_mean.pt
         232026 100%   48.23MB/s   00:00:00 (xfer#374, to-check=437/1752)
synthetic_005563/metadata.json
           1797 100%    7.36MB/s   00:00:00 (xfer#375, to-check=438/1752)
synthetic_005563/posterior_mean.pt
         232026 100%    3.13MB/s   00:00:00 (xfer#376, to-check=439/1752)
synthetic_005563/posterior_samples.pt
        3473408  14%    6.51MB/s   00:00:03        7929856  32%    8.31MB/s   00:00:01       11993088  49%    7.48MB/s   00:00:01       15564800  63%    6.81MB/s   00:00:01       18546688  75%    5.54MB/s   00:00:01       22085632  90%    6.20MB/s   00:00:00       24657317 100%    6.56MB/s   00:00:03 (xfer#377, to-check=440/1752)
synthetic_005563/posterior_std.pt
         232019 100%  123.01MB/s   00:00:00 (xfer#378, to-check=441/1752)
synthetic_005563/posterior_variance.pt
         232054 100%    3.24MB/s   00:00:00 (xfer#379, to-check=442/1752)
synthetic_005564/
synthetic_005564/composite_mean.pt
         232026 100%    7.74MB/s   00:00:00 (xfer#380, to-check=444/1752)
synthetic_005564/metadata.json
           1797 100%    5.73MB/s   00:00:00 (xfer#381, to-check=445/1752)
synthetic_005564/posterior_mean.pt
         232026 100%    3.01MB/s   00:00:00 (xfer#382, to-check=446/1752)
synthetic_005564/posterior_samples.pt
        2031616   8%    3.45MB/s   00:00:06        4030464  16%    3.69MB/s   00:00:05        6258688  25%    3.97MB/s   00:00:04        9011200  37%    4.86MB/s   00:00:03       11370496  46%    4.16MB/s   00:00:03       13598720  55%    4.22MB/s   00:00:02       15958016  65%    4.38MB/s   00:00:01       18186240  74%    3.83MB/s   00:00:01       20840448  85%    5.06MB/s   00:00:00       24281088  98%    6.56MB/s   00:00:00       24657317 100%    4.38MB/s   00:00:05 (xfer#383, to-check=447/1752)
synthetic_005564/posterior_std.pt
         232019 100%    9.69MB/s   00:00:00 (xfer#384, to-check=448/1752)
synthetic_005564/posterior_variance.pt
         232054 100%   27.15MB/s   00:00:00 (xfer#385, to-check=449/1752)
synthetic_005565/
synthetic_005565/composite_mean.pt
         232026 100%    3.73MB/s   00:00:00 (xfer#386, to-check=451/1752)
synthetic_005565/metadata.json
           1797 100%    6.30MB/s   00:00:00 (xfer#387, to-check=452/1752)
synthetic_005565/posterior_mean.pt
         232026 100%   45.13MB/s   00:00:00 (xfer#388, to-check=453/1752)
synthetic_005565/posterior_samples.pt
        2949120  12%    5.58MB/s   00:00:03        5570560  23%    4.97MB/s   00:00:03        8978432  36%    6.31MB/s   00:00:02       11862016  48%    5.40MB/s   00:00:02       15335424  62%    6.62MB/s   00:00:01       18284544  74%    5.09MB/s   00:00:01       20381696  83%    3.82MB/s   00:00:01       23134208  94%    4.79MB/s   00:00:00       24657317 100%    5.17MB/s   00:00:04 (xfer#389, to-check=454/1752)
synthetic_005565/posterior_std.pt
         232019 100%   23.20MB/s   00:00:00 (xfer#390, to-check=455/1752)
synthetic_005565/posterior_variance.pt
         232054 100%    4.10MB/s   00:00:00 (xfer#391, to-check=456/1752)
synthetic_005566/
synthetic_005566/composite_mean.pt
         232026 100%    3.08MB/s   00:00:00 (xfer#392, to-check=458/1752)
synthetic_005566/metadata.json
           1796 100%    4.70MB/s   00:00:00 (xfer#393, to-check=459/1752)
synthetic_005566/posterior_mean.pt
         232026 100%    3.04MB/s   00:00:00 (xfer#394, to-check=460/1752)
synthetic_005566/posterior_samples.pt
        2523136  10%    4.69MB/s   00:00:04        5275648  21%    5.23MB/s   00:00:03        6520832  26%    2.23MB/s   00:00:07        7798784  32%    2.39MB/s   00:00:06       10027008  41%    4.24MB/s   00:00:03       12779520  52%    4.92MB/s   00:00:02       15400960  62%    4.99MB/s   00:00:01       17891328  73%    4.57MB/s   00:00:01       20250624  82%    4.28MB/s   00:00:00       22216704  90%    3.73MB/s   00:00:00       24051712  98%    3.02MB/s   00:00:00       24657317 100%    3.78MB/s   00:00:06 (xfer#395, to-check=461/1752)
synthetic_005566/posterior_std.pt
         232019 100%  120.45MB/s   00:00:00 (xfer#396, to-check=462/1752)
synthetic_005566/posterior_variance.pt
         232054 100%    1.63MB/s   00:00:00 (xfer#397, to-check=463/1752)
synthetic_005567/
synthetic_005567/composite_mean.pt
         232026 100%   12.94MB/s   00:00:00 (xfer#398, to-check=465/1752)
synthetic_005567/metadata.json
           1797 100%   10.65MB/s   00:00:00 (xfer#399, to-check=466/1752)
synthetic_005567/posterior_mean.pt
         232026 100%    2.05MB/s   00:00:00 (xfer#400, to-check=467/1752)
synthetic_005567/posterior_samples.pt
        1212416   5%    2.22MB/s   00:00:10        3080192  12%    3.27MB/s   00:00:06        4915200  20%    3.29MB/s   00:00:05        6356992  26%    2.73MB/s   00:00:06        8421376  34%    3.94MB/s   00:00:03       10813440  44%    3.79MB/s   00:00:03       13565952  55%    4.91MB/s   00:00:02       15269888  62%    3.07MB/s   00:00:02       16449536  67%    1.93MB/s   00:00:04       18153472  74%    2.53MB/s   00:00:02       20381696  83%    3.76MB/s   00:00:01       22609920  92%    4.10MB/s   00:00:00       24051712  98%    2.68MB/s   00:00:00       24657317 100%    3.24MB/s   00:00:07 (xfer#401, to-check=468/1752)
synthetic_005567/posterior_std.pt
         232019 100%    5.19MB/s   00:00:00 (xfer#402, to-check=469/1752)
synthetic_005567/posterior_variance.pt
         232054 100%    2.39MB/s   00:00:00 (xfer#403, to-check=470/1752)
synthetic_005568/
synthetic_005568/composite_mean.pt
         232026 100%    9.04MB/s   00:00:00 (xfer#404, to-check=472/1752)
synthetic_005568/metadata.json
           1797 100%    4.95MB/s   00:00:00 (xfer#405, to-check=473/1752)
synthetic_005568/posterior_mean.pt
         232026 100%    2.16MB/s   00:00:00 (xfer#406, to-check=474/1752)
synthetic_005568/posterior_samples.pt
        1966080   8%    3.68MB/s   00:00:05        3407872  14%    2.71MB/s   00:00:07        5898240  24%    4.72MB/s   00:00:03        8552448  35%    5.06MB/s   00:00:03       11141120  45%    4.79MB/s   00:00:02       13500416  55%    4.43MB/s   00:00:02       15728640  64%    4.08MB/s   00:00:02       17563648  71%    3.33MB/s   00:00:02       19267584  78%    3.24MB/s   00:00:01       21757952  88%    4.50MB/s   00:00:00       24510464  99%    4.72MB/s   00:00:00       24657317 100%    4.11MB/s   00:00:05 (xfer#407, to-check=475/1752)
synthetic_005568/posterior_std.pt
         232019 100%  140.94MB/s   00:00:00 (xfer#408, to-check=476/1752)
synthetic_005568/posterior_variance.pt
         232054 100%    4.73MB/s   00:00:00 (xfer#409, to-check=477/1752)
synthetic_005569/
synthetic_005569/composite_mean.pt
         232026 100%   47.13MB/s   00:00:00 (xfer#410, to-check=479/1752)
synthetic_005569/metadata.json
           1798 100%   25.24MB/s   00:00:00 (xfer#411, to-check=480/1752)
synthetic_005569/posterior_mean.pt
         232026 100%    3.37MB/s   00:00:00 (xfer#412, to-check=481/1752)
synthetic_005569/posterior_samples.pt
        2818048  11%    5.34MB/s   00:00:03        5963776  24%    5.22MB/s   00:00:03        9371648  38%    5.90MB/s   00:00:02       13565952  55%    7.86MB/s   00:00:01       17235968  70%    6.84MB/s   00:00:01       19595264  79%    4.30MB/s   00:00:01       23003136  93%    5.55MB/s   00:00:00       24657317 100%    5.86MB/s   00:00:04 (xfer#413, to-check=482/1752)
synthetic_005569/posterior_std.pt
         232019 100%  150.22MB/s   00:00:00 (xfer#414, to-check=483/1752)
synthetic_005569/posterior_variance.pt
         232054 100%  237.21MB/s   00:00:00 (xfer#415, to-check=484/1752)
synthetic_005570/
synthetic_005570/composite_mean.pt
         232026 100%   36.61MB/s   00:00:00 (xfer#416, to-check=486/1752)
synthetic_005570/metadata.json
           1797 100%   27.65MB/s   00:00:00 (xfer#417, to-check=487/1752)
synthetic_005570/posterior_mean.pt
         232026 100%    3.76MB/s   00:00:00 (xfer#418, to-check=488/1752)
synthetic_005570/posterior_samples.pt
        3899392  16%    7.19MB/s   00:00:02        8355840  34%    8.46MB/s   00:00:01       11436032  46%    5.79MB/s   00:00:02       13402112  54%    3.17MB/s   00:00:03       16678912  68%    5.66MB/s   00:00:01       19955712  81%    5.83MB/s   00:00:00       22446080  91%    2.84MB/s   00:00:00       24657317 100%    5.27MB/s   00:00:04 (xfer#419, to-check=489/1752)
synthetic_005570/posterior_std.pt
         232019 100%    4.01MB/s   00:00:00 (xfer#420, to-check=490/1752)
synthetic_005570/posterior_variance.pt
         232054 100%    5.17MB/s   00:00:00 (xfer#421, to-check=491/1752)
synthetic_005571/
synthetic_005571/composite_mean.pt
         232026 100%  126.74MB/s   00:00:00 (xfer#422, to-check=493/1752)
synthetic_005571/metadata.json
           1798 100%   22.55MB/s   00:00:00 (xfer#423, to-check=494/1752)
synthetic_005571/posterior_mean.pt
         232026 100%    4.19MB/s   00:00:00 (xfer#424, to-check=495/1752)
synthetic_005571/posterior_samples.pt
        2752512  11%    4.87MB/s   00:00:04        5767168  23%    5.31MB/s   00:00:03        8912896  36%    5.98MB/s   00:00:02       12713984  52%    6.22MB/s   00:00:01       16384000  66%    5.93MB/s   00:00:01       19791872  80%    6.32MB/s   00:00:00       23199744  94%    6.29MB/s   00:00:00       24543232 100%    2.06MB/s   00:00:00       24657317 100%    5.12MB/s   00:00:04 (xfer#425, to-check=496/1752)
synthetic_005571/posterior_std.pt
         232019 100%  837.65KB/s   00:00:00 (xfer#426, to-check=497/1752)
synthetic_005571/posterior_variance.pt
         232054 100%    1.74MB/s   00:00:00 (xfer#427, to-check=498/1752)
synthetic_005572/
synthetic_005572/composite_mean.pt
         232026 100%  796.96KB/s   00:00:00 (xfer#428, to-check=500/1752)
synthetic_005572/metadata.json
           1798 100%   15.57MB/s   00:00:00 (xfer#429, to-check=501/1752)
synthetic_005572/posterior_mean.pt
         232026 100%    1.15MB/s   00:00:00 (xfer#430, to-check=502/1752)
synthetic_005572/posterior_samples.pt
         524288   2%  984.94KB/s   00:00:23        1048576   4%  991.33KB/s   00:00:23        1671168   7%    1.02MB/s   00:00:21        2326528   9%    1.16MB/s   00:00:18        2981888  12%    1.22MB/s   00:00:16        3768320  15%    1.23MB/s   00:00:16        4685824  19%    1.60MB/s   00:00:11        5734400  23%    1.99MB/s   00:00:09        6914048  28%    2.07MB/s   00:00:08        8093696  33%    2.21MB/s   00:00:07        9535488  39%    2.51MB/s   00:00:05       10977280  45%    2.62MB/s   00:00:04       12681216  51%    3.09MB/s   00:00:03       14254080  58%    2.95MB/s   00:00:03       16089088  65%    3.26MB/s   00:00:02       17793024  72%    3.18MB/s   00:00:02       19759104  80%    3.69MB/s   00:00:01       21856256  89%    3.76MB/s   00:00:00       23429120  95%    2.95MB/s   00:00:00       24657317 100%    2.23MB/s   00:00:10 (xfer#431, to-check=503/1752)
synthetic_005572/posterior_std.pt
         232019 100%   83.44MB/s   00:00:00 (xfer#432, to-check=504/1752)
synthetic_005572/posterior_variance.pt
         232054 100%    1.94MB/s   00:00:00 (xfer#433, to-check=505/1752)
synthetic_005573/
synthetic_005573/composite_mean.pt
         232026 100%    7.47MB/s   00:00:00 (xfer#434, to-check=507/1752)
synthetic_005573/metadata.json
           1797 100%   11.65MB/s   00:00:00 (xfer#435, to-check=508/1752)
synthetic_005573/posterior_mean.pt
         232026 100%    1.96MB/s   00:00:00 (xfer#436, to-check=509/1752)
synthetic_005573/posterior_samples.pt
        1310720   5%    2.42MB/s   00:00:09        3047424  12%    3.15MB/s   00:00:06        5406720  22%    4.19MB/s   00:00:04        6455296  26%    1.88MB/s   00:00:09        7471104  30%    1.30MB/s   00:00:12        8388608  34%    1.62MB/s   00:00:09       10354688  42%    3.24MB/s   00:00:04       12058624  49%    3.16MB/s   00:00:03       13369344  54%    2.45MB/s   00:00:04       15597568  63%    4.09MB/s   00:00:02       18350080  74%    5.10MB/s   00:00:01       21364736  87%    5.50MB/s   00:00:00       24510464  99%    5.65MB/s   00:00:00       24657317 100%    3.30MB/s   00:00:07 (xfer#437, to-check=510/1752)
synthetic_005573/posterior_std.pt
         232019 100%  128.72MB/s   00:00:00 (xfer#438, to-check=511/1752)
synthetic_005573/posterior_variance.pt
         232054 100%    7.29MB/s   00:00:00 (xfer#439, to-check=512/1752)
synthetic_005574/
synthetic_005574/composite_mean.pt
         232026 100%  114.59MB/s   00:00:00 (xfer#440, to-check=514/1752)
synthetic_005574/metadata.json
           1798 100%   25.96MB/s   00:00:00 (xfer#441, to-check=515/1752)
synthetic_005574/posterior_mean.pt
         232026 100%    1.86MB/s   00:00:00 (xfer#442, to-check=516/1752)
synthetic_005574/posterior_samples.pt
        2129920   9%    3.55MB/s   00:00:06        4227072  17%    3.52MB/s   00:00:05        6717440  27%    4.28MB/s   00:00:03        9338880  38%    4.73MB/s   00:00:03       12091392  49%    5.20MB/s   00:00:02       14712832  60%    4.91MB/s   00:00:01       17465344  71%    5.19MB/s   00:00:01       19562496  79%    3.87MB/s   00:00:01       22577152  92%    4.97MB/s   00:00:00       24657317 100%    4.54MB/s   00:00:05 (xfer#443, to-check=517/1752)
synthetic_005574/posterior_std.pt
         232019 100%   14.78MB/s   00:00:00 (xfer#444, to-check=518/1752)
synthetic_005574/posterior_variance.pt
         232054 100%    5.27MB/s   00:00:00 (xfer#445, to-check=519/1752)
synthetic_005575/
synthetic_005575/composite_mean.pt
         232026 100%    3.23MB/s   00:00:00 (xfer#446, to-check=521/1752)
synthetic_005575/metadata.json
           1798 100%   17.67MB/s   00:00:00 (xfer#447, to-check=522/1752)
synthetic_005575/posterior_mean.pt
         232026 100%    9.55MB/s   00:00:00 (xfer#448, to-check=523/1752)
synthetic_005575/posterior_samples.pt
        2850816  12%    5.34MB/s   00:00:03        6258688  25%    5.36MB/s   00:00:03        9797632  40%    6.69MB/s   00:00:02       12156928  49%    4.48MB/s   00:00:02       15171584  62%    5.45MB/s   00:00:01       18317312  74%    5.96MB/s   00:00:01       22511616  91%    7.90MB/s   00:00:00       24657317 100%    5.91MB/s   00:00:03 (xfer#449, to-check=524/1752)
synthetic_005575/posterior_std.pt
         232019 100%  104.82MB/s   00:00:00 (xfer#450, to-check=525/1752)
synthetic_005575/posterior_variance.pt
         232054 100%   14.86MB/s   00:00:00 (xfer#451, to-check=526/1752)
synthetic_005576/
synthetic_005576/composite_mean.pt
         232026 100%    4.77MB/s   00:00:00 (xfer#452, to-check=528/1752)
synthetic_005576/metadata.json
           1798 100%   15.43MB/s   00:00:00 (xfer#453, to-check=529/1752)
synthetic_005576/posterior_mean.pt
         232026 100%   78.35MB/s   00:00:00 (xfer#454, to-check=530/1752)
synthetic_005576/posterior_samples.pt
        4554752  18%    8.69MB/s   00:00:02        8650752  35%    7.33MB/s   00:00:02       12976128  53%    7.39MB/s   00:00:01       17039360  69%    7.59MB/s   00:00:00       22020096  89%    9.47MB/s   00:00:00       24657317 100%    8.12MB/s   00:00:02 (xfer#455, to-check=531/1752)
synthetic_005576/posterior_std.pt
         232019 100%  117.94MB/s   00:00:00 (xfer#456, to-check=532/1752)
synthetic_005576/posterior_variance.pt
         232054 100%  193.10MB/s   00:00:00 (xfer#457, to-check=533/1752)
synthetic_005577/
synthetic_005577/composite_mean.pt
         232026 100%    8.13MB/s   00:00:00 (xfer#458, to-check=535/1752)
synthetic_005577/metadata.json
           1798 100%   17.89MB/s   00:00:00 (xfer#459, to-check=536/1752)
synthetic_005577/posterior_mean.pt
         232026 100%    7.96MB/s   00:00:00 (xfer#460, to-check=537/1752)
synthetic_005577/posterior_samples.pt
        3342336  14%    6.37MB/s   00:00:03        7438336  30%    7.56MB/s   00:00:02       11370496  46%    7.24MB/s   00:00:01       16220160  66%    9.23MB/s   00:00:00       21987328  89%   10.92MB/s   00:00:00       24657317 100%    8.44MB/s   00:00:02 (xfer#461, to-check=538/1752)
synthetic_005577/posterior_std.pt
         232019 100%   24.93MB/s   00:00:00 (xfer#462, to-check=539/1752)
synthetic_005577/posterior_variance.pt
         232054 100%   14.08MB/s   00:00:00 (xfer#463, to-check=540/1752)
synthetic_005578/
synthetic_005578/composite_mean.pt
         232026 100%   74.56MB/s   00:00:00 (xfer#464, to-check=542/1752)
synthetic_005578/metadata.json
           1796 100%   49.94KB/s   00:00:00 (xfer#465, to-check=543/1752)
synthetic_005578/posterior_mean.pt
         232026 100%  111.64MB/s   00:00:00 (xfer#466, to-check=544/1752)
synthetic_005578/posterior_samples.pt
        5636096  23%   10.73MB/s   00:00:01       12189696  49%   12.27MB/s   00:00:00       18612224  75%   11.15MB/s   00:00:00       23986176  97%    9.17MB/s   00:00:00       24657317 100%   10.72MB/s   00:00:02 (xfer#467, to-check=545/1752)
synthetic_005578/posterior_std.pt
         232019 100%    3.58MB/s   00:00:00 (xfer#468, to-check=546/1752)
synthetic_005578/posterior_variance.pt
         232054 100%   89.78MB/s   00:00:00 (xfer#469, to-check=547/1752)
synthetic_005579/
synthetic_005579/composite_mean.pt
         232026 100%   64.79MB/s   00:00:00 (xfer#470, to-check=549/1752)
synthetic_005579/metadata.json
           1798 100%   19.08MB/s   00:00:00 (xfer#471, to-check=550/1752)
synthetic_005579/posterior_mean.pt
         232026 100%    2.32MB/s   00:00:00 (xfer#472, to-check=551/1752)
synthetic_005579/posterior_samples.pt
        5603328  23%   10.46MB/s   00:00:01       11108352  45%    9.90MB/s   00:00:01       14319616  58%    6.03MB/s   00:00:01       18513920  75%    7.94MB/s   00:00:00       23232512  94%    8.94MB/s   00:00:00       24657317 100%    8.43MB/s   00:00:02 (xfer#473, to-check=552/1752)
synthetic_005579/posterior_std.pt
         232019 100%    5.22MB/s   00:00:00 (xfer#474, to-check=553/1752)
synthetic_005579/posterior_variance.pt
         232054 100%   20.47MB/s   00:00:00 (xfer#475, to-check=554/1752)
synthetic_005580/
synthetic_005580/composite_mean.pt
         232026 100%    9.64MB/s   00:00:00 (xfer#476, to-check=556/1752)
synthetic_005580/metadata.json
           1797 100%   13.29MB/s   00:00:00 (xfer#477, to-check=557/1752)
synthetic_005580/posterior_mean.pt
         232026 100%    2.78MB/s   00:00:00 (xfer#478, to-check=558/1752)
synthetic_005580/posterior_samples.pt
        3440640  14%    6.32MB/s   00:00:03        6062080  25%    4.86MB/s   00:00:03        9043968  37%    5.23MB/s   00:00:02       10878976  44%    3.15MB/s   00:00:04       12582912  51%    3.25MB/s   00:00:03       15335424  62%    4.55MB/s   00:00:01       17825792  72%    4.56MB/s   00:00:01       20316160  82%    4.62MB/s   00:00:00       22937600  93%    4.80MB/s   00:00:00       24657317 100%    4.58MB/s   00:00:05 (xfer#479, to-check=559/1752)
synthetic_005580/posterior_std.pt
         232019 100%   10.30MB/s   00:00:00 (xfer#480, to-check=560/1752)
synthetic_005580/posterior_variance.pt
         232054 100%   78.22MB/s   00:00:00 (xfer#481, to-check=561/1752)
synthetic_005581/
synthetic_005581/composite_mean.pt
         232026 100%    2.59MB/s   00:00:00 (xfer#482, to-check=563/1752)
synthetic_005581/metadata.json
           1799 100%   13.30MB/s   00:00:00 (xfer#483, to-check=564/1752)
synthetic_005581/posterior_mean.pt
         232026 100%    4.56MB/s   00:00:00 (xfer#484, to-check=565/1752)
synthetic_005581/posterior_samples.pt
        2621440  11%    4.90MB/s   00:00:04        5111808  21%    4.52MB/s   00:00:04        7995392  32%    5.36MB/s   00:00:02       10616832  43%    4.95MB/s   00:00:02       13238272  54%    4.97MB/s   00:00:02       15990784  65%    5.07MB/s   00:00:01       17498112  71%    2.80MB/s   00:00:02       19595264  79%    3.84MB/s   00:00:01       22085632  90%    4.72MB/s   00:00:00       24657317 100%    4.58MB/s   00:00:05 (xfer#485, to-check=566/1752)
synthetic_005581/posterior_std.pt
         232019 100%   56.97MB/s   00:00:00 (xfer#486, to-check=567/1752)
synthetic_005581/posterior_variance.pt
         232054 100%    6.99MB/s   00:00:00 (xfer#487, to-check=568/1752)
synthetic_005582/
synthetic_005582/composite_mean.pt
         232026 100%    3.78MB/s   00:00:00 (xfer#488, to-check=570/1752)
synthetic_005582/metadata.json
           1798 100%   15.43MB/s   00:00:00 (xfer#489, to-check=571/1752)
synthetic_005582/posterior_mean.pt
         232026 100%   18.32MB/s   00:00:00 (xfer#490, to-check=572/1752)
synthetic_005582/posterior_samples.pt
        2686976  11%    5.04MB/s   00:00:04        5046272  20%    4.45MB/s   00:00:04        7372800  30%    4.29MB/s   00:00:03        9732096  39%    4.23MB/s   00:00:03       11829248  48%    3.49MB/s   00:00:03       13664256  55%    3.41MB/s   00:00:03       16023552  65%    3.82MB/s   00:00:02       18251776  74%    4.04MB/s   00:00:01       20086784  81%    3.48MB/s   00:00:01       22446080  91%    3.87MB/s   00:00:00       23887872  97%    2.66MB/s   00:00:00       24657317 100%    3.85MB/s   00:00:06 (xfer#491, to-check=573/1752)
synthetic_005582/posterior_std.pt
         232019 100%  159.41MB/s   00:00:00 (xfer#492, to-check=574/1752)
synthetic_005582/posterior_variance.pt
         232054 100%    5.66MB/s   00:00:00 (xfer#493, to-check=575/1752)
synthetic_005583/
synthetic_005583/composite_mean.pt
         232026 100%    6.21MB/s   00:00:00 (xfer#494, to-check=577/1752)
synthetic_005583/metadata.json
           1794 100%   14.50MB/s   00:00:00 (xfer#495, to-check=578/1752)
synthetic_005583/posterior_mean.pt
         232026 100%    4.09MB/s   00:00:00 (xfer#496, to-check=579/1752)
synthetic_005583/posterior_samples.pt
        1900544   8%    3.23MB/s   00:00:06        4489216  18%    4.59MB/s   00:00:04        6717440  27%    3.86MB/s   00:00:04        8814592  36%    3.45MB/s   00:00:04       11173888  45%    4.22MB/s   00:00:03       13533184  55%    4.38MB/s   00:00:02       15728640  64%    3.88MB/s   00:00:02       17825792  72%    3.86MB/s   00:00:01       19922944  81%    3.31MB/s   00:00:01       22151168  90%    3.78MB/s   00:00:00       24379392  99%    3.98MB/s   00:00:00       24657317 100%    3.81MB/s   00:00:06 (xfer#497, to-check=580/1752)
synthetic_005583/posterior_std.pt
         232019 100%  110.20MB/s   00:00:00 (xfer#498, to-check=581/1752)
synthetic_005583/posterior_variance.pt
         232054 100%    3.56MB/s   00:00:00 (xfer#499, to-check=582/1752)
synthetic_005584/
synthetic_005584/composite_mean.pt
         232026 100%   14.47MB/s   00:00:00 (xfer#500, to-check=584/1752)
synthetic_005584/metadata.json
           1797 100%   17.84MB/s   00:00:00 (xfer#501, to-check=585/1752)
synthetic_005584/posterior_mean.pt
         232026 100%    2.17MB/s   00:00:00 (xfer#502, to-check=586/1752)
synthetic_005584/posterior_samples.pt
        1376256   6%    2.52MB/s   00:00:08        3211264  13%    3.42MB/s   00:00:05        5570560  23%    3.84MB/s   00:00:04        7929856  32%    4.47MB/s   00:00:03       10944512  44%    5.66MB/s   00:00:02       14745600  60%    7.14MB/s   00:00:01       18415616  75%    6.76MB/s   00:00:00       21954560  89%    6.30MB/s   00:00:00       24657317 100%    5.01MB/s   00:00:04 (xfer#503, to-check=587/1752)
synthetic_005584/posterior_std.pt
         232019 100%   92.50MB/s   00:00:00 (xfer#504, to-check=588/1752)
synthetic_005584/posterior_variance.pt
         232054 100%  198.85MB/s   00:00:00 (xfer#505, to-check=589/1752)
synthetic_005585/
synthetic_005585/composite_mean.pt
         232026 100%  211.75MB/s   00:00:00 (xfer#506, to-check=591/1752)
synthetic_005585/metadata.json
           1797 100%   33.59MB/s   00:00:00 (xfer#507, to-check=592/1752)
synthetic_005585/posterior_mean.pt
         232026 100%    4.87MB/s   00:00:00 (xfer#508, to-check=593/1752)
synthetic_005585/posterior_samples.pt
        4587520  19%    8.50MB/s   00:00:02        9437184  38%    6.60MB/s   00:00:02       12713984  52%    5.73MB/s   00:00:01       15695872  64%    5.45MB/s   00:00:01       17399808  71%    2.71MB/s   00:00:02       22052864  89%    7.72MB/s   00:00:00       24657317 100%    6.26MB/s   00:00:03 (xfer#509, to-check=594/1752)
synthetic_005585/posterior_std.pt
         232019 100%  133.61MB/s   00:00:00 (xfer#510, to-check=595/1752)
synthetic_005585/posterior_variance.pt
         232054 100%  267.88MB/s   00:00:00 (xfer#511, to-check=596/1752)
synthetic_005586/
synthetic_005586/composite_mean.pt
         232026 100%    5.23MB/s   00:00:00 (xfer#512, to-check=598/1752)
synthetic_005586/metadata.json
           1798 100%   18.44MB/s   00:00:00 (xfer#513, to-check=599/1752)
synthetic_005586/posterior_mean.pt
         232026 100%   20.75MB/s   00:00:00 (xfer#514, to-check=600/1752)
synthetic_005586/posterior_samples.pt
        4489216  18%    8.08MB/s   00:00:02        9273344  38%    9.12MB/s   00:00:01       14450688  59%    9.45MB/s   00:00:01       20217856  82%   10.53MB/s   00:00:00       24657317 100%    9.27MB/s   00:00:02 (xfer#515, to-check=601/1752)
synthetic_005586/posterior_std.pt
         232019 100%  107.63MB/s   00:00:00 (xfer#516, to-check=602/1752)
synthetic_005586/posterior_variance.pt
         232054 100%  265.66MB/s   00:00:00 (xfer#517, to-check=603/1752)
synthetic_005587/
synthetic_005587/composite_mean.pt
         232026 100%   18.86MB/s   00:00:00 (xfer#518, to-check=605/1752)
synthetic_005587/metadata.json
           1798 100%   23.20MB/s   00:00:00 (xfer#519, to-check=606/1752)
synthetic_005587/posterior_mean.pt
         232026 100%   13.91MB/s   00:00:00 (xfer#520, to-check=607/1752)
synthetic_005587/posterior_samples.pt
        5242880  21%    9.33MB/s   00:00:01       10747904  44%   10.30MB/s   00:00:01       14483456  59%    7.09MB/s   00:00:01       18808832  76%    8.00MB/s   00:00:00       22609920  92%    7.24MB/s   00:00:00       24657317 100%    7.60MB/s   00:00:03 (xfer#521, to-check=608/1752)
synthetic_005587/posterior_std.pt
         232019 100%  121.59MB/s   00:00:00 (xfer#522, to-check=609/1752)
synthetic_005587/posterior_variance.pt
         232054 100%    3.45MB/s   00:00:00 (xfer#523, to-check=610/1752)
synthetic_005588/
synthetic_005588/composite_mean.pt
         232026 100%   11.82MB/s   00:00:00 (xfer#524, to-check=612/1752)
synthetic_005588/metadata.json
           1797 100%   14.18MB/s   00:00:00 (xfer#525, to-check=613/1752)
synthetic_005588/posterior_mean.pt
         232026 100%    7.88MB/s   00:00:00 (xfer#526, to-check=614/1752)
synthetic_005588/posterior_samples.pt
        4849664  20%    8.87MB/s   00:00:02        8519680  35%    6.80MB/s   00:00:02       13893632  56%   10.22MB/s   00:00:01       19660800  80%   10.82MB/s   00:00:00       24657317 100%    9.31MB/s   00:00:02 (xfer#527, to-check=615/1752)
synthetic_005588/posterior_std.pt
         232019 100%   92.08MB/s   00:00:00 (xfer#528, to-check=616/1752)
synthetic_005588/posterior_variance.pt
         232054 100%  272.20MB/s   00:00:00 (xfer#529, to-check=617/1752)
synthetic_005589/
synthetic_005589/composite_mean.pt
         232026 100%  169.70MB/s   00:00:00 (xfer#530, to-check=619/1752)
synthetic_005589/metadata.json
           1797 100%   30.72MB/s   00:00:00 (xfer#531, to-check=620/1752)
synthetic_005589/posterior_mean.pt
         232026 100%    4.48MB/s   00:00:00 (xfer#532, to-check=621/1752)
synthetic_005589/posterior_samples.pt
        4653056  19%    8.85MB/s   00:00:02        7372800  30%    4.62MB/s   00:00:03       11436032  46%    7.33MB/s   00:00:01       13664256  55%    4.15MB/s   00:00:02       16547840  67%    5.50MB/s   00:00:01       19857408  81%    6.31MB/s   00:00:00       22708224  92%    5.24MB/s   00:00:00       24657317 100%    5.66MB/s   00:00:04 (xfer#533, to-check=622/1752)
synthetic_005589/posterior_std.pt
         232019 100%    7.10MB/s   00:00:00 (xfer#534, to-check=623/1752)
synthetic_005589/posterior_variance.pt
         232054 100%  101.47MB/s   00:00:00 (xfer#535, to-check=624/1752)
synthetic_005590/
synthetic_005590/composite_mean.pt
         232026 100%   28.71MB/s   00:00:00 (xfer#536, to-check=626/1752)
synthetic_005590/metadata.json
           1799 100%    5.82MB/s   00:00:00 (xfer#537, to-check=627/1752)
synthetic_005590/posterior_mean.pt
         232026 100%    2.65MB/s   00:00:00 (xfer#538, to-check=628/1752)
synthetic_005590/posterior_samples.pt
        3506176  14%    6.21MB/s   00:00:03        6782976  28%    6.11MB/s   00:00:02        9928704  40%    5.92MB/s   00:00:02       13336576  54%    6.24MB/s   00:00:01       16875520  68%    6.07MB/s   00:00:01       19496960  79%    4.92MB/s   00:00:00       21594112  88%    3.63MB/s   00:00:00       23822336  97%    3.91MB/s   00:00:00       24657317 100%    5.33MB/s   00:00:04 (xfer#539, to-check=629/1752)
synthetic_005590/posterior_std.pt
         232019 100%    7.38MB/s   00:00:00 (xfer#540, to-check=630/1752)
synthetic_005590/posterior_variance.pt
         232054 100%   24.78MB/s   00:00:00 (xfer#541, to-check=631/1752)
synthetic_005591/
synthetic_005591/composite_mean.pt
         232026 100%    2.04MB/s   00:00:00 (xfer#542, to-check=633/1752)
synthetic_005591/metadata.json
           1797 100%    5.95MB/s   00:00:00 (xfer#543, to-check=634/1752)
synthetic_005591/posterior_mean.pt
         232026 100%   13.25MB/s   00:00:00 (xfer#544, to-check=635/1752)
synthetic_005591/posterior_samples.pt
        1540096   6%    2.86MB/s   00:00:07        3670016  15%    3.80MB/s   00:00:05        6422528  26%    5.01MB/s   00:00:03        8912896  36%    4.38MB/s   00:00:03       11272192  46%    4.01MB/s   00:00:03       14680064  60%    6.46MB/s   00:00:01       17563648  71%    5.43MB/s   00:00:01       20578304  83%    5.70MB/s   00:00:00       23068672  94%    4.62MB/s   00:00:00       24657317 100%    4.72MB/s   00:00:04 (xfer#545, to-check=636/1752)
synthetic_005591/posterior_std.pt
         232019 100%   11.18MB/s   00:00:00 (xfer#546, to-check=637/1752)
synthetic_005591/posterior_variance.pt
         232054 100%   10.32MB/s   00:00:00 (xfer#547, to-check=638/1752)
synthetic_005592/
synthetic_005592/composite_mean.pt
         232026 100%    9.71MB/s   00:00:00 (xfer#548, to-check=640/1752)
synthetic_005592/metadata.json
           1799 100%   19.72MB/s   00:00:00 (xfer#549, to-check=641/1752)
synthetic_005592/posterior_mean.pt
         232026 100%    5.96MB/s   00:00:00 (xfer#550, to-check=642/1752)
synthetic_005592/posterior_samples.pt
        2523136  10%    4.77MB/s   00:00:04        6193152  25%    6.87MB/s   00:00:02        9994240  41%    6.88MB/s   00:00:02       13795328  56%    6.72MB/s   00:00:01       17727488  72%    6.92MB/s   00:00:00       21004288  85%    5.80MB/s   00:00:00       23363584  95%    4.04MB/s   00:00:00       24657317 100%    6.03MB/s   00:00:03 (xfer#551, to-check=643/1752)
synthetic_005592/posterior_std.pt
         232019 100%  112.37MB/s   00:00:00 (xfer#552, to-check=644/1752)
synthetic_005592/posterior_variance.pt
         232054 100%   26.23MB/s   00:00:00 (xfer#553, to-check=645/1752)
synthetic_005593/
synthetic_005593/composite_mean.pt
         232026 100%    4.52MB/s   00:00:00 (xfer#554, to-check=647/1752)
synthetic_005593/metadata.json
           1798 100%    7.36MB/s   00:00:00 (xfer#555, to-check=648/1752)
synthetic_005593/posterior_mean.pt
         232026 100%   10.82MB/s   00:00:00 (xfer#556, to-check=649/1752)
synthetic_005593/posterior_samples.pt
        3211264  13%    5.93MB/s   00:00:03        7274496  30%    7.46MB/s   00:00:02       10256384  42%    5.68MB/s   00:00:02       13697024  56%    6.38MB/s   00:00:01       18022400  73%    7.93MB/s   00:00:00       21954560  89%    7.30MB/s   00:00:00       24657317 100%    6.74MB/s   00:00:03 (xfer#557, to-check=650/1752)
synthetic_005593/posterior_std.pt
         232019 100%   98.17MB/s   00:00:00 (xfer#558, to-check=651/1752)
synthetic_005593/posterior_variance.pt
         232054 100%   10.43MB/s   00:00:00 (xfer#559, to-check=652/1752)
synthetic_005594/
synthetic_005594/composite_mean.pt
         232026 100%   10.46MB/s   00:00:00 (xfer#560, to-check=654/1752)
synthetic_005594/metadata.json
           1798 100%    7.59MB/s   00:00:00 (xfer#561, to-check=655/1752)
synthetic_005594/posterior_mean.pt
         232026 100%    5.02MB/s   00:00:00 (xfer#562, to-check=656/1752)
synthetic_005594/posterior_samples.pt
        3637248  15%    5.55MB/s   00:00:03        6651904  27%    5.42MB/s   00:00:03        8749056  35%    3.82MB/s   00:00:03       10977280  45%    4.04MB/s   00:00:03       13598720  55%    4.99MB/s   00:00:02       16220160  66%    4.98MB/s   00:00:01       18448384  75%    4.23MB/s   00:00:01       21856256  89%    6.39MB/s   00:00:00       24084480  98%    4.08MB/s   00:00:00       24657317 100%    4.78MB/s   00:00:04 (xfer#563, to-check=657/1752)
synthetic_005594/posterior_std.pt
         232019 100%  201.14MB/s   00:00:00 (xfer#564, to-check=658/1752)
synthetic_005594/posterior_variance.pt
         232054 100%  197.07MB/s   00:00:00 (xfer#565, to-check=659/1752)
synthetic_005595/
synthetic_005595/composite_mean.pt
         232026 100%    3.05MB/s   00:00:00 (xfer#566, to-check=661/1752)
synthetic_005595/metadata.json
           1798 100%    1.86MB/s   00:00:00 (xfer#567, to-check=662/1752)
synthetic_005595/posterior_mean.pt
         232026 100%  126.22MB/s   00:00:00 (xfer#568, to-check=663/1752)
synthetic_005595/posterior_samples.pt
        2555904  10%    4.85MB/s   00:00:04        7536640  31%    9.02MB/s   00:00:01       13565952  55%   11.17MB/s   00:00:00       20381696  83%   12.90MB/s   00:00:00       22609920  92%    3.72MB/s   00:00:00       24657317 100%    8.36MB/s   00:00:02 (xfer#569, to-check=664/1752)
synthetic_005595/posterior_std.pt
         232019 100%  157.17MB/s   00:00:00 (xfer#570, to-check=665/1752)
synthetic_005595/posterior_variance.pt
         232054 100%    1.75MB/s   00:00:00 (xfer#571, to-check=666/1752)
synthetic_005596/
synthetic_005596/composite_mean.pt
         232026 100%   69.89MB/s   00:00:00 (xfer#572, to-check=668/1752)
synthetic_005596/metadata.json
           1798 100%    4.71MB/s   00:00:00 (xfer#573, to-check=669/1752)
synthetic_005596/posterior_mean.pt
         232026 100%  128.51MB/s   00:00:00 (xfer#574, to-check=670/1752)
synthetic_005596/posterior_samples.pt
        4816896  20%    8.36MB/s   00:00:02        7962624  32%    5.93MB/s   00:00:02       10584064  43%    4.53MB/s   00:00:02       11632640  47%    1.51MB/s   00:00:08       15564800  63%    7.21MB/s   00:00:01       21725184  88%   11.34MB/s   00:00:00       24657317 100%    6.55MB/s   00:00:03 (xfer#575, to-check=671/1752)
synthetic_005596/posterior_std.pt
         232019 100%  124.31MB/s   00:00:00 (xfer#576, to-check=672/1752)
synthetic_005596/posterior_variance.pt
         232054 100%  190.29MB/s   00:00:00 (xfer#577, to-check=673/1752)
synthetic_005597/
synthetic_005597/composite_mean.pt
         232026 100%  167.50MB/s   00:00:00 (xfer#578, to-check=675/1752)
synthetic_005597/metadata.json
           1798 100%    7.83MB/s   00:00:00 (xfer#579, to-check=676/1752)
synthetic_005597/posterior_mean.pt
         232026 100%  183.64MB/s   00:00:00 (xfer#580, to-check=677/1752)
synthetic_005597/posterior_samples.pt
        6848512  28%   12.84MB/s   00:00:01       13008896  53%   10.82MB/s   00:00:01       18022400  73%    8.68MB/s   00:00:00       22085632  90%    7.33MB/s   00:00:00       24117248  98%    3.47MB/s   00:00:00       24657317 100%    8.12MB/s   00:00:02 (xfer#581, to-check=678/1752)
synthetic_005597/posterior_std.pt
         232019 100%  138.83MB/s   00:00:00 (xfer#582, to-check=679/1752)
synthetic_005597/posterior_variance.pt
         232054 100%   97.10MB/s   00:00:00 (xfer#583, to-check=680/1752)
synthetic_005598/
synthetic_005598/composite_mean.pt
         232026 100%    5.97MB/s   00:00:00 (xfer#584, to-check=682/1752)
synthetic_005598/metadata.json
           1797 100%    9.06MB/s   00:00:00 (xfer#585, to-check=683/1752)
synthetic_005598/posterior_mean.pt
         232026 100%    7.41MB/s   00:00:00 (xfer#586, to-check=684/1752)
synthetic_005598/posterior_samples.pt
        3342336  14%    6.33MB/s   00:00:03        7143424  29%    6.98MB/s   00:00:02       12648448  51%   10.08MB/s   00:00:01       17235968  70%    8.70MB/s   00:00:00       23003136  93%   10.90MB/s   00:00:00       24657317 100%    8.59MB/s   00:00:02 (xfer#587, to-check=685/1752)
synthetic_005598/posterior_std.pt
         232019 100%   76.04MB/s   00:00:00 (xfer#588, to-check=686/1752)
synthetic_005598/posterior_variance.pt
         232054 100%  148.23MB/s   00:00:00 (xfer#589, to-check=687/1752)
synthetic_005599/
synthetic_005599/composite_mean.pt
         232026 100%   17.31MB/s   00:00:00 (xfer#590, to-check=689/1752)
synthetic_005599/metadata.json
           1799 100%    7.56MB/s   00:00:00 (xfer#591, to-check=690/1752)
synthetic_005599/posterior_mean.pt
         232026 100%    5.63MB/s   00:00:00 (xfer#592, to-check=691/1752)
synthetic_005599/posterior_samples.pt
        5373952  22%    9.87MB/s   00:00:01        8552448  35%    6.06MB/s   00:00:02       13369344  54%    9.14MB/s   00:00:01       17956864  73%    8.39MB/s   00:00:00       22675456  92%    8.88MB/s   00:00:00       24657317 100%    8.37MB/s   00:00:02 (xfer#593, to-check=692/1752)
synthetic_005599/posterior_std.pt
         232019 100%  167.52MB/s   00:00:00 (xfer#594, to-check=693/1752)
synthetic_005599/posterior_variance.pt
         232054 100%  204.36MB/s   00:00:00 (xfer#595, to-check=694/1752)
synthetic_005600/
synthetic_005600/composite_mean.pt
         232026 100%  203.53MB/s   00:00:00 (xfer#596, to-check=696/1752)
synthetic_005600/metadata.json
           1798 100%    8.65MB/s   00:00:00 (xfer#597, to-check=697/1752)
synthetic_005600/posterior_mean.pt
         232026 100%    4.05MB/s   00:00:00 (xfer#598, to-check=698/1752)
synthetic_005600/posterior_samples.pt
        4980736  20%    9.29MB/s   00:00:02        9830400  40%    9.14MB/s   00:00:01       13893632  56%    7.73MB/s   00:00:01       18219008  74%    7.45MB/s   00:00:00       21364736  87%    5.36MB/s   00:00:00       24657317 100%    7.49MB/s   00:00:03 (xfer#599, to-check=699/1752)
synthetic_005600/posterior_std.pt
         232019 100%  124.46MB/s   00:00:00 (xfer#600, to-check=700/1752)
synthetic_005600/posterior_variance.pt
         232054 100%    5.27MB/s   00:00:00 (xfer#601, to-check=701/1752)
synthetic_005601/
synthetic_005601/composite_mean.pt
         232026 100%   63.40MB/s   00:00:00 (xfer#602, to-check=703/1752)
synthetic_005601/metadata.json
           1798 100%    8.13MB/s   00:00:00 (xfer#603, to-check=704/1752)
synthetic_005601/posterior_mean.pt
         232026 100%    8.52MB/s   00:00:00 (xfer#604, to-check=705/1752)
synthetic_005601/posterior_samples.pt
        3768320  15%    6.63MB/s   00:00:03        7700480  31%    7.50MB/s   00:00:02       10878976  44%    5.66MB/s   00:00:02       13369344  54%    4.60MB/s   00:00:02       16777216  68%    6.18MB/s   00:00:01       20447232  83%    7.00MB/s   00:00:00       23560192  96%    5.87MB/s   00:00:00       24657317 100%    5.87MB/s   00:00:04 (xfer#605, to-check=706/1752)
synthetic_005601/posterior_std.pt
         232019 100%    2.86MB/s   00:00:00 (xfer#606, to-check=707/1752)
synthetic_005601/posterior_variance.pt
         232054 100%    2.16MB/s   00:00:00 (xfer#607, to-check=708/1752)
synthetic_005602/
synthetic_005602/composite_mean.pt
         232026 100%   42.21MB/s   00:00:00 (xfer#608, to-check=710/1752)
synthetic_005602/metadata.json
           1799 100%    4.74MB/s   00:00:00 (xfer#609, to-check=711/1752)
synthetic_005602/posterior_mean.pt
         232026 100%    1.61MB/s   00:00:00 (xfer#610, to-check=712/1752)
synthetic_005602/posterior_samples.pt
        1310720   5%    1.88MB/s   00:00:11        3964928  16%    4.80MB/s   00:00:04        5931008  24%    3.73MB/s   00:00:04        7897088  32%    3.41MB/s   00:00:04       10256384  42%    4.37MB/s   00:00:03       12615680  51%    4.31MB/s   00:00:02       15335424  62%    4.62MB/s   00:00:01       17694720  72%    4.21MB/s   00:00:01       20054016  81%    4.14MB/s   00:00:01       21889024  89%    3.39MB/s   00:00:00       23592960  96%    3.23MB/s   00:00:00       24657317 100%    3.71MB/s   00:00:06 (xfer#611, to-check=713/1752)
synthetic_005602/posterior_std.pt
         232019 100%   25.19MB/s   00:00:00 (xfer#612, to-check=714/1752)
synthetic_005602/posterior_variance.pt
         232054 100%    2.77MB/s   00:00:00 (xfer#613, to-check=715/1752)
synthetic_005603/
synthetic_005603/composite_mean.pt
         232026 100%   38.09MB/s   00:00:00 (xfer#614, to-check=717/1752)
synthetic_005603/metadata.json
           1798 100%    7.39MB/s   00:00:00 (xfer#615, to-check=718/1752)
synthetic_005603/posterior_mean.pt
         232026 100%    3.63MB/s   00:00:00 (xfer#616, to-check=719/1752)
synthetic_005603/posterior_samples.pt
        1966080   8%    3.74MB/s   00:00:05        4194304  17%    4.23MB/s   00:00:04        6160384  25%    3.44MB/s   00:00:05        8519680  35%    4.01MB/s   00:00:03       10878976  44%    4.20MB/s   00:00:03       13369344  54%    4.32MB/s   00:00:02       15990784  65%    4.21MB/s   00:00:01       18481152  75%    4.71MB/s   00:00:01       21037056  85%    4.87MB/s   00:00:00       23592960  96%    4.87MB/s   00:00:00       24657317 100%    4.27MB/s   00:00:05 (xfer#617, to-check=720/1752)
synthetic_005603/posterior_std.pt
         232019 100%  144.61MB/s   00:00:00 (xfer#618, to-check=721/1752)
synthetic_005603/posterior_variance.pt
         232054 100%    6.24MB/s   00:00:00 (xfer#619, to-check=722/1752)
synthetic_005604/
synthetic_005604/composite_mean.pt
         232026 100%    7.27MB/s   00:00:00 (xfer#620, to-check=724/1752)
synthetic_005604/metadata.json
           1799 100%    7.59MB/s   00:00:00 (xfer#621, to-check=725/1752)
synthetic_005604/posterior_mean.pt
         232026 100%    1.25MB/s   00:00:00 (xfer#622, to-check=726/1752)
synthetic_005604/posterior_samples.pt
        4882432  20%    9.22MB/s   00:00:02        8290304  34%    6.47MB/s   00:00:02       12091392  49%    6.78MB/s   00:00:01       14778368  60%    5.12MB/s   00:00:01       17399808  71%    4.70MB/s   00:00:01       20414464  83%    5.59MB/s   00:00:00       23429120  95%    4.13MB/s   00:00:00       24657317 100%    6.13MB/s   00:00:03 (xfer#623, to-check=727/1752)
synthetic_005604/posterior_std.pt
         232019 100%   12.74MB/s   00:00:00 (xfer#624, to-check=728/1752)
synthetic_005604/posterior_variance.pt
         232054 100%    5.76MB/s   00:00:00 (xfer#625, to-check=729/1752)
synthetic_005605/
synthetic_005605/composite_mean.pt
         232026 100%    7.78MB/s   00:00:00 (xfer#626, to-check=731/1752)
synthetic_005605/metadata.json
           1798 100%    5.62MB/s   00:00:00 (xfer#627, to-check=732/1752)
synthetic_005605/posterior_mean.pt
         232026 100%    6.28MB/s   00:00:00 (xfer#628, to-check=733/1752)
synthetic_005605/posterior_samples.pt
        3276800  13%    6.19MB/s   00:00:03        6488064  26%    5.88MB/s   00:00:02       10289152  42%    6.35MB/s   00:00:02       12910592  52%    4.17MB/s   00:00:02       17629184  71%    7.90MB/s   00:00:00       21823488  89%    7.92MB/s   00:00:00       24657317 100%    6.33MB/s   00:00:03 (xfer#629, to-check=734/1752)
synthetic_005605/posterior_std.pt
         232019 100%    8.48MB/s   00:00:00 (xfer#630, to-check=735/1752)
synthetic_005605/posterior_variance.pt
         232054 100%   12.65MB/s   00:00:00 (xfer#631, to-check=736/1752)
synthetic_005606/
synthetic_005606/composite_mean.pt
         232026 100%    7.63MB/s   00:00:00 (xfer#632, to-check=738/1752)
synthetic_005606/metadata.json
           1799 100%    6.31MB/s   00:00:00 (xfer#633, to-check=739/1752)
synthetic_005606/posterior_mean.pt
         232026 100%   61.60MB/s   00:00:00 (xfer#634, to-check=740/1752)
synthetic_005606/posterior_samples.pt
        3506176  14%    6.37MB/s   00:00:03        7569408  31%    7.28MB/s   00:00:02       12156928  49%    8.58MB/s   00:00:01       16056320  65%    7.44MB/s   00:00:01       20152320  82%    7.74MB/s   00:00:00       22970368  93%    4.81MB/s   00:00:00       24657317 100%    6.53MB/s   00:00:03 (xfer#635, to-check=741/1752)
synthetic_005606/posterior_std.pt
         232019 100%  139.33MB/s   00:00:00 (xfer#636, to-check=742/1752)
synthetic_005606/posterior_variance.pt
         232054 100%    3.91MB/s   00:00:00 (xfer#637, to-check=743/1752)
synthetic_005607/
synthetic_005607/composite_mean.pt
         232026 100%   12.88MB/s   00:00:00 (xfer#638, to-check=745/1752)
synthetic_005607/metadata.json
           1798 100%    4.97MB/s   00:00:00 (xfer#639, to-check=746/1752)
synthetic_005607/posterior_mean.pt
         232026 100%   35.14MB/s   00:00:00 (xfer#640, to-check=747/1752)
synthetic_005607/posterior_samples.pt
        2588672  10%    4.39MB/s   00:00:04        5963776  24%    6.43MB/s   00:00:02        8355840  34%    4.26MB/s   00:00:03       10059776  41%    3.15MB/s   00:00:04       12910592  52%    5.01MB/s   00:00:02       16646144  68%    7.11MB/s   00:00:01       20414464  83%    7.17MB/s   00:00:00       24657317 100%    5.63MB/s   00:00:04 (xfer#641, to-check=748/1752)
synthetic_005607/posterior_std.pt
         232019 100%   29.21MB/s   00:00:00 (xfer#642, to-check=749/1752)
synthetic_005607/posterior_variance.pt
         232054 100%    6.62MB/s   00:00:00 (xfer#643, to-check=750/1752)
synthetic_005608/
synthetic_005608/composite_mean.pt
         232026 100%   12.61MB/s   00:00:00 (xfer#644, to-check=752/1752)
synthetic_005608/metadata.json
           1799 100%    6.81MB/s   00:00:00 (xfer#645, to-check=753/1752)
synthetic_005608/posterior_mean.pt
         232026 100%   12.77MB/s   00:00:00 (xfer#646, to-check=754/1752)
synthetic_005608/posterior_samples.pt
        3211264  13%    5.30MB/s   00:00:03        5046272  20%    3.35MB/s   00:00:05        8060928  33%    5.62MB/s   00:00:02       10420224  42%    4.23MB/s   00:00:03       11730944  48%    2.37MB/s   00:00:05       13959168  57%    4.07MB/s   00:00:02       16318464  66%    4.00MB/s   00:00:01       18546688  75%    4.14MB/s   00:00:01       20905984  85%    4.48MB/s   00:00:00       24313856  99%    6.13MB/s   00:00:00       24657317 100%    4.37MB/s   00:00:05 (xfer#647, to-check=755/1752)
synthetic_005608/posterior_std.pt
         232019 100%  147.59MB/s   00:00:00 (xfer#648, to-check=756/1752)
synthetic_005608/posterior_variance.pt
         232054 100%    3.09MB/s   00:00:00 (xfer#649, to-check=757/1752)
synthetic_005609/
synthetic_005609/composite_mean.pt
         232026 100%   46.39MB/s   00:00:00 (xfer#650, to-check=759/1752)
synthetic_005609/metadata.json
           1798 100%    7.24MB/s   00:00:00 (xfer#651, to-check=760/1752)
synthetic_005609/posterior_mean.pt
         232026 100%    2.72MB/s   00:00:00 (xfer#652, to-check=761/1752)
synthetic_005609/posterior_samples.pt
        3506176  14%    6.45MB/s   00:00:03        6782976  28%    6.02MB/s   00:00:02       10846208  44%    7.75MB/s   00:00:01       13729792  56%    5.01MB/s   00:00:02       15794176  64%    3.26MB/s   00:00:02       17891328  73%    3.92MB/s   00:00:01       19726336  80%    3.16MB/s   00:00:01       22872064  93%    5.79MB/s   00:00:00       24657317 100%    5.09MB/s   00:00:04 (xfer#653, to-check=762/1752)
synthetic_005609/posterior_std.pt
         232019 100%  129.47MB/s   00:00:00 (xfer#654, to-check=763/1752)
synthetic_005609/posterior_variance.pt
         232054 100%    9.26MB/s   00:00:00 (xfer#655, to-check=764/1752)
synthetic_005610/
synthetic_005610/composite_mean.pt
         232026 100%    6.34MB/s   00:00:00 (xfer#656, to-check=766/1752)
synthetic_005610/metadata.json
           1799 100%    6.31MB/s   00:00:00 (xfer#657, to-check=767/1752)
synthetic_005610/posterior_mean.pt
         232026 100%    6.90MB/s   00:00:00 (xfer#658, to-check=768/1752)
synthetic_005610/posterior_samples.pt
        2621440  11%    4.82MB/s   00:00:04        5111808  21%    4.50MB/s   00:00:04        7864320  32%    4.92MB/s   00:00:03        9830400  40%    3.51MB/s   00:00:04       12222464  50%    4.56MB/s   00:00:02       15335424  62%    5.47MB/s   00:00:01       17694720  72%    4.38MB/s   00:00:01       20447232  83%    4.99MB/s   00:00:00       23855104  97%    6.28MB/s   00:00:00       24657317 100%    4.83MB/s   00:00:04 (xfer#659, to-check=769/1752)
synthetic_005610/posterior_std.pt
         232019 100%   18.51MB/s   00:00:00 (xfer#660, to-check=770/1752)
synthetic_005610/posterior_variance.pt
         232054 100%  139.79MB/s   00:00:00 (xfer#661, to-check=771/1752)
synthetic_005611/
synthetic_005611/composite_mean.pt
         232026 100%   12.91MB/s   00:00:00 (xfer#662, to-check=773/1752)
synthetic_005611/metadata.json
           1798 100%   16.20MB/s   00:00:00 (xfer#663, to-check=774/1752)
synthetic_005611/posterior_mean.pt
         232026 100%    3.88MB/s   00:00:00 (xfer#664, to-check=775/1752)
synthetic_005611/posterior_samples.pt
        3506176  14%    6.25MB/s   00:00:03        6914048  28%    6.39MB/s   00:00:02       10452992  42%    6.57MB/s   00:00:02       13860864  56%    6.13MB/s   00:00:01       16875520  68%    5.67MB/s   00:00:01       20152320  82%    6.24MB/s   00:00:00       23691264  96%    6.68MB/s   00:00:00       24657317 100%    6.26MB/s   00:00:03 (xfer#665, to-check=776/1752)
synthetic_005611/posterior_std.pt
         232019 100%  106.79MB/s   00:00:00 (xfer#666, to-check=777/1752)
synthetic_005611/posterior_variance.pt
         232054 100%    4.96MB/s   00:00:00 (xfer#667, to-check=778/1752)
synthetic_005612/
synthetic_005612/composite_mean.pt
         232026 100%    9.65MB/s   00:00:00 (xfer#668, to-check=780/1752)
synthetic_005612/metadata.json
           1799 100%   14.66MB/s   00:00:00 (xfer#669, to-check=781/1752)
synthetic_005612/posterior_mean.pt
         232026 100%   37.50MB/s   00:00:00 (xfer#670, to-check=782/1752)
synthetic_005612/posterior_samples.pt
        3407872  14%    6.47MB/s   00:00:03        6553600  27%    5.89MB/s   00:00:02       10223616  41%    6.49MB/s   00:00:02       14024704  57%    7.25MB/s   00:00:01       15499264  63%    2.48MB/s   00:00:03       17989632  73%    4.56MB/s   00:00:01       20480000  83%    4.61MB/s   00:00:00       23756800  96%    5.72MB/s   00:00:00       24657317 100%    5.37MB/s   00:00:04 (xfer#671, to-check=783/1752)
synthetic_005612/posterior_std.pt
         232019 100%   80.70MB/s   00:00:00 (xfer#672, to-check=784/1752)
synthetic_005612/posterior_variance.pt
         232054 100%  232.46MB/s   00:00:00 (xfer#673, to-check=785/1752)
synthetic_005613/
synthetic_005613/composite_mean.pt
         232026 100%    3.40MB/s   00:00:00 (xfer#674, to-check=787/1752)
synthetic_005613/metadata.json
           1799 100%   14.81MB/s   00:00:00 (xfer#675, to-check=788/1752)
synthetic_005613/posterior_mean.pt
         232026 100%   18.83MB/s   00:00:00 (xfer#676, to-check=789/1752)
synthetic_005613/posterior_samples.pt
        3178496  13%    5.75MB/s   00:00:03        6455296  26%    4.85MB/s   00:00:03       10223616  41%    6.45MB/s   00:00:02       14909440  60%    8.76MB/s   00:00:01       18317312  74%    6.46MB/s   00:00:00       22118400  90%    7.17MB/s   00:00:00       24657317 100%    6.42MB/s   00:00:03 (xfer#677, to-check=790/1752)
synthetic_005613/posterior_std.pt
         232019 100%  125.16MB/s   00:00:00 (xfer#678, to-check=791/1752)
synthetic_005613/posterior_variance.pt
         232054 100%    4.76MB/s   00:00:00 (xfer#679, to-check=792/1752)
synthetic_005614/
synthetic_005614/composite_mean.pt
         232026 100%    8.22MB/s   00:00:00 (xfer#680, to-check=794/1752)
synthetic_005614/metadata.json
           1799 100%   16.32MB/s   00:00:00 (xfer#681, to-check=795/1752)
synthetic_005614/posterior_mean.pt
         232026 100%   21.47MB/s   00:00:00 (xfer#682, to-check=796/1752)
synthetic_005614/posterior_samples.pt
        3211264  13%    6.01MB/s   00:00:03        6488064  26%    6.16MB/s   00:00:02       10027008  41%    5.80MB/s   00:00:02       14450688  59%    7.93MB/s   00:00:01       18120704  73%    6.61MB/s   00:00:00       21528576  87%    6.31MB/s   00:00:00       24657317 100%    6.45MB/s   00:00:03 (xfer#683, to-check=797/1752)
synthetic_005614/posterior_std.pt
         232019 100%  115.60MB/s   00:00:00 (xfer#684, to-check=798/1752)
synthetic_005614/posterior_variance.pt
         232054 100%  168.06MB/s   00:00:00 (xfer#685, to-check=799/1752)
synthetic_005615/
synthetic_005615/composite_mean.pt
         232026 100%  161.30MB/s   00:00:00 (xfer#686, to-check=801/1752)
synthetic_005615/metadata.json
           1798 100%   30.09MB/s   00:00:00 (xfer#687, to-check=802/1752)
synthetic_005615/posterior_mean.pt
         232026 100%    3.39MB/s   00:00:00 (xfer#688, to-check=803/1752)
synthetic_005615/posterior_samples.pt
        3866624  16%    6.85MB/s   00:00:02        7274496  30%    6.35MB/s   00:00:02       10289152  42%    5.70MB/s   00:00:02       13565952  55%    6.05MB/s   00:00:01       15794176  64%    4.10MB/s   00:00:02       18644992  76%    5.24MB/s   00:00:01       21921792  89%    5.78MB/s   00:00:00       24657317 100%    5.71MB/s   00:00:04 (xfer#689, to-check=804/1752)
synthetic_005615/posterior_std.pt
         232019 100%  111.92MB/s   00:00:00 (xfer#690, to-check=805/1752)
synthetic_005615/posterior_variance.pt
         232054 100%  244.52MB/s   00:00:00 (xfer#691, to-check=806/1752)
synthetic_005616/
synthetic_005616/composite_mean.pt
         232026 100%    3.67MB/s   00:00:00 (xfer#692, to-check=808/1752)
synthetic_005616/metadata.json
           1799 100%   18.45MB/s   00:00:00 (xfer#693, to-check=809/1752)
synthetic_005616/posterior_mean.pt
         232026 100%   22.64MB/s   00:00:00 (xfer#694, to-check=810/1752)
synthetic_005616/posterior_samples.pt
        3407872  14%    6.50MB/s   00:00:03        7602176  31%    7.70MB/s   00:00:02       12320768  50%    8.54MB/s   00:00:01       15204352  62%    5.15MB/s   00:00:01       19136512  78%    6.82MB/s   00:00:00       22413312  91%    6.23MB/s   00:00:00       24657317 100%    6.88MB/s   00:00:03 (xfer#695, to-check=811/1752)
synthetic_005616/posterior_std.pt
         232019 100%    7.23MB/s   00:00:00 (xfer#696, to-check=812/1752)
synthetic_005616/posterior_variance.pt
         232054 100%   17.70MB/s   00:00:00 (xfer#697, to-check=813/1752)
synthetic_005617/
synthetic_005617/composite_mean.pt
         232026 100%   51.22MB/s   00:00:00 (xfer#698, to-check=815/1752)
synthetic_005617/metadata.json
           1799 100%   21.42MB/s   00:00:00 (xfer#699, to-check=816/1752)
synthetic_005617/posterior_mean.pt
         232026 100%    4.04MB/s   00:00:00 (xfer#700, to-check=817/1752)
synthetic_005617/posterior_samples.pt
        3866624  16%    7.24MB/s   00:00:02        7929856  32%    7.43MB/s   00:00:02       10125312  41%    4.05MB/s   00:00:03       13664256  55%    6.49MB/s   00:00:01       16941056  69%    6.08MB/s   00:00:01       20086784  81%    5.88MB/s   00:00:00       22708224  92%    4.72MB/s   00:00:00       24657317 100%    5.88MB/s   00:00:04 (xfer#701, to-check=818/1752)
synthetic_005617/posterior_std.pt
         232019 100%   97.01MB/s   00:00:00 (xfer#702, to-check=819/1752)
synthetic_005617/posterior_variance.pt
         232054 100%  158.18MB/s   00:00:00 (xfer#703, to-check=820/1752)
synthetic_005618/
synthetic_005618/composite_mean.pt
         232026 100%    3.07MB/s   00:00:00 (xfer#704, to-check=822/1752)
synthetic_005618/metadata.json
           1798 100%   17.16MB/s   00:00:00 (xfer#705, to-check=823/1752)
synthetic_005618/posterior_mean.pt
         232026 100%   21.79MB/s   00:00:00 (xfer#706, to-check=824/1752)
synthetic_005618/posterior_samples.pt
        1572864   6%    2.93MB/s   00:00:07        3440640  14%    3.49MB/s   00:00:05        5931008  24%    4.70MB/s   00:00:03        8421376  34%    3.43MB/s   00:00:04       11567104  47%    5.86MB/s   00:00:02       14057472  57%    4.58MB/s   00:00:02       16678912  68%    4.65MB/s   00:00:01       19431424  79%    4.68MB/s   00:00:01       21266432  86%    3.30MB/s   00:00:00       23494656  95%    4.05MB/s   00:00:00       24657317 100%    4.03MB/s   00:00:05 (xfer#707, to-check=825/1752)
synthetic_005618/posterior_std.pt
         232019 100%  113.07MB/s   00:00:00 (xfer#708, to-check=826/1752)
synthetic_005618/posterior_variance.pt
         232054 100%  185.20MB/s   00:00:00 (xfer#709, to-check=827/1752)
synthetic_005619/
synthetic_005619/composite_mean.pt
         232026 100%  163.80MB/s   00:00:00 (xfer#710, to-check=829/1752)
synthetic_005619/metadata.json
           1799 100%   31.29MB/s   00:00:00 (xfer#711, to-check=830/1752)
synthetic_005619/posterior_mean.pt
         232026 100%   68.93MB/s   00:00:00 (xfer#712, to-check=831/1752)
synthetic_005619/posterior_samples.pt
        1507328   6%    1.95MB/s   00:00:11        5767168  23%    7.69MB/s   00:00:02        8519680  35%    5.25MB/s   00:00:02       11010048  45%    4.60MB/s   00:00:02       14024704  57%    5.40MB/s   00:00:01       16908288  69%    5.42MB/s   00:00:01       19660800  80%    5.22MB/s   00:00:00       22151168  90%    4.72MB/s   00:00:00       24641536 100%    4.58MB/s   00:00:00       24657317 100%    4.81MB/s   00:00:04 (xfer#713, to-check=832/1752)
synthetic_005619/posterior_std.pt
         232019 100%  118.45MB/s   00:00:00 (xfer#714, to-check=833/1752)
synthetic_005619/posterior_variance.pt
         232054 100%   15.72MB/s   00:00:00 (xfer#715, to-check=834/1752)
synthetic_005620/
synthetic_005620/composite_mean.pt
         232026 100%    3.41MB/s   00:00:00 (xfer#716, to-check=836/1752)
synthetic_005620/metadata.json
           1799 100%    8.54MB/s   00:00:00 (xfer#717, to-check=837/1752)
synthetic_005620/posterior_mean.pt
         232026 100%   12.52MB/s   00:00:00 (xfer#718, to-check=838/1752)
synthetic_005620/posterior_samples.pt
        2818048  11%    4.96MB/s   00:00:04        5832704  24%    5.35MB/s   00:00:03        9109504  37%    6.02MB/s   00:00:02       12648448  51%    6.52MB/s   00:00:01       16318464  66%    6.33MB/s   00:00:01       19988480  81%    6.73MB/s   00:00:00       24051712  98%    6.41MB/s   00:00:00       24657317 100%    5.99MB/s   00:00:03 (xfer#719, to-check=839/1752)
synthetic_005620/posterior_std.pt
         232019 100%   84.39MB/s   00:00:00 (xfer#720, to-check=840/1752)
synthetic_005620/posterior_variance.pt
         232054 100%    3.52MB/s   00:00:00 (xfer#721, to-check=841/1752)
synthetic_005621/
synthetic_005621/composite_mean.pt
         232026 100%    2.16MB/s   00:00:00 (xfer#722, to-check=843/1752)
synthetic_005621/metadata.json
           1797 100%    4.10MB/s   00:00:00 (xfer#723, to-check=844/1752)
synthetic_005621/posterior_mean.pt
         232026 100%    2.43MB/s   00:00:00 (xfer#724, to-check=845/1752)
synthetic_005621/posterior_samples.pt
        3047424  12%    5.62MB/s   00:00:03        6455296  26%    5.93MB/s   00:00:02        9994240  41%    6.75MB/s   00:00:02       13271040  54%    6.19MB/s   00:00:01       17727488  72%    8.27MB/s   00:00:00       21757952  88%    7.25MB/s   00:00:00       24657317 100%    6.57MB/s   00:00:03 (xfer#725, to-check=846/1752)
synthetic_005621/posterior_std.pt
         232019 100%    5.70MB/s   00:00:00 (xfer#726, to-check=847/1752)
synthetic_005621/posterior_variance.pt
         232054 100%  154.01MB/s   00:00:00 (xfer#727, to-check=848/1752)
synthetic_005622/
synthetic_005622/composite_mean.pt
         232026 100%    4.51MB/s   00:00:00 (xfer#728, to-check=850/1752)
synthetic_005622/metadata.json
           1799 100%   15.44MB/s   00:00:00 (xfer#729, to-check=851/1752)
synthetic_005622/posterior_mean.pt
         232026 100%    4.80MB/s   00:00:00 (xfer#730, to-check=852/1752)
synthetic_005622/posterior_samples.pt
        3014656  12%    5.32MB/s   00:00:03        6291456  26%    5.97MB/s   00:00:02        7995392  32%    3.03MB/s   00:00:05       10125312  41%    3.80MB/s   00:00:03       12484608  51%    4.12MB/s   00:00:02       15237120  62%    5.23MB/s   00:00:01       18120704  73%    4.91MB/s   00:00:01       20742144  84%    4.85MB/s   00:00:00       23494656  95%    4.70MB/s   00:00:00       24657317 100%    4.58MB/s   00:00:05 (xfer#731, to-check=853/1752)
synthetic_005622/posterior_std.pt
         232019 100%    4.54MB/s   00:00:00 (xfer#732, to-check=854/1752)
synthetic_005622/posterior_variance.pt
         232054 100%   14.02MB/s   00:00:00 (xfer#733, to-check=855/1752)
synthetic_005623/
synthetic_005623/composite_mean.pt
         232026 100%    1.33MB/s   00:00:00 (xfer#734, to-check=857/1752)
synthetic_005623/metadata.json
           1800 100%    4.26MB/s   00:00:00 (xfer#735, to-check=858/1752)
synthetic_005623/posterior_mean.pt
         232026 100%   25.85MB/s   00:00:00 (xfer#736, to-check=859/1752)
synthetic_005623/posterior_samples.pt
        2228224   9%    3.43MB/s   00:00:06        4325376  18%    3.55MB/s   00:00:05        6946816  28%    4.47MB/s   00:00:03        9437184  38%    4.61MB/s   00:00:03       12091392  49%    5.06MB/s   00:00:02       14548992  59%    4.20MB/s   00:00:02       17301504  70%    3.83MB/s   00:00:01       18874368  77%    2.93MB/s   00:00:01       21495808  87%    4.73MB/s   00:00:00       23986176  97%    4.72MB/s   00:00:00       24657317 100%    4.15MB/s   00:00:05 (xfer#737, to-check=860/1752)
synthetic_005623/posterior_std.pt
         232019 100%  139.41MB/s   00:00:00 (xfer#738, to-check=861/1752)
synthetic_005623/posterior_variance.pt
         232054 100%    4.70MB/s   00:00:00 (xfer#739, to-check=862/1752)
synthetic_005624/
synthetic_005624/composite_mean.pt
         232026 100%   30.32MB/s   00:00:00 (xfer#740, to-check=864/1752)
synthetic_005624/metadata.json
           1799 100%   27.26MB/s   00:00:00 (xfer#741, to-check=865/1752)
synthetic_005624/posterior_mean.pt
         232026 100%    8.05MB/s   00:00:00 (xfer#742, to-check=866/1752)
synthetic_005624/posterior_samples.pt
        3211264  13%    6.02MB/s   00:00:03        5832704  24%    4.61MB/s   00:00:03        9109504  37%    6.24MB/s   00:00:02       11862016  48%    5.21MB/s   00:00:02       15400960  62%    6.65MB/s   00:00:01       17235968  70%    3.01MB/s   00:00:02       18808832  76%    2.91MB/s   00:00:01       20512768  83%    3.23MB/s   00:00:01       21168128  86%    1.06MB/s   00:00:03       22511616  91%    2.46MB/s   00:00:00       24657317 100%    4.08MB/s   00:00:05 (xfer#743, to-check=867/1752)
synthetic_005624/posterior_std.pt
         232019 100%    9.86MB/s   00:00:00 (xfer#744, to-check=868/1752)
synthetic_005624/posterior_variance.pt
         232054 100%    1.81MB/s   00:00:00 (xfer#745, to-check=869/1752)
synthetic_005625/
synthetic_005625/composite_mean.pt
         232026 100%   36.35MB/s   00:00:00 (xfer#746, to-check=871/1752)
synthetic_005625/metadata.json
           1799 100%  158.47KB/s   00:00:00 (xfer#747, to-check=872/1752)
synthetic_005625/posterior_mean.pt
         232026 100%   33.44MB/s   00:00:00 (xfer#748, to-check=873/1752)
synthetic_005625/posterior_samples.pt
        1540096   6%    2.93MB/s   00:00:07        4980736  20%    6.56MB/s   00:00:02        8683520  35%    6.36MB/s   00:00:02       13139968  53%    8.14MB/s   00:00:01       17465344  71%    7.26MB/s   00:00:00       18513920  75%    1.96MB/s   00:00:02       20873216  85%    4.22MB/s   00:00:00       23625728  96%    5.06MB/s   00:00:00       24657317 100%    5.38MB/s   00:00:04 (xfer#749, to-check=874/1752)
synthetic_005625/posterior_std.pt
         232019 100%   12.41MB/s   00:00:00 (xfer#750, to-check=875/1752)
synthetic_005625/posterior_variance.pt
         232054 100%   14.23MB/s   00:00:00 (xfer#751, to-check=876/1752)
synthetic_005626/
synthetic_005626/composite_mean.pt
         232026 100%    5.47MB/s   00:00:00 (xfer#752, to-check=878/1752)
synthetic_005626/metadata.json
           1799 100%   14.31MB/s   00:00:00 (xfer#753, to-check=879/1752)
synthetic_005626/posterior_mean.pt
         232026 100%    4.64MB/s   00:00:00 (xfer#754, to-check=880/1752)
synthetic_005626/posterior_samples.pt
        4259840  17%    7.61MB/s   00:00:02        8323072  34%    7.62MB/s   00:00:02       12648448  51%    7.63MB/s   00:00:01       17104896  69%    8.34MB/s   00:00:00       20905984  85%    6.78MB/s   00:00:00       23920640  97%    5.15MB/s   00:00:00       24657317 100%    7.05MB/s   00:00:03 (xfer#755, to-check=881/1752)
synthetic_005626/posterior_std.pt
         232019 100%    4.21MB/s   00:00:00 (xfer#756, to-check=882/1752)
synthetic_005626/posterior_variance.pt
         232054 100%    2.94MB/s   00:00:00 (xfer#757, to-check=883/1752)
synthetic_005627/
synthetic_005627/composite_mean.pt
         232026 100%    6.85MB/s   00:00:00 (xfer#758, to-check=885/1752)
synthetic_005627/metadata.json
           1799 100%    9.07MB/s   00:00:00 (xfer#759, to-check=886/1752)
synthetic_005627/posterior_mean.pt
         232026 100%    3.23MB/s   00:00:00 (xfer#760, to-check=887/1752)
synthetic_005627/posterior_samples.pt
        2850816  12%    5.39MB/s   00:00:03        5996544  24%    5.87MB/s   00:00:03        9273344  38%    5.89MB/s   00:00:02       12910592  52%    6.94MB/s   00:00:01       15695872  64%    5.10MB/s   00:00:01       19496960  79%    6.84MB/s   00:00:00       22904832  93%    6.46MB/s   00:00:00       24657317 100%    6.12MB/s   00:00:03 (xfer#761, to-check=888/1752)
synthetic_005627/posterior_std.pt
         232019 100%  114.52MB/s   00:00:00 (xfer#762, to-check=889/1752)
synthetic_005627/posterior_variance.pt
         232054 100%   10.22MB/s   00:00:00 (xfer#763, to-check=890/1752)
synthetic_005628/
synthetic_005628/composite_mean.pt
         232026 100%    6.60MB/s   00:00:00 (xfer#764, to-check=892/1752)
synthetic_005628/metadata.json
           1800 100%   16.67MB/s   00:00:00 (xfer#765, to-check=893/1752)
synthetic_005628/posterior_mean.pt
         232026 100%    9.98MB/s   00:00:00 (xfer#766, to-check=894/1752)
synthetic_005628/posterior_samples.pt
        3670016  15%    6.96MB/s   00:00:02        7831552  32%    7.76MB/s   00:00:02       11239424  46%    5.87MB/s   00:00:02       14385152  58%    5.84MB/s   00:00:01       17530880  71%    5.89MB/s   00:00:01       21069824  85%    6.70MB/s   00:00:00       24346624  99%    5.72MB/s   00:00:00       24657317 100%    6.37MB/s   00:00:03 (xfer#767, to-check=895/1752)
synthetic_005628/posterior_std.pt
         232019 100%  165.14MB/s   00:00:00 (xfer#768, to-check=896/1752)
synthetic_005628/posterior_variance.pt
         232054 100%    2.73MB/s   00:00:00 (xfer#769, to-check=897/1752)
synthetic_005629/
synthetic_005629/composite_mean.pt
         232026 100%   72.17MB/s   00:00:00 (xfer#770, to-check=899/1752)
synthetic_005629/metadata.json
           1799 100%   25.16MB/s   00:00:00 (xfer#771, to-check=900/1752)
synthetic_005629/posterior_mean.pt
         232026 100%    3.35MB/s   00:00:00 (xfer#772, to-check=901/1752)
synthetic_005629/posterior_samples.pt
        3571712  14%    6.66MB/s   00:00:03        6979584  28%    6.14MB/s   00:00:02       10911744  44%    7.48MB/s   00:00:01       15597568  63%    8.71MB/s   00:00:00       18448384  75%    4.83MB/s   00:00:01       21200896  86%    5.24MB/s   00:00:00       24150016  98%    5.62MB/s   00:00:00       24657317 100%    6.30MB/s   00:00:03 (xfer#773, to-check=902/1752)
synthetic_005629/posterior_std.pt
         232019 100%   15.96MB/s   00:00:00 (xfer#774, to-check=903/1752)
synthetic_005629/posterior_variance.pt
         232054 100%   11.43MB/s   00:00:00 (xfer#775, to-check=904/1752)
synthetic_005630/
synthetic_005630/composite_mean.pt
         232026 100%    5.56MB/s   00:00:00 (xfer#776, to-check=906/1752)
synthetic_005630/metadata.json
           1800 100%   13.64MB/s   00:00:00 (xfer#777, to-check=907/1752)
synthetic_005630/posterior_mean.pt
         232026 100%   45.85MB/s   00:00:00 (xfer#778, to-check=908/1752)
synthetic_005630/posterior_samples.pt
        2883584  12%    5.21MB/s   00:00:03        5472256  22%    4.76MB/s   00:00:03        7962624  32%    4.73MB/s   00:00:03       10321920  42%    4.31MB/s   00:00:03       12943360  52%    4.83MB/s   00:00:02       16220160  66%    6.11MB/s   00:00:01       18972672  77%    5.23MB/s   00:00:01       22249472  90%    6.12MB/s   00:00:00       24657317 100%    5.16MB/s   00:00:04 (xfer#779, to-check=909/1752)
synthetic_005630/posterior_std.pt
         232019 100%  118.71MB/s   00:00:00 (xfer#780, to-check=910/1752)
synthetic_005630/posterior_variance.pt
         232054 100%    2.92MB/s   00:00:00 (xfer#781, to-check=911/1752)
synthetic_005631/
synthetic_005631/composite_mean.pt
         232026 100%    9.37MB/s   00:00:00 (xfer#782, to-check=913/1752)
synthetic_005631/metadata.json
           1799 100%   10.94MB/s   00:00:00 (xfer#783, to-check=914/1752)
synthetic_005631/posterior_mean.pt
         232026 100%    3.67MB/s   00:00:00 (xfer#784, to-check=915/1752)
synthetic_005631/posterior_samples.pt
        2555904  10%    4.65MB/s   00:00:04        4915200  20%    4.41MB/s   00:00:04        6881280  28%    3.62MB/s   00:00:04        8978432  36%    3.78MB/s   00:00:03       11272192  46%    4.37MB/s   00:00:02       13828096  56%    4.36MB/s   00:00:02       16056320  65%    3.93MB/s   00:00:02       18284544  74%    4.17MB/s   00:00:01       20774912  84%    3.61MB/s   00:00:01       22740992  92%    3.59MB/s   00:00:00       24576000 100%    3.34MB/s   00:00:00       24657317 100%    3.96MB/s   00:00:05 (xfer#785, to-check=916/1752)
synthetic_005631/posterior_std.pt
         232019 100%  128.21MB/s   00:00:00 (xfer#786, to-check=917/1752)
synthetic_005631/posterior_variance.pt
         232054 100%    2.71MB/s   00:00:00 (xfer#787, to-check=918/1752)
synthetic_005632/
synthetic_005632/composite_mean.pt
         232026 100%   10.26MB/s   00:00:00 (xfer#788, to-check=920/1752)
synthetic_005632/metadata.json
           1799 100%    9.97MB/s   00:00:00 (xfer#789, to-check=921/1752)
synthetic_005632/posterior_mean.pt
         232026 100%    2.28MB/s   00:00:00 (xfer#790, to-check=922/1752)
synthetic_005632/posterior_samples.pt
        2523136  10%    4.56MB/s   00:00:04        5144576  21%    4.84MB/s   00:00:03        7503872  30%    4.38MB/s   00:00:03       10518528  43%    5.28MB/s   00:00:02       13402112  54%    4.45MB/s   00:00:02       17727488  72%    7.75MB/s   00:00:00       20873216  85%    5.19MB/s   00:00:00       24657317 100%    5.39MB/s   00:00:04 (xfer#791, to-check=923/1752)
synthetic_005632/posterior_std.pt
         232019 100%    1.59MB/s   00:00:00 (xfer#792, to-check=924/1752)
synthetic_005632/posterior_variance.pt
         232054 100%   90.29MB/s   00:00:00 (xfer#793, to-check=925/1752)
synthetic_005633/
synthetic_005633/composite_mean.pt
         232026 100%  117.96MB/s   00:00:00 (xfer#794, to-check=927/1752)
synthetic_005633/metadata.json
           1797 100%   14.76MB/s   00:00:00 (xfer#795, to-check=928/1752)
synthetic_005633/posterior_mean.pt
         232026 100%  173.70MB/s   00:00:00 (xfer#796, to-check=929/1752)
synthetic_005633/posterior_samples.pt
        5013504  20%    9.21MB/s   00:00:02        9076736  37%    7.41MB/s   00:00:02       13795328  56%    8.93MB/s   00:00:01       18513920  75%    8.02MB/s   00:00:00       22839296  93%    7.76MB/s   00:00:00       24657317 100%    8.64MB/s   00:00:02 (xfer#797, to-check=930/1752)
synthetic_005633/posterior_std.pt
         232019 100%   76.09MB/s   00:00:00 (xfer#798, to-check=931/1752)
synthetic_005633/posterior_variance.pt
         232054 100%    3.14MB/s   00:00:00 (xfer#799, to-check=932/1752)
synthetic_005634/
synthetic_005634/composite_mean.pt
         232026 100%   29.27MB/s   00:00:00 (xfer#800, to-check=934/1752)
synthetic_005634/metadata.json
           1796 100%   17.48MB/s   00:00:00 (xfer#801, to-check=935/1752)
synthetic_005634/posterior_mean.pt
         232026 100%   20.73MB/s   00:00:00 (xfer#802, to-check=936/1752)
synthetic_005634/posterior_samples.pt
        6029312  24%   11.43MB/s   00:00:01       12189696  49%   11.74MB/s   00:00:01       19234816  78%   13.27MB/s   00:00:00       24657317 100%   12.03MB/s   00:00:01 (xfer#803, to-check=937/1752)
synthetic_005634/posterior_std.pt
         232019 100%    1.73MB/s   00:00:00 (xfer#804, to-check=938/1752)
synthetic_005634/posterior_variance.pt
         232054 100%   64.37MB/s   00:00:00 (xfer#805, to-check=939/1752)
synthetic_005635/
synthetic_005635/composite_mean.pt
         232026 100%  104.67MB/s   00:00:00 (xfer#806, to-check=941/1752)
synthetic_005635/metadata.json
           1797 100%    8.83MB/s   00:00:00 (xfer#807, to-check=942/1752)
synthetic_005635/posterior_mean.pt
         232026 100%  103.35MB/s   00:00:00 (xfer#808, to-check=943/1752)
synthetic_005635/posterior_samples.pt
        6782976  28%   11.77MB/s   00:00:01       14090240  57%   11.24MB/s   00:00:00       16220160  66%    3.42MB/s   00:00:02       19038208  77%    5.22MB/s   00:00:01       24657317 100%    8.65MB/s   00:00:02 (xfer#809, to-check=944/1752)
synthetic_005635/posterior_std.pt
         232019 100%   75.65MB/s   00:00:00 (xfer#810, to-check=945/1752)
synthetic_005635/posterior_variance.pt
         232054 100%  175.80MB/s   00:00:00 (xfer#811, to-check=946/1752)
synthetic_005636/
synthetic_005636/composite_mean.pt
         232026 100%   11.57MB/s   00:00:00 (xfer#812, to-check=948/1752)
synthetic_005636/metadata.json
           1794 100%   18.59MB/s   00:00:00 (xfer#813, to-check=949/1752)
synthetic_005636/posterior_mean.pt
         232026 100%   17.09MB/s   00:00:00 (xfer#814, to-check=950/1752)
synthetic_005636/posterior_samples.pt
        2293760   9%    4.35MB/s   00:00:04        6356992  26%    7.41MB/s   00:00:02       11862016  48%   10.26MB/s   00:00:01       17235968  70%   10.24MB/s   00:00:00       24444928  99%   13.71MB/s   00:00:00       24657317 100%    9.13MB/s   00:00:02 (xfer#815, to-check=951/1752)
synthetic_005636/posterior_std.pt
         232019 100%  155.85MB/s   00:00:00 (xfer#816, to-check=952/1752)
synthetic_005636/posterior_variance.pt
         232054 100%   35.12MB/s   00:00:00 (xfer#817, to-check=953/1752)
synthetic_005637/
synthetic_005637/composite_mean.pt
         232026 100%   52.84MB/s   00:00:00 (xfer#818, to-check=955/1752)
synthetic_005637/metadata.json
           1796 100%   30.57MB/s   00:00:00 (xfer#819, to-check=956/1752)
synthetic_005637/posterior_mean.pt
         232026 100%   11.01MB/s   00:00:00 (xfer#820, to-check=957/1752)
synthetic_005637/posterior_samples.pt
        6979584  28%   12.21MB/s   00:00:01       14057472  57%   13.32MB/s   00:00:00       20873216  85%   12.54MB/s   00:00:00       24657317 100%   11.37MB/s   00:00:02 (xfer#821, to-check=958/1752)
synthetic_005637/posterior_std.pt
         232019 100%  105.82MB/s   00:00:00 (xfer#822, to-check=959/1752)
synthetic_005637/posterior_variance.pt
         232054 100%  137.11MB/s   00:00:00 (xfer#823, to-check=960/1752)
synthetic_005638/
synthetic_005638/composite_mean.pt
         232026 100%  176.71MB/s   00:00:00 (xfer#824, to-check=962/1752)
synthetic_005638/metadata.json
           1796 100%   31.10MB/s   00:00:00 (xfer#825, to-check=963/1752)
synthetic_005638/posterior_mean.pt
         232026 100%  172.06MB/s   00:00:00 (xfer#826, to-check=964/1752)
synthetic_005638/posterior_samples.pt
        3899392  16%    7.00MB/s   00:00:02       11468800  47%   14.27MB/s   00:00:00       16318464  66%    8.87MB/s   00:00:00       21692416  88%    9.59MB/s   00:00:00       24657317 100%    9.46MB/s   00:00:02 (xfer#827, to-check=965/1752)
synthetic_005638/posterior_std.pt
         232019 100%  113.18MB/s   00:00:00 (xfer#828, to-check=966/1752)
synthetic_005638/posterior_variance.pt
         232054 100%  154.52MB/s   00:00:00 (xfer#829, to-check=967/1752)
synthetic_005639/
synthetic_005639/composite_mean.pt
         232026 100%  186.10MB/s   00:00:00 (xfer#830, to-check=969/1752)
synthetic_005639/metadata.json
           1797 100%   33.59MB/s   00:00:00 (xfer#831, to-check=970/1752)
synthetic_005639/posterior_mean.pt
         232026 100%  183.35MB/s   00:00:00 (xfer#832, to-check=971/1752)
synthetic_005639/posterior_samples.pt
        4325376  18%    8.18MB/s   00:00:02       12058624  49%   14.09MB/s   00:00:00       18219008  74%   11.10MB/s   00:00:00       22511616  91%    7.86MB/s   00:00:00       24657317 100%   10.28MB/s   00:00:02 (xfer#833, to-check=972/1752)
synthetic_005639/posterior_std.pt
         232019 100%  120.65MB/s   00:00:00 (xfer#834, to-check=973/1752)
synthetic_005639/posterior_variance.pt
         232054 100%  224.91MB/s   00:00:00 (xfer#835, to-check=974/1752)
synthetic_005640/
synthetic_005640/composite_mean.pt
         232026 100%  172.19MB/s   00:00:00 (xfer#836, to-check=976/1752)
synthetic_005640/metadata.json
           1797 100%   21.39MB/s   00:00:00 (xfer#837, to-check=977/1752)
synthetic_005640/posterior_mean.pt
         232026 100%    4.33MB/s   00:00:00 (xfer#838, to-check=978/1752)
synthetic_005640/posterior_samples.pt
        4784128  19%    8.83MB/s   00:00:02        8978432  36%    6.79MB/s   00:00:02       14352384  58%   10.10MB/s   00:00:00       22347776  91%   14.61MB/s   00:00:00       24657317 100%   10.02MB/s   00:00:02 (xfer#839, to-check=979/1752)
synthetic_005640/posterior_std.pt
         232019 100%   81.52MB/s   00:00:00 (xfer#840, to-check=980/1752)
synthetic_005640/posterior_variance.pt
         232054 100%  203.20MB/s   00:00:00 (xfer#841, to-check=981/1752)
synthetic_005641/
synthetic_005641/composite_mean.pt
         232026 100%   64.42MB/s   00:00:00 (xfer#842, to-check=983/1752)
synthetic_005641/metadata.json
           1798 100%   24.89MB/s   00:00:00 (xfer#843, to-check=984/1752)
synthetic_005641/posterior_mean.pt
         232026 100%   13.79MB/s   00:00:00 (xfer#844, to-check=985/1752)
synthetic_005641/posterior_samples.pt
        6586368  27%   12.54MB/s   00:00:01        8650752  35%    3.14MB/s   00:00:04       13205504  54%    8.31MB/s   00:00:01       18972672  77%   10.42MB/s   00:00:00       23822336  97%    8.23MB/s   00:00:00       24657317 100%    8.45MB/s   00:00:02 (xfer#845, to-check=986/1752)
synthetic_005641/posterior_std.pt
         232019 100%    1.62MB/s   00:00:00 (xfer#846, to-check=987/1752)
synthetic_005641/posterior_variance.pt
         232054 100%   89.56MB/s   00:00:00 (xfer#847, to-check=988/1752)
synthetic_005642/
synthetic_005642/composite_mean.pt
         232026 100%  124.24MB/s   00:00:00 (xfer#848, to-check=990/1752)
synthetic_005642/metadata.json
           1798 100%   12.15MB/s   00:00:00 (xfer#849, to-check=991/1752)
synthetic_005642/posterior_mean.pt
         232026 100%  104.08MB/s   00:00:00 (xfer#850, to-check=992/1752)
synthetic_005642/posterior_samples.pt
        4489216  18%    8.01MB/s   00:00:02        9469952  38%    8.96MB/s   00:00:01       14188544  58%    8.71MB/s   00:00:01       18776064  76%    8.72MB/s   00:00:00       24510464  99%   10.71MB/s   00:00:00       24657317 100%    8.91MB/s   00:00:02 (xfer#851, to-check=993/1752)
synthetic_005642/posterior_std.pt
         232019 100%  151.77MB/s   00:00:00 (xfer#852, to-check=994/1752)
synthetic_005642/posterior_variance.pt
         232054 100%  192.78MB/s   00:00:00 (xfer#853, to-check=995/1752)
synthetic_005643/
synthetic_005643/composite_mean.pt
         232026 100%  164.03MB/s   00:00:00 (xfer#854, to-check=997/1752)
synthetic_005643/metadata.json
           1797 100%   26.43MB/s   00:00:00 (xfer#855, to-check=998/1752)
synthetic_005643/posterior_mean.pt
         232026 100%   55.72MB/s   00:00:00 (xfer#856, to-check=999/1752)
synthetic_005643/posterior_samples.pt
        4947968  20%    9.13MB/s   00:00:02        8683520  35%    5.65MB/s   00:00:02       12746752  52%    7.55MB/s   00:00:01       17727488  72%    9.17MB/s   00:00:00       21790720  88%    7.61MB/s   00:00:00       24657317 100%    7.80MB/s   00:00:03 (xfer#857, to-check=1000/1752)
synthetic_005643/posterior_std.pt
         232019 100%    8.31MB/s   00:00:00 (xfer#858, to-check=1001/1752)
synthetic_005643/posterior_variance.pt
         232054 100%   18.08MB/s   00:00:00 (xfer#859, to-check=1002/1752)
synthetic_005644/
synthetic_005644/composite_mean.pt
         232026 100%   12.45MB/s   00:00:00 (xfer#860, to-check=1004/1752)
synthetic_005644/metadata.json
           1799 100%   17.01MB/s   00:00:00 (xfer#861, to-check=1005/1752)
synthetic_005644/posterior_mean.pt
         232026 100%   37.82MB/s   00:00:00 (xfer#862, to-check=1006/1752)
synthetic_005644/posterior_samples.pt
        5013504  20%    9.25MB/s   00:00:02        9732096  39%    8.03MB/s   00:00:01       13467648  55%    7.08MB/s   00:00:01       17006592  69%    6.72MB/s   00:00:01       20152320  82%    5.85MB/s   00:00:00       24657317 100%    7.55MB/s   00:00:03 (xfer#863, to-check=1007/1752)
synthetic_005644/posterior_std.pt
         232019 100%   15.03MB/s   00:00:00 (xfer#864, to-check=1008/1752)
synthetic_005644/posterior_variance.pt
         232054 100%    7.72MB/s   00:00:00 (xfer#865, to-check=1009/1752)
synthetic_005645/
synthetic_005645/composite_mean.pt
         232026 100%   24.18MB/s   00:00:00 (xfer#866, to-check=1011/1752)
synthetic_005645/metadata.json
           1798 100%   24.13MB/s   00:00:00 (xfer#867, to-check=1012/1752)
synthetic_005645/posterior_mean.pt
         232026 100%   11.14MB/s   00:00:00 (xfer#868, to-check=1013/1752)
synthetic_005645/posterior_samples.pt
        4423680  18%    8.13MB/s   00:00:02        9404416  38%    9.08MB/s   00:00:01       14516224  59%    9.70MB/s   00:00:00       20021248  81%   10.38MB/s   00:00:00       24346624  99%    8.10MB/s   00:00:00       24657317 100%    8.85MB/s   00:00:02 (xfer#869, to-check=1014/1752)
synthetic_005645/posterior_std.pt
         232019 100%  117.45MB/s   00:00:00 (xfer#870, to-check=1015/1752)
synthetic_005645/posterior_variance.pt
         232054 100%  207.19MB/s   00:00:00 (xfer#871, to-check=1016/1752)
synthetic_005646/
synthetic_005646/composite_mean.pt
         232026 100%   12.95MB/s   00:00:00 (xfer#872, to-check=1018/1752)
synthetic_005646/metadata.json
           1798 100%   25.96MB/s   00:00:00 (xfer#873, to-check=1019/1752)
synthetic_005646/posterior_mean.pt
         232026 100%   12.55MB/s   00:00:00 (xfer#874, to-check=1020/1752)
synthetic_005646/posterior_samples.pt
        4489216  18%    6.68MB/s   00:00:02        7241728  29%    5.21MB/s   00:00:03        9601024  39%    4.50MB/s   00:00:03       11829248  48%    4.23MB/s   00:00:02       13795328  56%    3.65MB/s   00:00:02       16416768  67%    4.97MB/s   00:00:01       18644992  76%    3.97MB/s   00:00:01       22052864  89%    6.41MB/s   00:00:00       24657317 100%    5.01MB/s   00:00:04 (xfer#875, to-check=1021/1752)
synthetic_005646/posterior_std.pt
         232019 100%   48.33MB/s   00:00:00 (xfer#876, to-check=1022/1752)
synthetic_005646/posterior_variance.pt
         232054 100%   38.11MB/s   00:00:00 (xfer#877, to-check=1023/1752)
synthetic_005647/
synthetic_005647/composite_mean.pt
         232026 100%    4.14MB/s   00:00:00 (xfer#878, to-check=1025/1752)
synthetic_005647/metadata.json
           1798 100%   16.31MB/s   00:00:00 (xfer#879, to-check=1026/1752)
synthetic_005647/posterior_mean.pt
         232026 100%    5.45MB/s   00:00:00 (xfer#880, to-check=1027/1752)
synthetic_005647/posterior_samples.pt
        3637248  15%    6.14MB/s   00:00:03        6520832  26%    5.44MB/s   00:00:03        9666560  39%    5.82MB/s   00:00:02       13467648  55%    7.00MB/s   00:00:01       15958016  65%    4.56MB/s   00:00:01       18710528  76%    4.47MB/s   00:00:01       21331968  87%    4.39MB/s   00:00:00       23429120  95%    3.97MB/s   00:00:00       24657317 100%    5.16MB/s   00:00:04 (xfer#881, to-check=1028/1752)
synthetic_005647/posterior_std.pt
         232019 100%  111.70MB/s   00:00:00 (xfer#882, to-check=1029/1752)
synthetic_005647/posterior_variance.pt
         232054 100%    4.18MB/s   00:00:00 (xfer#883, to-check=1030/1752)
synthetic_005648/
synthetic_005648/composite_mean.pt
         232026 100%   28.97MB/s   00:00:00 (xfer#884, to-check=1032/1752)
synthetic_005648/metadata.json
           1798 100%   20.43MB/s   00:00:00 (xfer#885, to-check=1033/1752)
synthetic_005648/posterior_mean.pt
         232026 100%   51.05MB/s   00:00:00 (xfer#886, to-check=1034/1752)
synthetic_005648/posterior_samples.pt
        2555904  10%    4.87MB/s   00:00:04        5570560  23%    5.71MB/s   00:00:03        8585216  35%    5.74MB/s   00:00:02       11862016  48%    6.21MB/s   00:00:01       13303808  54%    2.59MB/s   00:00:04       15532032  63%    4.09MB/s   00:00:02       17760256  72%    4.19MB/s   00:00:01       19562496  79%    3.33MB/s   00:00:01       21397504  87%    3.48MB/s   00:00:00       23756800  96%    4.02MB/s   00:00:00       24150016  98%  459.57KB/s   00:00:01       24657317 100%    3.91MB/s   00:00:06 (xfer#887, to-check=1035/1752)
synthetic_005648/posterior_std.pt
         232019 100%  133.94MB/s   00:00:00 (xfer#888, to-check=1036/1752)
synthetic_005648/posterior_variance.pt
         232054 100%  129.12MB/s   00:00:00 (xfer#889, to-check=1037/1752)
synthetic_005649/
synthetic_005649/composite_mean.pt
         232026 100%    3.63MB/s   00:00:00 (xfer#890, to-check=1039/1752)
synthetic_005649/metadata.json
           1798 100%   16.05MB/s   00:00:00 (xfer#891, to-check=1040/1752)
synthetic_005649/posterior_mean.pt
         232026 100%  129.10MB/s   00:00:00 (xfer#892, to-check=1041/1752)
synthetic_005649/posterior_samples.pt
        2293760   9%    4.15MB/s   00:00:05        4784128  19%    4.62MB/s   00:00:04        7012352  28%    4.15MB/s   00:00:04        9371648  38%    4.19MB/s   00:00:03       11993088  49%    4.97MB/s   00:00:02       13303808  54%    2.44MB/s   00:00:04       15794176  64%    4.30MB/s   00:00:01       18284544  74%    4.29MB/s   00:00:01       20643840  84%    4.16MB/s   00:00:00       23134208  94%    4.45MB/s   00:00:00       24657317 100%    4.24MB/s   00:00:05 (xfer#893, to-check=1042/1752)
synthetic_005649/posterior_std.pt
         232019 100%  104.87MB/s   00:00:00 (xfer#894, to-check=1043/1752)
synthetic_005649/posterior_variance.pt
         232054 100%  177.75MB/s   00:00:00 (xfer#895, to-check=1044/1752)
synthetic_005650/
synthetic_005650/composite_mean.pt
         232026 100%   10.26MB/s   00:00:00 (xfer#896, to-check=1046/1752)
synthetic_005650/metadata.json
           1798 100%   17.67MB/s   00:00:00 (xfer#897, to-check=1047/1752)
synthetic_005650/posterior_mean.pt
         232026 100%    5.32MB/s   00:00:00 (xfer#898, to-check=1048/1752)
synthetic_005650/posterior_samples.pt
        3342336  14%    6.10MB/s   00:00:03        7143424  29%    7.18MB/s   00:00:02       10944512  44%    6.96MB/s   00:00:01       14745600  60%    6.60MB/s   00:00:01       18153472  74%    6.45MB/s   00:00:00       21299200  86%    5.76MB/s   00:00:00       24657317 100%    6.63MB/s   00:00:03 (xfer#899, to-check=1049/1752)
synthetic_005650/posterior_std.pt
         232019 100%   71.45MB/s   00:00:00 (xfer#900, to-check=1050/1752)
synthetic_005650/posterior_variance.pt
         232054 100%   19.63MB/s   00:00:00 (xfer#901, to-check=1051/1752)
synthetic_005651/
synthetic_005651/composite_mean.pt
         232026 100%    6.68MB/s   00:00:00 (xfer#902, to-check=1053/1752)
synthetic_005651/metadata.json
           1798 100%   19.70MB/s   00:00:00 (xfer#903, to-check=1054/1752)
synthetic_005651/posterior_mean.pt
         232026 100%    9.59MB/s   00:00:00 (xfer#904, to-check=1055/1752)
synthetic_005651/posterior_samples.pt
        4751360  19%    8.80MB/s   00:00:02        9863168  40%    9.67MB/s   00:00:01       13926400  56%    7.58MB/s   00:00:01       19824640  80%   11.17MB/s   00:00:00       24543232 100%    8.59MB/s   00:00:00       24657317 100%    8.99MB/s   00:00:02 (xfer#905, to-check=1056/1752)
synthetic_005651/posterior_std.pt
         232019 100%  114.30MB/s   00:00:00 (xfer#906, to-check=1057/1752)
synthetic_005651/posterior_variance.pt
         232054 100%  184.10MB/s   00:00:00 (xfer#907, to-check=1058/1752)
synthetic_005652/
synthetic_005652/composite_mean.pt
         232026 100%    5.09MB/s   00:00:00 (xfer#908, to-check=1060/1752)
synthetic_005652/metadata.json
           1799 100%   16.06MB/s   00:00:00 (xfer#909, to-check=1061/1752)
synthetic_005652/posterior_mean.pt
         232026 100%   12.64MB/s   00:00:00 (xfer#910, to-check=1062/1752)
synthetic_005652/posterior_samples.pt
        5373952  22%    9.54MB/s   00:00:01       10485760  43%    9.73MB/s   00:00:01       15466496  63%    9.01MB/s   00:00:00       20316160  82%    8.16MB/s   00:00:00       23199744  94%    5.30MB/s   00:00:00       24657317 100%    8.20MB/s   00:00:02 (xfer#911, to-check=1063/1752)
synthetic_005652/posterior_std.pt
         232019 100%  100.71MB/s   00:00:00 (xfer#912, to-check=1064/1752)
synthetic_005652/posterior_variance.pt
         232054 100%    4.12MB/s   00:00:00 (xfer#913, to-check=1065/1752)
synthetic_005653/
synthetic_005653/composite_mean.pt
         232026 100%   14.11MB/s   00:00:00 (xfer#914, to-check=1067/1752)
synthetic_005653/metadata.json
           1798 100%   12.17MB/s   00:00:00 (xfer#915, to-check=1068/1752)
synthetic_005653/posterior_mean.pt
         232026 100%   35.67MB/s   00:00:00 (xfer#916, to-check=1069/1752)
synthetic_005653/posterior_samples.pt
        4456448  18%    8.50MB/s   00:00:02        9961472  40%   10.38MB/s   00:00:01       14942208  61%    9.44MB/s   00:00:00       18874368  77%    6.60MB/s   00:00:00       23068672  94%    7.85MB/s   00:00:00       24657317 100%    8.58MB/s   00:00:02 (xfer#917, to-check=1070/1752)
synthetic_005653/posterior_std.pt
         232019 100%  115.78MB/s   00:00:00 (xfer#918, to-check=1071/1752)
synthetic_005653/posterior_variance.pt
         232054 100%  199.19MB/s   00:00:00 (xfer#919, to-check=1072/1752)
synthetic_005654/
synthetic_005654/composite_mean.pt
         232026 100%  161.05MB/s   00:00:00 (xfer#920, to-check=1074/1752)
synthetic_005654/metadata.json
           1797 100%   31.12MB/s   00:00:00 (xfer#921, to-check=1075/1752)
synthetic_005654/posterior_mean.pt
         232026 100%   11.39MB/s   00:00:00 (xfer#922, to-check=1076/1752)
synthetic_005654/posterior_samples.pt
        6553600  27%   12.46MB/s   00:00:01       12058624  49%    9.86MB/s   00:00:01       17563648  71%   10.13MB/s   00:00:00       22675456  92%    9.66MB/s   00:00:00       24657317 100%   10.46MB/s   00:00:02 (xfer#923, to-check=1077/1752)
synthetic_005654/posterior_std.pt
         232019 100%   37.00MB/s   00:00:00 (xfer#924, to-check=1078/1752)
synthetic_005654/posterior_variance.pt
         232054 100%   19.86MB/s   00:00:00 (xfer#925, to-check=1079/1752)
synthetic_005655/
synthetic_005655/composite_mean.pt
         232026 100%   11.66MB/s   00:00:00 (xfer#926, to-check=1081/1752)
synthetic_005655/metadata.json
           1797 100%   23.19MB/s   00:00:00 (xfer#927, to-check=1082/1752)
synthetic_005655/posterior_mean.pt
         232026 100%   10.25MB/s   00:00:00 (xfer#928, to-check=1083/1752)
synthetic_005655/posterior_samples.pt
        4587520  19%    8.31MB/s   00:00:02        8519680  35%    7.29MB/s   00:00:02       15204352  62%   12.56MB/s   00:00:00       22446080  91%   13.81MB/s   00:00:00       24657317 100%   10.15MB/s   00:00:02 (xfer#929, to-check=1084/1752)
synthetic_005655/posterior_std.pt
         232019 100%  106.79MB/s   00:00:00 (xfer#930, to-check=1085/1752)
synthetic_005655/posterior_variance.pt
         232054 100%  238.98MB/s   00:00:00 (xfer#931, to-check=1086/1752)
synthetic_005656/
synthetic_005656/composite_mean.pt
         232026 100%    3.72MB/s   00:00:00 (xfer#932, to-check=1088/1752)
synthetic_005656/metadata.json
           1797 100%   17.16MB/s   00:00:00 (xfer#933, to-check=1089/1752)
synthetic_005656/posterior_mean.pt
         232026 100%    2.63MB/s   00:00:00 (xfer#934, to-check=1090/1752)
synthetic_005656/posterior_samples.pt
        4096000  17%    7.78MB/s   00:00:02        8552448  35%    8.39MB/s   00:00:01       12877824  52%    8.19MB/s   00:00:01       17072128  69%    7.38MB/s   00:00:00       21266432  86%    7.88MB/s   00:00:00       24657317 100%    7.93MB/s   00:00:02 (xfer#935, to-check=1091/1752)
synthetic_005656/posterior_std.pt
         232019 100%   86.20MB/s   00:00:00 (xfer#936, to-check=1092/1752)
synthetic_005656/posterior_variance.pt
         232054 100%  170.50MB/s   00:00:00 (xfer#937, to-check=1093/1752)
synthetic_005657/
synthetic_005657/composite_mean.pt
         232026 100%  146.43MB/s   00:00:00 (xfer#938, to-check=1095/1752)
synthetic_005657/metadata.json
           1798 100%   29.12MB/s   00:00:00 (xfer#939, to-check=1096/1752)
synthetic_005657/posterior_mean.pt
         232026 100%   15.52MB/s   00:00:00 (xfer#940, to-check=1097/1752)
synthetic_005657/posterior_samples.pt
        5144576  21%    9.55MB/s   00:00:01       10649600  43%   10.44MB/s   00:00:01       15761408  64%    9.51MB/s   00:00:00       20742144  84%    9.39MB/s   00:00:00       23887872  97%    5.86MB/s   00:00:00       24657317 100%    8.98MB/s   00:00:02 (xfer#941, to-check=1098/1752)
synthetic_005657/posterior_std.pt
         232019 100%   10.55MB/s   00:00:00 (xfer#942, to-check=1099/1752)
synthetic_005657/posterior_variance.pt
         232054 100%   14.12MB/s   00:00:00 (xfer#943, to-check=1100/1752)
synthetic_005658/
synthetic_005658/composite_mean.pt
         232026 100%   10.03MB/s   00:00:00 (xfer#944, to-check=1102/1752)
synthetic_005658/metadata.json
           1797 100%   14.79MB/s   00:00:00 (xfer#945, to-check=1103/1752)
synthetic_005658/posterior_mean.pt
         232026 100%    9.28MB/s   00:00:00 (xfer#946, to-check=1104/1752)
synthetic_005658/posterior_samples.pt
        1507328   6%    2.70MB/s   00:00:08        2424832  10%    1.73MB/s   00:00:12        6356992  26%    7.35MB/s   00:00:02       10027008  41%    5.12MB/s   00:00:02       10911744  44%    1.69MB/s   00:00:07       11534336  47%  902.97KB/s   00:00:14       13107200  53%    1.50MB/s   00:00:07       13238272  54%  158.67KB/s   00:01:10       13369344  54%  244.88KB/s   00:00:45       14548992  59%    2.21MB/s   00:00:04       17563648  71%    5.03MB/s   00:00:01       18481152  75%    1.41MB/s   00:00:04       20217856  82%    2.70MB/s   00:00:01       21397504  87%    2.09MB/s   00:00:01       22052864  89%    1.02MB/s   00:00:02       22577152  92%  972.63KB/s   00:00:02       23658496  96%    1.80MB/s   00:00:00       24657317 100%    2.21MB/s   00:00:10 (xfer#947, to-check=1105/1752)
synthetic_005658/posterior_std.pt
         232019 100%   22.59MB/s   00:00:00 (xfer#948, to-check=1106/1752)
synthetic_005658/posterior_variance.pt
         232054 100%  676.02KB/s   00:00:00 (xfer#949, to-check=1107/1752)
synthetic_005659/
synthetic_005659/composite_mean.pt
          98304  42%  114.54KB/s   00:00:01         229376  99%  150.95KB/s   00:00:00         232026 100%  134.29KB/s   00:00:01 (xfer#950, to-check=1109/1752)
synthetic_005659/metadata.json
           1798 100%    4.57MB/s   00:00:00 (xfer#951, to-check=1110/1752)
synthetic_005659/posterior_mean.pt
         131072  56%  176.36KB/s   00:00:00         232026 100%  254.46KB/s   00:00:00 (xfer#952, to-check=1111/1752)
synthetic_005659/posterior_samples.pt
        2523136  10%    4.59MB/s   00:00:04        4358144  18%    3.34MB/s   00:00:05        5799936  24%    2.21MB/s   00:00:08        7503872  30%    2.07MB/s   00:00:07        9338880  38%    3.46MB/s   00:00:04       12091392  49%    5.08MB/s   00:00:02       14581760  59%    4.56MB/s   00:00:02       16547840  67%    2.96MB/s   00:00:02       17989632  73%    2.49MB/s   00:00:02       18907136  77%    1.19MB/s   00:00:04       19300352  78%  712.94KB/s   00:00:07       21135360  86%    3.22MB/s   00:00:01       22970368  93%    3.30MB/s   00:00:00       23887872  97%    1.34MB/s   00:00:00       24657317 100%    1.34MB/s   00:00:00       24657317 100%    2.68MB/s   00:00:08 (xfer#953, to-check=1112/1752)
synthetic_005659/posterior_std.pt
         232019 100%    2.74MB/s   00:00:00 (xfer#954, to-check=1113/1752)
synthetic_005659/posterior_variance.pt
         232054 100%    1.44MB/s   00:00:00 (xfer#955, to-check=1114/1752)
synthetic_005660/
synthetic_005660/composite_mean.pt
         232026 100%    1.97MB/s   00:00:00 (xfer#956, to-check=1116/1752)
synthetic_005660/metadata.json
           1797 100%    4.12MB/s   00:00:00 (xfer#957, to-check=1117/1752)
synthetic_005660/posterior_mean.pt
         232026 100%    2.50MB/s   00:00:00 (xfer#958, to-check=1118/1752)
synthetic_005660/posterior_samples.pt
        1179648   5%    1.20MB/s   00:00:18        2162688   9%    1.35MB/s   00:00:15        3604480  15%    2.67MB/s   00:00:07        5308416  22%    2.62MB/s   00:00:07        6094848  25%    1.20MB/s   00:00:14        6356992  26%  506.67KB/s   00:00:35        8224768  33%    2.75MB/s   00:00:05        9928704  40%    3.23MB/s   00:00:04       11796480  48%    3.52MB/s   00:00:03       13893632  56%    3.99MB/s   00:00:02       16515072  67%    4.14MB/s   00:00:01       19005440  77%    4.64MB/s   00:00:01       21364736  87%    4.03MB/s   00:00:00       23101440  94%    3.26MB/s   00:00:00       24657317 100%    2.72MB/s   00:00:08 (xfer#959, to-check=1119/1752)
synthetic_005660/posterior_std.pt
         232019 100%   41.28MB/s   00:00:00 (xfer#960, to-check=1120/1752)
synthetic_005660/posterior_variance.pt
         232054 100%    2.86MB/s   00:00:00 (xfer#961, to-check=1121/1752)
synthetic_005661/
synthetic_005661/composite_mean.pt
         232026 100%    1.85MB/s   00:00:00 (xfer#962, to-check=1123/1752)
synthetic_005661/metadata.json
           1799 100%    4.49MB/s   00:00:00 (xfer#963, to-check=1124/1752)
synthetic_005661/posterior_mean.pt
         232026 100%    3.67MB/s   00:00:00 (xfer#964, to-check=1125/1752)
synthetic_005661/posterior_samples.pt
        2228224   9%    3.79MB/s   00:00:05        3801088  15%    2.95MB/s   00:00:06        5505024  22%    3.22MB/s   00:00:05        7733248  31%    3.80MB/s   00:00:04        9175040  37%    2.61MB/s   00:00:05       10354688  42%    1.83MB/s   00:00:07       11796480  48%    2.37MB/s   00:00:05       12976128  53%    2.14MB/s   00:00:05       14155776  57%    2.12MB/s   00:00:04       15990784  65%    3.22MB/s   00:00:02       17432576  71%    2.73MB/s   00:00:02       19005440  77%    2.75MB/s   00:00:01       20840448  85%    3.35MB/s   00:00:01       22151168  90%    1.88MB/s   00:00:01       23592960  96%    2.48MB/s   00:00:00       24657317 100%    2.77MB/s   00:00:08 (xfer#965, to-check=1126/1752)
synthetic_005661/posterior_std.pt
         232019 100%    7.99MB/s   00:00:00 (xfer#966, to-check=1127/1752)
synthetic_005661/posterior_variance.pt
         232054 100%    3.62MB/s   00:00:00 (xfer#967, to-check=1128/1752)
synthetic_005662/
synthetic_005662/composite_mean.pt
         232026 100%  114.24MB/s   00:00:00 (xfer#968, to-check=1130/1752)
synthetic_005662/metadata.json
           1798 100%   19.44MB/s   00:00:00 (xfer#969, to-check=1131/1752)
synthetic_005662/posterior_mean.pt
         232026 100%    3.60MB/s   00:00:00 (xfer#970, to-check=1132/1752)
synthetic_005662/posterior_samples.pt
        2064384   8%    3.79MB/s   00:00:05        4980736  20%    5.55MB/s   00:00:03        6160384  25%    2.06MB/s   00:00:08        7995392  32%    2.84MB/s   00:00:05        9568256  39%    2.41MB/s   00:00:05       12582912  51%    5.15MB/s   00:00:02       15335424  62%    4.84MB/s   00:00:01       16515072  67%    1.57MB/s   00:00:04       18284544  74%    3.37MB/s   00:00:01       20709376  84%    4.36MB/s   00:00:00       24657317 100%    3.89MB/s   00:00:06 (xfer#971, to-check=1133/1752)
synthetic_005662/posterior_std.pt
         232019 100%  121.91MB/s   00:00:00 (xfer#972, to-check=1134/1752)
synthetic_005662/posterior_variance.pt
         232054 100%  129.87MB/s   00:00:00 (xfer#973, to-check=1135/1752)
synthetic_005663/
synthetic_005663/composite_mean.pt
         232026 100%   60.89MB/s   00:00:00 (xfer#974, to-check=1137/1752)
synthetic_005663/metadata.json
           1798 100%   27.66MB/s   00:00:00 (xfer#975, to-check=1138/1752)
synthetic_005663/posterior_mean.pt
         232026 100%   10.24MB/s   00:00:00 (xfer#976, to-check=1139/1752)
synthetic_005663/posterior_samples.pt
        5799936  24%   10.47MB/s   00:00:01       12746752  52%   12.64MB/s   00:00:00       18382848  75%   10.04MB/s   00:00:00       24543232 100%   11.49MB/s   00:00:00       24657317 100%   10.84MB/s   00:00:02 (xfer#977, to-check=1140/1752)
synthetic_005663/posterior_std.pt
         232019 100%  124.79MB/s   00:00:00 (xfer#978, to-check=1141/1752)
synthetic_005663/posterior_variance.pt
         232054 100%  133.88MB/s   00:00:00 (xfer#979, to-check=1142/1752)
synthetic_005664/
synthetic_005664/composite_mean.pt
         232026 100%  147.22MB/s   00:00:00 (xfer#980, to-check=1144/1752)
synthetic_005664/metadata.json
           1798 100%   22.90MB/s   00:00:00 (xfer#981, to-check=1145/1752)
synthetic_005664/posterior_mean.pt
         232026 100%  187.53MB/s   00:00:00 (xfer#982, to-check=1146/1752)
synthetic_005664/posterior_samples.pt
        6750208  27%   11.91MB/s   00:00:01       10977280  45%    7.96MB/s   00:00:01       18153472  74%   12.96MB/s   00:00:00       24657317 100%   11.42MB/s   00:00:02 (xfer#983, to-check=1147/1752)
synthetic_005664/posterior_std.pt
         232019 100%  134.27MB/s   00:00:00 (xfer#984, to-check=1148/1752)
synthetic_005664/posterior_variance.pt
         232054 100%  226.28MB/s   00:00:00 (xfer#985, to-check=1149/1752)
synthetic_005665/
synthetic_005665/composite_mean.pt
         232026 100%   66.09MB/s   00:00:00 (xfer#986, to-check=1151/1752)
synthetic_005665/metadata.json
           1797 100%   31.12MB/s   00:00:00 (xfer#987, to-check=1152/1752)
synthetic_005665/posterior_mean.pt
         232026 100%   12.80MB/s   00:00:00 (xfer#988, to-check=1153/1752)
synthetic_005665/posterior_samples.pt
        5963776  24%   10.99MB/s   00:00:01       12910592  52%   13.10MB/s   00:00:00       19988480  81%   13.42MB/s   00:00:00       24657317 100%   12.09MB/s   00:00:01 (xfer#989, to-check=1154/1752)
synthetic_005665/posterior_std.pt
         232019 100%   80.37MB/s   00:00:00 (xfer#990, to-check=1155/1752)
synthetic_005665/posterior_variance.pt
         232054 100%   79.63MB/s   00:00:00 (xfer#991, to-check=1156/1752)
synthetic_005666/
synthetic_005666/composite_mean.pt
         232026 100%   26.92MB/s   00:00:00 (xfer#992, to-check=1158/1752)
synthetic_005666/metadata.json
           1797 100%   11.98MB/s   00:00:00 (xfer#993, to-check=1159/1752)
synthetic_005666/posterior_mean.pt
         232026 100%   11.07MB/s   00:00:00 (xfer#994, to-check=1160/1752)
synthetic_005666/posterior_samples.pt
        4096000  17%    7.62MB/s   00:00:02        6127616  25%    3.64MB/s   00:00:04        9535488  39%    6.10MB/s   00:00:02       11075584  45%    2.72MB/s   00:00:04       11993088  49%    1.55MB/s   00:00:07       13041664  53%    1.74MB/s   00:00:06       13959168  57%    1.42MB/s   00:00:07       14876672  60%    1.48MB/s   00:00:06       15663104  64%    1.45MB/s   00:00:05       16711680  68%    1.76MB/s   00:00:04       17629184  71%    1.71MB/s   00:00:03       18677760  76%    1.92MB/s   00:00:02       19726336  80%    1.85MB/s   00:00:02       20774912  84%    1.92MB/s   00:00:01       22085632  90%    2.34MB/s   00:00:01       23396352  95%    2.23MB/s   00:00:00       24576000 100%    1.96MB/s   00:00:00       24657317 100%    2.51MB/s   00:00:09 (xfer#995, to-check=1161/1752)
synthetic_005666/posterior_std.pt
         232019 100%    3.06MB/s   00:00:00 (xfer#996, to-check=1162/1752)
synthetic_005666/posterior_variance.pt
         232054 100%    1.96MB/s   00:00:00 (xfer#997, to-check=1163/1752)
synthetic_005667/
synthetic_005667/composite_mean.pt
         232026 100%    1.71MB/s   00:00:00 (xfer#998, to-check=1165/1752)
synthetic_005667/metadata.json
           1796 100%    5.63MB/s   00:00:00 (xfer#999, to-check=1166/1752)
synthetic_005667/posterior_mean.pt
         232026 100%    1.57MB/s   00:00:00 (xfer#1000, to-check=1167/1752)
synthetic_005667/posterior_samples.pt
        1081344   4%    1.94MB/s   00:00:11        2097152   9%    1.80MB/s   00:00:11        3538944  14%    2.60MB/s   00:00:07        4849664  20%    2.29MB/s   00:00:08        6815744  28%    3.27MB/s   00:00:05        8912896  36%    3.75MB/s   00:00:04       11403264  46%    4.23MB/s   00:00:02       13500416  55%    3.93MB/s   00:00:02       17432576  71%    7.47MB/s   00:00:00       20447232  83%    5.75MB/s   00:00:00       24510464  99%    7.44MB/s   00:00:00       24657317 100%    4.00MB/s   00:00:05 (xfer#1001, to-check=1168/1752)
synthetic_005667/posterior_std.pt
         232019 100%   81.22MB/s   00:00:00 (xfer#1002, to-check=1169/1752)
synthetic_005667/posterior_variance.pt
         232054 100%    9.24MB/s   00:00:00 (xfer#1003, to-check=1170/1752)
synthetic_005668/
synthetic_005668/composite_mean.pt
         232026 100%    8.49MB/s   00:00:00 (xfer#1004, to-check=1172/1752)
synthetic_005668/metadata.json
           1798 100%   19.49MB/s   00:00:00 (xfer#1005, to-check=1173/1752)
synthetic_005668/posterior_mean.pt
         232026 100%  151.03MB/s   00:00:00 (xfer#1006, to-check=1174/1752)
synthetic_005668/posterior_samples.pt
        3145728  13%    5.96MB/s   00:00:03        7602176  31%    8.09MB/s   00:00:02       12713984  52%    9.20MB/s   00:00:01       18219008  74%   10.46MB/s   00:00:00       24657317 100%    9.14MB/s   00:00:02 (xfer#1007, to-check=1175/1752)
synthetic_005668/posterior_std.pt
         232019 100%   11.22MB/s   00:00:00 (xfer#1008, to-check=1176/1752)
synthetic_005668/posterior_variance.pt
         232054 100%   97.79MB/s   00:00:00 (xfer#1009, to-check=1177/1752)
synthetic_005669/
synthetic_005669/composite_mean.pt
         232026 100%    5.44MB/s   00:00:00 (xfer#1010, to-check=1179/1752)
synthetic_005669/metadata.json
           1797 100%   13.72MB/s   00:00:00 (xfer#1011, to-check=1180/1752)
synthetic_005669/posterior_mean.pt
         232026 100%  129.77MB/s   00:00:00 (xfer#1012, to-check=1181/1752)
synthetic_005669/posterior_samples.pt
        5177344  21%    9.06MB/s   00:00:02       11075584  45%   10.32MB/s   00:00:01       14843904  60%    7.16MB/s   00:00:01       21790720  88%   12.42MB/s   00:00:00       24657317 100%    9.88MB/s   00:00:02 (xfer#1013, to-check=1182/1752)
synthetic_005669/posterior_std.pt
         232019 100%  126.37MB/s   00:00:00 (xfer#1014, to-check=1183/1752)
synthetic_005669/posterior_variance.pt
         232054 100%  143.24MB/s   00:00:00 (xfer#1015, to-check=1184/1752)
synthetic_005670/
synthetic_005670/composite_mean.pt
         232026 100%  151.97MB/s   00:00:00 (xfer#1016, to-check=1186/1752)
synthetic_005670/metadata.json
           1798 100%   31.68MB/s   00:00:00 (xfer#1017, to-check=1187/1752)
synthetic_005670/posterior_mean.pt
         232026 100%   13.67MB/s   00:00:00 (xfer#1018, to-check=1188/1752)
synthetic_005670/posterior_samples.pt
        6455296  26%   11.98MB/s   00:00:01       14057472  57%   14.17MB/s   00:00:00       19202048  78%    9.33MB/s   00:00:00       22675456  92%    6.32MB/s   00:00:00       24657317 100%   10.08MB/s   00:00:02 (xfer#1019, to-check=1189/1752)
synthetic_005670/posterior_std.pt
         232019 100%  102.24MB/s   00:00:00 (xfer#1020, to-check=1190/1752)
synthetic_005670/posterior_variance.pt
         232054 100%  227.00MB/s   00:00:00 (xfer#1021, to-check=1191/1752)
synthetic_005671/
synthetic_005671/composite_mean.pt
         232026 100%    6.36MB/s   00:00:00 (xfer#1022, to-check=1193/1752)
synthetic_005671/metadata.json
           1798 100%   14.41MB/s   00:00:00 (xfer#1023, to-check=1194/1752)
synthetic_005671/posterior_mean.pt
         232026 100%    5.71MB/s   00:00:00 (xfer#1024, to-check=1195/1752)
synthetic_005671/posterior_samples.pt
        4423680  18%    8.10MB/s   00:00:02        7569408  31%    6.00MB/s   00:00:02       11501568  47%    7.48MB/s   00:00:01       15171584  62%    6.77MB/s   00:00:01       19496960  79%    8.05MB/s   00:00:00       21987328  89%    4.59MB/s   00:00:00       24657317 100%    6.61MB/s   00:00:03 (xfer#1025, to-check=1196/1752)
synthetic_005671/posterior_std.pt
         232019 100%   78.72MB/s   00:00:00 (xfer#1026, to-check=1197/1752)
synthetic_005671/posterior_variance.pt
         232054 100%    6.86MB/s   00:00:00 (xfer#1027, to-check=1198/1752)
synthetic_005672/
synthetic_005672/composite_mean.pt
         232026 100%   29.55MB/s   00:00:00 (xfer#1028, to-check=1200/1752)
synthetic_005672/metadata.json
           1798 100%  160.46KB/s   00:00:00 (xfer#1029, to-check=1201/1752)
synthetic_005672/posterior_mean.pt
         232026 100%    5.51MB/s   00:00:00 (xfer#1030, to-check=1202/1752)
synthetic_005672/posterior_samples.pt
        3538944  14%    6.37MB/s   00:00:03        7077888  29%    6.71MB/s   00:00:02       10485760  43%    6.45MB/s   00:00:02       14155776  57%    6.72MB/s   00:00:01       17301504  70%    5.70MB/s   00:00:01       21102592  86%    7.09MB/s   00:00:00       24641536 100%    6.32MB/s   00:00:00       24657317 100%    6.43MB/s   00:00:03 (xfer#1031, to-check=1203/1752)
synthetic_005672/posterior_std.pt
         232019 100%   94.24MB/s   00:00:00 (xfer#1032, to-check=1204/1752)
synthetic_005672/posterior_variance.pt
         232054 100%   10.17MB/s   00:00:00 (xfer#1033, to-check=1205/1752)
synthetic_005673/
synthetic_005673/composite_mean.pt
         232026 100%   12.96MB/s   00:00:00 (xfer#1034, to-check=1207/1752)
synthetic_005673/metadata.json
           1798 100%   30.60MB/s   00:00:00 (xfer#1035, to-check=1208/1752)
synthetic_005673/posterior_mean.pt
         232026 100%    3.90MB/s   00:00:00 (xfer#1036, to-check=1209/1752)
synthetic_005673/posterior_samples.pt
        3932160  16%    7.07MB/s   00:00:02        6291456  26%    4.07MB/s   00:00:04        9043968  37%    5.21MB/s   00:00:02       12320768  50%    6.18MB/s   00:00:01       16121856  65%    6.60MB/s   00:00:01       19660800  80%    6.28MB/s   00:00:00       22413312  91%    5.16MB/s   00:00:00       24657317 100%    5.80MB/s   00:00:04 (xfer#1037, to-check=1210/1752)
synthetic_005673/posterior_std.pt
         232019 100%   86.26MB/s   00:00:00 (xfer#1038, to-check=1211/1752)
synthetic_005673/posterior_variance.pt
         232054 100%   14.09MB/s   00:00:00 (xfer#1039, to-check=1212/1752)
synthetic_005674/
synthetic_005674/composite_mean.pt
         232026 100%    3.08MB/s   00:00:00 (xfer#1040, to-check=1214/1752)
synthetic_005674/metadata.json
           1797 100%   14.52MB/s   00:00:00 (xfer#1041, to-check=1215/1752)
synthetic_005674/posterior_mean.pt
         232026 100%   15.08MB/s   00:00:00 (xfer#1042, to-check=1216/1752)
synthetic_005674/posterior_samples.pt
        3866624  16%    7.01MB/s   00:00:02        7667712  31%    7.08MB/s   00:00:02       11862016  48%    7.85MB/s   00:00:01       15532032  63%    6.95MB/s   00:00:01       19333120  78%    6.86MB/s   00:00:00       21823488  89%    4.33MB/s   00:00:00       24657317 100%    6.50MB/s   00:00:03 (xfer#1043, to-check=1217/1752)
synthetic_005674/posterior_std.pt
         232019 100%   82.17MB/s   00:00:00 (xfer#1044, to-check=1218/1752)
synthetic_005674/posterior_variance.pt
         232054 100%    9.04MB/s   00:00:00 (xfer#1045, to-check=1219/1752)
synthetic_005675/
synthetic_005675/composite_mean.pt
         232026 100%   21.97MB/s   00:00:00 (xfer#1046, to-check=1221/1752)
synthetic_005675/metadata.json
           1797 100%   19.97MB/s   00:00:00 (xfer#1047, to-check=1222/1752)
synthetic_005675/posterior_mean.pt
         232026 100%    4.02MB/s   00:00:00 (xfer#1048, to-check=1223/1752)
synthetic_005675/posterior_samples.pt
        3538944  14%    6.20MB/s   00:00:03        6160384  25%    4.68MB/s   00:00:03        9699328  39%    6.63MB/s   00:00:02       12451840  50%    5.16MB/s   00:00:02       16121856  65%    6.73MB/s   00:00:01       20578304  83%    8.42MB/s   00:00:00       24117248  98%    6.55MB/s   00:00:00       24657317 100%    6.34MB/s   00:00:03 (xfer#1049, to-check=1224/1752)
synthetic_005675/posterior_std.pt
         232019 100%    9.94MB/s   00:00:00 (xfer#1050, to-check=1225/1752)
synthetic_005675/posterior_variance.pt
         232054 100%   24.28MB/s   00:00:00 (xfer#1051, to-check=1226/1752)
synthetic_005676/
synthetic_005676/composite_mean.pt
         232026 100%    4.61MB/s   00:00:00 (xfer#1052, to-check=1228/1752)
synthetic_005676/metadata.json
           1797 100%   10.45MB/s   00:00:00 (xfer#1053, to-check=1229/1752)
synthetic_005676/posterior_mean.pt
         232026 100%    7.83MB/s   00:00:00 (xfer#1054, to-check=1230/1752)
synthetic_005676/posterior_samples.pt
        3670016  15%    6.84MB/s   00:00:02        8126464  33%    8.13MB/s   00:00:01       10223616  41%    3.90MB/s   00:00:03       13107200  53%    5.13MB/s   00:00:02       17825792  72%    8.83MB/s   00:00:00       22020096  89%    7.92MB/s   00:00:00       24657317 100%    6.79MB/s   00:00:03 (xfer#1055, to-check=1231/1752)
synthetic_005676/posterior_std.pt
         232019 100%   16.81MB/s   00:00:00 (xfer#1056, to-check=1232/1752)
synthetic_005676/posterior_variance.pt
         232054 100%   20.96MB/s   00:00:00 (xfer#1057, to-check=1233/1752)
synthetic_005677/
synthetic_005677/composite_mean.pt
         232026 100%   24.37MB/s   00:00:00 (xfer#1058, to-check=1235/1752)
synthetic_005677/metadata.json
           1798 100%   21.47MB/s   00:00:00 (xfer#1059, to-check=1236/1752)
synthetic_005677/posterior_mean.pt
         232026 100%    2.87MB/s   00:00:00 (xfer#1060, to-check=1237/1752)
synthetic_005677/posterior_samples.pt
        4456448  18%    8.33MB/s   00:00:02        8781824  36%    8.24MB/s   00:00:01       12812288  52%    7.43MB/s   00:00:01       17137664  70%    8.01MB/s   00:00:00       20807680  84%    7.00MB/s   00:00:00       23691264  96%    5.40MB/s   00:00:00       24657317 100%    7.34MB/s   00:00:03 (xfer#1061, to-check=1238/1752)
synthetic_005677/posterior_std.pt
         232019 100%  115.07MB/s   00:00:00 (xfer#1062, to-check=1239/1752)
synthetic_005677/posterior_variance.pt
         232054 100%    3.71MB/s   00:00:00 (xfer#1063, to-check=1240/1752)
synthetic_005678/
synthetic_005678/composite_mean.pt
         232026 100%   32.92MB/s   00:00:00 (xfer#1064, to-check=1242/1752)
synthetic_005678/metadata.json
           1796 100%   18.23MB/s   00:00:00 (xfer#1065, to-check=1243/1752)
synthetic_005678/posterior_mean.pt
         232026 100%    4.93MB/s   00:00:00 (xfer#1066, to-check=1244/1752)
synthetic_005678/posterior_samples.pt
        2621440  11%    4.62MB/s   00:00:04        5898240  24%    5.84MB/s   00:00:03        9961472  40%    7.75MB/s   00:00:01       14286848  58%    8.13MB/s   00:00:01       20054016  81%   10.12MB/s   00:00:00       24657317 100%    7.68MB/s   00:00:03 (xfer#1067, to-check=1245/1752)
synthetic_005678/posterior_std.pt
         232019 100%  110.80MB/s   00:00:00 (xfer#1068, to-check=1246/1752)
synthetic_005678/posterior_variance.pt
         232054 100%   24.97MB/s   00:00:00 (xfer#1069, to-check=1247/1752)
synthetic_005679/
synthetic_005679/composite_mean.pt
         232026 100%   56.70MB/s   00:00:00 (xfer#1070, to-check=1249/1752)
synthetic_005679/metadata.json
           1798 100%   22.27MB/s   00:00:00 (xfer#1071, to-check=1250/1752)
synthetic_005679/posterior_mean.pt
         232026 100%    9.86MB/s   00:00:00 (xfer#1072, to-check=1251/1752)
synthetic_005679/posterior_samples.pt
        6520832  26%   12.23MB/s   00:00:01       12681216  51%   10.32MB/s   00:00:01       15532032  63%    5.30MB/s   00:00:01       19070976  77%    6.09MB/s   00:00:00       22740992  92%    6.81MB/s   00:00:00       24657317 100%    8.12MB/s   00:00:02 (xfer#1073, to-check=1252/1752)
synthetic_005679/posterior_std.pt
         232019 100%   85.47MB/s   00:00:00 (xfer#1074, to-check=1253/1752)
synthetic_005679/posterior_variance.pt
         232054 100%    7.89MB/s   00:00:00 (xfer#1075, to-check=1254/1752)
synthetic_005680/
synthetic_005680/composite_mean.pt
         232026 100%    9.36MB/s   00:00:00 (xfer#1076, to-check=1256/1752)
synthetic_005680/metadata.json
           1797 100%   15.16MB/s   00:00:00 (xfer#1077, to-check=1257/1752)
synthetic_005680/posterior_mean.pt
         232026 100%   27.29MB/s   00:00:00 (xfer#1078, to-check=1258/1752)
synthetic_005680/posterior_samples.pt
        4325376  18%    8.03MB/s   00:00:02        7208960  29%    5.42MB/s   00:00:03       11534336  47%    7.99MB/s   00:00:01       15859712  64%    8.10MB/s   00:00:01       20840448  85%    9.25MB/s   00:00:00       24657317 100%    7.90MB/s   00:00:02 (xfer#1079, to-check=1259/1752)
synthetic_005680/posterior_std.pt
         232019 100%  106.43MB/s   00:00:00 (xfer#1080, to-check=1260/1752)
synthetic_005680/posterior_variance.pt
         232054 100%  178.92MB/s   00:00:00 (xfer#1081, to-check=1261/1752)
synthetic_005681/
synthetic_005681/composite_mean.pt
         232026 100%   11.85MB/s   00:00:00 (xfer#1082, to-check=1263/1752)
synthetic_005681/metadata.json
           1797 100%   20.90MB/s   00:00:00 (xfer#1083, to-check=1264/1752)
synthetic_005681/posterior_mean.pt
         232026 100%    6.24MB/s   00:00:00 (xfer#1084, to-check=1265/1752)
synthetic_005681/posterior_samples.pt
        4521984  18%    7.64MB/s   00:00:02        8847360  36%    8.11MB/s   00:00:01       14123008  57%   10.06MB/s   00:00:00       20250624  82%   11.23MB/s   00:00:00       24657317 100%    9.35MB/s   00:00:02 (xfer#1085, to-check=1266/1752)
synthetic_005681/posterior_std.pt
         232019 100%   85.83MB/s   00:00:00 (xfer#1086, to-check=1267/1752)
synthetic_005681/posterior_variance.pt
         232054 100%  186.76MB/s   00:00:00 (xfer#1087, to-check=1268/1752)
synthetic_005682/
synthetic_005682/composite_mean.pt
         232026 100%   71.94MB/s   00:00:00 (xfer#1088, to-check=1270/1752)
synthetic_005682/metadata.json
           1798 100%   27.24MB/s   00:00:00 (xfer#1089, to-check=1271/1752)
synthetic_005682/posterior_mean.pt
         232026 100%   11.59MB/s   00:00:00 (xfer#1090, to-check=1272/1752)
synthetic_005682/posterior_samples.pt
        5668864  23%   10.52MB/s   00:00:01       11567104  47%   11.02MB/s   00:00:01       17596416  71%   11.22MB/s   00:00:00       23101440  94%   10.39MB/s   00:00:00       24657317 100%   10.55MB/s   00:00:02 (xfer#1091, to-check=1273/1752)
synthetic_005682/posterior_std.pt
         232019 100%    9.14MB/s   00:00:00 (xfer#1092, to-check=1274/1752)
synthetic_005682/posterior_variance.pt
         232054 100%   52.94MB/s   00:00:00 (xfer#1093, to-check=1275/1752)
synthetic_005683/
synthetic_005683/composite_mean.pt
         232026 100%   18.24MB/s   00:00:00 (xfer#1094, to-check=1277/1752)
synthetic_005683/metadata.json
           1797 100%   10.33MB/s   00:00:00 (xfer#1095, to-check=1278/1752)
synthetic_005683/posterior_mean.pt
         232026 100%   20.06MB/s   00:00:00 (xfer#1096, to-check=1279/1752)
synthetic_005683/posterior_samples.pt
        4980736  20%    9.45MB/s   00:00:01        8912896  36%    7.44MB/s   00:00:02       12713984  52%    6.78MB/s   00:00:01       17301504  70%    8.55MB/s   00:00:00       22544384  91%    9.95MB/s   00:00:00       24657317 100%    8.40MB/s   00:00:02 (xfer#1097, to-check=1280/1752)
synthetic_005683/posterior_std.pt
         232019 100%   84.56MB/s   00:00:00 (xfer#1098, to-check=1281/1752)
synthetic_005683/posterior_variance.pt
         232054 100%  186.91MB/s   00:00:00 (xfer#1099, to-check=1282/1752)
synthetic_005684/
synthetic_005684/composite_mean.pt
         232026 100%   45.98MB/s   00:00:00 (xfer#1100, to-check=1284/1752)
synthetic_005684/metadata.json
           1798 100%   19.76MB/s   00:00:00 (xfer#1101, to-check=1285/1752)
synthetic_005684/posterior_mean.pt
         232026 100%    7.17MB/s   00:00:00 (xfer#1102, to-check=1286/1752)
synthetic_005684/posterior_samples.pt
        4423680  18%    8.38MB/s   00:00:02       10321920  42%   10.74MB/s   00:00:01       15925248  65%   10.68MB/s   00:00:00       19759104  80%    7.24MB/s   00:00:00       24657317 100%    9.55MB/s   00:00:02 (xfer#1103, to-check=1287/1752)
synthetic_005684/posterior_std.pt
         232019 100%   89.98MB/s   00:00:00 (xfer#1104, to-check=1288/1752)
synthetic_005684/posterior_variance.pt
         232054 100%  202.62MB/s   00:00:00 (xfer#1105, to-check=1289/1752)
synthetic_005685/
synthetic_005685/composite_mean.pt
         232026 100%   29.57MB/s   00:00:00 (xfer#1106, to-check=1291/1752)
synthetic_005685/metadata.json
           1797 100%   24.53MB/s   00:00:00 (xfer#1107, to-check=1292/1752)
synthetic_005685/posterior_mean.pt
         232026 100%   13.73MB/s   00:00:00 (xfer#1108, to-check=1293/1752)
synthetic_005685/posterior_samples.pt
        5996544  24%   11.43MB/s   00:00:01       10354688  42%    7.55MB/s   00:00:01       15466496  63%    9.51MB/s   00:00:00       20185088  82%    8.85MB/s   00:00:00       23691264  96%    6.07MB/s   00:00:00       24657317 100%    8.09MB/s   00:00:02 (xfer#1109, to-check=1294/1752)
synthetic_005685/posterior_std.pt
         232019 100%    5.86MB/s   00:00:00 (xfer#1110, to-check=1295/1752)
synthetic_005685/posterior_variance.pt
         232054 100%    2.83MB/s   00:00:00 (xfer#1111, to-check=1296/1752)
synthetic_005686/
synthetic_005686/composite_mean.pt
         232026 100%   75.81MB/s   00:00:00 (xfer#1112, to-check=1298/1752)
synthetic_005686/metadata.json
           1798 100%   18.07MB/s   00:00:00 (xfer#1113, to-check=1299/1752)
synthetic_005686/posterior_mean.pt
         232026 100%    2.33MB/s   00:00:00 (xfer#1114, to-check=1300/1752)
synthetic_005686/posterior_samples.pt
        1998848   8%    3.43MB/s   00:00:06        4620288  19%    4.97MB/s   00:00:03        7503872  30%    5.37MB/s   00:00:03       11173888  45%    6.71MB/s   00:00:01       14319616  58%    5.65MB/s   00:00:01       16678912  68%    4.28MB/s   00:00:01       19169280  78%    4.56MB/s   00:00:01       21659648  88%    4.63MB/s   00:00:00       24657317 100%    5.54MB/s   00:00:00       24657317 100%    4.96MB/s   00:00:04 (xfer#1115, to-check=1301/1752)
synthetic_005686/posterior_std.pt
         232019 100%   12.75MB/s   00:00:00 (xfer#1116, to-check=1302/1752)
synthetic_005686/posterior_variance.pt
         232054 100%   61.51MB/s   00:00:00 (xfer#1117, to-check=1303/1752)
synthetic_005687/
synthetic_005687/composite_mean.pt
         232026 100%    3.57MB/s   00:00:00 (xfer#1118, to-check=1305/1752)
synthetic_005687/metadata.json
           1798 100%   12.80MB/s   00:00:00 (xfer#1119, to-check=1306/1752)
synthetic_005687/posterior_mean.pt
         232026 100%    5.66MB/s   00:00:00 (xfer#1120, to-check=1307/1752)
synthetic_005687/posterior_samples.pt
        2588672  10%    4.82MB/s   00:00:04        4423680  18%    3.20MB/s   00:00:06        7831552  32%    6.30MB/s   00:00:02       10715136  43%    5.46MB/s   00:00:02       13205504  54%    4.34MB/s   00:00:02       15302656  62%    3.30MB/s   00:00:02       18055168  73%    4.91MB/s   00:00:01       21069824  85%    4.77MB/s   00:00:00       23822336  97%    5.20MB/s   00:00:00       24657317 100%    4.66MB/s   00:00:05 (xfer#1121, to-check=1308/1752)
synthetic_005687/posterior_std.pt
         232019 100%  107.42MB/s   00:00:00 (xfer#1122, to-check=1309/1752)
synthetic_005687/posterior_variance.pt
         232054 100%    9.39MB/s   00:00:00 (xfer#1123, to-check=1310/1752)
synthetic_005688/
synthetic_005688/composite_mean.pt
         232026 100%   13.22MB/s   00:00:00 (xfer#1124, to-check=1312/1752)
synthetic_005688/metadata.json
           1798 100%   18.44MB/s   00:00:00 (xfer#1125, to-check=1313/1752)
synthetic_005688/posterior_mean.pt
         232026 100%    5.48MB/s   00:00:00 (xfer#1126, to-check=1314/1752)
synthetic_005688/posterior_samples.pt
        3178496  13%    5.98MB/s   00:00:03        6979584  28%    6.98MB/s   00:00:02        9338880  38%    4.41MB/s   00:00:03       11698176  47%    4.13MB/s   00:00:02       14843904  60%    5.92MB/s   00:00:01       19562496  79%    8.82MB/s   00:00:00       24657317 100%    6.54MB/s   00:00:03 (xfer#1127, to-check=1315/1752)
synthetic_005688/posterior_std.pt
         232019 100%  122.39MB/s   00:00:00 (xfer#1128, to-check=1316/1752)
synthetic_005688/posterior_variance.pt
         232054 100%  221.06MB/s   00:00:00 (xfer#1129, to-check=1317/1752)
synthetic_005689/
synthetic_005689/composite_mean.pt
         232026 100%   16.24MB/s   00:00:00 (xfer#1130, to-check=1319/1752)
synthetic_005689/metadata.json
           1799 100%   21.16MB/s   00:00:00 (xfer#1131, to-check=1320/1752)
synthetic_005689/posterior_mean.pt
         232026 100%   12.86MB/s   00:00:00 (xfer#1132, to-check=1321/1752)
synthetic_005689/posterior_samples.pt
        5865472  24%   10.80MB/s   00:00:01       12288000  50%   11.99MB/s   00:00:00       18841600  76%   12.37MB/s   00:00:00       24657317 100%   11.44MB/s   00:00:02 (xfer#1133, to-check=1322/1752)
synthetic_005689/posterior_std.pt
         232019 100%    8.26MB/s   00:00:00 (xfer#1134, to-check=1323/1752)
synthetic_005689/posterior_variance.pt
         232054 100%    3.76MB/s   00:00:00 (xfer#1135, to-check=1324/1752)
synthetic_005690/
synthetic_005690/composite_mean.pt
         232026 100%   45.65MB/s   00:00:00 (xfer#1136, to-check=1326/1752)
synthetic_005690/metadata.json
           1800 100%   29.03MB/s   00:00:00 (xfer#1137, to-check=1327/1752)
synthetic_005690/posterior_mean.pt
         232026 100%   22.73MB/s   00:00:00 (xfer#1138, to-check=1328/1752)
synthetic_005690/posterior_samples.pt
        2752512  11%    4.83MB/s   00:00:04        4325376  18%    2.63MB/s   00:00:07        5636096  23%    2.28MB/s   00:00:07        7471104  30%    3.33MB/s   00:00:04        9306112  38%    3.41MB/s   00:00:04       10747904  44%    2.54MB/s   00:00:05       12189696  49%    2.67MB/s   00:00:04       13500416  55%    2.45MB/s   00:00:04       14811136  60%    2.46MB/s   00:00:03       16252928  66%    2.49MB/s   00:00:03       17694720  72%    2.64MB/s   00:00:02       19267584  78%    2.99MB/s   00:00:01       20709376  84%    2.57MB/s   00:00:01       22675456  92%    3.49MB/s   00:00:00       24641536 100%    3.74MB/s   00:00:00       24657317 100%    2.95MB/s   00:00:07 (xfer#1139, to-check=1329/1752)
synthetic_005690/posterior_std.pt
         232019 100%    8.90MB/s   00:00:00 (xfer#1140, to-check=1330/1752)
synthetic_005690/posterior_variance.pt
         232054 100%    3.21MB/s   00:00:00 (xfer#1141, to-check=1331/1752)
synthetic_005691/
synthetic_005691/composite_mean.pt
         232026 100%    4.73MB/s   00:00:00 (xfer#1142, to-check=1333/1752)
synthetic_005691/metadata.json
           1798 100%    7.26MB/s   00:00:00 (xfer#1143, to-check=1334/1752)
synthetic_005691/posterior_mean.pt
         232026 100%    3.52MB/s   00:00:00 (xfer#1144, to-check=1335/1752)
synthetic_005691/posterior_samples.pt
        1540096   6%    2.77MB/s   00:00:07        2850816  12%    2.48MB/s   00:00:08        4423680  18%    2.94MB/s   00:00:06        6127616  25%    3.17MB/s   00:00:05        7766016  31%    2.75MB/s   00:00:05        9076736  37%    2.08MB/s   00:00:07       10518528  43%    2.38MB/s   00:00:05       11960320  49%    2.59MB/s   00:00:04       13664256  55%    3.24MB/s   00:00:03       15106048  61%    2.69MB/s   00:00:03       16678912  68%    2.97MB/s   00:00:02       18251776  74%    2.93MB/s   00:00:02       20086784  81%    3.33MB/s   00:00:01       22315008  91%    4.02MB/s   00:00:00       24281088  98%    3.74MB/s   00:00:00       24657317 100%    2.92MB/s   00:00:08 (xfer#1145, to-check=1336/1752)
synthetic_005691/posterior_std.pt
         232019 100%    4.84MB/s   00:00:00 (xfer#1146, to-check=1337/1752)
synthetic_005691/posterior_variance.pt
         232054 100%   12.35MB/s   00:00:00 (xfer#1147, to-check=1338/1752)
synthetic_005692/
synthetic_005692/composite_mean.pt
         232026 100%    2.05MB/s   00:00:00 (xfer#1148, to-check=1340/1752)
synthetic_005692/metadata.json
           1798 100%    4.46MB/s   00:00:00 (xfer#1149, to-check=1341/1752)
synthetic_005692/posterior_mean.pt
         232026 100%    3.14MB/s   00:00:00 (xfer#1150, to-check=1342/1752)
synthetic_005692/posterior_samples.pt
        1605632   7%    2.88MB/s   00:00:07        3440640  14%    3.42MB/s   00:00:05        5406720  22%    3.42MB/s   00:00:05        7241728  29%    3.36MB/s   00:00:04        8945664  36%    2.97MB/s   00:00:05       10518528  43%    2.93MB/s   00:00:04       12615680  51%    3.75MB/s   00:00:03       14843904  60%    4.07MB/s   00:00:02       17203200  70%    3.99MB/s   00:00:01       18317312  74%    2.10MB/s   00:00:02       19496960  79%    2.24MB/s   00:00:02       21299200  86%    3.44MB/s   00:00:00       23035904  93%    2.86MB/s   00:00:00       24657317 100%    3.20MB/s   00:00:07 (xfer#1151, to-check=1343/1752)
synthetic_005692/posterior_std.pt
         232019 100%    5.38MB/s   00:00:00 (xfer#1152, to-check=1344/1752)
synthetic_005692/posterior_variance.pt
         232054 100%   13.31MB/s   00:00:00 (xfer#1153, to-check=1345/1752)
synthetic_005693/
synthetic_005693/composite_mean.pt
         232026 100%    1.61MB/s   00:00:00 (xfer#1154, to-check=1347/1752)
synthetic_005693/metadata.json
           1800 100%    5.71MB/s   00:00:00 (xfer#1155, to-check=1348/1752)
synthetic_005693/posterior_mean.pt
         232026 100%    7.28MB/s   00:00:00 (xfer#1156, to-check=1349/1752)
synthetic_005693/posterior_samples.pt
        1638400   7%    3.11MB/s   00:00:07        3473408  14%    3.31MB/s   00:00:06        5439488  22%    3.57MB/s   00:00:05        7667712  31%    4.20MB/s   00:00:03        9371648  38%    3.16MB/s   00:00:04       10944512  44%    2.76MB/s   00:00:04       12386304  50%    2.36MB/s   00:00:04       14090240  57%    3.21MB/s   00:00:03       15532032  63%    2.63MB/s   00:00:03       17891328  73%    4.45MB/s   00:00:01       20250624  82%    4.28MB/s   00:00:00       21561344  87%    2.45MB/s   00:00:01       23789568  96%    4.23MB/s   00:00:00       24657317 100%    3.35MB/s   00:00:07 (xfer#1157, to-check=1350/1752)
synthetic_005693/posterior_std.pt
         232019 100%   13.15MB/s   00:00:00 (xfer#1158, to-check=1351/1752)
synthetic_005693/posterior_variance.pt
         232054 100%    5.72MB/s   00:00:00 (xfer#1159, to-check=1352/1752)
synthetic_005694/
synthetic_005694/composite_mean.pt
         232026 100%    1.41MB/s   00:00:00 (xfer#1160, to-check=1354/1752)
synthetic_005694/metadata.json
           1800 100%    4.54MB/s   00:00:00 (xfer#1161, to-check=1355/1752)
synthetic_005694/posterior_mean.pt
         232026 100%   60.99MB/s   00:00:00 (xfer#1162, to-check=1356/1752)
synthetic_005694/posterior_samples.pt
        1441792   6%    2.36MB/s   00:00:09        3178496  13%    3.31MB/s   00:00:06        5931008  24%    4.42MB/s   00:00:04        7766016  31%    3.49MB/s   00:00:04        8945664  36%    2.20MB/s   00:00:06       10387456  42%    2.41MB/s   00:00:05       11698176  47%    2.25MB/s   00:00:05       13008896  53%    2.43MB/s   00:00:04       14319616  58%    1.56MB/s   00:00:06       14811136  60%  557.32KB/s   00:00:17       15564800  63%    1.31MB/s   00:00:06       17530880  71%    3.54MB/s   00:00:01       19496960  79%    3.42MB/s   00:00:01       20807680  84%    2.49MB/s   00:00:01       22642688  92%    3.14MB/s   00:00:00       24346624  99%    3.07MB/s   00:00:00       24657317 100%    2.53MB/s   00:00:09 (xfer#1163, to-check=1357/1752)
synthetic_005694/posterior_std.pt
         232019 100%   34.73MB/s   00:00:00 (xfer#1164, to-check=1358/1752)
synthetic_005694/posterior_variance.pt
         232054 100%    1.87MB/s   00:00:00 (xfer#1165, to-check=1359/1752)
synthetic_005695/
synthetic_005695/composite_mean.pt
         232026 100%    3.07MB/s   00:00:00 (xfer#1166, to-check=1361/1752)
synthetic_005695/metadata.json
           1800 100%    3.96MB/s   00:00:00 (xfer#1167, to-check=1362/1752)
synthetic_005695/posterior_mean.pt
         232026 100%   59.39MB/s   00:00:00 (xfer#1168, to-check=1363/1752)
synthetic_005695/posterior_samples.pt
        1245184   5%    2.23MB/s   00:00:10        2785280  11%    2.61MB/s   00:00:08        4358144  18%    2.95MB/s   00:00:06        6324224  26%    3.66MB/s   00:00:04        8028160  33%    3.12MB/s   00:00:05        9994240  41%    3.68MB/s   00:00:03       11960320  49%    3.42MB/s   00:00:03       13271040  54%    2.37MB/s   00:00:04       14581760  59%    1.94MB/s   00:00:04       16547840  67%    3.39MB/s   00:00:02       17465344  71%    1.62MB/s   00:00:04       19169280  78%    3.16MB/s   00:00:01       21790720  88%    4.80MB/s   00:00:00       24543232 100%    4.73MB/s   00:00:00       24657317 100%    3.11MB/s   00:00:07 (xfer#1169, to-check=1364/1752)
synthetic_005695/posterior_std.pt
         232019 100%  174.65MB/s   00:00:00 (xfer#1170, to-check=1365/1752)
synthetic_005695/posterior_variance.pt
         232054 100%    4.07MB/s   00:00:00 (xfer#1171, to-check=1366/1752)
synthetic_005696/
synthetic_005696/composite_mean.pt
         232026 100%   18.33MB/s   00:00:00 (xfer#1172, to-check=1368/1752)
synthetic_005696/metadata.json
           1800 100%   31.17MB/s   00:00:00 (xfer#1173, to-check=1369/1752)
synthetic_005696/posterior_mean.pt
         232026 100%    2.15MB/s   00:00:00 (xfer#1174, to-check=1370/1752)
synthetic_005696/posterior_samples.pt
        2457600  10%    4.39MB/s   00:00:04        4292608  17%    3.23MB/s   00:00:06        6914048  28%    4.81MB/s   00:00:03        9797632  40%    5.36MB/s   00:00:02       12681216  51%    5.42MB/s   00:00:02       16351232  66%    6.54MB/s   00:00:01       20283392  82%    7.14MB/s   00:00:00       24215552  98%    7.09MB/s   00:00:00       24657317 100%    5.53MB/s   00:00:04 (xfer#1175, to-check=1371/1752)
synthetic_005696/posterior_std.pt
         232019 100%   21.27MB/s   00:00:00 (xfer#1176, to-check=1372/1752)
synthetic_005696/posterior_variance.pt
         232054 100%    4.74MB/s   00:00:00 (xfer#1177, to-check=1373/1752)
synthetic_005697/
synthetic_005697/composite_mean.pt
         232026 100%   20.80MB/s   00:00:00 (xfer#1178, to-check=1375/1752)
synthetic_005697/metadata.json
           1798 100%   20.43MB/s   00:00:00 (xfer#1179, to-check=1376/1752)
synthetic_005697/posterior_mean.pt
         232026 100%  209.17MB/s   00:00:00 (xfer#1180, to-check=1377/1752)
synthetic_005697/posterior_samples.pt
        4063232  16%    7.68MB/s   00:00:02        8519680  35%    8.39MB/s   00:00:01       13762560  56%    9.96MB/s   00:00:01       18874368  77%    9.57MB/s   00:00:00       22380544  91%    5.98MB/s   00:00:00       24657317 100%    8.14MB/s   00:00:02 (xfer#1181, to-check=1378/1752)
synthetic_005697/posterior_std.pt
         232019 100%    6.34MB/s   00:00:00 (xfer#1182, to-check=1379/1752)
synthetic_005697/posterior_variance.pt
         232054 100%   43.65MB/s   00:00:00 (xfer#1183, to-check=1380/1752)
synthetic_005698/
synthetic_005698/composite_mean.pt
         232026 100%   14.80MB/s   00:00:00 (xfer#1184, to-check=1382/1752)
synthetic_005698/metadata.json
           1799 100%   15.89MB/s   00:00:00 (xfer#1185, to-check=1383/1752)
synthetic_005698/posterior_mean.pt
         232026 100%    1.08MB/s   00:00:00 (xfer#1186, to-check=1384/1752)
synthetic_005698/posterior_samples.pt
        5898240  24%   10.83MB/s   00:00:01        8060928  33%    3.86MB/s   00:00:04       10911744  44%    5.30MB/s   00:00:02       14843904  60%    7.26MB/s   00:00:01       18776064  76%    7.44MB/s   00:00:00       21856256  89%    4.71MB/s   00:00:00       24657317 100%    6.59MB/s   00:00:03 (xfer#1187, to-check=1385/1752)
synthetic_005698/posterior_std.pt
         232019 100%   91.62MB/s   00:00:00 (xfer#1188, to-check=1386/1752)
synthetic_005698/posterior_variance.pt
         232054 100%    6.69MB/s   00:00:00 (xfer#1189, to-check=1387/1752)
synthetic_005699/
synthetic_005699/composite_mean.pt
         232026 100%    5.49MB/s   00:00:00 (xfer#1190, to-check=1389/1752)
synthetic_005699/metadata.json
           1799 100%   14.93MB/s   00:00:00 (xfer#1191, to-check=1390/1752)
synthetic_005699/posterior_mean.pt
         232026 100%  115.61MB/s   00:00:00 (xfer#1192, to-check=1391/1752)
synthetic_005699/posterior_samples.pt
        1998848   8%    3.55MB/s   00:00:06        4980736  20%    5.47MB/s   00:00:03        8388608  34%    5.89MB/s   00:00:02       11796480  48%    6.44MB/s   00:00:01       15204352  62%    5.17MB/s   00:00:01       17498112  71%    4.03MB/s   00:00:01       20119552  82%    4.90MB/s   00:00:00       22872064  93%    5.22MB/s   00:00:00       24657317 100%    4.98MB/s   00:00:04 (xfer#1193, to-check=1392/1752)
synthetic_005699/posterior_std.pt
         232019 100%  116.45MB/s   00:00:00 (xfer#1194, to-check=1393/1752)
synthetic_005699/posterior_variance.pt
         232054 100%  179.78MB/s   00:00:00 (xfer#1195, to-check=1394/1752)
synthetic_005700/
synthetic_005700/composite_mean.pt
         232026 100%    3.15MB/s   00:00:00 (xfer#1196, to-check=1396/1752)
synthetic_005700/metadata.json
           1798 100%   10.20MB/s   00:00:00 (xfer#1197, to-check=1397/1752)
synthetic_005700/posterior_mean.pt
         232026 100%    7.13MB/s   00:00:00 (xfer#1198, to-check=1398/1752)
synthetic_005700/posterior_samples.pt
        2588672  10%    4.45MB/s   00:00:04        4128768  17%    2.67MB/s   00:00:07        6488064  26%    3.78MB/s   00:00:04        9109504  37%    4.85MB/s   00:00:03       11468800  47%    4.38MB/s   00:00:02       13565952  55%    3.84MB/s   00:00:02       15925248  65%    4.39MB/s   00:00:01       18219008  74%    3.81MB/s   00:00:01       20054016  81%    3.40MB/s   00:00:01       22020096  89%    3.74MB/s   00:00:00       24510464  99%    4.59MB/s   00:00:00       24657317 100%    3.97MB/s   00:00:05 (xfer#1199, to-check=1399/1752)
synthetic_005700/posterior_std.pt
         232019 100%   25.93MB/s   00:00:00 (xfer#1200, to-check=1400/1752)
synthetic_005700/posterior_variance.pt
         232054 100%    5.81MB/s   00:00:00 (xfer#1201, to-check=1401/1752)
synthetic_005701/
synthetic_005701/composite_mean.pt
         232026 100%    2.83MB/s   00:00:00 (xfer#1202, to-check=1403/1752)
synthetic_005701/metadata.json
           1799 100%   14.90MB/s   00:00:00 (xfer#1203, to-check=1404/1752)
synthetic_005701/posterior_mean.pt
         232026 100%   21.64MB/s   00:00:00 (xfer#1204, to-check=1405/1752)
synthetic_005701/posterior_samples.pt
        2031616   8%    3.47MB/s   00:00:06        5242880  21%    6.00MB/s   00:00:03        7733248  31%    4.58MB/s   00:00:03       10354688  42%    4.56MB/s   00:00:02       12058624  49%    3.17MB/s   00:00:03       14942208  61%    5.39MB/s   00:00:01       17563648  71%    4.76MB/s   00:00:01       19660800  80%    3.77MB/s   00:00:01       22806528  92%    5.74MB/s   00:00:00       24657317 100%    4.53MB/s   00:00:05 (xfer#1205, to-check=1406/1752)
synthetic_005701/posterior_std.pt
         232019 100%    6.69MB/s   00:00:00 (xfer#1206, to-check=1407/1752)
synthetic_005701/posterior_variance.pt
         232054 100%    2.76MB/s   00:00:00 (xfer#1207, to-check=1408/1752)
synthetic_005702/
synthetic_005702/composite_mean.pt
         232026 100%   79.51MB/s   00:00:00 (xfer#1208, to-check=1410/1752)
synthetic_005702/metadata.json
           1800 100%   16.36MB/s   00:00:00 (xfer#1209, to-check=1411/1752)
synthetic_005702/posterior_mean.pt
         232026 100%    3.71MB/s   00:00:00 (xfer#1210, to-check=1412/1752)
synthetic_005702/posterior_samples.pt
        3178496  13%    5.87MB/s   00:00:03        6586368  27%    6.23MB/s   00:00:02        9469952  38%    4.91MB/s   00:00:02       11337728  46%    3.48MB/s   00:00:03       13959168  57%    4.94MB/s   00:00:02       16580608  67%    4.68MB/s   00:00:01       18939904  77%    4.17MB/s   00:00:01       21561344  87%    4.88MB/s   00:00:00       23920640  97%    4.27MB/s   00:00:00       24657317 100%    4.82MB/s   00:00:04 (xfer#1211, to-check=1413/1752)
synthetic_005702/posterior_std.pt
         232019 100%    4.04MB/s   00:00:00 (xfer#1212, to-check=1414/1752)
synthetic_005702/posterior_variance.pt
         232054 100%    7.97MB/s   00:00:00 (xfer#1213, to-check=1415/1752)
synthetic_005703/
synthetic_005703/composite_mean.pt
         232026 100%    2.84MB/s   00:00:00 (xfer#1214, to-check=1417/1752)
synthetic_005703/metadata.json
           1799 100%    6.68MB/s   00:00:00 (xfer#1215, to-check=1418/1752)
synthetic_005703/posterior_mean.pt
         232026 100%    3.88MB/s   00:00:00 (xfer#1216, to-check=1419/1752)
synthetic_005703/posterior_samples.pt
        1900544   8%    3.54MB/s   00:00:06        3866624  16%    3.22MB/s   00:00:06        6619136  27%    4.81MB/s   00:00:03        9371648  38%    5.12MB/s   00:00:02       12648448  51%    5.65MB/s   00:00:02       15925248  65%    5.96MB/s   00:00:01       18677760  76%    4.94MB/s   00:00:01       21299200  86%    4.96MB/s   00:00:00       23527424  95%    4.02MB/s   00:00:00       24657317 100%    4.69MB/s   00:00:05 (xfer#1217, to-check=1420/1752)
synthetic_005703/posterior_std.pt
         232019 100%   76.35MB/s   00:00:00 (xfer#1218, to-check=1421/1752)
synthetic_005703/posterior_variance.pt
         232054 100%    2.72MB/s   00:00:00 (xfer#1219, to-check=1422/1752)
synthetic_005704/
synthetic_005704/composite_mean.pt
         232026 100%    3.52MB/s   00:00:00 (xfer#1220, to-check=1424/1752)
synthetic_005704/metadata.json
           1799 100%   14.05MB/s   00:00:00 (xfer#1221, to-check=1425/1752)
synthetic_005704/posterior_mean.pt
         232026 100%   21.11MB/s   00:00:00 (xfer#1222, to-check=1426/1752)
synthetic_005704/posterior_samples.pt
        2424832  10%    4.43MB/s   00:00:04        5046272  20%    4.60MB/s   00:00:04        7405568  30%    4.16MB/s   00:00:03       10420224  42%    5.73MB/s   00:00:02       13828096  56%    6.02MB/s   00:00:01       16580608  67%    4.23MB/s   00:00:01       19726336  80%    5.90MB/s   00:00:00       23003136  93%    5.70MB/s   00:00:00       24657317 100%    5.15MB/s   00:00:04 (xfer#1223, to-check=1427/1752)
synthetic_005704/posterior_std.pt
         232019 100%    8.43MB/s   00:00:00 (xfer#1224, to-check=1428/1752)
synthetic_005704/posterior_variance.pt
         232054 100%   64.33MB/s   00:00:00 (xfer#1225, to-check=1429/1752)
synthetic_005705/
synthetic_005705/composite_mean.pt
         232026 100%   10.38MB/s   00:00:00 (xfer#1226, to-check=1431/1752)
synthetic_005705/metadata.json
           1799 100%   17.01MB/s   00:00:00 (xfer#1227, to-check=1432/1752)
synthetic_005705/posterior_mean.pt
         232026 100%    5.18MB/s   00:00:00 (xfer#1228, to-check=1433/1752)
synthetic_005705/posterior_samples.pt
        3571712  14%    6.18MB/s   00:00:03        7503872  30%    6.95MB/s   00:00:02       10911744  44%    5.49MB/s   00:00:02       13795328  56%    5.04MB/s   00:00:02       18120704  73%    6.84MB/s   00:00:00       24543232 100%   12.12MB/s   00:00:00       24657317 100%    6.96MB/s   00:00:03 (xfer#1229, to-check=1434/1752)
synthetic_005705/posterior_std.pt
         232019 100%  115.97MB/s   00:00:00 (xfer#1230, to-check=1435/1752)
synthetic_005705/posterior_variance.pt
         232054 100%  265.36MB/s   00:00:00 (xfer#1231, to-check=1436/1752)
synthetic_005706/
synthetic_005706/composite_mean.pt
         232026 100%    2.63MB/s   00:00:00 (xfer#1232, to-check=1438/1752)
synthetic_005706/metadata.json
           1800 100%   11.69MB/s   00:00:00 (xfer#1233, to-check=1439/1752)
synthetic_005706/posterior_mean.pt
         232026 100%   34.82MB/s   00:00:00 (xfer#1234, to-check=1440/1752)
synthetic_005706/posterior_samples.pt
        4587520  19%    8.29MB/s   00:00:02        8781824  36%    7.61MB/s   00:00:01       10649600  43%    3.06MB/s   00:00:04       13729792  56%    5.74MB/s   00:00:01       17137664  70%    6.21MB/s   00:00:01       21069824  85%    6.42MB/s   00:00:00       24346624  99%    5.93MB/s   00:00:00       24657317 100%    6.14MB/s   00:00:03 (xfer#1235, to-check=1441/1752)
synthetic_005706/posterior_std.pt
         232019 100%    4.67MB/s   00:00:00 (xfer#1236, to-check=1442/1752)
synthetic_005706/posterior_variance.pt
         232054 100%    6.62MB/s   00:00:00 (xfer#1237, to-check=1443/1752)
synthetic_005707/
synthetic_005707/composite_mean.pt
         232026 100%  113.06MB/s   00:00:00 (xfer#1238, to-check=1445/1752)
synthetic_005707/metadata.json
           1799 100%   19.09MB/s   00:00:00 (xfer#1239, to-check=1446/1752)
synthetic_005707/posterior_mean.pt
         232026 100%    3.92MB/s   00:00:00 (xfer#1240, to-check=1447/1752)
synthetic_005707/posterior_samples.pt
        3080192  12%    5.59MB/s   00:00:03        6881280  28%    7.20MB/s   00:00:02       10158080  41%    5.89MB/s   00:00:02       13434880  54%    6.15MB/s   00:00:01       16973824  69%    6.41MB/s   00:00:01       20119552  82%    6.00MB/s   00:00:00       23003136  93%    4.43MB/s   00:00:00       24657317 100%    5.91MB/s   00:00:03 (xfer#1241, to-check=1448/1752)
synthetic_005707/posterior_std.pt
         232019 100%  100.71MB/s   00:00:00 (xfer#1242, to-check=1449/1752)
synthetic_005707/posterior_variance.pt
         232054 100%    4.82MB/s   00:00:00 (xfer#1243, to-check=1450/1752)
synthetic_005708/
synthetic_005708/composite_mean.pt
         232026 100%    2.00MB/s   00:00:00 (xfer#1244, to-check=1452/1752)
synthetic_005708/metadata.json
           1799 100%    4.51MB/s   00:00:00 (xfer#1245, to-check=1453/1752)
synthetic_005708/posterior_mean.pt
         232026 100%   29.03MB/s   00:00:00 (xfer#1246, to-check=1454/1752)
synthetic_005708/posterior_samples.pt
        3964928  16%    6.67MB/s   00:00:02        7503872  30%    6.47MB/s   00:00:02       10518528  43%    5.65MB/s   00:00:02       11993088  49%    2.44MB/s   00:00:04       13959168  57%    3.08MB/s   00:00:03       16711680  68%    5.19MB/s   00:00:01       19464192  79%    4.72MB/s   00:00:01       22872064  93%    5.22MB/s   00:00:00       24657317 100%    5.02MB/s   00:00:04 (xfer#1247, to-check=1455/1752)
synthetic_005708/posterior_std.pt
         232019 100%    5.73MB/s   00:00:00 (xfer#1248, to-check=1456/1752)
synthetic_005708/posterior_variance.pt
         232054 100%   40.30MB/s   00:00:00 (xfer#1249, to-check=1457/1752)
synthetic_005709/
synthetic_005709/composite_mean.pt
         232026 100%    5.92MB/s   00:00:00 (xfer#1250, to-check=1459/1752)
synthetic_005709/metadata.json
           1798 100%   19.98MB/s   00:00:00 (xfer#1251, to-check=1460/1752)
synthetic_005709/posterior_mean.pt
         232026 100%    6.35MB/s   00:00:00 (xfer#1252, to-check=1461/1752)
synthetic_005709/posterior_samples.pt
        3145728  13%    5.63MB/s   00:00:03        6815744  28%    6.41MB/s   00:00:02        9535488  39%    4.75MB/s   00:00:03       11370496  46%    3.46MB/s   00:00:03       13860864  56%    4.73MB/s   00:00:02       16482304  67%    4.69MB/s   00:00:01       18055168  73%    2.88MB/s   00:00:02       20414464  83%    4.50MB/s   00:00:00       22118400  90%    2.33MB/s   00:00:01       23822336  97%    2.93MB/s   00:00:00       24657317 100%    4.17MB/s   00:00:05 (xfer#1253, to-check=1462/1752)
synthetic_005709/posterior_std.pt
         232019 100%    3.37MB/s   00:00:00 (xfer#1254, to-check=1463/1752)
synthetic_005709/posterior_variance.pt
         232054 100%    3.61MB/s   00:00:00 (xfer#1255, to-check=1464/1752)
synthetic_005710/
synthetic_005710/composite_mean.pt
         232026 100%   64.36MB/s   00:00:00 (xfer#1256, to-check=1466/1752)
synthetic_005710/metadata.json
           1799 100%   16.97MB/s   00:00:00 (xfer#1257, to-check=1467/1752)
synthetic_005710/posterior_mean.pt
         232026 100%    3.24MB/s   00:00:00 (xfer#1258, to-check=1468/1752)
synthetic_005710/posterior_samples.pt
        1277952   5%    1.83MB/s   00:00:12        4227072  17%    5.50MB/s   00:00:03        5439488  22%    2.23MB/s   00:00:08        7667712  31%    3.87MB/s   00:00:04        9633792  39%    3.37MB/s   00:00:04       12255232  50%    4.90MB/s   00:00:02       15138816  61%    5.11MB/s   00:00:01       17891328  73%    4.54MB/s   00:00:01       18939904  77%  780.56KB/s   00:00:07       20119552  82%    1.97MB/s   00:00:02       21823488  89%    2.07MB/s   00:00:01       23396352  95%    2.92MB/s   00:00:00       24657317 100%    2.91MB/s   00:00:08 (xfer#1259, to-check=1469/1752)
synthetic_005710/posterior_std.pt
         232019 100%  113.47MB/s   00:00:00 (xfer#1260, to-check=1470/1752)
synthetic_005710/posterior_variance.pt
         232054 100%    5.81MB/s   00:00:00 (xfer#1261, to-check=1471/1752)
synthetic_005711/
synthetic_005711/composite_mean.pt
         232026 100%    2.05MB/s   00:00:00 (xfer#1262, to-check=1473/1752)
synthetic_005711/metadata.json
           1798 100%    7.15MB/s   00:00:00 (xfer#1263, to-check=1474/1752)
synthetic_005711/posterior_mean.pt
         232026 100%   86.20MB/s   00:00:00 (xfer#1264, to-check=1475/1752)
synthetic_005711/posterior_samples.pt
        2588672  10%    4.82MB/s   00:00:04        4554752  18%    3.37MB/s   00:00:05        6651904  27%    3.34MB/s   00:00:05        8617984  35%    3.62MB/s   00:00:04       11632640  47%    5.36MB/s   00:00:02       15171584  62%    6.61MB/s   00:00:01       18055168  73%    4.99MB/s   00:00:01       20807680  84%    4.83MB/s   00:00:00       23560192  96%    4.88MB/s   00:00:00       24657317 100%    4.43MB/s   00:00:05 (xfer#1265, to-check=1476/1752)
synthetic_005711/posterior_std.pt
         232019 100%  110.70MB/s   00:00:00 (xfer#1266, to-check=1477/1752)
synthetic_005711/posterior_variance.pt
         232054 100%   11.21MB/s   00:00:00 (xfer#1267, to-check=1478/1752)
synthetic_005712/
synthetic_005712/composite_mean.pt
         232026 100%   30.80MB/s   00:00:00 (xfer#1268, to-check=1480/1752)
synthetic_005712/metadata.json
           1797 100%   26.33MB/s   00:00:00 (xfer#1269, to-check=1481/1752)
synthetic_005712/posterior_mean.pt
         232026 100%    4.32MB/s   00:00:00 (xfer#1270, to-check=1482/1752)
synthetic_005712/posterior_samples.pt
        3833856  16%    7.15MB/s   00:00:02        7340032  30%    6.35MB/s   00:00:02       11010048  45%    6.82MB/s   00:00:01       14811136  60%    7.08MB/s   00:00:01       18612224  75%    6.94MB/s   00:00:00       22544384  91%    7.39MB/s   00:00:00       24657317 100%    6.84MB/s   00:00:03 (xfer#1271, to-check=1483/1752)
synthetic_005712/posterior_std.pt
         232019 100%   83.81MB/s   00:00:00 (xfer#1272, to-check=1484/1752)
synthetic_005712/posterior_variance.pt
         232054 100%  186.28MB/s   00:00:00 (xfer#1273, to-check=1485/1752)
synthetic_005713/
synthetic_005713/composite_mean.pt
         232026 100%    7.76MB/s   00:00:00 (xfer#1274, to-check=1487/1752)
synthetic_005713/metadata.json
           1797 100%   16.01MB/s   00:00:00 (xfer#1275, to-check=1488/1752)
synthetic_005713/posterior_mean.pt
         232026 100%   48.98MB/s   00:00:00 (xfer#1276, to-check=1489/1752)
synthetic_005713/posterior_samples.pt
        4128768  17%    7.78MB/s   00:00:02        8323072  34%    7.83MB/s   00:00:01       12386304  50%    7.72MB/s   00:00:01       17334272  70%    8.66MB/s   00:00:00       21528576  87%    7.75MB/s   00:00:00       24657317 100%    8.05MB/s   00:00:02 (xfer#1277, to-check=1490/1752)
synthetic_005713/posterior_std.pt
         232019 100%  107.68MB/s   00:00:00 (xfer#1278, to-check=1491/1752)
synthetic_005713/posterior_variance.pt
         232054 100%  186.43MB/s   00:00:00 (xfer#1279, to-check=1492/1752)
synthetic_005714/
synthetic_005714/composite_mean.pt
         232026 100%   10.98MB/s   00:00:00 (xfer#1280, to-check=1494/1752)
synthetic_005714/metadata.json
           1797 100%   15.87MB/s   00:00:00 (xfer#1281, to-check=1495/1752)
synthetic_005714/posterior_mean.pt
         232026 100%    7.56MB/s   00:00:00 (xfer#1282, to-check=1496/1752)
synthetic_005714/posterior_samples.pt
        5799936  24%   10.81MB/s   00:00:01       11632640  47%   10.91MB/s   00:00:01       15990784  65%    7.62MB/s   00:00:01       20185088  82%    7.89MB/s   00:00:00       24657317 100%    9.09MB/s   00:00:02 (xfer#1283, to-check=1497/1752)
synthetic_005714/posterior_std.pt
         232019 100%  104.62MB/s   00:00:00 (xfer#1284, to-check=1498/1752)
synthetic_005714/posterior_variance.pt
         232054 100%  141.86MB/s   00:00:00 (xfer#1285, to-check=1499/1752)
synthetic_005715/
synthetic_005715/composite_mean.pt
         232026 100%    9.80MB/s   00:00:00 (xfer#1286, to-check=1501/1752)
synthetic_005715/metadata.json
           1797 100%   16.49MB/s   00:00:00 (xfer#1287, to-check=1502/1752)
synthetic_005715/posterior_mean.pt
         232026 100%    8.34MB/s   00:00:00 (xfer#1288, to-check=1503/1752)
synthetic_005715/posterior_samples.pt
        4751360  19%    9.01MB/s   00:00:02        9469952  38%    8.49MB/s   00:00:01       15106048  61%   10.65MB/s   00:00:00       21004288  85%   10.71MB/s   00:00:00       24657317 100%    9.76MB/s   00:00:02 (xfer#1289, to-check=1504/1752)
synthetic_005715/posterior_std.pt
         232019 100%   24.60MB/s   00:00:00 (xfer#1290, to-check=1505/1752)
synthetic_005715/posterior_variance.pt
         232054 100%   66.48MB/s   00:00:00 (xfer#1291, to-check=1506/1752)
synthetic_005716/
synthetic_005716/composite_mean.pt
         232026 100%    7.59MB/s   00:00:00 (xfer#1292, to-check=1508/1752)
synthetic_005716/metadata.json
           1796 100%   11.72MB/s   00:00:00 (xfer#1293, to-check=1509/1752)
synthetic_005716/posterior_mean.pt
         232026 100%   21.03MB/s   00:00:00 (xfer#1294, to-check=1510/1752)
synthetic_005716/posterior_samples.pt
        4915200  20%    9.07MB/s   00:00:02       10027008  41%    9.73MB/s   00:00:01       13303808  54%    5.45MB/s   00:00:01       18415616  75%    9.33MB/s   00:00:00       21561344  87%    5.39MB/s   00:00:00       24657317 100%    7.59MB/s   00:00:03 (xfer#1295, to-check=1511/1752)
synthetic_005716/posterior_std.pt
         232019 100%   78.77MB/s   00:00:00 (xfer#1296, to-check=1512/1752)
synthetic_005716/posterior_variance.pt
         232054 100%  204.90MB/s   00:00:00 (xfer#1297, to-check=1513/1752)
synthetic_005717/
synthetic_005717/composite_mean.pt
         232026 100%  178.31MB/s   00:00:00 (xfer#1298, to-check=1515/1752)
synthetic_005717/metadata.json
           1795 100%   32.94MB/s   00:00:00 (xfer#1299, to-check=1516/1752)
synthetic_005717/posterior_mean.pt
         232026 100%    2.80MB/s   00:00:00 (xfer#1300, to-check=1517/1752)
synthetic_005717/posterior_samples.pt
        1605632   7%    3.00MB/s   00:00:07        3571712  14%    3.51MB/s   00:00:05        6848512  28%    6.24MB/s   00:00:02        9469952  38%    4.85MB/s   00:00:02       11829248  48%    4.42MB/s   00:00:02       15499264  63%    6.33MB/s   00:00:01       18513920  75%    5.36MB/s   00:00:01       22315008  91%    6.93MB/s   00:00:00       24657317 100%    5.17MB/s   00:00:04 (xfer#1301, to-check=1518/1752)
synthetic_005717/posterior_std.pt
         232019 100%  109.86MB/s   00:00:00 (xfer#1302, to-check=1519/1752)
synthetic_005717/posterior_variance.pt
         232054 100%   26.58MB/s   00:00:00 (xfer#1303, to-check=1520/1752)
synthetic_005718/
synthetic_005718/composite_mean.pt
         232026 100%    4.63MB/s   00:00:00 (xfer#1304, to-check=1522/1752)
synthetic_005718/metadata.json
           1796 100%   16.63MB/s   00:00:00 (xfer#1305, to-check=1523/1752)
synthetic_005718/posterior_mean.pt
         232026 100%   79.11MB/s   00:00:00 (xfer#1306, to-check=1524/1752)
synthetic_005718/posterior_samples.pt
        2621440  11%    3.43MB/s   00:00:06        5505024  22%    5.30MB/s   00:00:03        9043968  37%    6.67MB/s   00:00:02       12845056  52%    7.07MB/s   00:00:01       16252928  66%    6.50MB/s   00:00:01       17432576  71%    1.18MB/s   00:00:05       20578304  83%    5.33MB/s   00:00:00       23724032  96%    5.75MB/s   00:00:00       24657317 100%    4.70MB/s   00:00:05 (xfer#1307, to-check=1525/1752)
synthetic_005718/posterior_std.pt
         232019 100%  109.11MB/s   00:00:00 (xfer#1308, to-check=1526/1752)
synthetic_005718/posterior_variance.pt
         232054 100%   26.30MB/s   00:00:00 (xfer#1309, to-check=1527/1752)
synthetic_005719/
synthetic_005719/composite_mean.pt
         232026 100%  165.03MB/s   00:00:00 (xfer#1310, to-check=1529/1752)
synthetic_005719/metadata.json
           1796 100%   24.86MB/s   00:00:00 (xfer#1311, to-check=1530/1752)
synthetic_005719/posterior_mean.pt
         232026 100%    9.35MB/s   00:00:00 (xfer#1312, to-check=1531/1752)
synthetic_005719/posterior_samples.pt
        3768320  15%    7.10MB/s   00:00:02        7569408  31%    6.47MB/s   00:00:02       11239424  46%    6.81MB/s   00:00:01       14647296  59%    5.51MB/s   00:00:01       17432576  71%    5.31MB/s   00:00:01       20578304  83%    5.21MB/s   00:00:00       24657317 100%    6.22MB/s   00:00:03 (xfer#1313, to-check=1532/1752)
synthetic_005719/posterior_std.pt
         232019 100%  163.77MB/s   00:00:00 (xfer#1314, to-check=1533/1752)
synthetic_005719/posterior_variance.pt
         232054 100%  169.97MB/s   00:00:00 (xfer#1315, to-check=1534/1752)
synthetic_005720/
synthetic_005720/composite_mean.pt
         232026 100%    7.83MB/s   00:00:00 (xfer#1316, to-check=1536/1752)
synthetic_005720/metadata.json
           1796 100%   16.04MB/s   00:00:00 (xfer#1317, to-check=1537/1752)
synthetic_005720/posterior_mean.pt
         232026 100%   12.54MB/s   00:00:00 (xfer#1318, to-check=1538/1752)
synthetic_005720/posterior_samples.pt
        4653056  19%    8.54MB/s   00:00:02        8847360  36%    7.88MB/s   00:00:01       12517376  51%    6.44MB/s   00:00:01       16187392  66%    6.89MB/s   00:00:01       20381696  83%    7.09MB/s   00:00:00       24657317 100%    7.45MB/s   00:00:03 (xfer#1319, to-check=1539/1752)
synthetic_005720/posterior_std.pt
         232019 100%  114.48MB/s   00:00:00 (xfer#1320, to-check=1540/1752)
synthetic_005720/posterior_variance.pt
         232054 100%  182.61MB/s   00:00:00 (xfer#1321, to-check=1541/1752)
synthetic_005721/
synthetic_005721/composite_mean.pt
         232026 100%    4.26MB/s   00:00:00 (xfer#1322, to-check=1543/1752)
synthetic_005721/metadata.json
           1798 100%   13.52MB/s   00:00:00 (xfer#1323, to-check=1544/1752)
synthetic_005721/posterior_mean.pt
         232026 100%   17.13MB/s   00:00:00 (xfer#1324, to-check=1545/1752)
synthetic_005721/posterior_samples.pt
        2621440  11%    4.85MB/s   00:00:04        6029312  24%    6.23MB/s   00:00:02       10387456  42%    8.31MB/s   00:00:01       14548992  59%    7.19MB/s   00:00:01       19005440  77%    8.42MB/s   00:00:00       21463040  87%    4.56MB/s   00:00:00       23953408  97%    4.67MB/s   00:00:00       24657317 100%    6.17MB/s   00:00:03 (xfer#1325, to-check=1546/1752)
synthetic_005721/posterior_std.pt
         232019 100%    7.75MB/s   00:00:00 (xfer#1326, to-check=1547/1752)
synthetic_005721/posterior_variance.pt
         232054 100%    9.56MB/s   00:00:00 (xfer#1327, to-check=1548/1752)
synthetic_005722/
synthetic_005722/composite_mean.pt
         232026 100%    4.67MB/s   00:00:00 (xfer#1328, to-check=1550/1752)
synthetic_005722/metadata.json
           1799 100%   18.22MB/s   00:00:00 (xfer#1329, to-check=1551/1752)
synthetic_005722/posterior_mean.pt
         232026 100%   57.59MB/s   00:00:00 (xfer#1330, to-check=1552/1752)
synthetic_005722/posterior_samples.pt
        2523136  10%    4.55MB/s   00:00:04        5668864  23%    5.92MB/s   00:00:03        6782976  28%    1.82MB/s   00:00:09        7569408  31%    1.21MB/s   00:00:13        8486912  34%    1.52MB/s   00:00:10        9404416  38%    1.58MB/s   00:00:09       10321920  42%    1.74MB/s   00:00:07       11763712  48%    2.63MB/s   00:00:04       13074432  53%    2.50MB/s   00:00:04       14254080  58%    1.95MB/s   00:00:05       15958016  65%    2.94MB/s   00:00:02       17661952  72%    3.13MB/s   00:00:02       19234816  78%    2.83MB/s   00:00:01       21069824  85%    3.18MB/s   00:00:01       23035904  93%    3.44MB/s   00:00:00       24608768 100%    2.96MB/s   00:00:00       24657317 100%    2.70MB/s   00:00:08 (xfer#1331, to-check=1553/1752)
synthetic_005722/posterior_std.pt
         232019 100%    3.89MB/s   00:00:00 (xfer#1332, to-check=1554/1752)
synthetic_005722/posterior_variance.pt
         232054 100%    2.20MB/s   00:00:00 (xfer#1333, to-check=1555/1752)
synthetic_005723/
synthetic_005723/composite_mean.pt
         232026 100%    2.48MB/s   00:00:00 (xfer#1334, to-check=1557/1752)
synthetic_005723/metadata.json
           1797 100%    5.69MB/s   00:00:00 (xfer#1335, to-check=1558/1752)
synthetic_005723/posterior_mean.pt
         232026 100%    2.32MB/s   00:00:00 (xfer#1336, to-check=1559/1752)
synthetic_005723/posterior_samples.pt
        1507328   6%    2.61MB/s   00:00:08        3244032  13%    3.16MB/s   00:00:06        4816896  20%    2.88MB/s   00:00:06        6651904  27%    3.34MB/s   00:00:05        7798784  32%    2.09MB/s   00:00:07        8617984  35%    1.56MB/s   00:00:09        9404416  38%    1.33MB/s   00:00:10       10321920  42%    1.45MB/s   00:00:09       11501568  47%    2.01MB/s   00:00:06       12550144  51%    1.77MB/s   00:00:06       13598720  55%    1.98MB/s   00:00:05       13991936  57%  664.03KB/s   00:00:15       15171584  62%    1.95MB/s   00:00:04       15958016  65%    1.45MB/s   00:00:05       17137664  70%    2.12MB/s   00:00:03       18186240  74%    1.93MB/s   00:00:03       18972672  77%    1.42MB/s   00:00:03       20283392  82%    1.96MB/s   00:00:02       21069824  85%    1.29MB/s   00:00:02       22249472  90%    2.01MB/s   00:00:01       23166976  94%    1.10MB/s   00:00:01       24657317 100%    1.91MB/s   00:00:12 (xfer#1337, to-check=1560/1752)
synthetic_005723/posterior_std.pt
         232019 100%    5.59MB/s   00:00:00 (xfer#1338, to-check=1561/1752)
synthetic_005723/posterior_variance.pt
         232054 100%    2.48MB/s   00:00:00 (xfer#1339, to-check=1562/1752)
synthetic_005724/
synthetic_005724/composite_mean.pt
         232026 100%    2.29MB/s   00:00:00 (xfer#1340, to-check=1564/1752)
synthetic_005724/metadata.json
           1797 100%   15.29MB/s   00:00:00 (xfer#1341, to-check=1565/1752)
synthetic_005724/posterior_mean.pt
         232026 100%   72.93MB/s   00:00:00 (xfer#1342, to-check=1566/1752)
synthetic_005724/posterior_samples.pt
         983040   4%    1.68MB/s   00:00:13        2949120  12%    2.75MB/s   00:00:07        4128768  17%    2.13MB/s   00:00:09        5570560  23%    2.05MB/s   00:00:08        6619136  27%    1.80MB/s   00:00:09        7798784  32%    2.15MB/s   00:00:07        8716288  35%    1.15MB/s   00:00:13        9502720  39%    1.46MB/s   00:00:09       10944512  44%    1.57MB/s   00:00:08       11862016  48%    1.36MB/s   00:00:08       12386304  50%  812.90KB/s   00:00:14       13041664  53%  742.87KB/s   00:00:15       13434880  54%  698.71KB/s   00:00:15       14876672  60%    1.65MB/s   00:00:05       15663104  64%  776.16KB/s   00:00:11       17399808  71%    2.71MB/s   00:00:02       21725184  88%    8.00MB/s   00:00:00       24477696  99%    4.88MB/s   00:00:00       24657317 100%    1.96MB/s   00:00:11 (xfer#1343, to-check=1567/1752)
synthetic_005724/posterior_std.pt
         232019 100%   84.32MB/s   00:00:00 (xfer#1344, to-check=1568/1752)
synthetic_005724/posterior_variance.pt
         232054 100%  206.27MB/s   00:00:00 (xfer#1345, to-check=1569/1752)
synthetic_005725/
synthetic_005725/composite_mean.pt
         232026 100%   10.56MB/s   00:00:00 (xfer#1346, to-check=1571/1752)
synthetic_005725/metadata.json
           1798 100%   19.28MB/s   00:00:00 (xfer#1347, to-check=1572/1752)
synthetic_005725/posterior_mean.pt
         232026 100%  176.45MB/s   00:00:00 (xfer#1348, to-check=1573/1752)
synthetic_005725/posterior_samples.pt
        1966080   8%    3.68MB/s   00:00:05        3964928  16%    3.56MB/s   00:00:05        7241728  29%    5.80MB/s   00:00:02       10289152  42%    3.65MB/s   00:00:03       13303808  54%    5.23MB/s   00:00:02       17235968  70%    6.40MB/s   00:00:01       23265280  94%   11.20MB/s   00:00:00       24657317 100%    5.63MB/s   00:00:04 (xfer#1349, to-check=1574/1752)
synthetic_005725/posterior_std.pt
         232019 100%  123.41MB/s   00:00:00 (xfer#1350, to-check=1575/1752)
synthetic_005725/posterior_variance.pt
         232054 100%   10.88MB/s   00:00:00 (xfer#1351, to-check=1576/1752)
synthetic_005726/
synthetic_005726/composite_mean.pt
         232026 100%   13.64MB/s   00:00:00 (xfer#1352, to-check=1578/1752)
synthetic_005726/metadata.json
           1797 100%   18.20MB/s   00:00:00 (xfer#1353, to-check=1579/1752)
synthetic_005726/posterior_mean.pt
         232026 100%   20.74MB/s   00:00:00 (xfer#1354, to-check=1580/1752)
synthetic_005726/posterior_samples.pt
        4161536  17%    7.77MB/s   00:00:02        7700480  31%    6.30MB/s   00:00:02       13074432  53%   10.01MB/s   00:00:01       19234816  78%   11.37MB/s   00:00:00       24084480  98%    9.24MB/s   00:00:00       24657317 100%    8.90MB/s   00:00:02 (xfer#1355, to-check=1581/1752)
synthetic_005726/posterior_std.pt
         232019 100%   86.94MB/s   00:00:00 (xfer#1356, to-check=1582/1752)
synthetic_005726/posterior_variance.pt
         232054 100%    4.74MB/s   00:00:00 (xfer#1357, to-check=1583/1752)
synthetic_005727/
synthetic_005727/composite_mean.pt
         232026 100%   17.61MB/s   00:00:00 (xfer#1358, to-check=1585/1752)
synthetic_005727/metadata.json
           1797 100%   28.08MB/s   00:00:00 (xfer#1359, to-check=1586/1752)
synthetic_005727/posterior_mean.pt
         232026 100%  165.11MB/s   00:00:00 (xfer#1360, to-check=1587/1752)
synthetic_005727/posterior_samples.pt
        5668864  23%   10.76MB/s   00:00:01       11567104  47%   11.23MB/s   00:00:01       17072128  69%   10.31MB/s   00:00:00       22708224  92%   10.69MB/s   00:00:00       24657317 100%   10.61MB/s   00:00:02 (xfer#1361, to-check=1588/1752)
synthetic_005727/posterior_std.pt
         232019 100%   73.15MB/s   00:00:00 (xfer#1362, to-check=1589/1752)
synthetic_005727/posterior_variance.pt
         232054 100%    5.54MB/s   00:00:00 (xfer#1363, to-check=1590/1752)
synthetic_005728/
synthetic_005728/composite_mean.pt
         232026 100%   42.89MB/s   00:00:00 (xfer#1364, to-check=1592/1752)
synthetic_005728/metadata.json
           1797 100%   27.23MB/s   00:00:00 (xfer#1365, to-check=1593/1752)
synthetic_005728/posterior_mean.pt
         232026 100%    7.22MB/s   00:00:00 (xfer#1366, to-check=1594/1752)
synthetic_005728/posterior_samples.pt
        3407872  14%    5.20MB/s   00:00:03        6291456  26%    5.18MB/s   00:00:03        8880128  36%    4.66MB/s   00:00:03       12288000  50%    6.08MB/s   00:00:01       16482304  67%    7.54MB/s   00:00:01       19791872  80%    5.90MB/s   00:00:00       23855104  97%    7.04MB/s   00:00:00       24657317 100%    5.97MB/s   00:00:03 (xfer#1367, to-check=1595/1752)
synthetic_005728/posterior_std.pt
         232019 100%  143.22MB/s   00:00:00 (xfer#1368, to-check=1596/1752)
synthetic_005728/posterior_variance.pt
         232054 100%    7.32MB/s   00:00:00 (xfer#1369, to-check=1597/1752)
synthetic_005729/
synthetic_005729/composite_mean.pt
         232026 100%   73.39MB/s   00:00:00 (xfer#1370, to-check=1599/1752)
synthetic_005729/metadata.json
           1798 100%   19.28MB/s   00:00:00 (xfer#1371, to-check=1600/1752)
synthetic_005729/posterior_mean.pt
         232026 100%    4.88MB/s   00:00:00 (xfer#1372, to-check=1601/1752)
synthetic_005729/posterior_samples.pt
        3309568  13%    6.16MB/s   00:00:03        7634944  31%    8.10MB/s   00:00:02       10780672  44%    5.90MB/s   00:00:02       13172736  53%    4.53MB/s   00:00:02       16056320  65%    5.47MB/s   00:00:01       18808832  76%    4.50MB/s   00:00:01       21168128  86%    4.40MB/s   00:00:00       24444928  99%    6.15MB/s   00:00:00       24657317 100%    5.62MB/s   00:00:04 (xfer#1373, to-check=1602/1752)
synthetic_005729/posterior_std.pt
         232019 100%   19.20MB/s   00:00:00 (xfer#1374, to-check=1603/1752)
synthetic_005729/posterior_variance.pt
         232054 100%    4.52MB/s   00:00:00 (xfer#1375, to-check=1604/1752)
synthetic_005730/
synthetic_005730/composite_mean.pt
         232026 100%    9.22MB/s   00:00:00 (xfer#1376, to-check=1606/1752)
synthetic_005730/metadata.json
           1797 100%   17.16MB/s   00:00:00 (xfer#1377, to-check=1607/1752)
synthetic_005730/posterior_mean.pt
         232026 100%    3.97MB/s   00:00:00 (xfer#1378, to-check=1608/1752)
synthetic_005730/posterior_samples.pt
        2654208  11%    5.00MB/s   00:00:04        5799936  24%    5.97MB/s   00:00:03        8486912  34%    5.12MB/s   00:00:03       10911744  44%    4.05MB/s   00:00:03       14319616  58%    6.28MB/s   00:00:01       17203200  70%    5.42MB/s   00:00:01       20742144  84%    6.61MB/s   00:00:00       24150016  98%    6.49MB/s   00:00:00       24657317 100%    5.54MB/s   00:00:04 (xfer#1379, to-check=1609/1752)
synthetic_005730/posterior_std.pt
         232019 100%  113.58MB/s   00:00:00 (xfer#1380, to-check=1610/1752)
synthetic_005730/posterior_variance.pt
         232054 100%    9.08MB/s   00:00:00 (xfer#1381, to-check=1611/1752)
synthetic_005731/
synthetic_005731/composite_mean.pt
         232026 100%    5.79MB/s   00:00:00 (xfer#1382, to-check=1613/1752)
synthetic_005731/metadata.json
           1797 100%   15.46MB/s   00:00:00 (xfer#1383, to-check=1614/1752)
synthetic_005731/posterior_mean.pt
         232026 100%    8.10MB/s   00:00:00 (xfer#1384, to-check=1615/1752)
synthetic_005731/posterior_samples.pt
        2392064  10%    4.41MB/s   00:00:04        6586368  27%    7.93MB/s   00:00:02        9863168  40%    6.14MB/s   00:00:02       13402112  54%    6.70MB/s   00:00:01       15892480  64%    4.28MB/s   00:00:01       19431424  79%    6.67MB/s   00:00:00       22839296  93%    6.49MB/s   00:00:00       24657317 100%    5.89MB/s   00:00:03 (xfer#1385, to-check=1616/1752)
synthetic_005731/posterior_std.pt
         232019 100%   91.81MB/s   00:00:00 (xfer#1386, to-check=1617/1752)
synthetic_005731/posterior_variance.pt
         232054 100%   11.40MB/s   00:00:00 (xfer#1387, to-check=1618/1752)
synthetic_005732/
synthetic_005732/composite_mean.pt
         232026 100%    3.23MB/s   00:00:00 (xfer#1388, to-check=1620/1752)
synthetic_005732/metadata.json
           1797 100%   15.42MB/s   00:00:00 (xfer#1389, to-check=1621/1752)
synthetic_005732/posterior_mean.pt
         232026 100%   24.17MB/s   00:00:00 (xfer#1390, to-check=1622/1752)
synthetic_005732/posterior_samples.pt
        2883584  12%    5.38MB/s   00:00:03        4980736  20%    3.48MB/s   00:00:05        6946816  28%    3.37MB/s   00:00:05        9568256  39%    4.33MB/s   00:00:03       12058624  49%    4.56MB/s   00:00:02       14024704  57%    3.64MB/s   00:00:02       16646144  68%    4.77MB/s   00:00:01       19791872  80%    5.48MB/s   00:00:00       22511616  91%    4.90MB/s   00:00:00       24657317 100%    4.41MB/s   00:00:05 (xfer#1391, to-check=1623/1752)
synthetic_005732/posterior_std.pt
         232019 100%    8.12MB/s   00:00:00 (xfer#1392, to-check=1624/1752)
synthetic_005732/posterior_variance.pt
         232054 100%    3.30MB/s   00:00:00 (xfer#1393, to-check=1625/1752)
synthetic_005733/
synthetic_005733/composite_mean.pt
         232026 100%    4.03MB/s   00:00:00 (xfer#1394, to-check=1627/1752)
synthetic_005733/metadata.json
           1796 100%    4.99MB/s   00:00:00 (xfer#1395, to-check=1628/1752)
synthetic_005733/posterior_mean.pt
         232026 100%    6.10MB/s   00:00:00 (xfer#1396, to-check=1629/1752)
synthetic_005733/posterior_samples.pt
        1769472   7%    3.21MB/s   00:00:06        4358144  18%    4.91MB/s   00:00:03        6455296  26%    3.95MB/s   00:00:04        8945664  36%    4.60MB/s   00:00:03       11436032  46%    4.71MB/s   00:00:02       14057472  57%    4.79MB/s   00:00:02       16678912  68%    4.89MB/s   00:00:01       19693568  80%    5.68MB/s   00:00:00       22315008  91%    4.82MB/s   00:00:00       24657317 100%    4.39MB/s   00:00:00       24657317 100%    4.56MB/s   00:00:05 (xfer#1397, to-check=1630/1752)
synthetic_005733/posterior_std.pt
         232019 100%  117.45MB/s   00:00:00 (xfer#1398, to-check=1631/1752)
synthetic_005733/posterior_variance.pt
         232054 100%  188.85MB/s   00:00:00 (xfer#1399, to-check=1632/1752)
synthetic_005734/
synthetic_005734/composite_mean.pt
         232026 100%    2.53MB/s   00:00:00 (xfer#1400, to-check=1634/1752)
synthetic_005734/metadata.json
           1798 100%   14.41MB/s   00:00:00 (xfer#1401, to-check=1635/1752)
synthetic_005734/posterior_mean.pt
         232026 100%    5.62MB/s   00:00:00 (xfer#1402, to-check=1636/1752)
synthetic_005734/posterior_samples.pt
        2162688   9%    4.03MB/s   00:00:05        4653056  19%    4.44MB/s   00:00:04        7274496  30%    4.96MB/s   00:00:03        9764864  40%    4.51MB/s   00:00:03       11993088  49%    3.88MB/s   00:00:03       14352384  58%    4.37MB/s   00:00:02       17367040  70%    5.55MB/s   00:00:01       19595264  79%    4.17MB/s   00:00:01       21430272  87%    3.49MB/s   00:00:00       24576000 100%    5.77MB/s   00:00:00       24657317 100%    4.50MB/s   00:00:05 (xfer#1403, to-check=1637/1752)
synthetic_005734/posterior_std.pt
         232019 100%   95.83MB/s   00:00:00 (xfer#1404, to-check=1638/1752)
synthetic_005734/posterior_variance.pt
         232054 100%    2.03MB/s   00:00:00 (xfer#1405, to-check=1639/1752)
synthetic_005735/
synthetic_005735/composite_mean.pt
         232026 100%   15.19MB/s   00:00:00 (xfer#1406, to-check=1641/1752)
synthetic_005735/metadata.json
           1798 100%   14.68MB/s   00:00:00 (xfer#1407, to-check=1642/1752)
synthetic_005735/posterior_mean.pt
         232026 100%    4.20MB/s   00:00:00 (xfer#1408, to-check=1643/1752)
synthetic_005735/posterior_samples.pt
        3407872  14%    4.88MB/s   00:00:04        5636096  23%    3.90MB/s   00:00:04        9830400  40%    7.97MB/s   00:00:01       13893632  56%    7.28MB/s   00:00:01       17039360  69%    5.82MB/s   00:00:01       19824640  80%    4.78MB/s   00:00:00       22708224  92%    5.24MB/s   00:00:00       24657317 100%    5.68MB/s   00:00:04 (xfer#1409, to-check=1644/1752)
synthetic_005735/posterior_std.pt
         232019 100%   93.60MB/s   00:00:00 (xfer#1410, to-check=1645/1752)
synthetic_005735/posterior_variance.pt
         232054 100%   24.74MB/s   00:00:00 (xfer#1411, to-check=1646/1752)
synthetic_005736/
synthetic_005736/composite_mean.pt
         232026 100%    4.81MB/s   00:00:00 (xfer#1412, to-check=1648/1752)
synthetic_005736/metadata.json
           1798 100%   16.65MB/s   00:00:00 (xfer#1413, to-check=1649/1752)
synthetic_005736/posterior_mean.pt
         232026 100%   21.02MB/s   00:00:00 (xfer#1414, to-check=1650/1752)
synthetic_005736/posterior_samples.pt
        3014656  12%    5.47MB/s   00:00:03        5111808  21%    3.74MB/s   00:00:04        9928704  40%    8.33MB/s   00:00:01       13860864  56%    7.36MB/s   00:00:01       16777216  68%    4.94MB/s   00:00:01       18874368  77%    3.56MB/s   00:00:01       21200896  86%    4.06MB/s   00:00:00       23560192  96%    4.49MB/s   00:00:00       24657317 100%    5.17MB/s   00:00:04 (xfer#1415, to-check=1651/1752)
synthetic_005736/posterior_std.pt
         232019 100%   78.38MB/s   00:00:00 (xfer#1416, to-check=1652/1752)
synthetic_005736/posterior_variance.pt
         232054 100%    7.48MB/s   00:00:00 (xfer#1417, to-check=1653/1752)
synthetic_005737/
synthetic_005737/composite_mean.pt
         232026 100%    3.41MB/s   00:00:00 (xfer#1418, to-check=1655/1752)
synthetic_005737/metadata.json
           1797 100%   14.76MB/s   00:00:00 (xfer#1419, to-check=1656/1752)
synthetic_005737/posterior_mean.pt
         232026 100%   84.26MB/s   00:00:00 (xfer#1420, to-check=1657/1752)
synthetic_005737/posterior_samples.pt
        2457600  10%    4.44MB/s   00:00:04        5177344  21%    4.44MB/s   00:00:04        7798784  32%    4.98MB/s   00:00:03       10813440  44%    5.36MB/s   00:00:02       12910592  52%    3.11MB/s   00:00:03       14745600  60%    3.47MB/s   00:00:02       16154624  66%    2.48MB/s   00:00:03       18251776  74%    3.85MB/s   00:00:01       20873216  85%    4.85MB/s   00:00:00       23625728  96%    4.91MB/s   00:00:00       24657317 100%    4.11MB/s   00:00:05 (xfer#1421, to-check=1658/1752)
synthetic_005737/posterior_std.pt
         232019 100%   98.56MB/s   00:00:00 (xfer#1422, to-check=1659/1752)
synthetic_005737/posterior_variance.pt
         232054 100%    4.77MB/s   00:00:00 (xfer#1423, to-check=1660/1752)
synthetic_005738/
synthetic_005738/composite_mean.pt
         232026 100%    2.23MB/s   00:00:00 (xfer#1424, to-check=1662/1752)
synthetic_005738/metadata.json
           1797 100%   16.04MB/s   00:00:00 (xfer#1425, to-check=1663/1752)
synthetic_005738/posterior_mean.pt
         232026 100%   22.30MB/s   00:00:00 (xfer#1426, to-check=1664/1752)
synthetic_005738/posterior_samples.pt
        2392064  10%    3.91MB/s   00:00:05        4423680  18%    3.85MB/s   00:00:05        6782976  28%    4.01MB/s   00:00:04        8749056  35%    3.15MB/s   00:00:04       10715136  43%    3.71MB/s   00:00:03       13467648  55%    5.17MB/s   00:00:02       16351232  66%    5.39MB/s   00:00:01       19234816  78%    5.12MB/s   00:00:01       21987328  89%    5.07MB/s   00:00:00       24346624  99%    4.36MB/s   00:00:00       24657317 100%    4.35MB/s   00:00:05 (xfer#1427, to-check=1665/1752)
synthetic_005738/posterior_std.pt
         232019 100%    5.13MB/s   00:00:00 (xfer#1428, to-check=1666/1752)
synthetic_005738/posterior_variance.pt
         232054 100%    1.47MB/s   00:00:00 (xfer#1429, to-check=1667/1752)
synthetic_005739/
synthetic_005739/composite_mean.pt
         232026 100%   39.76MB/s   00:00:00 (xfer#1430, to-check=1669/1752)
synthetic_005739/metadata.json
           1797 100%    7.17MB/s   00:00:00 (xfer#1431, to-check=1670/1752)
synthetic_005739/posterior_mean.pt
         232026 100%    3.31MB/s   00:00:00 (xfer#1432, to-check=1671/1752)
synthetic_005739/posterior_samples.pt
        2949120  12%    5.11MB/s   00:00:04        5832704  24%    5.47MB/s   00:00:03        9109504  37%    5.79MB/s   00:00:02       12517376  51%    6.48MB/s   00:00:01       15794176  64%    5.95MB/s   00:00:01       19070976  77%    6.16MB/s   00:00:00       22740992  92%    6.41MB/s   00:00:00       24657317 100%    5.94MB/s   00:00:03 (xfer#1433, to-check=1672/1752)
synthetic_005739/posterior_std.pt
         232019 100%   80.23MB/s   00:00:00 (xfer#1434, to-check=1673/1752)
synthetic_005739/posterior_variance.pt
         232054 100%   14.86MB/s   00:00:00 (xfer#1435, to-check=1674/1752)
synthetic_005740/
synthetic_005740/composite_mean.pt
         232026 100%    5.52MB/s   00:00:00 (xfer#1436, to-check=1676/1752)
synthetic_005740/metadata.json
           1798 100%   13.62MB/s   00:00:00 (xfer#1437, to-check=1677/1752)
synthetic_005740/posterior_mean.pt
         232026 100%    5.79MB/s   00:00:00 (xfer#1438, to-check=1678/1752)
synthetic_005740/posterior_samples.pt
        3604480  15%    6.65MB/s   00:00:03        7143424  29%    6.75MB/s   00:00:02       10551296  43%    6.49MB/s   00:00:02       14221312  58%    6.99MB/s   00:00:01       17760256  72%    6.49MB/s   00:00:01       20250624  82%    4.68MB/s   00:00:00       23265280  94%    5.72MB/s   00:00:00       24657317 100%    6.18MB/s   00:00:03 (xfer#1439, to-check=1679/1752)
synthetic_005740/posterior_std.pt
         232019 100%    5.34MB/s   00:00:00 (xfer#1440, to-check=1680/1752)
synthetic_005740/posterior_variance.pt
         232054 100%   16.50MB/s   00:00:00 (xfer#1441, to-check=1681/1752)
synthetic_005741/
synthetic_005741/composite_mean.pt
         232026 100%   11.73MB/s   00:00:00 (xfer#1442, to-check=1683/1752)
synthetic_005741/metadata.json
           1798 100%   15.30MB/s   00:00:00 (xfer#1443, to-check=1684/1752)
synthetic_005741/posterior_mean.pt
         232026 100%    3.00MB/s   00:00:00 (xfer#1444, to-check=1685/1752)
synthetic_005741/posterior_samples.pt
        3866624  16%    6.79MB/s   00:00:02        8060928  33%    7.58MB/s   00:00:02       12124160  49%    7.64MB/s   00:00:01       18415616  75%   11.94MB/s   00:00:00       23920640  97%   10.49MB/s   00:00:00       24657317 100%    8.60MB/s   00:00:02 (xfer#1445, to-check=1686/1752)
synthetic_005741/posterior_std.pt
         232019 100%  113.01MB/s   00:00:00 (xfer#1446, to-check=1687/1752)
synthetic_005741/posterior_variance.pt
         232054 100%  178.33MB/s   00:00:00 (xfer#1447, to-check=1688/1752)
synthetic_005742/
synthetic_005742/composite_mean.pt
         232026 100%  157.60MB/s   00:00:00 (xfer#1448, to-check=1690/1752)
synthetic_005742/metadata.json
           1798 100%   26.74MB/s   00:00:00 (xfer#1449, to-check=1691/1752)
synthetic_005742/posterior_mean.pt
         232026 100%    6.40MB/s   00:00:00 (xfer#1450, to-check=1692/1752)
synthetic_005742/posterior_samples.pt
        6160384  25%   11.68MB/s   00:00:01       12320768  50%   11.61MB/s   00:00:01       18874368  77%   12.34MB/s   00:00:00       24657317 100%   11.75MB/s   00:00:02 (xfer#1451, to-check=1693/1752)
synthetic_005742/posterior_std.pt
         232019 100%  119.35MB/s   00:00:00 (xfer#1452, to-check=1694/1752)
synthetic_005742/posterior_variance.pt
         232054 100%  144.74MB/s   00:00:00 (xfer#1453, to-check=1695/1752)
synthetic_005743/
synthetic_005743/composite_mean.pt
         232026 100%  157.28MB/s   00:00:00 (xfer#1454, to-check=1697/1752)
synthetic_005743/metadata.json
           1798 100%   29.12MB/s   00:00:00 (xfer#1455, to-check=1698/1752)
synthetic_005743/posterior_mean.pt
         232026 100%  216.54MB/s   00:00:00 (xfer#1456, to-check=1699/1752)
synthetic_005743/posterior_samples.pt
        5472256  22%   10.25MB/s   00:00:01        8880128  36%    6.35MB/s   00:00:02       12812288  52%    7.45MB/s   00:00:01       16482304  67%    6.39MB/s   00:00:01       18055168  73%    2.98MB/s   00:00:02       21463040  87%    6.41MB/s   00:00:00       24215552  98%    5.25MB/s   00:00:00       24657317 100%    6.45MB/s   00:00:03 (xfer#1457, to-check=1700/1752)
synthetic_005743/posterior_std.pt
         232019 100%  110.25MB/s   00:00:00 (xfer#1458, to-check=1701/1752)
synthetic_005743/posterior_variance.pt
         232054 100%    5.28MB/s   00:00:00 (xfer#1459, to-check=1702/1752)
synthetic_005744/
synthetic_005744/composite_mean.pt
         232026 100%   15.60MB/s   00:00:00 (xfer#1460, to-check=1704/1752)
synthetic_005744/metadata.json
           1797 100%   19.02MB/s   00:00:00 (xfer#1461, to-check=1705/1752)
synthetic_005744/posterior_mean.pt
         232026 100%   11.05MB/s   00:00:00 (xfer#1462, to-check=1706/1752)
synthetic_005744/posterior_samples.pt
        4128768  17%    7.78MB/s   00:00:02        8978432  36%    8.93MB/s   00:00:01       15138816  61%   11.68MB/s   00:00:00       18546688  75%    6.48MB/s   00:00:00       22085632  90%    6.65MB/s   00:00:00       24657317 100%    8.21MB/s   00:00:02 (xfer#1463, to-check=1707/1752)
synthetic_005744/posterior_std.pt
         232019 100%   20.36MB/s   00:00:00 (xfer#1464, to-check=1708/1752)
synthetic_005744/posterior_variance.pt
         232054 100%   49.23MB/s   00:00:00 (xfer#1465, to-check=1709/1752)
synthetic_005745/
synthetic_005745/composite_mean.pt
         232026 100%   10.64MB/s   00:00:00 (xfer#1466, to-check=1711/1752)
synthetic_005745/metadata.json
           1798 100%   22.27MB/s   00:00:00 (xfer#1467, to-check=1712/1752)
synthetic_005745/posterior_mean.pt
         232026 100%    6.96MB/s   00:00:00 (xfer#1468, to-check=1713/1752)
synthetic_005745/posterior_samples.pt
        3702784  15%    6.79MB/s   00:00:02        7897088  32%    7.89MB/s   00:00:02       12582912  51%    8.73MB/s   00:00:01       18219008  74%   10.36MB/s   00:00:00       21659648  88%    6.56MB/s   00:00:00       24608768 100%    5.22MB/s   00:00:00       24657317 100%    7.50MB/s   00:00:03 (xfer#1469, to-check=1714/1752)
synthetic_005745/posterior_std.pt
         232019 100%  106.58MB/s   00:00:00 (xfer#1470, to-check=1715/1752)
synthetic_005745/posterior_variance.pt
         232054 100%   46.75MB/s   00:00:00 (xfer#1471, to-check=1716/1752)
synthetic_005746/
synthetic_005746/composite_mean.pt
         232026 100%    3.56MB/s   00:00:00 (xfer#1472, to-check=1718/1752)
synthetic_005746/metadata.json
           1798 100%   11.51MB/s   00:00:00 (xfer#1473, to-check=1719/1752)
synthetic_005746/posterior_mean.pt
         232026 100%   45.88MB/s   00:00:00 (xfer#1474, to-check=1720/1752)
synthetic_005746/posterior_samples.pt
        3145728  13%    5.80MB/s   00:00:03        7077888  29%    7.49MB/s   00:00:02       10878976  44%    7.20MB/s   00:00:01       14942208  61%    6.98MB/s   00:00:01       19136512  78%    7.36MB/s   00:00:00       23035904  93%    7.11MB/s   00:00:00       24657317 100%    7.05MB/s   00:00:03 (xfer#1475, to-check=1721/1752)
synthetic_005746/posterior_std.pt
         232019 100%   83.47MB/s   00:00:00 (xfer#1476, to-check=1722/1752)
synthetic_005746/posterior_variance.pt
         232054 100%    7.12MB/s   00:00:00 (xfer#1477, to-check=1723/1752)
synthetic_005747/
synthetic_005747/composite_mean.pt
         232026 100%    8.36MB/s   00:00:00 (xfer#1478, to-check=1725/1752)
synthetic_005747/metadata.json
           1797 100%   17.70MB/s   00:00:00 (xfer#1479, to-check=1726/1752)
synthetic_005747/posterior_mean.pt
         232026 100%    4.03MB/s   00:00:00 (xfer#1480, to-check=1727/1752)
synthetic_005747/posterior_samples.pt
        4063232  16%    7.73MB/s   00:00:02        9043968  37%    9.37MB/s   00:00:01       15335424  62%   11.96MB/s   00:00:00       20316160  82%    9.09MB/s   00:00:00       24657317 100%    9.29MB/s   00:00:02 (xfer#1481, to-check=1728/1752)
synthetic_005747/posterior_std.pt
         232019 100%   10.66MB/s   00:00:00 (xfer#1482, to-check=1729/1752)
synthetic_005747/posterior_variance.pt
         232054 100%   67.06MB/s   00:00:00 (xfer#1483, to-check=1730/1752)
synthetic_005748/
synthetic_005748/composite_mean.pt
         232026 100%    6.93MB/s   00:00:00 (xfer#1484, to-check=1732/1752)
synthetic_005748/metadata.json
           1796 100%   17.83MB/s   00:00:00 (xfer#1485, to-check=1733/1752)
synthetic_005748/posterior_mean.pt
         232026 100%   38.32MB/s   00:00:00 (xfer#1486, to-check=1734/1752)
synthetic_005748/posterior_samples.pt
        3735552  15%    7.11MB/s   00:00:02        7143424  29%    6.37MB/s   00:00:02       11206656  45%    7.26MB/s   00:00:01       15663104  64%    8.13MB/s   00:00:01       19857408  81%    7.56MB/s   00:00:00       23920640  97%    7.44MB/s   00:00:00       24657317 100%    7.21MB/s   00:00:03 (xfer#1487, to-check=1735/1752)
synthetic_005748/posterior_std.pt
         232019 100%   81.11MB/s   00:00:00 (xfer#1488, to-check=1736/1752)
synthetic_005748/posterior_variance.pt
         232054 100%   60.43MB/s   00:00:00 (xfer#1489, to-check=1737/1752)
synthetic_005749/
synthetic_005749/composite_mean.pt
         232026 100%    2.08MB/s   00:00:00 (xfer#1490, to-check=1739/1752)
synthetic_005749/metadata.json
           1798 100%    9.17MB/s   00:00:00 (xfer#1491, to-check=1740/1752)
synthetic_005749/posterior_mean.pt
         232026 100%   14.18MB/s   00:00:00 (xfer#1492, to-check=1741/1752)
synthetic_005749/posterior_samples.pt
        3178496  13%    6.01MB/s   00:00:03        7634944  31%    7.92MB/s   00:00:02       11534336  47%    7.44MB/s   00:00:01       15204352  62%    6.66MB/s   00:00:01       19398656  79%    7.68MB/s   00:00:00       22183936  90%    4.57MB/s   00:00:00       24657317 100%    6.55MB/s   00:00:03 (xfer#1493, to-check=1742/1752)
synthetic_005749/posterior_std.pt
         232019 100%   25.98MB/s   00:00:00 (xfer#1494, to-check=1743/1752)
synthetic_005749/posterior_variance.pt
         232054 100%    4.64MB/s   00:00:00 (xfer#1495, to-check=1744/1752)
synthetic_005750/
synthetic_005750/composite_mean.pt
         232026 100%    8.25MB/s   00:00:00 (xfer#1496, to-check=1746/1752)
synthetic_005750/metadata.json
           1797 100%   16.15MB/s   00:00:00 (xfer#1497, to-check=1747/1752)
synthetic_005750/posterior_mean.pt
         232026 100%    3.30MB/s   00:00:00 (xfer#1498, to-check=1748/1752)
synthetic_005750/posterior_samples.pt
        3178496  13%    5.93MB/s   00:00:03        6848512  28%    6.70MB/s   00:00:02       10125312  41%    5.78MB/s   00:00:02       13533184  55%    6.49MB/s   00:00:01       17203200  70%    6.06MB/s   00:00:01       20873216  85%    6.69MB/s   00:00:00       23887872  97%    5.62MB/s   00:00:00       24657317 100%    6.02MB/s   00:00:03 (xfer#1499, to-check=1749/1752)
synthetic_005750/posterior_std.pt
         232019 100%  107.11MB/s   00:00:00 (xfer#1500, to-check=1750/1752)
synthetic_005750/posterior_variance.pt
         232054 100%  181.82MB/s   00:00:00 (xfer#1501, to-check=1751/1752)

sent 6398M bytes  received 34548 bytes  5400k bytes/sec
total size is 6397M  speedup is 1.00
Transfer starting: 2 files
batch_0023_external_evaluation_manifest.csv
batch_0023_manifest.csv

sent 92568 bytes  received 64 bytes  224k bytes/sec
total size is 92299  speedup is 1.00
Transfer starting: 2 files
br_lora_batch_0023_mac_sha256.txt
br_lora_batch_0023_production_audit.json

sent 156k bytes  received 64 bytes  306k bytes/sec
total size is 156k  speedup is 1.00

===== FALCON TRANSFER VERIFICATION =====
Case directories : 250
Files checksummed: 1501
Mac/Falcon SHA256: IDENTICAL

==============================================================================
BR-LoRA FALCON BATCH ACCEPTANCE
==============================================================================

Batch                    : batch_0023
Batch directory          : /scratch/bhanug/br_lora_library/batches/batch_0023
Current master           : /scratch/bhanug/br_lora_library/manifests/br_lora_library_manifest.csv

===== TRANSFER CHECK =====
Files                    : 1501
Mac/Falcon SHA-256       : IDENTICAL

===== MAC PRODUCTION AUDIT =====
Status                   : PASS
Cases                    : 250
Posterior samples        : 100
Evaluation seed          : 42
Execution manifest hash  : MATCH

===== MASTER PRE-STATE =====
Rows                     : 5500
Library IDs              : synthetic_000001 to synthetic_005500
Current master SHA-256   : d50383d45adb44f9d47bfd13a5768930ec46e9608fac3fcd42eee598baca1f72

==============================================================================
BATCH ACCEPTANCE: PASS
==============================================================================

Accepted batch           : batch_0023
Accepted cases           : 250
Master rows before       : 5500
Master rows after        : 5750
Library IDs              : synthetic_000001 to synthetic_005750
Unique pair keys         : 5750
Unique donor slices      : 5750
Unique external bases    : 4706
Master SHA-256           : 8249c0e02c8ae252279c5b672c16f325c5015da8711752ff148f17a3f76642c2
Acceptance audit         : /scratch/bhanug/br_lora_library/audits/br_lora_batch_0023_acceptance.json
Pre-promotion snapshot   : /scratch/bhanug/br_lora_library/manifests/br_lora_library_manifest_05500_pre_batch_0023.csv

SAFE TO DELETE LOCAL MAC BATCH AFTER THIS PASS.

==============================================================================
BR-LoRA FROZEN LIBRARY PIPELINE
==============================================================================

Batch                    : batch_0023
Frozen design            : /Users/bhanugarg/Desktop/localized-medical-image-synthesis/downstream_evaluation/manifests/br_lora_library_design_10000/batches/batch_0023_manifest.csv
Local staging            : /Users/bhanugarg/archive/br_lora_library_staging/batch_0023
Falcon library           : /scratch/bhanug/br_lora_library
Falcon acceptance        : True
Cleanup                  : True

==============================================================================
STAGE 1 — LOCAL GENERATION + PRODUCTION AUDIT
==============================================================================

/opt/anaconda3/envs/brats-nnunet/bin/python /Users/bhanugarg/Desktop/localized-medical-image-synthesis/scripts/run_br_lora_library_batch.py --batch batch_0023


==============================================================================
STAGE 2 — PREPARE FALCON BATCH DESTINATION
==============================================================================

ssh falcon bash -s


==============================================================================
STAGE 2 — TRANSFER BATCH TO FALCON
==============================================================================

rsync -avh --partial --progress --inplace /Users/bhanugarg/archive/br_lora_library_staging/batch_0023/ falcon:/scratch/bhanug/br_lora_library/batches/batch_0023/


==============================================================================
STAGE 3 — TRANSFER MANIFESTS
==============================================================================

rsync -avh --partial /Users/bhanugarg/Desktop/localized-medical-image-synthesis/downstream_evaluation/manifests/br_lora_library_design_10000/batches/batch_0023_manifest.csv /Users/bhanugarg/Desktop/localized-medical-image-synthesis/downstream_evaluation/manifests/br_lora_library_design_10000/batches/batch_0023_external_evaluation_manifest.csv falcon:/scratch/bhanug/br_lora_library/manifests/


==============================================================================
STAGE 3 — TRANSFER AUDIT RECORDS
==============================================================================

rsync -avh --partial /Users/bhanugarg/archive/br_lora_library_staging/br_lora_batch_0023_production_audit.json /Users/bhanugarg/archive/br_lora_library_staging/br_lora_batch_0023_mac_sha256.txt falcon:/scratch/bhanug/br_lora_library/audits/


==============================================================================
STAGE 4 — FALCON SHA-256 VERIFICATION
==============================================================================

ssh falcon bash -s


==============================================================================
STAGE 5 — FALCON ACCEPTANCE
==============================================================================

ssh falcon bash -s


==============================================================================
LOCAL CLEANUP COMPLETE
==============================================================================

Deleted: /Users/bhanugarg/archive/br_lora_library_staging/batch_0023

==============================================================================
PIPELINE STAGE COMPLETE
==============================================================================

Batch                    : batch_0023
Local production         : PASS
Transfer                 : PASS
Mac/Falcon SHA-256       : IDENTICAL
Falcon acceptance        : PASS
Local cleanup            : COMPLETE
Next batch               : batch_0024

============================================================
COMPLETED: batch_0023
Finished: Sat Aug 15 21:18:32 EDT 2026
============================================================
